=== ep_54_24 : train_gpt_muonh_kmaxwell.py --warmup_end 100 --plateau_end 200 --fast_decay_end 1750 --peak_lr 0.030 --floor_lr 0.006 --fast_decay_exponent 0.6 --slow_decay_schedule linear --min_lr 0.0 --train_steps 3125 --seed 0 --k 8 --tau-min 3 --tau-max 64 --km-start 1000 --mu 0.95 --anneal-frac 1.0 --age 54 --age-end 24 ===
W0827 06:19:20.762000 8299 torch/distributed/run.py:852] 
W0827 06:19:20.762000 8299 torch/distributed/run.py:852] *****************************************
W0827 06:19:20.762000 8299 torch/distributed/run.py:852] Setting OMP_NUM_THREADS environment variable for each process to be 1 in default, to avoid your system being overloaded, please further tune the variable for optimal performance in your application as needed. 
W0827 06:19:20.762000 8299 torch/distributed/run.py:852] *****************************************
logs/muonh_fast_slow_decay_warm100_plateauEnd200_peak0.03_fastEnd1750_floor0.006_slowlinear_exp0.6_kmaxwell_k8_kmstart1000_steps3125_seed0.txt
step:0/3125 val_loss:10.98535 train_time:0.000s step_avg:nanms
step:1/3125 train_time:2.636s step_avg:2635.54ms
step:2/3125 train_time:2.786s step_avg:1392.75ms
step:3/3125 train_time:2.938s step_avg:979.22ms
step:4/3125 train_time:3.091s step_avg:772.84ms
step:5/3125 train_time:3.245s step_avg:649.04ms
step:6/3125 train_time:3.397s step_avg:566.20ms
step:7/3125 train_time:3.551s step_avg:507.34ms
step:8/3125 train_time:3.705s step_avg:463.16ms
step:9/3125 train_time:3.858s step_avg:428.67ms
step:10/3125 train_time:4.011s step_avg:401.08ms
step:11/3125 train_time:4.163s step_avg:378.47ms
step:12/3125 train_time:4.317s step_avg:359.72ms
step:13/3125 train_time:4.470s step_avg:343.86ms
step:14/3125 train_time:4.624s step_avg:330.26ms
step:15/3125 train_time:4.777s step_avg:318.47ms
step:16/3125 train_time:4.930s step_avg:308.14ms
step:17/3125 train_time:5.084s step_avg:299.04ms
step:18/3125 train_time:5.237s step_avg:290.92ms
step:19/3125 train_time:5.391s step_avg:283.71ms
step:20/3125 train_time:5.543s step_avg:277.13ms
step:21/3125 train_time:5.696s step_avg:271.25ms
step:22/3125 train_time:5.850s step_avg:265.93ms
step:23/3125 train_time:6.004s step_avg:261.05ms
step:24/3125 train_time:6.157s step_avg:256.56ms
step:25/3125 train_time:6.311s step_avg:252.45ms
step:26/3125 train_time:6.465s step_avg:248.65ms
step:27/3125 train_time:6.617s step_avg:245.09ms
step:28/3125 train_time:6.772s step_avg:241.86ms
step:29/3125 train_time:6.926s step_avg:238.84ms
step:30/3125 train_time:7.080s step_avg:236.00ms
step:31/3125 train_time:7.234s step_avg:233.35ms
step:32/3125 train_time:7.389s step_avg:230.90ms
step:33/3125 train_time:7.541s step_avg:228.53ms
step:34/3125 train_time:7.695s step_avg:226.34ms
step:35/3125 train_time:7.849s step_avg:224.26ms
step:36/3125 train_time:8.001s step_avg:222.26ms
step:37/3125 train_time:8.155s step_avg:220.42ms
step:38/3125 train_time:8.309s step_avg:218.67ms
step:39/3125 train_time:8.463s step_avg:217.00ms
step:40/3125 train_time:8.616s step_avg:215.41ms
step:41/3125 train_time:8.770s step_avg:213.90ms
step:42/3125 train_time:8.923s step_avg:212.46ms
step:43/3125 train_time:9.077s step_avg:211.10ms
step:44/3125 train_time:9.232s step_avg:209.82ms
step:45/3125 train_time:9.385s step_avg:208.56ms
step:46/3125 train_time:9.538s step_avg:207.35ms
step:47/3125 train_time:9.695s step_avg:206.27ms
step:48/3125 train_time:9.849s step_avg:205.18ms
step:49/3125 train_time:10.001s step_avg:204.11ms
step:50/3125 train_time:10.155s step_avg:203.10ms
step:51/3125 train_time:10.308s step_avg:202.12ms
step:52/3125 train_time:10.461s step_avg:201.17ms
step:53/3125 train_time:10.614s step_avg:200.27ms
step:54/3125 train_time:10.768s step_avg:199.41ms
step:55/3125 train_time:10.922s step_avg:198.58ms
step:56/3125 train_time:11.076s step_avg:197.78ms
step:57/3125 train_time:11.230s step_avg:197.03ms
step:58/3125 train_time:11.384s step_avg:196.28ms
step:59/3125 train_time:11.537s step_avg:195.55ms
step:60/3125 train_time:11.691s step_avg:194.85ms
step:61/3125 train_time:11.845s step_avg:194.19ms
step:62/3125 train_time:11.998s step_avg:193.52ms
step:63/3125 train_time:12.153s step_avg:192.91ms
step:64/3125 train_time:12.308s step_avg:192.31ms
step:65/3125 train_time:12.461s step_avg:191.70ms
step:66/3125 train_time:12.614s step_avg:191.12ms
step:67/3125 train_time:12.767s step_avg:190.55ms
step:68/3125 train_time:12.919s step_avg:189.99ms
step:69/3125 train_time:13.074s step_avg:189.49ms
step:70/3125 train_time:13.228s step_avg:188.97ms
step:71/3125 train_time:13.382s step_avg:188.47ms
step:72/3125 train_time:13.536s step_avg:188.00ms
step:73/3125 train_time:13.691s step_avg:187.55ms
step:74/3125 train_time:13.846s step_avg:187.11ms
step:75/3125 train_time:14.000s step_avg:186.67ms
step:76/3125 train_time:14.155s step_avg:186.25ms
step:77/3125 train_time:14.308s step_avg:185.82ms
step:78/3125 train_time:14.461s step_avg:185.40ms
step:79/3125 train_time:14.615s step_avg:185.00ms
step:80/3125 train_time:14.769s step_avg:184.61ms
step:81/3125 train_time:14.922s step_avg:184.22ms
step:82/3125 train_time:15.076s step_avg:183.86ms
step:83/3125 train_time:15.230s step_avg:183.49ms
step:84/3125 train_time:15.383s step_avg:183.13ms
step:85/3125 train_time:15.536s step_avg:182.78ms
step:86/3125 train_time:15.690s step_avg:182.44ms
step:87/3125 train_time:15.844s step_avg:182.12ms
step:88/3125 train_time:15.998s step_avg:181.79ms
step:89/3125 train_time:16.152s step_avg:181.48ms
step:90/3125 train_time:16.306s step_avg:181.17ms
step:91/3125 train_time:16.459s step_avg:180.87ms
step:92/3125 train_time:16.613s step_avg:180.58ms
step:93/3125 train_time:16.766s step_avg:180.28ms
step:94/3125 train_time:16.919s step_avg:179.99ms
step:95/3125 train_time:17.075s step_avg:179.73ms
step:96/3125 train_time:17.228s step_avg:179.46ms
step:97/3125 train_time:17.381s step_avg:179.19ms
step:98/3125 train_time:17.535s step_avg:178.93ms
step:99/3125 train_time:17.689s step_avg:178.68ms
step:100/3125 train_time:17.842s step_avg:178.42ms
step:101/3125 train_time:17.996s step_avg:178.18ms
step:102/3125 train_time:18.149s step_avg:177.93ms
step:103/3125 train_time:18.302s step_avg:177.69ms
step:104/3125 train_time:18.457s step_avg:177.47ms
step:105/3125 train_time:18.612s step_avg:177.26ms
step:106/3125 train_time:18.766s step_avg:177.03ms
step:107/3125 train_time:18.918s step_avg:176.81ms
step:108/3125 train_time:19.072s step_avg:176.59ms
step:109/3125 train_time:19.226s step_avg:176.39ms
step:110/3125 train_time:19.379s step_avg:176.18ms
step:111/3125 train_time:19.533s step_avg:175.97ms
step:112/3125 train_time:19.686s step_avg:175.77ms
step:113/3125 train_time:19.839s step_avg:175.56ms
step:114/3125 train_time:19.993s step_avg:175.37ms
step:115/3125 train_time:20.146s step_avg:175.18ms
step:116/3125 train_time:20.300s step_avg:175.00ms
step:117/3125 train_time:20.454s step_avg:174.82ms
step:118/3125 train_time:20.609s step_avg:174.65ms
step:119/3125 train_time:20.763s step_avg:174.48ms
step:120/3125 train_time:20.917s step_avg:174.31ms
step:121/3125 train_time:21.070s step_avg:174.14ms
step:122/3125 train_time:21.224s step_avg:173.97ms
step:123/3125 train_time:21.378s step_avg:173.80ms
step:124/3125 train_time:21.532s step_avg:173.65ms
step:125/3125 train_time:21.685s step_avg:173.48ms
step:125/3125 val_loss:4.87764 train_time:21.694s step_avg:173.55ms
step:126/3125 train_time:21.842s step_avg:173.35ms
step:127/3125 train_time:21.995s step_avg:173.19ms
step:128/3125 train_time:22.148s step_avg:173.03ms
step:129/3125 train_time:22.301s step_avg:172.88ms
step:130/3125 train_time:22.454s step_avg:172.73ms
step:131/3125 train_time:22.607s step_avg:172.58ms
step:132/3125 train_time:22.761s step_avg:172.43ms
step:133/3125 train_time:22.915s step_avg:172.30ms
step:134/3125 train_time:23.068s step_avg:172.15ms
step:135/3125 train_time:23.222s step_avg:172.01ms
step:136/3125 train_time:23.375s step_avg:171.88ms
step:137/3125 train_time:23.529s step_avg:171.74ms
step:138/3125 train_time:23.683s step_avg:171.62ms
step:139/3125 train_time:23.837s step_avg:171.49ms
step:140/3125 train_time:23.990s step_avg:171.36ms
step:141/3125 train_time:24.143s step_avg:171.23ms
step:142/3125 train_time:24.297s step_avg:171.10ms
step:143/3125 train_time:24.449s step_avg:170.97ms
step:144/3125 train_time:24.604s step_avg:170.86ms
step:145/3125 train_time:24.757s step_avg:170.74ms
step:146/3125 train_time:24.910s step_avg:170.62ms
step:147/3125 train_time:25.064s step_avg:170.50ms
step:148/3125 train_time:25.218s step_avg:170.39ms
step:149/3125 train_time:25.371s step_avg:170.27ms
step:150/3125 train_time:25.528s step_avg:170.19ms
step:151/3125 train_time:25.682s step_avg:170.08ms
step:152/3125 train_time:25.836s step_avg:169.97ms
step:153/3125 train_time:25.989s step_avg:169.86ms
step:154/3125 train_time:26.142s step_avg:169.75ms
step:155/3125 train_time:26.295s step_avg:169.64ms
step:156/3125 train_time:26.448s step_avg:169.54ms
step:157/3125 train_time:26.603s step_avg:169.44ms
step:158/3125 train_time:26.756s step_avg:169.34ms
step:159/3125 train_time:26.909s step_avg:169.24ms
step:160/3125 train_time:27.064s step_avg:169.15ms
step:161/3125 train_time:27.218s step_avg:169.05ms
step:162/3125 train_time:27.371s step_avg:168.95ms
step:163/3125 train_time:27.523s step_avg:168.85ms
step:164/3125 train_time:27.676s step_avg:168.76ms
step:165/3125 train_time:27.830s step_avg:168.67ms
step:166/3125 train_time:27.985s step_avg:168.58ms
step:167/3125 train_time:28.138s step_avg:168.49ms
step:168/3125 train_time:28.291s step_avg:168.40ms
step:169/3125 train_time:28.444s step_avg:168.31ms
step:170/3125 train_time:28.597s step_avg:168.22ms
step:171/3125 train_time:28.751s step_avg:168.14ms
step:172/3125 train_time:28.905s step_avg:168.05ms
step:173/3125 train_time:29.058s step_avg:167.96ms
step:174/3125 train_time:29.211s step_avg:167.88ms
step:175/3125 train_time:29.367s step_avg:167.81ms
step:176/3125 train_time:29.521s step_avg:167.74ms
step:177/3125 train_time:29.675s step_avg:167.66ms
step:178/3125 train_time:29.829s step_avg:167.58ms
step:179/3125 train_time:29.983s step_avg:167.50ms
step:180/3125 train_time:30.136s step_avg:167.42ms
step:181/3125 train_time:30.289s step_avg:167.34ms
step:182/3125 train_time:30.442s step_avg:167.26ms
step:183/3125 train_time:30.595s step_avg:167.19ms
step:184/3125 train_time:30.749s step_avg:167.12ms
step:185/3125 train_time:30.905s step_avg:167.05ms
step:186/3125 train_time:31.059s step_avg:166.98ms
step:187/3125 train_time:31.212s step_avg:166.91ms
step:188/3125 train_time:31.364s step_avg:166.83ms
step:189/3125 train_time:31.518s step_avg:166.76ms
step:190/3125 train_time:31.671s step_avg:166.69ms
step:191/3125 train_time:31.960s step_avg:167.33ms
step:192/3125 train_time:32.113s step_avg:167.25ms
step:193/3125 train_time:32.267s step_avg:167.19ms
step:194/3125 train_time:32.420s step_avg:167.11ms
step:195/3125 train_time:32.573s step_avg:167.04ms
step:196/3125 train_time:32.726s step_avg:166.97ms
step:197/3125 train_time:32.881s step_avg:166.91ms
step:198/3125 train_time:33.035s step_avg:166.84ms
step:199/3125 train_time:33.188s step_avg:166.78ms
step:200/3125 train_time:33.341s step_avg:166.71ms
step:201/3125 train_time:33.494s step_avg:166.64ms
step:202/3125 train_time:33.647s step_avg:166.57ms
step:203/3125 train_time:33.800s step_avg:166.50ms
step:204/3125 train_time:33.955s step_avg:166.45ms
step:205/3125 train_time:34.109s step_avg:166.39ms
step:206/3125 train_time:34.263s step_avg:166.32ms
step:207/3125 train_time:34.417s step_avg:166.26ms
step:208/3125 train_time:34.569s step_avg:166.20ms
step:209/3125 train_time:34.723s step_avg:166.14ms
step:210/3125 train_time:34.875s step_avg:166.07ms
step:211/3125 train_time:35.028s step_avg:166.01ms
step:212/3125 train_time:35.185s step_avg:165.97ms
step:213/3125 train_time:35.338s step_avg:165.91ms
step:214/3125 train_time:35.491s step_avg:165.84ms
step:215/3125 train_time:35.642s step_avg:165.78ms
step:216/3125 train_time:35.795s step_avg:165.72ms
step:217/3125 train_time:35.948s step_avg:165.66ms
step:218/3125 train_time:36.103s step_avg:165.61ms
step:219/3125 train_time:36.257s step_avg:165.56ms
step:220/3125 train_time:36.410s step_avg:165.50ms
step:221/3125 train_time:36.563s step_avg:165.44ms
step:222/3125 train_time:36.717s step_avg:165.39ms
step:223/3125 train_time:36.869s step_avg:165.33ms
step:224/3125 train_time:37.023s step_avg:165.28ms
step:225/3125 train_time:37.177s step_avg:165.23ms
step:226/3125 train_time:37.330s step_avg:165.18ms
step:227/3125 train_time:37.484s step_avg:165.13ms
step:228/3125 train_time:37.638s step_avg:165.08ms
step:229/3125 train_time:37.791s step_avg:165.02ms
step:230/3125 train_time:37.945s step_avg:164.98ms
step:231/3125 train_time:38.098s step_avg:164.93ms
step:232/3125 train_time:38.250s step_avg:164.87ms
step:233/3125 train_time:38.405s step_avg:164.83ms
step:234/3125 train_time:38.558s step_avg:164.78ms
step:235/3125 train_time:38.711s step_avg:164.73ms
step:236/3125 train_time:38.863s step_avg:164.67ms
step:237/3125 train_time:39.017s step_avg:164.63ms
step:238/3125 train_time:39.170s step_avg:164.58ms
step:239/3125 train_time:39.325s step_avg:164.54ms
step:240/3125 train_time:39.478s step_avg:164.49ms
step:241/3125 train_time:39.631s step_avg:164.44ms
step:242/3125 train_time:39.786s step_avg:164.41ms
step:243/3125 train_time:39.939s step_avg:164.36ms
step:244/3125 train_time:40.092s step_avg:164.31ms
step:245/3125 train_time:40.246s step_avg:164.27ms
step:246/3125 train_time:40.399s step_avg:164.22ms
step:247/3125 train_time:40.552s step_avg:164.18ms
step:248/3125 train_time:40.707s step_avg:164.14ms
step:249/3125 train_time:40.861s step_avg:164.10ms
step:250/3125 train_time:41.014s step_avg:164.06ms
step:250/3125 val_loss:4.22237 train_time:41.022s step_avg:154.63ms
step:251/3125 train_time:41.171s step_avg:164.03ms
step:252/3125 train_time:41.323s step_avg:163.98ms
step:253/3125 train_time:41.478s step_avg:163.94ms
step:254/3125 train_time:41.630s step_avg:163.90ms
step:255/3125 train_time:41.783s step_avg:163.85ms
step:256/3125 train_time:41.938s step_avg:163.82ms
step:257/3125 train_time:42.093s step_avg:163.79ms
step:258/3125 train_time:42.246s step_avg:163.74ms
step:259/3125 train_time:42.400s step_avg:163.71ms
step:260/3125 train_time:42.554s step_avg:163.67ms
step:261/3125 train_time:42.707s step_avg:163.63ms
step:262/3125 train_time:42.862s step_avg:163.59ms
step:263/3125 train_time:43.016s step_avg:163.56ms
step:264/3125 train_time:43.170s step_avg:163.52ms
step:265/3125 train_time:43.323s step_avg:163.48ms
step:266/3125 train_time:43.476s step_avg:163.44ms
step:267/3125 train_time:43.629s step_avg:163.40ms
step:268/3125 train_time:43.783s step_avg:163.37ms
step:269/3125 train_time:43.939s step_avg:163.34ms
step:270/3125 train_time:44.094s step_avg:163.31ms
step:271/3125 train_time:44.247s step_avg:163.27ms
step:272/3125 train_time:44.399s step_avg:163.23ms
step:273/3125 train_time:44.553s step_avg:163.20ms
step:274/3125 train_time:44.705s step_avg:163.16ms
step:275/3125 train_time:44.858s step_avg:163.12ms
step:276/3125 train_time:45.012s step_avg:163.09ms
step:277/3125 train_time:45.164s step_avg:163.05ms
step:278/3125 train_time:45.319s step_avg:163.02ms
step:279/3125 train_time:45.472s step_avg:162.98ms
step:280/3125 train_time:45.625s step_avg:162.95ms
step:281/3125 train_time:45.779s step_avg:162.91ms
step:282/3125 train_time:45.933s step_avg:162.88ms
step:283/3125 train_time:46.086s step_avg:162.85ms
step:284/3125 train_time:46.239s step_avg:162.81ms
step:285/3125 train_time:46.393s step_avg:162.78ms
step:286/3125 train_time:46.546s step_avg:162.75ms
step:287/3125 train_time:46.699s step_avg:162.71ms
step:288/3125 train_time:46.852s step_avg:162.68ms
step:289/3125 train_time:47.004s step_avg:162.64ms
step:290/3125 train_time:47.158s step_avg:162.61ms
step:291/3125 train_time:47.313s step_avg:162.59ms
step:292/3125 train_time:47.468s step_avg:162.56ms
step:293/3125 train_time:47.621s step_avg:162.53ms
step:294/3125 train_time:47.774s step_avg:162.50ms
step:295/3125 train_time:47.927s step_avg:162.46ms
step:296/3125 train_time:48.080s step_avg:162.43ms
step:297/3125 train_time:48.233s step_avg:162.40ms
step:298/3125 train_time:48.387s step_avg:162.37ms
step:299/3125 train_time:48.541s step_avg:162.34ms
step:300/3125 train_time:48.695s step_avg:162.32ms
step:301/3125 train_time:48.847s step_avg:162.28ms
step:302/3125 train_time:49.000s step_avg:162.25ms
step:303/3125 train_time:49.154s step_avg:162.22ms
step:304/3125 train_time:49.307s step_avg:162.19ms
step:305/3125 train_time:49.459s step_avg:162.16ms
step:306/3125 train_time:49.614s step_avg:162.14ms
step:307/3125 train_time:49.769s step_avg:162.11ms
step:308/3125 train_time:49.922s step_avg:162.08ms
step:309/3125 train_time:50.075s step_avg:162.06ms
step:310/3125 train_time:50.228s step_avg:162.03ms
step:311/3125 train_time:50.381s step_avg:162.00ms
step:312/3125 train_time:50.535s step_avg:161.97ms
step:313/3125 train_time:50.689s step_avg:161.95ms
step:314/3125 train_time:50.843s step_avg:161.92ms
step:315/3125 train_time:50.996s step_avg:161.89ms
step:316/3125 train_time:51.149s step_avg:161.87ms
step:317/3125 train_time:51.302s step_avg:161.84ms
step:318/3125 train_time:51.457s step_avg:161.81ms
step:319/3125 train_time:51.610s step_avg:161.79ms
step:320/3125 train_time:51.763s step_avg:161.76ms
step:321/3125 train_time:51.917s step_avg:161.74ms
step:322/3125 train_time:52.071s step_avg:161.71ms
step:323/3125 train_time:52.223s step_avg:161.68ms
step:324/3125 train_time:52.377s step_avg:161.66ms
step:325/3125 train_time:52.531s step_avg:161.63ms
step:326/3125 train_time:52.683s step_avg:161.61ms
step:327/3125 train_time:52.838s step_avg:161.58ms
step:328/3125 train_time:52.991s step_avg:161.56ms
step:329/3125 train_time:53.144s step_avg:161.53ms
step:330/3125 train_time:53.298s step_avg:161.51ms
step:331/3125 train_time:53.452s step_avg:161.49ms
step:332/3125 train_time:53.605s step_avg:161.46ms
step:333/3125 train_time:53.759s step_avg:161.44ms
step:334/3125 train_time:53.912s step_avg:161.41ms
step:335/3125 train_time:54.065s step_avg:161.39ms
step:336/3125 train_time:54.219s step_avg:161.37ms
step:337/3125 train_time:54.372s step_avg:161.34ms
step:338/3125 train_time:54.525s step_avg:161.32ms
step:339/3125 train_time:54.678s step_avg:161.29ms
step:340/3125 train_time:54.831s step_avg:161.27ms
step:341/3125 train_time:54.983s step_avg:161.24ms
step:342/3125 train_time:55.137s step_avg:161.22ms
step:343/3125 train_time:55.291s step_avg:161.20ms
step:344/3125 train_time:55.444s step_avg:161.18ms
step:345/3125 train_time:55.597s step_avg:161.15ms
step:346/3125 train_time:55.751s step_avg:161.13ms
step:347/3125 train_time:55.904s step_avg:161.11ms
step:348/3125 train_time:56.057s step_avg:161.08ms
step:349/3125 train_time:56.211s step_avg:161.06ms
step:350/3125 train_time:56.364s step_avg:161.04ms
step:351/3125 train_time:56.518s step_avg:161.02ms
step:352/3125 train_time:56.671s step_avg:161.00ms
step:353/3125 train_time:56.824s step_avg:160.97ms
step:354/3125 train_time:56.977s step_avg:160.95ms
step:355/3125 train_time:57.130s step_avg:160.93ms
step:356/3125 train_time:57.283s step_avg:160.91ms
step:357/3125 train_time:57.437s step_avg:160.89ms
step:358/3125 train_time:57.591s step_avg:160.87ms
step:359/3125 train_time:57.744s step_avg:160.85ms
step:360/3125 train_time:57.898s step_avg:160.83ms
step:361/3125 train_time:58.052s step_avg:160.81ms
step:362/3125 train_time:58.204s step_avg:160.78ms
step:363/3125 train_time:58.358s step_avg:160.76ms
step:364/3125 train_time:58.510s step_avg:160.74ms
step:365/3125 train_time:58.663s step_avg:160.72ms
step:366/3125 train_time:58.817s step_avg:160.70ms
step:367/3125 train_time:58.973s step_avg:160.69ms
step:368/3125 train_time:59.126s step_avg:160.67ms
step:369/3125 train_time:59.281s step_avg:160.65ms
step:370/3125 train_time:59.434s step_avg:160.63ms
step:371/3125 train_time:59.588s step_avg:160.61ms
step:372/3125 train_time:59.741s step_avg:160.59ms
step:373/3125 train_time:59.896s step_avg:160.58ms
step:374/3125 train_time:60.049s step_avg:160.56ms
step:375/3125 train_time:60.202s step_avg:160.54ms
step:375/3125 val_loss:4.03560 train_time:60.210s step_avg:153.50ms
step:376/3125 train_time:60.358s step_avg:160.53ms
step:377/3125 train_time:60.511s step_avg:160.51ms
step:378/3125 train_time:60.663s step_avg:160.48ms
step:379/3125 train_time:60.816s step_avg:160.47ms
step:380/3125 train_time:60.969s step_avg:160.45ms
step:381/3125 train_time:61.165s step_avg:160.54ms
step:382/3125 train_time:61.319s step_avg:160.52ms
step:383/3125 train_time:61.472s step_avg:160.50ms
step:384/3125 train_time:61.625s step_avg:160.48ms
step:385/3125 train_time:61.779s step_avg:160.46ms
step:386/3125 train_time:61.932s step_avg:160.45ms
step:387/3125 train_time:62.086s step_avg:160.43ms
step:388/3125 train_time:62.240s step_avg:160.41ms
step:389/3125 train_time:62.393s step_avg:160.39ms
step:390/3125 train_time:62.547s step_avg:160.38ms
step:391/3125 train_time:62.701s step_avg:160.36ms
step:392/3125 train_time:62.855s step_avg:160.34ms
step:393/3125 train_time:63.007s step_avg:160.32ms
step:394/3125 train_time:63.161s step_avg:160.31ms
step:395/3125 train_time:63.314s step_avg:160.29ms
step:396/3125 train_time:63.467s step_avg:160.27ms
step:397/3125 train_time:63.621s step_avg:160.25ms
step:398/3125 train_time:63.776s step_avg:160.24ms
step:399/3125 train_time:63.929s step_avg:160.22ms
step:400/3125 train_time:64.082s step_avg:160.21ms
step:401/3125 train_time:64.236s step_avg:160.19ms
step:402/3125 train_time:64.389s step_avg:160.17ms
step:403/3125 train_time:64.543s step_avg:160.16ms
step:404/3125 train_time:64.697s step_avg:160.14ms
step:405/3125 train_time:64.849s step_avg:160.12ms
step:406/3125 train_time:65.003s step_avg:160.11ms
step:407/3125 train_time:65.156s step_avg:160.09ms
step:408/3125 train_time:65.309s step_avg:160.07ms
step:409/3125 train_time:65.463s step_avg:160.06ms
step:410/3125 train_time:65.619s step_avg:160.05ms
step:411/3125 train_time:65.772s step_avg:160.03ms
step:412/3125 train_time:65.926s step_avg:160.01ms
step:413/3125 train_time:66.080s step_avg:160.00ms
step:414/3125 train_time:66.233s step_avg:159.98ms
step:415/3125 train_time:66.386s step_avg:159.97ms
step:416/3125 train_time:66.540s step_avg:159.95ms
step:417/3125 train_time:66.693s step_avg:159.93ms
step:418/3125 train_time:66.846s step_avg:159.92ms
step:419/3125 train_time:67.000s step_avg:159.91ms
step:420/3125 train_time:67.154s step_avg:159.89ms
step:421/3125 train_time:67.307s step_avg:159.87ms
step:422/3125 train_time:67.461s step_avg:159.86ms
step:423/3125 train_time:67.614s step_avg:159.84ms
step:424/3125 train_time:67.767s step_avg:159.83ms
step:425/3125 train_time:67.921s step_avg:159.82ms
step:426/3125 train_time:68.076s step_avg:159.80ms
step:427/3125 train_time:68.228s step_avg:159.79ms
step:428/3125 train_time:68.384s step_avg:159.78ms
step:429/3125 train_time:68.538s step_avg:159.76ms
step:430/3125 train_time:68.691s step_avg:159.75ms
step:431/3125 train_time:68.845s step_avg:159.73ms
step:432/3125 train_time:68.998s step_avg:159.72ms
step:433/3125 train_time:69.151s step_avg:159.70ms
step:434/3125 train_time:69.305s step_avg:159.69ms
step:435/3125 train_time:69.459s step_avg:159.68ms
step:436/3125 train_time:69.613s step_avg:159.66ms
step:437/3125 train_time:69.766s step_avg:159.65ms
step:438/3125 train_time:69.922s step_avg:159.64ms
step:439/3125 train_time:70.076s step_avg:159.63ms
step:440/3125 train_time:70.230s step_avg:159.61ms
step:441/3125 train_time:70.383s step_avg:159.60ms
step:442/3125 train_time:70.536s step_avg:159.58ms
step:443/3125 train_time:70.689s step_avg:159.57ms
step:444/3125 train_time:70.843s step_avg:159.56ms
step:445/3125 train_time:70.997s step_avg:159.54ms
step:446/3125 train_time:71.150s step_avg:159.53ms
step:447/3125 train_time:71.304s step_avg:159.52ms
step:448/3125 train_time:71.457s step_avg:159.50ms
step:449/3125 train_time:71.610s step_avg:159.49ms
step:450/3125 train_time:71.764s step_avg:159.48ms
step:451/3125 train_time:71.917s step_avg:159.46ms
step:452/3125 train_time:72.070s step_avg:159.45ms
step:453/3125 train_time:72.224s step_avg:159.43ms
step:454/3125 train_time:72.379s step_avg:159.42ms
step:455/3125 train_time:72.531s step_avg:159.41ms
step:456/3125 train_time:72.685s step_avg:159.40ms
step:457/3125 train_time:72.839s step_avg:159.38ms
step:458/3125 train_time:72.992s step_avg:159.37ms
step:459/3125 train_time:73.146s step_avg:159.36ms
step:460/3125 train_time:73.300s step_avg:159.35ms
step:461/3125 train_time:73.453s step_avg:159.33ms
step:462/3125 train_time:73.606s step_avg:159.32ms
step:463/3125 train_time:73.761s step_avg:159.31ms
step:464/3125 train_time:73.914s step_avg:159.30ms
step:465/3125 train_time:74.067s step_avg:159.28ms
step:466/3125 train_time:74.221s step_avg:159.27ms
step:467/3125 train_time:74.375s step_avg:159.26ms
step:468/3125 train_time:74.529s step_avg:159.25ms
step:469/3125 train_time:74.684s step_avg:159.24ms
step:470/3125 train_time:74.837s step_avg:159.23ms
step:471/3125 train_time:74.990s step_avg:159.22ms
step:472/3125 train_time:75.144s step_avg:159.20ms
step:473/3125 train_time:75.298s step_avg:159.19ms
step:474/3125 train_time:75.450s step_avg:159.18ms
step:475/3125 train_time:75.603s step_avg:159.16ms
step:476/3125 train_time:75.757s step_avg:159.15ms
step:477/3125 train_time:75.909s step_avg:159.14ms
step:478/3125 train_time:76.063s step_avg:159.13ms
step:479/3125 train_time:76.217s step_avg:159.12ms
step:480/3125 train_time:76.371s step_avg:159.11ms
step:481/3125 train_time:76.525s step_avg:159.09ms
step:482/3125 train_time:76.678s step_avg:159.08ms
step:483/3125 train_time:76.831s step_avg:159.07ms
step:484/3125 train_time:76.986s step_avg:159.06ms
step:485/3125 train_time:77.140s step_avg:159.05ms
step:486/3125 train_time:77.294s step_avg:159.04ms
step:487/3125 train_time:77.447s step_avg:159.03ms
step:488/3125 train_time:77.600s step_avg:159.02ms
step:489/3125 train_time:77.754s step_avg:159.01ms
step:490/3125 train_time:77.907s step_avg:158.99ms
step:491/3125 train_time:78.062s step_avg:158.99ms
step:492/3125 train_time:78.215s step_avg:158.97ms
step:493/3125 train_time:78.369s step_avg:158.96ms
step:494/3125 train_time:78.524s step_avg:158.96ms
step:495/3125 train_time:78.678s step_avg:158.94ms
step:496/3125 train_time:78.830s step_avg:158.93ms
step:497/3125 train_time:78.985s step_avg:158.92ms
step:498/3125 train_time:79.138s step_avg:158.91ms
step:499/3125 train_time:79.291s step_avg:158.90ms
step:500/3125 train_time:79.445s step_avg:158.89ms
step:500/3125 val_loss:3.92129 train_time:79.454s step_avg:153.95ms
step:501/3125 train_time:79.601s step_avg:158.89ms
step:502/3125 train_time:79.754s step_avg:158.87ms
step:503/3125 train_time:79.907s step_avg:158.86ms
step:504/3125 train_time:80.060s step_avg:158.85ms
step:505/3125 train_time:80.213s step_avg:158.84ms
step:506/3125 train_time:80.367s step_avg:158.83ms
step:507/3125 train_time:80.522s step_avg:158.82ms
step:508/3125 train_time:80.675s step_avg:158.81ms
step:509/3125 train_time:80.829s step_avg:158.80ms
step:510/3125 train_time:80.982s step_avg:158.79ms
step:511/3125 train_time:81.136s step_avg:158.78ms
step:512/3125 train_time:81.289s step_avg:158.77ms
step:513/3125 train_time:81.443s step_avg:158.76ms
step:514/3125 train_time:81.596s step_avg:158.75ms
step:515/3125 train_time:81.751s step_avg:158.74ms
step:516/3125 train_time:81.904s step_avg:158.73ms
step:517/3125 train_time:82.060s step_avg:158.72ms
step:518/3125 train_time:82.213s step_avg:158.71ms
step:519/3125 train_time:82.367s step_avg:158.70ms
step:520/3125 train_time:82.521s step_avg:158.69ms
step:521/3125 train_time:82.675s step_avg:158.68ms
step:522/3125 train_time:82.828s step_avg:158.68ms
step:523/3125 train_time:82.982s step_avg:158.66ms
step:524/3125 train_time:83.134s step_avg:158.65ms
step:525/3125 train_time:83.288s step_avg:158.64ms
step:526/3125 train_time:83.442s step_avg:158.63ms
step:527/3125 train_time:83.595s step_avg:158.62ms
step:528/3125 train_time:83.748s step_avg:158.61ms
step:529/3125 train_time:83.902s step_avg:158.61ms
step:530/3125 train_time:84.055s step_avg:158.59ms
step:531/3125 train_time:84.210s step_avg:158.59ms
step:532/3125 train_time:84.363s step_avg:158.58ms
step:533/3125 train_time:84.516s step_avg:158.57ms
step:534/3125 train_time:84.669s step_avg:158.56ms
step:535/3125 train_time:84.822s step_avg:158.55ms
step:536/3125 train_time:84.976s step_avg:158.54ms
step:537/3125 train_time:85.129s step_avg:158.53ms
step:538/3125 train_time:85.282s step_avg:158.52ms
step:539/3125 train_time:85.435s step_avg:158.51ms
step:540/3125 train_time:85.589s step_avg:158.50ms
step:541/3125 train_time:85.743s step_avg:158.49ms
step:542/3125 train_time:85.897s step_avg:158.48ms
step:543/3125 train_time:86.050s step_avg:158.47ms
step:544/3125 train_time:86.204s step_avg:158.46ms
step:545/3125 train_time:86.357s step_avg:158.45ms
step:546/3125 train_time:86.511s step_avg:158.44ms
step:547/3125 train_time:86.664s step_avg:158.44ms
step:548/3125 train_time:86.819s step_avg:158.43ms
step:549/3125 train_time:86.972s step_avg:158.42ms
step:550/3125 train_time:87.125s step_avg:158.41ms
step:551/3125 train_time:87.278s step_avg:158.40ms
step:552/3125 train_time:87.432s step_avg:158.39ms
step:553/3125 train_time:87.585s step_avg:158.38ms
step:554/3125 train_time:87.740s step_avg:158.38ms
step:555/3125 train_time:87.893s step_avg:158.37ms
step:556/3125 train_time:88.047s step_avg:158.36ms
step:557/3125 train_time:88.200s step_avg:158.35ms
step:558/3125 train_time:88.353s step_avg:158.34ms
step:559/3125 train_time:88.507s step_avg:158.33ms
step:560/3125 train_time:88.662s step_avg:158.32ms
step:561/3125 train_time:88.815s step_avg:158.32ms
step:562/3125 train_time:88.969s step_avg:158.31ms
step:563/3125 train_time:89.123s step_avg:158.30ms
step:564/3125 train_time:89.275s step_avg:158.29ms
step:565/3125 train_time:89.428s step_avg:158.28ms
step:566/3125 train_time:89.581s step_avg:158.27ms
step:567/3125 train_time:89.734s step_avg:158.26ms
step:568/3125 train_time:89.888s step_avg:158.25ms
step:569/3125 train_time:90.042s step_avg:158.25ms
step:570/3125 train_time:90.195s step_avg:158.24ms
step:571/3125 train_time:90.394s step_avg:158.31ms
step:572/3125 train_time:90.546s step_avg:158.30ms
step:573/3125 train_time:90.700s step_avg:158.29ms
step:574/3125 train_time:90.853s step_avg:158.28ms
step:575/3125 train_time:91.007s step_avg:158.27ms
step:576/3125 train_time:91.161s step_avg:158.27ms
step:577/3125 train_time:91.314s step_avg:158.26ms
step:578/3125 train_time:91.468s step_avg:158.25ms
step:579/3125 train_time:91.622s step_avg:158.24ms
step:580/3125 train_time:91.775s step_avg:158.23ms
step:581/3125 train_time:91.928s step_avg:158.22ms
step:582/3125 train_time:92.081s step_avg:158.22ms
step:583/3125 train_time:92.234s step_avg:158.21ms
step:584/3125 train_time:92.388s step_avg:158.20ms
step:585/3125 train_time:92.542s step_avg:158.19ms
step:586/3125 train_time:92.695s step_avg:158.18ms
step:587/3125 train_time:92.849s step_avg:158.17ms
step:588/3125 train_time:93.002s step_avg:158.17ms
step:589/3125 train_time:93.156s step_avg:158.16ms
step:590/3125 train_time:93.309s step_avg:158.15ms
step:591/3125 train_time:93.463s step_avg:158.14ms
step:592/3125 train_time:93.617s step_avg:158.14ms
step:593/3125 train_time:93.770s step_avg:158.13ms
step:594/3125 train_time:93.923s step_avg:158.12ms
step:595/3125 train_time:94.076s step_avg:158.11ms
step:596/3125 train_time:94.229s step_avg:158.10ms
step:597/3125 train_time:94.384s step_avg:158.10ms
step:598/3125 train_time:94.537s step_avg:158.09ms
step:599/3125 train_time:94.690s step_avg:158.08ms
step:600/3125 train_time:94.843s step_avg:158.07ms
step:601/3125 train_time:94.996s step_avg:158.06ms
step:602/3125 train_time:95.149s step_avg:158.06ms
step:603/3125 train_time:95.303s step_avg:158.05ms
step:604/3125 train_time:95.456s step_avg:158.04ms
step:605/3125 train_time:95.610s step_avg:158.03ms
step:606/3125 train_time:95.764s step_avg:158.03ms
step:607/3125 train_time:95.917s step_avg:158.02ms
step:608/3125 train_time:96.070s step_avg:158.01ms
step:609/3125 train_time:96.224s step_avg:158.00ms
step:610/3125 train_time:96.377s step_avg:157.99ms
step:611/3125 train_time:96.530s step_avg:157.99ms
step:612/3125 train_time:96.684s step_avg:157.98ms
step:613/3125 train_time:96.837s step_avg:157.97ms
step:614/3125 train_time:96.990s step_avg:157.96ms
step:615/3125 train_time:97.144s step_avg:157.96ms
step:616/3125 train_time:97.296s step_avg:157.95ms
step:617/3125 train_time:97.450s step_avg:157.94ms
step:618/3125 train_time:97.604s step_avg:157.94ms
step:619/3125 train_time:97.757s step_avg:157.93ms
step:620/3125 train_time:97.910s step_avg:157.92ms
step:621/3125 train_time:98.064s step_avg:157.91ms
step:622/3125 train_time:98.218s step_avg:157.91ms
step:623/3125 train_time:98.370s step_avg:157.90ms
step:624/3125 train_time:98.523s step_avg:157.89ms
step:625/3125 train_time:98.676s step_avg:157.88ms
step:625/3125 val_loss:3.84539 train_time:98.684s step_avg:153.84ms
step:626/3125 train_time:98.831s step_avg:157.88ms
step:627/3125 train_time:98.984s step_avg:157.87ms
step:628/3125 train_time:99.138s step_avg:157.86ms
step:629/3125 train_time:99.291s step_avg:157.86ms
step:630/3125 train_time:99.445s step_avg:157.85ms
step:631/3125 train_time:99.599s step_avg:157.84ms
step:632/3125 train_time:99.751s step_avg:157.83ms
step:633/3125 train_time:99.904s step_avg:157.83ms
step:634/3125 train_time:100.058s step_avg:157.82ms
step:635/3125 train_time:100.212s step_avg:157.81ms
step:636/3125 train_time:100.366s step_avg:157.81ms
step:637/3125 train_time:100.520s step_avg:157.80ms
step:638/3125 train_time:100.675s step_avg:157.80ms
step:639/3125 train_time:100.829s step_avg:157.79ms
step:640/3125 train_time:100.981s step_avg:157.78ms
step:641/3125 train_time:101.135s step_avg:157.78ms
step:642/3125 train_time:101.289s step_avg:157.77ms
step:643/3125 train_time:101.442s step_avg:157.76ms
step:644/3125 train_time:101.596s step_avg:157.76ms
step:645/3125 train_time:101.750s step_avg:157.75ms
step:646/3125 train_time:101.902s step_avg:157.74ms
step:647/3125 train_time:102.056s step_avg:157.74ms
step:648/3125 train_time:102.209s step_avg:157.73ms
step:649/3125 train_time:102.362s step_avg:157.72ms
step:650/3125 train_time:102.516s step_avg:157.72ms
step:651/3125 train_time:102.670s step_avg:157.71ms
step:652/3125 train_time:102.824s step_avg:157.70ms
step:653/3125 train_time:102.977s step_avg:157.70ms
step:654/3125 train_time:103.131s step_avg:157.69ms
step:655/3125 train_time:103.284s step_avg:157.69ms
step:656/3125 train_time:103.438s step_avg:157.68ms
step:657/3125 train_time:103.592s step_avg:157.67ms
step:658/3125 train_time:103.745s step_avg:157.67ms
step:659/3125 train_time:103.899s step_avg:157.66ms
step:660/3125 train_time:104.053s step_avg:157.66ms
step:661/3125 train_time:104.206s step_avg:157.65ms
step:662/3125 train_time:104.359s step_avg:157.64ms
step:663/3125 train_time:104.513s step_avg:157.64ms
step:664/3125 train_time:104.667s step_avg:157.63ms
step:665/3125 train_time:104.821s step_avg:157.63ms
step:666/3125 train_time:104.975s step_avg:157.62ms
step:667/3125 train_time:105.129s step_avg:157.61ms
step:668/3125 train_time:105.282s step_avg:157.61ms
step:669/3125 train_time:105.436s step_avg:157.60ms
step:670/3125 train_time:105.590s step_avg:157.60ms
step:671/3125 train_time:105.743s step_avg:157.59ms
step:672/3125 train_time:105.897s step_avg:157.59ms
step:673/3125 train_time:106.050s step_avg:157.58ms
step:674/3125 train_time:106.203s step_avg:157.57ms
step:675/3125 train_time:106.357s step_avg:157.57ms
step:676/3125 train_time:106.510s step_avg:157.56ms
step:677/3125 train_time:106.664s step_avg:157.55ms
step:678/3125 train_time:106.818s step_avg:157.55ms
step:679/3125 train_time:106.971s step_avg:157.54ms
step:680/3125 train_time:107.125s step_avg:157.54ms
step:681/3125 train_time:107.279s step_avg:157.53ms
step:682/3125 train_time:107.433s step_avg:157.53ms
step:683/3125 train_time:107.588s step_avg:157.52ms
step:684/3125 train_time:107.741s step_avg:157.52ms
step:685/3125 train_time:107.895s step_avg:157.51ms
step:686/3125 train_time:108.049s step_avg:157.51ms
step:687/3125 train_time:108.202s step_avg:157.50ms
step:688/3125 train_time:108.355s step_avg:157.49ms
step:689/3125 train_time:108.509s step_avg:157.49ms
step:690/3125 train_time:108.663s step_avg:157.48ms
step:691/3125 train_time:108.816s step_avg:157.48ms
step:692/3125 train_time:108.970s step_avg:157.47ms
step:693/3125 train_time:109.123s step_avg:157.47ms
step:694/3125 train_time:109.277s step_avg:157.46ms
step:695/3125 train_time:109.431s step_avg:157.45ms
step:696/3125 train_time:109.585s step_avg:157.45ms
step:697/3125 train_time:109.738s step_avg:157.44ms
step:698/3125 train_time:109.891s step_avg:157.44ms
step:699/3125 train_time:110.045s step_avg:157.43ms
step:700/3125 train_time:110.198s step_avg:157.43ms
step:701/3125 train_time:110.351s step_avg:157.42ms
step:702/3125 train_time:110.504s step_avg:157.41ms
step:703/3125 train_time:110.658s step_avg:157.41ms
step:704/3125 train_time:110.812s step_avg:157.40ms
step:705/3125 train_time:110.966s step_avg:157.40ms
step:706/3125 train_time:111.120s step_avg:157.39ms
step:707/3125 train_time:111.275s step_avg:157.39ms
step:708/3125 train_time:111.429s step_avg:157.39ms
step:709/3125 train_time:111.583s step_avg:157.38ms
step:710/3125 train_time:111.736s step_avg:157.38ms
step:711/3125 train_time:111.890s step_avg:157.37ms
step:712/3125 train_time:112.043s step_avg:157.36ms
step:713/3125 train_time:112.198s step_avg:157.36ms
step:714/3125 train_time:112.351s step_avg:157.35ms
step:715/3125 train_time:112.504s step_avg:157.35ms
step:716/3125 train_time:112.657s step_avg:157.34ms
step:717/3125 train_time:112.811s step_avg:157.34ms
step:718/3125 train_time:112.965s step_avg:157.33ms
step:719/3125 train_time:113.118s step_avg:157.33ms
step:720/3125 train_time:113.271s step_avg:157.32ms
step:721/3125 train_time:113.424s step_avg:157.31ms
step:722/3125 train_time:113.578s step_avg:157.31ms
step:723/3125 train_time:113.732s step_avg:157.30ms
step:724/3125 train_time:113.884s step_avg:157.30ms
step:725/3125 train_time:114.038s step_avg:157.29ms
step:726/3125 train_time:114.191s step_avg:157.29ms
step:727/3125 train_time:114.345s step_avg:157.28ms
step:728/3125 train_time:114.498s step_avg:157.28ms
step:729/3125 train_time:114.651s step_avg:157.27ms
step:730/3125 train_time:114.804s step_avg:157.27ms
step:731/3125 train_time:114.957s step_avg:157.26ms
step:732/3125 train_time:115.111s step_avg:157.25ms
step:733/3125 train_time:115.263s step_avg:157.25ms
step:734/3125 train_time:115.417s step_avg:157.24ms
step:735/3125 train_time:115.571s step_avg:157.24ms
step:736/3125 train_time:115.725s step_avg:157.23ms
step:737/3125 train_time:115.879s step_avg:157.23ms
step:738/3125 train_time:116.032s step_avg:157.22ms
step:739/3125 train_time:116.185s step_avg:157.22ms
step:740/3125 train_time:116.339s step_avg:157.21ms
step:741/3125 train_time:116.493s step_avg:157.21ms
step:742/3125 train_time:116.648s step_avg:157.21ms
step:743/3125 train_time:116.801s step_avg:157.20ms
step:744/3125 train_time:116.954s step_avg:157.20ms
step:745/3125 train_time:117.108s step_avg:157.19ms
step:746/3125 train_time:117.260s step_avg:157.19ms
step:747/3125 train_time:117.415s step_avg:157.18ms
step:748/3125 train_time:117.569s step_avg:157.18ms
step:749/3125 train_time:117.723s step_avg:157.17ms
step:750/3125 train_time:117.877s step_avg:157.17ms
step:750/3125 val_loss:3.78641 train_time:117.885s step_avg:153.61ms
step:751/3125 train_time:118.032s step_avg:157.17ms
step:752/3125 train_time:118.186s step_avg:157.16ms
step:753/3125 train_time:118.339s step_avg:157.16ms
step:754/3125 train_time:118.492s step_avg:157.15ms
step:755/3125 train_time:118.646s step_avg:157.15ms
step:756/3125 train_time:118.799s step_avg:157.14ms
step:757/3125 train_time:118.953s step_avg:157.14ms
step:758/3125 train_time:119.107s step_avg:157.13ms
step:759/3125 train_time:119.260s step_avg:157.13ms
step:760/3125 train_time:119.413s step_avg:157.12ms
step:761/3125 train_time:119.612s step_avg:157.18ms
step:762/3125 train_time:119.765s step_avg:157.17ms
step:763/3125 train_time:119.918s step_avg:157.17ms
step:764/3125 train_time:120.071s step_avg:157.16ms
step:765/3125 train_time:120.225s step_avg:157.16ms
step:766/3125 train_time:120.379s step_avg:157.15ms
step:767/3125 train_time:120.532s step_avg:157.15ms
step:768/3125 train_time:120.686s step_avg:157.14ms
step:769/3125 train_time:120.841s step_avg:157.14ms
step:770/3125 train_time:120.995s step_avg:157.14ms
step:771/3125 train_time:121.148s step_avg:157.13ms
step:772/3125 train_time:121.302s step_avg:157.13ms
step:773/3125 train_time:121.456s step_avg:157.12ms
step:774/3125 train_time:121.608s step_avg:157.12ms
step:775/3125 train_time:121.763s step_avg:157.11ms
step:776/3125 train_time:121.916s step_avg:157.11ms
step:777/3125 train_time:122.071s step_avg:157.11ms
step:778/3125 train_time:122.226s step_avg:157.10ms
step:779/3125 train_time:122.379s step_avg:157.10ms
step:780/3125 train_time:122.531s step_avg:157.09ms
step:781/3125 train_time:122.685s step_avg:157.09ms
step:782/3125 train_time:122.839s step_avg:157.08ms
step:783/3125 train_time:122.992s step_avg:157.08ms
step:784/3125 train_time:123.146s step_avg:157.07ms
step:785/3125 train_time:123.299s step_avg:157.07ms
step:786/3125 train_time:123.453s step_avg:157.07ms
step:787/3125 train_time:123.607s step_avg:157.06ms
step:788/3125 train_time:123.761s step_avg:157.06ms
step:789/3125 train_time:123.913s step_avg:157.05ms
step:790/3125 train_time:124.066s step_avg:157.05ms
step:791/3125 train_time:124.220s step_avg:157.04ms
step:792/3125 train_time:124.373s step_avg:157.04ms
step:793/3125 train_time:124.527s step_avg:157.03ms
step:794/3125 train_time:124.680s step_avg:157.03ms
step:795/3125 train_time:124.833s step_avg:157.02ms
step:796/3125 train_time:124.987s step_avg:157.02ms
step:797/3125 train_time:125.140s step_avg:157.01ms
step:798/3125 train_time:125.293s step_avg:157.01ms
step:799/3125 train_time:125.447s step_avg:157.00ms
step:800/3125 train_time:125.600s step_avg:157.00ms
step:801/3125 train_time:125.754s step_avg:157.00ms
step:802/3125 train_time:125.907s step_avg:156.99ms
step:803/3125 train_time:126.060s step_avg:156.99ms
step:804/3125 train_time:126.213s step_avg:156.98ms
step:805/3125 train_time:126.367s step_avg:156.98ms
step:806/3125 train_time:126.520s step_avg:156.97ms
step:807/3125 train_time:126.672s step_avg:156.97ms
step:808/3125 train_time:126.827s step_avg:156.96ms
step:809/3125 train_time:126.980s step_avg:156.96ms
step:810/3125 train_time:127.134s step_avg:156.96ms
step:811/3125 train_time:127.286s step_avg:156.95ms
step:812/3125 train_time:127.440s step_avg:156.95ms
step:813/3125 train_time:127.593s step_avg:156.94ms
step:814/3125 train_time:127.747s step_avg:156.94ms
step:815/3125 train_time:127.901s step_avg:156.93ms
step:816/3125 train_time:128.055s step_avg:156.93ms
step:817/3125 train_time:128.208s step_avg:156.93ms
step:818/3125 train_time:128.362s step_avg:156.92ms
step:819/3125 train_time:128.515s step_avg:156.92ms
step:820/3125 train_time:128.668s step_avg:156.91ms
step:821/3125 train_time:128.823s step_avg:156.91ms
step:822/3125 train_time:128.979s step_avg:156.91ms
step:823/3125 train_time:129.131s step_avg:156.90ms
step:824/3125 train_time:129.285s step_avg:156.90ms
step:825/3125 train_time:129.438s step_avg:156.90ms
step:826/3125 train_time:129.591s step_avg:156.89ms
step:827/3125 train_time:129.745s step_avg:156.89ms
step:828/3125 train_time:129.898s step_avg:156.88ms
step:829/3125 train_time:130.052s step_avg:156.88ms
step:830/3125 train_time:130.206s step_avg:156.87ms
step:831/3125 train_time:130.361s step_avg:156.87ms
step:832/3125 train_time:130.513s step_avg:156.87ms
step:833/3125 train_time:130.666s step_avg:156.86ms
step:834/3125 train_time:130.820s step_avg:156.86ms
step:835/3125 train_time:130.973s step_avg:156.85ms
step:836/3125 train_time:131.126s step_avg:156.85ms
step:837/3125 train_time:131.281s step_avg:156.85ms
step:838/3125 train_time:131.433s step_avg:156.84ms
step:839/3125 train_time:131.586s step_avg:156.84ms
step:840/3125 train_time:131.741s step_avg:156.83ms
step:841/3125 train_time:131.895s step_avg:156.83ms
step:842/3125 train_time:132.049s step_avg:156.83ms
step:843/3125 train_time:132.202s step_avg:156.82ms
step:844/3125 train_time:132.356s step_avg:156.82ms
step:845/3125 train_time:132.509s step_avg:156.81ms
step:846/3125 train_time:132.663s step_avg:156.81ms
step:847/3125 train_time:132.817s step_avg:156.81ms
step:848/3125 train_time:132.969s step_avg:156.80ms
step:849/3125 train_time:133.124s step_avg:156.80ms
step:850/3125 train_time:133.278s step_avg:156.80ms
step:851/3125 train_time:133.431s step_avg:156.79ms
step:852/3125 train_time:133.584s step_avg:156.79ms
step:853/3125 train_time:133.738s step_avg:156.79ms
step:854/3125 train_time:133.891s step_avg:156.78ms
step:855/3125 train_time:134.045s step_avg:156.78ms
step:856/3125 train_time:134.198s step_avg:156.77ms
step:857/3125 train_time:134.352s step_avg:156.77ms
step:858/3125 train_time:134.505s step_avg:156.77ms
step:859/3125 train_time:134.660s step_avg:156.76ms
step:860/3125 train_time:134.812s step_avg:156.76ms
step:861/3125 train_time:134.966s step_avg:156.75ms
step:862/3125 train_time:135.119s step_avg:156.75ms
step:863/3125 train_time:135.272s step_avg:156.75ms
step:864/3125 train_time:135.425s step_avg:156.74ms
step:865/3125 train_time:135.581s step_avg:156.74ms
step:866/3125 train_time:135.734s step_avg:156.74ms
step:867/3125 train_time:135.888s step_avg:156.73ms
step:868/3125 train_time:136.043s step_avg:156.73ms
step:869/3125 train_time:136.197s step_avg:156.73ms
step:870/3125 train_time:136.350s step_avg:156.72ms
step:871/3125 train_time:136.505s step_avg:156.72ms
step:872/3125 train_time:136.658s step_avg:156.72ms
step:873/3125 train_time:136.813s step_avg:156.72ms
step:874/3125 train_time:136.967s step_avg:156.71ms
step:875/3125 train_time:137.121s step_avg:156.71ms
step:875/3125 val_loss:3.73615 train_time:137.129s step_avg:153.95ms
step:876/3125 train_time:137.277s step_avg:156.71ms
step:877/3125 train_time:137.430s step_avg:156.70ms
step:878/3125 train_time:137.584s step_avg:156.70ms
step:879/3125 train_time:137.737s step_avg:156.70ms
step:880/3125 train_time:137.890s step_avg:156.69ms
step:881/3125 train_time:138.044s step_avg:156.69ms
step:882/3125 train_time:138.196s step_avg:156.68ms
step:883/3125 train_time:138.351s step_avg:156.68ms
step:884/3125 train_time:138.504s step_avg:156.68ms
step:885/3125 train_time:138.656s step_avg:156.67ms
step:886/3125 train_time:138.810s step_avg:156.67ms
step:887/3125 train_time:138.964s step_avg:156.67ms
step:888/3125 train_time:139.117s step_avg:156.66ms
step:889/3125 train_time:139.272s step_avg:156.66ms
step:890/3125 train_time:139.425s step_avg:156.66ms
step:891/3125 train_time:139.578s step_avg:156.65ms
step:892/3125 train_time:139.732s step_avg:156.65ms
step:893/3125 train_time:139.886s step_avg:156.65ms
step:894/3125 train_time:140.039s step_avg:156.64ms
step:895/3125 train_time:140.192s step_avg:156.64ms
step:896/3125 train_time:140.346s step_avg:156.64ms
step:897/3125 train_time:140.499s step_avg:156.63ms
step:898/3125 train_time:140.652s step_avg:156.63ms
step:899/3125 train_time:140.806s step_avg:156.62ms
step:900/3125 train_time:140.959s step_avg:156.62ms
step:901/3125 train_time:141.112s step_avg:156.62ms
step:902/3125 train_time:141.267s step_avg:156.62ms
step:903/3125 train_time:141.422s step_avg:156.61ms
step:904/3125 train_time:141.575s step_avg:156.61ms
step:905/3125 train_time:141.729s step_avg:156.61ms
step:906/3125 train_time:141.882s step_avg:156.60ms
step:907/3125 train_time:142.034s step_avg:156.60ms
step:908/3125 train_time:142.189s step_avg:156.60ms
step:909/3125 train_time:142.343s step_avg:156.59ms
step:910/3125 train_time:142.496s step_avg:156.59ms
step:911/3125 train_time:142.649s step_avg:156.58ms
step:912/3125 train_time:142.802s step_avg:156.58ms
step:913/3125 train_time:142.956s step_avg:156.58ms
step:914/3125 train_time:143.109s step_avg:156.57ms
step:915/3125 train_time:143.264s step_avg:156.57ms
step:916/3125 train_time:143.417s step_avg:156.57ms
step:917/3125 train_time:143.571s step_avg:156.57ms
step:918/3125 train_time:143.725s step_avg:156.56ms
step:919/3125 train_time:143.878s step_avg:156.56ms
step:920/3125 train_time:144.031s step_avg:156.56ms
step:921/3125 train_time:144.185s step_avg:156.55ms
step:922/3125 train_time:144.338s step_avg:156.55ms
step:923/3125 train_time:144.490s step_avg:156.54ms
step:924/3125 train_time:144.645s step_avg:156.54ms
step:925/3125 train_time:144.798s step_avg:156.54ms
step:926/3125 train_time:144.951s step_avg:156.53ms
step:927/3125 train_time:145.105s step_avg:156.53ms
step:928/3125 train_time:145.258s step_avg:156.53ms
step:929/3125 train_time:145.411s step_avg:156.52ms
step:930/3125 train_time:145.565s step_avg:156.52ms
step:931/3125 train_time:145.717s step_avg:156.52ms
step:932/3125 train_time:145.870s step_avg:156.51ms
step:933/3125 train_time:146.023s step_avg:156.51ms
step:934/3125 train_time:146.176s step_avg:156.51ms
step:935/3125 train_time:146.330s step_avg:156.50ms
step:936/3125 train_time:146.484s step_avg:156.50ms
step:937/3125 train_time:146.637s step_avg:156.50ms
step:938/3125 train_time:146.790s step_avg:156.49ms
step:939/3125 train_time:146.943s step_avg:156.49ms
step:940/3125 train_time:147.096s step_avg:156.49ms
step:941/3125 train_time:147.250s step_avg:156.48ms
step:942/3125 train_time:147.403s step_avg:156.48ms
step:943/3125 train_time:147.557s step_avg:156.48ms
step:944/3125 train_time:147.710s step_avg:156.47ms
step:945/3125 train_time:147.864s step_avg:156.47ms
step:946/3125 train_time:148.017s step_avg:156.47ms
step:947/3125 train_time:148.170s step_avg:156.46ms
step:948/3125 train_time:148.324s step_avg:156.46ms
step:949/3125 train_time:148.478s step_avg:156.46ms
step:950/3125 train_time:148.631s step_avg:156.45ms
step:951/3125 train_time:148.828s step_avg:156.50ms
step:952/3125 train_time:148.981s step_avg:156.49ms
step:953/3125 train_time:149.133s step_avg:156.49ms
step:954/3125 train_time:149.287s step_avg:156.49ms
step:955/3125 train_time:149.442s step_avg:156.48ms
step:956/3125 train_time:149.595s step_avg:156.48ms
step:957/3125 train_time:149.748s step_avg:156.48ms
step:958/3125 train_time:149.902s step_avg:156.47ms
step:959/3125 train_time:150.056s step_avg:156.47ms
step:960/3125 train_time:150.209s step_avg:156.47ms
step:961/3125 train_time:150.362s step_avg:156.46ms
step:962/3125 train_time:150.514s step_avg:156.46ms
step:963/3125 train_time:150.668s step_avg:156.46ms
step:964/3125 train_time:150.822s step_avg:156.45ms
step:965/3125 train_time:150.976s step_avg:156.45ms
step:966/3125 train_time:151.129s step_avg:156.45ms
step:967/3125 train_time:151.283s step_avg:156.45ms
step:968/3125 train_time:151.435s step_avg:156.44ms
step:969/3125 train_time:151.589s step_avg:156.44ms
step:970/3125 train_time:151.743s step_avg:156.44ms
step:971/3125 train_time:151.896s step_avg:156.43ms
step:972/3125 train_time:152.051s step_avg:156.43ms
step:973/3125 train_time:152.205s step_avg:156.43ms
step:974/3125 train_time:152.357s step_avg:156.42ms
step:975/3125 train_time:152.510s step_avg:156.42ms
step:976/3125 train_time:152.663s step_avg:156.42ms
step:977/3125 train_time:152.816s step_avg:156.41ms
step:978/3125 train_time:152.970s step_avg:156.41ms
step:979/3125 train_time:153.123s step_avg:156.41ms
step:980/3125 train_time:153.277s step_avg:156.40ms
step:981/3125 train_time:153.431s step_avg:156.40ms
step:982/3125 train_time:153.584s step_avg:156.40ms
step:983/3125 train_time:153.737s step_avg:156.40ms
step:984/3125 train_time:153.890s step_avg:156.39ms
step:985/3125 train_time:154.044s step_avg:156.39ms
step:986/3125 train_time:154.197s step_avg:156.39ms
step:987/3125 train_time:154.351s step_avg:156.38ms
step:988/3125 train_time:154.504s step_avg:156.38ms
step:989/3125 train_time:154.657s step_avg:156.38ms
step:990/3125 train_time:154.811s step_avg:156.37ms
step:991/3125 train_time:154.963s step_avg:156.37ms
step:992/3125 train_time:155.116s step_avg:156.37ms
step:993/3125 train_time:155.270s step_avg:156.36ms
step:994/3125 train_time:155.424s step_avg:156.36ms
step:995/3125 train_time:155.577s step_avg:156.36ms
step:996/3125 train_time:155.731s step_avg:156.36ms
step:997/3125 train_time:155.884s step_avg:156.35ms
step:998/3125 train_time:156.037s step_avg:156.35ms
step:999/3125 train_time:156.190s step_avg:156.35ms
step:1000/3125 train_time:156.344s step_avg:156.34ms
step:1000/3125 val_loss:3.68385 train_time:156.352s step_avg:153.78ms
step:1001/3125 train_time:156.501s step_avg:156.34ms
step:1002/3125 train_time:165.381s step_avg:165.05ms
step:1003/3125 train_time:165.541s step_avg:165.05ms
step:1004/3125 train_time:165.701s step_avg:165.04ms
step:1005/3125 train_time:165.862s step_avg:165.04ms
step:1006/3125 train_time:166.023s step_avg:165.03ms
step:1007/3125 train_time:166.186s step_avg:165.03ms
step:1008/3125 train_time:166.349s step_avg:165.03ms
step:1009/3125 train_time:166.509s step_avg:165.02ms
step:1010/3125 train_time:166.671s step_avg:165.02ms
step:1011/3125 train_time:166.833s step_avg:165.02ms
step:1012/3125 train_time:166.994s step_avg:165.01ms
step:1013/3125 train_time:167.157s step_avg:165.01ms
step:1014/3125 train_time:167.320s step_avg:165.01ms
step:1015/3125 train_time:167.481s step_avg:165.01ms
step:1016/3125 train_time:167.641s step_avg:165.00ms
step:1017/3125 train_time:167.803s step_avg:165.00ms
step:1018/3125 train_time:167.963s step_avg:164.99ms
step:1019/3125 train_time:168.124s step_avg:164.99ms
step:1020/3125 train_time:168.285s step_avg:164.99ms
step:1021/3125 train_time:168.446s step_avg:164.98ms
step:1022/3125 train_time:168.607s step_avg:164.98ms
step:1023/3125 train_time:168.769s step_avg:164.97ms
step:1024/3125 train_time:168.929s step_avg:164.97ms
step:1025/3125 train_time:169.093s step_avg:164.97ms
step:1026/3125 train_time:169.254s step_avg:164.96ms
step:1027/3125 train_time:169.415s step_avg:164.96ms
step:1028/3125 train_time:169.577s step_avg:164.96ms
step:1029/3125 train_time:169.738s step_avg:164.95ms
step:1030/3125 train_time:169.899s step_avg:164.95ms
step:1031/3125 train_time:170.059s step_avg:164.95ms
step:1032/3125 train_time:170.219s step_avg:164.94ms
step:1033/3125 train_time:170.380s step_avg:164.94ms
step:1034/3125 train_time:170.540s step_avg:164.93ms
step:1035/3125 train_time:170.700s step_avg:164.93ms
step:1036/3125 train_time:170.860s step_avg:164.92ms
step:1037/3125 train_time:171.021s step_avg:164.92ms
step:1038/3125 train_time:171.184s step_avg:164.92ms
step:1039/3125 train_time:171.345s step_avg:164.91ms
step:1040/3125 train_time:171.506s step_avg:164.91ms
step:1041/3125 train_time:171.667s step_avg:164.91ms
step:1042/3125 train_time:171.831s step_avg:164.90ms
step:1043/3125 train_time:171.993s step_avg:164.90ms
step:1044/3125 train_time:172.155s step_avg:164.90ms
step:1045/3125 train_time:172.316s step_avg:164.90ms
step:1046/3125 train_time:172.476s step_avg:164.89ms
step:1047/3125 train_time:172.637s step_avg:164.89ms
step:1048/3125 train_time:172.800s step_avg:164.89ms
step:1049/3125 train_time:172.960s step_avg:164.88ms
step:1050/3125 train_time:173.121s step_avg:164.88ms
step:1051/3125 train_time:173.286s step_avg:164.88ms
step:1052/3125 train_time:173.449s step_avg:164.88ms
step:1053/3125 train_time:173.614s step_avg:164.88ms
step:1054/3125 train_time:173.776s step_avg:164.87ms
step:1055/3125 train_time:173.938s step_avg:164.87ms
step:1056/3125 train_time:174.099s step_avg:164.87ms
step:1057/3125 train_time:174.260s step_avg:164.86ms
step:1058/3125 train_time:174.423s step_avg:164.86ms
step:1059/3125 train_time:174.584s step_avg:164.86ms
step:1060/3125 train_time:174.746s step_avg:164.86ms
step:1061/3125 train_time:174.909s step_avg:164.85ms
step:1062/3125 train_time:175.070s step_avg:164.85ms
step:1063/3125 train_time:175.232s step_avg:164.85ms
step:1064/3125 train_time:175.397s step_avg:164.85ms
step:1065/3125 train_time:175.562s step_avg:164.85ms
step:1066/3125 train_time:175.724s step_avg:164.84ms
step:1067/3125 train_time:175.885s step_avg:164.84ms
step:1068/3125 train_time:176.047s step_avg:164.84ms
step:1069/3125 train_time:176.208s step_avg:164.83ms
step:1070/3125 train_time:176.370s step_avg:164.83ms
step:1071/3125 train_time:176.532s step_avg:164.83ms
step:1072/3125 train_time:176.694s step_avg:164.83ms
step:1073/3125 train_time:176.855s step_avg:164.82ms
step:1074/3125 train_time:177.016s step_avg:164.82ms
step:1075/3125 train_time:177.178s step_avg:164.82ms
step:1076/3125 train_time:177.339s step_avg:164.81ms
step:1077/3125 train_time:177.500s step_avg:164.81ms
step:1078/3125 train_time:177.662s step_avg:164.81ms
step:1079/3125 train_time:177.824s step_avg:164.80ms
step:1080/3125 train_time:177.986s step_avg:164.80ms
step:1081/3125 train_time:178.148s step_avg:164.80ms
step:1082/3125 train_time:178.308s step_avg:164.80ms
step:1083/3125 train_time:178.470s step_avg:164.79ms
step:1084/3125 train_time:178.631s step_avg:164.79ms
step:1085/3125 train_time:178.793s step_avg:164.79ms
step:1086/3125 train_time:178.954s step_avg:164.78ms
step:1087/3125 train_time:179.114s step_avg:164.78ms
step:1088/3125 train_time:179.274s step_avg:164.77ms
step:1089/3125 train_time:179.434s step_avg:164.77ms
step:1090/3125 train_time:179.595s step_avg:164.77ms
step:1091/3125 train_time:179.756s step_avg:164.76ms
step:1092/3125 train_time:179.916s step_avg:164.76ms
step:1093/3125 train_time:180.080s step_avg:164.76ms
step:1094/3125 train_time:180.242s step_avg:164.75ms
step:1095/3125 train_time:180.406s step_avg:164.75ms
step:1096/3125 train_time:180.569s step_avg:164.75ms
step:1097/3125 train_time:180.731s step_avg:164.75ms
step:1098/3125 train_time:180.891s step_avg:164.75ms
step:1099/3125 train_time:181.052s step_avg:164.74ms
step:1100/3125 train_time:181.213s step_avg:164.74ms
step:1101/3125 train_time:181.374s step_avg:164.74ms
step:1102/3125 train_time:181.536s step_avg:164.73ms
step:1103/3125 train_time:181.697s step_avg:164.73ms
step:1104/3125 train_time:181.857s step_avg:164.73ms
step:1105/3125 train_time:182.019s step_avg:164.72ms
step:1106/3125 train_time:182.182s step_avg:164.72ms
step:1107/3125 train_time:182.344s step_avg:164.72ms
step:1108/3125 train_time:182.506s step_avg:164.72ms
step:1109/3125 train_time:182.668s step_avg:164.71ms
step:1110/3125 train_time:182.829s step_avg:164.71ms
step:1111/3125 train_time:182.991s step_avg:164.71ms
step:1112/3125 train_time:183.153s step_avg:164.71ms
step:1113/3125 train_time:183.316s step_avg:164.70ms
step:1114/3125 train_time:183.476s step_avg:164.70ms
step:1115/3125 train_time:183.638s step_avg:164.70ms
step:1116/3125 train_time:183.799s step_avg:164.69ms
step:1117/3125 train_time:183.961s step_avg:164.69ms
step:1118/3125 train_time:184.123s step_avg:164.69ms
step:1119/3125 train_time:184.284s step_avg:164.69ms
step:1120/3125 train_time:184.450s step_avg:164.69ms
step:1121/3125 train_time:184.612s step_avg:164.69ms
step:1122/3125 train_time:184.774s step_avg:164.68ms
step:1123/3125 train_time:184.936s step_avg:164.68ms
step:1124/3125 train_time:185.099s step_avg:164.68ms
step:1125/3125 train_time:185.260s step_avg:164.68ms
step:1125/3125 val_loss:3.66997 train_time:185.260s step_avg:231.26ms
step:1126/3125 train_time:185.424s step_avg:164.67ms
step:1127/3125 train_time:185.584s step_avg:164.67ms
step:1128/3125 train_time:185.745s step_avg:164.67ms
step:1129/3125 train_time:185.906s step_avg:164.66ms
step:1130/3125 train_time:186.069s step_avg:164.66ms
step:1131/3125 train_time:186.232s step_avg:164.66ms
step:1132/3125 train_time:186.394s step_avg:164.66ms
step:1133/3125 train_time:186.556s step_avg:164.66ms
step:1134/3125 train_time:186.718s step_avg:164.65ms
step:1135/3125 train_time:186.881s step_avg:164.65ms
step:1136/3125 train_time:187.042s step_avg:164.65ms
step:1137/3125 train_time:187.202s step_avg:164.65ms
step:1138/3125 train_time:187.363s step_avg:164.64ms
step:1139/3125 train_time:187.524s step_avg:164.64ms
step:1140/3125 train_time:187.687s step_avg:164.64ms
step:1141/3125 train_time:187.899s step_avg:164.68ms
step:1142/3125 train_time:188.059s step_avg:164.68ms
step:1143/3125 train_time:188.221s step_avg:164.67ms
step:1144/3125 train_time:188.383s step_avg:164.67ms
step:1145/3125 train_time:188.544s step_avg:164.67ms
step:1146/3125 train_time:188.704s step_avg:164.66ms
step:1147/3125 train_time:188.866s step_avg:164.66ms
step:1148/3125 train_time:189.028s step_avg:164.66ms
step:1149/3125 train_time:189.190s step_avg:164.66ms
step:1150/3125 train_time:189.351s step_avg:164.65ms
step:1151/3125 train_time:189.513s step_avg:164.65ms
step:1152/3125 train_time:189.675s step_avg:164.65ms
step:1153/3125 train_time:189.837s step_avg:164.65ms
step:1154/3125 train_time:189.999s step_avg:164.64ms
step:1155/3125 train_time:190.160s step_avg:164.64ms
step:1156/3125 train_time:190.321s step_avg:164.64ms
step:1157/3125 train_time:190.482s step_avg:164.63ms
step:1158/3125 train_time:190.644s step_avg:164.63ms
step:1159/3125 train_time:190.806s step_avg:164.63ms
step:1160/3125 train_time:190.968s step_avg:164.63ms
step:1161/3125 train_time:191.129s step_avg:164.62ms
step:1162/3125 train_time:191.290s step_avg:164.62ms
step:1163/3125 train_time:191.452s step_avg:164.62ms
step:1164/3125 train_time:191.616s step_avg:164.62ms
step:1165/3125 train_time:191.779s step_avg:164.62ms
step:1166/3125 train_time:191.938s step_avg:164.61ms
step:1167/3125 train_time:192.100s step_avg:164.61ms
step:1168/3125 train_time:192.262s step_avg:164.61ms
step:1169/3125 train_time:192.424s step_avg:164.61ms
step:1170/3125 train_time:192.585s step_avg:164.60ms
step:1171/3125 train_time:192.745s step_avg:164.60ms
step:1172/3125 train_time:192.906s step_avg:164.60ms
step:1173/3125 train_time:193.069s step_avg:164.59ms
step:1174/3125 train_time:193.232s step_avg:164.59ms
step:1175/3125 train_time:193.394s step_avg:164.59ms
step:1176/3125 train_time:193.554s step_avg:164.59ms
step:1177/3125 train_time:193.716s step_avg:164.58ms
step:1178/3125 train_time:193.878s step_avg:164.58ms
step:1179/3125 train_time:194.040s step_avg:164.58ms
step:1180/3125 train_time:194.201s step_avg:164.58ms
step:1181/3125 train_time:194.362s step_avg:164.57ms
step:1182/3125 train_time:194.523s step_avg:164.57ms
step:1183/3125 train_time:194.684s step_avg:164.57ms
step:1184/3125 train_time:194.845s step_avg:164.56ms
step:1185/3125 train_time:195.006s step_avg:164.56ms
step:1186/3125 train_time:195.169s step_avg:164.56ms
step:1187/3125 train_time:195.330s step_avg:164.56ms
step:1188/3125 train_time:195.493s step_avg:164.56ms
step:1189/3125 train_time:195.656s step_avg:164.55ms
step:1190/3125 train_time:195.817s step_avg:164.55ms
step:1191/3125 train_time:195.980s step_avg:164.55ms
step:1192/3125 train_time:196.141s step_avg:164.55ms
step:1193/3125 train_time:196.302s step_avg:164.54ms
step:1194/3125 train_time:196.464s step_avg:164.54ms
step:1195/3125 train_time:196.625s step_avg:164.54ms
step:1196/3125 train_time:196.787s step_avg:164.54ms
step:1197/3125 train_time:196.947s step_avg:164.53ms
step:1198/3125 train_time:197.109s step_avg:164.53ms
step:1199/3125 train_time:197.270s step_avg:164.53ms
step:1200/3125 train_time:197.431s step_avg:164.53ms
step:1201/3125 train_time:197.593s step_avg:164.52ms
step:1202/3125 train_time:197.755s step_avg:164.52ms
step:1203/3125 train_time:197.918s step_avg:164.52ms
step:1204/3125 train_time:198.080s step_avg:164.52ms
step:1205/3125 train_time:198.242s step_avg:164.52ms
step:1206/3125 train_time:198.403s step_avg:164.51ms
step:1207/3125 train_time:198.565s step_avg:164.51ms
step:1208/3125 train_time:198.727s step_avg:164.51ms
step:1209/3125 train_time:198.889s step_avg:164.51ms
step:1210/3125 train_time:199.052s step_avg:164.51ms
step:1211/3125 train_time:199.215s step_avg:164.50ms
step:1212/3125 train_time:199.376s step_avg:164.50ms
step:1213/3125 train_time:199.539s step_avg:164.50ms
step:1214/3125 train_time:199.700s step_avg:164.50ms
step:1215/3125 train_time:199.863s step_avg:164.50ms
step:1216/3125 train_time:200.024s step_avg:164.49ms
step:1217/3125 train_time:200.187s step_avg:164.49ms
step:1218/3125 train_time:200.350s step_avg:164.49ms
step:1219/3125 train_time:200.511s step_avg:164.49ms
step:1220/3125 train_time:200.672s step_avg:164.49ms
step:1221/3125 train_time:200.834s step_avg:164.48ms
step:1222/3125 train_time:200.997s step_avg:164.48ms
step:1223/3125 train_time:201.159s step_avg:164.48ms
step:1224/3125 train_time:201.321s step_avg:164.48ms
step:1225/3125 train_time:201.481s step_avg:164.47ms
step:1226/3125 train_time:201.644s step_avg:164.47ms
step:1227/3125 train_time:201.805s step_avg:164.47ms
step:1228/3125 train_time:201.969s step_avg:164.47ms
step:1229/3125 train_time:202.130s step_avg:164.47ms
step:1230/3125 train_time:202.293s step_avg:164.47ms
step:1231/3125 train_time:202.454s step_avg:164.46ms
step:1232/3125 train_time:202.618s step_avg:164.46ms
step:1233/3125 train_time:202.781s step_avg:164.46ms
step:1234/3125 train_time:202.942s step_avg:164.46ms
step:1235/3125 train_time:203.103s step_avg:164.46ms
step:1236/3125 train_time:203.264s step_avg:164.45ms
step:1237/3125 train_time:203.425s step_avg:164.45ms
step:1238/3125 train_time:203.587s step_avg:164.45ms
step:1239/3125 train_time:203.749s step_avg:164.45ms
step:1240/3125 train_time:203.911s step_avg:164.44ms
step:1241/3125 train_time:204.073s step_avg:164.44ms
step:1242/3125 train_time:204.235s step_avg:164.44ms
step:1243/3125 train_time:204.398s step_avg:164.44ms
step:1244/3125 train_time:204.559s step_avg:164.44ms
step:1245/3125 train_time:204.722s step_avg:164.43ms
step:1246/3125 train_time:204.882s step_avg:164.43ms
step:1247/3125 train_time:205.044s step_avg:164.43ms
step:1248/3125 train_time:205.204s step_avg:164.43ms
step:1249/3125 train_time:205.366s step_avg:164.42ms
step:1250/3125 train_time:205.528s step_avg:164.42ms
step:1250/3125 val_loss:3.62655 train_time:205.528s step_avg:162.15ms
step:1251/3125 train_time:205.693s step_avg:164.42ms
step:1252/3125 train_time:205.855s step_avg:164.42ms
step:1253/3125 train_time:206.016s step_avg:164.42ms
step:1254/3125 train_time:206.177s step_avg:164.42ms
step:1255/3125 train_time:206.338s step_avg:164.41ms
step:1256/3125 train_time:206.500s step_avg:164.41ms
step:1257/3125 train_time:206.662s step_avg:164.41ms
step:1258/3125 train_time:206.825s step_avg:164.41ms
step:1259/3125 train_time:206.986s step_avg:164.41ms
step:1260/3125 train_time:207.147s step_avg:164.40ms
step:1261/3125 train_time:207.308s step_avg:164.40ms
step:1262/3125 train_time:207.470s step_avg:164.40ms
step:1263/3125 train_time:207.631s step_avg:164.40ms
step:1264/3125 train_time:207.793s step_avg:164.39ms
step:1265/3125 train_time:207.954s step_avg:164.39ms
step:1266/3125 train_time:208.116s step_avg:164.39ms
step:1267/3125 train_time:208.281s step_avg:164.39ms
step:1268/3125 train_time:208.445s step_avg:164.39ms
step:1269/3125 train_time:208.604s step_avg:164.38ms
step:1270/3125 train_time:208.764s step_avg:164.38ms
step:1271/3125 train_time:208.926s step_avg:164.38ms
step:1272/3125 train_time:209.088s step_avg:164.38ms
step:1273/3125 train_time:209.251s step_avg:164.38ms
step:1274/3125 train_time:209.412s step_avg:164.37ms
step:1275/3125 train_time:209.573s step_avg:164.37ms
step:1276/3125 train_time:209.733s step_avg:164.37ms
step:1277/3125 train_time:209.895s step_avg:164.37ms
step:1278/3125 train_time:210.057s step_avg:164.36ms
step:1279/3125 train_time:210.218s step_avg:164.36ms
step:1280/3125 train_time:210.382s step_avg:164.36ms
step:1281/3125 train_time:210.543s step_avg:164.36ms
step:1282/3125 train_time:210.705s step_avg:164.36ms
step:1283/3125 train_time:210.867s step_avg:164.35ms
step:1284/3125 train_time:211.028s step_avg:164.35ms
step:1285/3125 train_time:211.189s step_avg:164.35ms
step:1286/3125 train_time:211.351s step_avg:164.35ms
step:1287/3125 train_time:211.513s step_avg:164.35ms
step:1288/3125 train_time:211.677s step_avg:164.35ms
step:1289/3125 train_time:211.838s step_avg:164.34ms
step:1290/3125 train_time:212.000s step_avg:164.34ms
step:1291/3125 train_time:212.162s step_avg:164.34ms
step:1292/3125 train_time:212.324s step_avg:164.34ms
step:1293/3125 train_time:212.486s step_avg:164.34ms
step:1294/3125 train_time:212.647s step_avg:164.33ms
step:1295/3125 train_time:212.809s step_avg:164.33ms
step:1296/3125 train_time:212.971s step_avg:164.33ms
step:1297/3125 train_time:213.132s step_avg:164.33ms
step:1298/3125 train_time:213.294s step_avg:164.32ms
step:1299/3125 train_time:213.455s step_avg:164.32ms
step:1300/3125 train_time:213.617s step_avg:164.32ms
step:1301/3125 train_time:213.778s step_avg:164.32ms
step:1302/3125 train_time:213.939s step_avg:164.32ms
step:1303/3125 train_time:214.100s step_avg:164.31ms
step:1304/3125 train_time:214.263s step_avg:164.31ms
step:1305/3125 train_time:214.425s step_avg:164.31ms
step:1306/3125 train_time:214.587s step_avg:164.31ms
step:1307/3125 train_time:214.751s step_avg:164.31ms
step:1308/3125 train_time:214.912s step_avg:164.31ms
step:1309/3125 train_time:215.072s step_avg:164.30ms
step:1310/3125 train_time:215.235s step_avg:164.30ms
step:1311/3125 train_time:215.398s step_avg:164.30ms
step:1312/3125 train_time:215.559s step_avg:164.30ms
step:1313/3125 train_time:215.720s step_avg:164.30ms
step:1314/3125 train_time:215.883s step_avg:164.29ms
step:1315/3125 train_time:216.046s step_avg:164.29ms
step:1316/3125 train_time:216.208s step_avg:164.29ms
step:1317/3125 train_time:216.370s step_avg:164.29ms
step:1318/3125 train_time:216.531s step_avg:164.29ms
step:1319/3125 train_time:216.691s step_avg:164.28ms
step:1320/3125 train_time:216.854s step_avg:164.28ms
step:1321/3125 train_time:217.016s step_avg:164.28ms
step:1322/3125 train_time:217.178s step_avg:164.28ms
step:1323/3125 train_time:217.340s step_avg:164.28ms
step:1324/3125 train_time:217.501s step_avg:164.28ms
step:1325/3125 train_time:217.664s step_avg:164.27ms
step:1326/3125 train_time:217.825s step_avg:164.27ms
step:1327/3125 train_time:217.987s step_avg:164.27ms
step:1328/3125 train_time:218.148s step_avg:164.27ms
step:1329/3125 train_time:218.309s step_avg:164.27ms
step:1330/3125 train_time:218.471s step_avg:164.26ms
step:1331/3125 train_time:218.684s step_avg:164.30ms
step:1332/3125 train_time:218.844s step_avg:164.30ms
step:1333/3125 train_time:219.005s step_avg:164.30ms
step:1334/3125 train_time:219.168s step_avg:164.29ms
step:1335/3125 train_time:219.329s step_avg:164.29ms
step:1336/3125 train_time:219.491s step_avg:164.29ms
step:1337/3125 train_time:219.652s step_avg:164.29ms
step:1338/3125 train_time:219.812s step_avg:164.28ms
step:1339/3125 train_time:219.976s step_avg:164.28ms
step:1340/3125 train_time:220.138s step_avg:164.28ms
step:1341/3125 train_time:220.299s step_avg:164.28ms
step:1342/3125 train_time:220.461s step_avg:164.28ms
step:1343/3125 train_time:220.622s step_avg:164.28ms
step:1344/3125 train_time:220.785s step_avg:164.27ms
step:1345/3125 train_time:220.946s step_avg:164.27ms
step:1346/3125 train_time:221.107s step_avg:164.27ms
step:1347/3125 train_time:221.268s step_avg:164.27ms
step:1348/3125 train_time:221.428s step_avg:164.26ms
step:1349/3125 train_time:221.592s step_avg:164.26ms
step:1350/3125 train_time:221.754s step_avg:164.26ms
step:1351/3125 train_time:221.916s step_avg:164.26ms
step:1352/3125 train_time:222.079s step_avg:164.26ms
step:1353/3125 train_time:222.240s step_avg:164.26ms
step:1354/3125 train_time:222.403s step_avg:164.26ms
step:1355/3125 train_time:222.564s step_avg:164.25ms
step:1356/3125 train_time:222.725s step_avg:164.25ms
step:1357/3125 train_time:222.886s step_avg:164.25ms
step:1358/3125 train_time:223.048s step_avg:164.25ms
step:1359/3125 train_time:223.210s step_avg:164.25ms
step:1360/3125 train_time:223.371s step_avg:164.24ms
step:1361/3125 train_time:223.532s step_avg:164.24ms
step:1362/3125 train_time:223.693s step_avg:164.24ms
step:1363/3125 train_time:223.853s step_avg:164.24ms
step:1364/3125 train_time:224.014s step_avg:164.23ms
step:1365/3125 train_time:224.176s step_avg:164.23ms
step:1366/3125 train_time:224.337s step_avg:164.23ms
step:1367/3125 train_time:224.501s step_avg:164.23ms
step:1368/3125 train_time:224.663s step_avg:164.23ms
step:1369/3125 train_time:224.825s step_avg:164.23ms
step:1370/3125 train_time:224.988s step_avg:164.22ms
step:1371/3125 train_time:225.148s step_avg:164.22ms
step:1372/3125 train_time:225.309s step_avg:164.22ms
step:1373/3125 train_time:225.470s step_avg:164.22ms
step:1374/3125 train_time:225.631s step_avg:164.22ms
step:1375/3125 train_time:225.792s step_avg:164.21ms
step:1375/3125 val_loss:3.58524 train_time:225.792s step_avg:162.11ms
step:1376/3125 train_time:225.956s step_avg:164.21ms
step:1377/3125 train_time:226.118s step_avg:164.21ms
step:1378/3125 train_time:226.279s step_avg:164.21ms
step:1379/3125 train_time:226.439s step_avg:164.21ms
step:1380/3125 train_time:226.600s step_avg:164.20ms
step:1381/3125 train_time:226.762s step_avg:164.20ms
step:1382/3125 train_time:226.923s step_avg:164.20ms
step:1383/3125 train_time:227.085s step_avg:164.20ms
step:1384/3125 train_time:227.246s step_avg:164.19ms
step:1385/3125 train_time:227.408s step_avg:164.19ms
step:1386/3125 train_time:227.570s step_avg:164.19ms
step:1387/3125 train_time:227.732s step_avg:164.19ms
step:1388/3125 train_time:227.893s step_avg:164.19ms
step:1389/3125 train_time:228.054s step_avg:164.19ms
step:1390/3125 train_time:228.216s step_avg:164.18ms
step:1391/3125 train_time:228.378s step_avg:164.18ms
step:1392/3125 train_time:228.538s step_avg:164.18ms
step:1393/3125 train_time:228.700s step_avg:164.18ms
step:1394/3125 train_time:228.859s step_avg:164.17ms
step:1395/3125 train_time:229.020s step_avg:164.17ms
step:1396/3125 train_time:229.184s step_avg:164.17ms
step:1397/3125 train_time:229.345s step_avg:164.17ms
step:1398/3125 train_time:229.509s step_avg:164.17ms
step:1399/3125 train_time:229.671s step_avg:164.17ms
step:1400/3125 train_time:229.832s step_avg:164.17ms
step:1401/3125 train_time:229.995s step_avg:164.16ms
step:1402/3125 train_time:230.157s step_avg:164.16ms
step:1403/3125 train_time:230.317s step_avg:164.16ms
step:1404/3125 train_time:230.478s step_avg:164.16ms
step:1405/3125 train_time:230.638s step_avg:164.16ms
step:1406/3125 train_time:230.800s step_avg:164.15ms
step:1407/3125 train_time:230.960s step_avg:164.15ms
step:1408/3125 train_time:231.121s step_avg:164.15ms
step:1409/3125 train_time:231.282s step_avg:164.15ms
step:1410/3125 train_time:231.443s step_avg:164.14ms
step:1411/3125 train_time:231.606s step_avg:164.14ms
step:1412/3125 train_time:231.767s step_avg:164.14ms
step:1413/3125 train_time:231.929s step_avg:164.14ms
step:1414/3125 train_time:232.090s step_avg:164.14ms
step:1415/3125 train_time:232.251s step_avg:164.13ms
step:1416/3125 train_time:232.414s step_avg:164.13ms
step:1417/3125 train_time:232.576s step_avg:164.13ms
step:1418/3125 train_time:232.738s step_avg:164.13ms
step:1419/3125 train_time:232.898s step_avg:164.13ms
step:1420/3125 train_time:233.058s step_avg:164.13ms
step:1421/3125 train_time:233.219s step_avg:164.12ms
step:1422/3125 train_time:233.379s step_avg:164.12ms
step:1423/3125 train_time:233.540s step_avg:164.12ms
step:1424/3125 train_time:233.701s step_avg:164.12ms
step:1425/3125 train_time:233.860s step_avg:164.11ms
step:1426/3125 train_time:234.021s step_avg:164.11ms
step:1427/3125 train_time:234.182s step_avg:164.11ms
step:1428/3125 train_time:234.343s step_avg:164.11ms
step:1429/3125 train_time:234.504s step_avg:164.10ms
step:1430/3125 train_time:234.667s step_avg:164.10ms
step:1431/3125 train_time:234.828s step_avg:164.10ms
step:1432/3125 train_time:234.991s step_avg:164.10ms
step:1433/3125 train_time:235.154s step_avg:164.10ms
step:1434/3125 train_time:235.315s step_avg:164.10ms
step:1435/3125 train_time:235.477s step_avg:164.10ms
step:1436/3125 train_time:235.638s step_avg:164.09ms
step:1437/3125 train_time:235.799s step_avg:164.09ms
step:1438/3125 train_time:235.960s step_avg:164.09ms
step:1439/3125 train_time:236.120s step_avg:164.09ms
step:1440/3125 train_time:236.280s step_avg:164.08ms
step:1441/3125 train_time:236.441s step_avg:164.08ms
step:1442/3125 train_time:236.603s step_avg:164.08ms
step:1443/3125 train_time:236.766s step_avg:164.08ms
step:1444/3125 train_time:236.928s step_avg:164.08ms
step:1445/3125 train_time:237.091s step_avg:164.08ms
step:1446/3125 train_time:237.254s step_avg:164.08ms
step:1447/3125 train_time:237.415s step_avg:164.07ms
step:1448/3125 train_time:237.577s step_avg:164.07ms
step:1449/3125 train_time:237.739s step_avg:164.07ms
step:1450/3125 train_time:237.899s step_avg:164.07ms
step:1451/3125 train_time:238.059s step_avg:164.07ms
step:1452/3125 train_time:238.219s step_avg:164.06ms
step:1453/3125 train_time:238.380s step_avg:164.06ms
step:1454/3125 train_time:238.542s step_avg:164.06ms
step:1455/3125 train_time:238.702s step_avg:164.06ms
step:1456/3125 train_time:238.864s step_avg:164.06ms
step:1457/3125 train_time:239.025s step_avg:164.05ms
step:1458/3125 train_time:239.186s step_avg:164.05ms
step:1459/3125 train_time:239.348s step_avg:164.05ms
step:1460/3125 train_time:239.509s step_avg:164.05ms
step:1461/3125 train_time:239.671s step_avg:164.05ms
step:1462/3125 train_time:239.833s step_avg:164.04ms
step:1463/3125 train_time:239.994s step_avg:164.04ms
step:1464/3125 train_time:240.158s step_avg:164.04ms
step:1465/3125 train_time:240.319s step_avg:164.04ms
step:1466/3125 train_time:240.480s step_avg:164.04ms
step:1467/3125 train_time:240.641s step_avg:164.04ms
step:1468/3125 train_time:240.803s step_avg:164.03ms
step:1469/3125 train_time:240.965s step_avg:164.03ms
step:1470/3125 train_time:241.127s step_avg:164.03ms
step:1471/3125 train_time:241.288s step_avg:164.03ms
step:1472/3125 train_time:241.448s step_avg:164.03ms
step:1473/3125 train_time:241.609s step_avg:164.03ms
step:1474/3125 train_time:241.770s step_avg:164.02ms
step:1475/3125 train_time:241.932s step_avg:164.02ms
step:1476/3125 train_time:242.094s step_avg:164.02ms
step:1477/3125 train_time:242.255s step_avg:164.02ms
step:1478/3125 train_time:242.415s step_avg:164.02ms
step:1479/3125 train_time:242.575s step_avg:164.01ms
step:1480/3125 train_time:242.736s step_avg:164.01ms
step:1481/3125 train_time:242.898s step_avg:164.01ms
step:1482/3125 train_time:243.058s step_avg:164.01ms
step:1483/3125 train_time:243.219s step_avg:164.00ms
step:1484/3125 train_time:243.380s step_avg:164.00ms
step:1485/3125 train_time:243.541s step_avg:164.00ms
step:1486/3125 train_time:243.703s step_avg:164.00ms
step:1487/3125 train_time:243.864s step_avg:164.00ms
step:1488/3125 train_time:244.026s step_avg:164.00ms
step:1489/3125 train_time:244.187s step_avg:163.99ms
step:1490/3125 train_time:244.348s step_avg:163.99ms
step:1491/3125 train_time:244.511s step_avg:163.99ms
step:1492/3125 train_time:244.672s step_avg:163.99ms
step:1493/3125 train_time:244.833s step_avg:163.99ms
step:1494/3125 train_time:244.997s step_avg:163.99ms
step:1495/3125 train_time:245.158s step_avg:163.99ms
step:1496/3125 train_time:245.319s step_avg:163.98ms
step:1497/3125 train_time:245.484s step_avg:163.98ms
step:1498/3125 train_time:245.645s step_avg:163.98ms
step:1499/3125 train_time:245.810s step_avg:163.98ms
step:1500/3125 train_time:245.975s step_avg:163.98ms
step:1500/3125 val_loss:3.54457 train_time:245.975s step_avg:161.46ms
step:1501/3125 train_time:246.142s step_avg:163.99ms
step:1502/3125 train_time:246.303s step_avg:163.98ms
step:1503/3125 train_time:246.464s step_avg:163.98ms
step:1504/3125 train_time:246.625s step_avg:163.98ms
step:1505/3125 train_time:246.786s step_avg:163.98ms
step:1506/3125 train_time:246.947s step_avg:163.98ms
step:1507/3125 train_time:247.108s step_avg:163.97ms
step:1508/3125 train_time:247.268s step_avg:163.97ms
step:1509/3125 train_time:247.429s step_avg:163.97ms
step:1510/3125 train_time:247.591s step_avg:163.97ms
step:1511/3125 train_time:247.753s step_avg:163.97ms
step:1512/3125 train_time:247.918s step_avg:163.97ms
step:1513/3125 train_time:248.080s step_avg:163.97ms
step:1514/3125 train_time:248.241s step_avg:163.96ms
step:1515/3125 train_time:248.400s step_avg:163.96ms
step:1516/3125 train_time:248.561s step_avg:163.96ms
step:1517/3125 train_time:248.723s step_avg:163.96ms
step:1518/3125 train_time:248.883s step_avg:163.95ms
step:1519/3125 train_time:249.043s step_avg:163.95ms
step:1520/3125 train_time:249.204s step_avg:163.95ms
step:1521/3125 train_time:249.415s step_avg:163.98ms
step:1522/3125 train_time:249.578s step_avg:163.98ms
step:1523/3125 train_time:249.741s step_avg:163.98ms
step:1524/3125 train_time:249.903s step_avg:163.98ms
step:1525/3125 train_time:250.064s step_avg:163.98ms
step:1526/3125 train_time:250.225s step_avg:163.97ms
step:1527/3125 train_time:250.386s step_avg:163.97ms
step:1528/3125 train_time:250.547s step_avg:163.97ms
step:1529/3125 train_time:250.707s step_avg:163.97ms
step:1530/3125 train_time:250.867s step_avg:163.97ms
step:1531/3125 train_time:251.028s step_avg:163.96ms
step:1532/3125 train_time:251.191s step_avg:163.96ms
step:1533/3125 train_time:251.355s step_avg:163.96ms
step:1534/3125 train_time:251.516s step_avg:163.96ms
step:1535/3125 train_time:251.677s step_avg:163.96ms
step:1536/3125 train_time:251.838s step_avg:163.96ms
step:1537/3125 train_time:251.999s step_avg:163.96ms
step:1538/3125 train_time:252.161s step_avg:163.95ms
step:1539/3125 train_time:252.321s step_avg:163.95ms
step:1540/3125 train_time:252.483s step_avg:163.95ms
step:1541/3125 train_time:252.643s step_avg:163.95ms
step:1542/3125 train_time:252.805s step_avg:163.95ms
step:1543/3125 train_time:252.966s step_avg:163.94ms
step:1544/3125 train_time:253.127s step_avg:163.94ms
step:1545/3125 train_time:253.287s step_avg:163.94ms
step:1546/3125 train_time:253.449s step_avg:163.94ms
step:1547/3125 train_time:253.611s step_avg:163.94ms
step:1548/3125 train_time:253.772s step_avg:163.94ms
step:1549/3125 train_time:253.934s step_avg:163.93ms
step:1550/3125 train_time:254.095s step_avg:163.93ms
step:1551/3125 train_time:254.257s step_avg:163.93ms
step:1552/3125 train_time:254.419s step_avg:163.93ms
step:1553/3125 train_time:254.581s step_avg:163.93ms
step:1554/3125 train_time:254.743s step_avg:163.93ms
step:1555/3125 train_time:254.904s step_avg:163.93ms
step:1556/3125 train_time:255.064s step_avg:163.92ms
step:1557/3125 train_time:255.226s step_avg:163.92ms
step:1558/3125 train_time:255.390s step_avg:163.92ms
step:1559/3125 train_time:255.550s step_avg:163.92ms
step:1560/3125 train_time:255.711s step_avg:163.92ms
step:1561/3125 train_time:255.874s step_avg:163.92ms
step:1562/3125 train_time:256.037s step_avg:163.92ms
step:1563/3125 train_time:256.199s step_avg:163.91ms
step:1564/3125 train_time:256.360s step_avg:163.91ms
step:1565/3125 train_time:256.523s step_avg:163.91ms
step:1566/3125 train_time:256.684s step_avg:163.91ms
step:1567/3125 train_time:256.845s step_avg:163.91ms
step:1568/3125 train_time:257.006s step_avg:163.91ms
step:1569/3125 train_time:257.170s step_avg:163.91ms
step:1570/3125 train_time:257.333s step_avg:163.91ms
step:1571/3125 train_time:257.495s step_avg:163.91ms
step:1572/3125 train_time:257.659s step_avg:163.91ms
step:1573/3125 train_time:257.821s step_avg:163.90ms
step:1574/3125 train_time:257.983s step_avg:163.90ms
step:1575/3125 train_time:258.145s step_avg:163.90ms
step:1576/3125 train_time:258.307s step_avg:163.90ms
step:1577/3125 train_time:258.468s step_avg:163.90ms
step:1578/3125 train_time:258.630s step_avg:163.90ms
step:1579/3125 train_time:258.791s step_avg:163.90ms
step:1580/3125 train_time:258.955s step_avg:163.90ms
step:1581/3125 train_time:259.118s step_avg:163.89ms
step:1582/3125 train_time:259.279s step_avg:163.89ms
step:1583/3125 train_time:259.442s step_avg:163.89ms
step:1584/3125 train_time:259.605s step_avg:163.89ms
step:1585/3125 train_time:259.767s step_avg:163.89ms
step:1586/3125 train_time:259.928s step_avg:163.89ms
step:1587/3125 train_time:260.088s step_avg:163.89ms
step:1588/3125 train_time:260.251s step_avg:163.89ms
step:1589/3125 train_time:260.411s step_avg:163.88ms
step:1590/3125 train_time:260.574s step_avg:163.88ms
step:1591/3125 train_time:260.736s step_avg:163.88ms
step:1592/3125 train_time:260.897s step_avg:163.88ms
step:1593/3125 train_time:261.060s step_avg:163.88ms
step:1594/3125 train_time:261.223s step_avg:163.88ms
step:1595/3125 train_time:261.384s step_avg:163.88ms
step:1596/3125 train_time:261.545s step_avg:163.88ms
step:1597/3125 train_time:261.707s step_avg:163.87ms
step:1598/3125 train_time:261.867s step_avg:163.87ms
step:1599/3125 train_time:262.031s step_avg:163.87ms
step:1600/3125 train_time:262.191s step_avg:163.87ms
step:1601/3125 train_time:262.352s step_avg:163.87ms
step:1602/3125 train_time:262.513s step_avg:163.87ms
step:1603/3125 train_time:262.675s step_avg:163.86ms
step:1604/3125 train_time:262.836s step_avg:163.86ms
step:1605/3125 train_time:262.997s step_avg:163.86ms
step:1606/3125 train_time:263.157s step_avg:163.86ms
step:1607/3125 train_time:263.318s step_avg:163.86ms
step:1608/3125 train_time:263.479s step_avg:163.86ms
step:1609/3125 train_time:263.641s step_avg:163.85ms
step:1610/3125 train_time:263.802s step_avg:163.85ms
step:1611/3125 train_time:263.964s step_avg:163.85ms
step:1612/3125 train_time:264.124s step_avg:163.85ms
step:1613/3125 train_time:264.286s step_avg:163.85ms
step:1614/3125 train_time:264.449s step_avg:163.85ms
step:1615/3125 train_time:264.610s step_avg:163.85ms
step:1616/3125 train_time:264.774s step_avg:163.85ms
step:1617/3125 train_time:264.936s step_avg:163.84ms
step:1618/3125 train_time:265.100s step_avg:163.84ms
step:1619/3125 train_time:265.262s step_avg:163.84ms
step:1620/3125 train_time:265.423s step_avg:163.84ms
step:1621/3125 train_time:265.584s step_avg:163.84ms
step:1622/3125 train_time:265.744s step_avg:163.84ms
step:1623/3125 train_time:265.906s step_avg:163.84ms
step:1624/3125 train_time:266.068s step_avg:163.84ms
step:1625/3125 train_time:266.229s step_avg:163.83ms
step:1625/3125 val_loss:3.51536 train_time:266.230s step_avg:162.04ms
step:1626/3125 train_time:266.396s step_avg:163.83ms
step:1627/3125 train_time:266.557s step_avg:163.83ms
step:1628/3125 train_time:266.719s step_avg:163.83ms
step:1629/3125 train_time:266.880s step_avg:163.83ms
step:1630/3125 train_time:267.041s step_avg:163.83ms
step:1631/3125 train_time:267.203s step_avg:163.83ms
step:1632/3125 train_time:267.368s step_avg:163.83ms
step:1633/3125 train_time:267.529s step_avg:163.83ms
step:1634/3125 train_time:267.689s step_avg:163.82ms
step:1635/3125 train_time:267.852s step_avg:163.82ms
step:1636/3125 train_time:268.012s step_avg:163.82ms
step:1637/3125 train_time:268.175s step_avg:163.82ms
step:1638/3125 train_time:268.336s step_avg:163.82ms
step:1639/3125 train_time:268.498s step_avg:163.82ms
step:1640/3125 train_time:268.660s step_avg:163.82ms
step:1641/3125 train_time:268.821s step_avg:163.82ms
step:1642/3125 train_time:268.982s step_avg:163.81ms
step:1643/3125 train_time:269.144s step_avg:163.81ms
step:1644/3125 train_time:269.306s step_avg:163.81ms
step:1645/3125 train_time:269.470s step_avg:163.81ms
step:1646/3125 train_time:269.632s step_avg:163.81ms
step:1647/3125 train_time:269.793s step_avg:163.81ms
step:1648/3125 train_time:269.955s step_avg:163.81ms
step:1649/3125 train_time:270.116s step_avg:163.81ms
step:1650/3125 train_time:270.278s step_avg:163.80ms
step:1651/3125 train_time:270.439s step_avg:163.80ms
step:1652/3125 train_time:270.600s step_avg:163.80ms
step:1653/3125 train_time:270.761s step_avg:163.80ms
step:1654/3125 train_time:270.922s step_avg:163.80ms
step:1655/3125 train_time:271.084s step_avg:163.80ms
step:1656/3125 train_time:271.246s step_avg:163.80ms
step:1657/3125 train_time:271.407s step_avg:163.79ms
step:1658/3125 train_time:271.568s step_avg:163.79ms
step:1659/3125 train_time:271.730s step_avg:163.79ms
step:1660/3125 train_time:271.892s step_avg:163.79ms
step:1661/3125 train_time:272.053s step_avg:163.79ms
step:1662/3125 train_time:272.213s step_avg:163.79ms
step:1663/3125 train_time:272.374s step_avg:163.78ms
step:1664/3125 train_time:272.535s step_avg:163.78ms
step:1665/3125 train_time:272.697s step_avg:163.78ms
step:1666/3125 train_time:272.859s step_avg:163.78ms
step:1667/3125 train_time:273.021s step_avg:163.78ms
step:1668/3125 train_time:273.182s step_avg:163.78ms
step:1669/3125 train_time:273.343s step_avg:163.78ms
step:1670/3125 train_time:273.506s step_avg:163.78ms
step:1671/3125 train_time:273.669s step_avg:163.78ms
step:1672/3125 train_time:273.829s step_avg:163.77ms
step:1673/3125 train_time:273.990s step_avg:163.77ms
step:1674/3125 train_time:274.153s step_avg:163.77ms
step:1675/3125 train_time:274.315s step_avg:163.77ms
step:1676/3125 train_time:274.477s step_avg:163.77ms
step:1677/3125 train_time:274.638s step_avg:163.77ms
step:1678/3125 train_time:274.801s step_avg:163.77ms
step:1679/3125 train_time:274.963s step_avg:163.77ms
step:1680/3125 train_time:275.128s step_avg:163.77ms
step:1681/3125 train_time:275.289s step_avg:163.76ms
step:1682/3125 train_time:275.451s step_avg:163.76ms
step:1683/3125 train_time:275.613s step_avg:163.76ms
step:1684/3125 train_time:275.776s step_avg:163.76ms
step:1685/3125 train_time:275.937s step_avg:163.76ms
step:1686/3125 train_time:276.099s step_avg:163.76ms
step:1687/3125 train_time:276.261s step_avg:163.76ms
step:1688/3125 train_time:276.425s step_avg:163.76ms
step:1689/3125 train_time:276.587s step_avg:163.76ms
step:1690/3125 train_time:276.748s step_avg:163.76ms
step:1691/3125 train_time:276.911s step_avg:163.76ms
step:1692/3125 train_time:277.072s step_avg:163.75ms
step:1693/3125 train_time:277.233s step_avg:163.75ms
step:1694/3125 train_time:277.394s step_avg:163.75ms
step:1695/3125 train_time:277.555s step_avg:163.75ms
step:1696/3125 train_time:277.715s step_avg:163.75ms
step:1697/3125 train_time:277.876s step_avg:163.75ms
step:1698/3125 train_time:278.036s step_avg:163.74ms
step:1699/3125 train_time:278.199s step_avg:163.74ms
step:1700/3125 train_time:278.360s step_avg:163.74ms
step:1701/3125 train_time:278.521s step_avg:163.74ms
step:1702/3125 train_time:278.683s step_avg:163.74ms
step:1703/3125 train_time:278.845s step_avg:163.74ms
step:1704/3125 train_time:279.006s step_avg:163.74ms
step:1705/3125 train_time:279.167s step_avg:163.73ms
step:1706/3125 train_time:279.330s step_avg:163.73ms
step:1707/3125 train_time:279.491s step_avg:163.73ms
step:1708/3125 train_time:279.653s step_avg:163.73ms
step:1709/3125 train_time:279.814s step_avg:163.73ms
step:1710/3125 train_time:279.976s step_avg:163.73ms
step:1711/3125 train_time:280.188s step_avg:163.76ms
step:1712/3125 train_time:280.350s step_avg:163.76ms
step:1713/3125 train_time:280.511s step_avg:163.75ms
step:1714/3125 train_time:280.673s step_avg:163.75ms
step:1715/3125 train_time:280.834s step_avg:163.75ms
step:1716/3125 train_time:280.994s step_avg:163.75ms
step:1717/3125 train_time:281.155s step_avg:163.75ms
step:1718/3125 train_time:281.316s step_avg:163.75ms
step:1719/3125 train_time:281.478s step_avg:163.75ms
step:1720/3125 train_time:281.639s step_avg:163.74ms
step:1721/3125 train_time:281.801s step_avg:163.74ms
step:1722/3125 train_time:281.962s step_avg:163.74ms
step:1723/3125 train_time:282.124s step_avg:163.74ms
step:1724/3125 train_time:282.285s step_avg:163.74ms
step:1725/3125 train_time:282.448s step_avg:163.74ms
step:1726/3125 train_time:282.609s step_avg:163.74ms
step:1727/3125 train_time:282.771s step_avg:163.74ms
step:1728/3125 train_time:282.933s step_avg:163.73ms
step:1729/3125 train_time:283.094s step_avg:163.73ms
step:1730/3125 train_time:283.255s step_avg:163.73ms
step:1731/3125 train_time:283.415s step_avg:163.73ms
step:1732/3125 train_time:283.577s step_avg:163.73ms
step:1733/3125 train_time:283.740s step_avg:163.73ms
step:1734/3125 train_time:283.900s step_avg:163.73ms
step:1735/3125 train_time:284.065s step_avg:163.73ms
step:1736/3125 train_time:284.227s step_avg:163.73ms
step:1737/3125 train_time:284.388s step_avg:163.72ms
step:1738/3125 train_time:284.549s step_avg:163.72ms
step:1739/3125 train_time:284.711s step_avg:163.72ms
step:1740/3125 train_time:284.873s step_avg:163.72ms
step:1741/3125 train_time:285.033s step_avg:163.72ms
step:1742/3125 train_time:285.195s step_avg:163.72ms
step:1743/3125 train_time:285.356s step_avg:163.72ms
step:1744/3125 train_time:285.515s step_avg:163.71ms
step:1745/3125 train_time:285.676s step_avg:163.71ms
step:1746/3125 train_time:285.837s step_avg:163.71ms
step:1747/3125 train_time:285.999s step_avg:163.71ms
step:1748/3125 train_time:286.161s step_avg:163.71ms
step:1749/3125 train_time:286.324s step_avg:163.71ms
step:1750/3125 train_time:286.486s step_avg:163.71ms
step:1750/3125 val_loss:3.47693 train_time:286.486s step_avg:162.05ms
step:1751/3125 train_time:286.650s step_avg:163.71ms
step:1752/3125 train_time:286.811s step_avg:163.71ms
step:1753/3125 train_time:286.976s step_avg:163.71ms
step:1754/3125 train_time:287.138s step_avg:163.70ms
step:1755/3125 train_time:287.299s step_avg:163.70ms
step:1756/3125 train_time:287.463s step_avg:163.70ms
step:1757/3125 train_time:287.625s step_avg:163.70ms
step:1758/3125 train_time:287.787s step_avg:163.70ms
step:1759/3125 train_time:287.950s step_avg:163.70ms
step:1760/3125 train_time:288.111s step_avg:163.70ms
step:1761/3125 train_time:288.274s step_avg:163.70ms
step:1762/3125 train_time:288.435s step_avg:163.70ms
step:1763/3125 train_time:288.596s step_avg:163.70ms
step:1764/3125 train_time:288.757s step_avg:163.69ms
step:1765/3125 train_time:288.917s step_avg:163.69ms
step:1766/3125 train_time:289.079s step_avg:163.69ms
step:1767/3125 train_time:289.239s step_avg:163.69ms
step:1768/3125 train_time:289.399s step_avg:163.69ms
step:1769/3125 train_time:289.561s step_avg:163.69ms
step:1770/3125 train_time:289.723s step_avg:163.69ms
step:1771/3125 train_time:289.885s step_avg:163.68ms
step:1772/3125 train_time:290.045s step_avg:163.68ms
step:1773/3125 train_time:290.207s step_avg:163.68ms
step:1774/3125 train_time:290.368s step_avg:163.68ms
step:1775/3125 train_time:290.529s step_avg:163.68ms
step:1776/3125 train_time:290.690s step_avg:163.68ms
step:1777/3125 train_time:290.853s step_avg:163.68ms
step:1778/3125 train_time:291.013s step_avg:163.67ms
step:1779/3125 train_time:291.175s step_avg:163.67ms
step:1780/3125 train_time:291.336s step_avg:163.67ms
step:1781/3125 train_time:291.497s step_avg:163.67ms
step:1782/3125 train_time:291.662s step_avg:163.67ms
step:1783/3125 train_time:291.825s step_avg:163.67ms
step:1784/3125 train_time:291.986s step_avg:163.67ms
step:1785/3125 train_time:292.147s step_avg:163.67ms
step:1786/3125 train_time:292.310s step_avg:163.67ms
step:1787/3125 train_time:292.472s step_avg:163.67ms
step:1788/3125 train_time:292.635s step_avg:163.67ms
step:1789/3125 train_time:292.794s step_avg:163.66ms
step:1790/3125 train_time:292.956s step_avg:163.66ms
step:1791/3125 train_time:293.117s step_avg:163.66ms
step:1792/3125 train_time:293.278s step_avg:163.66ms
step:1793/3125 train_time:293.439s step_avg:163.66ms
step:1794/3125 train_time:293.601s step_avg:163.66ms
step:1795/3125 train_time:293.761s step_avg:163.66ms
step:1796/3125 train_time:293.921s step_avg:163.65ms
step:1797/3125 train_time:294.082s step_avg:163.65ms
step:1798/3125 train_time:294.242s step_avg:163.65ms
step:1799/3125 train_time:294.404s step_avg:163.65ms
step:1800/3125 train_time:294.565s step_avg:163.65ms
step:1801/3125 train_time:294.726s step_avg:163.65ms
step:1802/3125 train_time:294.889s step_avg:163.65ms
step:1803/3125 train_time:295.050s step_avg:163.64ms
step:1804/3125 train_time:295.211s step_avg:163.64ms
step:1805/3125 train_time:295.374s step_avg:163.64ms
step:1806/3125 train_time:295.536s step_avg:163.64ms
step:1807/3125 train_time:295.698s step_avg:163.64ms
step:1808/3125 train_time:295.860s step_avg:163.64ms
step:1809/3125 train_time:296.021s step_avg:163.64ms
step:1810/3125 train_time:296.181s step_avg:163.64ms
step:1811/3125 train_time:296.342s step_avg:163.63ms
step:1812/3125 train_time:296.503s step_avg:163.63ms
step:1813/3125 train_time:296.663s step_avg:163.63ms
step:1814/3125 train_time:296.825s step_avg:163.63ms
step:1815/3125 train_time:296.986s step_avg:163.63ms
step:1816/3125 train_time:297.148s step_avg:163.63ms
step:1817/3125 train_time:297.309s step_avg:163.63ms
step:1818/3125 train_time:297.472s step_avg:163.63ms
step:1819/3125 train_time:297.634s step_avg:163.62ms
step:1820/3125 train_time:297.797s step_avg:163.62ms
step:1821/3125 train_time:297.959s step_avg:163.62ms
step:1822/3125 train_time:298.122s step_avg:163.62ms
step:1823/3125 train_time:298.284s step_avg:163.62ms
step:1824/3125 train_time:298.446s step_avg:163.62ms
step:1825/3125 train_time:298.608s step_avg:163.62ms
step:1826/3125 train_time:298.769s step_avg:163.62ms
step:1827/3125 train_time:298.930s step_avg:163.62ms
step:1828/3125 train_time:299.091s step_avg:163.62ms
step:1829/3125 train_time:299.252s step_avg:163.62ms
step:1830/3125 train_time:299.413s step_avg:163.61ms
step:1831/3125 train_time:299.575s step_avg:163.61ms
step:1832/3125 train_time:299.737s step_avg:163.61ms
step:1833/3125 train_time:299.899s step_avg:163.61ms
step:1834/3125 train_time:300.060s step_avg:163.61ms
step:1835/3125 train_time:300.222s step_avg:163.61ms
step:1836/3125 train_time:300.384s step_avg:163.61ms
step:1837/3125 train_time:300.546s step_avg:163.61ms
step:1838/3125 train_time:300.708s step_avg:163.61ms
step:1839/3125 train_time:300.871s step_avg:163.61ms
step:1840/3125 train_time:301.032s step_avg:163.60ms
step:1841/3125 train_time:301.192s step_avg:163.60ms
step:1842/3125 train_time:301.355s step_avg:163.60ms
step:1843/3125 train_time:301.515s step_avg:163.60ms
step:1844/3125 train_time:301.676s step_avg:163.60ms
step:1845/3125 train_time:301.838s step_avg:163.60ms
step:1846/3125 train_time:301.999s step_avg:163.60ms
step:1847/3125 train_time:302.161s step_avg:163.60ms
step:1848/3125 train_time:302.322s step_avg:163.59ms
step:1849/3125 train_time:302.484s step_avg:163.59ms
step:1850/3125 train_time:302.645s step_avg:163.59ms
step:1851/3125 train_time:302.809s step_avg:163.59ms
step:1852/3125 train_time:302.973s step_avg:163.59ms
step:1853/3125 train_time:303.134s step_avg:163.59ms
step:1854/3125 train_time:303.295s step_avg:163.59ms
step:1855/3125 train_time:303.456s step_avg:163.59ms
step:1856/3125 train_time:303.617s step_avg:163.59ms
step:1857/3125 train_time:303.779s step_avg:163.59ms
step:1858/3125 train_time:303.940s step_avg:163.58ms
step:1859/3125 train_time:304.100s step_avg:163.58ms
step:1860/3125 train_time:304.261s step_avg:163.58ms
step:1861/3125 train_time:304.423s step_avg:163.58ms
step:1862/3125 train_time:304.583s step_avg:163.58ms
step:1863/3125 train_time:304.745s step_avg:163.58ms
step:1864/3125 train_time:304.907s step_avg:163.58ms
step:1865/3125 train_time:305.068s step_avg:163.58ms
step:1866/3125 train_time:305.229s step_avg:163.57ms
step:1867/3125 train_time:305.390s step_avg:163.57ms
step:1868/3125 train_time:305.552s step_avg:163.57ms
step:1869/3125 train_time:305.713s step_avg:163.57ms
step:1870/3125 train_time:305.875s step_avg:163.57ms
step:1871/3125 train_time:306.036s step_avg:163.57ms
step:1872/3125 train_time:306.197s step_avg:163.57ms
step:1873/3125 train_time:306.359s step_avg:163.57ms
step:1874/3125 train_time:306.520s step_avg:163.56ms
step:1875/3125 train_time:306.681s step_avg:163.56ms
step:1875/3125 val_loss:3.45194 train_time:306.681s step_avg:161.56ms
step:1876/3125 train_time:306.848s step_avg:163.57ms
step:1877/3125 train_time:307.011s step_avg:163.56ms
step:1878/3125 train_time:307.171s step_avg:163.56ms
step:1879/3125 train_time:307.333s step_avg:163.56ms
step:1880/3125 train_time:307.494s step_avg:163.56ms
step:1881/3125 train_time:307.656s step_avg:163.56ms
step:1882/3125 train_time:307.818s step_avg:163.56ms
step:1883/3125 train_time:307.978s step_avg:163.56ms
step:1884/3125 train_time:308.141s step_avg:163.56ms
step:1885/3125 train_time:308.304s step_avg:163.56ms
step:1886/3125 train_time:308.466s step_avg:163.56ms
step:1887/3125 train_time:308.627s step_avg:163.55ms
step:1888/3125 train_time:308.790s step_avg:163.55ms
step:1889/3125 train_time:308.952s step_avg:163.55ms
step:1890/3125 train_time:309.112s step_avg:163.55ms
step:1891/3125 train_time:309.272s step_avg:163.55ms
step:1892/3125 train_time:309.434s step_avg:163.55ms
step:1893/3125 train_time:309.594s step_avg:163.55ms
step:1894/3125 train_time:309.754s step_avg:163.55ms
step:1895/3125 train_time:309.915s step_avg:163.54ms
step:1896/3125 train_time:310.076s step_avg:163.54ms
step:1897/3125 train_time:310.240s step_avg:163.54ms
step:1898/3125 train_time:310.402s step_avg:163.54ms
step:1899/3125 train_time:310.565s step_avg:163.54ms
step:1900/3125 train_time:310.726s step_avg:163.54ms
step:1901/3125 train_time:310.941s step_avg:163.57ms
step:1902/3125 train_time:311.104s step_avg:163.57ms
step:1903/3125 train_time:311.266s step_avg:163.57ms
step:1904/3125 train_time:311.427s step_avg:163.56ms
step:1905/3125 train_time:311.590s step_avg:163.56ms
step:1906/3125 train_time:311.752s step_avg:163.56ms
step:1907/3125 train_time:311.912s step_avg:163.56ms
step:1908/3125 train_time:312.073s step_avg:163.56ms
step:1909/3125 train_time:312.234s step_avg:163.56ms
step:1910/3125 train_time:312.395s step_avg:163.56ms
step:1911/3125 train_time:312.557s step_avg:163.56ms
step:1912/3125 train_time:312.718s step_avg:163.56ms
step:1913/3125 train_time:312.878s step_avg:163.55ms
step:1914/3125 train_time:313.041s step_avg:163.55ms
step:1915/3125 train_time:313.203s step_avg:163.55ms
step:1916/3125 train_time:313.364s step_avg:163.55ms
step:1917/3125 train_time:313.525s step_avg:163.55ms
step:1918/3125 train_time:313.687s step_avg:163.55ms
step:1919/3125 train_time:313.849s step_avg:163.55ms
step:1920/3125 train_time:314.010s step_avg:163.55ms
step:1921/3125 train_time:314.171s step_avg:163.55ms
step:1922/3125 train_time:314.333s step_avg:163.54ms
step:1923/3125 train_time:314.495s step_avg:163.54ms
step:1924/3125 train_time:314.656s step_avg:163.54ms
step:1925/3125 train_time:314.817s step_avg:163.54ms
step:1926/3125 train_time:314.979s step_avg:163.54ms
step:1927/3125 train_time:315.140s step_avg:163.54ms
step:1928/3125 train_time:315.303s step_avg:163.54ms
step:1929/3125 train_time:315.465s step_avg:163.54ms
step:1930/3125 train_time:315.626s step_avg:163.54ms
step:1931/3125 train_time:315.789s step_avg:163.54ms
step:1932/3125 train_time:315.955s step_avg:163.54ms
step:1933/3125 train_time:316.119s step_avg:163.54ms
step:1934/3125 train_time:316.281s step_avg:163.54ms
step:1935/3125 train_time:316.443s step_avg:163.54ms
step:1936/3125 train_time:316.605s step_avg:163.54ms
step:1937/3125 train_time:316.767s step_avg:163.53ms
step:1938/3125 train_time:316.931s step_avg:163.53ms
step:1939/3125 train_time:317.092s step_avg:163.53ms
step:1940/3125 train_time:317.253s step_avg:163.53ms
step:1941/3125 train_time:317.415s step_avg:163.53ms
step:1942/3125 train_time:317.576s step_avg:163.53ms
step:1943/3125 train_time:317.739s step_avg:163.53ms
step:1944/3125 train_time:317.900s step_avg:163.53ms
step:1945/3125 train_time:318.061s step_avg:163.53ms
step:1946/3125 train_time:318.223s step_avg:163.53ms
step:1947/3125 train_time:318.385s step_avg:163.53ms
step:1948/3125 train_time:318.546s step_avg:163.52ms
step:1949/3125 train_time:318.707s step_avg:163.52ms
step:1950/3125 train_time:318.869s step_avg:163.52ms
step:1951/3125 train_time:319.029s step_avg:163.52ms
step:1952/3125 train_time:319.190s step_avg:163.52ms
step:1953/3125 train_time:319.352s step_avg:163.52ms
step:1954/3125 train_time:319.514s step_avg:163.52ms
step:1955/3125 train_time:319.675s step_avg:163.52ms
step:1956/3125 train_time:319.837s step_avg:163.52ms
step:1957/3125 train_time:319.998s step_avg:163.51ms
step:1958/3125 train_time:320.160s step_avg:163.51ms
step:1959/3125 train_time:320.321s step_avg:163.51ms
step:1960/3125 train_time:320.483s step_avg:163.51ms
step:1961/3125 train_time:320.645s step_avg:163.51ms
step:1962/3125 train_time:320.806s step_avg:163.51ms
step:1963/3125 train_time:320.967s step_avg:163.51ms
step:1964/3125 train_time:321.128s step_avg:163.51ms
step:1965/3125 train_time:321.288s step_avg:163.51ms
step:1966/3125 train_time:321.452s step_avg:163.51ms
step:1967/3125 train_time:321.613s step_avg:163.50ms
step:1968/3125 train_time:321.774s step_avg:163.50ms
step:1969/3125 train_time:321.935s step_avg:163.50ms
step:1970/3125 train_time:322.096s step_avg:163.50ms
step:1971/3125 train_time:322.258s step_avg:163.50ms
step:1972/3125 train_time:322.419s step_avg:163.50ms
step:1973/3125 train_time:322.581s step_avg:163.50ms
step:1974/3125 train_time:322.742s step_avg:163.50ms
step:1975/3125 train_time:322.904s step_avg:163.50ms
step:1976/3125 train_time:323.065s step_avg:163.49ms
step:1977/3125 train_time:323.228s step_avg:163.49ms
step:1978/3125 train_time:323.390s step_avg:163.49ms
step:1979/3125 train_time:323.551s step_avg:163.49ms
step:1980/3125 train_time:323.712s step_avg:163.49ms
step:1981/3125 train_time:323.873s step_avg:163.49ms
step:1982/3125 train_time:324.034s step_avg:163.49ms
step:1983/3125 train_time:324.194s step_avg:163.49ms
step:1984/3125 train_time:324.356s step_avg:163.49ms
step:1985/3125 train_time:324.517s step_avg:163.48ms
step:1986/3125 train_time:324.680s step_avg:163.48ms
step:1987/3125 train_time:324.841s step_avg:163.48ms
step:1988/3125 train_time:325.003s step_avg:163.48ms
step:1989/3125 train_time:325.164s step_avg:163.48ms
step:1990/3125 train_time:325.326s step_avg:163.48ms
step:1991/3125 train_time:325.488s step_avg:163.48ms
step:1992/3125 train_time:325.649s step_avg:163.48ms
step:1993/3125 train_time:325.811s step_avg:163.48ms
step:1994/3125 train_time:325.973s step_avg:163.48ms
step:1995/3125 train_time:326.135s step_avg:163.48ms
step:1996/3125 train_time:326.296s step_avg:163.48ms
step:1997/3125 train_time:326.459s step_avg:163.47ms
step:1998/3125 train_time:326.619s step_avg:163.47ms
step:1999/3125 train_time:326.780s step_avg:163.47ms
step:2000/3125 train_time:326.943s step_avg:163.47ms
step:2000/3125 val_loss:3.42693 train_time:326.943s step_avg:162.10ms
step:2001/3125 train_time:327.108s step_avg:163.47ms
step:2002/3125 train_time:327.269s step_avg:163.47ms
step:2003/3125 train_time:327.430s step_avg:163.47ms
step:2004/3125 train_time:327.591s step_avg:163.47ms
step:2005/3125 train_time:327.754s step_avg:163.47ms
step:2006/3125 train_time:327.916s step_avg:163.47ms
step:2007/3125 train_time:328.076s step_avg:163.47ms
step:2008/3125 train_time:328.237s step_avg:163.46ms
step:2009/3125 train_time:328.400s step_avg:163.46ms
step:2010/3125 train_time:328.562s step_avg:163.46ms
step:2011/3125 train_time:328.723s step_avg:163.46ms
step:2012/3125 train_time:328.885s step_avg:163.46ms
step:2013/3125 train_time:329.048s step_avg:163.46ms
step:2014/3125 train_time:329.209s step_avg:163.46ms
step:2015/3125 train_time:329.371s step_avg:163.46ms
step:2016/3125 train_time:329.533s step_avg:163.46ms
step:2017/3125 train_time:329.695s step_avg:163.46ms
step:2018/3125 train_time:329.856s step_avg:163.46ms
step:2019/3125 train_time:330.017s step_avg:163.46ms
step:2020/3125 train_time:330.178s step_avg:163.45ms
step:2021/3125 train_time:330.339s step_avg:163.45ms
step:2022/3125 train_time:330.500s step_avg:163.45ms
step:2023/3125 train_time:330.662s step_avg:163.45ms
step:2024/3125 train_time:330.823s step_avg:163.45ms
step:2025/3125 train_time:330.985s step_avg:163.45ms
step:2026/3125 train_time:331.146s step_avg:163.45ms
step:2027/3125 train_time:331.308s step_avg:163.45ms
step:2028/3125 train_time:331.470s step_avg:163.45ms
step:2029/3125 train_time:331.633s step_avg:163.45ms
step:2030/3125 train_time:331.794s step_avg:163.45ms
step:2031/3125 train_time:331.955s step_avg:163.44ms
step:2032/3125 train_time:332.117s step_avg:163.44ms
step:2033/3125 train_time:332.279s step_avg:163.44ms
step:2034/3125 train_time:332.440s step_avg:163.44ms
step:2035/3125 train_time:332.601s step_avg:163.44ms
step:2036/3125 train_time:332.763s step_avg:163.44ms
step:2037/3125 train_time:332.924s step_avg:163.44ms
step:2038/3125 train_time:333.087s step_avg:163.44ms
step:2039/3125 train_time:333.251s step_avg:163.44ms
step:2040/3125 train_time:333.411s step_avg:163.44ms
step:2041/3125 train_time:333.573s step_avg:163.44ms
step:2042/3125 train_time:333.735s step_avg:163.44ms
step:2043/3125 train_time:333.896s step_avg:163.43ms
step:2044/3125 train_time:334.058s step_avg:163.43ms
step:2045/3125 train_time:334.219s step_avg:163.43ms
step:2046/3125 train_time:334.381s step_avg:163.43ms
step:2047/3125 train_time:334.543s step_avg:163.43ms
step:2048/3125 train_time:334.705s step_avg:163.43ms
step:2049/3125 train_time:334.866s step_avg:163.43ms
step:2050/3125 train_time:335.028s step_avg:163.43ms
step:2051/3125 train_time:335.191s step_avg:163.43ms
step:2052/3125 train_time:335.352s step_avg:163.43ms
step:2053/3125 train_time:335.515s step_avg:163.43ms
step:2054/3125 train_time:335.678s step_avg:163.43ms
step:2055/3125 train_time:335.839s step_avg:163.43ms
step:2056/3125 train_time:336.001s step_avg:163.42ms
step:2057/3125 train_time:336.163s step_avg:163.42ms
step:2058/3125 train_time:336.325s step_avg:163.42ms
step:2059/3125 train_time:336.487s step_avg:163.42ms
step:2060/3125 train_time:336.648s step_avg:163.42ms
step:2061/3125 train_time:336.811s step_avg:163.42ms
step:2062/3125 train_time:336.973s step_avg:163.42ms
step:2063/3125 train_time:337.136s step_avg:163.42ms
step:2064/3125 train_time:337.297s step_avg:163.42ms
step:2065/3125 train_time:337.459s step_avg:163.42ms
step:2066/3125 train_time:337.621s step_avg:163.42ms
step:2067/3125 train_time:337.781s step_avg:163.42ms
step:2068/3125 train_time:337.941s step_avg:163.41ms
step:2069/3125 train_time:338.101s step_avg:163.41ms
step:2070/3125 train_time:338.264s step_avg:163.41ms
step:2071/3125 train_time:338.427s step_avg:163.41ms
step:2072/3125 train_time:338.588s step_avg:163.41ms
step:2073/3125 train_time:338.749s step_avg:163.41ms
step:2074/3125 train_time:338.910s step_avg:163.41ms
step:2075/3125 train_time:339.074s step_avg:163.41ms
step:2076/3125 train_time:339.234s step_avg:163.41ms
step:2077/3125 train_time:339.396s step_avg:163.41ms
step:2078/3125 train_time:339.556s step_avg:163.41ms
step:2079/3125 train_time:339.717s step_avg:163.40ms
step:2080/3125 train_time:339.879s step_avg:163.40ms
step:2081/3125 train_time:340.040s step_avg:163.40ms
step:2082/3125 train_time:340.200s step_avg:163.40ms
step:2083/3125 train_time:340.361s step_avg:163.40ms
step:2084/3125 train_time:340.522s step_avg:163.40ms
step:2085/3125 train_time:340.685s step_avg:163.40ms
step:2086/3125 train_time:340.846s step_avg:163.40ms
step:2087/3125 train_time:341.010s step_avg:163.40ms
step:2088/3125 train_time:341.176s step_avg:163.40ms
step:2089/3125 train_time:341.338s step_avg:163.40ms
step:2090/3125 train_time:341.502s step_avg:163.40ms
step:2091/3125 train_time:341.721s step_avg:163.42ms
step:2092/3125 train_time:341.882s step_avg:163.42ms
step:2093/3125 train_time:342.044s step_avg:163.42ms
step:2094/3125 train_time:342.207s step_avg:163.42ms
step:2095/3125 train_time:342.369s step_avg:163.42ms
step:2096/3125 train_time:342.530s step_avg:163.42ms
step:2097/3125 train_time:342.692s step_avg:163.42ms
step:2098/3125 train_time:342.855s step_avg:163.42ms
step:2099/3125 train_time:343.016s step_avg:163.42ms
step:2100/3125 train_time:343.177s step_avg:163.42ms
step:2101/3125 train_time:343.339s step_avg:163.42ms
step:2102/3125 train_time:343.499s step_avg:163.42ms
step:2103/3125 train_time:343.661s step_avg:163.41ms
step:2104/3125 train_time:343.822s step_avg:163.41ms
step:2105/3125 train_time:343.984s step_avg:163.41ms
step:2106/3125 train_time:344.147s step_avg:163.41ms
step:2107/3125 train_time:344.310s step_avg:163.41ms
step:2108/3125 train_time:344.471s step_avg:163.41ms
step:2109/3125 train_time:344.632s step_avg:163.41ms
step:2110/3125 train_time:344.793s step_avg:163.41ms
step:2111/3125 train_time:344.955s step_avg:163.41ms
step:2112/3125 train_time:345.119s step_avg:163.41ms
step:2113/3125 train_time:345.280s step_avg:163.41ms
step:2114/3125 train_time:345.441s step_avg:163.41ms
step:2115/3125 train_time:345.602s step_avg:163.41ms
step:2116/3125 train_time:345.763s step_avg:163.40ms
step:2117/3125 train_time:345.926s step_avg:163.40ms
step:2118/3125 train_time:346.087s step_avg:163.40ms
step:2119/3125 train_time:346.250s step_avg:163.40ms
step:2120/3125 train_time:346.412s step_avg:163.40ms
step:2121/3125 train_time:346.572s step_avg:163.40ms
step:2122/3125 train_time:346.734s step_avg:163.40ms
step:2123/3125 train_time:346.897s step_avg:163.40ms
step:2124/3125 train_time:347.058s step_avg:163.40ms
step:2125/3125 train_time:347.219s step_avg:163.40ms
step:2125/3125 val_loss:3.40545 train_time:347.219s step_avg:162.21ms
step:2126/3125 train_time:347.384s step_avg:163.40ms
step:2127/3125 train_time:347.545s step_avg:163.40ms
step:2128/3125 train_time:347.706s step_avg:163.40ms
step:2129/3125 train_time:347.867s step_avg:163.39ms
step:2130/3125 train_time:348.028s step_avg:163.39ms
step:2131/3125 train_time:348.189s step_avg:163.39ms
step:2132/3125 train_time:348.349s step_avg:163.39ms
step:2133/3125 train_time:348.510s step_avg:163.39ms
step:2134/3125 train_time:348.671s step_avg:163.39ms
step:2135/3125 train_time:348.833s step_avg:163.39ms
step:2136/3125 train_time:348.995s step_avg:163.39ms
step:2137/3125 train_time:349.156s step_avg:163.39ms
step:2138/3125 train_time:349.317s step_avg:163.39ms
step:2139/3125 train_time:349.479s step_avg:163.38ms
step:2140/3125 train_time:349.644s step_avg:163.38ms
step:2141/3125 train_time:349.805s step_avg:163.38ms
step:2142/3125 train_time:349.966s step_avg:163.38ms
step:2143/3125 train_time:350.127s step_avg:163.38ms
step:2144/3125 train_time:350.289s step_avg:163.38ms
step:2145/3125 train_time:350.451s step_avg:163.38ms
step:2146/3125 train_time:350.613s step_avg:163.38ms
step:2147/3125 train_time:350.774s step_avg:163.38ms
step:2148/3125 train_time:350.935s step_avg:163.38ms
step:2149/3125 train_time:351.097s step_avg:163.38ms
step:2150/3125 train_time:351.260s step_avg:163.38ms
step:2151/3125 train_time:351.421s step_avg:163.38ms
step:2152/3125 train_time:351.582s step_avg:163.37ms
step:2153/3125 train_time:351.744s step_avg:163.37ms
step:2154/3125 train_time:351.906s step_avg:163.37ms
step:2155/3125 train_time:352.067s step_avg:163.37ms
step:2156/3125 train_time:352.228s step_avg:163.37ms
step:2157/3125 train_time:352.389s step_avg:163.37ms
step:2158/3125 train_time:352.551s step_avg:163.37ms
step:2159/3125 train_time:352.713s step_avg:163.37ms
step:2160/3125 train_time:352.876s step_avg:163.37ms
step:2161/3125 train_time:353.039s step_avg:163.37ms
step:2162/3125 train_time:353.200s step_avg:163.37ms
step:2163/3125 train_time:353.362s step_avg:163.37ms
step:2164/3125 train_time:353.524s step_avg:163.37ms
step:2165/3125 train_time:353.686s step_avg:163.37ms
step:2166/3125 train_time:353.849s step_avg:163.36ms
step:2167/3125 train_time:354.010s step_avg:163.36ms
step:2168/3125 train_time:354.173s step_avg:163.36ms
step:2169/3125 train_time:354.335s step_avg:163.36ms
step:2170/3125 train_time:354.497s step_avg:163.36ms
step:2171/3125 train_time:354.659s step_avg:163.36ms
step:2172/3125 train_time:354.822s step_avg:163.36ms
step:2173/3125 train_time:354.986s step_avg:163.36ms
step:2174/3125 train_time:355.148s step_avg:163.36ms
step:2175/3125 train_time:355.310s step_avg:163.36ms
step:2176/3125 train_time:355.472s step_avg:163.36ms
step:2177/3125 train_time:355.633s step_avg:163.36ms
step:2178/3125 train_time:355.794s step_avg:163.36ms
step:2179/3125 train_time:355.955s step_avg:163.36ms
step:2180/3125 train_time:356.116s step_avg:163.36ms
step:2181/3125 train_time:356.278s step_avg:163.36ms
step:2182/3125 train_time:356.443s step_avg:163.36ms
step:2183/3125 train_time:356.606s step_avg:163.36ms
step:2184/3125 train_time:356.767s step_avg:163.35ms
step:2185/3125 train_time:356.928s step_avg:163.35ms
step:2186/3125 train_time:357.090s step_avg:163.35ms
step:2187/3125 train_time:357.251s step_avg:163.35ms
step:2188/3125 train_time:357.414s step_avg:163.35ms
step:2189/3125 train_time:357.579s step_avg:163.35ms
step:2190/3125 train_time:357.740s step_avg:163.35ms
step:2191/3125 train_time:357.902s step_avg:163.35ms
step:2192/3125 train_time:358.063s step_avg:163.35ms
step:2193/3125 train_time:358.224s step_avg:163.35ms
step:2194/3125 train_time:358.387s step_avg:163.35ms
step:2195/3125 train_time:358.549s step_avg:163.35ms
step:2196/3125 train_time:358.711s step_avg:163.35ms
step:2197/3125 train_time:358.872s step_avg:163.35ms
step:2198/3125 train_time:359.039s step_avg:163.35ms
step:2199/3125 train_time:359.202s step_avg:163.35ms
step:2200/3125 train_time:359.363s step_avg:163.35ms
step:2201/3125 train_time:359.525s step_avg:163.35ms
step:2202/3125 train_time:359.687s step_avg:163.35ms
step:2203/3125 train_time:359.849s step_avg:163.35ms
step:2204/3125 train_time:360.012s step_avg:163.34ms
step:2205/3125 train_time:360.176s step_avg:163.34ms
step:2206/3125 train_time:360.337s step_avg:163.34ms
step:2207/3125 train_time:360.500s step_avg:163.34ms
step:2208/3125 train_time:360.662s step_avg:163.34ms
step:2209/3125 train_time:360.824s step_avg:163.34ms
step:2210/3125 train_time:360.985s step_avg:163.34ms
step:2211/3125 train_time:361.147s step_avg:163.34ms
step:2212/3125 train_time:361.308s step_avg:163.34ms
step:2213/3125 train_time:361.469s step_avg:163.34ms
step:2214/3125 train_time:361.631s step_avg:163.34ms
step:2215/3125 train_time:361.793s step_avg:163.34ms
step:2216/3125 train_time:361.954s step_avg:163.34ms
step:2217/3125 train_time:362.115s step_avg:163.34ms
step:2218/3125 train_time:362.277s step_avg:163.34ms
step:2219/3125 train_time:362.441s step_avg:163.34ms
step:2220/3125 train_time:362.602s step_avg:163.33ms
step:2221/3125 train_time:362.764s step_avg:163.33ms
step:2222/3125 train_time:362.926s step_avg:163.33ms
step:2223/3125 train_time:363.086s step_avg:163.33ms
step:2224/3125 train_time:363.248s step_avg:163.33ms
step:2225/3125 train_time:363.408s step_avg:163.33ms
step:2226/3125 train_time:363.568s step_avg:163.33ms
step:2227/3125 train_time:363.728s step_avg:163.33ms
step:2228/3125 train_time:363.889s step_avg:163.33ms
step:2229/3125 train_time:364.052s step_avg:163.33ms
step:2230/3125 train_time:364.213s step_avg:163.32ms
step:2231/3125 train_time:364.375s step_avg:163.32ms
step:2232/3125 train_time:364.539s step_avg:163.32ms
step:2233/3125 train_time:364.701s step_avg:163.32ms
step:2234/3125 train_time:364.865s step_avg:163.32ms
step:2235/3125 train_time:365.028s step_avg:163.32ms
step:2236/3125 train_time:365.189s step_avg:163.32ms
step:2237/3125 train_time:365.351s step_avg:163.32ms
step:2238/3125 train_time:365.514s step_avg:163.32ms
step:2239/3125 train_time:365.676s step_avg:163.32ms
step:2240/3125 train_time:365.838s step_avg:163.32ms
step:2241/3125 train_time:366.001s step_avg:163.32ms
step:2242/3125 train_time:366.164s step_avg:163.32ms
step:2243/3125 train_time:366.326s step_avg:163.32ms
step:2244/3125 train_time:366.488s step_avg:163.32ms
step:2245/3125 train_time:366.649s step_avg:163.32ms
step:2246/3125 train_time:366.810s step_avg:163.32ms
step:2247/3125 train_time:366.971s step_avg:163.32ms
step:2248/3125 train_time:367.132s step_avg:163.31ms
step:2249/3125 train_time:367.293s step_avg:163.31ms
step:2250/3125 train_time:367.455s step_avg:163.31ms
step:2250/3125 val_loss:3.38432 train_time:367.455s step_avg:161.89ms
step:2251/3125 train_time:367.620s step_avg:163.31ms
step:2252/3125 train_time:367.781s step_avg:163.31ms
step:2253/3125 train_time:367.943s step_avg:163.31ms
step:2254/3125 train_time:368.104s step_avg:163.31ms
step:2255/3125 train_time:368.265s step_avg:163.31ms
step:2256/3125 train_time:368.425s step_avg:163.31ms
step:2257/3125 train_time:368.588s step_avg:163.31ms
step:2258/3125 train_time:368.750s step_avg:163.31ms
step:2259/3125 train_time:368.913s step_avg:163.31ms
step:2260/3125 train_time:369.074s step_avg:163.31ms
step:2261/3125 train_time:369.237s step_avg:163.31ms
step:2262/3125 train_time:369.399s step_avg:163.31ms
step:2263/3125 train_time:369.561s step_avg:163.31ms
step:2264/3125 train_time:369.723s step_avg:163.31ms
step:2265/3125 train_time:369.885s step_avg:163.30ms
step:2266/3125 train_time:370.048s step_avg:163.30ms
step:2267/3125 train_time:370.211s step_avg:163.30ms
step:2268/3125 train_time:370.372s step_avg:163.30ms
step:2269/3125 train_time:370.533s step_avg:163.30ms
step:2270/3125 train_time:370.696s step_avg:163.30ms
step:2271/3125 train_time:370.856s step_avg:163.30ms
step:2272/3125 train_time:371.018s step_avg:163.30ms
step:2273/3125 train_time:371.179s step_avg:163.30ms
step:2274/3125 train_time:371.341s step_avg:163.30ms
step:2275/3125 train_time:371.502s step_avg:163.30ms
step:2276/3125 train_time:371.664s step_avg:163.30ms
step:2277/3125 train_time:371.825s step_avg:163.30ms
step:2278/3125 train_time:371.988s step_avg:163.30ms
step:2279/3125 train_time:372.150s step_avg:163.30ms
step:2280/3125 train_time:372.311s step_avg:163.29ms
step:2281/3125 train_time:372.528s step_avg:163.32ms
step:2282/3125 train_time:372.691s step_avg:163.32ms
step:2283/3125 train_time:372.852s step_avg:163.32ms
step:2284/3125 train_time:373.013s step_avg:163.32ms
step:2285/3125 train_time:373.177s step_avg:163.32ms
step:2286/3125 train_time:373.338s step_avg:163.31ms
step:2287/3125 train_time:373.499s step_avg:163.31ms
step:2288/3125 train_time:373.661s step_avg:163.31ms
step:2289/3125 train_time:373.824s step_avg:163.31ms
step:2290/3125 train_time:373.984s step_avg:163.31ms
step:2291/3125 train_time:374.146s step_avg:163.31ms
step:2292/3125 train_time:374.308s step_avg:163.31ms
step:2293/3125 train_time:374.470s step_avg:163.31ms
step:2294/3125 train_time:374.632s step_avg:163.31ms
step:2295/3125 train_time:374.793s step_avg:163.31ms
step:2296/3125 train_time:374.954s step_avg:163.31ms
step:2297/3125 train_time:375.116s step_avg:163.31ms
step:2298/3125 train_time:375.277s step_avg:163.31ms
step:2299/3125 train_time:375.438s step_avg:163.30ms
step:2300/3125 train_time:375.599s step_avg:163.30ms
step:2301/3125 train_time:375.761s step_avg:163.30ms
step:2302/3125 train_time:375.923s step_avg:163.30ms
step:2303/3125 train_time:376.084s step_avg:163.30ms
step:2304/3125 train_time:376.244s step_avg:163.30ms
step:2305/3125 train_time:376.406s step_avg:163.30ms
step:2306/3125 train_time:376.568s step_avg:163.30ms
step:2307/3125 train_time:376.730s step_avg:163.30ms
step:2308/3125 train_time:376.891s step_avg:163.30ms
step:2309/3125 train_time:377.052s step_avg:163.30ms
step:2310/3125 train_time:377.212s step_avg:163.30ms
step:2311/3125 train_time:377.374s step_avg:163.29ms
step:2312/3125 train_time:377.536s step_avg:163.29ms
step:2313/3125 train_time:377.697s step_avg:163.29ms
step:2314/3125 train_time:377.860s step_avg:163.29ms
step:2315/3125 train_time:378.021s step_avg:163.29ms
step:2316/3125 train_time:378.182s step_avg:163.29ms
step:2317/3125 train_time:378.343s step_avg:163.29ms
step:2318/3125 train_time:378.505s step_avg:163.29ms
step:2319/3125 train_time:378.666s step_avg:163.29ms
step:2320/3125 train_time:378.828s step_avg:163.29ms
step:2321/3125 train_time:378.990s step_avg:163.29ms
step:2322/3125 train_time:379.152s step_avg:163.29ms
step:2323/3125 train_time:379.313s step_avg:163.29ms
step:2324/3125 train_time:379.476s step_avg:163.29ms
step:2325/3125 train_time:379.636s step_avg:163.28ms
step:2326/3125 train_time:379.798s step_avg:163.28ms
step:2327/3125 train_time:379.959s step_avg:163.28ms
step:2328/3125 train_time:380.122s step_avg:163.28ms
step:2329/3125 train_time:380.285s step_avg:163.28ms
step:2330/3125 train_time:380.446s step_avg:163.28ms
step:2331/3125 train_time:380.609s step_avg:163.28ms
step:2332/3125 train_time:380.771s step_avg:163.28ms
step:2333/3125 train_time:380.934s step_avg:163.28ms
step:2334/3125 train_time:381.096s step_avg:163.28ms
step:2335/3125 train_time:381.257s step_avg:163.28ms
step:2336/3125 train_time:381.418s step_avg:163.28ms
step:2337/3125 train_time:381.580s step_avg:163.28ms
step:2338/3125 train_time:381.742s step_avg:163.28ms
step:2339/3125 train_time:381.903s step_avg:163.28ms
step:2340/3125 train_time:382.064s step_avg:163.28ms
step:2341/3125 train_time:382.226s step_avg:163.27ms
step:2342/3125 train_time:382.388s step_avg:163.27ms
step:2343/3125 train_time:382.550s step_avg:163.27ms
step:2344/3125 train_time:382.711s step_avg:163.27ms
step:2345/3125 train_time:382.874s step_avg:163.27ms
step:2346/3125 train_time:383.035s step_avg:163.27ms
step:2347/3125 train_time:383.196s step_avg:163.27ms
step:2348/3125 train_time:383.357s step_avg:163.27ms
step:2349/3125 train_time:383.519s step_avg:163.27ms
step:2350/3125 train_time:383.681s step_avg:163.27ms
step:2351/3125 train_time:383.843s step_avg:163.27ms
step:2352/3125 train_time:384.005s step_avg:163.27ms
step:2353/3125 train_time:384.170s step_avg:163.27ms
step:2354/3125 train_time:384.334s step_avg:163.27ms
step:2355/3125 train_time:384.495s step_avg:163.27ms
step:2356/3125 train_time:384.656s step_avg:163.27ms
step:2357/3125 train_time:384.818s step_avg:163.27ms
step:2358/3125 train_time:384.978s step_avg:163.26ms
step:2359/3125 train_time:385.140s step_avg:163.26ms
step:2360/3125 train_time:385.302s step_avg:163.26ms
step:2361/3125 train_time:385.465s step_avg:163.26ms
step:2362/3125 train_time:385.628s step_avg:163.26ms
step:2363/3125 train_time:385.789s step_avg:163.26ms
step:2364/3125 train_time:385.950s step_avg:163.26ms
step:2365/3125 train_time:386.113s step_avg:163.26ms
step:2366/3125 train_time:386.274s step_avg:163.26ms
step:2367/3125 train_time:386.436s step_avg:163.26ms
step:2368/3125 train_time:386.597s step_avg:163.26ms
step:2369/3125 train_time:386.758s step_avg:163.26ms
step:2370/3125 train_time:386.920s step_avg:163.26ms
step:2371/3125 train_time:387.082s step_avg:163.26ms
step:2372/3125 train_time:387.244s step_avg:163.26ms
step:2373/3125 train_time:387.407s step_avg:163.26ms
step:2374/3125 train_time:387.568s step_avg:163.26ms
step:2375/3125 train_time:387.729s step_avg:163.25ms
step:2375/3125 val_loss:3.36494 train_time:387.730s step_avg:162.19ms
step:2376/3125 train_time:387.894s step_avg:163.25ms
step:2377/3125 train_time:388.056s step_avg:163.25ms
step:2378/3125 train_time:388.219s step_avg:163.25ms
step:2379/3125 train_time:388.379s step_avg:163.25ms
step:2380/3125 train_time:388.541s step_avg:163.25ms
step:2381/3125 train_time:388.702s step_avg:163.25ms
step:2382/3125 train_time:388.863s step_avg:163.25ms
step:2383/3125 train_time:389.025s step_avg:163.25ms
step:2384/3125 train_time:389.185s step_avg:163.25ms
step:2385/3125 train_time:389.348s step_avg:163.25ms
step:2386/3125 train_time:389.509s step_avg:163.25ms
step:2387/3125 train_time:389.672s step_avg:163.25ms
step:2388/3125 train_time:389.835s step_avg:163.25ms
step:2389/3125 train_time:389.997s step_avg:163.25ms
step:2390/3125 train_time:390.158s step_avg:163.25ms
step:2391/3125 train_time:390.320s step_avg:163.25ms
step:2392/3125 train_time:390.481s step_avg:163.24ms
step:2393/3125 train_time:390.644s step_avg:163.24ms
step:2394/3125 train_time:390.805s step_avg:163.24ms
step:2395/3125 train_time:390.966s step_avg:163.24ms
step:2396/3125 train_time:391.128s step_avg:163.24ms
step:2397/3125 train_time:391.289s step_avg:163.24ms
step:2398/3125 train_time:391.451s step_avg:163.24ms
step:2399/3125 train_time:391.612s step_avg:163.24ms
step:2400/3125 train_time:391.773s step_avg:163.24ms
step:2401/3125 train_time:391.934s step_avg:163.24ms
step:2402/3125 train_time:392.095s step_avg:163.24ms
step:2403/3125 train_time:392.257s step_avg:163.24ms
step:2404/3125 train_time:392.418s step_avg:163.24ms
step:2405/3125 train_time:392.588s step_avg:163.24ms
step:2406/3125 train_time:392.749s step_avg:163.24ms
step:2407/3125 train_time:392.910s step_avg:163.24ms
step:2408/3125 train_time:393.073s step_avg:163.24ms
step:2409/3125 train_time:393.236s step_avg:163.24ms
step:2410/3125 train_time:393.398s step_avg:163.24ms
step:2411/3125 train_time:393.559s step_avg:163.23ms
step:2412/3125 train_time:393.720s step_avg:163.23ms
step:2413/3125 train_time:393.881s step_avg:163.23ms
step:2414/3125 train_time:394.043s step_avg:163.23ms
step:2415/3125 train_time:394.205s step_avg:163.23ms
step:2416/3125 train_time:394.366s step_avg:163.23ms
step:2417/3125 train_time:394.527s step_avg:163.23ms
step:2418/3125 train_time:394.690s step_avg:163.23ms
step:2419/3125 train_time:394.852s step_avg:163.23ms
step:2420/3125 train_time:395.013s step_avg:163.23ms
step:2421/3125 train_time:395.173s step_avg:163.23ms
step:2422/3125 train_time:395.333s step_avg:163.23ms
step:2423/3125 train_time:395.495s step_avg:163.23ms
step:2424/3125 train_time:395.656s step_avg:163.22ms
step:2425/3125 train_time:395.819s step_avg:163.22ms
step:2426/3125 train_time:395.981s step_avg:163.22ms
step:2427/3125 train_time:396.142s step_avg:163.22ms
step:2428/3125 train_time:396.304s step_avg:163.22ms
step:2429/3125 train_time:396.465s step_avg:163.22ms
step:2430/3125 train_time:396.626s step_avg:163.22ms
step:2431/3125 train_time:396.788s step_avg:163.22ms
step:2432/3125 train_time:396.949s step_avg:163.22ms
step:2433/3125 train_time:397.110s step_avg:163.22ms
step:2434/3125 train_time:397.272s step_avg:163.22ms
step:2435/3125 train_time:397.433s step_avg:163.22ms
step:2436/3125 train_time:397.596s step_avg:163.22ms
step:2437/3125 train_time:397.758s step_avg:163.22ms
step:2438/3125 train_time:397.920s step_avg:163.22ms
step:2439/3125 train_time:398.081s step_avg:163.21ms
step:2440/3125 train_time:398.241s step_avg:163.21ms
step:2441/3125 train_time:398.404s step_avg:163.21ms
step:2442/3125 train_time:398.569s step_avg:163.21ms
step:2443/3125 train_time:398.731s step_avg:163.21ms
step:2444/3125 train_time:398.892s step_avg:163.21ms
step:2445/3125 train_time:399.053s step_avg:163.21ms
step:2446/3125 train_time:399.216s step_avg:163.21ms
step:2447/3125 train_time:399.377s step_avg:163.21ms
step:2448/3125 train_time:399.539s step_avg:163.21ms
step:2449/3125 train_time:399.700s step_avg:163.21ms
step:2450/3125 train_time:399.862s step_avg:163.21ms
step:2451/3125 train_time:400.023s step_avg:163.21ms
step:2452/3125 train_time:400.183s step_avg:163.21ms
step:2453/3125 train_time:400.345s step_avg:163.21ms
step:2454/3125 train_time:400.506s step_avg:163.21ms
step:2455/3125 train_time:400.666s step_avg:163.20ms
step:2456/3125 train_time:400.827s step_avg:163.20ms
step:2457/3125 train_time:400.988s step_avg:163.20ms
step:2458/3125 train_time:401.150s step_avg:163.20ms
step:2459/3125 train_time:401.311s step_avg:163.20ms
step:2460/3125 train_time:401.473s step_avg:163.20ms
step:2461/3125 train_time:401.637s step_avg:163.20ms
step:2462/3125 train_time:401.797s step_avg:163.20ms
step:2463/3125 train_time:401.960s step_avg:163.20ms
step:2464/3125 train_time:402.121s step_avg:163.20ms
step:2465/3125 train_time:402.282s step_avg:163.20ms
step:2466/3125 train_time:402.443s step_avg:163.20ms
step:2467/3125 train_time:402.604s step_avg:163.20ms
step:2468/3125 train_time:402.766s step_avg:163.20ms
step:2469/3125 train_time:402.928s step_avg:163.19ms
step:2470/3125 train_time:403.090s step_avg:163.19ms
step:2471/3125 train_time:403.304s step_avg:163.21ms
step:2472/3125 train_time:403.464s step_avg:163.21ms
step:2473/3125 train_time:403.626s step_avg:163.21ms
step:2474/3125 train_time:403.786s step_avg:163.21ms
step:2475/3125 train_time:403.947s step_avg:163.21ms
step:2476/3125 train_time:404.108s step_avg:163.21ms
step:2477/3125 train_time:404.270s step_avg:163.21ms
step:2478/3125 train_time:404.430s step_avg:163.21ms
step:2479/3125 train_time:404.591s step_avg:163.21ms
step:2480/3125 train_time:404.755s step_avg:163.21ms
step:2481/3125 train_time:404.917s step_avg:163.21ms
step:2482/3125 train_time:405.079s step_avg:163.21ms
step:2483/3125 train_time:405.240s step_avg:163.21ms
step:2484/3125 train_time:405.401s step_avg:163.20ms
step:2485/3125 train_time:405.562s step_avg:163.20ms
step:2486/3125 train_time:405.723s step_avg:163.20ms
step:2487/3125 train_time:405.884s step_avg:163.20ms
step:2488/3125 train_time:406.045s step_avg:163.20ms
step:2489/3125 train_time:406.205s step_avg:163.20ms
step:2490/3125 train_time:406.367s step_avg:163.20ms
step:2491/3125 train_time:406.529s step_avg:163.20ms
step:2492/3125 train_time:406.689s step_avg:163.20ms
step:2493/3125 train_time:406.851s step_avg:163.20ms
step:2494/3125 train_time:407.012s step_avg:163.20ms
step:2495/3125 train_time:407.173s step_avg:163.20ms
step:2496/3125 train_time:407.336s step_avg:163.20ms
step:2497/3125 train_time:407.498s step_avg:163.19ms
step:2498/3125 train_time:407.659s step_avg:163.19ms
step:2499/3125 train_time:407.820s step_avg:163.19ms
step:2500/3125 train_time:407.984s step_avg:163.19ms
step:2500/3125 val_loss:3.34605 train_time:407.984s step_avg:162.04ms
step:2501/3125 train_time:408.149s step_avg:163.19ms
step:2502/3125 train_time:408.310s step_avg:163.19ms
step:2503/3125 train_time:408.474s step_avg:163.19ms
step:2504/3125 train_time:408.636s step_avg:163.19ms
step:2505/3125 train_time:408.798s step_avg:163.19ms
step:2506/3125 train_time:408.959s step_avg:163.19ms
step:2507/3125 train_time:409.121s step_avg:163.19ms
step:2508/3125 train_time:409.282s step_avg:163.19ms
step:2509/3125 train_time:409.445s step_avg:163.19ms
step:2510/3125 train_time:409.606s step_avg:163.19ms
step:2511/3125 train_time:409.768s step_avg:163.19ms
step:2512/3125 train_time:409.929s step_avg:163.19ms
step:2513/3125 train_time:410.091s step_avg:163.19ms
step:2514/3125 train_time:410.253s step_avg:163.19ms
step:2515/3125 train_time:410.414s step_avg:163.19ms
step:2516/3125 train_time:410.575s step_avg:163.19ms
step:2517/3125 train_time:410.737s step_avg:163.19ms
step:2518/3125 train_time:410.899s step_avg:163.18ms
step:2519/3125 train_time:411.063s step_avg:163.19ms
step:2520/3125 train_time:411.224s step_avg:163.18ms
step:2521/3125 train_time:411.386s step_avg:163.18ms
step:2522/3125 train_time:411.549s step_avg:163.18ms
step:2523/3125 train_time:411.710s step_avg:163.18ms
step:2524/3125 train_time:411.872s step_avg:163.18ms
step:2525/3125 train_time:412.034s step_avg:163.18ms
step:2526/3125 train_time:412.196s step_avg:163.18ms
step:2527/3125 train_time:412.360s step_avg:163.18ms
step:2528/3125 train_time:412.521s step_avg:163.18ms
step:2529/3125 train_time:412.682s step_avg:163.18ms
step:2530/3125 train_time:412.845s step_avg:163.18ms
step:2531/3125 train_time:413.006s step_avg:163.18ms
step:2532/3125 train_time:413.169s step_avg:163.18ms
step:2533/3125 train_time:413.332s step_avg:163.18ms
step:2534/3125 train_time:413.494s step_avg:163.18ms
step:2535/3125 train_time:413.655s step_avg:163.18ms
step:2536/3125 train_time:413.816s step_avg:163.18ms
step:2537/3125 train_time:413.978s step_avg:163.18ms
step:2538/3125 train_time:414.140s step_avg:163.18ms
step:2539/3125 train_time:414.301s step_avg:163.17ms
step:2540/3125 train_time:414.463s step_avg:163.17ms
step:2541/3125 train_time:414.625s step_avg:163.17ms
step:2542/3125 train_time:414.786s step_avg:163.17ms
step:2543/3125 train_time:414.947s step_avg:163.17ms
step:2544/3125 train_time:415.107s step_avg:163.17ms
step:2545/3125 train_time:415.269s step_avg:163.17ms
step:2546/3125 train_time:415.431s step_avg:163.17ms
step:2547/3125 train_time:415.593s step_avg:163.17ms
step:2548/3125 train_time:415.754s step_avg:163.17ms
step:2549/3125 train_time:415.916s step_avg:163.17ms
step:2550/3125 train_time:416.080s step_avg:163.17ms
step:2551/3125 train_time:416.243s step_avg:163.17ms
step:2552/3125 train_time:416.405s step_avg:163.17ms
step:2553/3125 train_time:416.566s step_avg:163.17ms
step:2554/3125 train_time:416.727s step_avg:163.17ms
step:2555/3125 train_time:416.888s step_avg:163.17ms
step:2556/3125 train_time:417.049s step_avg:163.16ms
step:2557/3125 train_time:417.211s step_avg:163.16ms
step:2558/3125 train_time:417.375s step_avg:163.16ms
step:2559/3125 train_time:417.535s step_avg:163.16ms
step:2560/3125 train_time:417.698s step_avg:163.16ms
step:2561/3125 train_time:417.860s step_avg:163.16ms
step:2562/3125 train_time:418.022s step_avg:163.16ms
step:2563/3125 train_time:418.183s step_avg:163.16ms
step:2564/3125 train_time:418.345s step_avg:163.16ms
step:2565/3125 train_time:418.506s step_avg:163.16ms
step:2566/3125 train_time:418.668s step_avg:163.16ms
step:2567/3125 train_time:418.831s step_avg:163.16ms
step:2568/3125 train_time:418.992s step_avg:163.16ms
step:2569/3125 train_time:419.154s step_avg:163.16ms
step:2570/3125 train_time:419.315s step_avg:163.16ms
step:2571/3125 train_time:419.477s step_avg:163.16ms
step:2572/3125 train_time:419.639s step_avg:163.16ms
step:2573/3125 train_time:419.800s step_avg:163.16ms
step:2574/3125 train_time:419.961s step_avg:163.15ms
step:2575/3125 train_time:420.123s step_avg:163.15ms
step:2576/3125 train_time:420.284s step_avg:163.15ms
step:2577/3125 train_time:420.444s step_avg:163.15ms
step:2578/3125 train_time:420.605s step_avg:163.15ms
step:2579/3125 train_time:420.766s step_avg:163.15ms
step:2580/3125 train_time:420.927s step_avg:163.15ms
step:2581/3125 train_time:421.089s step_avg:163.15ms
step:2582/3125 train_time:421.250s step_avg:163.15ms
step:2583/3125 train_time:421.410s step_avg:163.15ms
step:2584/3125 train_time:421.571s step_avg:163.15ms
step:2585/3125 train_time:421.731s step_avg:163.15ms
step:2586/3125 train_time:421.892s step_avg:163.14ms
step:2587/3125 train_time:422.054s step_avg:163.14ms
step:2588/3125 train_time:422.215s step_avg:163.14ms
step:2589/3125 train_time:422.376s step_avg:163.14ms
step:2590/3125 train_time:422.537s step_avg:163.14ms
step:2591/3125 train_time:422.699s step_avg:163.14ms
step:2592/3125 train_time:422.861s step_avg:163.14ms
step:2593/3125 train_time:423.022s step_avg:163.14ms
step:2594/3125 train_time:423.183s step_avg:163.14ms
step:2595/3125 train_time:423.344s step_avg:163.14ms
step:2596/3125 train_time:423.507s step_avg:163.14ms
step:2597/3125 train_time:423.668s step_avg:163.14ms
step:2598/3125 train_time:423.828s step_avg:163.14ms
step:2599/3125 train_time:423.989s step_avg:163.14ms
step:2600/3125 train_time:424.149s step_avg:163.13ms
step:2601/3125 train_time:424.310s step_avg:163.13ms
step:2602/3125 train_time:424.472s step_avg:163.13ms
step:2603/3125 train_time:424.633s step_avg:163.13ms
step:2604/3125 train_time:424.795s step_avg:163.13ms
step:2605/3125 train_time:424.957s step_avg:163.13ms
step:2606/3125 train_time:425.120s step_avg:163.13ms
step:2607/3125 train_time:425.283s step_avg:163.13ms
step:2608/3125 train_time:425.443s step_avg:163.13ms
step:2609/3125 train_time:425.604s step_avg:163.13ms
step:2610/3125 train_time:425.766s step_avg:163.13ms
step:2611/3125 train_time:425.927s step_avg:163.13ms
step:2612/3125 train_time:426.088s step_avg:163.13ms
step:2613/3125 train_time:426.249s step_avg:163.13ms
step:2614/3125 train_time:426.409s step_avg:163.13ms
step:2615/3125 train_time:426.570s step_avg:163.12ms
step:2616/3125 train_time:426.731s step_avg:163.12ms
step:2617/3125 train_time:426.893s step_avg:163.12ms
step:2618/3125 train_time:427.053s step_avg:163.12ms
step:2619/3125 train_time:427.214s step_avg:163.12ms
step:2620/3125 train_time:427.378s step_avg:163.12ms
step:2621/3125 train_time:427.540s step_avg:163.12ms
step:2622/3125 train_time:427.702s step_avg:163.12ms
step:2623/3125 train_time:427.864s step_avg:163.12ms
step:2624/3125 train_time:428.025s step_avg:163.12ms
step:2625/3125 train_time:428.186s step_avg:163.12ms
step:2625/3125 val_loss:3.32811 train_time:428.187s step_avg:161.62ms
step:2626/3125 train_time:428.351s step_avg:163.12ms
step:2627/3125 train_time:428.513s step_avg:163.12ms
step:2628/3125 train_time:428.675s step_avg:163.12ms
step:2629/3125 train_time:428.836s step_avg:163.12ms
step:2630/3125 train_time:428.997s step_avg:163.12ms
step:2631/3125 train_time:429.158s step_avg:163.12ms
step:2632/3125 train_time:429.321s step_avg:163.12ms
step:2633/3125 train_time:429.485s step_avg:163.12ms
step:2634/3125 train_time:429.647s step_avg:163.12ms
step:2635/3125 train_time:429.808s step_avg:163.11ms
step:2636/3125 train_time:429.969s step_avg:163.11ms
step:2637/3125 train_time:430.132s step_avg:163.11ms
step:2638/3125 train_time:430.295s step_avg:163.11ms
step:2639/3125 train_time:430.456s step_avg:163.11ms
step:2640/3125 train_time:430.621s step_avg:163.11ms
step:2641/3125 train_time:430.784s step_avg:163.11ms
step:2642/3125 train_time:430.948s step_avg:163.11ms
step:2643/3125 train_time:431.110s step_avg:163.11ms
step:2644/3125 train_time:431.271s step_avg:163.11ms
step:2645/3125 train_time:431.432s step_avg:163.11ms
step:2646/3125 train_time:431.593s step_avg:163.11ms
step:2647/3125 train_time:431.754s step_avg:163.11ms
step:2648/3125 train_time:431.915s step_avg:163.11ms
step:2649/3125 train_time:432.077s step_avg:163.11ms
step:2650/3125 train_time:432.239s step_avg:163.11ms
step:2651/3125 train_time:432.400s step_avg:163.11ms
step:2652/3125 train_time:432.563s step_avg:163.11ms
step:2653/3125 train_time:432.724s step_avg:163.11ms
step:2654/3125 train_time:432.887s step_avg:163.11ms
step:2655/3125 train_time:433.048s step_avg:163.11ms
step:2656/3125 train_time:433.210s step_avg:163.11ms
step:2657/3125 train_time:433.372s step_avg:163.11ms
step:2658/3125 train_time:433.533s step_avg:163.10ms
step:2659/3125 train_time:433.695s step_avg:163.10ms
step:2660/3125 train_time:433.855s step_avg:163.10ms
step:2661/3125 train_time:434.073s step_avg:163.12ms
step:2662/3125 train_time:434.234s step_avg:163.12ms
step:2663/3125 train_time:434.395s step_avg:163.12ms
step:2664/3125 train_time:434.556s step_avg:163.12ms
step:2665/3125 train_time:434.717s step_avg:163.12ms
step:2666/3125 train_time:434.879s step_avg:163.12ms
step:2667/3125 train_time:435.041s step_avg:163.12ms
step:2668/3125 train_time:435.203s step_avg:163.12ms
step:2669/3125 train_time:435.366s step_avg:163.12ms
step:2670/3125 train_time:435.527s step_avg:163.12ms
step:2671/3125 train_time:435.690s step_avg:163.12ms
step:2672/3125 train_time:435.851s step_avg:163.12ms
step:2673/3125 train_time:436.013s step_avg:163.12ms
step:2674/3125 train_time:436.175s step_avg:163.12ms
step:2675/3125 train_time:436.336s step_avg:163.12ms
step:2676/3125 train_time:436.498s step_avg:163.12ms
step:2677/3125 train_time:436.659s step_avg:163.12ms
step:2678/3125 train_time:436.821s step_avg:163.11ms
step:2679/3125 train_time:436.986s step_avg:163.12ms
step:2680/3125 train_time:437.146s step_avg:163.11ms
step:2681/3125 train_time:437.308s step_avg:163.11ms
step:2682/3125 train_time:437.470s step_avg:163.11ms
step:2683/3125 train_time:437.632s step_avg:163.11ms
step:2684/3125 train_time:437.794s step_avg:163.11ms
step:2685/3125 train_time:437.954s step_avg:163.11ms
step:2686/3125 train_time:438.115s step_avg:163.11ms
step:2687/3125 train_time:438.277s step_avg:163.11ms
step:2688/3125 train_time:438.440s step_avg:163.11ms
step:2689/3125 train_time:438.603s step_avg:163.11ms
step:2690/3125 train_time:438.764s step_avg:163.11ms
step:2691/3125 train_time:438.927s step_avg:163.11ms
step:2692/3125 train_time:439.088s step_avg:163.11ms
step:2693/3125 train_time:439.250s step_avg:163.11ms
step:2694/3125 train_time:439.410s step_avg:163.11ms
step:2695/3125 train_time:439.572s step_avg:163.11ms
step:2696/3125 train_time:439.732s step_avg:163.11ms
step:2697/3125 train_time:439.894s step_avg:163.11ms
step:2698/3125 train_time:440.055s step_avg:163.10ms
step:2699/3125 train_time:440.217s step_avg:163.10ms
step:2700/3125 train_time:440.379s step_avg:163.10ms
step:2701/3125 train_time:440.541s step_avg:163.10ms
step:2702/3125 train_time:440.702s step_avg:163.10ms
step:2703/3125 train_time:440.865s step_avg:163.10ms
step:2704/3125 train_time:441.028s step_avg:163.10ms
step:2705/3125 train_time:441.191s step_avg:163.10ms
step:2706/3125 train_time:441.355s step_avg:163.10ms
step:2707/3125 train_time:441.516s step_avg:163.10ms
step:2708/3125 train_time:441.682s step_avg:163.10ms
step:2709/3125 train_time:441.845s step_avg:163.10ms
step:2710/3125 train_time:442.007s step_avg:163.10ms
step:2711/3125 train_time:442.168s step_avg:163.10ms
step:2712/3125 train_time:442.330s step_avg:163.10ms
step:2713/3125 train_time:442.491s step_avg:163.10ms
step:2714/3125 train_time:442.652s step_avg:163.10ms
step:2715/3125 train_time:442.813s step_avg:163.10ms
step:2716/3125 train_time:442.974s step_avg:163.10ms
step:2717/3125 train_time:443.136s step_avg:163.10ms
step:2718/3125 train_time:443.298s step_avg:163.10ms
step:2719/3125 train_time:443.459s step_avg:163.10ms
step:2720/3125 train_time:443.622s step_avg:163.10ms
step:2721/3125 train_time:443.785s step_avg:163.10ms
step:2722/3125 train_time:443.948s step_avg:163.10ms
step:2723/3125 train_time:444.111s step_avg:163.10ms
step:2724/3125 train_time:444.272s step_avg:163.10ms
step:2725/3125 train_time:444.433s step_avg:163.09ms
step:2726/3125 train_time:444.595s step_avg:163.09ms
step:2727/3125 train_time:444.755s step_avg:163.09ms
step:2728/3125 train_time:444.917s step_avg:163.09ms
step:2729/3125 train_time:445.079s step_avg:163.09ms
step:2730/3125 train_time:445.241s step_avg:163.09ms
step:2731/3125 train_time:445.403s step_avg:163.09ms
step:2732/3125 train_time:445.565s step_avg:163.09ms
step:2733/3125 train_time:445.727s step_avg:163.09ms
step:2734/3125 train_time:445.890s step_avg:163.09ms
step:2735/3125 train_time:446.053s step_avg:163.09ms
step:2736/3125 train_time:446.214s step_avg:163.09ms
step:2737/3125 train_time:446.376s step_avg:163.09ms
step:2738/3125 train_time:446.538s step_avg:163.09ms
step:2739/3125 train_time:446.702s step_avg:163.09ms
step:2740/3125 train_time:446.865s step_avg:163.09ms
step:2741/3125 train_time:447.027s step_avg:163.09ms
step:2742/3125 train_time:447.189s step_avg:163.09ms
step:2743/3125 train_time:447.352s step_avg:163.09ms
step:2744/3125 train_time:447.513s step_avg:163.09ms
step:2745/3125 train_time:447.675s step_avg:163.09ms
step:2746/3125 train_time:447.837s step_avg:163.09ms
step:2747/3125 train_time:447.999s step_avg:163.09ms
step:2748/3125 train_time:448.161s step_avg:163.09ms
step:2749/3125 train_time:448.322s step_avg:163.09ms
step:2750/3125 train_time:448.485s step_avg:163.09ms
step:2750/3125 val_loss:3.31147 train_time:448.486s step_avg:162.39ms
step:2751/3125 train_time:448.650s step_avg:163.09ms
step:2752/3125 train_time:448.812s step_avg:163.09ms
step:2753/3125 train_time:448.973s step_avg:163.09ms
step:2754/3125 train_time:449.134s step_avg:163.08ms
step:2755/3125 train_time:449.296s step_avg:163.08ms
step:2756/3125 train_time:449.457s step_avg:163.08ms
step:2757/3125 train_time:449.619s step_avg:163.08ms
step:2758/3125 train_time:449.780s step_avg:163.08ms
step:2759/3125 train_time:449.940s step_avg:163.08ms
step:2760/3125 train_time:450.103s step_avg:163.08ms
step:2761/3125 train_time:450.265s step_avg:163.08ms
step:2762/3125 train_time:450.428s step_avg:163.08ms
step:2763/3125 train_time:450.590s step_avg:163.08ms
step:2764/3125 train_time:450.752s step_avg:163.08ms
step:2765/3125 train_time:450.914s step_avg:163.08ms
step:2766/3125 train_time:451.077s step_avg:163.08ms
step:2767/3125 train_time:451.239s step_avg:163.08ms
step:2768/3125 train_time:451.401s step_avg:163.08ms
step:2769/3125 train_time:451.563s step_avg:163.08ms
step:2770/3125 train_time:451.725s step_avg:163.08ms
step:2771/3125 train_time:451.888s step_avg:163.08ms
step:2772/3125 train_time:452.050s step_avg:163.08ms
step:2773/3125 train_time:452.212s step_avg:163.08ms
step:2774/3125 train_time:452.376s step_avg:163.08ms
step:2775/3125 train_time:452.537s step_avg:163.08ms
step:2776/3125 train_time:452.699s step_avg:163.08ms
step:2777/3125 train_time:452.859s step_avg:163.07ms
step:2778/3125 train_time:453.020s step_avg:163.07ms
step:2779/3125 train_time:453.181s step_avg:163.07ms
step:2780/3125 train_time:453.343s step_avg:163.07ms
step:2781/3125 train_time:453.505s step_avg:163.07ms
step:2782/3125 train_time:453.666s step_avg:163.07ms
step:2783/3125 train_time:453.828s step_avg:163.07ms
step:2784/3125 train_time:453.990s step_avg:163.07ms
step:2785/3125 train_time:454.153s step_avg:163.07ms
step:2786/3125 train_time:454.314s step_avg:163.07ms
step:2787/3125 train_time:454.475s step_avg:163.07ms
step:2788/3125 train_time:454.637s step_avg:163.07ms
step:2789/3125 train_time:454.798s step_avg:163.07ms
step:2790/3125 train_time:454.959s step_avg:163.07ms
step:2791/3125 train_time:455.121s step_avg:163.07ms
step:2792/3125 train_time:455.282s step_avg:163.07ms
step:2793/3125 train_time:455.445s step_avg:163.07ms
step:2794/3125 train_time:455.606s step_avg:163.07ms
step:2795/3125 train_time:455.769s step_avg:163.07ms
step:2796/3125 train_time:455.930s step_avg:163.06ms
step:2797/3125 train_time:456.090s step_avg:163.06ms
step:2798/3125 train_time:456.252s step_avg:163.06ms
step:2799/3125 train_time:456.415s step_avg:163.06ms
step:2800/3125 train_time:456.576s step_avg:163.06ms
step:2801/3125 train_time:456.737s step_avg:163.06ms
step:2802/3125 train_time:456.898s step_avg:163.06ms
step:2803/3125 train_time:457.059s step_avg:163.06ms
step:2804/3125 train_time:457.221s step_avg:163.06ms
step:2805/3125 train_time:457.382s step_avg:163.06ms
step:2806/3125 train_time:457.544s step_avg:163.06ms
step:2807/3125 train_time:457.706s step_avg:163.06ms
step:2808/3125 train_time:457.867s step_avg:163.06ms
step:2809/3125 train_time:458.028s step_avg:163.06ms
step:2810/3125 train_time:458.190s step_avg:163.06ms
step:2811/3125 train_time:458.351s step_avg:163.06ms
step:2812/3125 train_time:458.515s step_avg:163.06ms
step:2813/3125 train_time:458.675s step_avg:163.06ms
step:2814/3125 train_time:458.836s step_avg:163.05ms
step:2815/3125 train_time:458.997s step_avg:163.05ms
step:2816/3125 train_time:459.158s step_avg:163.05ms
step:2817/3125 train_time:459.322s step_avg:163.05ms
step:2818/3125 train_time:459.482s step_avg:163.05ms
step:2819/3125 train_time:459.646s step_avg:163.05ms
step:2820/3125 train_time:459.808s step_avg:163.05ms
step:2821/3125 train_time:459.969s step_avg:163.05ms
step:2822/3125 train_time:460.131s step_avg:163.05ms
step:2823/3125 train_time:460.294s step_avg:163.05ms
step:2824/3125 train_time:460.456s step_avg:163.05ms
step:2825/3125 train_time:460.616s step_avg:163.05ms
step:2826/3125 train_time:460.778s step_avg:163.05ms
step:2827/3125 train_time:460.938s step_avg:163.05ms
step:2828/3125 train_time:461.099s step_avg:163.05ms
step:2829/3125 train_time:461.260s step_avg:163.05ms
step:2830/3125 train_time:461.422s step_avg:163.05ms
step:2831/3125 train_time:461.582s step_avg:163.05ms
step:2832/3125 train_time:461.746s step_avg:163.05ms
step:2833/3125 train_time:461.907s step_avg:163.05ms
step:2834/3125 train_time:462.069s step_avg:163.04ms
step:2835/3125 train_time:462.231s step_avg:163.04ms
step:2836/3125 train_time:462.392s step_avg:163.04ms
step:2837/3125 train_time:462.555s step_avg:163.04ms
step:2838/3125 train_time:462.716s step_avg:163.04ms
step:2839/3125 train_time:462.878s step_avg:163.04ms
step:2840/3125 train_time:463.039s step_avg:163.04ms
step:2841/3125 train_time:463.200s step_avg:163.04ms
step:2842/3125 train_time:463.362s step_avg:163.04ms
step:2843/3125 train_time:463.524s step_avg:163.04ms
step:2844/3125 train_time:463.685s step_avg:163.04ms
step:2845/3125 train_time:463.847s step_avg:163.04ms
step:2846/3125 train_time:464.008s step_avg:163.04ms
step:2847/3125 train_time:464.169s step_avg:163.04ms
step:2848/3125 train_time:464.331s step_avg:163.04ms
step:2849/3125 train_time:464.493s step_avg:163.04ms
step:2850/3125 train_time:464.654s step_avg:163.04ms
step:2851/3125 train_time:464.867s step_avg:163.05ms
step:2852/3125 train_time:465.028s step_avg:163.05ms
step:2853/3125 train_time:465.191s step_avg:163.05ms
step:2854/3125 train_time:465.353s step_avg:163.05ms
step:2855/3125 train_time:465.515s step_avg:163.05ms
step:2856/3125 train_time:465.677s step_avg:163.05ms
step:2857/3125 train_time:465.837s step_avg:163.05ms
step:2858/3125 train_time:465.998s step_avg:163.05ms
step:2859/3125 train_time:466.160s step_avg:163.05ms
step:2860/3125 train_time:466.321s step_avg:163.05ms
step:2861/3125 train_time:466.481s step_avg:163.05ms
step:2862/3125 train_time:466.642s step_avg:163.05ms
step:2863/3125 train_time:466.805s step_avg:163.05ms
step:2864/3125 train_time:466.968s step_avg:163.05ms
step:2865/3125 train_time:467.129s step_avg:163.05ms
step:2866/3125 train_time:467.291s step_avg:163.05ms
step:2867/3125 train_time:467.453s step_avg:163.05ms
step:2868/3125 train_time:467.615s step_avg:163.05ms
step:2869/3125 train_time:467.777s step_avg:163.05ms
step:2870/3125 train_time:467.938s step_avg:163.04ms
step:2871/3125 train_time:468.101s step_avg:163.04ms
step:2872/3125 train_time:468.262s step_avg:163.04ms
step:2873/3125 train_time:468.423s step_avg:163.04ms
step:2874/3125 train_time:468.584s step_avg:163.04ms
step:2875/3125 train_time:468.746s step_avg:163.04ms
step:2875/3125 val_loss:3.29621 train_time:468.747s step_avg:162.09ms
step:2876/3125 train_time:468.913s step_avg:163.04ms
step:2877/3125 train_time:469.076s step_avg:163.04ms
step:2878/3125 train_time:469.237s step_avg:163.04ms
step:2879/3125 train_time:469.399s step_avg:163.04ms
step:2880/3125 train_time:469.562s step_avg:163.04ms
step:2881/3125 train_time:469.724s step_avg:163.04ms
step:2882/3125 train_time:469.885s step_avg:163.04ms
step:2883/3125 train_time:470.049s step_avg:163.04ms
step:2884/3125 train_time:470.211s step_avg:163.04ms
step:2885/3125 train_time:470.373s step_avg:163.04ms
step:2886/3125 train_time:470.534s step_avg:163.04ms
step:2887/3125 train_time:470.696s step_avg:163.04ms
step:2888/3125 train_time:470.857s step_avg:163.04ms
step:2889/3125 train_time:471.019s step_avg:163.04ms
step:2890/3125 train_time:471.180s step_avg:163.04ms
step:2891/3125 train_time:471.342s step_avg:163.04ms
step:2892/3125 train_time:471.505s step_avg:163.04ms
step:2893/3125 train_time:471.667s step_avg:163.04ms
step:2894/3125 train_time:471.827s step_avg:163.04ms
step:2895/3125 train_time:471.989s step_avg:163.04ms
step:2896/3125 train_time:472.150s step_avg:163.04ms
step:2897/3125 train_time:472.313s step_avg:163.04ms
step:2898/3125 train_time:472.475s step_avg:163.03ms
step:2899/3125 train_time:472.639s step_avg:163.04ms
step:2900/3125 train_time:472.800s step_avg:163.03ms
step:2901/3125 train_time:472.962s step_avg:163.03ms
step:2902/3125 train_time:473.122s step_avg:163.03ms
step:2903/3125 train_time:473.285s step_avg:163.03ms
step:2904/3125 train_time:473.447s step_avg:163.03ms
step:2905/3125 train_time:473.608s step_avg:163.03ms
step:2906/3125 train_time:473.768s step_avg:163.03ms
step:2907/3125 train_time:473.930s step_avg:163.03ms
step:2908/3125 train_time:474.090s step_avg:163.03ms
step:2909/3125 train_time:474.252s step_avg:163.03ms
step:2910/3125 train_time:474.413s step_avg:163.03ms
step:2911/3125 train_time:474.574s step_avg:163.03ms
step:2912/3125 train_time:474.736s step_avg:163.03ms
step:2913/3125 train_time:474.897s step_avg:163.03ms
step:2914/3125 train_time:475.059s step_avg:163.03ms
step:2915/3125 train_time:475.222s step_avg:163.03ms
step:2916/3125 train_time:475.384s step_avg:163.03ms
step:2917/3125 train_time:475.545s step_avg:163.03ms
step:2918/3125 train_time:475.707s step_avg:163.02ms
step:2919/3125 train_time:475.868s step_avg:163.02ms
step:2920/3125 train_time:476.028s step_avg:163.02ms
step:2921/3125 train_time:476.190s step_avg:163.02ms
step:2922/3125 train_time:476.351s step_avg:163.02ms
step:2923/3125 train_time:476.512s step_avg:163.02ms
step:2924/3125 train_time:476.674s step_avg:163.02ms
step:2925/3125 train_time:476.836s step_avg:163.02ms
step:2926/3125 train_time:476.998s step_avg:163.02ms
step:2927/3125 train_time:477.160s step_avg:163.02ms
step:2928/3125 train_time:477.322s step_avg:163.02ms
step:2929/3125 train_time:477.485s step_avg:163.02ms
step:2930/3125 train_time:477.645s step_avg:163.02ms
step:2931/3125 train_time:477.807s step_avg:163.02ms
step:2932/3125 train_time:477.967s step_avg:163.02ms
step:2933/3125 train_time:478.128s step_avg:163.02ms
step:2934/3125 train_time:478.288s step_avg:163.02ms
step:2935/3125 train_time:478.450s step_avg:163.02ms
step:2936/3125 train_time:478.612s step_avg:163.02ms
step:2937/3125 train_time:478.775s step_avg:163.01ms
step:2938/3125 train_time:478.938s step_avg:163.01ms
step:2939/3125 train_time:479.099s step_avg:163.01ms
step:2940/3125 train_time:479.262s step_avg:163.01ms
step:2941/3125 train_time:479.424s step_avg:163.01ms
step:2942/3125 train_time:479.586s step_avg:163.01ms
step:2943/3125 train_time:479.747s step_avg:163.01ms
step:2944/3125 train_time:479.908s step_avg:163.01ms
step:2945/3125 train_time:480.071s step_avg:163.01ms
step:2946/3125 train_time:480.231s step_avg:163.01ms
step:2947/3125 train_time:480.393s step_avg:163.01ms
step:2948/3125 train_time:480.556s step_avg:163.01ms
step:2949/3125 train_time:480.717s step_avg:163.01ms
step:2950/3125 train_time:480.878s step_avg:163.01ms
step:2951/3125 train_time:481.039s step_avg:163.01ms
step:2952/3125 train_time:481.201s step_avg:163.01ms
step:2953/3125 train_time:481.363s step_avg:163.01ms
step:2954/3125 train_time:481.523s step_avg:163.01ms
step:2955/3125 train_time:481.685s step_avg:163.01ms
step:2956/3125 train_time:481.846s step_avg:163.01ms
step:2957/3125 train_time:482.008s step_avg:163.01ms
step:2958/3125 train_time:482.169s step_avg:163.01ms
step:2959/3125 train_time:482.329s step_avg:163.00ms
step:2960/3125 train_time:482.492s step_avg:163.00ms
step:2961/3125 train_time:482.654s step_avg:163.00ms
step:2962/3125 train_time:482.815s step_avg:163.00ms
step:2963/3125 train_time:482.978s step_avg:163.00ms
step:2964/3125 train_time:483.140s step_avg:163.00ms
step:2965/3125 train_time:483.304s step_avg:163.00ms
step:2966/3125 train_time:483.464s step_avg:163.00ms
step:2967/3125 train_time:483.624s step_avg:163.00ms
step:2968/3125 train_time:483.786s step_avg:163.00ms
step:2969/3125 train_time:483.948s step_avg:163.00ms
step:2970/3125 train_time:484.109s step_avg:163.00ms
step:2971/3125 train_time:484.269s step_avg:163.00ms
step:2972/3125 train_time:484.431s step_avg:163.00ms
step:2973/3125 train_time:484.593s step_avg:163.00ms
step:2974/3125 train_time:484.755s step_avg:163.00ms
step:2975/3125 train_time:484.916s step_avg:163.00ms
step:2976/3125 train_time:485.077s step_avg:163.00ms
step:2977/3125 train_time:485.240s step_avg:163.00ms
step:2978/3125 train_time:485.402s step_avg:163.00ms
step:2979/3125 train_time:485.563s step_avg:163.00ms
step:2980/3125 train_time:485.724s step_avg:162.99ms
step:2981/3125 train_time:485.886s step_avg:162.99ms
step:2982/3125 train_time:486.049s step_avg:162.99ms
step:2983/3125 train_time:486.209s step_avg:162.99ms
step:2984/3125 train_time:486.371s step_avg:162.99ms
step:2985/3125 train_time:486.533s step_avg:162.99ms
step:2986/3125 train_time:486.694s step_avg:162.99ms
step:2987/3125 train_time:486.856s step_avg:162.99ms
step:2988/3125 train_time:487.017s step_avg:162.99ms
step:2989/3125 train_time:487.179s step_avg:162.99ms
step:2990/3125 train_time:487.341s step_avg:162.99ms
step:2991/3125 train_time:487.504s step_avg:162.99ms
step:2992/3125 train_time:487.665s step_avg:162.99ms
step:2993/3125 train_time:487.828s step_avg:162.99ms
step:2994/3125 train_time:487.990s step_avg:162.99ms
step:2995/3125 train_time:488.153s step_avg:162.99ms
step:2996/3125 train_time:488.318s step_avg:162.99ms
step:2997/3125 train_time:488.482s step_avg:162.99ms
step:2998/3125 train_time:488.645s step_avg:162.99ms
step:2999/3125 train_time:488.806s step_avg:162.99ms
step:3000/3125 train_time:488.968s step_avg:162.99ms
step:3000/3125 val_loss:3.28345 train_time:488.968s step_avg:161.77ms
step:3001/3125 train_time:489.132s step_avg:162.99ms
step:3002/3125 train_time:489.293s step_avg:162.99ms
step:3003/3125 train_time:489.455s step_avg:162.99ms
step:3004/3125 train_time:489.616s step_avg:162.99ms
step:3005/3125 train_time:489.778s step_avg:162.99ms
step:3005/3125 val_loss:3.28300 train_time:489.779s step_avg:162.24ms
step:3006/3125 train_time:489.943s step_avg:162.99ms
step:3007/3125 train_time:490.104s step_avg:162.99ms
step:3008/3125 train_time:490.265s step_avg:162.99ms
step:3009/3125 train_time:490.426s step_avg:162.99ms
step:3010/3125 train_time:490.586s step_avg:162.99ms
step:3010/3125 val_loss:3.28254 train_time:490.587s step_avg:161.57ms
step:3011/3125 train_time:490.754s step_avg:162.99ms
step:3012/3125 train_time:490.915s step_avg:162.99ms
step:3013/3125 train_time:491.077s step_avg:162.99ms
step:3014/3125 train_time:491.238s step_avg:162.99ms
step:3015/3125 train_time:491.399s step_avg:162.98ms
step:3015/3125 val_loss:3.28208 train_time:491.399s step_avg:162.46ms
step:3016/3125 train_time:491.566s step_avg:162.99ms
step:3017/3125 train_time:491.727s step_avg:162.99ms
step:3018/3125 train_time:491.889s step_avg:162.99ms
step:3019/3125 train_time:492.052s step_avg:162.99ms
step:3020/3125 train_time:492.214s step_avg:162.98ms
step:3020/3125 val_loss:3.28159 train_time:492.215s step_avg:163.05ms
step:3021/3125 train_time:492.378s step_avg:162.99ms
step:3022/3125 train_time:492.540s step_avg:162.98ms
step:3023/3125 train_time:492.700s step_avg:162.98ms
step:3024/3125 train_time:492.861s step_avg:162.98ms
step:3025/3125 train_time:493.021s step_avg:162.98ms
step:3025/3125 val_loss:3.28116 train_time:493.022s step_avg:161.40ms
step:3026/3125 train_time:493.187s step_avg:162.98ms
step:3027/3125 train_time:493.348s step_avg:162.98ms
step:3028/3125 train_time:493.511s step_avg:162.98ms
step:3029/3125 train_time:493.672s step_avg:162.98ms
step:3030/3125 train_time:493.835s step_avg:162.98ms
step:3030/3125 val_loss:3.28076 train_time:493.835s step_avg:162.66ms
step:3031/3125 train_time:493.999s step_avg:162.98ms
step:3032/3125 train_time:494.160s step_avg:162.98ms
step:3033/3125 train_time:494.321s step_avg:162.98ms
step:3034/3125 train_time:494.481s step_avg:162.98ms
step:3035/3125 train_time:494.645s step_avg:162.98ms
step:3035/3125 val_loss:3.28035 train_time:494.645s step_avg:161.98ms
step:3036/3125 train_time:494.810s step_avg:162.98ms
step:3037/3125 train_time:494.972s step_avg:162.98ms
step:3038/3125 train_time:495.134s step_avg:162.98ms
step:3039/3125 train_time:495.295s step_avg:162.98ms
step:3040/3125 train_time:495.458s step_avg:162.98ms
step:3040/3125 val_loss:3.27997 train_time:495.459s step_avg:162.74ms
step:3041/3125 train_time:495.671s step_avg:163.00ms
step:3042/3125 train_time:495.836s step_avg:163.00ms
step:3043/3125 train_time:495.997s step_avg:163.00ms
step:3044/3125 train_time:496.158s step_avg:163.00ms
step:3045/3125 train_time:496.320s step_avg:163.00ms
step:3045/3125 val_loss:3.27967 train_time:496.320s step_avg:172.31ms
step:3046/3125 train_time:496.488s step_avg:163.00ms
step:3047/3125 train_time:496.649s step_avg:163.00ms
step:3048/3125 train_time:496.811s step_avg:163.00ms
step:3049/3125 train_time:496.974s step_avg:163.00ms
step:3050/3125 train_time:497.136s step_avg:163.00ms
step:3050/3125 val_loss:3.27933 train_time:497.136s step_avg:163.21ms
step:3051/3125 train_time:497.301s step_avg:163.00ms
step:3052/3125 train_time:497.464s step_avg:163.00ms
step:3053/3125 train_time:497.624s step_avg:163.00ms
step:3054/3125 train_time:497.787s step_avg:163.00ms
step:3055/3125 train_time:497.948s step_avg:162.99ms
step:3055/3125 val_loss:3.27915 train_time:497.949s step_avg:162.54ms
step:3056/3125 train_time:498.113s step_avg:162.99ms
step:3057/3125 train_time:498.274s step_avg:162.99ms
step:3058/3125 train_time:498.435s step_avg:162.99ms
step:3059/3125 train_time:498.597s step_avg:162.99ms
step:3060/3125 train_time:498.761s step_avg:162.99ms
step:3060/3125 val_loss:3.27886 train_time:498.762s step_avg:162.56ms
step:3061/3125 train_time:498.928s step_avg:163.00ms
step:3062/3125 train_time:499.090s step_avg:162.99ms
step:3063/3125 train_time:499.252s step_avg:162.99ms
step:3064/3125 train_time:499.414s step_avg:162.99ms
step:3065/3125 train_time:499.575s step_avg:162.99ms
step:3065/3125 val_loss:3.27847 train_time:499.576s step_avg:162.79ms
step:3066/3125 train_time:499.742s step_avg:162.99ms
step:3067/3125 train_time:499.904s step_avg:162.99ms
step:3068/3125 train_time:500.066s step_avg:162.99ms
step:3069/3125 train_time:500.226s step_avg:162.99ms
step:3070/3125 train_time:500.389s step_avg:162.99ms
step:3070/3125 val_loss:3.27820 train_time:500.389s step_avg:162.62ms
step:3071/3125 train_time:500.554s step_avg:162.99ms
step:3072/3125 train_time:500.715s step_avg:162.99ms
step:3073/3125 train_time:500.877s step_avg:162.99ms
step:3074/3125 train_time:501.040s step_avg:162.99ms
step:3075/3125 train_time:501.202s step_avg:162.99ms
step:3075/3125 val_loss:3.27796 train_time:501.203s step_avg:162.80ms
step:3076/3125 train_time:501.369s step_avg:162.99ms
step:3077/3125 train_time:501.531s step_avg:162.99ms
step:3078/3125 train_time:501.694s step_avg:162.99ms
step:3079/3125 train_time:501.855s step_avg:162.99ms
step:3080/3125 train_time:502.018s step_avg:162.99ms
step:3080/3125 val_loss:3.27767 train_time:502.019s step_avg:163.32ms
step:3081/3125 train_time:502.183s step_avg:162.99ms
step:3082/3125 train_time:502.346s step_avg:162.99ms
step:3083/3125 train_time:502.509s step_avg:162.99ms
step:3084/3125 train_time:502.671s step_avg:162.99ms
step:3085/3125 train_time:502.834s step_avg:162.99ms
step:3085/3125 val_loss:3.27741 train_time:502.835s step_avg:163.09ms
step:3086/3125 train_time:503.002s step_avg:162.99ms
step:3087/3125 train_time:503.165s step_avg:162.99ms
step:3088/3125 train_time:503.327s step_avg:162.99ms
step:3089/3125 train_time:503.490s step_avg:162.99ms
step:3090/3125 train_time:503.652s step_avg:162.99ms
step:3090/3125 val_loss:3.27719 train_time:503.653s step_avg:163.57ms
step:3091/3125 train_time:503.818s step_avg:163.00ms
step:3092/3125 train_time:503.979s step_avg:162.99ms
step:3093/3125 train_time:504.140s step_avg:162.99ms
step:3094/3125 train_time:504.301s step_avg:162.99ms
step:3095/3125 train_time:504.463s step_avg:162.99ms
step:3095/3125 val_loss:3.27705 train_time:504.463s step_avg:162.14ms
step:3096/3125 train_time:504.630s step_avg:162.99ms
step:3097/3125 train_time:504.792s step_avg:162.99ms
step:3098/3125 train_time:504.953s step_avg:162.99ms
step:3099/3125 train_time:505.116s step_avg:162.99ms
step:3100/3125 train_time:505.278s step_avg:162.99ms
step:3100/3125 val_loss:3.27687 train_time:505.279s step_avg:163.08ms
step:3101/3125 train_time:505.445s step_avg:162.99ms
step:3102/3125 train_time:505.607s step_avg:162.99ms
step:3103/3125 train_time:505.769s step_avg:162.99ms
step:3104/3125 train_time:505.931s step_avg:162.99ms
step:3105/3125 train_time:506.094s step_avg:162.99ms
step:3105/3125 val_loss:3.27666 train_time:506.094s step_avg:163.11ms
step:3106/3125 train_time:506.258s step_avg:162.99ms
step:3107/3125 train_time:506.420s step_avg:162.99ms
step:3108/3125 train_time:506.581s step_avg:162.99ms
step:3109/3125 train_time:506.742s step_avg:162.99ms
step:3110/3125 train_time:506.903s step_avg:162.99ms
step:3110/3125 val_loss:3.27654 train_time:506.904s step_avg:161.93ms
step:3111/3125 train_time:507.072s step_avg:162.99ms
step:3112/3125 train_time:507.233s step_avg:162.99ms
step:3113/3125 train_time:507.395s step_avg:162.99ms
step:3114/3125 train_time:507.557s step_avg:162.99ms
step:3115/3125 train_time:507.717s step_avg:162.99ms
step:3115/3125 val_loss:3.27644 train_time:507.717s step_avg:162.66ms
step:3116/3125 train_time:507.883s step_avg:162.99ms
step:3117/3125 train_time:508.044s step_avg:162.99ms
step:3118/3125 train_time:508.207s step_avg:162.99ms
step:3119/3125 train_time:508.369s step_avg:162.99ms
step:3120/3125 train_time:508.530s step_avg:162.99ms
step:3120/3125 val_loss:3.27638 train_time:508.531s step_avg:162.70ms
step:3121/3125 train_time:508.695s step_avg:162.99ms
step:3122/3125 train_time:508.858s step_avg:162.99ms
step:3123/3125 train_time:509.021s step_avg:162.99ms
step:3124/3125 train_time:509.182s step_avg:162.99ms
step:3125/3125 train_time:509.344s step_avg:162.99ms
step:3125/3125 val_loss:3.27635 train_time:509.344s step_avg:162.67ms
EXIT=0
