=== on_750 : train_gpt_muonh_kmaxwell.py --warmup_end 100 --plateau_end 200 --fast_decay_end 1750 --peak_lr 0.030 --floor_lr 0.006 --fast_decay_exponent 0.6 --slow_decay_schedule linear --min_lr 0.0 --train_steps 3125 --seed 0 --k 8 --tau-min 3 --tau-max 64 --mu 0.95 --anneal-frac 1.0 --age 50 --age-end 22 --km-start 750 ===
W0827 06:43:45.390000 11670 torch/distributed/run.py:852] 
W0827 06:43:45.390000 11670 torch/distributed/run.py:852] *****************************************
W0827 06:43:45.390000 11670 torch/distributed/run.py:852] Setting OMP_NUM_THREADS environment variable for each process to be 1 in default, to avoid your system being overloaded, please further tune the variable for optimal performance in your application as needed. 
W0827 06:43:45.390000 11670 torch/distributed/run.py:852] *****************************************
logs/muonh_fast_slow_decay_warm100_plateauEnd200_peak0.03_fastEnd1750_floor0.006_slowlinear_exp0.6_kmaxwell_k8_kmstart750_steps3125_seed0.txt
step:0/3125 val_loss:10.98535 train_time:0.000s step_avg:nanms
step:1/3125 train_time:2.843s step_avg:2843.38ms
step:2/3125 train_time:2.989s step_avg:1494.49ms
step:3/3125 train_time:3.143s step_avg:1047.72ms
step:4/3125 train_time:3.298s step_avg:824.39ms
step:5/3125 train_time:3.452s step_avg:690.40ms
step:6/3125 train_time:3.606s step_avg:600.96ms
step:7/3125 train_time:3.765s step_avg:537.84ms
step:8/3125 train_time:3.921s step_avg:490.14ms
step:9/3125 train_time:4.077s step_avg:453.01ms
step:10/3125 train_time:4.230s step_avg:422.97ms
step:11/3125 train_time:4.385s step_avg:398.65ms
step:12/3125 train_time:4.542s step_avg:378.47ms
step:13/3125 train_time:4.698s step_avg:361.42ms
step:14/3125 train_time:4.853s step_avg:346.66ms
step:15/3125 train_time:5.010s step_avg:333.97ms
step:16/3125 train_time:5.166s step_avg:322.88ms
step:17/3125 train_time:5.322s step_avg:313.06ms
step:18/3125 train_time:5.477s step_avg:304.30ms
step:19/3125 train_time:5.632s step_avg:296.43ms
step:20/3125 train_time:5.787s step_avg:289.36ms
step:21/3125 train_time:5.943s step_avg:283.01ms
step:22/3125 train_time:6.099s step_avg:277.21ms
step:23/3125 train_time:6.253s step_avg:271.86ms
step:24/3125 train_time:6.408s step_avg:266.98ms
step:25/3125 train_time:6.567s step_avg:262.69ms
step:26/3125 train_time:6.725s step_avg:258.64ms
step:27/3125 train_time:6.883s step_avg:254.93ms
step:28/3125 train_time:7.040s step_avg:251.42ms
step:29/3125 train_time:7.196s step_avg:248.13ms
step:30/3125 train_time:7.350s step_avg:245.00ms
step:31/3125 train_time:7.506s step_avg:242.12ms
step:32/3125 train_time:7.664s step_avg:239.50ms
step:33/3125 train_time:7.821s step_avg:236.99ms
step:34/3125 train_time:7.978s step_avg:234.64ms
step:35/3125 train_time:8.133s step_avg:232.36ms
step:36/3125 train_time:8.289s step_avg:230.25ms
step:37/3125 train_time:8.444s step_avg:228.23ms
step:38/3125 train_time:8.601s step_avg:226.35ms
step:39/3125 train_time:8.757s step_avg:224.54ms
step:40/3125 train_time:8.912s step_avg:222.80ms
step:41/3125 train_time:9.068s step_avg:221.17ms
step:42/3125 train_time:9.225s step_avg:219.65ms
step:43/3125 train_time:9.383s step_avg:218.21ms
step:44/3125 train_time:9.540s step_avg:216.82ms
step:45/3125 train_time:9.693s step_avg:215.40ms
step:46/3125 train_time:9.850s step_avg:214.13ms
step:47/3125 train_time:10.006s step_avg:212.89ms
step:48/3125 train_time:10.165s step_avg:211.77ms
step:49/3125 train_time:10.321s step_avg:210.64ms
step:50/3125 train_time:10.479s step_avg:209.58ms
step:51/3125 train_time:10.633s step_avg:208.49ms
step:52/3125 train_time:10.788s step_avg:207.47ms
step:53/3125 train_time:10.944s step_avg:206.49ms
step:54/3125 train_time:11.099s step_avg:205.53ms
step:55/3125 train_time:11.254s step_avg:204.62ms
step:56/3125 train_time:11.411s step_avg:203.76ms
step:57/3125 train_time:11.567s step_avg:202.93ms
step:58/3125 train_time:11.726s step_avg:202.18ms
step:59/3125 train_time:11.885s step_avg:201.44ms
step:60/3125 train_time:12.043s step_avg:200.71ms
step:61/3125 train_time:12.199s step_avg:199.99ms
step:62/3125 train_time:12.354s step_avg:199.25ms
step:63/3125 train_time:12.510s step_avg:198.57ms
step:64/3125 train_time:12.666s step_avg:197.91ms
step:65/3125 train_time:12.822s step_avg:197.26ms
step:66/3125 train_time:12.977s step_avg:196.62ms
step:67/3125 train_time:13.132s step_avg:196.00ms
step:68/3125 train_time:13.289s step_avg:195.42ms
step:69/3125 train_time:13.445s step_avg:194.86ms
step:70/3125 train_time:13.603s step_avg:194.32ms
step:71/3125 train_time:13.759s step_avg:193.80ms
step:72/3125 train_time:13.914s step_avg:193.25ms
step:73/3125 train_time:14.070s step_avg:192.74ms
step:74/3125 train_time:14.226s step_avg:192.24ms
step:75/3125 train_time:14.384s step_avg:191.79ms
step:76/3125 train_time:14.541s step_avg:191.33ms
step:77/3125 train_time:14.698s step_avg:190.88ms
step:78/3125 train_time:14.852s step_avg:190.41ms
step:79/3125 train_time:15.007s step_avg:189.96ms
step:80/3125 train_time:15.163s step_avg:189.54ms
step:81/3125 train_time:15.318s step_avg:189.12ms
step:82/3125 train_time:15.474s step_avg:188.70ms
step:83/3125 train_time:15.629s step_avg:188.30ms
step:84/3125 train_time:15.787s step_avg:187.94ms
step:85/3125 train_time:15.944s step_avg:187.58ms
step:86/3125 train_time:16.102s step_avg:187.23ms
step:87/3125 train_time:16.258s step_avg:186.87ms
step:88/3125 train_time:16.413s step_avg:186.51ms
step:89/3125 train_time:16.569s step_avg:186.16ms
step:90/3125 train_time:16.726s step_avg:185.85ms
step:91/3125 train_time:16.884s step_avg:185.54ms
step:92/3125 train_time:17.041s step_avg:185.22ms
step:93/3125 train_time:17.197s step_avg:184.92ms
step:94/3125 train_time:17.352s step_avg:184.60ms
step:95/3125 train_time:17.507s step_avg:184.28ms
step:96/3125 train_time:17.664s step_avg:184.00ms
step:97/3125 train_time:17.819s step_avg:183.70ms
step:98/3125 train_time:17.974s step_avg:183.41ms
step:99/3125 train_time:18.130s step_avg:183.13ms
step:100/3125 train_time:18.287s step_avg:182.87ms
step:101/3125 train_time:18.444s step_avg:182.62ms
step:102/3125 train_time:18.602s step_avg:182.37ms
step:103/3125 train_time:18.760s step_avg:182.13ms
step:104/3125 train_time:18.915s step_avg:181.87ms
step:105/3125 train_time:19.071s step_avg:181.63ms
step:106/3125 train_time:19.227s step_avg:181.39ms
step:107/3125 train_time:19.385s step_avg:181.17ms
step:108/3125 train_time:19.542s step_avg:180.94ms
step:109/3125 train_time:19.699s step_avg:180.73ms
step:110/3125 train_time:19.854s step_avg:180.49ms
step:111/3125 train_time:20.010s step_avg:180.27ms
step:112/3125 train_time:20.166s step_avg:180.05ms
step:113/3125 train_time:20.323s step_avg:179.85ms
step:114/3125 train_time:20.480s step_avg:179.65ms
step:115/3125 train_time:20.635s step_avg:179.43ms
step:116/3125 train_time:20.791s step_avg:179.23ms
step:117/3125 train_time:20.945s step_avg:179.02ms
step:118/3125 train_time:21.102s step_avg:178.83ms
step:119/3125 train_time:21.258s step_avg:178.64ms
step:120/3125 train_time:21.413s step_avg:178.44ms
step:121/3125 train_time:21.569s step_avg:178.26ms
step:122/3125 train_time:21.726s step_avg:178.08ms
step:123/3125 train_time:21.884s step_avg:177.92ms
step:124/3125 train_time:22.041s step_avg:177.75ms
step:125/3125 train_time:22.197s step_avg:177.58ms
step:125/3125 val_loss:4.89158 train_time:22.206s step_avg:177.64ms
step:126/3125 train_time:22.357s step_avg:177.44ms
step:127/3125 train_time:22.512s step_avg:177.26ms
step:128/3125 train_time:22.666s step_avg:177.08ms
step:129/3125 train_time:22.823s step_avg:176.92ms
step:130/3125 train_time:22.980s step_avg:176.77ms
step:131/3125 train_time:23.134s step_avg:176.60ms
step:132/3125 train_time:23.291s step_avg:176.45ms
step:133/3125 train_time:23.446s step_avg:176.28ms
step:134/3125 train_time:23.604s step_avg:176.15ms
step:135/3125 train_time:23.760s step_avg:176.00ms
step:136/3125 train_time:23.916s step_avg:175.85ms
step:137/3125 train_time:24.072s step_avg:175.70ms
step:138/3125 train_time:24.229s step_avg:175.57ms
step:139/3125 train_time:24.385s step_avg:175.43ms
step:140/3125 train_time:24.541s step_avg:175.29ms
step:141/3125 train_time:24.698s step_avg:175.17ms
step:142/3125 train_time:24.853s step_avg:175.02ms
step:143/3125 train_time:25.008s step_avg:174.88ms
step:144/3125 train_time:25.166s step_avg:174.76ms
step:145/3125 train_time:25.325s step_avg:174.65ms
step:146/3125 train_time:25.481s step_avg:174.53ms
step:147/3125 train_time:25.635s step_avg:174.39ms
step:148/3125 train_time:25.790s step_avg:174.26ms
step:149/3125 train_time:25.946s step_avg:174.13ms
step:150/3125 train_time:26.103s step_avg:174.02ms
step:151/3125 train_time:26.259s step_avg:173.90ms
step:152/3125 train_time:26.415s step_avg:173.78ms
step:153/3125 train_time:26.569s step_avg:173.66ms
step:154/3125 train_time:26.726s step_avg:173.54ms
step:155/3125 train_time:26.882s step_avg:173.43ms
step:156/3125 train_time:27.037s step_avg:173.31ms
step:157/3125 train_time:27.192s step_avg:173.20ms
step:158/3125 train_time:27.347s step_avg:173.08ms
step:159/3125 train_time:27.505s step_avg:172.99ms
step:160/3125 train_time:27.661s step_avg:172.88ms
step:161/3125 train_time:27.817s step_avg:172.78ms
step:162/3125 train_time:27.971s step_avg:172.66ms
step:163/3125 train_time:28.127s step_avg:172.56ms
step:164/3125 train_time:28.284s step_avg:172.46ms
step:165/3125 train_time:28.440s step_avg:172.36ms
step:166/3125 train_time:28.596s step_avg:172.26ms
step:167/3125 train_time:28.751s step_avg:172.16ms
step:168/3125 train_time:28.907s step_avg:172.06ms
step:169/3125 train_time:29.065s step_avg:171.98ms
step:170/3125 train_time:29.222s step_avg:171.89ms
step:171/3125 train_time:29.378s step_avg:171.80ms
step:172/3125 train_time:29.532s step_avg:171.70ms
step:173/3125 train_time:29.688s step_avg:171.61ms
step:174/3125 train_time:29.844s step_avg:171.52ms
step:175/3125 train_time:30.001s step_avg:171.43ms
step:176/3125 train_time:30.156s step_avg:171.34ms
step:177/3125 train_time:30.311s step_avg:171.25ms
step:178/3125 train_time:30.466s step_avg:171.16ms
step:179/3125 train_time:30.624s step_avg:171.09ms
step:180/3125 train_time:30.781s step_avg:171.01ms
step:181/3125 train_time:30.935s step_avg:170.91ms
step:182/3125 train_time:31.091s step_avg:170.83ms
step:183/3125 train_time:31.246s step_avg:170.74ms
step:184/3125 train_time:31.404s step_avg:170.67ms
step:185/3125 train_time:31.560s step_avg:170.59ms
step:186/3125 train_time:31.715s step_avg:170.51ms
step:187/3125 train_time:31.870s step_avg:170.43ms
step:188/3125 train_time:32.026s step_avg:170.35ms
step:189/3125 train_time:32.182s step_avg:170.28ms
step:190/3125 train_time:32.337s step_avg:170.20ms
step:191/3125 train_time:32.638s step_avg:170.88ms
step:192/3125 train_time:32.792s step_avg:170.79ms
step:193/3125 train_time:32.945s step_avg:170.70ms
step:194/3125 train_time:33.100s step_avg:170.62ms
step:195/3125 train_time:33.254s step_avg:170.53ms
step:196/3125 train_time:33.413s step_avg:170.47ms
step:197/3125 train_time:33.570s step_avg:170.40ms
step:198/3125 train_time:33.726s step_avg:170.33ms
step:199/3125 train_time:33.883s step_avg:170.26ms
step:200/3125 train_time:34.037s step_avg:170.19ms
step:201/3125 train_time:34.192s step_avg:170.11ms
step:202/3125 train_time:34.348s step_avg:170.04ms
step:203/3125 train_time:34.506s step_avg:169.98ms
step:204/3125 train_time:34.663s step_avg:169.92ms
step:205/3125 train_time:34.820s step_avg:169.85ms
step:206/3125 train_time:34.976s step_avg:169.78ms
step:207/3125 train_time:35.131s step_avg:169.71ms
step:208/3125 train_time:35.285s step_avg:169.64ms
step:209/3125 train_time:35.441s step_avg:169.58ms
step:210/3125 train_time:35.597s step_avg:169.51ms
step:211/3125 train_time:35.752s step_avg:169.44ms
step:212/3125 train_time:35.907s step_avg:169.37ms
step:213/3125 train_time:36.064s step_avg:169.31ms
step:214/3125 train_time:36.221s step_avg:169.25ms
step:215/3125 train_time:36.375s step_avg:169.18ms
step:216/3125 train_time:36.529s step_avg:169.12ms
step:217/3125 train_time:36.687s step_avg:169.06ms
step:218/3125 train_time:36.843s step_avg:169.00ms
step:219/3125 train_time:37.000s step_avg:168.95ms
step:220/3125 train_time:37.155s step_avg:168.89ms
step:221/3125 train_time:37.310s step_avg:168.82ms
step:222/3125 train_time:37.465s step_avg:168.76ms
step:223/3125 train_time:37.622s step_avg:168.71ms
step:224/3125 train_time:37.778s step_avg:168.65ms
step:225/3125 train_time:37.932s step_avg:168.59ms
step:226/3125 train_time:38.087s step_avg:168.53ms
step:227/3125 train_time:38.244s step_avg:168.47ms
step:228/3125 train_time:38.401s step_avg:168.43ms
step:229/3125 train_time:38.557s step_avg:168.37ms
step:230/3125 train_time:38.712s step_avg:168.31ms
step:231/3125 train_time:38.866s step_avg:168.25ms
step:232/3125 train_time:39.024s step_avg:168.21ms
step:233/3125 train_time:39.181s step_avg:168.16ms
step:234/3125 train_time:39.335s step_avg:168.10ms
step:235/3125 train_time:39.491s step_avg:168.05ms
step:236/3125 train_time:39.646s step_avg:167.99ms
step:237/3125 train_time:39.804s step_avg:167.95ms
step:238/3125 train_time:39.959s step_avg:167.89ms
step:239/3125 train_time:40.113s step_avg:167.84ms
step:240/3125 train_time:40.268s step_avg:167.78ms
step:241/3125 train_time:40.425s step_avg:167.74ms
step:242/3125 train_time:40.584s step_avg:167.70ms
step:243/3125 train_time:40.739s step_avg:167.65ms
step:244/3125 train_time:40.894s step_avg:167.60ms
step:245/3125 train_time:41.050s step_avg:167.55ms
step:246/3125 train_time:41.207s step_avg:167.51ms
step:247/3125 train_time:41.364s step_avg:167.46ms
step:248/3125 train_time:41.521s step_avg:167.42ms
step:249/3125 train_time:41.677s step_avg:167.38ms
step:250/3125 train_time:41.831s step_avg:167.32ms
step:250/3125 val_loss:4.23641 train_time:41.839s step_avg:157.07ms
step:251/3125 train_time:41.991s step_avg:167.29ms
step:252/3125 train_time:42.148s step_avg:167.25ms
step:253/3125 train_time:42.304s step_avg:167.21ms
step:254/3125 train_time:42.458s step_avg:167.16ms
step:255/3125 train_time:42.613s step_avg:167.11ms
step:256/3125 train_time:42.769s step_avg:167.07ms
step:257/3125 train_time:42.926s step_avg:167.03ms
step:258/3125 train_time:43.082s step_avg:166.98ms
step:259/3125 train_time:43.236s step_avg:166.93ms
step:260/3125 train_time:43.390s step_avg:166.88ms
step:261/3125 train_time:43.548s step_avg:166.85ms
step:262/3125 train_time:43.704s step_avg:166.81ms
step:263/3125 train_time:43.860s step_avg:166.77ms
step:264/3125 train_time:44.015s step_avg:166.72ms
step:265/3125 train_time:44.170s step_avg:166.68ms
step:266/3125 train_time:44.328s step_avg:166.64ms
step:267/3125 train_time:44.484s step_avg:166.61ms
step:268/3125 train_time:44.640s step_avg:166.57ms
step:269/3125 train_time:44.794s step_avg:166.52ms
step:270/3125 train_time:44.949s step_avg:166.48ms
step:271/3125 train_time:45.106s step_avg:166.44ms
step:272/3125 train_time:45.262s step_avg:166.40ms
step:273/3125 train_time:45.416s step_avg:166.36ms
step:274/3125 train_time:45.571s step_avg:166.32ms
step:275/3125 train_time:45.728s step_avg:166.29ms
step:276/3125 train_time:45.884s step_avg:166.25ms
step:277/3125 train_time:46.041s step_avg:166.21ms
step:278/3125 train_time:46.195s step_avg:166.17ms
step:279/3125 train_time:46.349s step_avg:166.13ms
step:280/3125 train_time:46.507s step_avg:166.10ms
step:281/3125 train_time:46.663s step_avg:166.06ms
step:282/3125 train_time:46.818s step_avg:166.02ms
step:283/3125 train_time:46.972s step_avg:165.98ms
step:284/3125 train_time:47.128s step_avg:165.94ms
step:285/3125 train_time:47.283s step_avg:165.91ms
step:286/3125 train_time:47.439s step_avg:165.87ms
step:287/3125 train_time:47.593s step_avg:165.83ms
step:288/3125 train_time:47.748s step_avg:165.79ms
step:289/3125 train_time:47.905s step_avg:165.76ms
step:290/3125 train_time:48.060s step_avg:165.72ms
step:291/3125 train_time:48.214s step_avg:165.68ms
step:292/3125 train_time:48.370s step_avg:165.65ms
step:293/3125 train_time:48.527s step_avg:165.62ms
step:294/3125 train_time:48.683s step_avg:165.59ms
step:295/3125 train_time:48.839s step_avg:165.56ms
step:296/3125 train_time:48.993s step_avg:165.52ms
step:297/3125 train_time:49.148s step_avg:165.48ms
step:298/3125 train_time:49.305s step_avg:165.45ms
step:299/3125 train_time:49.460s step_avg:165.42ms
step:300/3125 train_time:49.615s step_avg:165.38ms
step:301/3125 train_time:49.770s step_avg:165.35ms
step:302/3125 train_time:49.928s step_avg:165.33ms
step:303/3125 train_time:50.085s step_avg:165.30ms
step:304/3125 train_time:50.241s step_avg:165.27ms
step:305/3125 train_time:50.395s step_avg:165.23ms
step:306/3125 train_time:50.551s step_avg:165.20ms
step:307/3125 train_time:50.707s step_avg:165.17ms
step:308/3125 train_time:50.863s step_avg:165.14ms
step:309/3125 train_time:51.018s step_avg:165.11ms
step:310/3125 train_time:51.172s step_avg:165.07ms
step:311/3125 train_time:51.328s step_avg:165.04ms
step:312/3125 train_time:51.485s step_avg:165.02ms
step:313/3125 train_time:51.641s step_avg:164.99ms
step:314/3125 train_time:51.795s step_avg:164.95ms
step:315/3125 train_time:51.949s step_avg:164.92ms
step:316/3125 train_time:52.106s step_avg:164.89ms
step:317/3125 train_time:52.261s step_avg:164.86ms
step:318/3125 train_time:52.416s step_avg:164.83ms
step:319/3125 train_time:52.570s step_avg:164.80ms
step:320/3125 train_time:52.728s step_avg:164.78ms
step:321/3125 train_time:52.886s step_avg:164.75ms
step:322/3125 train_time:53.043s step_avg:164.73ms
step:323/3125 train_time:53.198s step_avg:164.70ms
step:324/3125 train_time:53.353s step_avg:164.67ms
step:325/3125 train_time:53.509s step_avg:164.64ms
step:326/3125 train_time:53.664s step_avg:164.61ms
step:327/3125 train_time:53.820s step_avg:164.59ms
step:328/3125 train_time:53.974s step_avg:164.55ms
step:329/3125 train_time:54.129s step_avg:164.53ms
step:330/3125 train_time:54.286s step_avg:164.50ms
step:331/3125 train_time:54.442s step_avg:164.48ms
step:332/3125 train_time:54.596s step_avg:164.45ms
step:333/3125 train_time:54.751s step_avg:164.42ms
step:334/3125 train_time:54.909s step_avg:164.40ms
step:335/3125 train_time:55.065s step_avg:164.37ms
step:336/3125 train_time:55.222s step_avg:164.35ms
step:337/3125 train_time:55.377s step_avg:164.32ms
step:338/3125 train_time:55.533s step_avg:164.30ms
step:339/3125 train_time:55.689s step_avg:164.27ms
step:340/3125 train_time:55.847s step_avg:164.26ms
step:341/3125 train_time:56.003s step_avg:164.23ms
step:342/3125 train_time:56.158s step_avg:164.20ms
step:343/3125 train_time:56.313s step_avg:164.18ms
step:344/3125 train_time:56.469s step_avg:164.15ms
step:345/3125 train_time:56.627s step_avg:164.13ms
step:346/3125 train_time:56.782s step_avg:164.11ms
step:347/3125 train_time:56.937s step_avg:164.08ms
step:348/3125 train_time:57.091s step_avg:164.05ms
step:349/3125 train_time:57.248s step_avg:164.03ms
step:350/3125 train_time:57.405s step_avg:164.02ms
step:351/3125 train_time:57.559s step_avg:163.99ms
step:352/3125 train_time:57.714s step_avg:163.96ms
step:353/3125 train_time:57.870s step_avg:163.94ms
step:354/3125 train_time:58.027s step_avg:163.92ms
step:355/3125 train_time:58.182s step_avg:163.89ms
step:356/3125 train_time:58.337s step_avg:163.87ms
step:357/3125 train_time:58.491s step_avg:163.84ms
step:358/3125 train_time:58.649s step_avg:163.82ms
step:359/3125 train_time:58.806s step_avg:163.80ms
step:360/3125 train_time:58.961s step_avg:163.78ms
step:361/3125 train_time:59.116s step_avg:163.76ms
step:362/3125 train_time:59.271s step_avg:163.73ms
step:363/3125 train_time:59.427s step_avg:163.71ms
step:364/3125 train_time:59.583s step_avg:163.69ms
step:365/3125 train_time:59.738s step_avg:163.67ms
step:366/3125 train_time:59.892s step_avg:163.64ms
step:367/3125 train_time:60.050s step_avg:163.62ms
step:368/3125 train_time:60.208s step_avg:163.61ms
step:369/3125 train_time:60.364s step_avg:163.59ms
step:370/3125 train_time:60.520s step_avg:163.57ms
step:371/3125 train_time:60.675s step_avg:163.54ms
step:372/3125 train_time:60.830s step_avg:163.52ms
step:373/3125 train_time:60.986s step_avg:163.50ms
step:374/3125 train_time:61.142s step_avg:163.48ms
step:375/3125 train_time:61.296s step_avg:163.46ms
step:375/3125 val_loss:4.03388 train_time:61.304s step_avg:155.72ms
step:376/3125 train_time:61.454s step_avg:163.44ms
step:377/3125 train_time:61.612s step_avg:163.43ms
step:378/3125 train_time:61.770s step_avg:163.41ms
step:379/3125 train_time:61.926s step_avg:163.39ms
step:380/3125 train_time:62.080s step_avg:163.37ms
step:381/3125 train_time:62.284s step_avg:163.47ms
step:382/3125 train_time:62.437s step_avg:163.45ms
step:383/3125 train_time:62.591s step_avg:163.42ms
step:384/3125 train_time:62.748s step_avg:163.41ms
step:385/3125 train_time:62.902s step_avg:163.38ms
step:386/3125 train_time:63.058s step_avg:163.36ms
step:387/3125 train_time:63.213s step_avg:163.34ms
step:388/3125 train_time:63.371s step_avg:163.33ms
step:389/3125 train_time:63.527s step_avg:163.31ms
step:390/3125 train_time:63.682s step_avg:163.29ms
step:391/3125 train_time:63.836s step_avg:163.26ms
step:392/3125 train_time:63.991s step_avg:163.24ms
step:393/3125 train_time:64.150s step_avg:163.23ms
step:394/3125 train_time:64.306s step_avg:163.21ms
step:395/3125 train_time:64.462s step_avg:163.20ms
step:396/3125 train_time:64.615s step_avg:163.17ms
step:397/3125 train_time:64.771s step_avg:163.15ms
step:398/3125 train_time:64.928s step_avg:163.14ms
step:399/3125 train_time:65.083s step_avg:163.12ms
step:400/3125 train_time:65.238s step_avg:163.09ms
step:401/3125 train_time:65.392s step_avg:163.07ms
step:402/3125 train_time:65.549s step_avg:163.06ms
step:403/3125 train_time:65.705s step_avg:163.04ms
step:404/3125 train_time:65.858s step_avg:163.01ms
step:405/3125 train_time:66.013s step_avg:162.99ms
step:406/3125 train_time:66.170s step_avg:162.98ms
step:407/3125 train_time:66.326s step_avg:162.96ms
step:408/3125 train_time:66.480s step_avg:162.94ms
step:409/3125 train_time:66.636s step_avg:162.92ms
step:410/3125 train_time:66.792s step_avg:162.91ms
step:411/3125 train_time:66.947s step_avg:162.89ms
step:412/3125 train_time:67.103s step_avg:162.87ms
step:413/3125 train_time:67.257s step_avg:162.85ms
step:414/3125 train_time:67.412s step_avg:162.83ms
step:415/3125 train_time:67.570s step_avg:162.82ms
step:416/3125 train_time:67.726s step_avg:162.80ms
step:417/3125 train_time:67.880s step_avg:162.78ms
step:418/3125 train_time:68.036s step_avg:162.77ms
step:419/3125 train_time:68.191s step_avg:162.75ms
step:420/3125 train_time:68.348s step_avg:162.73ms
step:421/3125 train_time:68.503s step_avg:162.72ms
step:422/3125 train_time:68.658s step_avg:162.70ms
step:423/3125 train_time:68.813s step_avg:162.68ms
step:424/3125 train_time:68.970s step_avg:162.67ms
step:425/3125 train_time:69.126s step_avg:162.65ms
step:426/3125 train_time:69.280s step_avg:162.63ms
step:427/3125 train_time:69.436s step_avg:162.61ms
step:428/3125 train_time:69.591s step_avg:162.60ms
step:429/3125 train_time:69.748s step_avg:162.58ms
step:430/3125 train_time:69.903s step_avg:162.56ms
step:431/3125 train_time:70.058s step_avg:162.55ms
step:432/3125 train_time:70.211s step_avg:162.53ms
step:433/3125 train_time:70.369s step_avg:162.52ms
step:434/3125 train_time:70.526s step_avg:162.50ms
step:435/3125 train_time:70.681s step_avg:162.49ms
step:436/3125 train_time:70.836s step_avg:162.47ms
step:437/3125 train_time:70.992s step_avg:162.45ms
step:438/3125 train_time:71.149s step_avg:162.44ms
step:439/3125 train_time:71.305s step_avg:162.43ms
step:440/3125 train_time:71.459s step_avg:162.41ms
step:441/3125 train_time:71.613s step_avg:162.39ms
step:442/3125 train_time:71.770s step_avg:162.37ms
step:443/3125 train_time:71.925s step_avg:162.36ms
step:444/3125 train_time:72.079s step_avg:162.34ms
step:445/3125 train_time:72.234s step_avg:162.32ms
step:446/3125 train_time:72.391s step_avg:162.31ms
step:447/3125 train_time:72.548s step_avg:162.30ms
step:448/3125 train_time:72.704s step_avg:162.29ms
step:449/3125 train_time:72.858s step_avg:162.27ms
step:450/3125 train_time:73.012s step_avg:162.25ms
step:451/3125 train_time:73.169s step_avg:162.24ms
step:452/3125 train_time:73.325s step_avg:162.22ms
step:453/3125 train_time:73.479s step_avg:162.21ms
step:454/3125 train_time:73.635s step_avg:162.19ms
step:455/3125 train_time:73.792s step_avg:162.18ms
step:456/3125 train_time:73.949s step_avg:162.17ms
step:457/3125 train_time:74.104s step_avg:162.15ms
step:458/3125 train_time:74.258s step_avg:162.14ms
step:459/3125 train_time:74.412s step_avg:162.12ms
step:460/3125 train_time:74.569s step_avg:162.11ms
step:461/3125 train_time:74.725s step_avg:162.09ms
step:462/3125 train_time:74.879s step_avg:162.08ms
step:463/3125 train_time:75.034s step_avg:162.06ms
step:464/3125 train_time:75.191s step_avg:162.05ms
step:465/3125 train_time:75.348s step_avg:162.04ms
step:466/3125 train_time:75.504s step_avg:162.03ms
step:467/3125 train_time:75.659s step_avg:162.01ms
step:468/3125 train_time:75.814s step_avg:161.99ms
step:469/3125 train_time:75.971s step_avg:161.98ms
step:470/3125 train_time:76.125s step_avg:161.97ms
step:471/3125 train_time:76.279s step_avg:161.95ms
step:472/3125 train_time:76.436s step_avg:161.94ms
step:473/3125 train_time:76.592s step_avg:161.93ms
step:474/3125 train_time:76.750s step_avg:161.92ms
step:475/3125 train_time:76.907s step_avg:161.91ms
step:476/3125 train_time:77.062s step_avg:161.90ms
step:477/3125 train_time:77.216s step_avg:161.88ms
step:478/3125 train_time:77.372s step_avg:161.87ms
step:479/3125 train_time:77.527s step_avg:161.85ms
step:480/3125 train_time:77.683s step_avg:161.84ms
step:481/3125 train_time:77.839s step_avg:161.83ms
step:482/3125 train_time:77.995s step_avg:161.82ms
step:483/3125 train_time:78.151s step_avg:161.80ms
step:484/3125 train_time:78.306s step_avg:161.79ms
step:485/3125 train_time:78.461s step_avg:161.78ms
step:486/3125 train_time:78.616s step_avg:161.76ms
step:487/3125 train_time:78.772s step_avg:161.75ms
step:488/3125 train_time:78.929s step_avg:161.74ms
step:489/3125 train_time:79.086s step_avg:161.73ms
step:490/3125 train_time:79.242s step_avg:161.72ms
step:491/3125 train_time:79.396s step_avg:161.70ms
step:492/3125 train_time:79.551s step_avg:161.69ms
step:493/3125 train_time:79.707s step_avg:161.68ms
step:494/3125 train_time:79.862s step_avg:161.66ms
step:495/3125 train_time:80.016s step_avg:161.65ms
step:496/3125 train_time:80.172s step_avg:161.64ms
step:497/3125 train_time:80.327s step_avg:161.62ms
step:498/3125 train_time:80.483s step_avg:161.61ms
step:499/3125 train_time:80.637s step_avg:161.60ms
step:500/3125 train_time:80.791s step_avg:161.58ms
step:500/3125 val_loss:3.92770 train_time:80.799s step_avg:155.96ms
step:501/3125 train_time:80.950s step_avg:161.58ms
step:502/3125 train_time:81.105s step_avg:161.56ms
step:503/3125 train_time:81.259s step_avg:161.55ms
step:504/3125 train_time:81.414s step_avg:161.54ms
step:505/3125 train_time:81.572s step_avg:161.53ms
step:506/3125 train_time:81.729s step_avg:161.52ms
step:507/3125 train_time:81.885s step_avg:161.51ms
step:508/3125 train_time:82.039s step_avg:161.49ms
step:509/3125 train_time:82.194s step_avg:161.48ms
step:510/3125 train_time:82.351s step_avg:161.47ms
step:511/3125 train_time:82.506s step_avg:161.46ms
step:512/3125 train_time:82.663s step_avg:161.45ms
step:513/3125 train_time:82.817s step_avg:161.44ms
step:514/3125 train_time:82.972s step_avg:161.42ms
step:515/3125 train_time:83.128s step_avg:161.41ms
step:516/3125 train_time:83.283s step_avg:161.40ms
step:517/3125 train_time:83.438s step_avg:161.39ms
step:518/3125 train_time:83.593s step_avg:161.38ms
step:519/3125 train_time:83.750s step_avg:161.37ms
step:520/3125 train_time:83.906s step_avg:161.36ms
step:521/3125 train_time:84.063s step_avg:161.35ms
step:522/3125 train_time:84.217s step_avg:161.34ms
step:523/3125 train_time:84.372s step_avg:161.32ms
step:524/3125 train_time:84.528s step_avg:161.31ms
step:525/3125 train_time:84.683s step_avg:161.30ms
step:526/3125 train_time:84.837s step_avg:161.29ms
step:527/3125 train_time:84.992s step_avg:161.28ms
step:528/3125 train_time:85.151s step_avg:161.27ms
step:529/3125 train_time:85.306s step_avg:161.26ms
step:530/3125 train_time:85.463s step_avg:161.25ms
step:531/3125 train_time:85.617s step_avg:161.24ms
step:532/3125 train_time:85.772s step_avg:161.23ms
step:533/3125 train_time:85.929s step_avg:161.22ms
step:534/3125 train_time:86.084s step_avg:161.21ms
step:535/3125 train_time:86.237s step_avg:161.19ms
step:536/3125 train_time:86.392s step_avg:161.18ms
step:537/3125 train_time:86.551s step_avg:161.17ms
step:538/3125 train_time:86.706s step_avg:161.16ms
step:539/3125 train_time:86.861s step_avg:161.15ms
step:540/3125 train_time:87.015s step_avg:161.14ms
step:541/3125 train_time:87.171s step_avg:161.13ms
step:542/3125 train_time:87.327s step_avg:161.12ms
step:543/3125 train_time:87.482s step_avg:161.11ms
step:544/3125 train_time:87.637s step_avg:161.10ms
step:545/3125 train_time:87.792s step_avg:161.09ms
step:546/3125 train_time:87.950s step_avg:161.08ms
step:547/3125 train_time:88.105s step_avg:161.07ms
step:548/3125 train_time:88.260s step_avg:161.06ms
step:549/3125 train_time:88.414s step_avg:161.05ms
step:550/3125 train_time:88.571s step_avg:161.04ms
step:551/3125 train_time:88.727s step_avg:161.03ms
step:552/3125 train_time:88.883s step_avg:161.02ms
step:553/3125 train_time:89.037s step_avg:161.01ms
step:554/3125 train_time:89.192s step_avg:161.00ms
step:555/3125 train_time:89.348s step_avg:160.99ms
step:556/3125 train_time:89.504s step_avg:160.98ms
step:557/3125 train_time:89.659s step_avg:160.97ms
step:558/3125 train_time:89.814s step_avg:160.96ms
step:559/3125 train_time:89.971s step_avg:160.95ms
step:560/3125 train_time:90.126s step_avg:160.94ms
step:561/3125 train_time:90.281s step_avg:160.93ms
step:562/3125 train_time:90.436s step_avg:160.92ms
step:563/3125 train_time:90.591s step_avg:160.91ms
step:564/3125 train_time:90.749s step_avg:160.90ms
step:565/3125 train_time:90.903s step_avg:160.89ms
step:566/3125 train_time:91.058s step_avg:160.88ms
step:567/3125 train_time:91.214s step_avg:160.87ms
step:568/3125 train_time:91.370s step_avg:160.86ms
step:569/3125 train_time:91.526s step_avg:160.85ms
step:570/3125 train_time:91.681s step_avg:160.84ms
step:571/3125 train_time:91.888s step_avg:160.92ms
step:572/3125 train_time:92.041s step_avg:160.91ms
step:573/3125 train_time:92.195s step_avg:160.90ms
step:574/3125 train_time:92.350s step_avg:160.89ms
step:575/3125 train_time:92.504s step_avg:160.88ms
step:576/3125 train_time:92.662s step_avg:160.87ms
step:577/3125 train_time:92.818s step_avg:160.86ms
step:578/3125 train_time:92.974s step_avg:160.85ms
step:579/3125 train_time:93.131s step_avg:160.85ms
step:580/3125 train_time:93.287s step_avg:160.84ms
step:581/3125 train_time:93.441s step_avg:160.83ms
step:582/3125 train_time:93.595s step_avg:160.82ms
step:583/3125 train_time:93.752s step_avg:160.81ms
step:584/3125 train_time:93.909s step_avg:160.80ms
step:585/3125 train_time:94.065s step_avg:160.79ms
step:586/3125 train_time:94.219s step_avg:160.78ms
step:587/3125 train_time:94.374s step_avg:160.77ms
step:588/3125 train_time:94.530s step_avg:160.76ms
step:589/3125 train_time:94.686s step_avg:160.76ms
step:590/3125 train_time:94.840s step_avg:160.75ms
step:591/3125 train_time:94.995s step_avg:160.74ms
step:592/3125 train_time:95.152s step_avg:160.73ms
step:593/3125 train_time:95.307s step_avg:160.72ms
step:594/3125 train_time:95.463s step_avg:160.71ms
step:595/3125 train_time:95.616s step_avg:160.70ms
step:596/3125 train_time:95.772s step_avg:160.69ms
step:597/3125 train_time:95.928s step_avg:160.68ms
step:598/3125 train_time:96.085s step_avg:160.68ms
step:599/3125 train_time:96.238s step_avg:160.67ms
step:600/3125 train_time:96.394s step_avg:160.66ms
step:601/3125 train_time:96.550s step_avg:160.65ms
step:602/3125 train_time:96.706s step_avg:160.64ms
step:603/3125 train_time:96.861s step_avg:160.63ms
step:604/3125 train_time:97.015s step_avg:160.62ms
step:605/3125 train_time:97.172s step_avg:160.61ms
step:606/3125 train_time:97.328s step_avg:160.61ms
step:607/3125 train_time:97.484s step_avg:160.60ms
step:608/3125 train_time:97.637s step_avg:160.59ms
step:609/3125 train_time:97.792s step_avg:160.58ms
step:610/3125 train_time:97.950s step_avg:160.57ms
step:611/3125 train_time:98.105s step_avg:160.56ms
step:612/3125 train_time:98.260s step_avg:160.55ms
step:613/3125 train_time:98.415s step_avg:160.55ms
step:614/3125 train_time:98.571s step_avg:160.54ms
step:615/3125 train_time:98.726s step_avg:160.53ms
step:616/3125 train_time:98.882s step_avg:160.52ms
step:617/3125 train_time:99.036s step_avg:160.51ms
step:618/3125 train_time:99.191s step_avg:160.50ms
step:619/3125 train_time:99.349s step_avg:160.50ms
step:620/3125 train_time:99.503s step_avg:160.49ms
step:621/3125 train_time:99.658s step_avg:160.48ms
step:622/3125 train_time:99.812s step_avg:160.47ms
step:623/3125 train_time:99.969s step_avg:160.46ms
step:624/3125 train_time:100.124s step_avg:160.46ms
step:625/3125 train_time:100.279s step_avg:160.45ms
step:625/3125 val_loss:3.84585 train_time:100.287s step_avg:155.90ms
step:626/3125 train_time:100.435s step_avg:160.44ms
step:627/3125 train_time:100.592s step_avg:160.43ms
step:628/3125 train_time:100.746s step_avg:160.42ms
step:629/3125 train_time:100.900s step_avg:160.41ms
step:630/3125 train_time:101.054s step_avg:160.40ms
step:631/3125 train_time:101.212s step_avg:160.40ms
step:632/3125 train_time:101.367s step_avg:160.39ms
step:633/3125 train_time:101.521s step_avg:160.38ms
step:634/3125 train_time:101.676s step_avg:160.37ms
step:635/3125 train_time:101.832s step_avg:160.36ms
step:636/3125 train_time:101.988s step_avg:160.36ms
step:637/3125 train_time:102.142s step_avg:160.35ms
step:638/3125 train_time:102.298s step_avg:160.34ms
step:639/3125 train_time:102.454s step_avg:160.33ms
step:640/3125 train_time:102.610s step_avg:160.33ms
step:641/3125 train_time:102.767s step_avg:160.32ms
step:642/3125 train_time:102.920s step_avg:160.31ms
step:643/3125 train_time:103.076s step_avg:160.30ms
step:644/3125 train_time:103.232s step_avg:160.30ms
step:645/3125 train_time:103.387s step_avg:160.29ms
step:646/3125 train_time:103.540s step_avg:160.28ms
step:647/3125 train_time:103.695s step_avg:160.27ms
step:648/3125 train_time:103.852s step_avg:160.27ms
step:649/3125 train_time:104.009s step_avg:160.26ms
step:650/3125 train_time:104.162s step_avg:160.25ms
step:651/3125 train_time:104.317s step_avg:160.24ms
step:652/3125 train_time:104.474s step_avg:160.24ms
step:653/3125 train_time:104.629s step_avg:160.23ms
step:654/3125 train_time:104.785s step_avg:160.22ms
step:655/3125 train_time:104.940s step_avg:160.21ms
step:656/3125 train_time:105.095s step_avg:160.21ms
step:657/3125 train_time:105.251s step_avg:160.20ms
step:658/3125 train_time:105.406s step_avg:160.19ms
step:659/3125 train_time:105.559s step_avg:160.18ms
step:660/3125 train_time:105.715s step_avg:160.17ms
step:661/3125 train_time:105.872s step_avg:160.17ms
step:662/3125 train_time:106.027s step_avg:160.16ms
step:663/3125 train_time:106.182s step_avg:160.15ms
step:664/3125 train_time:106.337s step_avg:160.15ms
step:665/3125 train_time:106.495s step_avg:160.14ms
step:666/3125 train_time:106.651s step_avg:160.14ms
step:667/3125 train_time:106.806s step_avg:160.13ms
step:668/3125 train_time:106.960s step_avg:160.12ms
step:669/3125 train_time:107.116s step_avg:160.11ms
step:670/3125 train_time:107.273s step_avg:160.11ms
step:671/3125 train_time:107.427s step_avg:160.10ms
step:672/3125 train_time:107.582s step_avg:160.09ms
step:673/3125 train_time:107.737s step_avg:160.08ms
step:674/3125 train_time:107.895s step_avg:160.08ms
step:675/3125 train_time:108.051s step_avg:160.08ms
step:676/3125 train_time:108.207s step_avg:160.07ms
step:677/3125 train_time:108.362s step_avg:160.06ms
step:678/3125 train_time:108.518s step_avg:160.06ms
step:679/3125 train_time:108.674s step_avg:160.05ms
step:680/3125 train_time:108.829s step_avg:160.04ms
step:681/3125 train_time:108.984s step_avg:160.04ms
step:682/3125 train_time:109.138s step_avg:160.03ms
step:683/3125 train_time:109.297s step_avg:160.02ms
step:684/3125 train_time:109.454s step_avg:160.02ms
step:685/3125 train_time:109.610s step_avg:160.02ms
step:686/3125 train_time:109.766s step_avg:160.01ms
step:687/3125 train_time:109.920s step_avg:160.00ms
step:688/3125 train_time:110.075s step_avg:159.99ms
step:689/3125 train_time:110.230s step_avg:159.99ms
step:690/3125 train_time:110.386s step_avg:159.98ms
step:691/3125 train_time:110.540s step_avg:159.97ms
step:692/3125 train_time:110.695s step_avg:159.96ms
step:693/3125 train_time:110.852s step_avg:159.96ms
step:694/3125 train_time:111.008s step_avg:159.95ms
step:695/3125 train_time:111.162s step_avg:159.94ms
step:696/3125 train_time:111.316s step_avg:159.94ms
step:697/3125 train_time:111.473s step_avg:159.93ms
step:698/3125 train_time:111.628s step_avg:159.93ms
step:699/3125 train_time:111.783s step_avg:159.92ms
step:700/3125 train_time:111.937s step_avg:159.91ms
step:701/3125 train_time:112.094s step_avg:159.91ms
step:702/3125 train_time:112.250s step_avg:159.90ms
step:703/3125 train_time:112.405s step_avg:159.89ms
step:704/3125 train_time:112.559s step_avg:159.89ms
step:705/3125 train_time:112.716s step_avg:159.88ms
step:706/3125 train_time:112.872s step_avg:159.88ms
step:707/3125 train_time:113.027s step_avg:159.87ms
step:708/3125 train_time:113.181s step_avg:159.86ms
step:709/3125 train_time:113.336s step_avg:159.85ms
step:710/3125 train_time:113.493s step_avg:159.85ms
step:711/3125 train_time:113.648s step_avg:159.84ms
step:712/3125 train_time:113.802s step_avg:159.83ms
step:713/3125 train_time:113.956s step_avg:159.83ms
step:714/3125 train_time:114.114s step_avg:159.82ms
step:715/3125 train_time:114.271s step_avg:159.82ms
step:716/3125 train_time:114.425s step_avg:159.81ms
step:717/3125 train_time:114.580s step_avg:159.81ms
step:718/3125 train_time:114.735s step_avg:159.80ms
step:719/3125 train_time:114.892s step_avg:159.79ms
step:720/3125 train_time:115.048s step_avg:159.79ms
step:721/3125 train_time:115.202s step_avg:159.78ms
step:722/3125 train_time:115.355s step_avg:159.77ms
step:723/3125 train_time:115.513s step_avg:159.77ms
step:724/3125 train_time:115.670s step_avg:159.76ms
step:725/3125 train_time:115.823s step_avg:159.76ms
step:726/3125 train_time:115.979s step_avg:159.75ms
step:727/3125 train_time:116.134s step_avg:159.74ms
step:728/3125 train_time:116.290s step_avg:159.74ms
step:729/3125 train_time:116.444s step_avg:159.73ms
step:730/3125 train_time:116.599s step_avg:159.72ms
step:731/3125 train_time:116.754s step_avg:159.72ms
step:732/3125 train_time:116.912s step_avg:159.72ms
step:733/3125 train_time:117.068s step_avg:159.71ms
step:734/3125 train_time:117.221s step_avg:159.70ms
step:735/3125 train_time:117.376s step_avg:159.70ms
step:736/3125 train_time:117.532s step_avg:159.69ms
step:737/3125 train_time:117.689s step_avg:159.69ms
step:738/3125 train_time:117.843s step_avg:159.68ms
step:739/3125 train_time:117.998s step_avg:159.67ms
step:740/3125 train_time:118.154s step_avg:159.67ms
step:741/3125 train_time:118.312s step_avg:159.66ms
step:742/3125 train_time:118.468s step_avg:159.66ms
step:743/3125 train_time:118.621s step_avg:159.65ms
step:744/3125 train_time:118.777s step_avg:159.65ms
step:745/3125 train_time:118.933s step_avg:159.64ms
step:746/3125 train_time:119.088s step_avg:159.64ms
step:747/3125 train_time:119.241s step_avg:159.63ms
step:748/3125 train_time:119.396s step_avg:159.62ms
step:749/3125 train_time:119.553s step_avg:159.62ms
step:750/3125 train_time:119.710s step_avg:159.61ms
step:750/3125 val_loss:3.78812 train_time:119.719s step_avg:155.45ms
step:751/3125 train_time:119.870s step_avg:159.61ms
step:752/3125 train_time:120.788s step_avg:160.62ms
step:753/3125 train_time:120.950s step_avg:160.62ms
step:754/3125 train_time:121.114s step_avg:160.63ms
step:755/3125 train_time:121.276s step_avg:160.63ms
step:756/3125 train_time:121.439s step_avg:160.63ms
step:757/3125 train_time:121.601s step_avg:160.64ms
step:758/3125 train_time:121.764s step_avg:160.64ms
step:759/3125 train_time:121.929s step_avg:160.64ms
step:760/3125 train_time:122.091s step_avg:160.65ms
step:761/3125 train_time:122.307s step_avg:160.72ms
step:762/3125 train_time:122.471s step_avg:160.72ms
step:763/3125 train_time:122.634s step_avg:160.73ms
step:764/3125 train_time:122.794s step_avg:160.73ms
step:765/3125 train_time:122.956s step_avg:160.73ms
step:766/3125 train_time:123.118s step_avg:160.73ms
step:767/3125 train_time:123.285s step_avg:160.74ms
step:768/3125 train_time:123.449s step_avg:160.74ms
step:769/3125 train_time:123.614s step_avg:160.75ms
step:770/3125 train_time:123.776s step_avg:160.75ms
step:771/3125 train_time:123.939s step_avg:160.75ms
step:772/3125 train_time:124.101s step_avg:160.75ms
step:773/3125 train_time:124.264s step_avg:160.76ms
step:774/3125 train_time:124.428s step_avg:160.76ms
step:775/3125 train_time:124.589s step_avg:160.76ms
step:776/3125 train_time:124.754s step_avg:160.77ms
step:777/3125 train_time:124.916s step_avg:160.77ms
step:778/3125 train_time:125.078s step_avg:160.77ms
step:779/3125 train_time:125.241s step_avg:160.77ms
step:780/3125 train_time:125.403s step_avg:160.77ms
step:781/3125 train_time:125.566s step_avg:160.78ms
step:782/3125 train_time:125.729s step_avg:160.78ms
step:783/3125 train_time:125.894s step_avg:160.78ms
step:784/3125 train_time:126.058s step_avg:160.79ms
step:785/3125 train_time:126.221s step_avg:160.79ms
step:786/3125 train_time:126.382s step_avg:160.79ms
step:787/3125 train_time:126.546s step_avg:160.80ms
step:788/3125 train_time:126.709s step_avg:160.80ms
step:789/3125 train_time:126.873s step_avg:160.80ms
step:790/3125 train_time:127.035s step_avg:160.80ms
step:791/3125 train_time:127.197s step_avg:160.81ms
step:792/3125 train_time:127.359s step_avg:160.81ms
step:793/3125 train_time:127.521s step_avg:160.81ms
step:794/3125 train_time:127.685s step_avg:160.81ms
step:795/3125 train_time:127.849s step_avg:160.82ms
step:796/3125 train_time:128.012s step_avg:160.82ms
step:797/3125 train_time:128.175s step_avg:160.82ms
step:798/3125 train_time:128.339s step_avg:160.83ms
step:799/3125 train_time:128.501s step_avg:160.83ms
step:800/3125 train_time:128.664s step_avg:160.83ms
step:801/3125 train_time:128.827s step_avg:160.83ms
step:802/3125 train_time:128.991s step_avg:160.84ms
step:803/3125 train_time:129.156s step_avg:160.84ms
step:804/3125 train_time:129.317s step_avg:160.84ms
step:805/3125 train_time:129.479s step_avg:160.84ms
step:806/3125 train_time:129.641s step_avg:160.85ms
step:807/3125 train_time:129.803s step_avg:160.85ms
step:808/3125 train_time:129.966s step_avg:160.85ms
step:809/3125 train_time:130.130s step_avg:160.85ms
step:810/3125 train_time:130.294s step_avg:160.86ms
step:811/3125 train_time:130.457s step_avg:160.86ms
step:812/3125 train_time:130.620s step_avg:160.86ms
step:813/3125 train_time:130.784s step_avg:160.87ms
step:814/3125 train_time:130.948s step_avg:160.87ms
step:815/3125 train_time:131.112s step_avg:160.87ms
step:816/3125 train_time:131.275s step_avg:160.88ms
step:817/3125 train_time:131.438s step_avg:160.88ms
step:818/3125 train_time:131.601s step_avg:160.88ms
step:819/3125 train_time:131.765s step_avg:160.88ms
step:820/3125 train_time:131.928s step_avg:160.89ms
step:821/3125 train_time:132.091s step_avg:160.89ms
step:822/3125 train_time:132.257s step_avg:160.90ms
step:823/3125 train_time:132.420s step_avg:160.90ms
step:824/3125 train_time:132.583s step_avg:160.90ms
step:825/3125 train_time:132.746s step_avg:160.90ms
step:826/3125 train_time:132.911s step_avg:160.91ms
step:827/3125 train_time:133.074s step_avg:160.91ms
step:828/3125 train_time:133.237s step_avg:160.91ms
step:829/3125 train_time:133.399s step_avg:160.92ms
step:830/3125 train_time:133.560s step_avg:160.92ms
step:831/3125 train_time:133.725s step_avg:160.92ms
step:832/3125 train_time:133.888s step_avg:160.92ms
step:833/3125 train_time:134.052s step_avg:160.93ms
step:834/3125 train_time:134.215s step_avg:160.93ms
step:835/3125 train_time:134.376s step_avg:160.93ms
step:836/3125 train_time:134.540s step_avg:160.93ms
step:837/3125 train_time:134.703s step_avg:160.94ms
step:838/3125 train_time:134.865s step_avg:160.94ms
step:839/3125 train_time:135.029s step_avg:160.94ms
step:840/3125 train_time:135.192s step_avg:160.94ms
step:841/3125 train_time:135.356s step_avg:160.95ms
step:842/3125 train_time:135.519s step_avg:160.95ms
step:843/3125 train_time:135.680s step_avg:160.95ms
step:844/3125 train_time:135.843s step_avg:160.95ms
step:845/3125 train_time:136.006s step_avg:160.95ms
step:846/3125 train_time:136.169s step_avg:160.96ms
step:847/3125 train_time:136.334s step_avg:160.96ms
step:848/3125 train_time:136.497s step_avg:160.96ms
step:849/3125 train_time:136.659s step_avg:160.97ms
step:850/3125 train_time:136.824s step_avg:160.97ms
step:851/3125 train_time:136.987s step_avg:160.97ms
step:852/3125 train_time:137.153s step_avg:160.98ms
step:853/3125 train_time:137.315s step_avg:160.98ms
step:854/3125 train_time:137.477s step_avg:160.98ms
step:855/3125 train_time:137.640s step_avg:160.98ms
step:856/3125 train_time:137.802s step_avg:160.98ms
step:857/3125 train_time:137.965s step_avg:160.99ms
step:858/3125 train_time:138.129s step_avg:160.99ms
step:859/3125 train_time:138.293s step_avg:160.99ms
step:860/3125 train_time:138.456s step_avg:160.99ms
step:861/3125 train_time:138.618s step_avg:161.00ms
step:862/3125 train_time:138.780s step_avg:161.00ms
step:863/3125 train_time:138.944s step_avg:161.00ms
step:864/3125 train_time:139.108s step_avg:161.00ms
step:865/3125 train_time:139.273s step_avg:161.01ms
step:866/3125 train_time:139.436s step_avg:161.01ms
step:867/3125 train_time:139.599s step_avg:161.01ms
step:868/3125 train_time:139.762s step_avg:161.02ms
step:869/3125 train_time:139.923s step_avg:161.02ms
step:870/3125 train_time:140.087s step_avg:161.02ms
step:871/3125 train_time:140.251s step_avg:161.02ms
step:872/3125 train_time:140.414s step_avg:161.03ms
step:873/3125 train_time:140.578s step_avg:161.03ms
step:874/3125 train_time:140.740s step_avg:161.03ms
step:875/3125 train_time:140.902s step_avg:161.03ms
step:875/3125 val_loss:3.74322 train_time:140.903s step_avg:169.48ms
step:876/3125 train_time:141.071s step_avg:161.04ms
step:877/3125 train_time:141.235s step_avg:161.04ms
step:878/3125 train_time:141.402s step_avg:161.05ms
step:879/3125 train_time:141.564s step_avg:161.05ms
step:880/3125 train_time:141.728s step_avg:161.05ms
step:881/3125 train_time:141.890s step_avg:161.06ms
step:882/3125 train_time:142.054s step_avg:161.06ms
step:883/3125 train_time:142.218s step_avg:161.06ms
step:884/3125 train_time:142.381s step_avg:161.06ms
step:885/3125 train_time:142.544s step_avg:161.07ms
step:886/3125 train_time:142.708s step_avg:161.07ms
step:887/3125 train_time:142.870s step_avg:161.07ms
step:888/3125 train_time:143.033s step_avg:161.07ms
step:889/3125 train_time:143.196s step_avg:161.07ms
step:890/3125 train_time:143.361s step_avg:161.08ms
step:891/3125 train_time:143.525s step_avg:161.08ms
step:892/3125 train_time:143.687s step_avg:161.08ms
step:893/3125 train_time:143.850s step_avg:161.09ms
step:894/3125 train_time:144.013s step_avg:161.09ms
step:895/3125 train_time:144.178s step_avg:161.09ms
step:896/3125 train_time:144.341s step_avg:161.09ms
step:897/3125 train_time:144.505s step_avg:161.10ms
step:898/3125 train_time:144.667s step_avg:161.10ms
step:899/3125 train_time:144.831s step_avg:161.10ms
step:900/3125 train_time:144.995s step_avg:161.11ms
step:901/3125 train_time:145.158s step_avg:161.11ms
step:902/3125 train_time:145.320s step_avg:161.11ms
step:903/3125 train_time:145.484s step_avg:161.11ms
step:904/3125 train_time:145.646s step_avg:161.11ms
step:905/3125 train_time:145.807s step_avg:161.11ms
step:906/3125 train_time:145.973s step_avg:161.12ms
step:907/3125 train_time:146.136s step_avg:161.12ms
step:908/3125 train_time:146.298s step_avg:161.12ms
step:909/3125 train_time:146.461s step_avg:161.12ms
step:910/3125 train_time:146.623s step_avg:161.12ms
step:911/3125 train_time:146.785s step_avg:161.12ms
step:912/3125 train_time:146.947s step_avg:161.13ms
step:913/3125 train_time:147.110s step_avg:161.13ms
step:914/3125 train_time:147.273s step_avg:161.13ms
step:915/3125 train_time:147.437s step_avg:161.13ms
step:916/3125 train_time:147.600s step_avg:161.14ms
step:917/3125 train_time:147.765s step_avg:161.14ms
step:918/3125 train_time:147.926s step_avg:161.14ms
step:919/3125 train_time:148.087s step_avg:161.14ms
step:920/3125 train_time:148.250s step_avg:161.14ms
step:921/3125 train_time:148.414s step_avg:161.14ms
step:922/3125 train_time:148.577s step_avg:161.15ms
step:923/3125 train_time:148.743s step_avg:161.15ms
step:924/3125 train_time:148.905s step_avg:161.15ms
step:925/3125 train_time:149.067s step_avg:161.15ms
step:926/3125 train_time:149.230s step_avg:161.15ms
step:927/3125 train_time:149.391s step_avg:161.16ms
step:928/3125 train_time:149.555s step_avg:161.16ms
step:929/3125 train_time:149.717s step_avg:161.16ms
step:930/3125 train_time:149.881s step_avg:161.16ms
step:931/3125 train_time:150.044s step_avg:161.16ms
step:932/3125 train_time:150.206s step_avg:161.17ms
step:933/3125 train_time:150.367s step_avg:161.17ms
step:934/3125 train_time:150.530s step_avg:161.17ms
step:935/3125 train_time:150.693s step_avg:161.17ms
step:936/3125 train_time:150.859s step_avg:161.17ms
step:937/3125 train_time:151.020s step_avg:161.17ms
step:938/3125 train_time:151.184s step_avg:161.18ms
step:939/3125 train_time:151.347s step_avg:161.18ms
step:940/3125 train_time:151.509s step_avg:161.18ms
step:941/3125 train_time:151.673s step_avg:161.18ms
step:942/3125 train_time:151.837s step_avg:161.19ms
step:943/3125 train_time:152.001s step_avg:161.19ms
step:944/3125 train_time:152.164s step_avg:161.19ms
step:945/3125 train_time:152.326s step_avg:161.19ms
step:946/3125 train_time:152.489s step_avg:161.19ms
step:947/3125 train_time:152.653s step_avg:161.20ms
step:948/3125 train_time:152.817s step_avg:161.20ms
step:949/3125 train_time:152.980s step_avg:161.20ms
step:950/3125 train_time:153.143s step_avg:161.20ms
step:951/3125 train_time:153.361s step_avg:161.26ms
step:952/3125 train_time:153.524s step_avg:161.26ms
step:953/3125 train_time:153.686s step_avg:161.27ms
step:954/3125 train_time:153.848s step_avg:161.27ms
step:955/3125 train_time:154.011s step_avg:161.27ms
step:956/3125 train_time:154.175s step_avg:161.27ms
step:957/3125 train_time:154.339s step_avg:161.27ms
step:958/3125 train_time:154.501s step_avg:161.27ms
step:959/3125 train_time:154.664s step_avg:161.28ms
step:960/3125 train_time:154.826s step_avg:161.28ms
step:961/3125 train_time:154.986s step_avg:161.28ms
step:962/3125 train_time:155.150s step_avg:161.28ms
step:963/3125 train_time:155.312s step_avg:161.28ms
step:964/3125 train_time:155.476s step_avg:161.28ms
step:965/3125 train_time:155.639s step_avg:161.28ms
step:966/3125 train_time:155.801s step_avg:161.29ms
step:967/3125 train_time:155.964s step_avg:161.29ms
step:968/3125 train_time:156.130s step_avg:161.29ms
step:969/3125 train_time:156.292s step_avg:161.29ms
step:970/3125 train_time:156.458s step_avg:161.30ms
step:971/3125 train_time:156.620s step_avg:161.30ms
step:972/3125 train_time:156.782s step_avg:161.30ms
step:973/3125 train_time:156.944s step_avg:161.30ms
step:974/3125 train_time:157.105s step_avg:161.30ms
step:975/3125 train_time:157.269s step_avg:161.30ms
step:976/3125 train_time:157.432s step_avg:161.30ms
step:977/3125 train_time:157.596s step_avg:161.31ms
step:978/3125 train_time:157.761s step_avg:161.31ms
step:979/3125 train_time:157.922s step_avg:161.31ms
step:980/3125 train_time:158.085s step_avg:161.31ms
step:981/3125 train_time:158.248s step_avg:161.31ms
step:982/3125 train_time:158.409s step_avg:161.31ms
step:983/3125 train_time:158.572s step_avg:161.31ms
step:984/3125 train_time:158.735s step_avg:161.32ms
step:985/3125 train_time:158.897s step_avg:161.32ms
step:986/3125 train_time:159.060s step_avg:161.32ms
step:987/3125 train_time:159.222s step_avg:161.32ms
step:988/3125 train_time:159.384s step_avg:161.32ms
step:989/3125 train_time:159.548s step_avg:161.32ms
step:990/3125 train_time:159.711s step_avg:161.32ms
step:991/3125 train_time:159.875s step_avg:161.33ms
step:992/3125 train_time:160.039s step_avg:161.33ms
step:993/3125 train_time:160.204s step_avg:161.33ms
step:994/3125 train_time:160.367s step_avg:161.34ms
step:995/3125 train_time:160.530s step_avg:161.34ms
step:996/3125 train_time:160.693s step_avg:161.34ms
step:997/3125 train_time:160.859s step_avg:161.34ms
step:998/3125 train_time:161.021s step_avg:161.34ms
step:999/3125 train_time:161.182s step_avg:161.34ms
step:1000/3125 train_time:161.345s step_avg:161.35ms
step:1000/3125 val_loss:3.68721 train_time:161.346s step_avg:163.54ms
step:1001/3125 train_time:161.510s step_avg:161.35ms
step:1002/3125 train_time:161.674s step_avg:161.35ms
step:1003/3125 train_time:161.837s step_avg:161.35ms
step:1004/3125 train_time:162.002s step_avg:161.36ms
step:1005/3125 train_time:162.166s step_avg:161.36ms
step:1006/3125 train_time:162.327s step_avg:161.36ms
step:1007/3125 train_time:162.492s step_avg:161.36ms
step:1008/3125 train_time:162.656s step_avg:161.36ms
step:1009/3125 train_time:162.818s step_avg:161.37ms
step:1010/3125 train_time:162.984s step_avg:161.37ms
step:1011/3125 train_time:163.146s step_avg:161.37ms
step:1012/3125 train_time:163.309s step_avg:161.37ms
step:1013/3125 train_time:163.472s step_avg:161.37ms
step:1014/3125 train_time:163.635s step_avg:161.38ms
step:1015/3125 train_time:163.797s step_avg:161.38ms
step:1016/3125 train_time:163.961s step_avg:161.38ms
step:1017/3125 train_time:164.124s step_avg:161.38ms
step:1018/3125 train_time:164.288s step_avg:161.38ms
step:1019/3125 train_time:164.451s step_avg:161.38ms
step:1020/3125 train_time:164.614s step_avg:161.39ms
step:1021/3125 train_time:164.779s step_avg:161.39ms
step:1022/3125 train_time:164.943s step_avg:161.39ms
step:1023/3125 train_time:165.107s step_avg:161.39ms
step:1024/3125 train_time:165.269s step_avg:161.40ms
step:1025/3125 train_time:165.430s step_avg:161.40ms
step:1026/3125 train_time:165.594s step_avg:161.40ms
step:1027/3125 train_time:165.756s step_avg:161.40ms
step:1028/3125 train_time:165.920s step_avg:161.40ms
step:1029/3125 train_time:166.083s step_avg:161.40ms
step:1030/3125 train_time:166.247s step_avg:161.40ms
step:1031/3125 train_time:166.410s step_avg:161.41ms
step:1032/3125 train_time:166.573s step_avg:161.41ms
step:1033/3125 train_time:166.736s step_avg:161.41ms
step:1034/3125 train_time:166.903s step_avg:161.42ms
step:1035/3125 train_time:167.066s step_avg:161.42ms
step:1036/3125 train_time:167.228s step_avg:161.42ms
step:1037/3125 train_time:167.391s step_avg:161.42ms
step:1038/3125 train_time:167.554s step_avg:161.42ms
step:1039/3125 train_time:167.717s step_avg:161.42ms
step:1040/3125 train_time:167.882s step_avg:161.42ms
step:1041/3125 train_time:168.044s step_avg:161.43ms
step:1042/3125 train_time:168.207s step_avg:161.43ms
step:1043/3125 train_time:168.370s step_avg:161.43ms
step:1044/3125 train_time:168.532s step_avg:161.43ms
step:1045/3125 train_time:168.695s step_avg:161.43ms
step:1046/3125 train_time:168.859s step_avg:161.43ms
step:1047/3125 train_time:169.022s step_avg:161.44ms
step:1048/3125 train_time:169.187s step_avg:161.44ms
step:1049/3125 train_time:169.350s step_avg:161.44ms
step:1050/3125 train_time:169.511s step_avg:161.44ms
step:1051/3125 train_time:169.674s step_avg:161.44ms
step:1052/3125 train_time:169.838s step_avg:161.44ms
step:1053/3125 train_time:170.003s step_avg:161.45ms
step:1054/3125 train_time:170.167s step_avg:161.45ms
step:1055/3125 train_time:170.330s step_avg:161.45ms
step:1056/3125 train_time:170.492s step_avg:161.45ms
step:1057/3125 train_time:170.656s step_avg:161.45ms
step:1058/3125 train_time:170.818s step_avg:161.45ms
step:1059/3125 train_time:170.982s step_avg:161.46ms
step:1060/3125 train_time:171.144s step_avg:161.46ms
step:1061/3125 train_time:171.308s step_avg:161.46ms
step:1062/3125 train_time:171.471s step_avg:161.46ms
step:1063/3125 train_time:171.631s step_avg:161.46ms
step:1064/3125 train_time:171.795s step_avg:161.46ms
step:1065/3125 train_time:171.958s step_avg:161.46ms
step:1066/3125 train_time:172.120s step_avg:161.46ms
step:1067/3125 train_time:172.285s step_avg:161.47ms
step:1068/3125 train_time:172.447s step_avg:161.47ms
step:1069/3125 train_time:172.609s step_avg:161.47ms
step:1070/3125 train_time:172.774s step_avg:161.47ms
step:1071/3125 train_time:172.937s step_avg:161.47ms
step:1072/3125 train_time:173.103s step_avg:161.48ms
step:1073/3125 train_time:173.266s step_avg:161.48ms
step:1074/3125 train_time:173.428s step_avg:161.48ms
step:1075/3125 train_time:173.592s step_avg:161.48ms
step:1076/3125 train_time:173.754s step_avg:161.48ms
step:1077/3125 train_time:173.916s step_avg:161.48ms
step:1078/3125 train_time:174.079s step_avg:161.48ms
step:1079/3125 train_time:174.243s step_avg:161.49ms
step:1080/3125 train_time:174.406s step_avg:161.49ms
step:1081/3125 train_time:174.569s step_avg:161.49ms
step:1082/3125 train_time:174.730s step_avg:161.49ms
step:1083/3125 train_time:174.894s step_avg:161.49ms
step:1084/3125 train_time:175.057s step_avg:161.49ms
step:1085/3125 train_time:175.219s step_avg:161.49ms
step:1086/3125 train_time:175.382s step_avg:161.49ms
step:1087/3125 train_time:175.544s step_avg:161.49ms
step:1088/3125 train_time:175.707s step_avg:161.50ms
step:1089/3125 train_time:175.869s step_avg:161.50ms
step:1090/3125 train_time:176.031s step_avg:161.50ms
step:1091/3125 train_time:176.192s step_avg:161.50ms
step:1092/3125 train_time:176.356s step_avg:161.50ms
step:1093/3125 train_time:176.519s step_avg:161.50ms
step:1094/3125 train_time:176.683s step_avg:161.50ms
step:1095/3125 train_time:176.845s step_avg:161.50ms
step:1096/3125 train_time:177.008s step_avg:161.50ms
step:1097/3125 train_time:177.171s step_avg:161.51ms
step:1098/3125 train_time:177.334s step_avg:161.51ms
step:1099/3125 train_time:177.497s step_avg:161.51ms
step:1100/3125 train_time:177.661s step_avg:161.51ms
step:1101/3125 train_time:177.825s step_avg:161.51ms
step:1102/3125 train_time:177.987s step_avg:161.51ms
step:1103/3125 train_time:178.148s step_avg:161.51ms
step:1104/3125 train_time:178.310s step_avg:161.51ms
step:1105/3125 train_time:178.471s step_avg:161.51ms
step:1106/3125 train_time:178.636s step_avg:161.52ms
step:1107/3125 train_time:178.799s step_avg:161.52ms
step:1108/3125 train_time:178.962s step_avg:161.52ms
step:1109/3125 train_time:179.126s step_avg:161.52ms
step:1110/3125 train_time:179.288s step_avg:161.52ms
step:1111/3125 train_time:179.451s step_avg:161.52ms
step:1112/3125 train_time:179.614s step_avg:161.52ms
step:1113/3125 train_time:179.777s step_avg:161.52ms
step:1114/3125 train_time:179.942s step_avg:161.53ms
step:1115/3125 train_time:180.106s step_avg:161.53ms
step:1116/3125 train_time:180.269s step_avg:161.53ms
step:1117/3125 train_time:180.430s step_avg:161.53ms
step:1118/3125 train_time:180.594s step_avg:161.53ms
step:1119/3125 train_time:180.758s step_avg:161.54ms
step:1120/3125 train_time:180.920s step_avg:161.54ms
step:1121/3125 train_time:181.084s step_avg:161.54ms
step:1122/3125 train_time:181.245s step_avg:161.54ms
step:1123/3125 train_time:181.407s step_avg:161.54ms
step:1124/3125 train_time:181.572s step_avg:161.54ms
step:1125/3125 train_time:181.735s step_avg:161.54ms
step:1125/3125 val_loss:3.65129 train_time:181.736s step_avg:163.12ms
step:1126/3125 train_time:181.904s step_avg:161.55ms
step:1127/3125 train_time:182.067s step_avg:161.55ms
step:1128/3125 train_time:182.230s step_avg:161.55ms
step:1129/3125 train_time:182.395s step_avg:161.55ms
step:1130/3125 train_time:182.557s step_avg:161.55ms
step:1131/3125 train_time:182.720s step_avg:161.56ms
step:1132/3125 train_time:182.884s step_avg:161.56ms
step:1133/3125 train_time:183.046s step_avg:161.56ms
step:1134/3125 train_time:183.210s step_avg:161.56ms
step:1135/3125 train_time:183.372s step_avg:161.56ms
step:1136/3125 train_time:183.533s step_avg:161.56ms
step:1137/3125 train_time:183.696s step_avg:161.56ms
step:1138/3125 train_time:183.859s step_avg:161.56ms
step:1139/3125 train_time:184.024s step_avg:161.57ms
step:1140/3125 train_time:184.188s step_avg:161.57ms
step:1141/3125 train_time:184.404s step_avg:161.62ms
step:1142/3125 train_time:184.568s step_avg:161.62ms
step:1143/3125 train_time:184.734s step_avg:161.62ms
step:1144/3125 train_time:184.896s step_avg:161.62ms
step:1145/3125 train_time:185.059s step_avg:161.62ms
step:1146/3125 train_time:185.224s step_avg:161.63ms
step:1147/3125 train_time:185.387s step_avg:161.63ms
step:1148/3125 train_time:185.550s step_avg:161.63ms
step:1149/3125 train_time:185.713s step_avg:161.63ms
step:1150/3125 train_time:185.876s step_avg:161.63ms
step:1151/3125 train_time:186.040s step_avg:161.63ms
step:1152/3125 train_time:186.203s step_avg:161.63ms
step:1153/3125 train_time:186.367s step_avg:161.64ms
step:1154/3125 train_time:186.531s step_avg:161.64ms
step:1155/3125 train_time:186.693s step_avg:161.64ms
step:1156/3125 train_time:186.856s step_avg:161.64ms
step:1157/3125 train_time:187.019s step_avg:161.64ms
step:1158/3125 train_time:187.182s step_avg:161.64ms
step:1159/3125 train_time:187.346s step_avg:161.64ms
step:1160/3125 train_time:187.510s step_avg:161.65ms
step:1161/3125 train_time:187.672s step_avg:161.65ms
step:1162/3125 train_time:187.834s step_avg:161.65ms
step:1163/3125 train_time:187.996s step_avg:161.65ms
step:1164/3125 train_time:188.159s step_avg:161.65ms
step:1165/3125 train_time:188.322s step_avg:161.65ms
step:1166/3125 train_time:188.486s step_avg:161.65ms
step:1167/3125 train_time:188.649s step_avg:161.65ms
step:1168/3125 train_time:188.812s step_avg:161.65ms
step:1169/3125 train_time:188.975s step_avg:161.66ms
step:1170/3125 train_time:189.138s step_avg:161.66ms
step:1171/3125 train_time:189.301s step_avg:161.66ms
step:1172/3125 train_time:189.465s step_avg:161.66ms
step:1173/3125 train_time:189.628s step_avg:161.66ms
step:1174/3125 train_time:189.791s step_avg:161.66ms
step:1175/3125 train_time:189.954s step_avg:161.66ms
step:1176/3125 train_time:190.116s step_avg:161.66ms
step:1177/3125 train_time:190.281s step_avg:161.67ms
step:1178/3125 train_time:190.444s step_avg:161.67ms
step:1179/3125 train_time:190.608s step_avg:161.67ms
step:1180/3125 train_time:190.771s step_avg:161.67ms
step:1181/3125 train_time:190.935s step_avg:161.67ms
step:1182/3125 train_time:191.099s step_avg:161.67ms
step:1183/3125 train_time:191.262s step_avg:161.68ms
step:1184/3125 train_time:191.429s step_avg:161.68ms
step:1185/3125 train_time:191.593s step_avg:161.68ms
step:1186/3125 train_time:191.754s step_avg:161.68ms
step:1187/3125 train_time:191.917s step_avg:161.68ms
step:1188/3125 train_time:192.081s step_avg:161.68ms
step:1189/3125 train_time:192.245s step_avg:161.69ms
step:1190/3125 train_time:192.409s step_avg:161.69ms
step:1191/3125 train_time:192.571s step_avg:161.69ms
step:1192/3125 train_time:192.733s step_avg:161.69ms
step:1193/3125 train_time:192.897s step_avg:161.69ms
step:1194/3125 train_time:193.059s step_avg:161.69ms
step:1195/3125 train_time:193.224s step_avg:161.69ms
step:1196/3125 train_time:193.389s step_avg:161.70ms
step:1197/3125 train_time:193.552s step_avg:161.70ms
step:1198/3125 train_time:193.714s step_avg:161.70ms
step:1199/3125 train_time:193.878s step_avg:161.70ms
step:1200/3125 train_time:194.041s step_avg:161.70ms
step:1201/3125 train_time:194.206s step_avg:161.70ms
step:1202/3125 train_time:194.368s step_avg:161.70ms
step:1203/3125 train_time:194.533s step_avg:161.71ms
step:1204/3125 train_time:194.695s step_avg:161.71ms
step:1205/3125 train_time:194.856s step_avg:161.71ms
step:1206/3125 train_time:195.020s step_avg:161.71ms
step:1207/3125 train_time:195.183s step_avg:161.71ms
step:1208/3125 train_time:195.346s step_avg:161.71ms
step:1209/3125 train_time:195.510s step_avg:161.71ms
step:1210/3125 train_time:195.671s step_avg:161.71ms
step:1211/3125 train_time:195.835s step_avg:161.71ms
step:1212/3125 train_time:195.998s step_avg:161.71ms
step:1213/3125 train_time:196.161s step_avg:161.72ms
step:1214/3125 train_time:196.326s step_avg:161.72ms
step:1215/3125 train_time:196.489s step_avg:161.72ms
step:1216/3125 train_time:196.653s step_avg:161.72ms
step:1217/3125 train_time:196.815s step_avg:161.72ms
step:1218/3125 train_time:196.978s step_avg:161.72ms
step:1219/3125 train_time:197.141s step_avg:161.72ms
step:1220/3125 train_time:197.305s step_avg:161.73ms
step:1221/3125 train_time:197.468s step_avg:161.73ms
step:1222/3125 train_time:197.631s step_avg:161.73ms
step:1223/3125 train_time:197.792s step_avg:161.73ms
step:1224/3125 train_time:197.956s step_avg:161.73ms
step:1225/3125 train_time:198.118s step_avg:161.73ms
step:1226/3125 train_time:198.282s step_avg:161.73ms
step:1227/3125 train_time:198.446s step_avg:161.73ms
step:1228/3125 train_time:198.609s step_avg:161.73ms
step:1229/3125 train_time:198.772s step_avg:161.74ms
step:1230/3125 train_time:198.934s step_avg:161.73ms
step:1231/3125 train_time:199.096s step_avg:161.74ms
step:1232/3125 train_time:199.261s step_avg:161.74ms
step:1233/3125 train_time:199.426s step_avg:161.74ms
step:1234/3125 train_time:199.592s step_avg:161.74ms
step:1235/3125 train_time:199.757s step_avg:161.75ms
step:1236/3125 train_time:199.921s step_avg:161.75ms
step:1237/3125 train_time:200.086s step_avg:161.75ms
step:1238/3125 train_time:200.248s step_avg:161.75ms
step:1239/3125 train_time:200.410s step_avg:161.75ms
step:1240/3125 train_time:200.573s step_avg:161.75ms
step:1241/3125 train_time:200.735s step_avg:161.75ms
step:1242/3125 train_time:200.898s step_avg:161.75ms
step:1243/3125 train_time:201.061s step_avg:161.75ms
step:1244/3125 train_time:201.225s step_avg:161.76ms
step:1245/3125 train_time:201.389s step_avg:161.76ms
step:1246/3125 train_time:201.551s step_avg:161.76ms
step:1247/3125 train_time:201.713s step_avg:161.76ms
step:1248/3125 train_time:201.875s step_avg:161.76ms
step:1249/3125 train_time:202.037s step_avg:161.76ms
step:1250/3125 train_time:202.199s step_avg:161.76ms
step:1250/3125 val_loss:3.61153 train_time:202.200s step_avg:163.72ms
step:1251/3125 train_time:202.367s step_avg:161.76ms
step:1252/3125 train_time:202.532s step_avg:161.77ms
step:1253/3125 train_time:202.694s step_avg:161.77ms
step:1254/3125 train_time:202.857s step_avg:161.77ms
step:1255/3125 train_time:203.019s step_avg:161.77ms
step:1256/3125 train_time:203.181s step_avg:161.77ms
step:1257/3125 train_time:203.346s step_avg:161.77ms
step:1258/3125 train_time:203.509s step_avg:161.77ms
step:1259/3125 train_time:203.672s step_avg:161.77ms
step:1260/3125 train_time:203.835s step_avg:161.77ms
step:1261/3125 train_time:203.997s step_avg:161.77ms
step:1262/3125 train_time:204.159s step_avg:161.77ms
step:1263/3125 train_time:204.322s step_avg:161.78ms
step:1264/3125 train_time:204.485s step_avg:161.78ms
step:1265/3125 train_time:204.650s step_avg:161.78ms
step:1266/3125 train_time:204.814s step_avg:161.78ms
step:1267/3125 train_time:204.975s step_avg:161.78ms
step:1268/3125 train_time:205.138s step_avg:161.78ms
step:1269/3125 train_time:205.300s step_avg:161.78ms
step:1270/3125 train_time:205.462s step_avg:161.78ms
step:1271/3125 train_time:205.626s step_avg:161.78ms
step:1272/3125 train_time:205.790s step_avg:161.78ms
step:1273/3125 train_time:205.955s step_avg:161.79ms
step:1274/3125 train_time:206.117s step_avg:161.79ms
step:1275/3125 train_time:206.280s step_avg:161.79ms
step:1276/3125 train_time:206.443s step_avg:161.79ms
step:1277/3125 train_time:206.606s step_avg:161.79ms
step:1278/3125 train_time:206.770s step_avg:161.79ms
step:1279/3125 train_time:206.934s step_avg:161.79ms
step:1280/3125 train_time:207.096s step_avg:161.79ms
step:1281/3125 train_time:207.260s step_avg:161.80ms
step:1282/3125 train_time:207.423s step_avg:161.80ms
step:1283/3125 train_time:207.587s step_avg:161.80ms
step:1284/3125 train_time:207.752s step_avg:161.80ms
step:1285/3125 train_time:207.916s step_avg:161.80ms
step:1286/3125 train_time:208.078s step_avg:161.80ms
step:1287/3125 train_time:208.240s step_avg:161.80ms
step:1288/3125 train_time:208.405s step_avg:161.80ms
step:1289/3125 train_time:208.567s step_avg:161.81ms
step:1290/3125 train_time:208.731s step_avg:161.81ms
step:1291/3125 train_time:208.892s step_avg:161.81ms
step:1292/3125 train_time:209.055s step_avg:161.81ms
step:1293/3125 train_time:209.217s step_avg:161.81ms
step:1294/3125 train_time:209.379s step_avg:161.81ms
step:1295/3125 train_time:209.543s step_avg:161.81ms
step:1296/3125 train_time:209.709s step_avg:161.81ms
step:1297/3125 train_time:209.873s step_avg:161.81ms
step:1298/3125 train_time:210.036s step_avg:161.82ms
step:1299/3125 train_time:210.199s step_avg:161.82ms
step:1300/3125 train_time:210.361s step_avg:161.82ms
step:1301/3125 train_time:210.525s step_avg:161.82ms
step:1302/3125 train_time:210.690s step_avg:161.82ms
step:1303/3125 train_time:210.853s step_avg:161.82ms
step:1304/3125 train_time:211.015s step_avg:161.82ms
step:1305/3125 train_time:211.177s step_avg:161.82ms
step:1306/3125 train_time:211.339s step_avg:161.82ms
step:1307/3125 train_time:211.502s step_avg:161.82ms
step:1308/3125 train_time:211.664s step_avg:161.82ms
step:1309/3125 train_time:211.829s step_avg:161.83ms
step:1310/3125 train_time:211.993s step_avg:161.83ms
step:1311/3125 train_time:212.155s step_avg:161.83ms
step:1312/3125 train_time:212.318s step_avg:161.83ms
step:1313/3125 train_time:212.480s step_avg:161.83ms
step:1314/3125 train_time:212.643s step_avg:161.83ms
step:1315/3125 train_time:212.806s step_avg:161.83ms
step:1316/3125 train_time:212.969s step_avg:161.83ms
step:1317/3125 train_time:213.133s step_avg:161.83ms
step:1318/3125 train_time:213.294s step_avg:161.83ms
step:1319/3125 train_time:213.457s step_avg:161.83ms
step:1320/3125 train_time:213.620s step_avg:161.83ms
step:1321/3125 train_time:213.784s step_avg:161.84ms
step:1322/3125 train_time:213.947s step_avg:161.84ms
step:1323/3125 train_time:214.111s step_avg:161.84ms
step:1324/3125 train_time:214.273s step_avg:161.84ms
step:1325/3125 train_time:214.437s step_avg:161.84ms
step:1326/3125 train_time:214.599s step_avg:161.84ms
step:1327/3125 train_time:214.762s step_avg:161.84ms
step:1328/3125 train_time:214.925s step_avg:161.84ms
step:1329/3125 train_time:215.088s step_avg:161.84ms
step:1330/3125 train_time:215.251s step_avg:161.84ms
step:1331/3125 train_time:215.469s step_avg:161.89ms
step:1332/3125 train_time:215.633s step_avg:161.89ms
step:1333/3125 train_time:215.795s step_avg:161.89ms
step:1334/3125 train_time:215.957s step_avg:161.89ms
step:1335/3125 train_time:216.120s step_avg:161.89ms
step:1336/3125 train_time:216.282s step_avg:161.89ms
step:1337/3125 train_time:216.445s step_avg:161.89ms
step:1338/3125 train_time:216.609s step_avg:161.89ms
step:1339/3125 train_time:216.772s step_avg:161.89ms
step:1340/3125 train_time:216.934s step_avg:161.89ms
step:1341/3125 train_time:217.096s step_avg:161.89ms
step:1342/3125 train_time:217.259s step_avg:161.89ms
step:1343/3125 train_time:217.423s step_avg:161.89ms
step:1344/3125 train_time:217.587s step_avg:161.90ms
step:1345/3125 train_time:217.751s step_avg:161.90ms
step:1346/3125 train_time:217.916s step_avg:161.90ms
step:1347/3125 train_time:218.077s step_avg:161.90ms
step:1348/3125 train_time:218.242s step_avg:161.90ms
step:1349/3125 train_time:218.404s step_avg:161.90ms
step:1350/3125 train_time:218.567s step_avg:161.90ms
step:1351/3125 train_time:218.731s step_avg:161.90ms
step:1352/3125 train_time:218.893s step_avg:161.90ms
step:1353/3125 train_time:219.055s step_avg:161.90ms
step:1354/3125 train_time:219.217s step_avg:161.90ms
step:1355/3125 train_time:219.379s step_avg:161.90ms
step:1356/3125 train_time:219.542s step_avg:161.90ms
step:1357/3125 train_time:219.706s step_avg:161.91ms
step:1358/3125 train_time:219.869s step_avg:161.91ms
step:1359/3125 train_time:220.033s step_avg:161.91ms
step:1360/3125 train_time:220.194s step_avg:161.91ms
step:1361/3125 train_time:220.358s step_avg:161.91ms
step:1362/3125 train_time:220.523s step_avg:161.91ms
step:1363/3125 train_time:220.686s step_avg:161.91ms
step:1364/3125 train_time:220.850s step_avg:161.91ms
step:1365/3125 train_time:221.013s step_avg:161.91ms
step:1366/3125 train_time:221.175s step_avg:161.91ms
step:1367/3125 train_time:221.338s step_avg:161.92ms
step:1368/3125 train_time:221.500s step_avg:161.92ms
step:1369/3125 train_time:221.663s step_avg:161.92ms
step:1370/3125 train_time:221.827s step_avg:161.92ms
step:1371/3125 train_time:221.990s step_avg:161.92ms
step:1372/3125 train_time:222.153s step_avg:161.92ms
step:1373/3125 train_time:222.317s step_avg:161.92ms
step:1374/3125 train_time:222.480s step_avg:161.92ms
step:1375/3125 train_time:222.645s step_avg:161.92ms
step:1375/3125 val_loss:3.57377 train_time:222.645s step_avg:163.56ms
step:1376/3125 train_time:222.813s step_avg:161.93ms
step:1377/3125 train_time:222.978s step_avg:161.93ms
step:1378/3125 train_time:223.140s step_avg:161.93ms
step:1379/3125 train_time:223.304s step_avg:161.93ms
step:1380/3125 train_time:223.466s step_avg:161.93ms
step:1381/3125 train_time:223.628s step_avg:161.93ms
step:1382/3125 train_time:223.790s step_avg:161.93ms
step:1383/3125 train_time:223.956s step_avg:161.93ms
step:1384/3125 train_time:224.117s step_avg:161.93ms
step:1385/3125 train_time:224.281s step_avg:161.94ms
step:1386/3125 train_time:224.443s step_avg:161.94ms
step:1387/3125 train_time:224.605s step_avg:161.94ms
step:1388/3125 train_time:224.768s step_avg:161.94ms
step:1389/3125 train_time:224.931s step_avg:161.94ms
step:1390/3125 train_time:225.095s step_avg:161.94ms
step:1391/3125 train_time:225.259s step_avg:161.94ms
step:1392/3125 train_time:225.421s step_avg:161.94ms
step:1393/3125 train_time:225.582s step_avg:161.94ms
step:1394/3125 train_time:225.744s step_avg:161.94ms
step:1395/3125 train_time:225.908s step_avg:161.94ms
step:1396/3125 train_time:226.071s step_avg:161.94ms
step:1397/3125 train_time:226.234s step_avg:161.94ms
step:1398/3125 train_time:226.397s step_avg:161.94ms
step:1399/3125 train_time:226.559s step_avg:161.94ms
step:1400/3125 train_time:226.719s step_avg:161.94ms
step:1401/3125 train_time:226.882s step_avg:161.94ms
step:1402/3125 train_time:227.043s step_avg:161.94ms
step:1403/3125 train_time:227.205s step_avg:161.94ms
step:1404/3125 train_time:227.369s step_avg:161.94ms
step:1405/3125 train_time:227.531s step_avg:161.94ms
step:1406/3125 train_time:227.694s step_avg:161.94ms
step:1407/3125 train_time:227.858s step_avg:161.95ms
step:1408/3125 train_time:228.021s step_avg:161.95ms
step:1409/3125 train_time:228.182s step_avg:161.95ms
step:1410/3125 train_time:228.343s step_avg:161.95ms
step:1411/3125 train_time:228.505s step_avg:161.95ms
step:1412/3125 train_time:228.667s step_avg:161.95ms
step:1413/3125 train_time:228.832s step_avg:161.95ms
step:1414/3125 train_time:228.993s step_avg:161.95ms
step:1415/3125 train_time:229.158s step_avg:161.95ms
step:1416/3125 train_time:229.320s step_avg:161.95ms
step:1417/3125 train_time:229.483s step_avg:161.95ms
step:1418/3125 train_time:229.645s step_avg:161.95ms
step:1419/3125 train_time:229.809s step_avg:161.95ms
step:1420/3125 train_time:229.974s step_avg:161.95ms
step:1421/3125 train_time:230.137s step_avg:161.95ms
step:1422/3125 train_time:230.299s step_avg:161.95ms
step:1423/3125 train_time:230.462s step_avg:161.96ms
step:1424/3125 train_time:230.625s step_avg:161.96ms
step:1425/3125 train_time:230.788s step_avg:161.96ms
step:1426/3125 train_time:230.953s step_avg:161.96ms
step:1427/3125 train_time:231.117s step_avg:161.96ms
step:1428/3125 train_time:231.279s step_avg:161.96ms
step:1429/3125 train_time:231.442s step_avg:161.96ms
step:1430/3125 train_time:231.604s step_avg:161.96ms
step:1431/3125 train_time:231.767s step_avg:161.96ms
step:1432/3125 train_time:231.930s step_avg:161.96ms
step:1433/3125 train_time:232.095s step_avg:161.96ms
step:1434/3125 train_time:232.259s step_avg:161.97ms
step:1435/3125 train_time:232.420s step_avg:161.97ms
step:1436/3125 train_time:232.582s step_avg:161.97ms
step:1437/3125 train_time:232.745s step_avg:161.97ms
step:1438/3125 train_time:232.908s step_avg:161.97ms
step:1439/3125 train_time:233.072s step_avg:161.97ms
step:1440/3125 train_time:233.235s step_avg:161.97ms
step:1441/3125 train_time:233.397s step_avg:161.97ms
step:1442/3125 train_time:233.560s step_avg:161.97ms
step:1443/3125 train_time:233.721s step_avg:161.97ms
step:1444/3125 train_time:233.885s step_avg:161.97ms
step:1445/3125 train_time:234.047s step_avg:161.97ms
step:1446/3125 train_time:234.209s step_avg:161.97ms
step:1447/3125 train_time:234.371s step_avg:161.97ms
step:1448/3125 train_time:234.534s step_avg:161.97ms
step:1449/3125 train_time:234.698s step_avg:161.97ms
step:1450/3125 train_time:234.861s step_avg:161.97ms
step:1451/3125 train_time:235.023s step_avg:161.97ms
step:1452/3125 train_time:235.185s step_avg:161.97ms
step:1453/3125 train_time:235.347s step_avg:161.97ms
step:1454/3125 train_time:235.510s step_avg:161.97ms
step:1455/3125 train_time:235.674s step_avg:161.98ms
step:1456/3125 train_time:235.838s step_avg:161.98ms
step:1457/3125 train_time:236.002s step_avg:161.98ms
step:1458/3125 train_time:236.164s step_avg:161.98ms
step:1459/3125 train_time:236.328s step_avg:161.98ms
step:1460/3125 train_time:236.492s step_avg:161.98ms
step:1461/3125 train_time:236.655s step_avg:161.98ms
step:1462/3125 train_time:236.819s step_avg:161.98ms
step:1463/3125 train_time:236.981s step_avg:161.98ms
step:1464/3125 train_time:237.145s step_avg:161.98ms
step:1465/3125 train_time:237.307s step_avg:161.98ms
step:1466/3125 train_time:237.471s step_avg:161.99ms
step:1467/3125 train_time:237.635s step_avg:161.99ms
step:1468/3125 train_time:237.799s step_avg:161.99ms
step:1469/3125 train_time:237.962s step_avg:161.99ms
step:1470/3125 train_time:238.127s step_avg:161.99ms
step:1471/3125 train_time:238.288s step_avg:161.99ms
step:1472/3125 train_time:238.451s step_avg:161.99ms
step:1473/3125 train_time:238.615s step_avg:161.99ms
step:1474/3125 train_time:238.778s step_avg:161.99ms
step:1475/3125 train_time:238.943s step_avg:161.99ms
step:1476/3125 train_time:239.106s step_avg:162.00ms
step:1477/3125 train_time:239.268s step_avg:162.00ms
step:1478/3125 train_time:239.432s step_avg:162.00ms
step:1479/3125 train_time:239.597s step_avg:162.00ms
step:1480/3125 train_time:239.759s step_avg:162.00ms
step:1481/3125 train_time:239.921s step_avg:162.00ms
step:1482/3125 train_time:240.084s step_avg:162.00ms
step:1483/3125 train_time:240.246s step_avg:162.00ms
step:1484/3125 train_time:240.407s step_avg:162.00ms
step:1485/3125 train_time:240.570s step_avg:162.00ms
step:1486/3125 train_time:240.732s step_avg:162.00ms
step:1487/3125 train_time:240.895s step_avg:162.00ms
step:1488/3125 train_time:241.059s step_avg:162.00ms
step:1489/3125 train_time:241.220s step_avg:162.00ms
step:1490/3125 train_time:241.382s step_avg:162.00ms
step:1491/3125 train_time:241.544s step_avg:162.00ms
step:1492/3125 train_time:241.705s step_avg:162.00ms
step:1493/3125 train_time:241.869s step_avg:162.00ms
step:1494/3125 train_time:242.032s step_avg:162.00ms
step:1495/3125 train_time:242.196s step_avg:162.00ms
step:1496/3125 train_time:242.359s step_avg:162.00ms
step:1497/3125 train_time:242.521s step_avg:162.00ms
step:1498/3125 train_time:242.684s step_avg:162.01ms
step:1499/3125 train_time:242.848s step_avg:162.01ms
step:1500/3125 train_time:243.011s step_avg:162.01ms
step:1500/3125 val_loss:3.53385 train_time:243.011s step_avg:162.93ms
step:1501/3125 train_time:243.180s step_avg:162.01ms
step:1502/3125 train_time:243.342s step_avg:162.01ms
step:1503/3125 train_time:243.504s step_avg:162.01ms
step:1504/3125 train_time:243.667s step_avg:162.01ms
step:1505/3125 train_time:243.829s step_avg:162.01ms
step:1506/3125 train_time:243.991s step_avg:162.01ms
step:1507/3125 train_time:244.154s step_avg:162.01ms
step:1508/3125 train_time:244.318s step_avg:162.01ms
step:1509/3125 train_time:244.481s step_avg:162.02ms
step:1510/3125 train_time:244.643s step_avg:162.02ms
step:1511/3125 train_time:244.806s step_avg:162.02ms
step:1512/3125 train_time:244.970s step_avg:162.02ms
step:1513/3125 train_time:245.133s step_avg:162.02ms
step:1514/3125 train_time:245.296s step_avg:162.02ms
step:1515/3125 train_time:245.460s step_avg:162.02ms
step:1516/3125 train_time:245.622s step_avg:162.02ms
step:1517/3125 train_time:245.784s step_avg:162.02ms
step:1518/3125 train_time:245.948s step_avg:162.02ms
step:1519/3125 train_time:246.111s step_avg:162.02ms
step:1520/3125 train_time:246.274s step_avg:162.02ms
step:1521/3125 train_time:246.495s step_avg:162.06ms
step:1522/3125 train_time:246.659s step_avg:162.06ms
step:1523/3125 train_time:246.822s step_avg:162.06ms
step:1524/3125 train_time:246.984s step_avg:162.06ms
step:1525/3125 train_time:247.147s step_avg:162.06ms
step:1526/3125 train_time:247.309s step_avg:162.06ms
step:1527/3125 train_time:247.470s step_avg:162.06ms
step:1528/3125 train_time:247.633s step_avg:162.06ms
step:1529/3125 train_time:247.797s step_avg:162.06ms
step:1530/3125 train_time:247.961s step_avg:162.07ms
step:1531/3125 train_time:248.124s step_avg:162.07ms
step:1532/3125 train_time:248.287s step_avg:162.07ms
step:1533/3125 train_time:248.449s step_avg:162.07ms
step:1534/3125 train_time:248.613s step_avg:162.07ms
step:1535/3125 train_time:248.777s step_avg:162.07ms
step:1536/3125 train_time:248.939s step_avg:162.07ms
step:1537/3125 train_time:249.102s step_avg:162.07ms
step:1538/3125 train_time:249.265s step_avg:162.07ms
step:1539/3125 train_time:249.428s step_avg:162.07ms
step:1540/3125 train_time:249.591s step_avg:162.07ms
step:1541/3125 train_time:249.753s step_avg:162.07ms
step:1542/3125 train_time:249.916s step_avg:162.07ms
step:1543/3125 train_time:250.080s step_avg:162.07ms
step:1544/3125 train_time:250.241s step_avg:162.07ms
step:1545/3125 train_time:250.405s step_avg:162.07ms
step:1546/3125 train_time:250.569s step_avg:162.08ms
step:1547/3125 train_time:250.732s step_avg:162.08ms
step:1548/3125 train_time:250.894s step_avg:162.08ms
step:1549/3125 train_time:251.059s step_avg:162.08ms
step:1550/3125 train_time:251.221s step_avg:162.08ms
step:1551/3125 train_time:251.384s step_avg:162.08ms
step:1552/3125 train_time:251.546s step_avg:162.08ms
step:1553/3125 train_time:251.707s step_avg:162.08ms
step:1554/3125 train_time:251.870s step_avg:162.08ms
step:1555/3125 train_time:252.032s step_avg:162.08ms
step:1556/3125 train_time:252.196s step_avg:162.08ms
step:1557/3125 train_time:252.361s step_avg:162.08ms
step:1558/3125 train_time:252.524s step_avg:162.08ms
step:1559/3125 train_time:252.688s step_avg:162.08ms
step:1560/3125 train_time:252.852s step_avg:162.08ms
step:1561/3125 train_time:253.015s step_avg:162.09ms
step:1562/3125 train_time:253.186s step_avg:162.09ms
step:1563/3125 train_time:253.349s step_avg:162.09ms
step:1564/3125 train_time:253.514s step_avg:162.09ms
step:1565/3125 train_time:253.677s step_avg:162.09ms
step:1566/3125 train_time:253.840s step_avg:162.09ms
step:1567/3125 train_time:254.004s step_avg:162.10ms
step:1568/3125 train_time:254.167s step_avg:162.10ms
step:1569/3125 train_time:254.328s step_avg:162.10ms
step:1570/3125 train_time:254.492s step_avg:162.10ms
step:1571/3125 train_time:254.656s step_avg:162.10ms
step:1572/3125 train_time:254.818s step_avg:162.10ms
step:1573/3125 train_time:254.984s step_avg:162.10ms
step:1574/3125 train_time:255.148s step_avg:162.10ms
step:1575/3125 train_time:255.310s step_avg:162.10ms
step:1576/3125 train_time:255.474s step_avg:162.10ms
step:1577/3125 train_time:255.640s step_avg:162.11ms
step:1578/3125 train_time:255.804s step_avg:162.11ms
step:1579/3125 train_time:255.967s step_avg:162.11ms
step:1580/3125 train_time:256.130s step_avg:162.11ms
step:1581/3125 train_time:256.292s step_avg:162.11ms
step:1582/3125 train_time:256.458s step_avg:162.11ms
step:1583/3125 train_time:256.623s step_avg:162.11ms
step:1584/3125 train_time:256.786s step_avg:162.11ms
step:1585/3125 train_time:256.950s step_avg:162.11ms
step:1586/3125 train_time:257.115s step_avg:162.12ms
step:1587/3125 train_time:257.279s step_avg:162.12ms
step:1588/3125 train_time:257.442s step_avg:162.12ms
step:1589/3125 train_time:257.606s step_avg:162.12ms
step:1590/3125 train_time:257.769s step_avg:162.12ms
step:1591/3125 train_time:257.932s step_avg:162.12ms
step:1592/3125 train_time:258.096s step_avg:162.12ms
step:1593/3125 train_time:258.258s step_avg:162.12ms
step:1594/3125 train_time:258.422s step_avg:162.12ms
step:1595/3125 train_time:258.586s step_avg:162.12ms
step:1596/3125 train_time:258.748s step_avg:162.12ms
step:1597/3125 train_time:258.912s step_avg:162.12ms
step:1598/3125 train_time:259.079s step_avg:162.13ms
step:1599/3125 train_time:259.244s step_avg:162.13ms
step:1600/3125 train_time:259.408s step_avg:162.13ms
step:1601/3125 train_time:259.571s step_avg:162.13ms
step:1602/3125 train_time:259.734s step_avg:162.13ms
step:1603/3125 train_time:259.899s step_avg:162.13ms
step:1604/3125 train_time:260.064s step_avg:162.13ms
step:1605/3125 train_time:260.227s step_avg:162.14ms
step:1606/3125 train_time:260.391s step_avg:162.14ms
step:1607/3125 train_time:260.556s step_avg:162.14ms
step:1608/3125 train_time:260.719s step_avg:162.14ms
step:1609/3125 train_time:260.884s step_avg:162.14ms
step:1610/3125 train_time:261.046s step_avg:162.14ms
step:1611/3125 train_time:261.209s step_avg:162.14ms
step:1612/3125 train_time:261.374s step_avg:162.14ms
step:1613/3125 train_time:261.536s step_avg:162.14ms
step:1614/3125 train_time:261.702s step_avg:162.14ms
step:1615/3125 train_time:261.866s step_avg:162.15ms
step:1616/3125 train_time:262.028s step_avg:162.15ms
step:1617/3125 train_time:262.191s step_avg:162.15ms
step:1618/3125 train_time:262.354s step_avg:162.15ms
step:1619/3125 train_time:262.518s step_avg:162.15ms
step:1620/3125 train_time:262.683s step_avg:162.15ms
step:1621/3125 train_time:262.846s step_avg:162.15ms
step:1622/3125 train_time:263.009s step_avg:162.15ms
step:1623/3125 train_time:263.171s step_avg:162.15ms
step:1624/3125 train_time:263.335s step_avg:162.15ms
step:1625/3125 train_time:263.498s step_avg:162.15ms
step:1625/3125 val_loss:3.50340 train_time:263.498s step_avg:163.90ms
step:1626/3125 train_time:263.666s step_avg:162.16ms
step:1627/3125 train_time:263.830s step_avg:162.16ms
step:1628/3125 train_time:263.993s step_avg:162.16ms
step:1629/3125 train_time:264.157s step_avg:162.16ms
step:1630/3125 train_time:264.321s step_avg:162.16ms
step:1631/3125 train_time:264.485s step_avg:162.16ms
step:1632/3125 train_time:264.649s step_avg:162.16ms
step:1633/3125 train_time:264.813s step_avg:162.16ms
step:1634/3125 train_time:264.975s step_avg:162.16ms
step:1635/3125 train_time:265.140s step_avg:162.17ms
step:1636/3125 train_time:265.304s step_avg:162.17ms
step:1637/3125 train_time:265.469s step_avg:162.17ms
step:1638/3125 train_time:265.632s step_avg:162.17ms
step:1639/3125 train_time:265.795s step_avg:162.17ms
step:1640/3125 train_time:265.958s step_avg:162.17ms
step:1641/3125 train_time:266.121s step_avg:162.17ms
step:1642/3125 train_time:266.286s step_avg:162.17ms
step:1643/3125 train_time:266.451s step_avg:162.17ms
step:1644/3125 train_time:266.614s step_avg:162.17ms
step:1645/3125 train_time:266.779s step_avg:162.18ms
step:1646/3125 train_time:266.941s step_avg:162.18ms
step:1647/3125 train_time:267.107s step_avg:162.18ms
step:1648/3125 train_time:267.270s step_avg:162.18ms
step:1649/3125 train_time:267.434s step_avg:162.18ms
step:1650/3125 train_time:267.597s step_avg:162.18ms
step:1651/3125 train_time:267.761s step_avg:162.18ms
step:1652/3125 train_time:267.926s step_avg:162.18ms
step:1653/3125 train_time:268.090s step_avg:162.18ms
step:1654/3125 train_time:268.253s step_avg:162.18ms
step:1655/3125 train_time:268.415s step_avg:162.18ms
step:1656/3125 train_time:268.578s step_avg:162.18ms
step:1657/3125 train_time:268.741s step_avg:162.19ms
step:1658/3125 train_time:268.906s step_avg:162.19ms
step:1659/3125 train_time:269.070s step_avg:162.19ms
step:1660/3125 train_time:269.233s step_avg:162.19ms
step:1661/3125 train_time:269.396s step_avg:162.19ms
step:1662/3125 train_time:269.560s step_avg:162.19ms
step:1663/3125 train_time:269.724s step_avg:162.19ms
step:1664/3125 train_time:269.890s step_avg:162.19ms
step:1665/3125 train_time:270.052s step_avg:162.19ms
step:1666/3125 train_time:270.216s step_avg:162.19ms
step:1667/3125 train_time:270.379s step_avg:162.19ms
step:1668/3125 train_time:270.541s step_avg:162.20ms
step:1669/3125 train_time:270.708s step_avg:162.20ms
step:1670/3125 train_time:270.873s step_avg:162.20ms
step:1671/3125 train_time:271.035s step_avg:162.20ms
step:1672/3125 train_time:271.200s step_avg:162.20ms
step:1673/3125 train_time:271.364s step_avg:162.20ms
step:1674/3125 train_time:271.528s step_avg:162.20ms
step:1675/3125 train_time:271.692s step_avg:162.20ms
step:1676/3125 train_time:271.854s step_avg:162.20ms
step:1677/3125 train_time:272.018s step_avg:162.21ms
step:1678/3125 train_time:272.179s step_avg:162.20ms
step:1679/3125 train_time:272.342s step_avg:162.21ms
step:1680/3125 train_time:272.508s step_avg:162.21ms
step:1681/3125 train_time:272.671s step_avg:162.21ms
step:1682/3125 train_time:272.833s step_avg:162.21ms
step:1683/3125 train_time:272.995s step_avg:162.21ms
step:1684/3125 train_time:273.157s step_avg:162.21ms
step:1685/3125 train_time:273.322s step_avg:162.21ms
step:1686/3125 train_time:273.486s step_avg:162.21ms
step:1687/3125 train_time:273.650s step_avg:162.21ms
step:1688/3125 train_time:273.814s step_avg:162.21ms
step:1689/3125 train_time:273.977s step_avg:162.21ms
step:1690/3125 train_time:274.140s step_avg:162.21ms
step:1691/3125 train_time:274.304s step_avg:162.21ms
step:1692/3125 train_time:274.468s step_avg:162.22ms
step:1693/3125 train_time:274.633s step_avg:162.22ms
step:1694/3125 train_time:274.796s step_avg:162.22ms
step:1695/3125 train_time:274.959s step_avg:162.22ms
step:1696/3125 train_time:275.121s step_avg:162.22ms
step:1697/3125 train_time:275.284s step_avg:162.22ms
step:1698/3125 train_time:275.448s step_avg:162.22ms
step:1699/3125 train_time:275.612s step_avg:162.22ms
step:1700/3125 train_time:275.776s step_avg:162.22ms
step:1701/3125 train_time:275.939s step_avg:162.22ms
step:1702/3125 train_time:276.101s step_avg:162.22ms
step:1703/3125 train_time:276.265s step_avg:162.22ms
step:1704/3125 train_time:276.429s step_avg:162.22ms
step:1705/3125 train_time:276.592s step_avg:162.22ms
step:1706/3125 train_time:276.755s step_avg:162.22ms
step:1707/3125 train_time:276.919s step_avg:162.23ms
step:1708/3125 train_time:277.081s step_avg:162.23ms
step:1709/3125 train_time:277.243s step_avg:162.23ms
step:1710/3125 train_time:277.410s step_avg:162.23ms
step:1711/3125 train_time:277.631s step_avg:162.26ms
step:1712/3125 train_time:277.794s step_avg:162.26ms
step:1713/3125 train_time:277.955s step_avg:162.26ms
step:1714/3125 train_time:278.118s step_avg:162.26ms
step:1715/3125 train_time:278.281s step_avg:162.26ms
step:1716/3125 train_time:278.444s step_avg:162.26ms
step:1717/3125 train_time:278.608s step_avg:162.26ms
step:1718/3125 train_time:278.770s step_avg:162.26ms
step:1719/3125 train_time:278.932s step_avg:162.26ms
step:1720/3125 train_time:279.095s step_avg:162.26ms
step:1721/3125 train_time:279.259s step_avg:162.27ms
step:1722/3125 train_time:279.422s step_avg:162.27ms
step:1723/3125 train_time:279.586s step_avg:162.27ms
step:1724/3125 train_time:279.749s step_avg:162.27ms
step:1725/3125 train_time:279.912s step_avg:162.27ms
step:1726/3125 train_time:280.073s step_avg:162.27ms
step:1727/3125 train_time:280.235s step_avg:162.27ms
step:1728/3125 train_time:280.398s step_avg:162.27ms
step:1729/3125 train_time:280.561s step_avg:162.27ms
step:1730/3125 train_time:280.726s step_avg:162.27ms
step:1731/3125 train_time:280.889s step_avg:162.27ms
step:1732/3125 train_time:281.051s step_avg:162.27ms
step:1733/3125 train_time:281.213s step_avg:162.27ms
step:1734/3125 train_time:281.374s step_avg:162.27ms
step:1735/3125 train_time:281.537s step_avg:162.27ms
step:1736/3125 train_time:281.700s step_avg:162.27ms
step:1737/3125 train_time:281.863s step_avg:162.27ms
step:1738/3125 train_time:282.026s step_avg:162.27ms
step:1739/3125 train_time:282.190s step_avg:162.27ms
step:1740/3125 train_time:282.352s step_avg:162.27ms
step:1741/3125 train_time:282.516s step_avg:162.27ms
step:1742/3125 train_time:282.679s step_avg:162.27ms
step:1743/3125 train_time:282.842s step_avg:162.27ms
step:1744/3125 train_time:283.006s step_avg:162.27ms
step:1745/3125 train_time:283.168s step_avg:162.27ms
step:1746/3125 train_time:283.332s step_avg:162.27ms
step:1747/3125 train_time:283.494s step_avg:162.27ms
step:1748/3125 train_time:283.656s step_avg:162.27ms
step:1749/3125 train_time:283.820s step_avg:162.28ms
step:1750/3125 train_time:283.983s step_avg:162.28ms
step:1750/3125 val_loss:3.47026 train_time:283.984s step_avg:163.88ms
step:1751/3125 train_time:284.151s step_avg:162.28ms
step:1752/3125 train_time:284.314s step_avg:162.28ms
step:1753/3125 train_time:284.480s step_avg:162.28ms
step:1754/3125 train_time:284.643s step_avg:162.28ms
step:1755/3125 train_time:284.806s step_avg:162.28ms
step:1756/3125 train_time:284.970s step_avg:162.28ms
step:1757/3125 train_time:285.133s step_avg:162.28ms
step:1758/3125 train_time:285.294s step_avg:162.28ms
step:1759/3125 train_time:285.456s step_avg:162.28ms
step:1760/3125 train_time:285.618s step_avg:162.28ms
step:1761/3125 train_time:285.781s step_avg:162.28ms
step:1762/3125 train_time:285.945s step_avg:162.28ms
step:1763/3125 train_time:286.110s step_avg:162.29ms
step:1764/3125 train_time:286.272s step_avg:162.29ms
step:1765/3125 train_time:286.436s step_avg:162.29ms
step:1766/3125 train_time:286.598s step_avg:162.29ms
step:1767/3125 train_time:286.760s step_avg:162.29ms
step:1768/3125 train_time:286.926s step_avg:162.29ms
step:1769/3125 train_time:287.091s step_avg:162.29ms
step:1770/3125 train_time:287.257s step_avg:162.29ms
step:1771/3125 train_time:287.420s step_avg:162.29ms
step:1772/3125 train_time:287.581s step_avg:162.29ms
step:1773/3125 train_time:287.744s step_avg:162.29ms
step:1774/3125 train_time:287.907s step_avg:162.29ms
step:1775/3125 train_time:288.071s step_avg:162.29ms
step:1776/3125 train_time:288.236s step_avg:162.29ms
step:1777/3125 train_time:288.398s step_avg:162.30ms
step:1778/3125 train_time:288.562s step_avg:162.30ms
step:1779/3125 train_time:288.725s step_avg:162.30ms
step:1780/3125 train_time:288.889s step_avg:162.30ms
step:1781/3125 train_time:289.053s step_avg:162.30ms
step:1782/3125 train_time:289.217s step_avg:162.30ms
step:1783/3125 train_time:289.378s step_avg:162.30ms
step:1784/3125 train_time:289.541s step_avg:162.30ms
step:1785/3125 train_time:289.703s step_avg:162.30ms
step:1786/3125 train_time:289.865s step_avg:162.30ms
step:1787/3125 train_time:290.029s step_avg:162.30ms
step:1788/3125 train_time:290.192s step_avg:162.30ms
step:1789/3125 train_time:290.355s step_avg:162.30ms
step:1790/3125 train_time:290.518s step_avg:162.30ms
step:1791/3125 train_time:290.679s step_avg:162.30ms
step:1792/3125 train_time:290.842s step_avg:162.30ms
step:1793/3125 train_time:291.005s step_avg:162.30ms
step:1794/3125 train_time:291.170s step_avg:162.30ms
step:1795/3125 train_time:291.335s step_avg:162.30ms
step:1796/3125 train_time:291.498s step_avg:162.30ms
step:1797/3125 train_time:291.659s step_avg:162.30ms
step:1798/3125 train_time:291.822s step_avg:162.30ms
step:1799/3125 train_time:291.986s step_avg:162.30ms
step:1800/3125 train_time:292.151s step_avg:162.31ms
step:1801/3125 train_time:292.313s step_avg:162.31ms
step:1802/3125 train_time:292.477s step_avg:162.31ms
step:1803/3125 train_time:292.640s step_avg:162.31ms
step:1804/3125 train_time:292.803s step_avg:162.31ms
step:1805/3125 train_time:292.965s step_avg:162.31ms
step:1806/3125 train_time:293.129s step_avg:162.31ms
step:1807/3125 train_time:293.294s step_avg:162.31ms
step:1808/3125 train_time:293.457s step_avg:162.31ms
step:1809/3125 train_time:293.620s step_avg:162.31ms
step:1810/3125 train_time:293.782s step_avg:162.31ms
step:1811/3125 train_time:293.946s step_avg:162.31ms
step:1812/3125 train_time:294.110s step_avg:162.31ms
step:1813/3125 train_time:294.274s step_avg:162.31ms
step:1814/3125 train_time:294.437s step_avg:162.31ms
step:1815/3125 train_time:294.601s step_avg:162.31ms
step:1816/3125 train_time:294.766s step_avg:162.32ms
step:1817/3125 train_time:294.931s step_avg:162.32ms
step:1818/3125 train_time:295.093s step_avg:162.32ms
step:1819/3125 train_time:295.257s step_avg:162.32ms
step:1820/3125 train_time:295.420s step_avg:162.32ms
step:1821/3125 train_time:295.583s step_avg:162.32ms
step:1822/3125 train_time:295.746s step_avg:162.32ms
step:1823/3125 train_time:295.910s step_avg:162.32ms
step:1824/3125 train_time:296.072s step_avg:162.32ms
step:1825/3125 train_time:296.235s step_avg:162.32ms
step:1826/3125 train_time:296.398s step_avg:162.32ms
step:1827/3125 train_time:296.561s step_avg:162.32ms
step:1828/3125 train_time:296.724s step_avg:162.32ms
step:1829/3125 train_time:296.889s step_avg:162.32ms
step:1830/3125 train_time:297.053s step_avg:162.32ms
step:1831/3125 train_time:297.217s step_avg:162.33ms
step:1832/3125 train_time:297.379s step_avg:162.32ms
step:1833/3125 train_time:297.543s step_avg:162.33ms
step:1834/3125 train_time:297.705s step_avg:162.33ms
step:1835/3125 train_time:297.868s step_avg:162.33ms
step:1836/3125 train_time:298.032s step_avg:162.33ms
step:1837/3125 train_time:298.193s step_avg:162.33ms
step:1838/3125 train_time:298.355s step_avg:162.33ms
step:1839/3125 train_time:298.517s step_avg:162.33ms
step:1840/3125 train_time:298.680s step_avg:162.33ms
step:1841/3125 train_time:298.843s step_avg:162.33ms
step:1842/3125 train_time:299.008s step_avg:162.33ms
step:1843/3125 train_time:299.171s step_avg:162.33ms
step:1844/3125 train_time:299.333s step_avg:162.33ms
step:1845/3125 train_time:299.495s step_avg:162.33ms
step:1846/3125 train_time:299.658s step_avg:162.33ms
step:1847/3125 train_time:299.821s step_avg:162.33ms
step:1848/3125 train_time:299.983s step_avg:162.33ms
step:1849/3125 train_time:300.147s step_avg:162.33ms
step:1850/3125 train_time:300.311s step_avg:162.33ms
step:1851/3125 train_time:300.474s step_avg:162.33ms
step:1852/3125 train_time:300.637s step_avg:162.33ms
step:1853/3125 train_time:300.799s step_avg:162.33ms
step:1854/3125 train_time:300.961s step_avg:162.33ms
step:1855/3125 train_time:301.123s step_avg:162.33ms
step:1856/3125 train_time:301.287s step_avg:162.33ms
step:1857/3125 train_time:301.452s step_avg:162.33ms
step:1858/3125 train_time:301.615s step_avg:162.33ms
step:1859/3125 train_time:301.778s step_avg:162.33ms
step:1860/3125 train_time:301.941s step_avg:162.33ms
step:1861/3125 train_time:302.103s step_avg:162.33ms
step:1862/3125 train_time:302.265s step_avg:162.33ms
step:1863/3125 train_time:302.427s step_avg:162.33ms
step:1864/3125 train_time:302.593s step_avg:162.34ms
step:1865/3125 train_time:302.759s step_avg:162.34ms
step:1866/3125 train_time:302.921s step_avg:162.34ms
step:1867/3125 train_time:303.085s step_avg:162.34ms
step:1868/3125 train_time:303.249s step_avg:162.34ms
step:1869/3125 train_time:303.412s step_avg:162.34ms
step:1870/3125 train_time:303.575s step_avg:162.34ms
step:1871/3125 train_time:303.738s step_avg:162.34ms
step:1872/3125 train_time:303.898s step_avg:162.34ms
step:1873/3125 train_time:304.064s step_avg:162.34ms
step:1874/3125 train_time:304.227s step_avg:162.34ms
step:1875/3125 train_time:304.390s step_avg:162.34ms
step:1875/3125 val_loss:3.44501 train_time:304.390s step_avg:163.25ms
step:1876/3125 train_time:304.557s step_avg:162.34ms
step:1877/3125 train_time:304.719s step_avg:162.34ms
step:1878/3125 train_time:304.881s step_avg:162.34ms
step:1879/3125 train_time:305.051s step_avg:162.35ms
step:1880/3125 train_time:305.214s step_avg:162.35ms
step:1881/3125 train_time:305.383s step_avg:162.35ms
step:1882/3125 train_time:305.547s step_avg:162.35ms
step:1883/3125 train_time:305.711s step_avg:162.35ms
step:1884/3125 train_time:305.876s step_avg:162.35ms
step:1885/3125 train_time:306.039s step_avg:162.35ms
step:1886/3125 train_time:306.201s step_avg:162.35ms
step:1887/3125 train_time:306.364s step_avg:162.36ms
step:1888/3125 train_time:306.526s step_avg:162.35ms
step:1889/3125 train_time:306.688s step_avg:162.35ms
step:1890/3125 train_time:306.852s step_avg:162.36ms
step:1891/3125 train_time:307.017s step_avg:162.36ms
step:1892/3125 train_time:307.179s step_avg:162.36ms
step:1893/3125 train_time:307.342s step_avg:162.36ms
step:1894/3125 train_time:307.503s step_avg:162.36ms
step:1895/3125 train_time:307.667s step_avg:162.36ms
step:1896/3125 train_time:307.831s step_avg:162.36ms
step:1897/3125 train_time:307.993s step_avg:162.36ms
step:1898/3125 train_time:308.157s step_avg:162.36ms
step:1899/3125 train_time:308.318s step_avg:162.36ms
step:1900/3125 train_time:308.482s step_avg:162.36ms
step:1901/3125 train_time:308.699s step_avg:162.39ms
step:1902/3125 train_time:308.863s step_avg:162.39ms
step:1903/3125 train_time:309.025s step_avg:162.39ms
step:1904/3125 train_time:309.190s step_avg:162.39ms
step:1905/3125 train_time:309.354s step_avg:162.39ms
step:1906/3125 train_time:309.516s step_avg:162.39ms
step:1907/3125 train_time:309.679s step_avg:162.39ms
step:1908/3125 train_time:309.842s step_avg:162.39ms
step:1909/3125 train_time:310.005s step_avg:162.39ms
step:1910/3125 train_time:310.169s step_avg:162.39ms
step:1911/3125 train_time:310.333s step_avg:162.39ms
step:1912/3125 train_time:310.497s step_avg:162.39ms
step:1913/3125 train_time:310.661s step_avg:162.39ms
step:1914/3125 train_time:310.823s step_avg:162.39ms
step:1915/3125 train_time:310.985s step_avg:162.39ms
step:1916/3125 train_time:311.149s step_avg:162.40ms
step:1917/3125 train_time:311.313s step_avg:162.40ms
step:1918/3125 train_time:311.477s step_avg:162.40ms
step:1919/3125 train_time:311.639s step_avg:162.40ms
step:1920/3125 train_time:311.800s step_avg:162.40ms
step:1921/3125 train_time:311.965s step_avg:162.40ms
step:1922/3125 train_time:312.129s step_avg:162.40ms
step:1923/3125 train_time:312.292s step_avg:162.40ms
step:1924/3125 train_time:312.456s step_avg:162.40ms
step:1925/3125 train_time:312.619s step_avg:162.40ms
step:1926/3125 train_time:312.783s step_avg:162.40ms
step:1927/3125 train_time:312.946s step_avg:162.40ms
step:1928/3125 train_time:313.109s step_avg:162.40ms
step:1929/3125 train_time:313.273s step_avg:162.40ms
step:1930/3125 train_time:313.440s step_avg:162.40ms
step:1931/3125 train_time:313.603s step_avg:162.40ms
step:1932/3125 train_time:313.766s step_avg:162.40ms
step:1933/3125 train_time:313.931s step_avg:162.41ms
step:1934/3125 train_time:314.095s step_avg:162.41ms
step:1935/3125 train_time:314.257s step_avg:162.41ms
step:1936/3125 train_time:314.418s step_avg:162.41ms
step:1937/3125 train_time:314.580s step_avg:162.41ms
step:1938/3125 train_time:314.744s step_avg:162.41ms
step:1939/3125 train_time:314.905s step_avg:162.41ms
step:1940/3125 train_time:315.068s step_avg:162.41ms
step:1941/3125 train_time:315.231s step_avg:162.41ms
step:1942/3125 train_time:315.395s step_avg:162.41ms
step:1943/3125 train_time:315.559s step_avg:162.41ms
step:1944/3125 train_time:315.721s step_avg:162.41ms
step:1945/3125 train_time:315.883s step_avg:162.41ms
step:1946/3125 train_time:316.046s step_avg:162.41ms
step:1947/3125 train_time:316.211s step_avg:162.41ms
step:1948/3125 train_time:316.374s step_avg:162.41ms
step:1949/3125 train_time:316.536s step_avg:162.41ms
step:1950/3125 train_time:316.700s step_avg:162.41ms
step:1951/3125 train_time:316.863s step_avg:162.41ms
step:1952/3125 train_time:317.026s step_avg:162.41ms
step:1953/3125 train_time:317.188s step_avg:162.41ms
step:1954/3125 train_time:317.351s step_avg:162.41ms
step:1955/3125 train_time:317.517s step_avg:162.41ms
step:1956/3125 train_time:317.680s step_avg:162.41ms
step:1957/3125 train_time:317.844s step_avg:162.41ms
step:1958/3125 train_time:318.007s step_avg:162.41ms
step:1959/3125 train_time:318.173s step_avg:162.42ms
step:1960/3125 train_time:318.336s step_avg:162.42ms
step:1961/3125 train_time:318.499s step_avg:162.42ms
step:1962/3125 train_time:318.661s step_avg:162.42ms
step:1963/3125 train_time:318.823s step_avg:162.42ms
step:1964/3125 train_time:318.986s step_avg:162.42ms
step:1965/3125 train_time:319.149s step_avg:162.42ms
step:1966/3125 train_time:319.312s step_avg:162.42ms
step:1967/3125 train_time:319.476s step_avg:162.42ms
step:1968/3125 train_time:319.640s step_avg:162.42ms
step:1969/3125 train_time:319.803s step_avg:162.42ms
step:1970/3125 train_time:319.966s step_avg:162.42ms
step:1971/3125 train_time:320.128s step_avg:162.42ms
step:1972/3125 train_time:320.290s step_avg:162.42ms
step:1973/3125 train_time:320.454s step_avg:162.42ms
step:1974/3125 train_time:320.616s step_avg:162.42ms
step:1975/3125 train_time:320.779s step_avg:162.42ms
step:1976/3125 train_time:320.941s step_avg:162.42ms
step:1977/3125 train_time:321.103s step_avg:162.42ms
step:1978/3125 train_time:321.266s step_avg:162.42ms
step:1979/3125 train_time:321.428s step_avg:162.42ms
step:1980/3125 train_time:321.591s step_avg:162.42ms
step:1981/3125 train_time:321.756s step_avg:162.42ms
step:1982/3125 train_time:321.919s step_avg:162.42ms
step:1983/3125 train_time:322.081s step_avg:162.42ms
step:1984/3125 train_time:322.243s step_avg:162.42ms
step:1985/3125 train_time:322.405s step_avg:162.42ms
step:1986/3125 train_time:322.570s step_avg:162.42ms
step:1987/3125 train_time:322.733s step_avg:162.42ms
step:1988/3125 train_time:322.896s step_avg:162.42ms
step:1989/3125 train_time:323.061s step_avg:162.42ms
step:1990/3125 train_time:323.223s step_avg:162.42ms
step:1991/3125 train_time:323.386s step_avg:162.42ms
step:1992/3125 train_time:323.549s step_avg:162.42ms
step:1993/3125 train_time:323.713s step_avg:162.42ms
step:1994/3125 train_time:323.876s step_avg:162.43ms
step:1995/3125 train_time:324.040s step_avg:162.43ms
step:1996/3125 train_time:324.203s step_avg:162.43ms
step:1997/3125 train_time:324.368s step_avg:162.43ms
step:1998/3125 train_time:324.530s step_avg:162.43ms
step:1999/3125 train_time:324.695s step_avg:162.43ms
step:2000/3125 train_time:324.860s step_avg:162.43ms
step:2000/3125 val_loss:3.42128 train_time:324.860s step_avg:163.76ms
step:2001/3125 train_time:325.026s step_avg:162.43ms
step:2002/3125 train_time:325.188s step_avg:162.43ms
step:2003/3125 train_time:325.351s step_avg:162.43ms
step:2004/3125 train_time:325.513s step_avg:162.43ms
step:2005/3125 train_time:325.676s step_avg:162.43ms
step:2006/3125 train_time:325.839s step_avg:162.43ms
step:2007/3125 train_time:326.002s step_avg:162.43ms
step:2008/3125 train_time:326.165s step_avg:162.43ms
step:2009/3125 train_time:326.328s step_avg:162.43ms
step:2010/3125 train_time:326.492s step_avg:162.43ms
step:2011/3125 train_time:326.653s step_avg:162.43ms
step:2012/3125 train_time:326.817s step_avg:162.43ms
step:2013/3125 train_time:326.980s step_avg:162.43ms
step:2014/3125 train_time:327.143s step_avg:162.43ms
step:2015/3125 train_time:327.305s step_avg:162.43ms
step:2016/3125 train_time:327.469s step_avg:162.44ms
step:2017/3125 train_time:327.631s step_avg:162.43ms
step:2018/3125 train_time:327.794s step_avg:162.44ms
step:2019/3125 train_time:327.958s step_avg:162.44ms
step:2020/3125 train_time:328.121s step_avg:162.44ms
step:2021/3125 train_time:328.284s step_avg:162.44ms
step:2022/3125 train_time:328.446s step_avg:162.44ms
step:2023/3125 train_time:328.610s step_avg:162.44ms
step:2024/3125 train_time:328.774s step_avg:162.44ms
step:2025/3125 train_time:328.937s step_avg:162.44ms
step:2026/3125 train_time:329.101s step_avg:162.44ms
step:2027/3125 train_time:329.265s step_avg:162.44ms
step:2028/3125 train_time:329.427s step_avg:162.44ms
step:2029/3125 train_time:329.590s step_avg:162.44ms
step:2030/3125 train_time:329.752s step_avg:162.44ms
step:2031/3125 train_time:329.915s step_avg:162.44ms
step:2032/3125 train_time:330.079s step_avg:162.44ms
step:2033/3125 train_time:330.241s step_avg:162.44ms
step:2034/3125 train_time:330.404s step_avg:162.44ms
step:2035/3125 train_time:330.567s step_avg:162.44ms
step:2036/3125 train_time:330.732s step_avg:162.44ms
step:2037/3125 train_time:330.896s step_avg:162.44ms
step:2038/3125 train_time:331.060s step_avg:162.44ms
step:2039/3125 train_time:331.223s step_avg:162.44ms
step:2040/3125 train_time:331.388s step_avg:162.45ms
step:2041/3125 train_time:331.553s step_avg:162.45ms
step:2042/3125 train_time:331.717s step_avg:162.45ms
step:2043/3125 train_time:331.881s step_avg:162.45ms
step:2044/3125 train_time:332.048s step_avg:162.45ms
step:2045/3125 train_time:332.211s step_avg:162.45ms
step:2046/3125 train_time:332.374s step_avg:162.45ms
step:2047/3125 train_time:332.537s step_avg:162.45ms
step:2048/3125 train_time:332.703s step_avg:162.45ms
step:2049/3125 train_time:332.865s step_avg:162.45ms
step:2050/3125 train_time:333.026s step_avg:162.45ms
step:2051/3125 train_time:333.190s step_avg:162.45ms
step:2052/3125 train_time:333.352s step_avg:162.45ms
step:2053/3125 train_time:333.515s step_avg:162.45ms
step:2054/3125 train_time:333.678s step_avg:162.45ms
step:2055/3125 train_time:333.841s step_avg:162.45ms
step:2056/3125 train_time:334.006s step_avg:162.45ms
step:2057/3125 train_time:334.170s step_avg:162.45ms
step:2058/3125 train_time:334.332s step_avg:162.45ms
step:2059/3125 train_time:334.494s step_avg:162.45ms
step:2060/3125 train_time:334.659s step_avg:162.46ms
step:2061/3125 train_time:334.823s step_avg:162.46ms
step:2062/3125 train_time:334.986s step_avg:162.46ms
step:2063/3125 train_time:335.148s step_avg:162.46ms
step:2064/3125 train_time:335.312s step_avg:162.46ms
step:2065/3125 train_time:335.474s step_avg:162.46ms
step:2066/3125 train_time:335.638s step_avg:162.46ms
step:2067/3125 train_time:335.800s step_avg:162.46ms
step:2068/3125 train_time:335.964s step_avg:162.46ms
step:2069/3125 train_time:336.126s step_avg:162.46ms
step:2070/3125 train_time:336.292s step_avg:162.46ms
step:2071/3125 train_time:336.453s step_avg:162.46ms
step:2072/3125 train_time:336.617s step_avg:162.46ms
step:2073/3125 train_time:336.781s step_avg:162.46ms
step:2074/3125 train_time:336.944s step_avg:162.46ms
step:2075/3125 train_time:337.106s step_avg:162.46ms
step:2076/3125 train_time:337.268s step_avg:162.46ms
step:2077/3125 train_time:337.430s step_avg:162.46ms
step:2078/3125 train_time:337.595s step_avg:162.46ms
step:2079/3125 train_time:337.760s step_avg:162.46ms
step:2080/3125 train_time:337.923s step_avg:162.46ms
step:2081/3125 train_time:338.086s step_avg:162.46ms
step:2082/3125 train_time:338.250s step_avg:162.46ms
step:2083/3125 train_time:338.413s step_avg:162.46ms
step:2084/3125 train_time:338.577s step_avg:162.46ms
step:2085/3125 train_time:338.739s step_avg:162.46ms
step:2086/3125 train_time:338.902s step_avg:162.47ms
step:2087/3125 train_time:339.067s step_avg:162.47ms
step:2088/3125 train_time:339.230s step_avg:162.47ms
step:2089/3125 train_time:339.394s step_avg:162.47ms
step:2090/3125 train_time:339.559s step_avg:162.47ms
step:2091/3125 train_time:339.781s step_avg:162.50ms
step:2092/3125 train_time:339.944s step_avg:162.50ms
step:2093/3125 train_time:340.108s step_avg:162.50ms
step:2094/3125 train_time:340.272s step_avg:162.50ms
step:2095/3125 train_time:340.436s step_avg:162.50ms
step:2096/3125 train_time:340.600s step_avg:162.50ms
step:2097/3125 train_time:340.764s step_avg:162.50ms
step:2098/3125 train_time:340.928s step_avg:162.50ms
step:2099/3125 train_time:341.092s step_avg:162.50ms
step:2100/3125 train_time:341.255s step_avg:162.50ms
step:2101/3125 train_time:341.418s step_avg:162.50ms
step:2102/3125 train_time:341.582s step_avg:162.50ms
step:2103/3125 train_time:341.745s step_avg:162.50ms
step:2104/3125 train_time:341.907s step_avg:162.50ms
step:2105/3125 train_time:342.069s step_avg:162.50ms
step:2106/3125 train_time:342.232s step_avg:162.50ms
step:2107/3125 train_time:342.397s step_avg:162.50ms
step:2108/3125 train_time:342.561s step_avg:162.51ms
step:2109/3125 train_time:342.724s step_avg:162.51ms
step:2110/3125 train_time:342.887s step_avg:162.51ms
step:2111/3125 train_time:343.050s step_avg:162.51ms
step:2112/3125 train_time:343.213s step_avg:162.51ms
step:2113/3125 train_time:343.377s step_avg:162.51ms
step:2114/3125 train_time:343.539s step_avg:162.51ms
step:2115/3125 train_time:343.702s step_avg:162.51ms
step:2116/3125 train_time:343.866s step_avg:162.51ms
step:2117/3125 train_time:344.027s step_avg:162.51ms
step:2118/3125 train_time:344.191s step_avg:162.51ms
step:2119/3125 train_time:344.353s step_avg:162.51ms
step:2120/3125 train_time:344.518s step_avg:162.51ms
step:2121/3125 train_time:344.681s step_avg:162.51ms
step:2122/3125 train_time:344.843s step_avg:162.51ms
step:2123/3125 train_time:345.006s step_avg:162.51ms
step:2124/3125 train_time:345.174s step_avg:162.51ms
step:2125/3125 train_time:345.335s step_avg:162.51ms
step:2125/3125 val_loss:3.40085 train_time:345.335s step_avg:163.80ms
step:2126/3125 train_time:345.504s step_avg:162.51ms
step:2127/3125 train_time:345.666s step_avg:162.51ms
step:2128/3125 train_time:345.832s step_avg:162.51ms
step:2129/3125 train_time:345.995s step_avg:162.52ms
step:2130/3125 train_time:346.158s step_avg:162.52ms
step:2131/3125 train_time:346.322s step_avg:162.52ms
step:2132/3125 train_time:346.487s step_avg:162.52ms
step:2133/3125 train_time:346.649s step_avg:162.52ms
step:2134/3125 train_time:346.812s step_avg:162.52ms
step:2135/3125 train_time:346.975s step_avg:162.52ms
step:2136/3125 train_time:347.137s step_avg:162.52ms
step:2137/3125 train_time:347.301s step_avg:162.52ms
step:2138/3125 train_time:347.465s step_avg:162.52ms
step:2139/3125 train_time:347.629s step_avg:162.52ms
step:2140/3125 train_time:347.793s step_avg:162.52ms
step:2141/3125 train_time:347.955s step_avg:162.52ms
step:2142/3125 train_time:348.119s step_avg:162.52ms
step:2143/3125 train_time:348.284s step_avg:162.52ms
step:2144/3125 train_time:348.446s step_avg:162.52ms
step:2145/3125 train_time:348.608s step_avg:162.52ms
step:2146/3125 train_time:348.770s step_avg:162.52ms
step:2147/3125 train_time:348.933s step_avg:162.52ms
step:2148/3125 train_time:349.097s step_avg:162.52ms
step:2149/3125 train_time:349.261s step_avg:162.52ms
step:2150/3125 train_time:349.426s step_avg:162.52ms
step:2151/3125 train_time:349.589s step_avg:162.52ms
step:2152/3125 train_time:349.753s step_avg:162.52ms
step:2153/3125 train_time:349.917s step_avg:162.53ms
step:2154/3125 train_time:350.080s step_avg:162.53ms
step:2155/3125 train_time:350.243s step_avg:162.53ms
step:2156/3125 train_time:350.409s step_avg:162.53ms
step:2157/3125 train_time:350.570s step_avg:162.53ms
step:2158/3125 train_time:350.733s step_avg:162.53ms
step:2159/3125 train_time:350.896s step_avg:162.53ms
step:2160/3125 train_time:351.058s step_avg:162.53ms
step:2161/3125 train_time:351.223s step_avg:162.53ms
step:2162/3125 train_time:351.386s step_avg:162.53ms
step:2163/3125 train_time:351.549s step_avg:162.53ms
step:2164/3125 train_time:351.711s step_avg:162.53ms
step:2165/3125 train_time:351.875s step_avg:162.53ms
step:2166/3125 train_time:352.039s step_avg:162.53ms
step:2167/3125 train_time:352.204s step_avg:162.53ms
step:2168/3125 train_time:352.366s step_avg:162.53ms
step:2169/3125 train_time:352.531s step_avg:162.53ms
step:2170/3125 train_time:352.693s step_avg:162.53ms
step:2171/3125 train_time:352.856s step_avg:162.53ms
step:2172/3125 train_time:353.020s step_avg:162.53ms
step:2173/3125 train_time:353.184s step_avg:162.53ms
step:2174/3125 train_time:353.346s step_avg:162.53ms
step:2175/3125 train_time:353.511s step_avg:162.53ms
step:2176/3125 train_time:353.672s step_avg:162.53ms
step:2177/3125 train_time:353.835s step_avg:162.53ms
step:2178/3125 train_time:354.001s step_avg:162.53ms
step:2179/3125 train_time:354.164s step_avg:162.53ms
step:2180/3125 train_time:354.327s step_avg:162.54ms
step:2181/3125 train_time:354.490s step_avg:162.54ms
step:2182/3125 train_time:354.654s step_avg:162.54ms
step:2183/3125 train_time:354.816s step_avg:162.54ms
step:2184/3125 train_time:354.980s step_avg:162.54ms
step:2185/3125 train_time:355.144s step_avg:162.54ms
step:2186/3125 train_time:355.308s step_avg:162.54ms
step:2187/3125 train_time:355.471s step_avg:162.54ms
step:2188/3125 train_time:355.633s step_avg:162.54ms
step:2189/3125 train_time:355.796s step_avg:162.54ms
step:2190/3125 train_time:355.961s step_avg:162.54ms
step:2191/3125 train_time:356.125s step_avg:162.54ms
step:2192/3125 train_time:356.287s step_avg:162.54ms
step:2193/3125 train_time:356.448s step_avg:162.54ms
step:2194/3125 train_time:356.610s step_avg:162.54ms
step:2195/3125 train_time:356.773s step_avg:162.54ms
step:2196/3125 train_time:356.937s step_avg:162.54ms
step:2197/3125 train_time:357.100s step_avg:162.54ms
step:2198/3125 train_time:357.265s step_avg:162.54ms
step:2199/3125 train_time:357.428s step_avg:162.54ms
step:2200/3125 train_time:357.591s step_avg:162.54ms
step:2201/3125 train_time:357.752s step_avg:162.54ms
step:2202/3125 train_time:357.915s step_avg:162.54ms
step:2203/3125 train_time:358.080s step_avg:162.54ms
step:2204/3125 train_time:358.243s step_avg:162.54ms
step:2205/3125 train_time:358.406s step_avg:162.54ms
step:2206/3125 train_time:358.568s step_avg:162.54ms
step:2207/3125 train_time:358.731s step_avg:162.54ms
step:2208/3125 train_time:358.895s step_avg:162.54ms
step:2209/3125 train_time:359.057s step_avg:162.54ms
step:2210/3125 train_time:359.220s step_avg:162.54ms
step:2211/3125 train_time:359.385s step_avg:162.54ms
step:2212/3125 train_time:359.548s step_avg:162.54ms
step:2213/3125 train_time:359.711s step_avg:162.54ms
step:2214/3125 train_time:359.873s step_avg:162.54ms
step:2215/3125 train_time:360.036s step_avg:162.54ms
step:2216/3125 train_time:360.200s step_avg:162.54ms
step:2217/3125 train_time:360.364s step_avg:162.55ms
step:2218/3125 train_time:360.527s step_avg:162.55ms
step:2219/3125 train_time:360.690s step_avg:162.55ms
step:2220/3125 train_time:360.853s step_avg:162.55ms
step:2221/3125 train_time:361.016s step_avg:162.55ms
step:2222/3125 train_time:361.178s step_avg:162.55ms
step:2223/3125 train_time:361.340s step_avg:162.55ms
step:2224/3125 train_time:361.505s step_avg:162.55ms
step:2225/3125 train_time:361.666s step_avg:162.55ms
step:2226/3125 train_time:361.830s step_avg:162.55ms
step:2227/3125 train_time:361.992s step_avg:162.55ms
step:2228/3125 train_time:362.154s step_avg:162.55ms
step:2229/3125 train_time:362.317s step_avg:162.55ms
step:2230/3125 train_time:362.482s step_avg:162.55ms
step:2231/3125 train_time:362.645s step_avg:162.55ms
step:2232/3125 train_time:362.809s step_avg:162.55ms
step:2233/3125 train_time:362.971s step_avg:162.55ms
step:2234/3125 train_time:363.134s step_avg:162.55ms
step:2235/3125 train_time:363.298s step_avg:162.55ms
step:2236/3125 train_time:363.462s step_avg:162.55ms
step:2237/3125 train_time:363.626s step_avg:162.55ms
step:2238/3125 train_time:363.789s step_avg:162.55ms
step:2239/3125 train_time:363.952s step_avg:162.55ms
step:2240/3125 train_time:364.114s step_avg:162.55ms
step:2241/3125 train_time:364.277s step_avg:162.55ms
step:2242/3125 train_time:364.440s step_avg:162.55ms
step:2243/3125 train_time:364.604s step_avg:162.55ms
step:2244/3125 train_time:364.766s step_avg:162.55ms
step:2245/3125 train_time:364.929s step_avg:162.55ms
step:2246/3125 train_time:365.091s step_avg:162.55ms
step:2247/3125 train_time:365.254s step_avg:162.55ms
step:2248/3125 train_time:365.419s step_avg:162.55ms
step:2249/3125 train_time:365.582s step_avg:162.55ms
step:2250/3125 train_time:365.746s step_avg:162.55ms
step:2250/3125 val_loss:3.38066 train_time:365.747s step_avg:163.29ms
step:2251/3125 train_time:365.913s step_avg:162.56ms
step:2252/3125 train_time:366.074s step_avg:162.55ms
step:2253/3125 train_time:366.236s step_avg:162.55ms
step:2254/3125 train_time:366.399s step_avg:162.55ms
step:2255/3125 train_time:366.562s step_avg:162.56ms
step:2256/3125 train_time:366.727s step_avg:162.56ms
step:2257/3125 train_time:366.889s step_avg:162.56ms
step:2258/3125 train_time:367.054s step_avg:162.56ms
step:2259/3125 train_time:367.216s step_avg:162.56ms
step:2260/3125 train_time:367.379s step_avg:162.56ms
step:2261/3125 train_time:367.543s step_avg:162.56ms
step:2262/3125 train_time:367.709s step_avg:162.56ms
step:2263/3125 train_time:367.872s step_avg:162.56ms
step:2264/3125 train_time:368.035s step_avg:162.56ms
step:2265/3125 train_time:368.197s step_avg:162.56ms
step:2266/3125 train_time:368.359s step_avg:162.56ms
step:2267/3125 train_time:368.522s step_avg:162.56ms
step:2268/3125 train_time:368.685s step_avg:162.56ms
step:2269/3125 train_time:368.849s step_avg:162.56ms
step:2270/3125 train_time:369.014s step_avg:162.56ms
step:2271/3125 train_time:369.181s step_avg:162.56ms
step:2272/3125 train_time:369.344s step_avg:162.56ms
step:2273/3125 train_time:369.506s step_avg:162.56ms
step:2274/3125 train_time:369.669s step_avg:162.56ms
step:2275/3125 train_time:369.833s step_avg:162.56ms
step:2276/3125 train_time:369.995s step_avg:162.56ms
step:2277/3125 train_time:370.157s step_avg:162.56ms
step:2278/3125 train_time:370.322s step_avg:162.56ms
step:2279/3125 train_time:370.484s step_avg:162.56ms
step:2280/3125 train_time:370.649s step_avg:162.57ms
step:2281/3125 train_time:370.867s step_avg:162.59ms
step:2282/3125 train_time:371.034s step_avg:162.59ms
step:2283/3125 train_time:371.197s step_avg:162.59ms
step:2284/3125 train_time:371.360s step_avg:162.59ms
step:2285/3125 train_time:371.523s step_avg:162.59ms
step:2286/3125 train_time:371.686s step_avg:162.59ms
step:2287/3125 train_time:371.851s step_avg:162.59ms
step:2288/3125 train_time:372.014s step_avg:162.59ms
step:2289/3125 train_time:372.175s step_avg:162.59ms
step:2290/3125 train_time:372.339s step_avg:162.59ms
step:2291/3125 train_time:372.509s step_avg:162.60ms
step:2292/3125 train_time:372.671s step_avg:162.60ms
step:2293/3125 train_time:372.835s step_avg:162.60ms
step:2294/3125 train_time:372.996s step_avg:162.60ms
step:2295/3125 train_time:373.160s step_avg:162.60ms
step:2296/3125 train_time:373.327s step_avg:162.60ms
step:2297/3125 train_time:373.489s step_avg:162.60ms
step:2298/3125 train_time:373.652s step_avg:162.60ms
step:2299/3125 train_time:373.814s step_avg:162.60ms
step:2300/3125 train_time:373.978s step_avg:162.60ms
step:2301/3125 train_time:374.141s step_avg:162.60ms
step:2302/3125 train_time:374.304s step_avg:162.60ms
step:2303/3125 train_time:374.468s step_avg:162.60ms
step:2304/3125 train_time:374.632s step_avg:162.60ms
step:2305/3125 train_time:374.794s step_avg:162.60ms
step:2306/3125 train_time:374.956s step_avg:162.60ms
step:2307/3125 train_time:375.119s step_avg:162.60ms
step:2308/3125 train_time:375.286s step_avg:162.60ms
step:2309/3125 train_time:375.449s step_avg:162.60ms
step:2310/3125 train_time:375.611s step_avg:162.60ms
step:2311/3125 train_time:375.773s step_avg:162.60ms
step:2312/3125 train_time:375.936s step_avg:162.60ms
step:2313/3125 train_time:376.100s step_avg:162.60ms
step:2314/3125 train_time:376.262s step_avg:162.60ms
step:2315/3125 train_time:376.426s step_avg:162.60ms
step:2316/3125 train_time:376.590s step_avg:162.60ms
step:2317/3125 train_time:376.758s step_avg:162.61ms
step:2318/3125 train_time:376.922s step_avg:162.61ms
step:2319/3125 train_time:377.085s step_avg:162.61ms
step:2320/3125 train_time:377.249s step_avg:162.61ms
step:2321/3125 train_time:377.413s step_avg:162.61ms
step:2322/3125 train_time:377.575s step_avg:162.61ms
step:2323/3125 train_time:377.738s step_avg:162.61ms
step:2324/3125 train_time:377.900s step_avg:162.61ms
step:2325/3125 train_time:378.063s step_avg:162.61ms
step:2326/3125 train_time:378.227s step_avg:162.61ms
step:2327/3125 train_time:378.389s step_avg:162.61ms
step:2328/3125 train_time:378.552s step_avg:162.61ms
step:2329/3125 train_time:378.715s step_avg:162.61ms
step:2330/3125 train_time:378.881s step_avg:162.61ms
step:2331/3125 train_time:379.045s step_avg:162.61ms
step:2332/3125 train_time:379.208s step_avg:162.61ms
step:2333/3125 train_time:379.371s step_avg:162.61ms
step:2334/3125 train_time:379.535s step_avg:162.61ms
step:2335/3125 train_time:379.697s step_avg:162.61ms
step:2336/3125 train_time:379.860s step_avg:162.61ms
step:2337/3125 train_time:380.024s step_avg:162.61ms
step:2338/3125 train_time:380.189s step_avg:162.61ms
step:2339/3125 train_time:380.352s step_avg:162.61ms
step:2340/3125 train_time:380.515s step_avg:162.61ms
step:2341/3125 train_time:380.677s step_avg:162.61ms
step:2342/3125 train_time:380.842s step_avg:162.61ms
step:2343/3125 train_time:381.006s step_avg:162.61ms
step:2344/3125 train_time:381.168s step_avg:162.61ms
step:2345/3125 train_time:381.332s step_avg:162.61ms
step:2346/3125 train_time:381.494s step_avg:162.61ms
step:2347/3125 train_time:381.656s step_avg:162.61ms
step:2348/3125 train_time:381.819s step_avg:162.61ms
step:2349/3125 train_time:381.981s step_avg:162.61ms
step:2350/3125 train_time:382.146s step_avg:162.62ms
step:2351/3125 train_time:382.310s step_avg:162.62ms
step:2352/3125 train_time:382.473s step_avg:162.62ms
step:2353/3125 train_time:382.636s step_avg:162.62ms
step:2354/3125 train_time:382.799s step_avg:162.62ms
step:2355/3125 train_time:382.964s step_avg:162.62ms
step:2356/3125 train_time:383.128s step_avg:162.62ms
step:2357/3125 train_time:383.291s step_avg:162.62ms
step:2358/3125 train_time:383.453s step_avg:162.62ms
step:2359/3125 train_time:383.616s step_avg:162.62ms
step:2360/3125 train_time:383.778s step_avg:162.62ms
step:2361/3125 train_time:383.940s step_avg:162.62ms
step:2362/3125 train_time:384.104s step_avg:162.62ms
step:2363/3125 train_time:384.267s step_avg:162.62ms
step:2364/3125 train_time:384.432s step_avg:162.62ms
step:2365/3125 train_time:384.593s step_avg:162.62ms
step:2366/3125 train_time:384.755s step_avg:162.62ms
step:2367/3125 train_time:384.918s step_avg:162.62ms
step:2368/3125 train_time:385.082s step_avg:162.62ms
step:2369/3125 train_time:385.246s step_avg:162.62ms
step:2370/3125 train_time:385.410s step_avg:162.62ms
step:2371/3125 train_time:385.572s step_avg:162.62ms
step:2372/3125 train_time:385.736s step_avg:162.62ms
step:2373/3125 train_time:385.897s step_avg:162.62ms
step:2374/3125 train_time:386.060s step_avg:162.62ms
step:2375/3125 train_time:386.223s step_avg:162.62ms
step:2375/3125 val_loss:3.36181 train_time:386.224s step_avg:163.82ms
step:2376/3125 train_time:386.391s step_avg:162.62ms
step:2377/3125 train_time:386.555s step_avg:162.62ms
step:2378/3125 train_time:386.719s step_avg:162.62ms
step:2379/3125 train_time:386.881s step_avg:162.62ms
step:2380/3125 train_time:387.043s step_avg:162.62ms
step:2381/3125 train_time:387.206s step_avg:162.62ms
step:2382/3125 train_time:387.368s step_avg:162.62ms
step:2383/3125 train_time:387.534s step_avg:162.62ms
step:2384/3125 train_time:387.696s step_avg:162.62ms
step:2385/3125 train_time:387.861s step_avg:162.63ms
step:2386/3125 train_time:388.023s step_avg:162.63ms
step:2387/3125 train_time:388.186s step_avg:162.63ms
step:2388/3125 train_time:388.350s step_avg:162.63ms
step:2389/3125 train_time:388.513s step_avg:162.63ms
step:2390/3125 train_time:388.676s step_avg:162.63ms
step:2391/3125 train_time:388.838s step_avg:162.63ms
step:2392/3125 train_time:389.000s step_avg:162.63ms
step:2393/3125 train_time:389.163s step_avg:162.63ms
step:2394/3125 train_time:389.326s step_avg:162.63ms
step:2395/3125 train_time:389.488s step_avg:162.63ms
step:2396/3125 train_time:389.654s step_avg:162.63ms
step:2397/3125 train_time:389.816s step_avg:162.63ms
step:2398/3125 train_time:389.979s step_avg:162.63ms
step:2399/3125 train_time:390.141s step_avg:162.63ms
step:2400/3125 train_time:390.303s step_avg:162.63ms
step:2401/3125 train_time:390.469s step_avg:162.63ms
step:2402/3125 train_time:390.633s step_avg:162.63ms
step:2403/3125 train_time:390.795s step_avg:162.63ms
step:2404/3125 train_time:390.958s step_avg:162.63ms
step:2405/3125 train_time:391.120s step_avg:162.63ms
step:2406/3125 train_time:391.282s step_avg:162.63ms
step:2407/3125 train_time:391.445s step_avg:162.63ms
step:2408/3125 train_time:391.609s step_avg:162.63ms
step:2409/3125 train_time:391.777s step_avg:162.63ms
step:2410/3125 train_time:391.940s step_avg:162.63ms
step:2411/3125 train_time:392.102s step_avg:162.63ms
step:2412/3125 train_time:392.264s step_avg:162.63ms
step:2413/3125 train_time:392.428s step_avg:162.63ms
step:2414/3125 train_time:392.591s step_avg:162.63ms
step:2415/3125 train_time:392.755s step_avg:162.63ms
step:2416/3125 train_time:392.918s step_avg:162.63ms
step:2417/3125 train_time:393.080s step_avg:162.63ms
step:2418/3125 train_time:393.242s step_avg:162.63ms
step:2419/3125 train_time:393.405s step_avg:162.63ms
step:2420/3125 train_time:393.569s step_avg:162.63ms
step:2421/3125 train_time:393.734s step_avg:162.63ms
step:2422/3125 train_time:393.898s step_avg:162.63ms
step:2423/3125 train_time:394.062s step_avg:162.63ms
step:2424/3125 train_time:394.225s step_avg:162.63ms
step:2425/3125 train_time:394.388s step_avg:162.63ms
step:2426/3125 train_time:394.551s step_avg:162.63ms
step:2427/3125 train_time:394.715s step_avg:162.63ms
step:2428/3125 train_time:394.880s step_avg:162.64ms
step:2429/3125 train_time:395.042s step_avg:162.64ms
step:2430/3125 train_time:395.205s step_avg:162.64ms
step:2431/3125 train_time:395.369s step_avg:162.64ms
step:2432/3125 train_time:395.533s step_avg:162.64ms
step:2433/3125 train_time:395.696s step_avg:162.64ms
step:2434/3125 train_time:395.858s step_avg:162.64ms
step:2435/3125 train_time:396.021s step_avg:162.64ms
step:2436/3125 train_time:396.183s step_avg:162.64ms
step:2437/3125 train_time:396.346s step_avg:162.64ms
step:2438/3125 train_time:396.509s step_avg:162.64ms
step:2439/3125 train_time:396.674s step_avg:162.64ms
step:2440/3125 train_time:396.836s step_avg:162.64ms
step:2441/3125 train_time:396.999s step_avg:162.64ms
step:2442/3125 train_time:397.162s step_avg:162.64ms
step:2443/3125 train_time:397.324s step_avg:162.64ms
step:2444/3125 train_time:397.488s step_avg:162.64ms
step:2445/3125 train_time:397.652s step_avg:162.64ms
step:2446/3125 train_time:397.814s step_avg:162.64ms
step:2447/3125 train_time:397.976s step_avg:162.64ms
step:2448/3125 train_time:398.141s step_avg:162.64ms
step:2449/3125 train_time:398.304s step_avg:162.64ms
step:2450/3125 train_time:398.467s step_avg:162.64ms
step:2451/3125 train_time:398.631s step_avg:162.64ms
step:2452/3125 train_time:398.795s step_avg:162.64ms
step:2453/3125 train_time:398.958s step_avg:162.64ms
step:2454/3125 train_time:399.121s step_avg:162.64ms
step:2455/3125 train_time:399.283s step_avg:162.64ms
step:2456/3125 train_time:399.448s step_avg:162.64ms
step:2457/3125 train_time:399.613s step_avg:162.64ms
step:2458/3125 train_time:399.777s step_avg:162.64ms
step:2459/3125 train_time:399.940s step_avg:162.64ms
step:2460/3125 train_time:400.102s step_avg:162.64ms
step:2461/3125 train_time:400.266s step_avg:162.64ms
step:2462/3125 train_time:400.430s step_avg:162.64ms
step:2463/3125 train_time:400.593s step_avg:162.64ms
step:2464/3125 train_time:400.759s step_avg:162.65ms
step:2465/3125 train_time:400.922s step_avg:162.65ms
step:2466/3125 train_time:401.083s step_avg:162.65ms
step:2467/3125 train_time:401.246s step_avg:162.65ms
step:2468/3125 train_time:401.408s step_avg:162.65ms
step:2469/3125 train_time:401.574s step_avg:162.65ms
step:2470/3125 train_time:401.737s step_avg:162.65ms
step:2471/3125 train_time:401.958s step_avg:162.67ms
step:2472/3125 train_time:402.121s step_avg:162.67ms
step:2473/3125 train_time:402.285s step_avg:162.67ms
step:2474/3125 train_time:402.450s step_avg:162.67ms
step:2475/3125 train_time:402.613s step_avg:162.67ms
step:2476/3125 train_time:402.777s step_avg:162.67ms
step:2477/3125 train_time:402.939s step_avg:162.67ms
step:2478/3125 train_time:403.102s step_avg:162.67ms
step:2479/3125 train_time:403.265s step_avg:162.67ms
step:2480/3125 train_time:403.427s step_avg:162.67ms
step:2481/3125 train_time:403.591s step_avg:162.67ms
step:2482/3125 train_time:403.755s step_avg:162.67ms
step:2483/3125 train_time:403.917s step_avg:162.67ms
step:2484/3125 train_time:404.081s step_avg:162.67ms
step:2485/3125 train_time:404.244s step_avg:162.67ms
step:2486/3125 train_time:404.408s step_avg:162.67ms
step:2487/3125 train_time:404.573s step_avg:162.68ms
step:2488/3125 train_time:404.736s step_avg:162.68ms
step:2489/3125 train_time:404.900s step_avg:162.68ms
step:2490/3125 train_time:405.062s step_avg:162.68ms
step:2491/3125 train_time:405.224s step_avg:162.68ms
step:2492/3125 train_time:405.388s step_avg:162.68ms
step:2493/3125 train_time:405.553s step_avg:162.68ms
step:2494/3125 train_time:405.717s step_avg:162.68ms
step:2495/3125 train_time:405.880s step_avg:162.68ms
step:2496/3125 train_time:406.042s step_avg:162.68ms
step:2497/3125 train_time:406.207s step_avg:162.68ms
step:2498/3125 train_time:406.370s step_avg:162.68ms
step:2499/3125 train_time:406.534s step_avg:162.68ms
step:2500/3125 train_time:406.697s step_avg:162.68ms
step:2500/3125 val_loss:3.34378 train_time:406.697s step_avg:163.79ms
step:2501/3125 train_time:406.863s step_avg:162.68ms
step:2502/3125 train_time:407.025s step_avg:162.68ms
step:2503/3125 train_time:407.189s step_avg:162.68ms
step:2504/3125 train_time:407.353s step_avg:162.68ms
step:2505/3125 train_time:407.515s step_avg:162.68ms
step:2506/3125 train_time:407.678s step_avg:162.68ms
step:2507/3125 train_time:407.840s step_avg:162.68ms
step:2508/3125 train_time:408.003s step_avg:162.68ms
step:2509/3125 train_time:408.167s step_avg:162.68ms
step:2510/3125 train_time:408.330s step_avg:162.68ms
step:2511/3125 train_time:408.493s step_avg:162.68ms
step:2512/3125 train_time:408.656s step_avg:162.68ms
step:2513/3125 train_time:408.819s step_avg:162.68ms
step:2514/3125 train_time:408.983s step_avg:162.68ms
step:2515/3125 train_time:409.146s step_avg:162.68ms
step:2516/3125 train_time:409.308s step_avg:162.68ms
step:2517/3125 train_time:409.473s step_avg:162.68ms
step:2518/3125 train_time:409.636s step_avg:162.68ms
step:2519/3125 train_time:409.799s step_avg:162.68ms
step:2520/3125 train_time:409.962s step_avg:162.68ms
step:2521/3125 train_time:410.124s step_avg:162.68ms
step:2522/3125 train_time:410.290s step_avg:162.68ms
step:2523/3125 train_time:410.453s step_avg:162.68ms
step:2524/3125 train_time:410.616s step_avg:162.68ms
step:2525/3125 train_time:410.781s step_avg:162.69ms
step:2526/3125 train_time:410.944s step_avg:162.69ms
step:2527/3125 train_time:411.107s step_avg:162.69ms
step:2528/3125 train_time:411.270s step_avg:162.69ms
step:2529/3125 train_time:411.433s step_avg:162.69ms
step:2530/3125 train_time:411.597s step_avg:162.69ms
step:2531/3125 train_time:411.760s step_avg:162.69ms
step:2532/3125 train_time:411.922s step_avg:162.69ms
step:2533/3125 train_time:412.084s step_avg:162.69ms
step:2534/3125 train_time:412.248s step_avg:162.69ms
step:2535/3125 train_time:412.412s step_avg:162.69ms
step:2536/3125 train_time:412.577s step_avg:162.69ms
step:2537/3125 train_time:412.739s step_avg:162.69ms
step:2538/3125 train_time:412.902s step_avg:162.69ms
step:2539/3125 train_time:413.064s step_avg:162.69ms
step:2540/3125 train_time:413.226s step_avg:162.69ms
step:2541/3125 train_time:413.389s step_avg:162.69ms
step:2542/3125 train_time:413.552s step_avg:162.69ms
step:2543/3125 train_time:413.716s step_avg:162.69ms
step:2544/3125 train_time:413.881s step_avg:162.69ms
step:2545/3125 train_time:414.044s step_avg:162.69ms
step:2546/3125 train_time:414.207s step_avg:162.69ms
step:2547/3125 train_time:414.368s step_avg:162.69ms
step:2548/3125 train_time:414.533s step_avg:162.69ms
step:2549/3125 train_time:414.698s step_avg:162.69ms
step:2550/3125 train_time:414.861s step_avg:162.69ms
step:2551/3125 train_time:415.023s step_avg:162.69ms
step:2552/3125 train_time:415.185s step_avg:162.69ms
step:2553/3125 train_time:415.348s step_avg:162.69ms
step:2554/3125 train_time:415.511s step_avg:162.69ms
step:2555/3125 train_time:415.674s step_avg:162.69ms
step:2556/3125 train_time:415.839s step_avg:162.69ms
step:2557/3125 train_time:416.001s step_avg:162.69ms
step:2558/3125 train_time:416.164s step_avg:162.69ms
step:2559/3125 train_time:416.326s step_avg:162.69ms
step:2560/3125 train_time:416.488s step_avg:162.69ms
step:2561/3125 train_time:416.652s step_avg:162.69ms
step:2562/3125 train_time:416.816s step_avg:162.69ms
step:2563/3125 train_time:416.980s step_avg:162.69ms
step:2564/3125 train_time:417.141s step_avg:162.69ms
step:2565/3125 train_time:417.304s step_avg:162.69ms
step:2566/3125 train_time:417.467s step_avg:162.69ms
step:2567/3125 train_time:417.630s step_avg:162.69ms
step:2568/3125 train_time:417.793s step_avg:162.69ms
step:2569/3125 train_time:417.956s step_avg:162.69ms
step:2570/3125 train_time:418.119s step_avg:162.69ms
step:2571/3125 train_time:418.282s step_avg:162.69ms
step:2572/3125 train_time:418.445s step_avg:162.69ms
step:2573/3125 train_time:418.608s step_avg:162.69ms
step:2574/3125 train_time:418.772s step_avg:162.69ms
step:2575/3125 train_time:418.937s step_avg:162.69ms
step:2576/3125 train_time:419.101s step_avg:162.69ms
step:2577/3125 train_time:419.264s step_avg:162.69ms
step:2578/3125 train_time:419.426s step_avg:162.69ms
step:2579/3125 train_time:419.590s step_avg:162.69ms
step:2580/3125 train_time:419.755s step_avg:162.70ms
step:2581/3125 train_time:419.918s step_avg:162.70ms
step:2582/3125 train_time:420.083s step_avg:162.70ms
step:2583/3125 train_time:420.246s step_avg:162.70ms
step:2584/3125 train_time:420.409s step_avg:162.70ms
step:2585/3125 train_time:420.575s step_avg:162.70ms
step:2586/3125 train_time:420.739s step_avg:162.70ms
step:2587/3125 train_time:420.903s step_avg:162.70ms
step:2588/3125 train_time:421.065s step_avg:162.70ms
step:2589/3125 train_time:421.227s step_avg:162.70ms
step:2590/3125 train_time:421.389s step_avg:162.70ms
step:2591/3125 train_time:421.552s step_avg:162.70ms
step:2592/3125 train_time:421.716s step_avg:162.70ms
step:2593/3125 train_time:421.880s step_avg:162.70ms
step:2594/3125 train_time:422.041s step_avg:162.70ms
step:2595/3125 train_time:422.205s step_avg:162.70ms
step:2596/3125 train_time:422.368s step_avg:162.70ms
step:2597/3125 train_time:422.531s step_avg:162.70ms
step:2598/3125 train_time:422.695s step_avg:162.70ms
step:2599/3125 train_time:422.858s step_avg:162.70ms
step:2600/3125 train_time:423.021s step_avg:162.70ms
step:2601/3125 train_time:423.184s step_avg:162.70ms
step:2602/3125 train_time:423.347s step_avg:162.70ms
step:2603/3125 train_time:423.510s step_avg:162.70ms
step:2604/3125 train_time:423.674s step_avg:162.70ms
step:2605/3125 train_time:423.838s step_avg:162.70ms
step:2606/3125 train_time:424.002s step_avg:162.70ms
step:2607/3125 train_time:424.165s step_avg:162.70ms
step:2608/3125 train_time:424.328s step_avg:162.70ms
step:2609/3125 train_time:424.493s step_avg:162.70ms
step:2610/3125 train_time:424.656s step_avg:162.70ms
step:2611/3125 train_time:424.819s step_avg:162.70ms
step:2612/3125 train_time:424.983s step_avg:162.70ms
step:2613/3125 train_time:425.146s step_avg:162.70ms
step:2614/3125 train_time:425.309s step_avg:162.70ms
step:2615/3125 train_time:425.473s step_avg:162.70ms
step:2616/3125 train_time:425.637s step_avg:162.71ms
step:2617/3125 train_time:425.801s step_avg:162.71ms
step:2618/3125 train_time:425.964s step_avg:162.71ms
step:2619/3125 train_time:426.127s step_avg:162.71ms
step:2620/3125 train_time:426.291s step_avg:162.71ms
step:2621/3125 train_time:426.456s step_avg:162.71ms
step:2622/3125 train_time:426.619s step_avg:162.71ms
step:2623/3125 train_time:426.781s step_avg:162.71ms
step:2624/3125 train_time:426.943s step_avg:162.71ms
step:2625/3125 train_time:427.105s step_avg:162.71ms
step:2625/3125 val_loss:3.32597 train_time:427.105s step_avg:163.27ms
step:2626/3125 train_time:427.269s step_avg:162.71ms
step:2627/3125 train_time:427.431s step_avg:162.71ms
step:2628/3125 train_time:427.596s step_avg:162.71ms
step:2629/3125 train_time:427.760s step_avg:162.71ms
step:2630/3125 train_time:427.923s step_avg:162.71ms
step:2631/3125 train_time:428.089s step_avg:162.71ms
step:2632/3125 train_time:428.251s step_avg:162.71ms
step:2633/3125 train_time:428.415s step_avg:162.71ms
step:2634/3125 train_time:428.579s step_avg:162.71ms
step:2635/3125 train_time:428.741s step_avg:162.71ms
step:2636/3125 train_time:428.905s step_avg:162.71ms
step:2637/3125 train_time:429.066s step_avg:162.71ms
step:2638/3125 train_time:429.229s step_avg:162.71ms
step:2639/3125 train_time:429.392s step_avg:162.71ms
step:2640/3125 train_time:429.555s step_avg:162.71ms
step:2641/3125 train_time:429.718s step_avg:162.71ms
step:2642/3125 train_time:429.883s step_avg:162.71ms
step:2643/3125 train_time:430.047s step_avg:162.71ms
step:2644/3125 train_time:430.211s step_avg:162.71ms
step:2645/3125 train_time:430.373s step_avg:162.71ms
step:2646/3125 train_time:430.535s step_avg:162.71ms
step:2647/3125 train_time:430.698s step_avg:162.71ms
step:2648/3125 train_time:430.862s step_avg:162.71ms
step:2649/3125 train_time:431.026s step_avg:162.71ms
step:2650/3125 train_time:431.189s step_avg:162.71ms
step:2651/3125 train_time:431.351s step_avg:162.71ms
step:2652/3125 train_time:431.513s step_avg:162.71ms
step:2653/3125 train_time:431.676s step_avg:162.71ms
step:2654/3125 train_time:431.839s step_avg:162.71ms
step:2655/3125 train_time:432.004s step_avg:162.71ms
step:2656/3125 train_time:432.167s step_avg:162.71ms
step:2657/3125 train_time:432.332s step_avg:162.71ms
step:2658/3125 train_time:432.496s step_avg:162.71ms
step:2659/3125 train_time:432.659s step_avg:162.71ms
step:2660/3125 train_time:432.823s step_avg:162.72ms
step:2661/3125 train_time:433.041s step_avg:162.74ms
step:2662/3125 train_time:433.205s step_avg:162.74ms
step:2663/3125 train_time:433.367s step_avg:162.74ms
step:2664/3125 train_time:433.530s step_avg:162.74ms
step:2665/3125 train_time:433.693s step_avg:162.74ms
step:2666/3125 train_time:433.857s step_avg:162.74ms
step:2667/3125 train_time:434.021s step_avg:162.74ms
step:2668/3125 train_time:434.185s step_avg:162.74ms
step:2669/3125 train_time:434.348s step_avg:162.74ms
step:2670/3125 train_time:434.511s step_avg:162.74ms
step:2671/3125 train_time:434.673s step_avg:162.74ms
step:2672/3125 train_time:434.836s step_avg:162.74ms
step:2673/3125 train_time:435.001s step_avg:162.74ms
step:2674/3125 train_time:435.164s step_avg:162.74ms
step:2675/3125 train_time:435.327s step_avg:162.74ms
step:2676/3125 train_time:435.490s step_avg:162.74ms
step:2677/3125 train_time:435.652s step_avg:162.74ms
step:2678/3125 train_time:435.816s step_avg:162.74ms
step:2679/3125 train_time:435.979s step_avg:162.74ms
step:2680/3125 train_time:436.143s step_avg:162.74ms
step:2681/3125 train_time:436.308s step_avg:162.74ms
step:2682/3125 train_time:436.470s step_avg:162.74ms
step:2683/3125 train_time:436.633s step_avg:162.74ms
step:2684/3125 train_time:436.797s step_avg:162.74ms
step:2685/3125 train_time:436.965s step_avg:162.74ms
step:2686/3125 train_time:437.128s step_avg:162.74ms
step:2687/3125 train_time:437.291s step_avg:162.74ms
step:2688/3125 train_time:437.456s step_avg:162.74ms
step:2689/3125 train_time:437.621s step_avg:162.74ms
step:2690/3125 train_time:437.788s step_avg:162.75ms
step:2691/3125 train_time:437.950s step_avg:162.75ms
step:2692/3125 train_time:438.114s step_avg:162.75ms
step:2693/3125 train_time:438.277s step_avg:162.75ms
step:2694/3125 train_time:438.439s step_avg:162.75ms
step:2695/3125 train_time:438.604s step_avg:162.75ms
step:2696/3125 train_time:438.767s step_avg:162.75ms
step:2697/3125 train_time:438.930s step_avg:162.75ms
step:2698/3125 train_time:439.093s step_avg:162.75ms
step:2699/3125 train_time:439.256s step_avg:162.75ms
step:2700/3125 train_time:439.420s step_avg:162.75ms
step:2701/3125 train_time:439.587s step_avg:162.75ms
step:2702/3125 train_time:439.749s step_avg:162.75ms
step:2703/3125 train_time:439.913s step_avg:162.75ms
step:2704/3125 train_time:440.077s step_avg:162.75ms
step:2705/3125 train_time:440.240s step_avg:162.75ms
step:2706/3125 train_time:440.404s step_avg:162.75ms
step:2707/3125 train_time:440.566s step_avg:162.75ms
step:2708/3125 train_time:440.728s step_avg:162.75ms
step:2709/3125 train_time:440.891s step_avg:162.75ms
step:2710/3125 train_time:441.055s step_avg:162.75ms
step:2711/3125 train_time:441.222s step_avg:162.75ms
step:2712/3125 train_time:441.385s step_avg:162.75ms
step:2713/3125 train_time:441.549s step_avg:162.75ms
step:2714/3125 train_time:441.713s step_avg:162.75ms
step:2715/3125 train_time:441.876s step_avg:162.75ms
step:2716/3125 train_time:442.040s step_avg:162.75ms
step:2717/3125 train_time:442.205s step_avg:162.75ms
step:2718/3125 train_time:442.367s step_avg:162.75ms
step:2719/3125 train_time:442.530s step_avg:162.75ms
step:2720/3125 train_time:442.693s step_avg:162.75ms
step:2721/3125 train_time:442.856s step_avg:162.76ms
step:2722/3125 train_time:443.022s step_avg:162.76ms
step:2723/3125 train_time:443.185s step_avg:162.76ms
step:2724/3125 train_time:443.350s step_avg:162.76ms
step:2725/3125 train_time:443.512s step_avg:162.76ms
step:2726/3125 train_time:443.675s step_avg:162.76ms
step:2727/3125 train_time:443.838s step_avg:162.76ms
step:2728/3125 train_time:444.002s step_avg:162.76ms
step:2729/3125 train_time:444.165s step_avg:162.76ms
step:2730/3125 train_time:444.327s step_avg:162.76ms
step:2731/3125 train_time:444.490s step_avg:162.76ms
step:2732/3125 train_time:444.652s step_avg:162.76ms
step:2733/3125 train_time:444.816s step_avg:162.76ms
step:2734/3125 train_time:444.979s step_avg:162.76ms
step:2735/3125 train_time:445.144s step_avg:162.76ms
step:2736/3125 train_time:445.307s step_avg:162.76ms
step:2737/3125 train_time:445.471s step_avg:162.76ms
step:2738/3125 train_time:445.632s step_avg:162.76ms
step:2739/3125 train_time:445.795s step_avg:162.76ms
step:2740/3125 train_time:445.958s step_avg:162.76ms
step:2741/3125 train_time:446.123s step_avg:162.76ms
step:2742/3125 train_time:446.286s step_avg:162.76ms
step:2743/3125 train_time:446.448s step_avg:162.76ms
step:2744/3125 train_time:446.610s step_avg:162.76ms
step:2745/3125 train_time:446.774s step_avg:162.76ms
step:2746/3125 train_time:446.936s step_avg:162.76ms
step:2747/3125 train_time:447.100s step_avg:162.76ms
step:2748/3125 train_time:447.262s step_avg:162.76ms
step:2749/3125 train_time:447.425s step_avg:162.76ms
step:2750/3125 train_time:447.593s step_avg:162.76ms
step:2750/3125 val_loss:3.30951 train_time:447.593s step_avg:163.90ms
step:2751/3125 train_time:447.759s step_avg:162.76ms
step:2752/3125 train_time:447.923s step_avg:162.76ms
step:2753/3125 train_time:448.087s step_avg:162.76ms
step:2754/3125 train_time:448.251s step_avg:162.76ms
step:2755/3125 train_time:448.414s step_avg:162.76ms
step:2756/3125 train_time:448.578s step_avg:162.76ms
step:2757/3125 train_time:448.743s step_avg:162.77ms
step:2758/3125 train_time:448.908s step_avg:162.77ms
step:2759/3125 train_time:449.071s step_avg:162.77ms
step:2760/3125 train_time:449.235s step_avg:162.77ms
step:2761/3125 train_time:449.397s step_avg:162.77ms
step:2762/3125 train_time:449.559s step_avg:162.77ms
step:2763/3125 train_time:449.723s step_avg:162.77ms
step:2764/3125 train_time:449.885s step_avg:162.77ms
step:2765/3125 train_time:450.049s step_avg:162.77ms
step:2766/3125 train_time:450.212s step_avg:162.77ms
step:2767/3125 train_time:450.374s step_avg:162.77ms
step:2768/3125 train_time:450.537s step_avg:162.77ms
step:2769/3125 train_time:450.700s step_avg:162.77ms
step:2770/3125 train_time:450.863s step_avg:162.77ms
step:2771/3125 train_time:451.028s step_avg:162.77ms
step:2772/3125 train_time:451.190s step_avg:162.77ms
step:2773/3125 train_time:451.352s step_avg:162.77ms
step:2774/3125 train_time:451.515s step_avg:162.77ms
step:2775/3125 train_time:451.677s step_avg:162.77ms
step:2776/3125 train_time:451.841s step_avg:162.77ms
step:2777/3125 train_time:452.004s step_avg:162.77ms
step:2778/3125 train_time:452.167s step_avg:162.77ms
step:2779/3125 train_time:452.330s step_avg:162.77ms
step:2780/3125 train_time:452.491s step_avg:162.77ms
step:2781/3125 train_time:452.654s step_avg:162.77ms
step:2782/3125 train_time:452.818s step_avg:162.77ms
step:2783/3125 train_time:452.980s step_avg:162.77ms
step:2784/3125 train_time:453.143s step_avg:162.77ms
step:2785/3125 train_time:453.308s step_avg:162.77ms
step:2786/3125 train_time:453.471s step_avg:162.77ms
step:2787/3125 train_time:453.633s step_avg:162.77ms
step:2788/3125 train_time:453.795s step_avg:162.77ms
step:2789/3125 train_time:453.958s step_avg:162.77ms
step:2790/3125 train_time:454.121s step_avg:162.77ms
step:2791/3125 train_time:454.286s step_avg:162.77ms
step:2792/3125 train_time:454.448s step_avg:162.77ms
step:2793/3125 train_time:454.610s step_avg:162.77ms
step:2794/3125 train_time:454.772s step_avg:162.77ms
step:2795/3125 train_time:454.935s step_avg:162.77ms
step:2796/3125 train_time:455.098s step_avg:162.77ms
step:2797/3125 train_time:455.261s step_avg:162.77ms
step:2798/3125 train_time:455.426s step_avg:162.77ms
step:2799/3125 train_time:455.589s step_avg:162.77ms
step:2800/3125 train_time:455.751s step_avg:162.77ms
step:2801/3125 train_time:455.913s step_avg:162.77ms
step:2802/3125 train_time:456.076s step_avg:162.77ms
step:2803/3125 train_time:456.239s step_avg:162.77ms
step:2804/3125 train_time:456.404s step_avg:162.77ms
step:2805/3125 train_time:456.566s step_avg:162.77ms
step:2806/3125 train_time:456.730s step_avg:162.77ms
step:2807/3125 train_time:456.893s step_avg:162.77ms
step:2808/3125 train_time:457.055s step_avg:162.77ms
step:2809/3125 train_time:457.219s step_avg:162.77ms
step:2810/3125 train_time:457.384s step_avg:162.77ms
step:2811/3125 train_time:457.547s step_avg:162.77ms
step:2812/3125 train_time:457.711s step_avg:162.77ms
step:2813/3125 train_time:457.873s step_avg:162.77ms
step:2814/3125 train_time:458.035s step_avg:162.77ms
step:2815/3125 train_time:458.197s step_avg:162.77ms
step:2816/3125 train_time:458.359s step_avg:162.77ms
step:2817/3125 train_time:458.524s step_avg:162.77ms
step:2818/3125 train_time:458.687s step_avg:162.77ms
step:2819/3125 train_time:458.850s step_avg:162.77ms
step:2820/3125 train_time:459.013s step_avg:162.77ms
step:2821/3125 train_time:459.176s step_avg:162.77ms
step:2822/3125 train_time:459.341s step_avg:162.77ms
step:2823/3125 train_time:459.504s step_avg:162.77ms
step:2824/3125 train_time:459.667s step_avg:162.77ms
step:2825/3125 train_time:459.831s step_avg:162.77ms
step:2826/3125 train_time:459.993s step_avg:162.77ms
step:2827/3125 train_time:460.155s step_avg:162.77ms
step:2828/3125 train_time:460.319s step_avg:162.77ms
step:2829/3125 train_time:460.482s step_avg:162.77ms
step:2830/3125 train_time:460.647s step_avg:162.77ms
step:2831/3125 train_time:460.811s step_avg:162.77ms
step:2832/3125 train_time:460.972s step_avg:162.77ms
step:2833/3125 train_time:461.136s step_avg:162.77ms
step:2834/3125 train_time:461.297s step_avg:162.77ms
step:2835/3125 train_time:461.460s step_avg:162.77ms
step:2836/3125 train_time:461.623s step_avg:162.77ms
step:2837/3125 train_time:461.787s step_avg:162.77ms
step:2838/3125 train_time:461.949s step_avg:162.77ms
step:2839/3125 train_time:462.112s step_avg:162.77ms
step:2840/3125 train_time:462.274s step_avg:162.77ms
step:2841/3125 train_time:462.438s step_avg:162.77ms
step:2842/3125 train_time:462.600s step_avg:162.77ms
step:2843/3125 train_time:462.764s step_avg:162.77ms
step:2844/3125 train_time:462.928s step_avg:162.77ms
step:2845/3125 train_time:463.090s step_avg:162.77ms
step:2846/3125 train_time:463.254s step_avg:162.77ms
step:2847/3125 train_time:463.417s step_avg:162.77ms
step:2848/3125 train_time:463.580s step_avg:162.77ms
step:2849/3125 train_time:463.745s step_avg:162.77ms
step:2850/3125 train_time:463.908s step_avg:162.77ms
step:2851/3125 train_time:464.129s step_avg:162.80ms
step:2852/3125 train_time:464.292s step_avg:162.80ms
step:2853/3125 train_time:464.455s step_avg:162.80ms
step:2854/3125 train_time:464.618s step_avg:162.80ms
step:2855/3125 train_time:464.782s step_avg:162.80ms
step:2856/3125 train_time:464.946s step_avg:162.80ms
step:2857/3125 train_time:465.109s step_avg:162.80ms
step:2858/3125 train_time:465.274s step_avg:162.80ms
step:2859/3125 train_time:465.436s step_avg:162.80ms
step:2860/3125 train_time:465.599s step_avg:162.80ms
step:2861/3125 train_time:465.763s step_avg:162.80ms
step:2862/3125 train_time:465.926s step_avg:162.80ms
step:2863/3125 train_time:466.088s step_avg:162.80ms
step:2864/3125 train_time:466.251s step_avg:162.80ms
step:2865/3125 train_time:466.415s step_avg:162.80ms
step:2866/3125 train_time:466.578s step_avg:162.80ms
step:2867/3125 train_time:466.742s step_avg:162.80ms
step:2868/3125 train_time:466.907s step_avg:162.80ms
step:2869/3125 train_time:467.071s step_avg:162.80ms
step:2870/3125 train_time:467.233s step_avg:162.80ms
step:2871/3125 train_time:467.397s step_avg:162.80ms
step:2872/3125 train_time:467.559s step_avg:162.80ms
step:2873/3125 train_time:467.725s step_avg:162.80ms
step:2874/3125 train_time:467.888s step_avg:162.80ms
step:2875/3125 train_time:468.052s step_avg:162.80ms
step:2875/3125 val_loss:3.29479 train_time:468.053s step_avg:163.68ms
step:2876/3125 train_time:468.220s step_avg:162.80ms
step:2877/3125 train_time:468.383s step_avg:162.80ms
step:2878/3125 train_time:468.547s step_avg:162.80ms
step:2879/3125 train_time:468.710s step_avg:162.80ms
step:2880/3125 train_time:468.872s step_avg:162.80ms
step:2881/3125 train_time:469.036s step_avg:162.80ms
step:2882/3125 train_time:469.199s step_avg:162.80ms
step:2883/3125 train_time:469.364s step_avg:162.80ms
step:2884/3125 train_time:469.528s step_avg:162.80ms
step:2885/3125 train_time:469.690s step_avg:162.80ms
step:2886/3125 train_time:469.853s step_avg:162.80ms
step:2887/3125 train_time:470.015s step_avg:162.80ms
step:2888/3125 train_time:470.178s step_avg:162.80ms
step:2889/3125 train_time:470.342s step_avg:162.80ms
step:2890/3125 train_time:470.506s step_avg:162.80ms
step:2891/3125 train_time:470.670s step_avg:162.81ms
step:2892/3125 train_time:470.833s step_avg:162.81ms
step:2893/3125 train_time:470.995s step_avg:162.81ms
step:2894/3125 train_time:471.160s step_avg:162.81ms
step:2895/3125 train_time:471.324s step_avg:162.81ms
step:2896/3125 train_time:471.487s step_avg:162.81ms
step:2897/3125 train_time:471.650s step_avg:162.81ms
step:2898/3125 train_time:471.811s step_avg:162.81ms
step:2899/3125 train_time:471.975s step_avg:162.81ms
step:2900/3125 train_time:472.137s step_avg:162.81ms
step:2901/3125 train_time:472.300s step_avg:162.81ms
step:2902/3125 train_time:472.464s step_avg:162.81ms
step:2903/3125 train_time:472.628s step_avg:162.81ms
step:2904/3125 train_time:472.790s step_avg:162.81ms
step:2905/3125 train_time:472.952s step_avg:162.81ms
step:2906/3125 train_time:473.115s step_avg:162.81ms
step:2907/3125 train_time:473.278s step_avg:162.81ms
step:2908/3125 train_time:473.442s step_avg:162.81ms
step:2909/3125 train_time:473.606s step_avg:162.81ms
step:2910/3125 train_time:473.770s step_avg:162.81ms
step:2911/3125 train_time:473.933s step_avg:162.81ms
step:2912/3125 train_time:474.097s step_avg:162.81ms
step:2913/3125 train_time:474.261s step_avg:162.81ms
step:2914/3125 train_time:474.424s step_avg:162.81ms
step:2915/3125 train_time:474.587s step_avg:162.81ms
step:2916/3125 train_time:474.751s step_avg:162.81ms
step:2917/3125 train_time:474.913s step_avg:162.81ms
step:2918/3125 train_time:475.074s step_avg:162.81ms
step:2919/3125 train_time:475.238s step_avg:162.81ms
step:2920/3125 train_time:475.402s step_avg:162.81ms
step:2921/3125 train_time:475.568s step_avg:162.81ms
step:2922/3125 train_time:475.731s step_avg:162.81ms
step:2923/3125 train_time:475.892s step_avg:162.81ms
step:2924/3125 train_time:476.055s step_avg:162.81ms
step:2925/3125 train_time:476.218s step_avg:162.81ms
step:2926/3125 train_time:476.381s step_avg:162.81ms
step:2927/3125 train_time:476.545s step_avg:162.81ms
step:2928/3125 train_time:476.707s step_avg:162.81ms
step:2929/3125 train_time:476.870s step_avg:162.81ms
step:2930/3125 train_time:477.033s step_avg:162.81ms
step:2931/3125 train_time:477.195s step_avg:162.81ms
step:2932/3125 train_time:477.359s step_avg:162.81ms
step:2933/3125 train_time:477.522s step_avg:162.81ms
step:2934/3125 train_time:477.686s step_avg:162.81ms
step:2935/3125 train_time:477.850s step_avg:162.81ms
step:2936/3125 train_time:478.012s step_avg:162.81ms
step:2937/3125 train_time:478.174s step_avg:162.81ms
step:2938/3125 train_time:478.337s step_avg:162.81ms
step:2939/3125 train_time:478.500s step_avg:162.81ms
step:2940/3125 train_time:478.665s step_avg:162.81ms
step:2941/3125 train_time:478.828s step_avg:162.81ms
step:2942/3125 train_time:478.991s step_avg:162.81ms
step:2943/3125 train_time:479.154s step_avg:162.81ms
step:2944/3125 train_time:479.316s step_avg:162.81ms
step:2945/3125 train_time:479.480s step_avg:162.81ms
step:2946/3125 train_time:479.646s step_avg:162.81ms
step:2947/3125 train_time:479.810s step_avg:162.81ms
step:2948/3125 train_time:479.974s step_avg:162.81ms
step:2949/3125 train_time:480.137s step_avg:162.81ms
step:2950/3125 train_time:480.300s step_avg:162.81ms
step:2951/3125 train_time:480.463s step_avg:162.81ms
step:2952/3125 train_time:480.627s step_avg:162.81ms
step:2953/3125 train_time:480.789s step_avg:162.81ms
step:2954/3125 train_time:480.952s step_avg:162.81ms
step:2955/3125 train_time:481.114s step_avg:162.81ms
step:2956/3125 train_time:481.277s step_avg:162.81ms
step:2957/3125 train_time:481.441s step_avg:162.81ms
step:2958/3125 train_time:481.606s step_avg:162.81ms
step:2959/3125 train_time:481.770s step_avg:162.82ms
step:2960/3125 train_time:481.933s step_avg:162.82ms
step:2961/3125 train_time:482.096s step_avg:162.82ms
step:2962/3125 train_time:482.259s step_avg:162.82ms
step:2963/3125 train_time:482.423s step_avg:162.82ms
step:2964/3125 train_time:482.586s step_avg:162.82ms
step:2965/3125 train_time:482.749s step_avg:162.82ms
step:2966/3125 train_time:482.913s step_avg:162.82ms
step:2967/3125 train_time:483.076s step_avg:162.82ms
step:2968/3125 train_time:483.241s step_avg:162.82ms
step:2969/3125 train_time:483.406s step_avg:162.82ms
step:2970/3125 train_time:483.569s step_avg:162.82ms
step:2971/3125 train_time:483.732s step_avg:162.82ms
step:2972/3125 train_time:483.895s step_avg:162.82ms
step:2973/3125 train_time:484.058s step_avg:162.82ms
step:2974/3125 train_time:484.221s step_avg:162.82ms
step:2975/3125 train_time:484.384s step_avg:162.82ms
step:2976/3125 train_time:484.548s step_avg:162.82ms
step:2977/3125 train_time:484.710s step_avg:162.82ms
step:2978/3125 train_time:484.873s step_avg:162.82ms
step:2979/3125 train_time:485.035s step_avg:162.82ms
step:2980/3125 train_time:485.200s step_avg:162.82ms
step:2981/3125 train_time:485.364s step_avg:162.82ms
step:2982/3125 train_time:485.529s step_avg:162.82ms
step:2983/3125 train_time:485.692s step_avg:162.82ms
step:2984/3125 train_time:485.856s step_avg:162.82ms
step:2985/3125 train_time:486.020s step_avg:162.82ms
step:2986/3125 train_time:486.184s step_avg:162.82ms
step:2987/3125 train_time:486.355s step_avg:162.82ms
step:2988/3125 train_time:486.517s step_avg:162.82ms
step:2989/3125 train_time:486.680s step_avg:162.82ms
step:2990/3125 train_time:486.845s step_avg:162.82ms
step:2991/3125 train_time:487.007s step_avg:162.82ms
step:2992/3125 train_time:487.170s step_avg:162.82ms
step:2993/3125 train_time:487.332s step_avg:162.82ms
step:2994/3125 train_time:487.494s step_avg:162.82ms
step:2995/3125 train_time:487.658s step_avg:162.82ms
step:2996/3125 train_time:487.822s step_avg:162.82ms
step:2997/3125 train_time:487.985s step_avg:162.82ms
step:2998/3125 train_time:488.150s step_avg:162.83ms
step:2999/3125 train_time:488.315s step_avg:162.83ms
step:3000/3125 train_time:488.480s step_avg:162.83ms
step:3000/3125 val_loss:3.28237 train_time:488.481s step_avg:163.43ms
step:3001/3125 train_time:488.647s step_avg:162.83ms
step:3002/3125 train_time:488.810s step_avg:162.83ms
step:3003/3125 train_time:488.974s step_avg:162.83ms
step:3004/3125 train_time:489.135s step_avg:162.83ms
step:3005/3125 train_time:489.296s step_avg:162.83ms
step:3005/3125 val_loss:3.28189 train_time:489.297s step_avg:163.20ms
step:3006/3125 train_time:489.465s step_avg:162.83ms
step:3007/3125 train_time:489.629s step_avg:162.83ms
step:3008/3125 train_time:489.794s step_avg:162.83ms
step:3009/3125 train_time:489.955s step_avg:162.83ms
step:3010/3125 train_time:490.118s step_avg:162.83ms
step:3010/3125 val_loss:3.28148 train_time:490.118s step_avg:164.24ms
step:3011/3125 train_time:490.283s step_avg:162.83ms
step:3012/3125 train_time:490.447s step_avg:162.83ms
step:3013/3125 train_time:490.611s step_avg:162.83ms
step:3014/3125 train_time:490.774s step_avg:162.83ms
step:3015/3125 train_time:490.936s step_avg:162.83ms
step:3015/3125 val_loss:3.28094 train_time:490.936s step_avg:163.67ms
step:3016/3125 train_time:491.101s step_avg:162.83ms
step:3017/3125 train_time:491.264s step_avg:162.83ms
step:3018/3125 train_time:491.427s step_avg:162.83ms
step:3019/3125 train_time:491.589s step_avg:162.83ms
step:3020/3125 train_time:491.752s step_avg:162.83ms
step:3020/3125 val_loss:3.28051 train_time:491.752s step_avg:163.20ms
step:3021/3125 train_time:491.916s step_avg:162.83ms
step:3022/3125 train_time:492.079s step_avg:162.83ms
step:3023/3125 train_time:492.243s step_avg:162.83ms
step:3024/3125 train_time:492.405s step_avg:162.83ms
step:3025/3125 train_time:492.568s step_avg:162.83ms
step:3025/3125 val_loss:3.28005 train_time:492.568s step_avg:163.15ms
step:3026/3125 train_time:492.733s step_avg:162.83ms
step:3027/3125 train_time:492.895s step_avg:162.83ms
step:3028/3125 train_time:493.057s step_avg:162.83ms
step:3029/3125 train_time:493.220s step_avg:162.83ms
step:3030/3125 train_time:493.385s step_avg:162.83ms
step:3030/3125 val_loss:3.27967 train_time:493.385s step_avg:163.45ms
step:3031/3125 train_time:493.550s step_avg:162.83ms
step:3032/3125 train_time:493.713s step_avg:162.83ms
step:3033/3125 train_time:493.875s step_avg:162.83ms
step:3034/3125 train_time:494.038s step_avg:162.83ms
step:3035/3125 train_time:494.201s step_avg:162.83ms
step:3035/3125 val_loss:3.27928 train_time:494.201s step_avg:163.14ms
step:3036/3125 train_time:494.368s step_avg:162.84ms
step:3037/3125 train_time:494.533s step_avg:162.84ms
step:3038/3125 train_time:494.695s step_avg:162.84ms
step:3039/3125 train_time:494.857s step_avg:162.84ms
step:3040/3125 train_time:495.020s step_avg:162.84ms
step:3040/3125 val_loss:3.27891 train_time:495.020s step_avg:163.88ms
step:3041/3125 train_time:495.242s step_avg:162.85ms
step:3042/3125 train_time:495.405s step_avg:162.86ms
step:3043/3125 train_time:495.567s step_avg:162.85ms
step:3044/3125 train_time:495.731s step_avg:162.86ms
step:3045/3125 train_time:495.894s step_avg:162.86ms
step:3045/3125 val_loss:3.27865 train_time:495.894s step_avg:174.70ms
step:3046/3125 train_time:496.062s step_avg:162.86ms
step:3047/3125 train_time:496.225s step_avg:162.86ms
step:3048/3125 train_time:496.388s step_avg:162.86ms
step:3049/3125 train_time:496.550s step_avg:162.86ms
step:3050/3125 train_time:496.713s step_avg:162.86ms
step:3050/3125 val_loss:3.27833 train_time:496.714s step_avg:163.92ms
step:3051/3125 train_time:496.883s step_avg:162.86ms
step:3052/3125 train_time:497.048s step_avg:162.86ms
step:3053/3125 train_time:497.212s step_avg:162.86ms
step:3054/3125 train_time:497.374s step_avg:162.86ms
step:3055/3125 train_time:497.536s step_avg:162.86ms
step:3055/3125 val_loss:3.27813 train_time:497.537s step_avg:164.65ms
step:3056/3125 train_time:497.704s step_avg:162.86ms
step:3057/3125 train_time:497.867s step_avg:162.86ms
step:3058/3125 train_time:498.033s step_avg:162.86ms
step:3059/3125 train_time:498.194s step_avg:162.86ms
step:3060/3125 train_time:498.357s step_avg:162.86ms
step:3060/3125 val_loss:3.27780 train_time:498.357s step_avg:164.06ms
step:3061/3125 train_time:498.523s step_avg:162.86ms
step:3062/3125 train_time:498.687s step_avg:162.86ms
step:3063/3125 train_time:498.851s step_avg:162.86ms
step:3064/3125 train_time:499.014s step_avg:162.86ms
step:3065/3125 train_time:499.177s step_avg:162.86ms
step:3065/3125 val_loss:3.27744 train_time:499.179s step_avg:164.33ms
step:3066/3125 train_time:499.346s step_avg:162.87ms
step:3067/3125 train_time:499.509s step_avg:162.87ms
step:3068/3125 train_time:499.674s step_avg:162.87ms
step:3069/3125 train_time:499.837s step_avg:162.87ms
step:3070/3125 train_time:500.000s step_avg:162.87ms
step:3070/3125 val_loss:3.27721 train_time:500.001s step_avg:164.39ms
step:3071/3125 train_time:500.169s step_avg:162.87ms
step:3072/3125 train_time:500.333s step_avg:162.87ms
step:3073/3125 train_time:500.495s step_avg:162.87ms
step:3074/3125 train_time:500.657s step_avg:162.87ms
step:3075/3125 train_time:500.821s step_avg:162.87ms
step:3075/3125 val_loss:3.27694 train_time:500.822s step_avg:164.19ms
step:3076/3125 train_time:500.989s step_avg:162.87ms
step:3077/3125 train_time:501.152s step_avg:162.87ms
step:3078/3125 train_time:501.315s step_avg:162.87ms
step:3079/3125 train_time:501.477s step_avg:162.87ms
step:3080/3125 train_time:501.640s step_avg:162.87ms
step:3080/3125 val_loss:3.27669 train_time:501.641s step_avg:163.87ms
step:3081/3125 train_time:501.808s step_avg:162.87ms
step:3082/3125 train_time:501.970s step_avg:162.87ms
step:3083/3125 train_time:502.133s step_avg:162.87ms
step:3084/3125 train_time:502.297s step_avg:162.87ms
step:3085/3125 train_time:502.461s step_avg:162.87ms
step:3085/3125 val_loss:3.27646 train_time:502.461s step_avg:164.07ms
step:3086/3125 train_time:502.627s step_avg:162.87ms
step:3087/3125 train_time:502.793s step_avg:162.87ms
step:3088/3125 train_time:502.956s step_avg:162.87ms
step:3089/3125 train_time:503.120s step_avg:162.87ms
step:3090/3125 train_time:503.284s step_avg:162.88ms
step:3090/3125 val_loss:3.27622 train_time:503.284s step_avg:164.54ms
step:3091/3125 train_time:503.451s step_avg:162.88ms
step:3092/3125 train_time:503.616s step_avg:162.88ms
step:3093/3125 train_time:503.779s step_avg:162.88ms
step:3094/3125 train_time:503.944s step_avg:162.88ms
step:3095/3125 train_time:504.108s step_avg:162.88ms
step:3095/3125 val_loss:3.27606 train_time:504.108s step_avg:164.78ms
step:3096/3125 train_time:504.274s step_avg:162.88ms
step:3097/3125 train_time:504.436s step_avg:162.88ms
step:3098/3125 train_time:504.598s step_avg:162.88ms
step:3099/3125 train_time:504.760s step_avg:162.88ms
step:3100/3125 train_time:504.924s step_avg:162.88ms
step:3100/3125 val_loss:3.27587 train_time:504.925s step_avg:163.42ms
step:3101/3125 train_time:505.093s step_avg:162.88ms
step:3102/3125 train_time:505.255s step_avg:162.88ms
step:3103/3125 train_time:505.419s step_avg:162.88ms
step:3104/3125 train_time:505.581s step_avg:162.88ms
step:3105/3125 train_time:505.745s step_avg:162.88ms
step:3105/3125 val_loss:3.27570 train_time:505.746s step_avg:164.11ms
step:3106/3125 train_time:505.912s step_avg:162.88ms
step:3107/3125 train_time:506.077s step_avg:162.88ms
step:3108/3125 train_time:506.240s step_avg:162.88ms
step:3109/3125 train_time:506.402s step_avg:162.88ms
step:3110/3125 train_time:506.564s step_avg:162.88ms
step:3110/3125 val_loss:3.27556 train_time:506.565s step_avg:163.77ms
step:3111/3125 train_time:506.732s step_avg:162.88ms
step:3112/3125 train_time:506.897s step_avg:162.88ms
step:3113/3125 train_time:507.061s step_avg:162.89ms
step:3114/3125 train_time:507.222s step_avg:162.88ms
step:3115/3125 train_time:507.385s step_avg:162.88ms
step:3115/3125 val_loss:3.27546 train_time:507.385s step_avg:164.18ms
step:3116/3125 train_time:507.552s step_avg:162.89ms
step:3117/3125 train_time:507.716s step_avg:162.89ms
step:3118/3125 train_time:507.879s step_avg:162.89ms
step:3119/3125 train_time:508.041s step_avg:162.89ms
step:3120/3125 train_time:508.202s step_avg:162.89ms
step:3120/3125 val_loss:3.27540 train_time:508.203s step_avg:163.48ms
step:3121/3125 train_time:508.367s step_avg:162.89ms
step:3122/3125 train_time:508.530s step_avg:162.89ms
step:3123/3125 train_time:508.693s step_avg:162.89ms
step:3124/3125 train_time:508.855s step_avg:162.89ms
step:3125/3125 train_time:509.020s step_avg:162.89ms
step:3125/3125 val_loss:3.27538 train_time:509.020s step_avg:163.38ms
EXIT=0
