W0822 07:05:33.228000 224858 torch/distributed/run.py:774] 
W0822 07:05:33.228000 224858 torch/distributed/run.py:774] *****************************************
W0822 07:05:33.228000 224858 torch/distributed/run.py:774] Setting OMP_NUM_THREADS environment variable for each process to be 1 in default, to avoid your system being overloaded, please further tune the variable for optimal performance in your application as needed. 
W0822 07:05:33.228000 224858 torch/distributed/run.py:774] *****************************************
logs/fab3f418-fa7b-486f-80e9-481d3c30d41c.txt
step:0/3250 val_loss:10.82584 train_time:0.000s step_avg:nanms
step:1/3250 train_time:9.066s step_avg:9066.33ms
step:2/3250 train_time:9.408s step_avg:4704.12ms
step:3/3250 train_time:9.706s step_avg:3235.38ms
step:4/3250 train_time:9.997s step_avg:2499.30ms
step:5/3250 train_time:10.294s step_avg:2058.75ms
step:6/3250 train_time:10.594s step_avg:1765.71ms
step:7/3250 train_time:10.889s step_avg:1555.63ms
step:8/3250 train_time:11.188s step_avg:1398.51ms
step:9/3250 train_time:11.490s step_avg:1276.67ms
step:10/3250 train_time:11.790s step_avg:1179.01ms
step:11/3250 train_time:12.090s step_avg:1099.06ms
step:12/3250 train_time:12.390s step_avg:1032.52ms
step:13/3250 train_time:12.691s step_avg:976.22ms
step:14/3250 train_time:12.990s step_avg:927.86ms
step:15/3250 train_time:13.290s step_avg:885.98ms
step:16/3250 train_time:13.591s step_avg:849.42ms
step:17/3250 train_time:13.891s step_avg:817.14ms
step:18/3250 train_time:14.190s step_avg:788.34ms
step:19/3250 train_time:14.490s step_avg:762.65ms
step:20/3250 train_time:14.790s step_avg:739.51ms
step:21/3250 train_time:15.090s step_avg:718.56ms
step:22/3250 train_time:15.390s step_avg:699.55ms
step:23/3250 train_time:15.690s step_avg:682.19ms
step:24/3250 train_time:15.991s step_avg:666.31ms
step:25/3250 train_time:16.290s step_avg:651.61ms
step:26/3250 train_time:16.592s step_avg:638.14ms
step:27/3250 train_time:16.892s step_avg:625.61ms
step:28/3250 train_time:17.191s step_avg:613.95ms
step:29/3250 train_time:17.490s step_avg:603.10ms
step:30/3250 train_time:17.792s step_avg:593.08ms
step:31/3250 train_time:18.094s step_avg:583.66ms
step:32/3250 train_time:18.392s step_avg:574.75ms
step:33/3250 train_time:18.691s step_avg:566.40ms
step:34/3250 train_time:18.992s step_avg:558.60ms
step:35/3250 train_time:19.291s step_avg:551.17ms
step:36/3250 train_time:19.591s step_avg:544.18ms
step:37/3250 train_time:19.891s step_avg:537.58ms
step:38/3250 train_time:20.190s step_avg:531.33ms
step:39/3250 train_time:20.490s step_avg:525.39ms
step:40/3250 train_time:20.791s step_avg:519.78ms
step:41/3250 train_time:21.091s step_avg:514.41ms
step:42/3250 train_time:21.391s step_avg:509.31ms
step:43/3250 train_time:21.691s step_avg:504.44ms
step:44/3250 train_time:21.991s step_avg:499.79ms
step:45/3250 train_time:22.291s step_avg:495.34ms
step:46/3250 train_time:22.590s step_avg:491.08ms
step:47/3250 train_time:22.891s step_avg:487.05ms
step:48/3250 train_time:23.192s step_avg:483.16ms
step:49/3250 train_time:23.490s step_avg:479.39ms
step:50/3250 train_time:23.791s step_avg:475.83ms
step:51/3250 train_time:24.091s step_avg:472.37ms
step:52/3250 train_time:24.392s step_avg:469.07ms
step:53/3250 train_time:24.691s step_avg:465.87ms
step:54/3250 train_time:24.990s step_avg:462.78ms
step:55/3250 train_time:25.292s step_avg:459.85ms
step:56/3250 train_time:25.592s step_avg:457.00ms
step:57/3250 train_time:25.891s step_avg:454.23ms
step:58/3250 train_time:26.192s step_avg:451.58ms
step:59/3250 train_time:26.491s step_avg:448.99ms
step:60/3250 train_time:26.789s step_avg:446.49ms
step:61/3250 train_time:27.090s step_avg:444.09ms
step:62/3250 train_time:27.390s step_avg:441.77ms
step:63/3250 train_time:27.692s step_avg:439.56ms
step:64/3250 train_time:27.992s step_avg:437.38ms
step:65/3250 train_time:28.291s step_avg:435.25ms
step:66/3250 train_time:28.590s step_avg:433.19ms
step:67/3250 train_time:28.890s step_avg:431.20ms
step:68/3250 train_time:29.190s step_avg:429.27ms
step:69/3250 train_time:29.490s step_avg:427.40ms
step:70/3250 train_time:29.790s step_avg:425.58ms
step:71/3250 train_time:30.091s step_avg:423.82ms
step:72/3250 train_time:30.391s step_avg:422.09ms
step:73/3250 train_time:30.691s step_avg:420.43ms
step:74/3250 train_time:30.990s step_avg:418.79ms
step:75/3250 train_time:31.292s step_avg:417.22ms
step:76/3250 train_time:31.591s step_avg:415.67ms
step:77/3250 train_time:31.890s step_avg:414.16ms
step:78/3250 train_time:32.190s step_avg:412.69ms
step:79/3250 train_time:32.491s step_avg:411.28ms
step:80/3250 train_time:32.792s step_avg:409.90ms
step:81/3250 train_time:33.092s step_avg:408.54ms
step:82/3250 train_time:33.390s step_avg:407.20ms
step:83/3250 train_time:33.690s step_avg:405.91ms
step:84/3250 train_time:33.992s step_avg:404.67ms
step:85/3250 train_time:34.292s step_avg:403.43ms
step:86/3250 train_time:34.591s step_avg:402.22ms
step:87/3250 train_time:34.890s step_avg:401.04ms
step:88/3250 train_time:35.191s step_avg:399.90ms
step:89/3250 train_time:35.490s step_avg:398.76ms
step:90/3250 train_time:35.790s step_avg:397.67ms
step:91/3250 train_time:36.090s step_avg:396.60ms
step:92/3250 train_time:36.391s step_avg:395.55ms
step:93/3250 train_time:36.691s step_avg:394.53ms
step:94/3250 train_time:36.991s step_avg:393.53ms
step:95/3250 train_time:37.293s step_avg:392.56ms
step:96/3250 train_time:37.590s step_avg:391.56ms
step:97/3250 train_time:37.891s step_avg:390.63ms
step:98/3250 train_time:38.191s step_avg:389.71ms
step:99/3250 train_time:38.493s step_avg:388.82ms
step:100/3250 train_time:38.791s step_avg:387.91ms
step:101/3250 train_time:39.091s step_avg:387.04ms
step:102/3250 train_time:39.391s step_avg:386.19ms
step:103/3250 train_time:39.690s step_avg:385.34ms
step:104/3250 train_time:39.991s step_avg:384.53ms
step:105/3250 train_time:40.291s step_avg:383.72ms
step:106/3250 train_time:40.592s step_avg:382.94ms
step:107/3250 train_time:40.890s step_avg:382.15ms
step:108/3250 train_time:41.192s step_avg:381.40ms
step:109/3250 train_time:41.492s step_avg:380.66ms
step:110/3250 train_time:41.791s step_avg:379.92ms
step:111/3250 train_time:42.090s step_avg:379.19ms
step:112/3250 train_time:42.392s step_avg:378.50ms
step:113/3250 train_time:42.692s step_avg:377.81ms
step:114/3250 train_time:42.991s step_avg:377.12ms
step:115/3250 train_time:43.291s step_avg:376.44ms
step:116/3250 train_time:43.591s step_avg:375.78ms
step:117/3250 train_time:43.891s step_avg:375.13ms
step:118/3250 train_time:44.189s step_avg:374.48ms
step:119/3250 train_time:44.490s step_avg:373.87ms
step:120/3250 train_time:44.791s step_avg:373.26ms
step:121/3250 train_time:45.091s step_avg:372.66ms
step:122/3250 train_time:45.392s step_avg:372.06ms
step:123/3250 train_time:45.689s step_avg:371.46ms
step:124/3250 train_time:45.989s step_avg:370.88ms
step:125/3250 train_time:46.290s step_avg:370.32ms
step:125/3250 val_loss:4.58495 train_time:46.295s step_avg:370.36ms
step:126/3250 train_time:46.588s step_avg:369.75ms
step:127/3250 train_time:46.886s step_avg:369.18ms
step:128/3250 train_time:47.181s step_avg:368.60ms
step:129/3250 train_time:47.479s step_avg:368.06ms
step:130/3250 train_time:47.779s step_avg:367.53ms
step:131/3250 train_time:48.076s step_avg:366.99ms
step:132/3250 train_time:48.378s step_avg:366.50ms
step:133/3250 train_time:48.679s step_avg:366.01ms
step:134/3250 train_time:48.977s step_avg:365.50ms
step:135/3250 train_time:49.276s step_avg:365.01ms
step:136/3250 train_time:49.572s step_avg:364.50ms
step:137/3250 train_time:49.871s step_avg:364.02ms
step:138/3250 train_time:50.170s step_avg:363.55ms
step:139/3250 train_time:50.470s step_avg:363.09ms
step:140/3250 train_time:50.770s step_avg:362.64ms
step:141/3250 train_time:51.070s step_avg:362.20ms
step:142/3250 train_time:51.370s step_avg:361.76ms
step:143/3250 train_time:51.669s step_avg:361.32ms
step:144/3250 train_time:51.972s step_avg:360.92ms
step:145/3250 train_time:52.272s step_avg:360.50ms
step:146/3250 train_time:52.571s step_avg:360.08ms
step:147/3250 train_time:52.870s step_avg:359.66ms
step:148/3250 train_time:53.169s step_avg:359.25ms
step:149/3250 train_time:53.469s step_avg:358.85ms
step:150/3250 train_time:53.772s step_avg:358.48ms
step:151/3250 train_time:54.071s step_avg:358.09ms
step:152/3250 train_time:54.370s step_avg:357.70ms
step:153/3250 train_time:54.670s step_avg:357.32ms
step:154/3250 train_time:54.970s step_avg:356.95ms
step:155/3250 train_time:55.271s step_avg:356.58ms
step:156/3250 train_time:55.569s step_avg:356.21ms
step:157/3250 train_time:55.868s step_avg:355.85ms
step:158/3250 train_time:56.173s step_avg:355.53ms
step:159/3250 train_time:56.470s step_avg:355.15ms
step:160/3250 train_time:56.771s step_avg:354.82ms
step:161/3250 train_time:57.067s step_avg:354.45ms
step:162/3250 train_time:57.368s step_avg:354.13ms
step:163/3250 train_time:57.670s step_avg:353.81ms
step:164/3250 train_time:57.968s step_avg:353.46ms
step:165/3250 train_time:58.268s step_avg:353.14ms
step:166/3250 train_time:58.569s step_avg:352.83ms
step:167/3250 train_time:58.869s step_avg:352.51ms
step:168/3250 train_time:59.168s step_avg:352.19ms
step:169/3250 train_time:59.470s step_avg:351.89ms
step:170/3250 train_time:59.771s step_avg:351.60ms
step:171/3250 train_time:60.069s step_avg:351.28ms
step:172/3250 train_time:60.368s step_avg:350.98ms
step:173/3250 train_time:60.670s step_avg:350.70ms
step:174/3250 train_time:60.970s step_avg:350.40ms
step:175/3250 train_time:61.270s step_avg:350.11ms
step:176/3250 train_time:61.570s step_avg:349.83ms
step:177/3250 train_time:61.870s step_avg:349.55ms
step:178/3250 train_time:62.170s step_avg:349.27ms
step:179/3250 train_time:62.469s step_avg:348.99ms
step:180/3250 train_time:62.769s step_avg:348.72ms
step:181/3250 train_time:63.070s step_avg:348.45ms
step:182/3250 train_time:63.370s step_avg:348.18ms
step:183/3250 train_time:63.670s step_avg:347.92ms
step:184/3250 train_time:63.969s step_avg:347.66ms
step:185/3250 train_time:64.270s step_avg:347.41ms
step:186/3250 train_time:64.570s step_avg:347.15ms
step:187/3250 train_time:64.869s step_avg:346.89ms
step:188/3250 train_time:65.170s step_avg:346.65ms
step:189/3250 train_time:65.470s step_avg:346.40ms
step:190/3250 train_time:65.769s step_avg:346.15ms
step:191/3250 train_time:66.209s step_avg:346.64ms
step:192/3250 train_time:66.508s step_avg:346.40ms
step:193/3250 train_time:66.809s step_avg:346.16ms
step:194/3250 train_time:67.112s step_avg:345.94ms
step:195/3250 train_time:67.412s step_avg:345.70ms
step:196/3250 train_time:67.710s step_avg:345.46ms
step:197/3250 train_time:68.012s step_avg:345.24ms
step:198/3250 train_time:68.313s step_avg:345.01ms
step:199/3250 train_time:68.611s step_avg:344.78ms
step:200/3250 train_time:68.910s step_avg:344.55ms
step:201/3250 train_time:69.211s step_avg:344.33ms
step:202/3250 train_time:69.511s step_avg:344.11ms
step:203/3250 train_time:69.811s step_avg:343.90ms
step:204/3250 train_time:70.113s step_avg:343.69ms
step:205/3250 train_time:70.413s step_avg:343.48ms
step:206/3250 train_time:70.712s step_avg:343.26ms
step:207/3250 train_time:71.012s step_avg:343.05ms
step:208/3250 train_time:71.311s step_avg:342.84ms
step:209/3250 train_time:71.612s step_avg:342.64ms
step:210/3250 train_time:71.911s step_avg:342.43ms
step:211/3250 train_time:72.211s step_avg:342.23ms
step:212/3250 train_time:72.513s step_avg:342.04ms
step:213/3250 train_time:72.812s step_avg:341.84ms
step:214/3250 train_time:73.111s step_avg:341.64ms
step:215/3250 train_time:73.412s step_avg:341.45ms
step:216/3250 train_time:73.712s step_avg:341.26ms
step:217/3250 train_time:74.012s step_avg:341.07ms
step:218/3250 train_time:74.311s step_avg:340.88ms
step:219/3250 train_time:74.612s step_avg:340.69ms
step:220/3250 train_time:74.911s step_avg:340.51ms
step:221/3250 train_time:75.211s step_avg:340.32ms
step:222/3250 train_time:75.512s step_avg:340.14ms
step:223/3250 train_time:75.814s step_avg:339.97ms
step:224/3250 train_time:76.112s step_avg:339.79ms
step:225/3250 train_time:76.412s step_avg:339.61ms
step:226/3250 train_time:76.714s step_avg:339.44ms
step:227/3250 train_time:77.013s step_avg:339.26ms
step:228/3250 train_time:77.311s step_avg:339.08ms
step:229/3250 train_time:77.612s step_avg:338.92ms
step:230/3250 train_time:77.913s step_avg:338.75ms
step:231/3250 train_time:78.211s step_avg:338.58ms
step:232/3250 train_time:78.511s step_avg:338.41ms
step:233/3250 train_time:78.811s step_avg:338.25ms
step:234/3250 train_time:79.112s step_avg:338.08ms
step:235/3250 train_time:79.410s step_avg:337.92ms
step:236/3250 train_time:79.712s step_avg:337.76ms
step:237/3250 train_time:80.013s step_avg:337.61ms
step:238/3250 train_time:80.311s step_avg:337.44ms
step:239/3250 train_time:80.611s step_avg:337.29ms
step:240/3250 train_time:80.912s step_avg:337.13ms
step:241/3250 train_time:81.212s step_avg:336.98ms
step:242/3250 train_time:81.511s step_avg:336.82ms
step:243/3250 train_time:81.811s step_avg:336.67ms
step:244/3250 train_time:82.112s step_avg:336.53ms
step:245/3250 train_time:82.412s step_avg:336.38ms
step:246/3250 train_time:82.711s step_avg:336.23ms
step:247/3250 train_time:83.012s step_avg:336.08ms
step:248/3250 train_time:83.313s step_avg:335.94ms
step:249/3250 train_time:83.612s step_avg:335.79ms
step:250/3250 train_time:83.911s step_avg:335.64ms
step:250/3250 val_loss:4.09340 train_time:83.915s step_avg:300.96ms
step:251/3250 train_time:84.210s step_avg:335.50ms
step:252/3250 train_time:84.509s step_avg:335.35ms
step:253/3250 train_time:84.811s step_avg:335.22ms
step:254/3250 train_time:85.111s step_avg:335.08ms
step:255/3250 train_time:85.410s step_avg:334.94ms
step:256/3250 train_time:85.709s step_avg:334.80ms
step:257/3250 train_time:86.010s step_avg:334.67ms
step:258/3250 train_time:86.309s step_avg:334.53ms
step:259/3250 train_time:86.611s step_avg:334.40ms
step:260/3250 train_time:86.911s step_avg:334.27ms
step:261/3250 train_time:87.210s step_avg:334.14ms
step:262/3250 train_time:87.509s step_avg:334.00ms
step:263/3250 train_time:87.809s step_avg:333.88ms
step:264/3250 train_time:88.110s step_avg:333.75ms
step:265/3250 train_time:88.408s step_avg:333.62ms
step:266/3250 train_time:88.709s step_avg:333.49ms
step:267/3250 train_time:89.009s step_avg:333.37ms
step:268/3250 train_time:89.310s step_avg:333.25ms
step:269/3250 train_time:89.610s step_avg:333.12ms
step:270/3250 train_time:89.909s step_avg:333.00ms
step:271/3250 train_time:90.210s step_avg:332.88ms
step:272/3250 train_time:90.509s step_avg:332.75ms
step:273/3250 train_time:90.810s step_avg:332.64ms
step:274/3250 train_time:91.111s step_avg:332.52ms
step:275/3250 train_time:91.410s step_avg:332.40ms
step:276/3250 train_time:91.709s step_avg:332.28ms
step:277/3250 train_time:92.010s step_avg:332.17ms
step:278/3250 train_time:92.311s step_avg:332.05ms
step:279/3250 train_time:92.612s step_avg:331.94ms
step:280/3250 train_time:92.910s step_avg:331.82ms
step:281/3250 train_time:93.210s step_avg:331.71ms
step:282/3250 train_time:93.511s step_avg:331.60ms
step:283/3250 train_time:93.811s step_avg:331.49ms
step:284/3250 train_time:94.109s step_avg:331.37ms
step:285/3250 train_time:94.409s step_avg:331.26ms
step:286/3250 train_time:94.709s step_avg:331.15ms
step:287/3250 train_time:95.012s step_avg:331.05ms
step:288/3250 train_time:95.311s step_avg:330.94ms
step:289/3250 train_time:95.610s step_avg:330.83ms
step:290/3250 train_time:95.909s step_avg:330.72ms
step:291/3250 train_time:96.211s step_avg:330.62ms
step:292/3250 train_time:96.510s step_avg:330.51ms
step:293/3250 train_time:96.810s step_avg:330.41ms
step:294/3250 train_time:97.110s step_avg:330.31ms
step:295/3250 train_time:97.411s step_avg:330.21ms
step:296/3250 train_time:97.710s step_avg:330.10ms
step:297/3250 train_time:98.009s step_avg:330.00ms
step:298/3250 train_time:98.310s step_avg:329.90ms
step:299/3250 train_time:98.610s step_avg:329.80ms
step:300/3250 train_time:98.910s step_avg:329.70ms
step:301/3250 train_time:99.210s step_avg:329.60ms
step:302/3250 train_time:99.509s step_avg:329.50ms
step:303/3250 train_time:99.809s step_avg:329.40ms
step:304/3250 train_time:100.109s step_avg:329.31ms
step:305/3250 train_time:100.411s step_avg:329.21ms
step:306/3250 train_time:100.711s step_avg:329.12ms
step:307/3250 train_time:101.011s step_avg:329.03ms
step:308/3250 train_time:101.310s step_avg:328.93ms
step:309/3250 train_time:101.610s step_avg:328.84ms
step:310/3250 train_time:101.911s step_avg:328.74ms
step:311/3250 train_time:102.211s step_avg:328.65ms
step:312/3250 train_time:102.511s step_avg:328.56ms
step:313/3250 train_time:102.810s step_avg:328.47ms
step:314/3250 train_time:103.110s step_avg:328.38ms
step:315/3250 train_time:103.411s step_avg:328.29ms
step:316/3250 train_time:103.710s step_avg:328.20ms
step:317/3250 train_time:104.011s step_avg:328.11ms
step:318/3250 train_time:104.311s step_avg:328.02ms
step:319/3250 train_time:104.610s step_avg:327.93ms
step:320/3250 train_time:104.911s step_avg:327.85ms
step:321/3250 train_time:105.209s step_avg:327.76ms
step:322/3250 train_time:105.509s step_avg:327.67ms
step:323/3250 train_time:105.809s step_avg:327.58ms
step:324/3250 train_time:106.111s step_avg:327.50ms
step:325/3250 train_time:106.411s step_avg:327.42ms
step:326/3250 train_time:106.709s step_avg:327.33ms
step:327/3250 train_time:107.009s step_avg:327.24ms
step:328/3250 train_time:107.309s step_avg:327.16ms
step:329/3250 train_time:107.613s step_avg:327.09ms
step:330/3250 train_time:107.913s step_avg:327.01ms
step:331/3250 train_time:108.211s step_avg:326.92ms
step:332/3250 train_time:108.514s step_avg:326.85ms
step:333/3250 train_time:108.814s step_avg:326.77ms
step:334/3250 train_time:109.111s step_avg:326.68ms
step:335/3250 train_time:109.411s step_avg:326.60ms
step:336/3250 train_time:109.710s step_avg:326.52ms
step:337/3250 train_time:110.012s step_avg:326.44ms
step:338/3250 train_time:110.315s step_avg:326.37ms
step:339/3250 train_time:110.613s step_avg:326.29ms
step:340/3250 train_time:110.913s step_avg:326.21ms
step:341/3250 train_time:111.210s step_avg:326.13ms
step:342/3250 train_time:111.509s step_avg:326.05ms
step:343/3250 train_time:111.809s step_avg:325.97ms
step:344/3250 train_time:112.110s step_avg:325.90ms
step:345/3250 train_time:112.409s step_avg:325.82ms
step:346/3250 train_time:112.709s step_avg:325.75ms
step:347/3250 train_time:113.010s step_avg:325.68ms
step:348/3250 train_time:113.310s step_avg:325.60ms
step:349/3250 train_time:113.610s step_avg:325.53ms
step:350/3250 train_time:113.911s step_avg:325.46ms
step:351/3250 train_time:114.211s step_avg:325.39ms
step:352/3250 train_time:114.511s step_avg:325.31ms
step:353/3250 train_time:114.811s step_avg:325.24ms
step:354/3250 train_time:115.110s step_avg:325.17ms
step:355/3250 train_time:115.409s step_avg:325.10ms
step:356/3250 train_time:115.708s step_avg:325.02ms
step:357/3250 train_time:116.010s step_avg:324.96ms
step:358/3250 train_time:116.310s step_avg:324.89ms
step:359/3250 train_time:116.610s step_avg:324.82ms
step:360/3250 train_time:116.911s step_avg:324.75ms
step:361/3250 train_time:117.211s step_avg:324.68ms
step:362/3250 train_time:117.511s step_avg:324.62ms
step:363/3250 train_time:117.810s step_avg:324.55ms
step:364/3250 train_time:118.109s step_avg:324.47ms
step:365/3250 train_time:118.409s step_avg:324.41ms
step:366/3250 train_time:118.709s step_avg:324.34ms
step:367/3250 train_time:119.010s step_avg:324.28ms
step:368/3250 train_time:119.310s step_avg:324.21ms
step:369/3250 train_time:119.612s step_avg:324.15ms
step:370/3250 train_time:119.911s step_avg:324.08ms
step:371/3250 train_time:120.211s step_avg:324.02ms
step:372/3250 train_time:120.513s step_avg:323.96ms
step:373/3250 train_time:120.813s step_avg:323.90ms
step:374/3250 train_time:121.112s step_avg:323.83ms
step:375/3250 train_time:121.410s step_avg:323.76ms
step:375/3250 val_loss:3.92273 train_time:121.414s step_avg:299.99ms
step:376/3250 train_time:121.706s step_avg:323.69ms
step:377/3250 train_time:122.008s step_avg:323.63ms
step:378/3250 train_time:122.305s step_avg:323.56ms
step:379/3250 train_time:122.609s step_avg:323.51ms
step:380/3250 train_time:122.907s step_avg:323.44ms
step:381/3250 train_time:123.266s step_avg:323.53ms
step:382/3250 train_time:123.564s step_avg:323.47ms
step:383/3250 train_time:123.865s step_avg:323.41ms
step:384/3250 train_time:124.171s step_avg:323.36ms
step:385/3250 train_time:124.469s step_avg:323.30ms
step:386/3250 train_time:124.766s step_avg:323.23ms
step:387/3250 train_time:125.072s step_avg:323.18ms
step:388/3250 train_time:125.369s step_avg:323.12ms
step:389/3250 train_time:125.666s step_avg:323.05ms
step:390/3250 train_time:125.968s step_avg:323.00ms
step:391/3250 train_time:126.269s step_avg:322.94ms
step:392/3250 train_time:126.568s step_avg:322.88ms
step:393/3250 train_time:126.867s step_avg:322.82ms
step:394/3250 train_time:127.169s step_avg:322.76ms
step:395/3250 train_time:127.469s step_avg:322.71ms
step:396/3250 train_time:127.766s step_avg:322.64ms
step:397/3250 train_time:128.069s step_avg:322.59ms
step:398/3250 train_time:128.369s step_avg:322.53ms
step:399/3250 train_time:128.669s step_avg:322.48ms
step:400/3250 train_time:128.969s step_avg:322.42ms
step:401/3250 train_time:129.269s step_avg:322.37ms
step:402/3250 train_time:129.568s step_avg:322.31ms
step:403/3250 train_time:129.870s step_avg:322.26ms
step:404/3250 train_time:130.171s step_avg:322.21ms
step:405/3250 train_time:130.469s step_avg:322.15ms
step:406/3250 train_time:130.768s step_avg:322.09ms
step:407/3250 train_time:131.068s step_avg:322.04ms
step:408/3250 train_time:131.368s step_avg:321.98ms
step:409/3250 train_time:131.669s step_avg:321.93ms
step:410/3250 train_time:131.968s step_avg:321.87ms
step:411/3250 train_time:132.268s step_avg:321.82ms
step:412/3250 train_time:132.567s step_avg:321.77ms
step:413/3250 train_time:132.868s step_avg:321.72ms
step:414/3250 train_time:133.169s step_avg:321.66ms
step:415/3250 train_time:133.469s step_avg:321.61ms
step:416/3250 train_time:133.769s step_avg:321.56ms
step:417/3250 train_time:134.068s step_avg:321.51ms
step:418/3250 train_time:134.367s step_avg:321.45ms
step:419/3250 train_time:134.668s step_avg:321.40ms
step:420/3250 train_time:134.966s step_avg:321.35ms
step:421/3250 train_time:135.266s step_avg:321.30ms
step:422/3250 train_time:135.568s step_avg:321.25ms
step:423/3250 train_time:135.868s step_avg:321.20ms
step:424/3250 train_time:136.168s step_avg:321.15ms
step:425/3250 train_time:136.467s step_avg:321.10ms
step:426/3250 train_time:136.767s step_avg:321.05ms
step:427/3250 train_time:137.067s step_avg:321.00ms
step:428/3250 train_time:137.368s step_avg:320.95ms
step:429/3250 train_time:137.667s step_avg:320.90ms
step:430/3250 train_time:137.968s step_avg:320.86ms
step:431/3250 train_time:138.268s step_avg:320.81ms
step:432/3250 train_time:138.568s step_avg:320.76ms
step:433/3250 train_time:138.869s step_avg:320.71ms
step:434/3250 train_time:139.170s step_avg:320.67ms
step:435/3250 train_time:139.470s step_avg:320.62ms
step:436/3250 train_time:139.769s step_avg:320.57ms
step:437/3250 train_time:140.068s step_avg:320.52ms
step:438/3250 train_time:140.369s step_avg:320.48ms
step:439/3250 train_time:140.668s step_avg:320.43ms
step:440/3250 train_time:140.968s step_avg:320.38ms
step:441/3250 train_time:141.267s step_avg:320.33ms
step:442/3250 train_time:141.568s step_avg:320.29ms
step:443/3250 train_time:141.868s step_avg:320.24ms
step:444/3250 train_time:142.169s step_avg:320.20ms
step:445/3250 train_time:142.468s step_avg:320.15ms
step:446/3250 train_time:142.769s step_avg:320.11ms
step:447/3250 train_time:143.069s step_avg:320.06ms
step:448/3250 train_time:143.369s step_avg:320.02ms
step:449/3250 train_time:143.668s step_avg:319.97ms
step:450/3250 train_time:143.967s step_avg:319.93ms
step:451/3250 train_time:144.268s step_avg:319.89ms
step:452/3250 train_time:144.567s step_avg:319.84ms
step:453/3250 train_time:144.867s step_avg:319.79ms
step:454/3250 train_time:145.166s step_avg:319.75ms
step:455/3250 train_time:145.467s step_avg:319.71ms
step:456/3250 train_time:145.768s step_avg:319.67ms
step:457/3250 train_time:146.067s step_avg:319.62ms
step:458/3250 train_time:146.367s step_avg:319.58ms
step:459/3250 train_time:146.667s step_avg:319.54ms
step:460/3250 train_time:146.968s step_avg:319.50ms
step:461/3250 train_time:147.268s step_avg:319.45ms
step:462/3250 train_time:147.568s step_avg:319.41ms
step:463/3250 train_time:147.867s step_avg:319.37ms
step:464/3250 train_time:148.167s step_avg:319.32ms
step:465/3250 train_time:148.467s step_avg:319.28ms
step:466/3250 train_time:148.768s step_avg:319.25ms
step:467/3250 train_time:149.070s step_avg:319.21ms
step:468/3250 train_time:149.369s step_avg:319.16ms
step:469/3250 train_time:149.668s step_avg:319.12ms
step:470/3250 train_time:149.969s step_avg:319.08ms
step:471/3250 train_time:150.267s step_avg:319.04ms
step:472/3250 train_time:150.567s step_avg:319.00ms
step:473/3250 train_time:150.867s step_avg:318.96ms
step:474/3250 train_time:151.167s step_avg:318.92ms
step:475/3250 train_time:151.468s step_avg:318.88ms
step:476/3250 train_time:151.767s step_avg:318.84ms
step:477/3250 train_time:152.067s step_avg:318.80ms
step:478/3250 train_time:152.367s step_avg:318.76ms
step:479/3250 train_time:152.667s step_avg:318.72ms
step:480/3250 train_time:152.967s step_avg:318.68ms
step:481/3250 train_time:153.268s step_avg:318.64ms
step:482/3250 train_time:153.568s step_avg:318.61ms
step:483/3250 train_time:153.868s step_avg:318.57ms
step:484/3250 train_time:154.168s step_avg:318.53ms
step:485/3250 train_time:154.469s step_avg:318.49ms
step:486/3250 train_time:154.767s step_avg:318.45ms
step:487/3250 train_time:155.069s step_avg:318.42ms
step:488/3250 train_time:155.369s step_avg:318.38ms
step:489/3250 train_time:155.669s step_avg:318.34ms
step:490/3250 train_time:155.968s step_avg:318.30ms
step:491/3250 train_time:156.268s step_avg:318.26ms
step:492/3250 train_time:156.567s step_avg:318.23ms
step:493/3250 train_time:156.868s step_avg:318.19ms
step:494/3250 train_time:157.168s step_avg:318.15ms
step:495/3250 train_time:157.468s step_avg:318.12ms
step:496/3250 train_time:157.769s step_avg:318.08ms
step:497/3250 train_time:158.069s step_avg:318.05ms
step:498/3250 train_time:158.368s step_avg:318.01ms
step:499/3250 train_time:158.668s step_avg:317.97ms
step:500/3250 train_time:158.968s step_avg:317.94ms
step:500/3250 val_loss:3.82637 train_time:158.972s step_avg:300.46ms
step:501/3250 train_time:159.267s step_avg:317.90ms
step:502/3250 train_time:159.565s step_avg:317.86ms
step:503/3250 train_time:159.865s step_avg:317.82ms
step:504/3250 train_time:160.166s step_avg:317.79ms
step:505/3250 train_time:160.466s step_avg:317.75ms
step:506/3250 train_time:160.766s step_avg:317.72ms
step:507/3250 train_time:161.067s step_avg:317.69ms
step:508/3250 train_time:161.365s step_avg:317.65ms
step:509/3250 train_time:161.665s step_avg:317.61ms
step:510/3250 train_time:161.964s step_avg:317.58ms
step:511/3250 train_time:162.264s step_avg:317.54ms
step:512/3250 train_time:162.564s step_avg:317.51ms
step:513/3250 train_time:162.864s step_avg:317.47ms
step:514/3250 train_time:163.164s step_avg:317.44ms
step:515/3250 train_time:163.465s step_avg:317.41ms
step:516/3250 train_time:163.764s step_avg:317.37ms
step:517/3250 train_time:164.064s step_avg:317.34ms
step:518/3250 train_time:164.364s step_avg:317.31ms
step:519/3250 train_time:164.664s step_avg:317.27ms
step:520/3250 train_time:164.964s step_avg:317.24ms
step:521/3250 train_time:165.264s step_avg:317.20ms
step:522/3250 train_time:165.563s step_avg:317.17ms
step:523/3250 train_time:165.864s step_avg:317.14ms
step:524/3250 train_time:166.164s step_avg:317.11ms
step:525/3250 train_time:166.463s step_avg:317.07ms
step:526/3250 train_time:166.764s step_avg:317.04ms
step:527/3250 train_time:167.064s step_avg:317.01ms
step:528/3250 train_time:167.365s step_avg:316.98ms
step:529/3250 train_time:167.664s step_avg:316.94ms
step:530/3250 train_time:167.963s step_avg:316.91ms
step:531/3250 train_time:168.264s step_avg:316.88ms
step:532/3250 train_time:168.564s step_avg:316.85ms
step:533/3250 train_time:168.864s step_avg:316.82ms
step:534/3250 train_time:169.164s step_avg:316.79ms
step:535/3250 train_time:169.465s step_avg:316.76ms
step:536/3250 train_time:169.765s step_avg:316.73ms
step:537/3250 train_time:170.065s step_avg:316.69ms
step:538/3250 train_time:170.366s step_avg:316.66ms
step:539/3250 train_time:170.665s step_avg:316.63ms
step:540/3250 train_time:170.966s step_avg:316.60ms
step:541/3250 train_time:171.264s step_avg:316.57ms
step:542/3250 train_time:171.564s step_avg:316.54ms
step:543/3250 train_time:171.863s step_avg:316.51ms
step:544/3250 train_time:172.163s step_avg:316.48ms
step:545/3250 train_time:172.463s step_avg:316.45ms
step:546/3250 train_time:172.763s step_avg:316.42ms
step:547/3250 train_time:173.064s step_avg:316.39ms
step:548/3250 train_time:173.364s step_avg:316.36ms
step:549/3250 train_time:173.664s step_avg:316.33ms
step:550/3250 train_time:173.964s step_avg:316.30ms
step:551/3250 train_time:174.263s step_avg:316.27ms
step:552/3250 train_time:174.564s step_avg:316.24ms
step:553/3250 train_time:174.864s step_avg:316.21ms
step:554/3250 train_time:175.164s step_avg:316.18ms
step:555/3250 train_time:175.464s step_avg:316.15ms
step:556/3250 train_time:175.765s step_avg:316.12ms
step:557/3250 train_time:176.064s step_avg:316.09ms
step:558/3250 train_time:176.364s step_avg:316.06ms
step:559/3250 train_time:176.664s step_avg:316.04ms
step:560/3250 train_time:176.964s step_avg:316.01ms
step:561/3250 train_time:177.263s step_avg:315.98ms
step:562/3250 train_time:177.563s step_avg:315.95ms
step:563/3250 train_time:177.863s step_avg:315.92ms
step:564/3250 train_time:178.164s step_avg:315.89ms
step:565/3250 train_time:178.464s step_avg:315.87ms
step:566/3250 train_time:178.766s step_avg:315.84ms
step:567/3250 train_time:179.065s step_avg:315.81ms
step:568/3250 train_time:179.363s step_avg:315.78ms
step:569/3250 train_time:179.664s step_avg:315.75ms
step:570/3250 train_time:179.965s step_avg:315.73ms
step:571/3250 train_time:180.312s step_avg:315.78ms
step:572/3250 train_time:180.607s step_avg:315.75ms
step:573/3250 train_time:180.904s step_avg:315.71ms
step:574/3250 train_time:181.207s step_avg:315.69ms
step:575/3250 train_time:181.506s step_avg:315.66ms
step:576/3250 train_time:181.803s step_avg:315.63ms
step:577/3250 train_time:182.105s step_avg:315.61ms
step:578/3250 train_time:182.405s step_avg:315.58ms
step:579/3250 train_time:182.703s step_avg:315.55ms
step:580/3250 train_time:183.003s step_avg:315.52ms
step:581/3250 train_time:183.305s step_avg:315.50ms
step:582/3250 train_time:183.607s step_avg:315.48ms
step:583/3250 train_time:183.904s step_avg:315.44ms
step:584/3250 train_time:184.207s step_avg:315.42ms
step:585/3250 train_time:184.507s step_avg:315.40ms
step:586/3250 train_time:184.804s step_avg:315.37ms
step:587/3250 train_time:185.104s step_avg:315.34ms
step:588/3250 train_time:185.404s step_avg:315.31ms
step:589/3250 train_time:185.704s step_avg:315.29ms
step:590/3250 train_time:186.004s step_avg:315.26ms
step:591/3250 train_time:186.305s step_avg:315.24ms
step:592/3250 train_time:186.606s step_avg:315.21ms
step:593/3250 train_time:186.904s step_avg:315.18ms
step:594/3250 train_time:187.204s step_avg:315.16ms
step:595/3250 train_time:187.505s step_avg:315.13ms
step:596/3250 train_time:187.805s step_avg:315.11ms
step:597/3250 train_time:188.105s step_avg:315.08ms
step:598/3250 train_time:188.406s step_avg:315.06ms
step:599/3250 train_time:188.706s step_avg:315.04ms
step:600/3250 train_time:189.004s step_avg:315.01ms
step:601/3250 train_time:189.305s step_avg:314.98ms
step:602/3250 train_time:189.606s step_avg:314.96ms
step:603/3250 train_time:189.906s step_avg:314.94ms
step:604/3250 train_time:190.211s step_avg:314.92ms
step:605/3250 train_time:190.505s step_avg:314.88ms
step:606/3250 train_time:190.805s step_avg:314.86ms
step:607/3250 train_time:191.105s step_avg:314.84ms
step:608/3250 train_time:191.406s step_avg:314.81ms
step:609/3250 train_time:191.706s step_avg:314.79ms
step:610/3250 train_time:192.005s step_avg:314.76ms
step:611/3250 train_time:192.305s step_avg:314.74ms
step:612/3250 train_time:192.606s step_avg:314.72ms
step:613/3250 train_time:192.905s step_avg:314.69ms
step:614/3250 train_time:193.204s step_avg:314.66ms
step:615/3250 train_time:193.505s step_avg:314.64ms
step:616/3250 train_time:193.808s step_avg:314.62ms
step:617/3250 train_time:194.107s step_avg:314.60ms
step:618/3250 train_time:194.404s step_avg:314.57ms
step:619/3250 train_time:194.704s step_avg:314.55ms
step:620/3250 train_time:195.005s step_avg:314.52ms
step:621/3250 train_time:195.305s step_avg:314.50ms
step:622/3250 train_time:195.603s step_avg:314.47ms
step:623/3250 train_time:195.904s step_avg:314.45ms
step:624/3250 train_time:196.206s step_avg:314.43ms
step:625/3250 train_time:196.504s step_avg:314.41ms
step:625/3250 val_loss:3.76453 train_time:196.508s step_avg:300.29ms
step:626/3250 train_time:196.805s step_avg:314.39ms
step:627/3250 train_time:197.104s step_avg:314.36ms
step:628/3250 train_time:197.402s step_avg:314.33ms
step:629/3250 train_time:197.701s step_avg:314.31ms
step:630/3250 train_time:198.000s step_avg:314.29ms
step:631/3250 train_time:198.300s step_avg:314.26ms
step:632/3250 train_time:198.600s step_avg:314.24ms
step:633/3250 train_time:198.901s step_avg:314.22ms
step:634/3250 train_time:199.201s step_avg:314.20ms
step:635/3250 train_time:199.501s step_avg:314.17ms
step:636/3250 train_time:199.801s step_avg:314.15ms
step:637/3250 train_time:200.101s step_avg:314.13ms
step:638/3250 train_time:200.401s step_avg:314.11ms
step:639/3250 train_time:200.701s step_avg:314.09ms
step:640/3250 train_time:201.001s step_avg:314.06ms
step:641/3250 train_time:201.301s step_avg:314.04ms
step:642/3250 train_time:201.601s step_avg:314.02ms
step:643/3250 train_time:201.902s step_avg:314.00ms
step:644/3250 train_time:202.201s step_avg:313.98ms
step:645/3250 train_time:202.500s step_avg:313.95ms
step:646/3250 train_time:202.800s step_avg:313.93ms
step:647/3250 train_time:203.100s step_avg:313.91ms
step:648/3250 train_time:203.400s step_avg:313.89ms
step:649/3250 train_time:203.701s step_avg:313.87ms
step:650/3250 train_time:204.001s step_avg:313.85ms
step:651/3250 train_time:204.302s step_avg:313.83ms
step:652/3250 train_time:204.601s step_avg:313.81ms
step:653/3250 train_time:204.903s step_avg:313.79ms
step:654/3250 train_time:205.202s step_avg:313.76ms
step:655/3250 train_time:205.501s step_avg:313.74ms
step:656/3250 train_time:205.807s step_avg:313.73ms
step:657/3250 train_time:206.105s step_avg:313.71ms
step:658/3250 train_time:206.400s step_avg:313.68ms
step:659/3250 train_time:206.702s step_avg:313.66ms
step:660/3250 train_time:207.000s step_avg:313.64ms
step:661/3250 train_time:207.300s step_avg:313.62ms
step:662/3250 train_time:207.605s step_avg:313.60ms
step:663/3250 train_time:207.903s step_avg:313.58ms
step:664/3250 train_time:208.202s step_avg:313.56ms
step:665/3250 train_time:208.502s step_avg:313.54ms
step:666/3250 train_time:208.802s step_avg:313.52ms
step:667/3250 train_time:209.103s step_avg:313.50ms
step:668/3250 train_time:209.403s step_avg:313.48ms
step:669/3250 train_time:209.702s step_avg:313.46ms
step:670/3250 train_time:210.000s step_avg:313.43ms
step:671/3250 train_time:210.300s step_avg:313.41ms
step:672/3250 train_time:210.601s step_avg:313.39ms
step:673/3250 train_time:210.901s step_avg:313.37ms
step:674/3250 train_time:211.202s step_avg:313.36ms
step:675/3250 train_time:211.502s step_avg:313.34ms
step:676/3250 train_time:211.803s step_avg:313.32ms
step:677/3250 train_time:212.103s step_avg:313.30ms
step:678/3250 train_time:212.401s step_avg:313.28ms
step:679/3250 train_time:212.700s step_avg:313.26ms
step:680/3250 train_time:213.000s step_avg:313.24ms
step:681/3250 train_time:213.300s step_avg:313.22ms
step:682/3250 train_time:213.600s step_avg:313.20ms
step:683/3250 train_time:213.904s step_avg:313.18ms
step:684/3250 train_time:214.202s step_avg:313.16ms
step:685/3250 train_time:214.503s step_avg:313.14ms
step:686/3250 train_time:214.802s step_avg:313.12ms
step:687/3250 train_time:215.104s step_avg:313.11ms
step:688/3250 train_time:215.401s step_avg:313.08ms
step:689/3250 train_time:215.701s step_avg:313.06ms
step:690/3250 train_time:216.001s step_avg:313.05ms
step:691/3250 train_time:216.302s step_avg:313.03ms
step:692/3250 train_time:216.601s step_avg:313.01ms
step:693/3250 train_time:216.902s step_avg:312.99ms
step:694/3250 train_time:217.200s step_avg:312.97ms
step:695/3250 train_time:217.500s step_avg:312.95ms
step:696/3250 train_time:217.801s step_avg:312.93ms
step:697/3250 train_time:218.103s step_avg:312.92ms
step:698/3250 train_time:218.402s step_avg:312.90ms
step:699/3250 train_time:218.702s step_avg:312.88ms
step:700/3250 train_time:219.004s step_avg:312.86ms
step:701/3250 train_time:219.302s step_avg:312.84ms
step:702/3250 train_time:219.603s step_avg:312.82ms
step:703/3250 train_time:219.902s step_avg:312.81ms
step:704/3250 train_time:220.203s step_avg:312.79ms
step:705/3250 train_time:220.502s step_avg:312.77ms
step:706/3250 train_time:220.801s step_avg:312.75ms
step:707/3250 train_time:221.103s step_avg:312.73ms
step:708/3250 train_time:221.403s step_avg:312.72ms
step:709/3250 train_time:221.701s step_avg:312.69ms
step:710/3250 train_time:222.000s step_avg:312.68ms
step:711/3250 train_time:222.303s step_avg:312.66ms
step:712/3250 train_time:222.602s step_avg:312.64ms
step:713/3250 train_time:222.902s step_avg:312.63ms
step:714/3250 train_time:223.202s step_avg:312.61ms
step:715/3250 train_time:223.503s step_avg:312.59ms
step:716/3250 train_time:223.803s step_avg:312.57ms
step:717/3250 train_time:224.104s step_avg:312.56ms
step:718/3250 train_time:224.404s step_avg:312.54ms
step:719/3250 train_time:224.703s step_avg:312.52ms
step:720/3250 train_time:225.002s step_avg:312.50ms
step:721/3250 train_time:225.301s step_avg:312.48ms
step:722/3250 train_time:225.601s step_avg:312.47ms
step:723/3250 train_time:225.901s step_avg:312.45ms
step:724/3250 train_time:226.202s step_avg:312.43ms
step:725/3250 train_time:226.501s step_avg:312.42ms
step:726/3250 train_time:226.800s step_avg:312.40ms
step:727/3250 train_time:227.101s step_avg:312.38ms
step:728/3250 train_time:227.401s step_avg:312.36ms
step:729/3250 train_time:227.700s step_avg:312.35ms
step:730/3250 train_time:228.003s step_avg:312.33ms
step:731/3250 train_time:228.302s step_avg:312.31ms
step:732/3250 train_time:228.602s step_avg:312.30ms
step:733/3250 train_time:228.901s step_avg:312.28ms
step:734/3250 train_time:229.202s step_avg:312.26ms
step:735/3250 train_time:229.501s step_avg:312.25ms
step:736/3250 train_time:229.801s step_avg:312.23ms
step:737/3250 train_time:230.100s step_avg:312.21ms
step:738/3250 train_time:230.400s step_avg:312.20ms
step:739/3250 train_time:230.701s step_avg:312.18ms
step:740/3250 train_time:231.002s step_avg:312.16ms
step:741/3250 train_time:231.301s step_avg:312.15ms
step:742/3250 train_time:231.601s step_avg:312.13ms
step:743/3250 train_time:231.902s step_avg:312.12ms
step:744/3250 train_time:232.203s step_avg:312.10ms
step:745/3250 train_time:232.501s step_avg:312.08ms
step:746/3250 train_time:232.803s step_avg:312.07ms
step:747/3250 train_time:233.101s step_avg:312.05ms
step:748/3250 train_time:233.400s step_avg:312.03ms
step:749/3250 train_time:233.701s step_avg:312.02ms
step:750/3250 train_time:234.001s step_avg:312.00ms
step:750/3250 val_loss:3.72219 train_time:234.005s step_avg:299.98ms
step:751/3250 train_time:234.300s step_avg:311.98ms
step:752/3250 train_time:234.599s step_avg:311.97ms
step:753/3250 train_time:234.900s step_avg:311.95ms
step:754/3250 train_time:235.198s step_avg:311.93ms
step:755/3250 train_time:235.499s step_avg:311.92ms
step:756/3250 train_time:235.799s step_avg:311.90ms
step:757/3250 train_time:236.100s step_avg:311.89ms
step:758/3250 train_time:236.399s step_avg:311.87ms
step:759/3250 train_time:236.700s step_avg:311.86ms
step:760/3250 train_time:237.001s step_avg:311.84ms
step:761/3250 train_time:237.356s step_avg:311.90ms
step:762/3250 train_time:237.654s step_avg:311.88ms
step:763/3250 train_time:237.952s step_avg:311.86ms
step:764/3250 train_time:238.257s step_avg:311.86ms
step:765/3250 train_time:238.557s step_avg:311.84ms
step:766/3250 train_time:238.856s step_avg:311.82ms
step:767/3250 train_time:239.159s step_avg:311.81ms
step:768/3250 train_time:239.460s step_avg:311.80ms
step:769/3250 train_time:239.757s step_avg:311.78ms
step:770/3250 train_time:240.058s step_avg:311.76ms
step:771/3250 train_time:240.358s step_avg:311.75ms
step:772/3250 train_time:240.658s step_avg:311.73ms
step:773/3250 train_time:240.958s step_avg:311.72ms
step:774/3250 train_time:241.258s step_avg:311.70ms
step:775/3250 train_time:241.559s step_avg:311.69ms
step:776/3250 train_time:241.858s step_avg:311.67ms
step:777/3250 train_time:242.158s step_avg:311.66ms
step:778/3250 train_time:242.459s step_avg:311.64ms
step:779/3250 train_time:242.760s step_avg:311.63ms
step:780/3250 train_time:243.060s step_avg:311.62ms
step:781/3250 train_time:243.359s step_avg:311.60ms
step:782/3250 train_time:243.658s step_avg:311.58ms
step:783/3250 train_time:243.958s step_avg:311.57ms
step:784/3250 train_time:244.258s step_avg:311.55ms
step:785/3250 train_time:244.557s step_avg:311.54ms
step:786/3250 train_time:244.858s step_avg:311.52ms
step:787/3250 train_time:245.158s step_avg:311.51ms
step:788/3250 train_time:245.459s step_avg:311.50ms
step:789/3250 train_time:245.758s step_avg:311.48ms
step:790/3250 train_time:246.058s step_avg:311.47ms
step:791/3250 train_time:246.358s step_avg:311.45ms
step:792/3250 train_time:246.658s step_avg:311.44ms
step:793/3250 train_time:246.958s step_avg:311.42ms
step:794/3250 train_time:247.258s step_avg:311.41ms
step:795/3250 train_time:247.558s step_avg:311.39ms
step:796/3250 train_time:247.857s step_avg:311.38ms
step:797/3250 train_time:248.157s step_avg:311.36ms
step:798/3250 train_time:248.458s step_avg:311.35ms
step:799/3250 train_time:248.757s step_avg:311.34ms
step:800/3250 train_time:249.058s step_avg:311.32ms
step:801/3250 train_time:249.359s step_avg:311.31ms
step:802/3250 train_time:249.659s step_avg:311.30ms
step:803/3250 train_time:249.959s step_avg:311.28ms
step:804/3250 train_time:250.258s step_avg:311.27ms
step:805/3250 train_time:250.559s step_avg:311.25ms
step:806/3250 train_time:250.858s step_avg:311.24ms
step:807/3250 train_time:251.159s step_avg:311.23ms
step:808/3250 train_time:251.458s step_avg:311.21ms
step:809/3250 train_time:251.758s step_avg:311.20ms
step:810/3250 train_time:252.058s step_avg:311.18ms
step:811/3250 train_time:252.358s step_avg:311.17ms
step:812/3250 train_time:252.659s step_avg:311.16ms
step:813/3250 train_time:252.961s step_avg:311.14ms
step:814/3250 train_time:253.260s step_avg:311.13ms
step:815/3250 train_time:253.558s step_avg:311.11ms
step:816/3250 train_time:253.859s step_avg:311.10ms
step:817/3250 train_time:254.160s step_avg:311.09ms
step:818/3250 train_time:254.460s step_avg:311.08ms
step:819/3250 train_time:254.761s step_avg:311.06ms
step:820/3250 train_time:255.058s step_avg:311.05ms
step:821/3250 train_time:255.359s step_avg:311.03ms
step:822/3250 train_time:255.658s step_avg:311.02ms
step:823/3250 train_time:255.958s step_avg:311.01ms
step:824/3250 train_time:256.258s step_avg:310.99ms
step:825/3250 train_time:256.558s step_avg:310.98ms
step:826/3250 train_time:256.858s step_avg:310.97ms
step:827/3250 train_time:257.158s step_avg:310.95ms
step:828/3250 train_time:257.459s step_avg:310.94ms
step:829/3250 train_time:257.758s step_avg:310.93ms
step:830/3250 train_time:258.058s step_avg:310.91ms
step:831/3250 train_time:258.359s step_avg:310.90ms
step:832/3250 train_time:258.658s step_avg:310.89ms
step:833/3250 train_time:258.959s step_avg:310.88ms
step:834/3250 train_time:259.260s step_avg:310.86ms
step:835/3250 train_time:259.558s step_avg:310.85ms
step:836/3250 train_time:259.860s step_avg:310.84ms
step:837/3250 train_time:260.159s step_avg:310.82ms
step:838/3250 train_time:260.458s step_avg:310.81ms
step:839/3250 train_time:260.755s step_avg:310.79ms
step:840/3250 train_time:261.056s step_avg:310.78ms
step:841/3250 train_time:261.357s step_avg:310.77ms
step:842/3250 train_time:261.659s step_avg:310.76ms
step:843/3250 train_time:261.960s step_avg:310.75ms
step:844/3250 train_time:262.258s step_avg:310.73ms
step:845/3250 train_time:262.558s step_avg:310.72ms
step:846/3250 train_time:262.858s step_avg:310.71ms
step:847/3250 train_time:263.160s step_avg:310.70ms
step:848/3250 train_time:263.460s step_avg:310.68ms
step:849/3250 train_time:263.761s step_avg:310.67ms
step:850/3250 train_time:264.060s step_avg:310.66ms
step:851/3250 train_time:264.358s step_avg:310.64ms
step:852/3250 train_time:264.656s step_avg:310.63ms
step:853/3250 train_time:264.957s step_avg:310.62ms
step:854/3250 train_time:265.258s step_avg:310.61ms
step:855/3250 train_time:265.558s step_avg:310.59ms
step:856/3250 train_time:265.858s step_avg:310.58ms
step:857/3250 train_time:266.158s step_avg:310.57ms
step:858/3250 train_time:266.459s step_avg:310.56ms
step:859/3250 train_time:266.759s step_avg:310.55ms
step:860/3250 train_time:267.059s step_avg:310.53ms
step:861/3250 train_time:267.360s step_avg:310.52ms
step:862/3250 train_time:267.659s step_avg:310.51ms
step:863/3250 train_time:267.959s step_avg:310.50ms
step:864/3250 train_time:268.260s step_avg:310.49ms
step:865/3250 train_time:268.560s step_avg:310.47ms
step:866/3250 train_time:268.859s step_avg:310.46ms
step:867/3250 train_time:269.159s step_avg:310.45ms
step:868/3250 train_time:269.460s step_avg:310.44ms
step:869/3250 train_time:269.759s step_avg:310.42ms
step:870/3250 train_time:270.059s step_avg:310.41ms
step:871/3250 train_time:270.359s step_avg:310.40ms
step:872/3250 train_time:270.658s step_avg:310.39ms
step:873/3250 train_time:270.958s step_avg:310.38ms
step:874/3250 train_time:271.260s step_avg:310.37ms
step:875/3250 train_time:271.558s step_avg:310.35ms
step:875/3250 val_loss:3.68087 train_time:271.562s step_avg:300.46ms
step:876/3250 train_time:271.856s step_avg:310.34ms
step:877/3250 train_time:272.153s step_avg:310.32ms
step:878/3250 train_time:272.452s step_avg:310.31ms
step:879/3250 train_time:272.752s step_avg:310.30ms
step:880/3250 train_time:273.051s step_avg:310.29ms
step:881/3250 train_time:273.351s step_avg:310.27ms
step:882/3250 train_time:273.651s step_avg:310.26ms
step:883/3250 train_time:273.952s step_avg:310.25ms
step:884/3250 train_time:274.252s step_avg:310.24ms
step:885/3250 train_time:274.551s step_avg:310.23ms
step:886/3250 train_time:274.851s step_avg:310.22ms
step:887/3250 train_time:275.151s step_avg:310.20ms
step:888/3250 train_time:275.451s step_avg:310.19ms
step:889/3250 train_time:275.752s step_avg:310.18ms
step:890/3250 train_time:276.051s step_avg:310.17ms
step:891/3250 train_time:276.352s step_avg:310.16ms
step:892/3250 train_time:276.651s step_avg:310.15ms
step:893/3250 train_time:276.951s step_avg:310.14ms
step:894/3250 train_time:277.251s step_avg:310.12ms
step:895/3250 train_time:277.552s step_avg:310.11ms
step:896/3250 train_time:277.852s step_avg:310.10ms
step:897/3250 train_time:278.152s step_avg:310.09ms
step:898/3250 train_time:278.453s step_avg:310.08ms
step:899/3250 train_time:278.754s step_avg:310.07ms
step:900/3250 train_time:279.051s step_avg:310.06ms
step:901/3250 train_time:279.352s step_avg:310.05ms
step:902/3250 train_time:279.653s step_avg:310.04ms
step:903/3250 train_time:279.952s step_avg:310.02ms
step:904/3250 train_time:280.252s step_avg:310.01ms
step:905/3250 train_time:280.552s step_avg:310.00ms
step:906/3250 train_time:280.851s step_avg:309.99ms
step:907/3250 train_time:281.151s step_avg:309.98ms
step:908/3250 train_time:281.451s step_avg:309.97ms
step:909/3250 train_time:281.751s step_avg:309.96ms
step:910/3250 train_time:282.052s step_avg:309.95ms
step:911/3250 train_time:282.351s step_avg:309.94ms
step:912/3250 train_time:282.651s step_avg:309.92ms
step:913/3250 train_time:282.951s step_avg:309.91ms
step:914/3250 train_time:283.252s step_avg:309.90ms
step:915/3250 train_time:283.552s step_avg:309.89ms
step:916/3250 train_time:283.854s step_avg:309.88ms
step:917/3250 train_time:284.155s step_avg:309.87ms
step:918/3250 train_time:284.451s step_avg:309.86ms
step:919/3250 train_time:284.751s step_avg:309.85ms
step:920/3250 train_time:285.052s step_avg:309.84ms
step:921/3250 train_time:285.352s step_avg:309.83ms
step:922/3250 train_time:285.651s step_avg:309.82ms
step:923/3250 train_time:285.952s step_avg:309.81ms
step:924/3250 train_time:286.251s step_avg:309.80ms
step:925/3250 train_time:286.551s step_avg:309.79ms
step:926/3250 train_time:286.851s step_avg:309.77ms
step:927/3250 train_time:287.152s step_avg:309.77ms
step:928/3250 train_time:287.452s step_avg:309.75ms
step:929/3250 train_time:287.752s step_avg:309.74ms
step:930/3250 train_time:288.052s step_avg:309.73ms
step:931/3250 train_time:288.353s step_avg:309.72ms
step:932/3250 train_time:288.651s step_avg:309.71ms
step:933/3250 train_time:288.951s step_avg:309.70ms
step:934/3250 train_time:289.252s step_avg:309.69ms
step:935/3250 train_time:289.553s step_avg:309.68ms
step:936/3250 train_time:289.852s step_avg:309.67ms
step:937/3250 train_time:290.152s step_avg:309.66ms
step:938/3250 train_time:290.451s step_avg:309.65ms
step:939/3250 train_time:290.751s step_avg:309.64ms
step:940/3250 train_time:291.051s step_avg:309.63ms
step:941/3250 train_time:291.352s step_avg:309.62ms
step:942/3250 train_time:291.652s step_avg:309.61ms
step:943/3250 train_time:291.952s step_avg:309.60ms
step:944/3250 train_time:292.252s step_avg:309.59ms
step:945/3250 train_time:292.552s step_avg:309.58ms
step:946/3250 train_time:292.851s step_avg:309.57ms
step:947/3250 train_time:293.153s step_avg:309.56ms
step:948/3250 train_time:293.451s step_avg:309.55ms
step:949/3250 train_time:293.752s step_avg:309.54ms
step:950/3250 train_time:294.052s step_avg:309.53ms
step:951/3250 train_time:294.403s step_avg:309.57ms
step:952/3250 train_time:294.696s step_avg:309.55ms
step:953/3250 train_time:294.992s step_avg:309.54ms
step:954/3250 train_time:295.296s step_avg:309.53ms
step:955/3250 train_time:295.593s step_avg:309.52ms
step:956/3250 train_time:295.891s step_avg:309.51ms
step:957/3250 train_time:296.194s step_avg:309.50ms
step:958/3250 train_time:296.495s step_avg:309.49ms
step:959/3250 train_time:296.792s step_avg:309.48ms
step:960/3250 train_time:297.092s step_avg:309.47ms
step:961/3250 train_time:297.392s step_avg:309.46ms
step:962/3250 train_time:297.691s step_avg:309.45ms
step:963/3250 train_time:297.991s step_avg:309.44ms
step:964/3250 train_time:298.292s step_avg:309.43ms
step:965/3250 train_time:298.591s step_avg:309.42ms
step:966/3250 train_time:298.892s step_avg:309.41ms
step:967/3250 train_time:299.191s step_avg:309.40ms
step:968/3250 train_time:299.492s step_avg:309.39ms
step:969/3250 train_time:299.791s step_avg:309.38ms
step:970/3250 train_time:300.092s step_avg:309.37ms
step:971/3250 train_time:300.391s step_avg:309.36ms
step:972/3250 train_time:300.691s step_avg:309.35ms
step:973/3250 train_time:300.991s step_avg:309.34ms
step:974/3250 train_time:301.292s step_avg:309.33ms
step:975/3250 train_time:301.593s step_avg:309.33ms
step:976/3250 train_time:301.893s step_avg:309.32ms
step:977/3250 train_time:302.192s step_avg:309.31ms
step:978/3250 train_time:302.491s step_avg:309.30ms
step:979/3250 train_time:302.792s step_avg:309.29ms
step:980/3250 train_time:303.091s step_avg:309.28ms
step:981/3250 train_time:303.390s step_avg:309.27ms
step:982/3250 train_time:303.690s step_avg:309.26ms
step:983/3250 train_time:303.991s step_avg:309.25ms
step:984/3250 train_time:304.291s step_avg:309.24ms
step:985/3250 train_time:304.591s step_avg:309.23ms
step:986/3250 train_time:304.890s step_avg:309.22ms
step:987/3250 train_time:305.191s step_avg:309.21ms
step:988/3250 train_time:305.490s step_avg:309.20ms
step:989/3250 train_time:305.790s step_avg:309.19ms
step:990/3250 train_time:306.090s step_avg:309.18ms
step:991/3250 train_time:306.391s step_avg:309.17ms
step:992/3250 train_time:306.691s step_avg:309.16ms
step:993/3250 train_time:306.991s step_avg:309.16ms
step:994/3250 train_time:307.292s step_avg:309.15ms
step:995/3250 train_time:307.591s step_avg:309.14ms
step:996/3250 train_time:307.891s step_avg:309.13ms
step:997/3250 train_time:308.191s step_avg:309.12ms
step:998/3250 train_time:308.491s step_avg:309.11ms
step:999/3250 train_time:308.791s step_avg:309.10ms
step:1000/3250 train_time:309.091s step_avg:309.09ms
step:1000/3250 val_loss:3.65143 train_time:309.095s step_avg:300.26ms
step:1001/3250 train_time:309.391s step_avg:309.08ms
step:1002/3250 train_time:310.065s step_avg:309.45ms
step:1003/3250 train_time:310.366s step_avg:309.44ms
step:1004/3250 train_time:310.670s step_avg:309.43ms
step:1005/3250 train_time:310.974s step_avg:309.43ms
step:1006/3250 train_time:311.279s step_avg:309.42ms
step:1007/3250 train_time:311.584s step_avg:309.42ms
step:1008/3250 train_time:311.887s step_avg:309.41ms
step:1009/3250 train_time:312.195s step_avg:309.41ms
step:1010/3250 train_time:312.502s step_avg:309.41ms
step:1011/3250 train_time:312.806s step_avg:309.40ms
step:1012/3250 train_time:313.108s step_avg:309.40ms
step:1013/3250 train_time:313.412s step_avg:309.39ms
step:1014/3250 train_time:313.717s step_avg:309.39ms
step:1015/3250 train_time:314.023s step_avg:309.38ms
step:1016/3250 train_time:314.326s step_avg:309.38ms
step:1017/3250 train_time:314.631s step_avg:309.37ms
step:1018/3250 train_time:314.934s step_avg:309.37ms
step:1019/3250 train_time:315.240s step_avg:309.36ms
step:1020/3250 train_time:315.544s step_avg:309.36ms
step:1021/3250 train_time:315.846s step_avg:309.35ms
step:1022/3250 train_time:316.148s step_avg:309.34ms
step:1023/3250 train_time:316.451s step_avg:309.34ms
step:1024/3250 train_time:316.754s step_avg:309.33ms
step:1025/3250 train_time:317.059s step_avg:309.33ms
step:1026/3250 train_time:317.362s step_avg:309.32ms
step:1027/3250 train_time:317.665s step_avg:309.31ms
step:1028/3250 train_time:317.970s step_avg:309.31ms
step:1029/3250 train_time:318.273s step_avg:309.30ms
step:1030/3250 train_time:318.580s step_avg:309.30ms
step:1031/3250 train_time:318.887s step_avg:309.30ms
step:1032/3250 train_time:319.191s step_avg:309.29ms
step:1033/3250 train_time:319.502s step_avg:309.30ms
step:1034/3250 train_time:319.806s step_avg:309.29ms
step:1035/3250 train_time:320.109s step_avg:309.28ms
step:1036/3250 train_time:320.412s step_avg:309.28ms
step:1037/3250 train_time:320.717s step_avg:309.27ms
step:1038/3250 train_time:321.021s step_avg:309.27ms
step:1039/3250 train_time:321.323s step_avg:309.26ms
step:1040/3250 train_time:321.626s step_avg:309.26ms
step:1041/3250 train_time:321.927s step_avg:309.25ms
step:1042/3250 train_time:322.231s step_avg:309.24ms
step:1043/3250 train_time:322.535s step_avg:309.24ms
step:1044/3250 train_time:322.839s step_avg:309.23ms
step:1045/3250 train_time:323.143s step_avg:309.23ms
step:1046/3250 train_time:323.446s step_avg:309.22ms
step:1047/3250 train_time:323.747s step_avg:309.21ms
step:1048/3250 train_time:324.049s step_avg:309.21ms
step:1049/3250 train_time:324.352s step_avg:309.20ms
step:1050/3250 train_time:324.657s step_avg:309.20ms
step:1051/3250 train_time:324.961s step_avg:309.19ms
step:1052/3250 train_time:325.266s step_avg:309.19ms
step:1053/3250 train_time:325.567s step_avg:309.18ms
step:1054/3250 train_time:325.869s step_avg:309.17ms
step:1055/3250 train_time:326.171s step_avg:309.17ms
step:1056/3250 train_time:326.475s step_avg:309.16ms
step:1057/3250 train_time:326.778s step_avg:309.16ms
step:1058/3250 train_time:327.083s step_avg:309.15ms
step:1059/3250 train_time:327.386s step_avg:309.15ms
step:1060/3250 train_time:327.688s step_avg:309.14ms
step:1061/3250 train_time:327.991s step_avg:309.13ms
step:1062/3250 train_time:328.295s step_avg:309.13ms
step:1063/3250 train_time:328.599s step_avg:309.12ms
step:1064/3250 train_time:328.903s step_avg:309.12ms
step:1065/3250 train_time:329.207s step_avg:309.11ms
step:1066/3250 train_time:329.509s step_avg:309.11ms
step:1067/3250 train_time:329.811s step_avg:309.10ms
step:1068/3250 train_time:330.114s step_avg:309.10ms
step:1069/3250 train_time:330.420s step_avg:309.09ms
step:1070/3250 train_time:330.724s step_avg:309.09ms
step:1071/3250 train_time:331.027s step_avg:309.08ms
step:1072/3250 train_time:331.330s step_avg:309.08ms
step:1073/3250 train_time:331.634s step_avg:309.07ms
step:1074/3250 train_time:331.939s step_avg:309.07ms
step:1075/3250 train_time:332.247s step_avg:309.07ms
step:1076/3250 train_time:332.550s step_avg:309.06ms
step:1077/3250 train_time:332.852s step_avg:309.05ms
step:1078/3250 train_time:333.156s step_avg:309.05ms
step:1079/3250 train_time:333.460s step_avg:309.05ms
step:1080/3250 train_time:333.764s step_avg:309.04ms
step:1081/3250 train_time:334.069s step_avg:309.04ms
step:1082/3250 train_time:334.376s step_avg:309.04ms
step:1083/3250 train_time:334.678s step_avg:309.03ms
step:1084/3250 train_time:334.985s step_avg:309.03ms
step:1085/3250 train_time:335.287s step_avg:309.02ms
step:1086/3250 train_time:335.591s step_avg:309.02ms
step:1087/3250 train_time:335.901s step_avg:309.02ms
step:1088/3250 train_time:336.210s step_avg:309.02ms
step:1089/3250 train_time:336.512s step_avg:309.01ms
step:1090/3250 train_time:336.826s step_avg:309.01ms
step:1091/3250 train_time:337.136s step_avg:309.02ms
step:1092/3250 train_time:337.442s step_avg:309.01ms
step:1093/3250 train_time:337.752s step_avg:309.01ms
step:1094/3250 train_time:338.056s step_avg:309.01ms
step:1095/3250 train_time:338.361s step_avg:309.01ms
step:1096/3250 train_time:338.664s step_avg:309.00ms
step:1097/3250 train_time:338.967s step_avg:308.99ms
step:1098/3250 train_time:339.271s step_avg:308.99ms
step:1099/3250 train_time:339.574s step_avg:308.98ms
step:1100/3250 train_time:339.879s step_avg:308.98ms
step:1101/3250 train_time:340.183s step_avg:308.98ms
step:1102/3250 train_time:340.485s step_avg:308.97ms
step:1103/3250 train_time:340.788s step_avg:308.96ms
step:1104/3250 train_time:341.091s step_avg:308.96ms
step:1105/3250 train_time:341.393s step_avg:308.95ms
step:1106/3250 train_time:341.700s step_avg:308.95ms
step:1107/3250 train_time:342.008s step_avg:308.95ms
step:1108/3250 train_time:342.311s step_avg:308.95ms
step:1109/3250 train_time:342.615s step_avg:308.94ms
step:1110/3250 train_time:342.919s step_avg:308.94ms
step:1111/3250 train_time:343.222s step_avg:308.93ms
step:1112/3250 train_time:343.526s step_avg:308.93ms
step:1113/3250 train_time:343.827s step_avg:308.92ms
step:1114/3250 train_time:344.131s step_avg:308.91ms
step:1115/3250 train_time:344.437s step_avg:308.91ms
step:1116/3250 train_time:344.741s step_avg:308.91ms
step:1117/3250 train_time:345.044s step_avg:308.90ms
step:1118/3250 train_time:345.346s step_avg:308.90ms
step:1119/3250 train_time:345.649s step_avg:308.89ms
step:1120/3250 train_time:345.951s step_avg:308.88ms
step:1121/3250 train_time:346.254s step_avg:308.88ms
step:1122/3250 train_time:346.558s step_avg:308.88ms
step:1123/3250 train_time:346.862s step_avg:308.87ms
step:1124/3250 train_time:347.165s step_avg:308.87ms
step:1125/3250 train_time:347.469s step_avg:308.86ms
step:1125/3250 val_loss:3.59906 train_time:347.470s step_avg:307.00ms
probe_ema: n=84934656 align=-0.37426,-0.33653,-0.29569,-0.25117 rel_mse=1.06891,1.03711,1.01948,1.01005
step:1126/3250 train_time:347.769s step_avg:308.85ms
step:1127/3250 train_time:348.072s step_avg:308.85ms
step:1128/3250 train_time:348.378s step_avg:308.85ms
step:1129/3250 train_time:348.683s step_avg:308.84ms
step:1130/3250 train_time:348.986s step_avg:308.84ms
step:1131/3250 train_time:349.289s step_avg:308.83ms
step:1132/3250 train_time:349.592s step_avg:308.83ms
step:1133/3250 train_time:349.902s step_avg:308.83ms
step:1134/3250 train_time:350.204s step_avg:308.82ms
step:1135/3250 train_time:350.508s step_avg:308.82ms
step:1136/3250 train_time:350.812s step_avg:308.81ms
step:1137/3250 train_time:351.118s step_avg:308.81ms
step:1138/3250 train_time:351.422s step_avg:308.81ms
step:1139/3250 train_time:351.724s step_avg:308.80ms
step:1140/3250 train_time:352.027s step_avg:308.80ms
step:1141/3250 train_time:352.399s step_avg:308.85ms
step:1142/3250 train_time:352.701s step_avg:308.85ms
step:1143/3250 train_time:353.006s step_avg:308.84ms
step:1144/3250 train_time:353.313s step_avg:308.84ms
step:1145/3250 train_time:353.618s step_avg:308.84ms
step:1146/3250 train_time:353.922s step_avg:308.83ms
step:1147/3250 train_time:354.225s step_avg:308.83ms
step:1148/3250 train_time:354.530s step_avg:308.82ms
step:1149/3250 train_time:354.835s step_avg:308.82ms
step:1150/3250 train_time:355.140s step_avg:308.82ms
step:1151/3250 train_time:355.444s step_avg:308.81ms
step:1152/3250 train_time:355.749s step_avg:308.81ms
step:1153/3250 train_time:356.055s step_avg:308.81ms
step:1154/3250 train_time:356.359s step_avg:308.80ms
step:1155/3250 train_time:356.662s step_avg:308.80ms
step:1156/3250 train_time:356.967s step_avg:308.79ms
step:1157/3250 train_time:357.270s step_avg:308.79ms
step:1158/3250 train_time:357.576s step_avg:308.79ms
step:1159/3250 train_time:357.880s step_avg:308.78ms
step:1160/3250 train_time:358.184s step_avg:308.78ms
step:1161/3250 train_time:358.487s step_avg:308.77ms
step:1162/3250 train_time:358.790s step_avg:308.77ms
step:1163/3250 train_time:359.097s step_avg:308.77ms
step:1164/3250 train_time:359.401s step_avg:308.76ms
step:1165/3250 train_time:359.706s step_avg:308.76ms
step:1166/3250 train_time:360.012s step_avg:308.76ms
step:1167/3250 train_time:360.318s step_avg:308.76ms
step:1168/3250 train_time:360.622s step_avg:308.75ms
step:1169/3250 train_time:360.925s step_avg:308.75ms
step:1170/3250 train_time:361.228s step_avg:308.74ms
step:1171/3250 train_time:361.534s step_avg:308.74ms
step:1172/3250 train_time:361.839s step_avg:308.74ms
step:1173/3250 train_time:362.143s step_avg:308.73ms
step:1174/3250 train_time:362.448s step_avg:308.73ms
step:1175/3250 train_time:362.752s step_avg:308.73ms
step:1176/3250 train_time:363.057s step_avg:308.72ms
step:1177/3250 train_time:363.362s step_avg:308.72ms
step:1178/3250 train_time:363.666s step_avg:308.71ms
step:1179/3250 train_time:363.971s step_avg:308.71ms
step:1180/3250 train_time:364.279s step_avg:308.71ms
step:1181/3250 train_time:364.586s step_avg:308.71ms
step:1182/3250 train_time:364.894s step_avg:308.71ms
step:1183/3250 train_time:365.201s step_avg:308.71ms
step:1184/3250 train_time:365.506s step_avg:308.70ms
step:1185/3250 train_time:365.811s step_avg:308.70ms
step:1186/3250 train_time:366.118s step_avg:308.70ms
step:1187/3250 train_time:366.422s step_avg:308.70ms
step:1188/3250 train_time:366.725s step_avg:308.69ms
step:1189/3250 train_time:367.029s step_avg:308.69ms
step:1190/3250 train_time:367.333s step_avg:308.68ms
step:1191/3250 train_time:367.639s step_avg:308.68ms
step:1192/3250 train_time:367.944s step_avg:308.68ms
step:1193/3250 train_time:368.248s step_avg:308.67ms
step:1194/3250 train_time:368.553s step_avg:308.67ms
step:1195/3250 train_time:368.859s step_avg:308.67ms
step:1196/3250 train_time:369.163s step_avg:308.66ms
step:1197/3250 train_time:369.465s step_avg:308.66ms
step:1198/3250 train_time:369.767s step_avg:308.65ms
step:1199/3250 train_time:370.072s step_avg:308.65ms
step:1200/3250 train_time:370.378s step_avg:308.65ms
step:1201/3250 train_time:370.682s step_avg:308.64ms
step:1202/3250 train_time:370.985s step_avg:308.64ms
step:1203/3250 train_time:371.287s step_avg:308.63ms
step:1204/3250 train_time:371.592s step_avg:308.63ms
step:1205/3250 train_time:371.898s step_avg:308.63ms
step:1206/3250 train_time:372.202s step_avg:308.63ms
step:1207/3250 train_time:372.506s step_avg:308.62ms
step:1208/3250 train_time:372.811s step_avg:308.62ms
step:1209/3250 train_time:373.117s step_avg:308.62ms
step:1210/3250 train_time:373.421s step_avg:308.61ms
step:1211/3250 train_time:373.725s step_avg:308.61ms
step:1212/3250 train_time:374.029s step_avg:308.60ms
step:1213/3250 train_time:374.333s step_avg:308.60ms
step:1214/3250 train_time:374.638s step_avg:308.60ms
step:1215/3250 train_time:374.943s step_avg:308.60ms
step:1216/3250 train_time:375.247s step_avg:308.59ms
step:1217/3250 train_time:375.551s step_avg:308.59ms
step:1218/3250 train_time:375.858s step_avg:308.59ms
step:1219/3250 train_time:376.162s step_avg:308.58ms
step:1220/3250 train_time:376.464s step_avg:308.58ms
step:1221/3250 train_time:376.767s step_avg:308.57ms
step:1222/3250 train_time:377.071s step_avg:308.57ms
step:1223/3250 train_time:377.378s step_avg:308.57ms
step:1224/3250 train_time:377.684s step_avg:308.57ms
step:1225/3250 train_time:377.987s step_avg:308.56ms
step:1226/3250 train_time:378.290s step_avg:308.56ms
step:1227/3250 train_time:378.597s step_avg:308.55ms
step:1228/3250 train_time:378.901s step_avg:308.55ms
step:1229/3250 train_time:379.206s step_avg:308.55ms
step:1230/3250 train_time:379.512s step_avg:308.55ms
step:1231/3250 train_time:379.818s step_avg:308.54ms
step:1232/3250 train_time:380.121s step_avg:308.54ms
step:1233/3250 train_time:380.424s step_avg:308.54ms
step:1234/3250 train_time:380.729s step_avg:308.53ms
step:1235/3250 train_time:381.033s step_avg:308.53ms
step:1236/3250 train_time:381.338s step_avg:308.53ms
step:1237/3250 train_time:381.643s step_avg:308.52ms
step:1238/3250 train_time:381.958s step_avg:308.53ms
step:1239/3250 train_time:382.260s step_avg:308.52ms
step:1240/3250 train_time:382.562s step_avg:308.52ms
step:1241/3250 train_time:382.865s step_avg:308.51ms
step:1242/3250 train_time:383.169s step_avg:308.51ms
step:1243/3250 train_time:383.471s step_avg:308.50ms
step:1244/3250 train_time:383.777s step_avg:308.50ms
step:1245/3250 train_time:384.083s step_avg:308.50ms
step:1246/3250 train_time:384.393s step_avg:308.50ms
step:1247/3250 train_time:384.701s step_avg:308.50ms
step:1248/3250 train_time:385.006s step_avg:308.50ms
step:1249/3250 train_time:385.314s step_avg:308.50ms
step:1250/3250 train_time:385.621s step_avg:308.50ms
step:1250/3250 val_loss:3.56864 train_time:385.623s step_avg:305.22ms
probe_ema: n=84934656 align=-0.38252,-0.34123,-0.29880,-0.25309 rel_mse=1.07203,1.03816,1.01979,1.01010
step:1251/3250 train_time:385.927s step_avg:308.49ms
step:1252/3250 train_time:386.230s step_avg:308.49ms
step:1253/3250 train_time:386.532s step_avg:308.49ms
step:1254/3250 train_time:386.836s step_avg:308.48ms
step:1255/3250 train_time:387.144s step_avg:308.48ms
step:1256/3250 train_time:387.448s step_avg:308.48ms
step:1257/3250 train_time:387.752s step_avg:308.47ms
step:1258/3250 train_time:388.056s step_avg:308.47ms
step:1259/3250 train_time:388.364s step_avg:308.47ms
step:1260/3250 train_time:388.668s step_avg:308.47ms
step:1261/3250 train_time:388.982s step_avg:308.47ms
step:1262/3250 train_time:389.295s step_avg:308.47ms
step:1263/3250 train_time:389.602s step_avg:308.47ms
step:1264/3250 train_time:389.906s step_avg:308.47ms
step:1265/3250 train_time:390.211s step_avg:308.47ms
step:1266/3250 train_time:390.514s step_avg:308.46ms
step:1267/3250 train_time:390.821s step_avg:308.46ms
step:1268/3250 train_time:391.138s step_avg:308.47ms
step:1269/3250 train_time:391.453s step_avg:308.47ms
step:1270/3250 train_time:391.769s step_avg:308.48ms
step:1271/3250 train_time:392.080s step_avg:308.48ms
step:1272/3250 train_time:392.394s step_avg:308.49ms
step:1273/3250 train_time:392.707s step_avg:308.49ms
step:1274/3250 train_time:393.021s step_avg:308.49ms
step:1275/3250 train_time:393.325s step_avg:308.49ms
step:1276/3250 train_time:393.629s step_avg:308.49ms
step:1277/3250 train_time:393.934s step_avg:308.48ms
step:1278/3250 train_time:394.239s step_avg:308.48ms
step:1279/3250 train_time:394.544s step_avg:308.48ms
step:1280/3250 train_time:394.848s step_avg:308.48ms
step:1281/3250 train_time:395.152s step_avg:308.47ms
step:1282/3250 train_time:395.456s step_avg:308.47ms
step:1283/3250 train_time:395.762s step_avg:308.47ms
step:1284/3250 train_time:396.066s step_avg:308.46ms
step:1285/3250 train_time:396.370s step_avg:308.46ms
step:1286/3250 train_time:396.674s step_avg:308.46ms
step:1287/3250 train_time:396.980s step_avg:308.45ms
step:1288/3250 train_time:397.284s step_avg:308.45ms
step:1289/3250 train_time:397.591s step_avg:308.45ms
step:1290/3250 train_time:397.895s step_avg:308.45ms
step:1291/3250 train_time:398.198s step_avg:308.44ms
step:1292/3250 train_time:398.505s step_avg:308.44ms
step:1293/3250 train_time:398.813s step_avg:308.44ms
step:1294/3250 train_time:399.121s step_avg:308.44ms
step:1295/3250 train_time:399.427s step_avg:308.44ms
step:1296/3250 train_time:399.730s step_avg:308.43ms
step:1297/3250 train_time:400.034s step_avg:308.43ms
step:1298/3250 train_time:400.341s step_avg:308.43ms
step:1299/3250 train_time:400.649s step_avg:308.43ms
step:1300/3250 train_time:400.952s step_avg:308.42ms
step:1301/3250 train_time:401.258s step_avg:308.42ms
step:1302/3250 train_time:401.565s step_avg:308.42ms
step:1303/3250 train_time:401.869s step_avg:308.42ms
step:1304/3250 train_time:402.173s step_avg:308.42ms
step:1305/3250 train_time:402.482s step_avg:308.42ms
step:1306/3250 train_time:402.788s step_avg:308.41ms
step:1307/3250 train_time:403.091s step_avg:308.41ms
step:1308/3250 train_time:403.395s step_avg:308.41ms
step:1309/3250 train_time:403.706s step_avg:308.41ms
step:1310/3250 train_time:404.009s step_avg:308.40ms
step:1311/3250 train_time:404.318s step_avg:308.40ms
step:1312/3250 train_time:404.625s step_avg:308.40ms
step:1313/3250 train_time:404.930s step_avg:308.40ms
step:1314/3250 train_time:405.235s step_avg:308.40ms
step:1315/3250 train_time:405.543s step_avg:308.40ms
step:1316/3250 train_time:405.851s step_avg:308.40ms
step:1317/3250 train_time:406.155s step_avg:308.39ms
step:1318/3250 train_time:406.463s step_avg:308.39ms
step:1319/3250 train_time:406.769s step_avg:308.39ms
step:1320/3250 train_time:407.072s step_avg:308.39ms
step:1321/3250 train_time:407.379s step_avg:308.39ms
step:1322/3250 train_time:407.689s step_avg:308.39ms
step:1323/3250 train_time:407.996s step_avg:308.39ms
step:1324/3250 train_time:408.303s step_avg:308.39ms
step:1325/3250 train_time:408.613s step_avg:308.39ms
step:1326/3250 train_time:408.923s step_avg:308.39ms
step:1327/3250 train_time:409.236s step_avg:308.39ms
step:1328/3250 train_time:409.544s step_avg:308.39ms
step:1329/3250 train_time:409.850s step_avg:308.39ms
step:1330/3250 train_time:410.157s step_avg:308.39ms
step:1331/3250 train_time:410.532s step_avg:308.44ms
step:1332/3250 train_time:410.841s step_avg:308.44ms
step:1333/3250 train_time:411.154s step_avg:308.44ms
step:1334/3250 train_time:411.461s step_avg:308.44ms
step:1335/3250 train_time:411.772s step_avg:308.44ms
step:1336/3250 train_time:412.082s step_avg:308.44ms
step:1337/3250 train_time:412.387s step_avg:308.44ms
step:1338/3250 train_time:412.690s step_avg:308.44ms
step:1339/3250 train_time:412.994s step_avg:308.43ms
step:1340/3250 train_time:413.302s step_avg:308.43ms
step:1341/3250 train_time:413.607s step_avg:308.43ms
step:1342/3250 train_time:413.911s step_avg:308.43ms
step:1343/3250 train_time:414.217s step_avg:308.43ms
step:1344/3250 train_time:414.524s step_avg:308.43ms
step:1345/3250 train_time:414.828s step_avg:308.42ms
step:1346/3250 train_time:415.132s step_avg:308.42ms
step:1347/3250 train_time:415.437s step_avg:308.42ms
step:1348/3250 train_time:415.743s step_avg:308.41ms
step:1349/3250 train_time:416.048s step_avg:308.41ms
step:1350/3250 train_time:416.359s step_avg:308.41ms
step:1351/3250 train_time:416.664s step_avg:308.41ms
step:1352/3250 train_time:416.968s step_avg:308.41ms
step:1353/3250 train_time:417.271s step_avg:308.40ms
step:1354/3250 train_time:417.578s step_avg:308.40ms
step:1355/3250 train_time:417.885s step_avg:308.40ms
step:1356/3250 train_time:418.190s step_avg:308.40ms
step:1357/3250 train_time:418.496s step_avg:308.40ms
step:1358/3250 train_time:418.805s step_avg:308.40ms
step:1359/3250 train_time:419.113s step_avg:308.40ms
step:1360/3250 train_time:419.421s step_avg:308.40ms
step:1361/3250 train_time:419.727s step_avg:308.40ms
step:1362/3250 train_time:420.030s step_avg:308.39ms
step:1363/3250 train_time:420.338s step_avg:308.39ms
step:1364/3250 train_time:420.655s step_avg:308.40ms
step:1365/3250 train_time:420.968s step_avg:308.40ms
step:1366/3250 train_time:421.270s step_avg:308.40ms
step:1367/3250 train_time:421.581s step_avg:308.40ms
step:1368/3250 train_time:421.887s step_avg:308.40ms
step:1369/3250 train_time:422.190s step_avg:308.39ms
step:1370/3250 train_time:422.496s step_avg:308.39ms
step:1371/3250 train_time:422.803s step_avg:308.39ms
step:1372/3250 train_time:423.116s step_avg:308.39ms
step:1373/3250 train_time:423.426s step_avg:308.39ms
step:1374/3250 train_time:423.729s step_avg:308.39ms
step:1375/3250 train_time:424.039s step_avg:308.39ms
step:1375/3250 val_loss:3.55015 train_time:424.041s step_avg:307.35ms
probe_ema: n=84934656 align=-0.33922,-0.30507,-0.27480,-0.24361 rel_mse=1.07004,1.03807,1.02000,1.01035
step:1376/3250 train_time:424.346s step_avg:308.39ms
step:1377/3250 train_time:424.656s step_avg:308.39ms
step:1378/3250 train_time:424.963s step_avg:308.39ms
step:1379/3250 train_time:425.267s step_avg:308.39ms
step:1380/3250 train_time:425.571s step_avg:308.38ms
step:1381/3250 train_time:425.885s step_avg:308.39ms
step:1382/3250 train_time:426.193s step_avg:308.39ms
step:1383/3250 train_time:426.502s step_avg:308.39ms
step:1384/3250 train_time:426.809s step_avg:308.39ms
step:1385/3250 train_time:427.113s step_avg:308.38ms
step:1386/3250 train_time:427.419s step_avg:308.38ms
step:1387/3250 train_time:427.723s step_avg:308.38ms
step:1388/3250 train_time:428.027s step_avg:308.38ms
step:1389/3250 train_time:428.330s step_avg:308.37ms
step:1390/3250 train_time:428.635s step_avg:308.37ms
step:1391/3250 train_time:428.940s step_avg:308.37ms
step:1392/3250 train_time:429.246s step_avg:308.37ms
step:1393/3250 train_time:429.550s step_avg:308.36ms
step:1394/3250 train_time:429.855s step_avg:308.36ms
step:1395/3250 train_time:430.162s step_avg:308.36ms
step:1396/3250 train_time:430.466s step_avg:308.36ms
step:1397/3250 train_time:430.771s step_avg:308.35ms
step:1398/3250 train_time:431.076s step_avg:308.35ms
step:1399/3250 train_time:431.381s step_avg:308.35ms
step:1400/3250 train_time:431.685s step_avg:308.35ms
step:1401/3250 train_time:431.989s step_avg:308.34ms
step:1402/3250 train_time:432.294s step_avg:308.34ms
step:1403/3250 train_time:432.599s step_avg:308.34ms
step:1404/3250 train_time:432.903s step_avg:308.34ms
step:1405/3250 train_time:433.207s step_avg:308.33ms
step:1406/3250 train_time:433.510s step_avg:308.33ms
step:1407/3250 train_time:433.814s step_avg:308.33ms
step:1408/3250 train_time:434.119s step_avg:308.32ms
step:1409/3250 train_time:434.425s step_avg:308.32ms
step:1410/3250 train_time:434.739s step_avg:308.33ms
step:1411/3250 train_time:435.053s step_avg:308.33ms
step:1412/3250 train_time:435.361s step_avg:308.33ms
step:1413/3250 train_time:435.667s step_avg:308.33ms
step:1414/3250 train_time:435.970s step_avg:308.32ms
step:1415/3250 train_time:436.277s step_avg:308.32ms
step:1416/3250 train_time:436.584s step_avg:308.32ms
step:1417/3250 train_time:436.890s step_avg:308.32ms
step:1418/3250 train_time:437.196s step_avg:308.32ms
step:1419/3250 train_time:437.508s step_avg:308.32ms
step:1420/3250 train_time:437.814s step_avg:308.32ms
step:1421/3250 train_time:438.123s step_avg:308.32ms
step:1422/3250 train_time:438.428s step_avg:308.32ms
step:1423/3250 train_time:438.734s step_avg:308.32ms
step:1424/3250 train_time:439.042s step_avg:308.32ms
step:1425/3250 train_time:439.346s step_avg:308.31ms
step:1426/3250 train_time:439.652s step_avg:308.31ms
step:1427/3250 train_time:439.957s step_avg:308.31ms
step:1428/3250 train_time:440.262s step_avg:308.31ms
step:1429/3250 train_time:440.565s step_avg:308.30ms
step:1430/3250 train_time:440.868s step_avg:308.30ms
step:1431/3250 train_time:441.173s step_avg:308.30ms
step:1432/3250 train_time:441.476s step_avg:308.29ms
step:1433/3250 train_time:441.781s step_avg:308.29ms
step:1434/3250 train_time:442.086s step_avg:308.29ms
step:1435/3250 train_time:442.390s step_avg:308.29ms
step:1436/3250 train_time:442.695s step_avg:308.28ms
step:1437/3250 train_time:443.001s step_avg:308.28ms
step:1438/3250 train_time:443.307s step_avg:308.28ms
step:1439/3250 train_time:443.609s step_avg:308.28ms
step:1440/3250 train_time:443.912s step_avg:308.27ms
step:1441/3250 train_time:444.215s step_avg:308.27ms
step:1442/3250 train_time:444.521s step_avg:308.27ms
step:1443/3250 train_time:444.825s step_avg:308.26ms
step:1444/3250 train_time:445.131s step_avg:308.26ms
step:1445/3250 train_time:445.436s step_avg:308.26ms
step:1446/3250 train_time:445.742s step_avg:308.26ms
step:1447/3250 train_time:446.046s step_avg:308.26ms
step:1448/3250 train_time:446.350s step_avg:308.25ms
step:1449/3250 train_time:446.655s step_avg:308.25ms
step:1450/3250 train_time:446.963s step_avg:308.25ms
step:1451/3250 train_time:447.269s step_avg:308.25ms
step:1452/3250 train_time:447.575s step_avg:308.25ms
step:1453/3250 train_time:447.883s step_avg:308.25ms
step:1454/3250 train_time:448.188s step_avg:308.24ms
step:1455/3250 train_time:448.492s step_avg:308.24ms
step:1456/3250 train_time:448.797s step_avg:308.24ms
step:1457/3250 train_time:449.105s step_avg:308.24ms
step:1458/3250 train_time:449.408s step_avg:308.24ms
step:1459/3250 train_time:449.712s step_avg:308.23ms
step:1460/3250 train_time:450.017s step_avg:308.23ms
step:1461/3250 train_time:450.323s step_avg:308.23ms
step:1462/3250 train_time:450.627s step_avg:308.23ms
step:1463/3250 train_time:450.930s step_avg:308.22ms
step:1464/3250 train_time:451.235s step_avg:308.22ms
step:1465/3250 train_time:451.541s step_avg:308.22ms
step:1466/3250 train_time:451.843s step_avg:308.21ms
step:1467/3250 train_time:452.149s step_avg:308.21ms
step:1468/3250 train_time:452.455s step_avg:308.21ms
step:1469/3250 train_time:452.764s step_avg:308.21ms
step:1470/3250 train_time:453.069s step_avg:308.21ms
step:1471/3250 train_time:453.374s step_avg:308.21ms
step:1472/3250 train_time:453.682s step_avg:308.21ms
step:1473/3250 train_time:453.990s step_avg:308.21ms
step:1474/3250 train_time:454.296s step_avg:308.21ms
step:1475/3250 train_time:454.605s step_avg:308.21ms
step:1476/3250 train_time:454.910s step_avg:308.20ms
step:1477/3250 train_time:455.216s step_avg:308.20ms
step:1478/3250 train_time:455.523s step_avg:308.20ms
step:1479/3250 train_time:455.828s step_avg:308.20ms
step:1480/3250 train_time:456.132s step_avg:308.20ms
step:1481/3250 train_time:456.437s step_avg:308.19ms
step:1482/3250 train_time:456.743s step_avg:308.19ms
step:1483/3250 train_time:457.047s step_avg:308.19ms
step:1484/3250 train_time:457.351s step_avg:308.19ms
step:1485/3250 train_time:457.656s step_avg:308.19ms
step:1486/3250 train_time:457.963s step_avg:308.18ms
step:1487/3250 train_time:458.266s step_avg:308.18ms
step:1488/3250 train_time:458.569s step_avg:308.18ms
step:1489/3250 train_time:458.875s step_avg:308.18ms
step:1490/3250 train_time:459.182s step_avg:308.18ms
step:1491/3250 train_time:459.486s step_avg:308.17ms
step:1492/3250 train_time:459.789s step_avg:308.17ms
step:1493/3250 train_time:460.094s step_avg:308.17ms
step:1494/3250 train_time:460.400s step_avg:308.17ms
step:1495/3250 train_time:460.704s step_avg:308.16ms
step:1496/3250 train_time:461.007s step_avg:308.16ms
step:1497/3250 train_time:461.310s step_avg:308.16ms
step:1498/3250 train_time:461.613s step_avg:308.15ms
step:1499/3250 train_time:461.920s step_avg:308.15ms
step:1500/3250 train_time:462.227s step_avg:308.15ms
step:1500/3250 val_loss:3.52256 train_time:462.228s step_avg:305.50ms
probe_ema: n=84934656 align=-0.28920,-0.26288,-0.23444,-0.20310 rel_mse=1.05100,1.02752,1.01450,1.00751
step:1501/3250 train_time:462.535s step_avg:308.15ms
step:1502/3250 train_time:462.839s step_avg:308.15ms
step:1503/3250 train_time:463.144s step_avg:308.15ms
step:1504/3250 train_time:463.450s step_avg:308.15ms
step:1505/3250 train_time:463.754s step_avg:308.14ms
step:1506/3250 train_time:464.057s step_avg:308.14ms
step:1507/3250 train_time:464.360s step_avg:308.14ms
step:1508/3250 train_time:464.663s step_avg:308.13ms
step:1509/3250 train_time:464.969s step_avg:308.13ms
step:1510/3250 train_time:465.273s step_avg:308.13ms
step:1511/3250 train_time:465.577s step_avg:308.13ms
step:1512/3250 train_time:465.880s step_avg:308.12ms
step:1513/3250 train_time:466.184s step_avg:308.12ms
step:1514/3250 train_time:466.490s step_avg:308.12ms
step:1515/3250 train_time:466.793s step_avg:308.11ms
step:1516/3250 train_time:467.096s step_avg:308.11ms
step:1517/3250 train_time:467.400s step_avg:308.11ms
step:1518/3250 train_time:467.703s step_avg:308.10ms
step:1519/3250 train_time:468.006s step_avg:308.10ms
step:1520/3250 train_time:468.312s step_avg:308.10ms
step:1521/3250 train_time:468.677s step_avg:308.14ms
step:1522/3250 train_time:468.981s step_avg:308.13ms
step:1523/3250 train_time:469.292s step_avg:308.14ms
step:1524/3250 train_time:469.594s step_avg:308.13ms
step:1525/3250 train_time:469.896s step_avg:308.13ms
step:1526/3250 train_time:470.199s step_avg:308.13ms
step:1527/3250 train_time:470.505s step_avg:308.12ms
step:1528/3250 train_time:470.810s step_avg:308.12ms
step:1529/3250 train_time:471.116s step_avg:308.12ms
step:1530/3250 train_time:471.422s step_avg:308.12ms
step:1531/3250 train_time:471.728s step_avg:308.12ms
step:1532/3250 train_time:472.034s step_avg:308.12ms
step:1533/3250 train_time:472.339s step_avg:308.11ms
step:1534/3250 train_time:472.644s step_avg:308.11ms
step:1535/3250 train_time:472.950s step_avg:308.11ms
step:1536/3250 train_time:473.258s step_avg:308.11ms
step:1537/3250 train_time:473.562s step_avg:308.11ms
step:1538/3250 train_time:473.868s step_avg:308.11ms
step:1539/3250 train_time:474.175s step_avg:308.11ms
step:1540/3250 train_time:474.479s step_avg:308.10ms
step:1541/3250 train_time:474.794s step_avg:308.11ms
step:1542/3250 train_time:475.097s step_avg:308.10ms
step:1543/3250 train_time:475.400s step_avg:308.10ms
step:1544/3250 train_time:475.703s step_avg:308.10ms
step:1545/3250 train_time:476.009s step_avg:308.10ms
step:1546/3250 train_time:476.313s step_avg:308.09ms
step:1547/3250 train_time:476.617s step_avg:308.09ms
step:1548/3250 train_time:476.925s step_avg:308.09ms
step:1549/3250 train_time:477.233s step_avg:308.09ms
step:1550/3250 train_time:477.538s step_avg:308.09ms
step:1551/3250 train_time:477.842s step_avg:308.09ms
step:1552/3250 train_time:478.156s step_avg:308.09ms
step:1553/3250 train_time:478.468s step_avg:308.09ms
step:1554/3250 train_time:478.778s step_avg:308.09ms
step:1555/3250 train_time:479.081s step_avg:308.09ms
step:1556/3250 train_time:479.392s step_avg:308.09ms
step:1557/3250 train_time:479.703s step_avg:308.09ms
step:1558/3250 train_time:480.018s step_avg:308.10ms
step:1559/3250 train_time:480.329s step_avg:308.10ms
step:1560/3250 train_time:480.633s step_avg:308.10ms
step:1561/3250 train_time:480.938s step_avg:308.10ms
step:1562/3250 train_time:481.243s step_avg:308.09ms
step:1563/3250 train_time:481.551s step_avg:308.09ms
step:1564/3250 train_time:481.857s step_avg:308.09ms
step:1565/3250 train_time:482.161s step_avg:308.09ms
step:1566/3250 train_time:482.468s step_avg:308.09ms
step:1567/3250 train_time:482.776s step_avg:308.09ms
step:1568/3250 train_time:483.080s step_avg:308.09ms
step:1569/3250 train_time:483.384s step_avg:308.08ms
step:1570/3250 train_time:483.693s step_avg:308.08ms
step:1571/3250 train_time:483.998s step_avg:308.08ms
step:1572/3250 train_time:484.303s step_avg:308.08ms
step:1573/3250 train_time:484.610s step_avg:308.08ms
step:1574/3250 train_time:484.915s step_avg:308.08ms
step:1575/3250 train_time:485.221s step_avg:308.08ms
step:1576/3250 train_time:485.528s step_avg:308.08ms
step:1577/3250 train_time:485.836s step_avg:308.08ms
step:1578/3250 train_time:486.142s step_avg:308.07ms
step:1579/3250 train_time:486.452s step_avg:308.08ms
step:1580/3250 train_time:486.761s step_avg:308.08ms
step:1581/3250 train_time:487.065s step_avg:308.07ms
step:1582/3250 train_time:487.372s step_avg:308.07ms
step:1583/3250 train_time:487.675s step_avg:308.07ms
step:1584/3250 train_time:487.979s step_avg:308.07ms
step:1585/3250 train_time:488.290s step_avg:308.07ms
step:1586/3250 train_time:488.596s step_avg:308.07ms
step:1587/3250 train_time:488.899s step_avg:308.07ms
step:1588/3250 train_time:489.204s step_avg:308.06ms
step:1589/3250 train_time:489.515s step_avg:308.06ms
step:1590/3250 train_time:489.818s step_avg:308.06ms
step:1591/3250 train_time:490.122s step_avg:308.06ms
step:1592/3250 train_time:490.427s step_avg:308.06ms
step:1593/3250 train_time:490.732s step_avg:308.06ms
step:1594/3250 train_time:491.036s step_avg:308.05ms
step:1595/3250 train_time:491.340s step_avg:308.05ms
step:1596/3250 train_time:491.647s step_avg:308.05ms
step:1597/3250 train_time:491.952s step_avg:308.05ms
step:1598/3250 train_time:492.256s step_avg:308.04ms
step:1599/3250 train_time:492.560s step_avg:308.04ms
step:1600/3250 train_time:492.864s step_avg:308.04ms
step:1601/3250 train_time:493.172s step_avg:308.04ms
step:1602/3250 train_time:493.478s step_avg:308.04ms
step:1603/3250 train_time:493.784s step_avg:308.04ms
step:1604/3250 train_time:494.095s step_avg:308.04ms
step:1605/3250 train_time:494.399s step_avg:308.04ms
step:1606/3250 train_time:494.703s step_avg:308.03ms
step:1607/3250 train_time:495.007s step_avg:308.03ms
step:1608/3250 train_time:495.316s step_avg:308.03ms
step:1609/3250 train_time:495.621s step_avg:308.03ms
step:1610/3250 train_time:495.928s step_avg:308.03ms
step:1611/3250 train_time:496.234s step_avg:308.03ms
step:1612/3250 train_time:496.540s step_avg:308.03ms
step:1613/3250 train_time:496.844s step_avg:308.03ms
step:1614/3250 train_time:497.152s step_avg:308.02ms
step:1615/3250 train_time:497.456s step_avg:308.02ms
step:1616/3250 train_time:497.759s step_avg:308.02ms
step:1617/3250 train_time:498.069s step_avg:308.02ms
step:1618/3250 train_time:498.375s step_avg:308.02ms
step:1619/3250 train_time:498.683s step_avg:308.02ms
step:1620/3250 train_time:498.989s step_avg:308.02ms
step:1621/3250 train_time:499.294s step_avg:308.02ms
step:1622/3250 train_time:499.597s step_avg:308.01ms
step:1623/3250 train_time:499.900s step_avg:308.01ms
step:1624/3250 train_time:500.204s step_avg:308.01ms
step:1625/3250 train_time:500.510s step_avg:308.01ms
step:1625/3250 val_loss:3.50731 train_time:500.512s step_avg:306.27ms
probe_ema: n=84934656 align=-0.28713,-0.25765,-0.22451,-0.18880 rel_mse=1.05372,1.02905,1.01523,1.00772
step:1626/3250 train_time:500.814s step_avg:308.00ms
step:1627/3250 train_time:501.122s step_avg:308.00ms
step:1628/3250 train_time:501.427s step_avg:308.00ms
step:1629/3250 train_time:501.733s step_avg:308.00ms
step:1630/3250 train_time:502.040s step_avg:308.00ms
step:1631/3250 train_time:502.351s step_avg:308.00ms
step:1632/3250 train_time:502.658s step_avg:308.00ms
step:1633/3250 train_time:502.965s step_avg:308.00ms
step:1634/3250 train_time:503.270s step_avg:308.00ms
step:1635/3250 train_time:503.575s step_avg:308.00ms
step:1636/3250 train_time:503.879s step_avg:307.99ms
step:1637/3250 train_time:504.185s step_avg:307.99ms
step:1638/3250 train_time:504.489s step_avg:307.99ms
step:1639/3250 train_time:504.792s step_avg:307.99ms
step:1640/3250 train_time:505.096s step_avg:307.99ms
step:1641/3250 train_time:505.401s step_avg:307.98ms
step:1642/3250 train_time:505.707s step_avg:307.98ms
step:1643/3250 train_time:506.010s step_avg:307.98ms
step:1644/3250 train_time:506.315s step_avg:307.98ms
step:1645/3250 train_time:506.620s step_avg:307.98ms
step:1646/3250 train_time:506.926s step_avg:307.97ms
step:1647/3250 train_time:507.230s step_avg:307.97ms
step:1648/3250 train_time:507.533s step_avg:307.97ms
step:1649/3250 train_time:507.836s step_avg:307.97ms
step:1650/3250 train_time:508.139s step_avg:307.96ms
step:1651/3250 train_time:508.444s step_avg:307.96ms
step:1652/3250 train_time:508.749s step_avg:307.96ms
step:1653/3250 train_time:509.053s step_avg:307.96ms
step:1654/3250 train_time:509.357s step_avg:307.95ms
step:1655/3250 train_time:509.661s step_avg:307.95ms
step:1656/3250 train_time:509.966s step_avg:307.95ms
step:1657/3250 train_time:510.270s step_avg:307.95ms
step:1658/3250 train_time:510.574s step_avg:307.95ms
step:1659/3250 train_time:510.879s step_avg:307.94ms
step:1660/3250 train_time:511.185s step_avg:307.94ms
step:1661/3250 train_time:511.490s step_avg:307.94ms
step:1662/3250 train_time:511.794s step_avg:307.94ms
step:1663/3250 train_time:512.098s step_avg:307.94ms
step:1664/3250 train_time:512.404s step_avg:307.94ms
step:1665/3250 train_time:512.708s step_avg:307.93ms
step:1666/3250 train_time:513.012s step_avg:307.93ms
step:1667/3250 train_time:513.315s step_avg:307.93ms
step:1668/3250 train_time:513.623s step_avg:307.93ms
step:1669/3250 train_time:513.932s step_avg:307.93ms
step:1670/3250 train_time:514.237s step_avg:307.93ms
step:1671/3250 train_time:514.543s step_avg:307.93ms
step:1672/3250 train_time:514.849s step_avg:307.92ms
step:1673/3250 train_time:515.153s step_avg:307.92ms
step:1674/3250 train_time:515.457s step_avg:307.92ms
step:1675/3250 train_time:515.763s step_avg:307.92ms
step:1676/3250 train_time:516.070s step_avg:307.92ms
step:1677/3250 train_time:516.375s step_avg:307.92ms
step:1678/3250 train_time:516.681s step_avg:307.91ms
step:1679/3250 train_time:516.992s step_avg:307.92ms
step:1680/3250 train_time:517.297s step_avg:307.91ms
step:1681/3250 train_time:517.604s step_avg:307.91ms
step:1682/3250 train_time:517.909s step_avg:307.91ms
step:1683/3250 train_time:518.212s step_avg:307.91ms
step:1684/3250 train_time:518.516s step_avg:307.91ms
step:1685/3250 train_time:518.821s step_avg:307.91ms
step:1686/3250 train_time:519.127s step_avg:307.90ms
step:1687/3250 train_time:519.431s step_avg:307.90ms
step:1688/3250 train_time:519.734s step_avg:307.90ms
step:1689/3250 train_time:520.039s step_avg:307.90ms
step:1690/3250 train_time:520.345s step_avg:307.90ms
step:1691/3250 train_time:520.648s step_avg:307.89ms
step:1692/3250 train_time:520.953s step_avg:307.89ms
step:1693/3250 train_time:521.258s step_avg:307.89ms
step:1694/3250 train_time:521.564s step_avg:307.89ms
step:1695/3250 train_time:521.869s step_avg:307.89ms
step:1696/3250 train_time:522.171s step_avg:307.88ms
step:1697/3250 train_time:522.480s step_avg:307.88ms
step:1698/3250 train_time:522.787s step_avg:307.88ms
step:1699/3250 train_time:523.090s step_avg:307.88ms
step:1700/3250 train_time:523.394s step_avg:307.88ms
step:1701/3250 train_time:523.701s step_avg:307.88ms
step:1702/3250 train_time:524.008s step_avg:307.88ms
step:1703/3250 train_time:524.315s step_avg:307.88ms
step:1704/3250 train_time:524.622s step_avg:307.88ms
step:1705/3250 train_time:524.933s step_avg:307.88ms
step:1706/3250 train_time:525.240s step_avg:307.88ms
step:1707/3250 train_time:525.552s step_avg:307.88ms
step:1708/3250 train_time:525.858s step_avg:307.88ms
step:1709/3250 train_time:526.165s step_avg:307.88ms
step:1710/3250 train_time:526.471s step_avg:307.88ms
step:1711/3250 train_time:526.833s step_avg:307.91ms
step:1712/3250 train_time:527.135s step_avg:307.91ms
step:1713/3250 train_time:527.435s step_avg:307.90ms
step:1714/3250 train_time:527.743s step_avg:307.90ms
step:1715/3250 train_time:528.050s step_avg:307.90ms
step:1716/3250 train_time:528.354s step_avg:307.90ms
step:1717/3250 train_time:528.660s step_avg:307.90ms
step:1718/3250 train_time:528.967s step_avg:307.90ms
step:1719/3250 train_time:529.274s step_avg:307.90ms
step:1720/3250 train_time:529.578s step_avg:307.89ms
step:1721/3250 train_time:529.886s step_avg:307.89ms
step:1722/3250 train_time:530.192s step_avg:307.89ms
step:1723/3250 train_time:530.499s step_avg:307.89ms
step:1724/3250 train_time:530.806s step_avg:307.89ms
step:1725/3250 train_time:531.113s step_avg:307.89ms
step:1726/3250 train_time:531.417s step_avg:307.89ms
step:1727/3250 train_time:531.722s step_avg:307.89ms
step:1728/3250 train_time:532.030s step_avg:307.89ms
step:1729/3250 train_time:532.347s step_avg:307.89ms
step:1730/3250 train_time:532.657s step_avg:307.89ms
step:1731/3250 train_time:532.970s step_avg:307.90ms
step:1732/3250 train_time:533.276s step_avg:307.90ms
step:1733/3250 train_time:533.588s step_avg:307.90ms
step:1734/3250 train_time:533.906s step_avg:307.90ms
step:1735/3250 train_time:534.209s step_avg:307.90ms
step:1736/3250 train_time:534.512s step_avg:307.90ms
step:1737/3250 train_time:534.816s step_avg:307.90ms
step:1738/3250 train_time:535.122s step_avg:307.90ms
step:1739/3250 train_time:535.428s step_avg:307.89ms
step:1740/3250 train_time:535.734s step_avg:307.89ms
step:1741/3250 train_time:536.038s step_avg:307.89ms
step:1742/3250 train_time:536.347s step_avg:307.89ms
step:1743/3250 train_time:536.652s step_avg:307.89ms
step:1744/3250 train_time:536.954s step_avg:307.89ms
step:1745/3250 train_time:537.260s step_avg:307.89ms
step:1746/3250 train_time:537.566s step_avg:307.88ms
step:1747/3250 train_time:537.870s step_avg:307.88ms
step:1748/3250 train_time:538.175s step_avg:307.88ms
step:1749/3250 train_time:538.481s step_avg:307.88ms
step:1750/3250 train_time:538.788s step_avg:307.88ms
step:1750/3250 val_loss:3.48791 train_time:538.790s step_avg:306.23ms
probe_ema: n=84934656 align=-0.33428,-0.30171,-0.26603,-0.22582 rel_mse=1.07040,1.03785,1.01978,1.01003
step:1751/3250 train_time:539.098s step_avg:307.88ms
step:1752/3250 train_time:539.403s step_avg:307.88ms
step:1753/3250 train_time:539.709s step_avg:307.88ms
step:1754/3250 train_time:540.014s step_avg:307.88ms
step:1755/3250 train_time:540.318s step_avg:307.87ms
step:1756/3250 train_time:540.620s step_avg:307.87ms
step:1757/3250 train_time:540.925s step_avg:307.87ms
step:1758/3250 train_time:541.231s step_avg:307.87ms
step:1759/3250 train_time:541.535s step_avg:307.87ms
step:1760/3250 train_time:541.840s step_avg:307.86ms
step:1761/3250 train_time:542.143s step_avg:307.86ms
step:1762/3250 train_time:542.450s step_avg:307.86ms
step:1763/3250 train_time:542.755s step_avg:307.86ms
step:1764/3250 train_time:543.057s step_avg:307.86ms
step:1765/3250 train_time:543.359s step_avg:307.85ms
step:1766/3250 train_time:543.663s step_avg:307.85ms
step:1767/3250 train_time:543.976s step_avg:307.85ms
step:1768/3250 train_time:544.281s step_avg:307.85ms
step:1769/3250 train_time:544.593s step_avg:307.85ms
step:1770/3250 train_time:544.903s step_avg:307.85ms
step:1771/3250 train_time:545.208s step_avg:307.85ms
step:1772/3250 train_time:545.515s step_avg:307.85ms
step:1773/3250 train_time:545.819s step_avg:307.85ms
step:1774/3250 train_time:546.124s step_avg:307.85ms
step:1775/3250 train_time:546.438s step_avg:307.85ms
step:1776/3250 train_time:546.745s step_avg:307.85ms
step:1777/3250 train_time:547.050s step_avg:307.85ms
step:1778/3250 train_time:547.354s step_avg:307.85ms
step:1779/3250 train_time:547.658s step_avg:307.85ms
step:1780/3250 train_time:547.961s step_avg:307.84ms
step:1781/3250 train_time:548.266s step_avg:307.84ms
step:1782/3250 train_time:548.575s step_avg:307.84ms
step:1783/3250 train_time:548.885s step_avg:307.84ms
step:1784/3250 train_time:549.193s step_avg:307.84ms
step:1785/3250 train_time:549.498s step_avg:307.84ms
step:1786/3250 train_time:549.807s step_avg:307.84ms
step:1787/3250 train_time:550.115s step_avg:307.84ms
step:1788/3250 train_time:550.422s step_avg:307.84ms
step:1789/3250 train_time:550.732s step_avg:307.84ms
step:1790/3250 train_time:551.039s step_avg:307.84ms
step:1791/3250 train_time:551.346s step_avg:307.84ms
step:1792/3250 train_time:551.653s step_avg:307.84ms
step:1793/3250 train_time:551.963s step_avg:307.84ms
step:1794/3250 train_time:552.277s step_avg:307.85ms
step:1795/3250 train_time:552.580s step_avg:307.84ms
step:1796/3250 train_time:552.885s step_avg:307.84ms
step:1797/3250 train_time:553.192s step_avg:307.84ms
step:1798/3250 train_time:553.505s step_avg:307.84ms
step:1799/3250 train_time:553.818s step_avg:307.85ms
step:1800/3250 train_time:554.122s step_avg:307.85ms
step:1801/3250 train_time:554.429s step_avg:307.84ms
step:1802/3250 train_time:554.736s step_avg:307.84ms
step:1803/3250 train_time:555.042s step_avg:307.84ms
step:1804/3250 train_time:555.347s step_avg:307.84ms
step:1805/3250 train_time:555.653s step_avg:307.84ms
step:1806/3250 train_time:555.956s step_avg:307.84ms
step:1807/3250 train_time:556.261s step_avg:307.84ms
step:1808/3250 train_time:556.565s step_avg:307.83ms
step:1809/3250 train_time:556.871s step_avg:307.83ms
step:1810/3250 train_time:557.179s step_avg:307.83ms
step:1811/3250 train_time:557.483s step_avg:307.83ms
step:1812/3250 train_time:557.800s step_avg:307.84ms
step:1813/3250 train_time:558.102s step_avg:307.83ms
step:1814/3250 train_time:558.408s step_avg:307.83ms
step:1815/3250 train_time:558.714s step_avg:307.83ms
step:1816/3250 train_time:559.018s step_avg:307.83ms
step:1817/3250 train_time:559.321s step_avg:307.83ms
step:1818/3250 train_time:559.626s step_avg:307.82ms
step:1819/3250 train_time:559.933s step_avg:307.82ms
step:1820/3250 train_time:560.238s step_avg:307.82ms
step:1821/3250 train_time:560.543s step_avg:307.82ms
step:1822/3250 train_time:560.848s step_avg:307.82ms
step:1823/3250 train_time:561.155s step_avg:307.82ms
step:1824/3250 train_time:561.459s step_avg:307.82ms
step:1825/3250 train_time:561.766s step_avg:307.82ms
step:1826/3250 train_time:562.072s step_avg:307.82ms
step:1827/3250 train_time:562.378s step_avg:307.82ms
step:1828/3250 train_time:562.688s step_avg:307.82ms
step:1829/3250 train_time:562.993s step_avg:307.81ms
step:1830/3250 train_time:563.296s step_avg:307.81ms
step:1831/3250 train_time:563.601s step_avg:307.81ms
step:1832/3250 train_time:563.908s step_avg:307.81ms
step:1833/3250 train_time:564.217s step_avg:307.81ms
step:1834/3250 train_time:564.523s step_avg:307.81ms
step:1835/3250 train_time:564.830s step_avg:307.81ms
step:1836/3250 train_time:565.136s step_avg:307.81ms
step:1837/3250 train_time:565.440s step_avg:307.81ms
step:1838/3250 train_time:565.743s step_avg:307.80ms
step:1839/3250 train_time:566.056s step_avg:307.81ms
step:1840/3250 train_time:566.364s step_avg:307.81ms
step:1841/3250 train_time:566.677s step_avg:307.81ms
step:1842/3250 train_time:566.988s step_avg:307.81ms
step:1843/3250 train_time:567.293s step_avg:307.81ms
step:1844/3250 train_time:567.597s step_avg:307.81ms
step:1845/3250 train_time:567.901s step_avg:307.81ms
step:1846/3250 train_time:568.209s step_avg:307.81ms
step:1847/3250 train_time:568.514s step_avg:307.80ms
step:1848/3250 train_time:568.823s step_avg:307.80ms
step:1849/3250 train_time:569.127s step_avg:307.80ms
step:1850/3250 train_time:569.433s step_avg:307.80ms
step:1851/3250 train_time:569.737s step_avg:307.80ms
step:1852/3250 train_time:570.047s step_avg:307.80ms
step:1853/3250 train_time:570.359s step_avg:307.80ms
step:1854/3250 train_time:570.668s step_avg:307.80ms
step:1855/3250 train_time:570.980s step_avg:307.81ms
step:1856/3250 train_time:571.289s step_avg:307.81ms
step:1857/3250 train_time:571.596s step_avg:307.81ms
step:1858/3250 train_time:571.902s step_avg:307.81ms
step:1859/3250 train_time:572.209s step_avg:307.80ms
step:1860/3250 train_time:572.520s step_avg:307.81ms
step:1861/3250 train_time:572.830s step_avg:307.81ms
step:1862/3250 train_time:573.139s step_avg:307.81ms
step:1863/3250 train_time:573.444s step_avg:307.81ms
step:1864/3250 train_time:573.754s step_avg:307.81ms
step:1865/3250 train_time:574.064s step_avg:307.81ms
step:1866/3250 train_time:574.369s step_avg:307.81ms
step:1867/3250 train_time:574.674s step_avg:307.81ms
step:1868/3250 train_time:574.977s step_avg:307.80ms
step:1869/3250 train_time:575.279s step_avg:307.80ms
step:1870/3250 train_time:575.582s step_avg:307.80ms
step:1871/3250 train_time:575.888s step_avg:307.80ms
step:1872/3250 train_time:576.194s step_avg:307.80ms
step:1873/3250 train_time:576.498s step_avg:307.79ms
step:1874/3250 train_time:576.800s step_avg:307.79ms
step:1875/3250 train_time:577.105s step_avg:307.79ms
step:1875/3250 val_loss:3.46880 train_time:577.106s step_avg:306.53ms
probe_ema: n=84934656 align=-0.31230,-0.28307,-0.25176,-0.21796 rel_mse=1.06285,1.03389,1.01784,1.00925
step:1876/3250 train_time:577.412s step_avg:307.79ms
step:1877/3250 train_time:577.715s step_avg:307.79ms
step:1878/3250 train_time:578.018s step_avg:307.78ms
step:1879/3250 train_time:578.321s step_avg:307.78ms
step:1880/3250 train_time:578.627s step_avg:307.78ms
step:1881/3250 train_time:578.932s step_avg:307.78ms
step:1882/3250 train_time:579.235s step_avg:307.78ms
step:1883/3250 train_time:579.538s step_avg:307.77ms
step:1884/3250 train_time:579.843s step_avg:307.77ms
step:1885/3250 train_time:580.150s step_avg:307.77ms
step:1886/3250 train_time:580.455s step_avg:307.77ms
step:1887/3250 train_time:580.758s step_avg:307.77ms
step:1888/3250 train_time:581.063s step_avg:307.77ms
step:1889/3250 train_time:581.370s step_avg:307.77ms
step:1890/3250 train_time:581.675s step_avg:307.76ms
step:1891/3250 train_time:581.979s step_avg:307.76ms
step:1892/3250 train_time:582.282s step_avg:307.76ms
step:1893/3250 train_time:582.588s step_avg:307.76ms
step:1894/3250 train_time:582.893s step_avg:307.76ms
step:1895/3250 train_time:583.198s step_avg:307.76ms
step:1896/3250 train_time:583.504s step_avg:307.76ms
step:1897/3250 train_time:583.812s step_avg:307.76ms
step:1898/3250 train_time:584.118s step_avg:307.75ms
step:1899/3250 train_time:584.423s step_avg:307.75ms
step:1900/3250 train_time:584.731s step_avg:307.75ms
step:1901/3250 train_time:585.111s step_avg:307.79ms
step:1902/3250 train_time:585.415s step_avg:307.79ms
step:1903/3250 train_time:585.718s step_avg:307.79ms
step:1904/3250 train_time:586.026s step_avg:307.79ms
step:1905/3250 train_time:586.332s step_avg:307.79ms
step:1906/3250 train_time:586.639s step_avg:307.79ms
step:1907/3250 train_time:586.946s step_avg:307.79ms
step:1908/3250 train_time:587.251s step_avg:307.78ms
step:1909/3250 train_time:587.555s step_avg:307.78ms
step:1910/3250 train_time:587.860s step_avg:307.78ms
step:1911/3250 train_time:588.166s step_avg:307.78ms
step:1912/3250 train_time:588.470s step_avg:307.78ms
step:1913/3250 train_time:588.773s step_avg:307.77ms
step:1914/3250 train_time:589.078s step_avg:307.77ms
step:1915/3250 train_time:589.384s step_avg:307.77ms
step:1916/3250 train_time:589.688s step_avg:307.77ms
step:1917/3250 train_time:589.992s step_avg:307.77ms
step:1918/3250 train_time:590.296s step_avg:307.77ms
step:1919/3250 train_time:590.601s step_avg:307.76ms
step:1920/3250 train_time:590.906s step_avg:307.76ms
step:1921/3250 train_time:591.209s step_avg:307.76ms
step:1922/3250 train_time:591.512s step_avg:307.76ms
step:1923/3250 train_time:591.815s step_avg:307.76ms
step:1924/3250 train_time:592.117s step_avg:307.75ms
step:1925/3250 train_time:592.420s step_avg:307.75ms
step:1926/3250 train_time:592.728s step_avg:307.75ms
step:1927/3250 train_time:593.033s step_avg:307.75ms
step:1928/3250 train_time:593.335s step_avg:307.75ms
step:1929/3250 train_time:593.638s step_avg:307.74ms
step:1930/3250 train_time:593.942s step_avg:307.74ms
step:1931/3250 train_time:594.248s step_avg:307.74ms
step:1932/3250 train_time:594.552s step_avg:307.74ms
step:1933/3250 train_time:594.856s step_avg:307.74ms
step:1934/3250 train_time:595.156s step_avg:307.73ms
step:1935/3250 train_time:595.460s step_avg:307.73ms
step:1936/3250 train_time:595.767s step_avg:307.73ms
step:1937/3250 train_time:596.073s step_avg:307.73ms
step:1938/3250 train_time:596.377s step_avg:307.73ms
step:1939/3250 train_time:596.685s step_avg:307.73ms
step:1940/3250 train_time:596.990s step_avg:307.73ms
step:1941/3250 train_time:597.293s step_avg:307.72ms
step:1942/3250 train_time:597.597s step_avg:307.72ms
step:1943/3250 train_time:597.904s step_avg:307.72ms
step:1944/3250 train_time:598.209s step_avg:307.72ms
step:1945/3250 train_time:598.512s step_avg:307.72ms
step:1946/3250 train_time:598.814s step_avg:307.72ms
step:1947/3250 train_time:599.116s step_avg:307.71ms
step:1948/3250 train_time:599.419s step_avg:307.71ms
step:1949/3250 train_time:599.725s step_avg:307.71ms
step:1950/3250 train_time:600.030s step_avg:307.71ms
step:1951/3250 train_time:600.332s step_avg:307.70ms
step:1952/3250 train_time:600.636s step_avg:307.70ms
step:1953/3250 train_time:600.940s step_avg:307.70ms
step:1954/3250 train_time:601.245s step_avg:307.70ms
step:1955/3250 train_time:601.549s step_avg:307.70ms
step:1956/3250 train_time:601.855s step_avg:307.70ms
step:1957/3250 train_time:602.157s step_avg:307.69ms
step:1958/3250 train_time:602.460s step_avg:307.69ms
step:1959/3250 train_time:602.766s step_avg:307.69ms
step:1960/3250 train_time:603.073s step_avg:307.69ms
step:1961/3250 train_time:603.376s step_avg:307.69ms
step:1962/3250 train_time:603.680s step_avg:307.69ms
step:1963/3250 train_time:603.984s step_avg:307.68ms
step:1964/3250 train_time:604.288s step_avg:307.68ms
step:1965/3250 train_time:604.592s step_avg:307.68ms
step:1966/3250 train_time:604.896s step_avg:307.68ms
step:1967/3250 train_time:605.210s step_avg:307.68ms
step:1968/3250 train_time:605.521s step_avg:307.68ms
step:1969/3250 train_time:605.834s step_avg:307.69ms
step:1970/3250 train_time:606.144s step_avg:307.69ms
step:1971/3250 train_time:606.449s step_avg:307.69ms
step:1972/3250 train_time:606.752s step_avg:307.68ms
step:1973/3250 train_time:607.055s step_avg:307.68ms
step:1974/3250 train_time:607.358s step_avg:307.68ms
step:1975/3250 train_time:607.662s step_avg:307.68ms
step:1976/3250 train_time:607.967s step_avg:307.68ms
step:1977/3250 train_time:608.271s step_avg:307.67ms
step:1978/3250 train_time:608.575s step_avg:307.67ms
step:1979/3250 train_time:608.882s step_avg:307.67ms
step:1980/3250 train_time:609.191s step_avg:307.67ms
step:1981/3250 train_time:609.498s step_avg:307.67ms
step:1982/3250 train_time:609.807s step_avg:307.67ms
step:1983/3250 train_time:610.114s step_avg:307.67ms
step:1984/3250 train_time:610.417s step_avg:307.67ms
step:1985/3250 train_time:610.720s step_avg:307.67ms
step:1986/3250 train_time:611.025s step_avg:307.67ms
step:1987/3250 train_time:611.330s step_avg:307.66ms
step:1988/3250 train_time:611.633s step_avg:307.66ms
step:1989/3250 train_time:611.936s step_avg:307.66ms
step:1990/3250 train_time:612.240s step_avg:307.66ms
step:1991/3250 train_time:612.546s step_avg:307.66ms
step:1992/3250 train_time:612.849s step_avg:307.66ms
step:1993/3250 train_time:613.153s step_avg:307.65ms
step:1994/3250 train_time:613.456s step_avg:307.65ms
step:1995/3250 train_time:613.759s step_avg:307.65ms
step:1996/3250 train_time:614.062s step_avg:307.65ms
step:1997/3250 train_time:614.368s step_avg:307.65ms
step:1998/3250 train_time:614.671s step_avg:307.64ms
step:1999/3250 train_time:614.975s step_avg:307.64ms
step:2000/3250 train_time:615.279s step_avg:307.64ms
step:2000/3250 val_loss:3.45026 train_time:615.281s step_avg:305.40ms
probe_ema: n=84934656 align=-0.31372,-0.28404,-0.25340,-0.22036 rel_mse=1.06671,1.03615,1.01911,1.00989
step:2001/3250 train_time:615.587s step_avg:307.64ms
step:2002/3250 train_time:615.893s step_avg:307.64ms
step:2003/3250 train_time:616.197s step_avg:307.64ms
step:2004/3250 train_time:616.503s step_avg:307.64ms
step:2005/3250 train_time:616.807s step_avg:307.63ms
step:2006/3250 train_time:617.109s step_avg:307.63ms
step:2007/3250 train_time:617.413s step_avg:307.63ms
step:2008/3250 train_time:617.717s step_avg:307.63ms
step:2009/3250 train_time:618.024s step_avg:307.63ms
step:2010/3250 train_time:618.328s step_avg:307.63ms
step:2011/3250 train_time:618.631s step_avg:307.62ms
step:2012/3250 train_time:618.934s step_avg:307.62ms
step:2013/3250 train_time:619.239s step_avg:307.62ms
step:2014/3250 train_time:619.543s step_avg:307.62ms
step:2015/3250 train_time:619.848s step_avg:307.62ms
step:2016/3250 train_time:620.152s step_avg:307.61ms
step:2017/3250 train_time:620.455s step_avg:307.61ms
step:2018/3250 train_time:620.758s step_avg:307.61ms
step:2019/3250 train_time:621.064s step_avg:307.61ms
step:2020/3250 train_time:621.367s step_avg:307.61ms
step:2021/3250 train_time:621.672s step_avg:307.61ms
step:2022/3250 train_time:621.979s step_avg:307.61ms
step:2023/3250 train_time:622.286s step_avg:307.61ms
step:2024/3250 train_time:622.590s step_avg:307.60ms
step:2025/3250 train_time:622.893s step_avg:307.60ms
step:2026/3250 train_time:623.200s step_avg:307.60ms
step:2027/3250 train_time:623.510s step_avg:307.60ms
step:2028/3250 train_time:623.813s step_avg:307.60ms
step:2029/3250 train_time:624.123s step_avg:307.60ms
step:2030/3250 train_time:624.426s step_avg:307.60ms
step:2031/3250 train_time:624.730s step_avg:307.60ms
step:2032/3250 train_time:625.034s step_avg:307.60ms
step:2033/3250 train_time:625.338s step_avg:307.59ms
step:2034/3250 train_time:625.646s step_avg:307.59ms
step:2035/3250 train_time:625.949s step_avg:307.59ms
step:2036/3250 train_time:626.252s step_avg:307.59ms
step:2037/3250 train_time:626.556s step_avg:307.59ms
step:2038/3250 train_time:626.864s step_avg:307.59ms
step:2039/3250 train_time:627.167s step_avg:307.59ms
step:2040/3250 train_time:627.471s step_avg:307.58ms
step:2041/3250 train_time:627.776s step_avg:307.58ms
step:2042/3250 train_time:628.092s step_avg:307.59ms
step:2043/3250 train_time:628.404s step_avg:307.59ms
step:2044/3250 train_time:628.711s step_avg:307.59ms
step:2045/3250 train_time:629.017s step_avg:307.59ms
step:2046/3250 train_time:629.324s step_avg:307.59ms
step:2047/3250 train_time:629.630s step_avg:307.59ms
step:2048/3250 train_time:629.935s step_avg:307.59ms
step:2049/3250 train_time:630.240s step_avg:307.58ms
step:2050/3250 train_time:630.546s step_avg:307.58ms
step:2051/3250 train_time:630.851s step_avg:307.58ms
step:2052/3250 train_time:631.152s step_avg:307.58ms
step:2053/3250 train_time:631.456s step_avg:307.58ms
step:2054/3250 train_time:631.765s step_avg:307.58ms
step:2055/3250 train_time:632.069s step_avg:307.58ms
step:2056/3250 train_time:632.374s step_avg:307.57ms
step:2057/3250 train_time:632.684s step_avg:307.58ms
step:2058/3250 train_time:632.987s step_avg:307.57ms
step:2059/3250 train_time:633.290s step_avg:307.57ms
step:2060/3250 train_time:633.592s step_avg:307.57ms
step:2061/3250 train_time:633.901s step_avg:307.57ms
step:2062/3250 train_time:634.212s step_avg:307.57ms
step:2063/3250 train_time:634.517s step_avg:307.57ms
step:2064/3250 train_time:634.827s step_avg:307.57ms
step:2065/3250 train_time:635.132s step_avg:307.57ms
step:2066/3250 train_time:635.434s step_avg:307.57ms
step:2067/3250 train_time:635.741s step_avg:307.57ms
step:2068/3250 train_time:636.052s step_avg:307.57ms
step:2069/3250 train_time:636.358s step_avg:307.57ms
step:2070/3250 train_time:636.667s step_avg:307.57ms
step:2071/3250 train_time:636.974s step_avg:307.57ms
step:2072/3250 train_time:637.280s step_avg:307.57ms
step:2073/3250 train_time:637.586s step_avg:307.57ms
step:2074/3250 train_time:637.890s step_avg:307.57ms
step:2075/3250 train_time:638.199s step_avg:307.57ms
step:2076/3250 train_time:638.505s step_avg:307.56ms
step:2077/3250 train_time:638.809s step_avg:307.56ms
step:2078/3250 train_time:639.111s step_avg:307.56ms
step:2079/3250 train_time:639.416s step_avg:307.56ms
step:2080/3250 train_time:639.722s step_avg:307.56ms
step:2081/3250 train_time:640.033s step_avg:307.56ms
step:2082/3250 train_time:640.340s step_avg:307.56ms
step:2083/3250 train_time:640.647s step_avg:307.56ms
step:2084/3250 train_time:640.950s step_avg:307.56ms
step:2085/3250 train_time:641.255s step_avg:307.56ms
step:2086/3250 train_time:641.564s step_avg:307.56ms
step:2087/3250 train_time:641.870s step_avg:307.56ms
step:2088/3250 train_time:642.173s step_avg:307.55ms
step:2089/3250 train_time:642.477s step_avg:307.55ms
step:2090/3250 train_time:642.791s step_avg:307.56ms
step:2091/3250 train_time:643.165s step_avg:307.59ms
step:2092/3250 train_time:643.475s step_avg:307.59ms
step:2093/3250 train_time:643.781s step_avg:307.59ms
step:2094/3250 train_time:644.087s step_avg:307.59ms
step:2095/3250 train_time:644.390s step_avg:307.58ms
step:2096/3250 train_time:644.694s step_avg:307.58ms
step:2097/3250 train_time:644.999s step_avg:307.58ms
step:2098/3250 train_time:645.304s step_avg:307.58ms
step:2099/3250 train_time:645.607s step_avg:307.58ms
step:2100/3250 train_time:645.909s step_avg:307.58ms
step:2101/3250 train_time:646.210s step_avg:307.57ms
step:2102/3250 train_time:646.513s step_avg:307.57ms
step:2103/3250 train_time:646.817s step_avg:307.57ms
step:2104/3250 train_time:647.123s step_avg:307.57ms
step:2105/3250 train_time:647.426s step_avg:307.57ms
step:2106/3250 train_time:647.736s step_avg:307.57ms
step:2107/3250 train_time:648.039s step_avg:307.56ms
step:2108/3250 train_time:648.343s step_avg:307.56ms
step:2109/3250 train_time:648.645s step_avg:307.56ms
step:2110/3250 train_time:648.948s step_avg:307.56ms
step:2111/3250 train_time:649.251s step_avg:307.56ms
step:2112/3250 train_time:649.552s step_avg:307.55ms
step:2113/3250 train_time:649.854s step_avg:307.55ms
step:2114/3250 train_time:650.156s step_avg:307.55ms
step:2115/3250 train_time:650.459s step_avg:307.55ms
step:2116/3250 train_time:650.764s step_avg:307.54ms
step:2117/3250 train_time:651.067s step_avg:307.54ms
step:2118/3250 train_time:651.370s step_avg:307.54ms
step:2119/3250 train_time:651.672s step_avg:307.54ms
step:2120/3250 train_time:651.974s step_avg:307.53ms
step:2121/3250 train_time:652.276s step_avg:307.53ms
step:2122/3250 train_time:652.582s step_avg:307.53ms
step:2123/3250 train_time:652.885s step_avg:307.53ms
step:2124/3250 train_time:653.186s step_avg:307.53ms
step:2125/3250 train_time:653.489s step_avg:307.52ms
step:2125/3250 val_loss:3.43229 train_time:653.491s step_avg:305.68ms
probe_ema: n=84934656 align=-0.29010,-0.26414,-0.23619,-0.20646 rel_mse=1.06486,1.03528,1.01876,1.00981
step:2126/3250 train_time:653.796s step_avg:307.52ms
step:2127/3250 train_time:654.101s step_avg:307.52ms
step:2128/3250 train_time:654.405s step_avg:307.52ms
step:2129/3250 train_time:654.711s step_avg:307.52ms
step:2130/3250 train_time:655.015s step_avg:307.52ms
step:2131/3250 train_time:655.317s step_avg:307.52ms
step:2132/3250 train_time:655.621s step_avg:307.51ms
step:2133/3250 train_time:655.924s step_avg:307.51ms
step:2134/3250 train_time:656.228s step_avg:307.51ms
step:2135/3250 train_time:656.531s step_avg:307.51ms
step:2136/3250 train_time:656.834s step_avg:307.51ms
step:2137/3250 train_time:657.137s step_avg:307.50ms
step:2138/3250 train_time:657.439s step_avg:307.50ms
step:2139/3250 train_time:657.742s step_avg:307.50ms
step:2140/3250 train_time:658.045s step_avg:307.50ms
step:2141/3250 train_time:658.349s step_avg:307.50ms
step:2142/3250 train_time:658.652s step_avg:307.49ms
step:2143/3250 train_time:658.955s step_avg:307.49ms
step:2144/3250 train_time:659.257s step_avg:307.49ms
step:2145/3250 train_time:659.559s step_avg:307.49ms
step:2146/3250 train_time:659.862s step_avg:307.48ms
step:2147/3250 train_time:660.165s step_avg:307.48ms
step:2148/3250 train_time:660.469s step_avg:307.48ms
step:2149/3250 train_time:660.772s step_avg:307.48ms
step:2150/3250 train_time:661.075s step_avg:307.48ms
step:2151/3250 train_time:661.378s step_avg:307.47ms
step:2152/3250 train_time:661.680s step_avg:307.47ms
step:2153/3250 train_time:661.983s step_avg:307.47ms
step:2154/3250 train_time:662.286s step_avg:307.47ms
step:2155/3250 train_time:662.591s step_avg:307.47ms
step:2156/3250 train_time:662.893s step_avg:307.46ms
step:2157/3250 train_time:663.196s step_avg:307.46ms
step:2158/3250 train_time:663.498s step_avg:307.46ms
step:2159/3250 train_time:663.800s step_avg:307.46ms
step:2160/3250 train_time:664.103s step_avg:307.46ms
step:2161/3250 train_time:664.407s step_avg:307.45ms
step:2162/3250 train_time:664.711s step_avg:307.45ms
step:2163/3250 train_time:665.014s step_avg:307.45ms
step:2164/3250 train_time:665.317s step_avg:307.45ms
step:2165/3250 train_time:665.619s step_avg:307.45ms
step:2166/3250 train_time:665.921s step_avg:307.44ms
step:2167/3250 train_time:666.224s step_avg:307.44ms
step:2168/3250 train_time:666.528s step_avg:307.44ms
step:2169/3250 train_time:666.832s step_avg:307.44ms
step:2170/3250 train_time:667.136s step_avg:307.44ms
step:2171/3250 train_time:667.441s step_avg:307.44ms
step:2172/3250 train_time:667.747s step_avg:307.43ms
step:2173/3250 train_time:668.051s step_avg:307.43ms
step:2174/3250 train_time:668.364s step_avg:307.44ms
step:2175/3250 train_time:668.668s step_avg:307.43ms
step:2176/3250 train_time:668.972s step_avg:307.43ms
step:2177/3250 train_time:669.275s step_avg:307.43ms
step:2178/3250 train_time:669.577s step_avg:307.43ms
step:2179/3250 train_time:669.888s step_avg:307.43ms
step:2180/3250 train_time:670.203s step_avg:307.43ms
step:2181/3250 train_time:670.514s step_avg:307.43ms
step:2182/3250 train_time:670.825s step_avg:307.44ms
step:2183/3250 train_time:671.138s step_avg:307.44ms
step:2184/3250 train_time:671.449s step_avg:307.44ms
step:2185/3250 train_time:671.760s step_avg:307.44ms
step:2186/3250 train_time:672.061s step_avg:307.44ms
step:2187/3250 train_time:672.362s step_avg:307.44ms
step:2188/3250 train_time:672.665s step_avg:307.43ms
step:2189/3250 train_time:672.970s step_avg:307.43ms
step:2190/3250 train_time:673.283s step_avg:307.44ms
step:2191/3250 train_time:673.600s step_avg:307.44ms
step:2192/3250 train_time:673.902s step_avg:307.44ms
step:2193/3250 train_time:674.206s step_avg:307.44ms
step:2194/3250 train_time:674.511s step_avg:307.43ms
step:2195/3250 train_time:674.814s step_avg:307.43ms
step:2196/3250 train_time:675.117s step_avg:307.43ms
step:2197/3250 train_time:675.418s step_avg:307.43ms
step:2198/3250 train_time:675.723s step_avg:307.43ms
step:2199/3250 train_time:676.027s step_avg:307.42ms
step:2200/3250 train_time:676.331s step_avg:307.42ms
step:2201/3250 train_time:676.635s step_avg:307.42ms
step:2202/3250 train_time:676.937s step_avg:307.42ms
step:2203/3250 train_time:677.238s step_avg:307.42ms
step:2204/3250 train_time:677.542s step_avg:307.41ms
step:2205/3250 train_time:677.845s step_avg:307.41ms
step:2206/3250 train_time:678.148s step_avg:307.41ms
step:2207/3250 train_time:678.451s step_avg:307.41ms
step:2208/3250 train_time:678.755s step_avg:307.41ms
step:2209/3250 train_time:679.056s step_avg:307.40ms
step:2210/3250 train_time:679.359s step_avg:307.40ms
step:2211/3250 train_time:679.661s step_avg:307.40ms
step:2212/3250 train_time:679.964s step_avg:307.40ms
step:2213/3250 train_time:680.269s step_avg:307.40ms
step:2214/3250 train_time:680.573s step_avg:307.40ms
step:2215/3250 train_time:680.876s step_avg:307.39ms
step:2216/3250 train_time:681.179s step_avg:307.39ms
step:2217/3250 train_time:681.482s step_avg:307.39ms
step:2218/3250 train_time:681.785s step_avg:307.39ms
step:2219/3250 train_time:682.090s step_avg:307.39ms
step:2220/3250 train_time:682.393s step_avg:307.38ms
step:2221/3250 train_time:682.695s step_avg:307.38ms
step:2222/3250 train_time:682.998s step_avg:307.38ms
step:2223/3250 train_time:683.300s step_avg:307.38ms
step:2224/3250 train_time:683.602s step_avg:307.38ms
step:2225/3250 train_time:683.905s step_avg:307.37ms
step:2226/3250 train_time:684.210s step_avg:307.37ms
step:2227/3250 train_time:684.514s step_avg:307.37ms
step:2228/3250 train_time:684.816s step_avg:307.37ms
step:2229/3250 train_time:685.117s step_avg:307.37ms
step:2230/3250 train_time:685.419s step_avg:307.36ms
step:2231/3250 train_time:685.722s step_avg:307.36ms
step:2232/3250 train_time:686.025s step_avg:307.36ms
step:2233/3250 train_time:686.330s step_avg:307.36ms
step:2234/3250 train_time:686.633s step_avg:307.36ms
step:2235/3250 train_time:686.936s step_avg:307.35ms
step:2236/3250 train_time:687.238s step_avg:307.35ms
step:2237/3250 train_time:687.540s step_avg:307.35ms
step:2238/3250 train_time:687.844s step_avg:307.35ms
step:2239/3250 train_time:688.147s step_avg:307.35ms
step:2240/3250 train_time:688.451s step_avg:307.34ms
step:2241/3250 train_time:688.754s step_avg:307.34ms
step:2242/3250 train_time:689.056s step_avg:307.34ms
step:2243/3250 train_time:689.359s step_avg:307.34ms
step:2244/3250 train_time:689.661s step_avg:307.34ms
step:2245/3250 train_time:689.964s step_avg:307.33ms
step:2246/3250 train_time:690.268s step_avg:307.33ms
step:2247/3250 train_time:690.571s step_avg:307.33ms
step:2248/3250 train_time:690.874s step_avg:307.33ms
step:2249/3250 train_time:691.177s step_avg:307.33ms
step:2250/3250 train_time:691.480s step_avg:307.32ms
step:2250/3250 val_loss:3.41325 train_time:691.481s step_avg:303.92ms
probe_ema: n=84934656 align=-0.22139,-0.21138,-0.19639,-0.17615 rel_mse=1.06044,1.03408,1.01868,1.00997
step:2251/3250 train_time:691.790s step_avg:307.33ms
step:2252/3250 train_time:692.093s step_avg:307.32ms
step:2253/3250 train_time:692.397s step_avg:307.32ms
step:2254/3250 train_time:692.702s step_avg:307.32ms
step:2255/3250 train_time:693.006s step_avg:307.32ms
step:2256/3250 train_time:693.309s step_avg:307.32ms
step:2257/3250 train_time:693.612s step_avg:307.32ms
step:2258/3250 train_time:693.917s step_avg:307.31ms
step:2259/3250 train_time:694.222s step_avg:307.31ms
step:2260/3250 train_time:694.526s step_avg:307.31ms
step:2261/3250 train_time:694.829s step_avg:307.31ms
step:2262/3250 train_time:695.133s step_avg:307.31ms
step:2263/3250 train_time:695.435s step_avg:307.31ms
step:2264/3250 train_time:695.739s step_avg:307.31ms
step:2265/3250 train_time:696.043s step_avg:307.30ms
step:2266/3250 train_time:696.346s step_avg:307.30ms
step:2267/3250 train_time:696.649s step_avg:307.30ms
step:2268/3250 train_time:696.951s step_avg:307.30ms
step:2269/3250 train_time:697.254s step_avg:307.30ms
step:2270/3250 train_time:697.562s step_avg:307.30ms
step:2271/3250 train_time:697.874s step_avg:307.30ms
step:2272/3250 train_time:698.176s step_avg:307.30ms
step:2273/3250 train_time:698.480s step_avg:307.29ms
step:2274/3250 train_time:698.785s step_avg:307.29ms
step:2275/3250 train_time:699.088s step_avg:307.29ms
step:2276/3250 train_time:699.391s step_avg:307.29ms
step:2277/3250 train_time:699.693s step_avg:307.29ms
step:2278/3250 train_time:699.996s step_avg:307.29ms
step:2279/3250 train_time:700.302s step_avg:307.28ms
step:2280/3250 train_time:700.606s step_avg:307.28ms
step:2281/3250 train_time:701.003s step_avg:307.32ms
step:2282/3250 train_time:701.306s step_avg:307.32ms
step:2283/3250 train_time:701.611s step_avg:307.32ms
step:2284/3250 train_time:701.918s step_avg:307.32ms
step:2285/3250 train_time:702.222s step_avg:307.32ms
step:2286/3250 train_time:702.531s step_avg:307.32ms
step:2287/3250 train_time:702.834s step_avg:307.32ms
step:2288/3250 train_time:703.142s step_avg:307.32ms
step:2289/3250 train_time:703.446s step_avg:307.32ms
step:2290/3250 train_time:703.748s step_avg:307.31ms
step:2291/3250 train_time:704.050s step_avg:307.31ms
step:2292/3250 train_time:704.354s step_avg:307.31ms
step:2293/3250 train_time:704.658s step_avg:307.31ms
step:2294/3250 train_time:704.962s step_avg:307.31ms
step:2295/3250 train_time:705.265s step_avg:307.31ms
step:2296/3250 train_time:705.568s step_avg:307.30ms
step:2297/3250 train_time:705.870s step_avg:307.30ms
step:2298/3250 train_time:706.173s step_avg:307.30ms
step:2299/3250 train_time:706.475s step_avg:307.30ms
step:2300/3250 train_time:706.778s step_avg:307.29ms
step:2301/3250 train_time:707.084s step_avg:307.29ms
step:2302/3250 train_time:707.389s step_avg:307.29ms
step:2303/3250 train_time:707.692s step_avg:307.29ms
step:2304/3250 train_time:707.992s step_avg:307.29ms
step:2305/3250 train_time:708.294s step_avg:307.29ms
step:2306/3250 train_time:708.598s step_avg:307.28ms
step:2307/3250 train_time:708.905s step_avg:307.28ms
step:2308/3250 train_time:709.211s step_avg:307.28ms
step:2309/3250 train_time:709.516s step_avg:307.28ms
step:2310/3250 train_time:709.823s step_avg:307.28ms
step:2311/3250 train_time:710.133s step_avg:307.28ms
step:2312/3250 train_time:710.439s step_avg:307.28ms
step:2313/3250 train_time:710.751s step_avg:307.29ms
step:2314/3250 train_time:711.053s step_avg:307.28ms
step:2315/3250 train_time:711.356s step_avg:307.28ms
step:2316/3250 train_time:711.660s step_avg:307.28ms
step:2317/3250 train_time:711.971s step_avg:307.28ms
step:2318/3250 train_time:712.271s step_avg:307.28ms
step:2319/3250 train_time:712.572s step_avg:307.28ms
step:2320/3250 train_time:712.873s step_avg:307.27ms
step:2321/3250 train_time:713.183s step_avg:307.27ms
step:2322/3250 train_time:713.492s step_avg:307.27ms
step:2323/3250 train_time:713.802s step_avg:307.28ms
step:2324/3250 train_time:714.108s step_avg:307.28ms
step:2325/3250 train_time:714.413s step_avg:307.27ms
step:2326/3250 train_time:714.716s step_avg:307.27ms
step:2327/3250 train_time:715.023s step_avg:307.27ms
step:2328/3250 train_time:715.327s step_avg:307.27ms
step:2329/3250 train_time:715.630s step_avg:307.27ms
step:2330/3250 train_time:715.934s step_avg:307.27ms
step:2331/3250 train_time:716.240s step_avg:307.27ms
step:2332/3250 train_time:716.545s step_avg:307.27ms
step:2333/3250 train_time:716.848s step_avg:307.26ms
step:2334/3250 train_time:717.151s step_avg:307.26ms
step:2335/3250 train_time:717.454s step_avg:307.26ms
step:2336/3250 train_time:717.757s step_avg:307.26ms
step:2337/3250 train_time:718.062s step_avg:307.26ms
step:2338/3250 train_time:718.365s step_avg:307.26ms
step:2339/3250 train_time:718.671s step_avg:307.26ms
step:2340/3250 train_time:718.977s step_avg:307.26ms
step:2341/3250 train_time:719.283s step_avg:307.25ms
step:2342/3250 train_time:719.587s step_avg:307.25ms
step:2343/3250 train_time:719.894s step_avg:307.25ms
step:2344/3250 train_time:720.198s step_avg:307.25ms
step:2345/3250 train_time:720.503s step_avg:307.25ms
step:2346/3250 train_time:720.807s step_avg:307.25ms
step:2347/3250 train_time:721.125s step_avg:307.25ms
step:2348/3250 train_time:721.429s step_avg:307.25ms
step:2349/3250 train_time:721.731s step_avg:307.25ms
step:2350/3250 train_time:722.035s step_avg:307.25ms
step:2351/3250 train_time:722.340s step_avg:307.25ms
step:2352/3250 train_time:722.646s step_avg:307.25ms
step:2353/3250 train_time:722.949s step_avg:307.25ms
step:2354/3250 train_time:723.253s step_avg:307.24ms
step:2355/3250 train_time:723.555s step_avg:307.24ms
step:2356/3250 train_time:723.859s step_avg:307.24ms
step:2357/3250 train_time:724.164s step_avg:307.24ms
step:2358/3250 train_time:724.467s step_avg:307.24ms
step:2359/3250 train_time:724.770s step_avg:307.24ms
step:2360/3250 train_time:725.072s step_avg:307.23ms
step:2361/3250 train_time:725.378s step_avg:307.23ms
step:2362/3250 train_time:725.687s step_avg:307.23ms
step:2363/3250 train_time:725.993s step_avg:307.23ms
step:2364/3250 train_time:726.297s step_avg:307.23ms
step:2365/3250 train_time:726.602s step_avg:307.23ms
step:2366/3250 train_time:726.909s step_avg:307.23ms
step:2367/3250 train_time:727.215s step_avg:307.23ms
step:2368/3250 train_time:727.522s step_avg:307.23ms
step:2369/3250 train_time:727.834s step_avg:307.23ms
step:2370/3250 train_time:728.138s step_avg:307.23ms
step:2371/3250 train_time:728.444s step_avg:307.23ms
step:2372/3250 train_time:728.747s step_avg:307.23ms
step:2373/3250 train_time:729.051s step_avg:307.23ms
step:2374/3250 train_time:729.353s step_avg:307.23ms
step:2375/3250 train_time:729.657s step_avg:307.22ms
step:2375/3250 val_loss:3.39600 train_time:729.658s step_avg:305.42ms
probe_ema: n=84934656 align=-0.22657,-0.21540,-0.19879,-0.17766 rel_mse=1.06388,1.03610,1.01979,1.01055
step:2376/3250 train_time:729.961s step_avg:307.22ms
step:2377/3250 train_time:730.265s step_avg:307.22ms
step:2378/3250 train_time:730.566s step_avg:307.22ms
step:2379/3250 train_time:730.868s step_avg:307.22ms
step:2380/3250 train_time:731.170s step_avg:307.21ms
step:2381/3250 train_time:731.470s step_avg:307.21ms
step:2382/3250 train_time:731.772s step_avg:307.21ms
step:2383/3250 train_time:732.076s step_avg:307.21ms
step:2384/3250 train_time:732.380s step_avg:307.21ms
step:2385/3250 train_time:732.684s step_avg:307.21ms
step:2386/3250 train_time:732.986s step_avg:307.20ms
step:2387/3250 train_time:733.288s step_avg:307.20ms
step:2388/3250 train_time:733.589s step_avg:307.20ms
step:2389/3250 train_time:733.890s step_avg:307.20ms
step:2390/3250 train_time:734.193s step_avg:307.19ms
step:2391/3250 train_time:734.496s step_avg:307.19ms
step:2392/3250 train_time:734.800s step_avg:307.19ms
step:2393/3250 train_time:735.104s step_avg:307.19ms
step:2394/3250 train_time:735.407s step_avg:307.19ms
step:2395/3250 train_time:735.709s step_avg:307.19ms
step:2396/3250 train_time:736.012s step_avg:307.18ms
step:2397/3250 train_time:736.314s step_avg:307.18ms
step:2398/3250 train_time:736.619s step_avg:307.18ms
step:2399/3250 train_time:736.925s step_avg:307.18ms
step:2400/3250 train_time:737.228s step_avg:307.18ms
step:2401/3250 train_time:737.531s step_avg:307.18ms
step:2402/3250 train_time:737.836s step_avg:307.18ms
step:2403/3250 train_time:738.142s step_avg:307.18ms
step:2404/3250 train_time:738.444s step_avg:307.17ms
step:2405/3250 train_time:738.746s step_avg:307.17ms
step:2406/3250 train_time:739.048s step_avg:307.17ms
step:2407/3250 train_time:739.351s step_avg:307.17ms
step:2408/3250 train_time:739.654s step_avg:307.17ms
step:2409/3250 train_time:739.958s step_avg:307.16ms
step:2410/3250 train_time:740.262s step_avg:307.16ms
step:2411/3250 train_time:740.564s step_avg:307.16ms
step:2412/3250 train_time:740.868s step_avg:307.16ms
step:2413/3250 train_time:741.170s step_avg:307.16ms
step:2414/3250 train_time:741.472s step_avg:307.15ms
step:2415/3250 train_time:741.776s step_avg:307.15ms
step:2416/3250 train_time:742.079s step_avg:307.15ms
step:2417/3250 train_time:742.383s step_avg:307.15ms
step:2418/3250 train_time:742.685s step_avg:307.15ms
step:2419/3250 train_time:742.988s step_avg:307.15ms
step:2420/3250 train_time:743.292s step_avg:307.15ms
step:2421/3250 train_time:743.596s step_avg:307.14ms
step:2422/3250 train_time:743.901s step_avg:307.14ms
step:2423/3250 train_time:744.203s step_avg:307.14ms
step:2424/3250 train_time:744.506s step_avg:307.14ms
step:2425/3250 train_time:744.809s step_avg:307.14ms
step:2426/3250 train_time:745.111s step_avg:307.14ms
step:2427/3250 train_time:745.413s step_avg:307.13ms
step:2428/3250 train_time:745.716s step_avg:307.13ms
step:2429/3250 train_time:746.020s step_avg:307.13ms
step:2430/3250 train_time:746.323s step_avg:307.13ms
step:2431/3250 train_time:746.625s step_avg:307.13ms
step:2432/3250 train_time:746.928s step_avg:307.12ms
step:2433/3250 train_time:747.235s step_avg:307.12ms
step:2434/3250 train_time:747.540s step_avg:307.12ms
step:2435/3250 train_time:747.844s step_avg:307.12ms
step:2436/3250 train_time:748.146s step_avg:307.12ms
step:2437/3250 train_time:748.448s step_avg:307.12ms
step:2438/3250 train_time:748.751s step_avg:307.12ms
step:2439/3250 train_time:749.053s step_avg:307.11ms
step:2440/3250 train_time:749.357s step_avg:307.11ms
step:2441/3250 train_time:749.661s step_avg:307.11ms
step:2442/3250 train_time:749.965s step_avg:307.11ms
step:2443/3250 train_time:750.267s step_avg:307.11ms
step:2444/3250 train_time:750.568s step_avg:307.11ms
step:2445/3250 train_time:750.870s step_avg:307.10ms
step:2446/3250 train_time:751.172s step_avg:307.10ms
step:2447/3250 train_time:751.474s step_avg:307.10ms
step:2448/3250 train_time:751.778s step_avg:307.10ms
step:2449/3250 train_time:752.082s step_avg:307.10ms
step:2450/3250 train_time:752.385s step_avg:307.10ms
step:2451/3250 train_time:752.687s step_avg:307.09ms
step:2452/3250 train_time:752.989s step_avg:307.09ms
step:2453/3250 train_time:753.294s step_avg:307.09ms
step:2454/3250 train_time:753.597s step_avg:307.09ms
step:2455/3250 train_time:753.903s step_avg:307.09ms
step:2456/3250 train_time:754.205s step_avg:307.09ms
step:2457/3250 train_time:754.508s step_avg:307.08ms
step:2458/3250 train_time:754.810s step_avg:307.08ms
step:2459/3250 train_time:755.111s step_avg:307.08ms
step:2460/3250 train_time:755.413s step_avg:307.08ms
step:2461/3250 train_time:755.714s step_avg:307.08ms
step:2462/3250 train_time:756.017s step_avg:307.07ms
step:2463/3250 train_time:756.321s step_avg:307.07ms
step:2464/3250 train_time:756.624s step_avg:307.07ms
step:2465/3250 train_time:756.926s step_avg:307.07ms
step:2466/3250 train_time:757.229s step_avg:307.07ms
step:2467/3250 train_time:757.533s step_avg:307.07ms
step:2468/3250 train_time:757.835s step_avg:307.06ms
step:2469/3250 train_time:758.139s step_avg:307.06ms
step:2470/3250 train_time:758.442s step_avg:307.06ms
step:2471/3250 train_time:758.809s step_avg:307.09ms
step:2472/3250 train_time:759.114s step_avg:307.08ms
step:2473/3250 train_time:759.420s step_avg:307.08ms
step:2474/3250 train_time:759.725s step_avg:307.08ms
step:2475/3250 train_time:760.030s step_avg:307.08ms
step:2476/3250 train_time:760.335s step_avg:307.08ms
step:2477/3250 train_time:760.643s step_avg:307.08ms
step:2478/3250 train_time:760.950s step_avg:307.08ms
step:2479/3250 train_time:761.253s step_avg:307.08ms
step:2480/3250 train_time:761.557s step_avg:307.08ms
step:2481/3250 train_time:761.863s step_avg:307.08ms
step:2482/3250 train_time:762.167s step_avg:307.08ms
step:2483/3250 train_time:762.470s step_avg:307.08ms
step:2484/3250 train_time:762.773s step_avg:307.07ms
step:2485/3250 train_time:763.077s step_avg:307.07ms
step:2486/3250 train_time:763.383s step_avg:307.07ms
step:2487/3250 train_time:763.686s step_avg:307.07ms
step:2488/3250 train_time:763.990s step_avg:307.07ms
step:2489/3250 train_time:764.294s step_avg:307.07ms
step:2490/3250 train_time:764.599s step_avg:307.07ms
step:2491/3250 train_time:764.903s step_avg:307.07ms
step:2492/3250 train_time:765.208s step_avg:307.07ms
step:2493/3250 train_time:765.511s step_avg:307.06ms
step:2494/3250 train_time:765.813s step_avg:307.06ms
step:2495/3250 train_time:766.119s step_avg:307.06ms
step:2496/3250 train_time:766.424s step_avg:307.06ms
step:2497/3250 train_time:766.728s step_avg:307.06ms
step:2498/3250 train_time:767.030s step_avg:307.06ms
step:2499/3250 train_time:767.334s step_avg:307.06ms
step:2500/3250 train_time:767.640s step_avg:307.06ms
step:2500/3250 val_loss:3.37803 train_time:767.642s step_avg:303.87ms
probe_ema: n=84934656 align=-0.20734,-0.20111,-0.18717,-0.16627 rel_mse=1.06576,1.03672,1.01983,1.01037
step:2501/3250 train_time:767.948s step_avg:307.06ms
step:2502/3250 train_time:768.254s step_avg:307.06ms
step:2503/3250 train_time:768.560s step_avg:307.06ms
step:2504/3250 train_time:768.863s step_avg:307.05ms
step:2505/3250 train_time:769.167s step_avg:307.05ms
step:2506/3250 train_time:769.475s step_avg:307.05ms
step:2507/3250 train_time:769.788s step_avg:307.06ms
step:2508/3250 train_time:770.090s step_avg:307.05ms
step:2509/3250 train_time:770.395s step_avg:307.05ms
step:2510/3250 train_time:770.704s step_avg:307.05ms
step:2511/3250 train_time:771.012s step_avg:307.05ms
step:2512/3250 train_time:771.320s step_avg:307.05ms
step:2513/3250 train_time:771.628s step_avg:307.05ms
step:2514/3250 train_time:771.937s step_avg:307.06ms
step:2515/3250 train_time:772.246s step_avg:307.06ms
step:2516/3250 train_time:772.551s step_avg:307.06ms
step:2517/3250 train_time:772.857s step_avg:307.05ms
step:2518/3250 train_time:773.163s step_avg:307.05ms
step:2519/3250 train_time:773.467s step_avg:307.05ms
step:2520/3250 train_time:773.778s step_avg:307.05ms
step:2521/3250 train_time:774.082s step_avg:307.05ms
step:2522/3250 train_time:774.387s step_avg:307.05ms
step:2523/3250 train_time:774.694s step_avg:307.05ms
step:2524/3250 train_time:775.002s step_avg:307.05ms
step:2525/3250 train_time:775.312s step_avg:307.05ms
step:2526/3250 train_time:775.619s step_avg:307.05ms
step:2527/3250 train_time:775.925s step_avg:307.05ms
step:2528/3250 train_time:776.236s step_avg:307.06ms
step:2529/3250 train_time:776.543s step_avg:307.06ms
step:2530/3250 train_time:776.850s step_avg:307.06ms
step:2531/3250 train_time:777.159s step_avg:307.06ms
step:2532/3250 train_time:777.464s step_avg:307.06ms
step:2533/3250 train_time:777.774s step_avg:307.06ms
step:2534/3250 train_time:778.083s step_avg:307.06ms
step:2535/3250 train_time:778.390s step_avg:307.06ms
step:2536/3250 train_time:778.705s step_avg:307.06ms
step:2537/3250 train_time:779.010s step_avg:307.06ms
step:2538/3250 train_time:779.323s step_avg:307.06ms
step:2539/3250 train_time:779.627s step_avg:307.06ms
step:2540/3250 train_time:779.939s step_avg:307.06ms
step:2541/3250 train_time:780.245s step_avg:307.06ms
step:2542/3250 train_time:780.549s step_avg:307.06ms
step:2543/3250 train_time:780.859s step_avg:307.06ms
step:2544/3250 train_time:781.163s step_avg:307.06ms
step:2545/3250 train_time:781.467s step_avg:307.06ms
step:2546/3250 train_time:781.771s step_avg:307.06ms
step:2547/3250 train_time:782.083s step_avg:307.06ms
step:2548/3250 train_time:782.387s step_avg:307.06ms
step:2549/3250 train_time:782.716s step_avg:307.07ms
step:2550/3250 train_time:783.069s step_avg:307.09ms
step:2551/3250 train_time:783.377s step_avg:307.09ms
step:2552/3250 train_time:783.688s step_avg:307.09ms
step:2553/3250 train_time:783.992s step_avg:307.09ms
step:2554/3250 train_time:784.298s step_avg:307.09ms
step:2555/3250 train_time:784.610s step_avg:307.09ms
step:2556/3250 train_time:784.919s step_avg:307.09ms
step:2557/3250 train_time:785.225s step_avg:307.09ms
step:2558/3250 train_time:785.530s step_avg:307.09ms
step:2559/3250 train_time:785.836s step_avg:307.09ms
step:2560/3250 train_time:786.143s step_avg:307.09ms
step:2561/3250 train_time:786.455s step_avg:307.09ms
step:2562/3250 train_time:786.769s step_avg:307.09ms
step:2563/3250 train_time:787.080s step_avg:307.09ms
step:2564/3250 train_time:787.390s step_avg:307.09ms
step:2565/3250 train_time:787.700s step_avg:307.10ms
step:2566/3250 train_time:788.007s step_avg:307.10ms
step:2567/3250 train_time:788.316s step_avg:307.10ms
step:2568/3250 train_time:788.629s step_avg:307.10ms
step:2569/3250 train_time:788.937s step_avg:307.10ms
step:2570/3250 train_time:789.245s step_avg:307.10ms
step:2571/3250 train_time:789.549s step_avg:307.10ms
step:2572/3250 train_time:789.861s step_avg:307.10ms
step:2573/3250 train_time:790.170s step_avg:307.10ms
step:2574/3250 train_time:790.479s step_avg:307.10ms
step:2575/3250 train_time:790.788s step_avg:307.10ms
step:2576/3250 train_time:791.099s step_avg:307.10ms
step:2577/3250 train_time:791.407s step_avg:307.10ms
step:2578/3250 train_time:791.718s step_avg:307.11ms
step:2579/3250 train_time:792.028s step_avg:307.11ms
step:2580/3250 train_time:792.337s step_avg:307.11ms
step:2581/3250 train_time:792.651s step_avg:307.11ms
step:2582/3250 train_time:792.965s step_avg:307.11ms
step:2583/3250 train_time:793.272s step_avg:307.11ms
step:2584/3250 train_time:793.581s step_avg:307.11ms
step:2585/3250 train_time:793.885s step_avg:307.11ms
step:2586/3250 train_time:794.188s step_avg:307.11ms
step:2587/3250 train_time:794.498s step_avg:307.11ms
step:2588/3250 train_time:794.804s step_avg:307.11ms
step:2589/3250 train_time:795.111s step_avg:307.11ms
step:2590/3250 train_time:795.417s step_avg:307.11ms
step:2591/3250 train_time:795.723s step_avg:307.11ms
step:2592/3250 train_time:796.029s step_avg:307.11ms
step:2593/3250 train_time:796.335s step_avg:307.11ms
step:2594/3250 train_time:796.640s step_avg:307.11ms
step:2595/3250 train_time:796.944s step_avg:307.11ms
step:2596/3250 train_time:797.248s step_avg:307.11ms
step:2597/3250 train_time:797.553s step_avg:307.11ms
step:2598/3250 train_time:797.858s step_avg:307.10ms
step:2599/3250 train_time:798.162s step_avg:307.10ms
step:2600/3250 train_time:798.466s step_avg:307.10ms
step:2601/3250 train_time:798.769s step_avg:307.10ms
step:2602/3250 train_time:799.074s step_avg:307.10ms
step:2603/3250 train_time:799.380s step_avg:307.10ms
step:2604/3250 train_time:799.684s step_avg:307.10ms
step:2605/3250 train_time:799.988s step_avg:307.10ms
step:2606/3250 train_time:800.294s step_avg:307.10ms
step:2607/3250 train_time:800.600s step_avg:307.10ms
step:2608/3250 train_time:800.904s step_avg:307.10ms
step:2609/3250 train_time:801.208s step_avg:307.09ms
step:2610/3250 train_time:801.513s step_avg:307.09ms
step:2611/3250 train_time:801.823s step_avg:307.09ms
step:2612/3250 train_time:802.129s step_avg:307.09ms
step:2613/3250 train_time:802.437s step_avg:307.09ms
step:2614/3250 train_time:802.744s step_avg:307.09ms
step:2615/3250 train_time:803.048s step_avg:307.09ms
step:2616/3250 train_time:803.353s step_avg:307.09ms
step:2617/3250 train_time:803.661s step_avg:307.09ms
step:2618/3250 train_time:803.964s step_avg:307.09ms
step:2619/3250 train_time:804.267s step_avg:307.09ms
step:2620/3250 train_time:804.572s step_avg:307.09ms
step:2621/3250 train_time:804.877s step_avg:307.09ms
step:2622/3250 train_time:805.182s step_avg:307.09ms
step:2623/3250 train_time:805.486s step_avg:307.09ms
step:2624/3250 train_time:805.789s step_avg:307.08ms
step:2625/3250 train_time:806.095s step_avg:307.08ms
step:2625/3250 val_loss:3.35821 train_time:806.096s step_avg:307.63ms
probe_ema: n=84934656 align=-0.15396,-0.15596,-0.14998,-0.13671 rel_mse=1.05637,1.03280,1.01834,1.00989
step:2626/3250 train_time:806.403s step_avg:307.08ms
step:2627/3250 train_time:806.709s step_avg:307.08ms
step:2628/3250 train_time:807.020s step_avg:307.09ms
step:2629/3250 train_time:807.324s step_avg:307.08ms
step:2630/3250 train_time:807.630s step_avg:307.08ms
step:2631/3250 train_time:807.939s step_avg:307.08ms
step:2632/3250 train_time:808.244s step_avg:307.08ms
step:2633/3250 train_time:808.547s step_avg:307.08ms
step:2634/3250 train_time:808.855s step_avg:307.08ms
step:2635/3250 train_time:809.159s step_avg:307.08ms
step:2636/3250 train_time:809.462s step_avg:307.08ms
step:2637/3250 train_time:809.765s step_avg:307.08ms
step:2638/3250 train_time:810.070s step_avg:307.08ms
step:2639/3250 train_time:810.378s step_avg:307.08ms
step:2640/3250 train_time:810.684s step_avg:307.08ms
step:2641/3250 train_time:810.990s step_avg:307.08ms
step:2642/3250 train_time:811.298s step_avg:307.08ms
step:2643/3250 train_time:811.602s step_avg:307.08ms
step:2644/3250 train_time:811.905s step_avg:307.07ms
step:2645/3250 train_time:812.210s step_avg:307.07ms
step:2646/3250 train_time:812.516s step_avg:307.07ms
step:2647/3250 train_time:812.820s step_avg:307.07ms
step:2648/3250 train_time:813.124s step_avg:307.07ms
step:2649/3250 train_time:813.428s step_avg:307.07ms
step:2650/3250 train_time:813.735s step_avg:307.07ms
step:2651/3250 train_time:814.039s step_avg:307.07ms
step:2652/3250 train_time:814.349s step_avg:307.07ms
step:2653/3250 train_time:814.655s step_avg:307.07ms
step:2654/3250 train_time:814.958s step_avg:307.07ms
step:2655/3250 train_time:815.262s step_avg:307.07ms
step:2656/3250 train_time:815.569s step_avg:307.07ms
step:2657/3250 train_time:815.877s step_avg:307.07ms
step:2658/3250 train_time:816.181s step_avg:307.07ms
step:2659/3250 train_time:816.485s step_avg:307.06ms
step:2660/3250 train_time:816.791s step_avg:307.06ms
step:2661/3250 train_time:817.160s step_avg:307.09ms
step:2662/3250 train_time:817.465s step_avg:307.09ms
step:2663/3250 train_time:817.772s step_avg:307.09ms
step:2664/3250 train_time:818.079s step_avg:307.09ms
step:2665/3250 train_time:818.383s step_avg:307.09ms
step:2666/3250 train_time:818.687s step_avg:307.08ms
step:2667/3250 train_time:818.993s step_avg:307.08ms
step:2668/3250 train_time:819.300s step_avg:307.08ms
step:2669/3250 train_time:819.603s step_avg:307.08ms
step:2670/3250 train_time:819.905s step_avg:307.08ms
step:2671/3250 train_time:820.208s step_avg:307.08ms
step:2672/3250 train_time:820.514s step_avg:307.08ms
step:2673/3250 train_time:820.821s step_avg:307.08ms
step:2674/3250 train_time:821.125s step_avg:307.08ms
step:2675/3250 train_time:821.430s step_avg:307.08ms
step:2676/3250 train_time:821.738s step_avg:307.08ms
step:2677/3250 train_time:822.042s step_avg:307.08ms
step:2678/3250 train_time:822.347s step_avg:307.08ms
step:2679/3250 train_time:822.654s step_avg:307.07ms
step:2680/3250 train_time:822.958s step_avg:307.07ms
step:2681/3250 train_time:823.265s step_avg:307.07ms
step:2682/3250 train_time:823.571s step_avg:307.07ms
step:2683/3250 train_time:823.877s step_avg:307.07ms
step:2684/3250 train_time:824.179s step_avg:307.07ms
step:2685/3250 train_time:824.483s step_avg:307.07ms
step:2686/3250 train_time:824.787s step_avg:307.07ms
step:2687/3250 train_time:825.093s step_avg:307.07ms
step:2688/3250 train_time:825.397s step_avg:307.07ms
step:2689/3250 train_time:825.701s step_avg:307.07ms
step:2690/3250 train_time:826.006s step_avg:307.07ms
step:2691/3250 train_time:826.311s step_avg:307.06ms
step:2692/3250 train_time:826.616s step_avg:307.06ms
step:2693/3250 train_time:826.919s step_avg:307.06ms
step:2694/3250 train_time:827.223s step_avg:307.06ms
step:2695/3250 train_time:827.528s step_avg:307.06ms
step:2696/3250 train_time:827.832s step_avg:307.06ms
step:2697/3250 train_time:828.140s step_avg:307.06ms
step:2698/3250 train_time:828.443s step_avg:307.06ms
step:2699/3250 train_time:828.747s step_avg:307.06ms
step:2700/3250 train_time:829.051s step_avg:307.06ms
step:2701/3250 train_time:829.359s step_avg:307.06ms
step:2702/3250 train_time:829.665s step_avg:307.06ms
step:2703/3250 train_time:829.971s step_avg:307.06ms
step:2704/3250 train_time:830.280s step_avg:307.06ms
step:2705/3250 train_time:830.585s step_avg:307.06ms
step:2706/3250 train_time:830.891s step_avg:307.06ms
step:2707/3250 train_time:831.197s step_avg:307.05ms
step:2708/3250 train_time:831.501s step_avg:307.05ms
step:2709/3250 train_time:831.803s step_avg:307.05ms
step:2710/3250 train_time:832.108s step_avg:307.05ms
step:2711/3250 train_time:832.414s step_avg:307.05ms
step:2712/3250 train_time:832.719s step_avg:307.05ms
step:2713/3250 train_time:833.024s step_avg:307.05ms
step:2714/3250 train_time:833.335s step_avg:307.05ms
step:2715/3250 train_time:833.640s step_avg:307.05ms
step:2716/3250 train_time:833.943s step_avg:307.05ms
step:2717/3250 train_time:834.247s step_avg:307.05ms
step:2718/3250 train_time:834.554s step_avg:307.05ms
step:2719/3250 train_time:834.858s step_avg:307.05ms
step:2720/3250 train_time:835.161s step_avg:307.04ms
step:2721/3250 train_time:835.469s step_avg:307.04ms
step:2722/3250 train_time:835.776s step_avg:307.04ms
step:2723/3250 train_time:836.080s step_avg:307.04ms
step:2724/3250 train_time:836.388s step_avg:307.04ms
step:2725/3250 train_time:836.696s step_avg:307.04ms
step:2726/3250 train_time:837.002s step_avg:307.04ms
step:2727/3250 train_time:837.308s step_avg:307.04ms
step:2728/3250 train_time:837.615s step_avg:307.04ms
step:2729/3250 train_time:837.918s step_avg:307.04ms
step:2730/3250 train_time:838.221s step_avg:307.04ms
step:2731/3250 train_time:838.526s step_avg:307.04ms
step:2732/3250 train_time:838.830s step_avg:307.04ms
step:2733/3250 train_time:839.139s step_avg:307.04ms
step:2734/3250 train_time:839.446s step_avg:307.04ms
step:2735/3250 train_time:839.750s step_avg:307.04ms
step:2736/3250 train_time:840.057s step_avg:307.04ms
step:2737/3250 train_time:840.362s step_avg:307.04ms
step:2738/3250 train_time:840.665s step_avg:307.04ms
step:2739/3250 train_time:840.966s step_avg:307.03ms
step:2740/3250 train_time:841.271s step_avg:307.03ms
step:2741/3250 train_time:841.577s step_avg:307.03ms
step:2742/3250 train_time:841.886s step_avg:307.03ms
step:2743/3250 train_time:842.193s step_avg:307.03ms
step:2744/3250 train_time:842.501s step_avg:307.03ms
step:2745/3250 train_time:842.806s step_avg:307.03ms
step:2746/3250 train_time:843.113s step_avg:307.03ms
step:2747/3250 train_time:843.421s step_avg:307.03ms
step:2748/3250 train_time:843.725s step_avg:307.03ms
step:2749/3250 train_time:844.029s step_avg:307.03ms
step:2750/3250 train_time:844.334s step_avg:307.03ms
step:2750/3250 val_loss:3.34007 train_time:844.336s step_avg:305.92ms
probe_ema: n=84934656 align=-0.15105,-0.15263,-0.14666,-0.13370 rel_mse=1.05426,1.03171,1.01788,1.00978
step:2751/3250 train_time:844.640s step_avg:307.03ms
step:2752/3250 train_time:844.945s step_avg:307.03ms
step:2753/3250 train_time:845.250s step_avg:307.03ms
step:2754/3250 train_time:845.556s step_avg:307.03ms
step:2755/3250 train_time:845.867s step_avg:307.03ms
step:2756/3250 train_time:846.174s step_avg:307.03ms
step:2757/3250 train_time:846.480s step_avg:307.03ms
step:2758/3250 train_time:846.787s step_avg:307.03ms
step:2759/3250 train_time:847.097s step_avg:307.03ms
step:2760/3250 train_time:847.400s step_avg:307.03ms
step:2761/3250 train_time:847.712s step_avg:307.03ms
step:2762/3250 train_time:848.018s step_avg:307.03ms
step:2763/3250 train_time:848.332s step_avg:307.03ms
step:2764/3250 train_time:848.641s step_avg:307.03ms
step:2765/3250 train_time:848.945s step_avg:307.03ms
step:2766/3250 train_time:849.252s step_avg:307.03ms
step:2767/3250 train_time:849.556s step_avg:307.03ms
step:2768/3250 train_time:849.866s step_avg:307.03ms
step:2769/3250 train_time:850.182s step_avg:307.04ms
step:2770/3250 train_time:850.498s step_avg:307.04ms
step:2771/3250 train_time:850.803s step_avg:307.04ms
step:2772/3250 train_time:851.115s step_avg:307.04ms
step:2773/3250 train_time:851.424s step_avg:307.04ms
step:2774/3250 train_time:851.736s step_avg:307.04ms
step:2775/3250 train_time:852.040s step_avg:307.04ms
step:2776/3250 train_time:852.344s step_avg:307.04ms
step:2777/3250 train_time:852.652s step_avg:307.04ms
step:2778/3250 train_time:852.963s step_avg:307.04ms
step:2779/3250 train_time:853.273s step_avg:307.04ms
step:2780/3250 train_time:853.585s step_avg:307.05ms
step:2781/3250 train_time:853.902s step_avg:307.05ms
step:2782/3250 train_time:854.214s step_avg:307.05ms
step:2783/3250 train_time:854.521s step_avg:307.05ms
step:2784/3250 train_time:854.831s step_avg:307.05ms
step:2785/3250 train_time:855.144s step_avg:307.05ms
step:2786/3250 train_time:855.452s step_avg:307.05ms
step:2787/3250 train_time:855.759s step_avg:307.05ms
step:2788/3250 train_time:856.065s step_avg:307.05ms
step:2789/3250 train_time:856.373s step_avg:307.05ms
step:2790/3250 train_time:856.677s step_avg:307.05ms
step:2791/3250 train_time:856.988s step_avg:307.05ms
step:2792/3250 train_time:857.303s step_avg:307.06ms
step:2793/3250 train_time:857.615s step_avg:307.06ms
step:2794/3250 train_time:857.923s step_avg:307.06ms
step:2795/3250 train_time:858.236s step_avg:307.06ms
step:2796/3250 train_time:858.543s step_avg:307.06ms
step:2797/3250 train_time:858.849s step_avg:307.06ms
step:2798/3250 train_time:859.155s step_avg:307.06ms
step:2799/3250 train_time:859.464s step_avg:307.06ms
step:2800/3250 train_time:859.776s step_avg:307.06ms
step:2801/3250 train_time:860.078s step_avg:307.06ms
step:2802/3250 train_time:860.384s step_avg:307.06ms
step:2803/3250 train_time:860.696s step_avg:307.06ms
step:2804/3250 train_time:861.006s step_avg:307.06ms
step:2805/3250 train_time:861.321s step_avg:307.07ms
step:2806/3250 train_time:861.632s step_avg:307.07ms
step:2807/3250 train_time:861.935s step_avg:307.07ms
step:2808/3250 train_time:862.239s step_avg:307.07ms
step:2809/3250 train_time:862.544s step_avg:307.06ms
step:2810/3250 train_time:862.856s step_avg:307.07ms
step:2811/3250 train_time:863.161s step_avg:307.07ms
step:2812/3250 train_time:863.467s step_avg:307.07ms
step:2813/3250 train_time:863.777s step_avg:307.07ms
step:2814/3250 train_time:864.082s step_avg:307.07ms
step:2815/3250 train_time:864.389s step_avg:307.07ms
step:2816/3250 train_time:864.698s step_avg:307.07ms
step:2817/3250 train_time:865.005s step_avg:307.07ms
step:2818/3250 train_time:865.312s step_avg:307.07ms
step:2819/3250 train_time:865.624s step_avg:307.07ms
step:2820/3250 train_time:865.929s step_avg:307.07ms
step:2821/3250 train_time:866.240s step_avg:307.07ms
step:2822/3250 train_time:866.544s step_avg:307.07ms
step:2823/3250 train_time:866.850s step_avg:307.07ms
step:2824/3250 train_time:867.160s step_avg:307.07ms
step:2825/3250 train_time:867.465s step_avg:307.07ms
step:2826/3250 train_time:867.776s step_avg:307.07ms
step:2827/3250 train_time:868.082s step_avg:307.07ms
step:2828/3250 train_time:868.389s step_avg:307.07ms
step:2829/3250 train_time:868.695s step_avg:307.07ms
step:2830/3250 train_time:868.998s step_avg:307.07ms
step:2831/3250 train_time:869.301s step_avg:307.06ms
step:2832/3250 train_time:869.607s step_avg:307.06ms
step:2833/3250 train_time:869.913s step_avg:307.06ms
step:2834/3250 train_time:870.223s step_avg:307.07ms
step:2835/3250 train_time:870.528s step_avg:307.06ms
step:2836/3250 train_time:870.833s step_avg:307.06ms
step:2837/3250 train_time:871.137s step_avg:307.06ms
step:2838/3250 train_time:871.440s step_avg:307.06ms
step:2839/3250 train_time:871.744s step_avg:307.06ms
step:2840/3250 train_time:872.048s step_avg:307.06ms
step:2841/3250 train_time:872.354s step_avg:307.06ms
step:2842/3250 train_time:872.657s step_avg:307.06ms
step:2843/3250 train_time:872.959s step_avg:307.06ms
step:2844/3250 train_time:873.265s step_avg:307.06ms
step:2845/3250 train_time:873.574s step_avg:307.06ms
step:2846/3250 train_time:873.877s step_avg:307.05ms
step:2847/3250 train_time:874.184s step_avg:307.05ms
step:2848/3250 train_time:874.495s step_avg:307.06ms
step:2849/3250 train_time:874.800s step_avg:307.06ms
step:2850/3250 train_time:875.105s step_avg:307.05ms
step:2851/3250 train_time:875.469s step_avg:307.07ms
step:2852/3250 train_time:875.774s step_avg:307.07ms
step:2853/3250 train_time:876.077s step_avg:307.07ms
step:2854/3250 train_time:876.381s step_avg:307.07ms
step:2855/3250 train_time:876.684s step_avg:307.07ms
step:2856/3250 train_time:876.991s step_avg:307.07ms
step:2857/3250 train_time:877.294s step_avg:307.07ms
step:2858/3250 train_time:877.598s step_avg:307.07ms
step:2859/3250 train_time:877.903s step_avg:307.07ms
step:2860/3250 train_time:878.207s step_avg:307.07ms
step:2861/3250 train_time:878.513s step_avg:307.06ms
step:2862/3250 train_time:878.816s step_avg:307.06ms
step:2863/3250 train_time:879.123s step_avg:307.06ms
step:2864/3250 train_time:879.435s step_avg:307.07ms
step:2865/3250 train_time:879.738s step_avg:307.06ms
step:2866/3250 train_time:880.039s step_avg:307.06ms
step:2867/3250 train_time:880.344s step_avg:307.06ms
step:2868/3250 train_time:880.654s step_avg:307.06ms
step:2869/3250 train_time:880.958s step_avg:307.06ms
step:2870/3250 train_time:881.265s step_avg:307.06ms
step:2871/3250 train_time:881.573s step_avg:307.06ms
step:2872/3250 train_time:881.878s step_avg:307.06ms
step:2873/3250 train_time:882.182s step_avg:307.06ms
step:2874/3250 train_time:882.486s step_avg:307.06ms
step:2875/3250 train_time:882.793s step_avg:307.06ms
step:2875/3250 val_loss:3.32187 train_time:882.794s step_avg:307.67ms
probe_ema: n=84934656 align=-0.10308,-0.11691,-0.12030,-0.11471 rel_mse=1.04898,1.02988,1.01734,1.00962
step:2876/3250 train_time:883.097s step_avg:307.06ms
step:2877/3250 train_time:883.403s step_avg:307.06ms
step:2878/3250 train_time:883.711s step_avg:307.06ms
step:2879/3250 train_time:884.015s step_avg:307.06ms
step:2880/3250 train_time:884.320s step_avg:307.06ms
step:2881/3250 train_time:884.627s step_avg:307.06ms
step:2882/3250 train_time:884.934s step_avg:307.06ms
step:2883/3250 train_time:885.235s step_avg:307.05ms
step:2884/3250 train_time:885.537s step_avg:307.05ms
step:2885/3250 train_time:885.839s step_avg:307.05ms
step:2886/3250 train_time:886.142s step_avg:307.05ms
step:2887/3250 train_time:886.451s step_avg:307.05ms
step:2888/3250 train_time:886.756s step_avg:307.05ms
step:2889/3250 train_time:887.057s step_avg:307.05ms
step:2890/3250 train_time:887.360s step_avg:307.04ms
step:2891/3250 train_time:887.665s step_avg:307.04ms
step:2892/3250 train_time:887.972s step_avg:307.04ms
step:2893/3250 train_time:888.277s step_avg:307.04ms
step:2894/3250 train_time:888.583s step_avg:307.04ms
step:2895/3250 train_time:888.897s step_avg:307.05ms
step:2896/3250 train_time:889.201s step_avg:307.04ms
step:2897/3250 train_time:889.508s step_avg:307.04ms
step:2898/3250 train_time:889.814s step_avg:307.04ms
step:2899/3250 train_time:890.119s step_avg:307.04ms
step:2900/3250 train_time:890.423s step_avg:307.04ms
step:2900/3250 val_loss:3.31788 train_time:890.425s step_avg:305.21ms
probe_ema: n=84934656 align=-0.08871,-0.10601,-0.11184,-0.10779 rel_mse=1.04718,1.02892,1.01681,1.00933
step:2901/3250 train_time:890.728s step_avg:307.04ms
step:2902/3250 train_time:891.030s step_avg:307.04ms
step:2903/3250 train_time:891.333s step_avg:307.04ms
step:2904/3250 train_time:891.637s step_avg:307.04ms
step:2905/3250 train_time:891.944s step_avg:307.04ms
step:2906/3250 train_time:892.248s step_avg:307.04ms
step:2907/3250 train_time:892.551s step_avg:307.03ms
step:2908/3250 train_time:892.853s step_avg:307.03ms
step:2909/3250 train_time:893.158s step_avg:307.03ms
step:2910/3250 train_time:893.464s step_avg:307.03ms
step:2910/3250 val_loss:3.31600 train_time:893.465s step_avg:304.06ms
probe_ema: n=84934656 align=-0.08918,-0.10289,-0.10678,-0.10157 rel_mse=1.04438,1.02706,1.01579,1.00877
step:2911/3250 train_time:893.773s step_avg:307.03ms
step:2912/3250 train_time:894.081s step_avg:307.03ms
step:2913/3250 train_time:894.388s step_avg:307.03ms
step:2914/3250 train_time:894.694s step_avg:307.03ms
step:2915/3250 train_time:894.998s step_avg:307.03ms
step:2916/3250 train_time:895.304s step_avg:307.03ms
step:2917/3250 train_time:895.609s step_avg:307.03ms
step:2918/3250 train_time:895.913s step_avg:307.03ms
step:2919/3250 train_time:896.216s step_avg:307.03ms
step:2920/3250 train_time:896.521s step_avg:307.03ms
step:2920/3250 val_loss:3.31463 train_time:896.525s step_avg:305.94ms
probe_ema: n=84934656 align=-0.10503,-0.11534,-0.11680,-0.11053 rel_mse=1.05011,1.02982,1.01706,1.00943
step:2921/3250 train_time:896.832s step_avg:307.03ms
step:2922/3250 train_time:897.139s step_avg:307.03ms
step:2923/3250 train_time:897.449s step_avg:307.03ms
step:2924/3250 train_time:897.751s step_avg:307.03ms
step:2925/3250 train_time:898.057s step_avg:307.03ms
step:2925/3250 val_loss:3.31377 train_time:898.058s step_avg:306.78ms
probe_ema: n=84934656 align=-0.09357,-0.10658,-0.11015,-0.10501 rel_mse=1.04694,1.02831,1.01642,1.00914
step:2926/3250 train_time:898.360s step_avg:307.03ms
step:2927/3250 train_time:898.665s step_avg:307.03ms
step:2928/3250 train_time:898.970s step_avg:307.03ms
step:2929/3250 train_time:899.275s step_avg:307.02ms
step:2930/3250 train_time:899.578s step_avg:307.02ms
step:2930/3250 val_loss:3.31374 train_time:899.579s step_avg:304.15ms
probe_ema: n=84934656 align=-0.11966,-0.12821,-0.12740,-0.11896 rel_mse=1.05240,1.03092,1.01750,1.00958
step:2931/3250 train_time:899.885s step_avg:307.02ms
step:2932/3250 train_time:900.188s step_avg:307.02ms
step:2933/3250 train_time:900.491s step_avg:307.02ms
step:2934/3250 train_time:900.795s step_avg:307.02ms
step:2935/3250 train_time:901.104s step_avg:307.02ms
step:2936/3250 train_time:901.409s step_avg:307.02ms
step:2937/3250 train_time:901.713s step_avg:307.02ms
step:2938/3250 train_time:902.021s step_avg:307.02ms
step:2939/3250 train_time:902.330s step_avg:307.02ms
step:2940/3250 train_time:902.637s step_avg:307.02ms
step:2940/3250 val_loss:3.31194 train_time:902.638s step_avg:305.91ms
probe_ema: n=84934656 align=-0.07981,-0.09760,-0.10392,-0.10052 rel_mse=1.04493,1.02753,1.01610,1.00898
step:2941/3250 train_time:902.945s step_avg:307.02ms
step:2942/3250 train_time:903.247s step_avg:307.02ms
step:2943/3250 train_time:903.551s step_avg:307.02ms
step:2944/3250 train_time:903.857s step_avg:307.02ms
step:2945/3250 train_time:904.161s step_avg:307.02ms
step:2946/3250 train_time:904.472s step_avg:307.02ms
step:2947/3250 train_time:904.781s step_avg:307.02ms
step:2948/3250 train_time:905.093s step_avg:307.02ms
step:2949/3250 train_time:905.402s step_avg:307.02ms
step:2950/3250 train_time:905.709s step_avg:307.02ms
step:2950/3250 val_loss:3.31043 train_time:905.711s step_avg:307.22ms
probe_ema: n=84934656 align=-0.11774,-0.12593,-0.12533,-0.11724 rel_mse=1.05406,1.03203,1.01823,1.01002
step:2951/3250 train_time:906.013s step_avg:307.02ms
step:2952/3250 train_time:906.316s step_avg:307.02ms
step:2953/3250 train_time:906.620s step_avg:307.02ms
step:2954/3250 train_time:906.925s step_avg:307.02ms
step:2955/3250 train_time:907.231s step_avg:307.02ms
step:2956/3250 train_time:907.535s step_avg:307.01ms
step:2957/3250 train_time:907.840s step_avg:307.01ms
step:2958/3250 train_time:908.148s step_avg:307.01ms
step:2959/3250 train_time:908.465s step_avg:307.02ms
step:2960/3250 train_time:908.773s step_avg:307.02ms
step:2960/3250 val_loss:3.30905 train_time:908.774s step_avg:306.33ms
probe_ema: n=84934656 align=-0.11057,-0.12087,-0.12177,-0.11456 rel_mse=1.05228,1.03112,1.01779,1.00980
step:2961/3250 train_time:909.084s step_avg:307.02ms
step:2962/3250 train_time:909.393s step_avg:307.02ms
step:2963/3250 train_time:909.699s step_avg:307.02ms
step:2964/3250 train_time:910.001s step_avg:307.02ms
step:2965/3250 train_time:910.307s step_avg:307.02ms
step:2966/3250 train_time:910.616s step_avg:307.02ms
step:2967/3250 train_time:910.922s step_avg:307.02ms
step:2968/3250 train_time:911.229s step_avg:307.02ms
step:2969/3250 train_time:911.536s step_avg:307.02ms
step:2970/3250 train_time:911.840s step_avg:307.02ms
step:2970/3250 val_loss:3.30743 train_time:911.842s step_avg:306.78ms
probe_ema: n=84934656 align=-0.07171,-0.08888,-0.09620,-0.09429 rel_mse=1.04631,1.02789,1.01623,1.00906
step:2971/3250 train_time:912.152s step_avg:307.02ms
step:2972/3250 train_time:912.457s step_avg:307.02ms
step:2973/3250 train_time:912.763s step_avg:307.02ms
step:2974/3250 train_time:913.067s step_avg:307.02ms
step:2975/3250 train_time:913.371s step_avg:307.02ms
step:2975/3250 val_loss:3.30695 train_time:913.373s step_avg:306.22ms
probe_ema: n=84934656 align=-0.06544,-0.08658,-0.09520,-0.09381 rel_mse=1.04446,1.02776,1.01630,1.00911
step:2976/3250 train_time:913.676s step_avg:307.01ms
step:2977/3250 train_time:913.980s step_avg:307.01ms
step:2978/3250 train_time:914.284s step_avg:307.01ms
step:2979/3250 train_time:914.589s step_avg:307.01ms
step:2980/3250 train_time:914.901s step_avg:307.01ms
step:2980/3250 val_loss:3.30629 train_time:914.902s step_avg:305.84ms
probe_ema: n=84934656 align=-0.09149,-0.10500,-0.10887,-0.10452 rel_mse=1.04875,1.02949,1.01709,1.00950
step:2981/3250 train_time:915.208s step_avg:307.01ms
step:2982/3250 train_time:915.513s step_avg:307.01ms
step:2983/3250 train_time:915.819s step_avg:307.01ms
step:2984/3250 train_time:916.124s step_avg:307.01ms
step:2985/3250 train_time:916.438s step_avg:307.01ms
step:2986/3250 train_time:916.746s step_avg:307.01ms
step:2987/3250 train_time:917.053s step_avg:307.01ms
step:2988/3250 train_time:917.358s step_avg:307.01ms
step:2989/3250 train_time:917.665s step_avg:307.01ms
step:2990/3250 train_time:917.971s step_avg:307.01ms
step:2990/3250 val_loss:3.30518 train_time:917.971s step_avg:306.95ms
probe_ema: n=84934656 align=-0.15050,-0.15174,-0.14700,-0.13632 rel_mse=1.07493,1.04114,1.02231,1.01194
step:2991/3250 train_time:918.276s step_avg:307.01ms
step:2992/3250 train_time:918.579s step_avg:307.01ms
step:2993/3250 train_time:918.881s step_avg:307.01ms
step:2994/3250 train_time:919.184s step_avg:307.01ms
step:2995/3250 train_time:919.489s step_avg:307.01ms
step:2996/3250 train_time:919.795s step_avg:307.01ms
step:2997/3250 train_time:920.099s step_avg:307.01ms
step:2998/3250 train_time:920.403s step_avg:307.01ms
step:2999/3250 train_time:920.708s step_avg:307.00ms
step:3000/3250 train_time:921.014s step_avg:307.00ms
step:3000/3250 val_loss:3.30383 train_time:921.015s step_avg:304.39ms
probe_ema: n=84934656 align=-0.06736,-0.08765,-0.09578,-0.09494 rel_mse=1.04488,1.02840,1.01685,1.00951
step:3001/3250 train_time:921.320s step_avg:307.00ms
step:3002/3250 train_time:921.628s step_avg:307.00ms
step:3003/3250 train_time:921.932s step_avg:307.00ms
step:3004/3250 train_time:922.241s step_avg:307.00ms
step:3005/3250 train_time:922.547s step_avg:307.00ms
step:3006/3250 train_time:922.850s step_avg:307.00ms
step:3007/3250 train_time:923.156s step_avg:307.00ms
step:3008/3250 train_time:923.461s step_avg:307.00ms
step:3009/3250 train_time:923.766s step_avg:307.00ms
step:3010/3250 train_time:924.069s step_avg:307.00ms
step:3010/3250 val_loss:3.30214 train_time:924.071s step_avg:305.54ms
probe_ema: n=84934656 align=-0.07082,-0.08766,-0.09420,-0.09223 rel_mse=1.04983,1.03012,1.01734,1.00959
step:3011/3250 train_time:924.376s step_avg:307.00ms
step:3012/3250 train_time:924.680s step_avg:307.00ms
step:3013/3250 train_time:924.982s step_avg:307.00ms
step:3014/3250 train_time:925.284s step_avg:307.00ms
step:3015/3250 train_time:925.588s step_avg:306.99ms
step:3016/3250 train_time:925.894s step_avg:306.99ms
step:3017/3250 train_time:926.197s step_avg:306.99ms
step:3018/3250 train_time:926.501s step_avg:306.99ms
step:3019/3250 train_time:926.805s step_avg:306.99ms
step:3020/3250 train_time:927.110s step_avg:306.99ms
step:3020/3250 val_loss:3.30029 train_time:927.112s step_avg:304.12ms
probe_ema: n=84934656 align=-0.08300,-0.09693,-0.10064,-0.09643 rel_mse=1.04971,1.03003,1.01733,1.00961
step:3021/3250 train_time:927.419s step_avg:306.99ms
step:3022/3250 train_time:927.725s step_avg:306.99ms
step:3023/3250 train_time:928.028s step_avg:306.99ms
step:3024/3250 train_time:928.333s step_avg:306.99ms
step:3025/3250 train_time:928.637s step_avg:306.99ms
step:3025/3250 val_loss:3.29942 train_time:928.639s step_avg:305.32ms
probe_ema: n=84934656 align=-0.08809,-0.10025,-0.10290,-0.09779 rel_mse=1.04912,1.02970,1.01717,1.00951
step:3026/3250 train_time:928.943s step_avg:306.99ms
step:3027/3250 train_time:929.245s step_avg:306.99ms
step:3028/3250 train_time:929.547s step_avg:306.98ms
step:3029/3250 train_time:929.851s step_avg:306.98ms
step:3030/3250 train_time:930.156s step_avg:306.98ms
step:3030/3250 val_loss:3.29868 train_time:930.157s step_avg:303.74ms
probe_ema: n=84934656 align=-0.08239,-0.09518,-0.09875,-0.09438 rel_mse=1.04807,1.02881,1.01663,1.00923
step:3031/3250 train_time:930.461s step_avg:306.98ms
step:3032/3250 train_time:930.765s step_avg:306.98ms
step:3033/3250 train_time:931.070s step_avg:306.98ms
step:3034/3250 train_time:931.375s step_avg:306.98ms
step:3035/3250 train_time:931.679s step_avg:306.98ms
step:3036/3250 train_time:931.982s step_avg:306.98ms
step:3037/3250 train_time:932.287s step_avg:306.98ms
step:3038/3250 train_time:932.598s step_avg:306.98ms
step:3039/3250 train_time:932.904s step_avg:306.98ms
step:3040/3250 train_time:933.207s step_avg:306.98ms
step:3040/3250 val_loss:3.29729 train_time:933.208s step_avg:305.09ms
probe_ema: n=84934656 align=-0.04204,-0.06446,-0.07496,-0.07531 rel_mse=1.04013,1.02524,1.01502,1.00847
step:3041/3250 train_time:933.572s step_avg:307.00ms
step:3042/3250 train_time:933.875s step_avg:306.99ms
step:3043/3250 train_time:934.177s step_avg:306.99ms
step:3044/3250 train_time:934.482s step_avg:306.99ms
step:3045/3250 train_time:934.787s step_avg:306.99ms
step:3046/3250 train_time:935.091s step_avg:306.99ms
step:3047/3250 train_time:935.396s step_avg:306.99ms
step:3048/3250 train_time:935.699s step_avg:306.99ms
step:3049/3250 train_time:936.004s step_avg:306.99ms
step:3050/3250 train_time:936.309s step_avg:306.99ms
step:3050/3250 val_loss:3.29622 train_time:936.311s step_avg:310.25ms
probe_ema: n=84934656 align=-0.10613,-0.11460,-0.11439,-0.10648 rel_mse=1.06295,1.03550,1.01959,1.01053
step:3051/3250 train_time:936.621s step_avg:306.99ms
step:3052/3250 train_time:936.936s step_avg:306.99ms
step:3053/3250 train_time:937.241s step_avg:306.99ms
step:3054/3250 train_time:937.546s step_avg:306.99ms
step:3055/3250 train_time:937.851s step_avg:306.99ms
step:3056/3250 train_time:938.155s step_avg:306.99ms
step:3057/3250 train_time:938.458s step_avg:306.99ms
step:3058/3250 train_time:938.760s step_avg:306.99ms
step:3059/3250 train_time:939.064s step_avg:306.98ms
step:3060/3250 train_time:939.366s step_avg:306.98ms
step:3060/3250 val_loss:3.29534 train_time:939.368s step_avg:305.71ms
probe_ema: n=84934656 align=-0.03283,-0.06539,-0.07933,-0.08037 rel_mse=1.03593,1.02515,1.01552,1.00882
step:3061/3250 train_time:939.675s step_avg:306.98ms
step:3062/3250 train_time:939.985s step_avg:306.98ms
step:3063/3250 train_time:940.290s step_avg:306.98ms
step:3064/3250 train_time:940.593s step_avg:306.98ms
step:3065/3250 train_time:940.898s step_avg:306.98ms
step:3066/3250 train_time:941.203s step_avg:306.98ms
step:3067/3250 train_time:941.510s step_avg:306.98ms
step:3068/3250 train_time:941.812s step_avg:306.98ms
step:3069/3250 train_time:942.115s step_avg:306.98ms
step:3070/3250 train_time:942.418s step_avg:306.98ms
step:3070/3250 val_loss:3.29380 train_time:942.419s step_avg:305.15ms
probe_ema: n=84934656 align=-0.07590,-0.09211,-0.09787,-0.09412 rel_mse=1.04707,1.02888,1.01695,1.00947
step:3071/3250 train_time:942.730s step_avg:306.98ms
step:3072/3250 train_time:943.045s step_avg:306.98ms
step:3073/3250 train_time:943.349s step_avg:306.98ms
step:3074/3250 train_time:943.654s step_avg:306.98ms
step:3075/3250 train_time:943.967s step_avg:306.98ms
step:3075/3250 val_loss:3.29311 train_time:943.969s step_avg:309.87ms
probe_ema: n=84934656 align=-0.07069,-0.08689,-0.09269,-0.08945 rel_mse=1.04792,1.02951,1.01723,1.00957
step:3076/3250 train_time:944.277s step_avg:306.98ms
step:3077/3250 train_time:944.585s step_avg:306.98ms
step:3078/3250 train_time:944.893s step_avg:306.98ms
step:3079/3250 train_time:945.197s step_avg:306.98ms
step:3080/3250 train_time:945.507s step_avg:306.98ms
step:3080/3250 val_loss:3.29249 train_time:945.508s step_avg:307.90ms
probe_ema: n=84934656 align=-0.05238,-0.07440,-0.08403,-0.08317 rel_mse=1.04309,1.02713,1.01612,1.00906
step:3081/3250 train_time:945.818s step_avg:306.98ms
step:3082/3250 train_time:946.126s step_avg:306.98ms
step:3083/3250 train_time:946.430s step_avg:306.98ms
step:3084/3250 train_time:946.735s step_avg:306.98ms
step:3085/3250 train_time:947.046s step_avg:306.98ms
step:3086/3250 train_time:947.357s step_avg:306.99ms
step:3087/3250 train_time:947.670s step_avg:306.99ms
step:3088/3250 train_time:947.973s step_avg:306.99ms
step:3089/3250 train_time:948.275s step_avg:306.98ms
step:3090/3250 train_time:948.581s step_avg:306.98ms
step:3090/3250 val_loss:3.29133 train_time:948.582s step_avg:307.40ms
probe_ema: n=84934656 align=-0.09419,-0.10478,-0.10645,-0.09988 rel_mse=1.05850,1.03350,1.01870,1.01010
step:3091/3250 train_time:948.885s step_avg:306.98ms
step:3092/3250 train_time:949.199s step_avg:306.99ms
step:3093/3250 train_time:949.501s step_avg:306.98ms
step:3094/3250 train_time:949.803s step_avg:306.98ms
step:3095/3250 train_time:950.106s step_avg:306.98ms
step:3096/3250 train_time:950.413s step_avg:306.98ms
step:3097/3250 train_time:950.725s step_avg:306.98ms
step:3098/3250 train_time:951.027s step_avg:306.98ms
step:3099/3250 train_time:951.339s step_avg:306.98ms
step:3100/3250 train_time:951.649s step_avg:306.98ms
step:3100/3250 val_loss:3.29013 train_time:951.651s step_avg:306.84ms
probe_ema: n=84934656 align=-0.02832,-0.05465,-0.06847,-0.07143 rel_mse=1.03887,1.02526,1.01532,1.00873
step:3101/3250 train_time:951.960s step_avg:306.98ms
step:3102/3250 train_time:952.268s step_avg:306.99ms
step:3103/3250 train_time:952.575s step_avg:306.99ms
step:3104/3250 train_time:952.878s step_avg:306.98ms
step:3105/3250 train_time:953.183s step_avg:306.98ms
step:3106/3250 train_time:953.490s step_avg:306.98ms
step:3107/3250 train_time:953.794s step_avg:306.98ms
step:3108/3250 train_time:954.099s step_avg:306.98ms
step:3109/3250 train_time:954.405s step_avg:306.98ms
step:3110/3250 train_time:954.711s step_avg:306.98ms
step:3110/3250 val_loss:3.28903 train_time:954.713s step_avg:306.20ms
probe_ema: n=84934656 align=-0.04094,-0.06363,-0.07466,-0.07549 rel_mse=1.04265,1.02678,1.01589,1.00892
step:3111/3250 train_time:955.016s step_avg:306.98ms
step:3112/3250 train_time:955.321s step_avg:306.98ms
step:3113/3250 train_time:955.628s step_avg:306.98ms
step:3114/3250 train_time:955.934s step_avg:306.98ms
step:3115/3250 train_time:956.238s step_avg:306.98ms
step:3116/3250 train_time:956.550s step_avg:306.98ms
step:3117/3250 train_time:956.858s step_avg:306.98ms
step:3118/3250 train_time:957.169s step_avg:306.98ms
step:3119/3250 train_time:957.472s step_avg:306.98ms
step:3120/3250 train_time:957.775s step_avg:306.98ms
step:3120/3250 val_loss:3.28797 train_time:957.777s step_avg:306.43ms
probe_ema: n=84934656 align=-0.05237,-0.07236,-0.08076,-0.08002 rel_mse=1.04751,1.02941,1.01720,1.00957
step:3121/3250 train_time:958.083s step_avg:306.98ms
step:3122/3250 train_time:958.388s step_avg:306.98ms
step:3123/3250 train_time:958.692s step_avg:306.98ms
step:3124/3250 train_time:958.999s step_avg:306.98ms
step:3125/3250 train_time:959.306s step_avg:306.98ms
step:3125/3250 val_loss:3.28735 train_time:959.307s step_avg:306.04ms
probe_ema: n=84934656 align=-0.03998,-0.06174,-0.07245,-0.07337 rel_mse=1.04099,1.02619,1.01584,1.00901
step:3126/3250 train_time:959.612s step_avg:306.98ms
step:3127/3250 train_time:959.916s step_avg:306.98ms
step:3128/3250 train_time:960.220s step_avg:306.98ms
step:3129/3250 train_time:960.524s step_avg:306.97ms
step:3130/3250 train_time:960.829s step_avg:306.97ms
step:3130/3250 val_loss:3.28667 train_time:960.831s step_avg:304.70ms
probe_ema: n=84934656 align=-0.03881,-0.05832,-0.06778,-0.06808 rel_mse=1.03908,1.02456,1.01471,1.00832
step:3131/3250 train_time:961.134s step_avg:306.97ms
step:3132/3250 train_time:961.438s step_avg:306.97ms
step:3133/3250 train_time:961.742s step_avg:306.97ms
step:3134/3250 train_time:962.045s step_avg:306.97ms
step:3135/3250 train_time:962.351s step_avg:306.97ms
step:3136/3250 train_time:962.655s step_avg:306.97ms
step:3137/3250 train_time:962.959s step_avg:306.97ms
step:3138/3250 train_time:963.264s step_avg:306.97ms
step:3139/3250 train_time:963.570s step_avg:306.97ms
step:3140/3250 train_time:963.873s step_avg:306.97ms
step:3140/3250 val_loss:3.28556 train_time:963.874s step_avg:304.33ms
probe_ema: n=84934656 align=-0.04717,-0.06344,-0.07097,-0.07016 rel_mse=1.04330,1.02638,1.01544,1.00863
step:3141/3250 train_time:964.179s step_avg:306.97ms
step:3142/3250 train_time:964.482s step_avg:306.96ms
step:3143/3250 train_time:964.787s step_avg:306.96ms
step:3144/3250 train_time:965.092s step_avg:306.96ms
step:3145/3250 train_time:965.397s step_avg:306.96ms
step:3146/3250 train_time:965.699s step_avg:306.96ms
step:3147/3250 train_time:966.003s step_avg:306.96ms
step:3148/3250 train_time:966.309s step_avg:306.96ms
step:3149/3250 train_time:966.614s step_avg:306.96ms
step:3150/3250 train_time:966.919s step_avg:306.96ms
step:3150/3250 val_loss:3.28448 train_time:966.920s step_avg:304.65ms
probe_ema: n=84934656 align=-0.02627,-0.04348,-0.05303,-0.05484 rel_mse=1.03929,1.02373,1.01387,1.00778
step:3151/3250 train_time:967.225s step_avg:306.96ms
step:3152/3250 train_time:967.528s step_avg:306.96ms
step:3153/3250 train_time:967.829s step_avg:306.95ms
step:3154/3250 train_time:968.130s step_avg:306.95ms
step:3155/3250 train_time:968.434s step_avg:306.95ms
step:3156/3250 train_time:968.743s step_avg:306.95ms
step:3157/3250 train_time:969.047s step_avg:306.95ms
step:3158/3250 train_time:969.348s step_avg:306.95ms
step:3159/3250 train_time:969.651s step_avg:306.95ms
step:3160/3250 train_time:969.956s step_avg:306.95ms
step:3160/3250 val_loss:3.28350 train_time:969.958s step_avg:303.71ms
probe_ema: n=84934656 align=0.00719,-0.01950,-0.03551,-0.04220 rel_mse=1.02878,1.01863,1.01139,1.00659
step:3161/3250 train_time:970.264s step_avg:306.95ms
step:3162/3250 train_time:970.576s step_avg:306.95ms
step:3163/3250 train_time:970.883s step_avg:306.95ms
step:3164/3250 train_time:971.186s step_avg:306.95ms
step:3165/3250 train_time:971.493s step_avg:306.95ms
step:3166/3250 train_time:971.801s step_avg:306.95ms
step:3167/3250 train_time:972.109s step_avg:306.95ms
step:3168/3250 train_time:972.416s step_avg:306.95ms
step:3169/3250 train_time:972.720s step_avg:306.95ms
step:3170/3250 train_time:973.022s step_avg:306.95ms
step:3170/3250 val_loss:3.28265 train_time:973.023s step_avg:306.54ms
probe_ema: n=84934656 align=-0.01021,-0.03217,-0.04431,-0.04804 rel_mse=1.03325,1.02123,1.01271,1.00716
step:3171/3250 train_time:973.329s step_avg:306.95ms
step:3172/3250 train_time:973.639s step_avg:306.95ms
step:3173/3250 train_time:973.943s step_avg:306.95ms
step:3174/3250 train_time:974.247s step_avg:306.95ms
step:3175/3250 train_time:974.552s step_avg:306.95ms
step:3175/3250 val_loss:3.28220 train_time:974.553s step_avg:306.05ms
probe_ema: n=84934656 align=-0.00719,-0.02841,-0.04056,-0.04483 rel_mse=1.03298,1.02056,1.01231,1.00699
step:3176/3250 train_time:974.860s step_avg:306.95ms
step:3177/3250 train_time:975.165s step_avg:306.95ms
step:3178/3250 train_time:975.469s step_avg:306.94ms
step:3179/3250 train_time:975.774s step_avg:306.94ms
step:3180/3250 train_time:976.079s step_avg:306.94ms
step:3180/3250 val_loss:3.28179 train_time:976.080s step_avg:305.44ms
probe_ema: n=84934656 align=-0.04312,-0.05518,-0.06074,-0.06026 rel_mse=1.04328,1.02588,1.01493,1.00828
step:3181/3250 train_time:976.385s step_avg:306.94ms
step:3182/3250 train_time:976.697s step_avg:306.94ms
step:3183/3250 train_time:977.003s step_avg:306.94ms
step:3184/3250 train_time:977.308s step_avg:306.94ms
step:3185/3250 train_time:977.616s step_avg:306.94ms
step:3186/3250 train_time:977.920s step_avg:306.94ms
step:3187/3250 train_time:978.223s step_avg:306.94ms
step:3188/3250 train_time:978.526s step_avg:306.94ms
step:3189/3250 train_time:978.833s step_avg:306.94ms
step:3190/3250 train_time:979.138s step_avg:306.94ms
step:3190/3250 val_loss:3.28097 train_time:979.139s step_avg:305.87ms
probe_ema: n=84934656 align=-0.03070,-0.04580,-0.05358,-0.05444 rel_mse=1.03886,1.02361,1.01380,1.00772
step:3191/3250 train_time:979.443s step_avg:306.94ms
step:3192/3250 train_time:979.746s step_avg:306.94ms
step:3193/3250 train_time:980.049s step_avg:306.94ms
step:3194/3250 train_time:980.357s step_avg:306.94ms
step:3195/3250 train_time:980.663s step_avg:306.94ms
step:3196/3250 train_time:980.968s step_avg:306.94ms
step:3197/3250 train_time:981.272s step_avg:306.94ms
step:3198/3250 train_time:981.577s step_avg:306.93ms
step:3199/3250 train_time:981.883s step_avg:306.93ms
step:3200/3250 train_time:982.187s step_avg:306.93ms
step:3200/3250 val_loss:3.28024 train_time:982.188s step_avg:304.92ms
probe_ema: n=84934656 align=-0.00810,-0.02777,-0.03947,-0.04363 rel_mse=1.03406,1.02130,1.01263,1.00711
step:3201/3250 train_time:982.495s step_avg:306.93ms
step:3202/3250 train_time:982.802s step_avg:306.93ms
step:3203/3250 train_time:983.113s step_avg:306.94ms
step:3204/3250 train_time:983.419s step_avg:306.93ms
step:3205/3250 train_time:983.722s step_avg:306.93ms
step:3206/3250 train_time:984.031s step_avg:306.93ms
step:3207/3250 train_time:984.335s step_avg:306.93ms
step:3208/3250 train_time:984.637s step_avg:306.93ms
step:3209/3250 train_time:984.942s step_avg:306.93ms
step:3210/3250 train_time:985.249s step_avg:306.93ms
step:3210/3250 val_loss:3.27956 train_time:985.250s step_avg:306.19ms
probe_ema: n=84934656 align=0.03183,0.00772,-0.00969,-0.01927 rel_mse=1.02122,1.01339,1.00833,1.00490
step:3211/3250 train_time:985.555s step_avg:306.93ms
step:3212/3250 train_time:985.863s step_avg:306.93ms
step:3213/3250 train_time:986.168s step_avg:306.93ms
step:3214/3250 train_time:986.477s step_avg:306.93ms
step:3215/3250 train_time:986.789s step_avg:306.93ms
step:3216/3250 train_time:987.094s step_avg:306.93ms
step:3217/3250 train_time:987.400s step_avg:306.93ms
step:3218/3250 train_time:987.710s step_avg:306.93ms
step:3219/3250 train_time:988.013s step_avg:306.93ms
step:3220/3250 train_time:988.317s step_avg:306.93ms
step:3220/3250 val_loss:3.27896 train_time:988.319s step_avg:306.85ms
probe_ema: n=84934656 align=0.00146,-0.00963,-0.01867,-0.02420 rel_mse=1.03307,1.01889,1.01050,1.00570
step:3221/3250 train_time:988.627s step_avg:306.93ms
step:3222/3250 train_time:988.932s step_avg:306.93ms
step:3223/3250 train_time:989.239s step_avg:306.93ms
step:3224/3250 train_time:989.546s step_avg:306.93ms
step:3225/3250 train_time:989.851s step_avg:306.93ms
step:3225/3250 val_loss:3.27874 train_time:989.853s step_avg:306.83ms
probe_ema: n=84934656 align=0.00961,-0.00233,-0.01215,-0.01852 rel_mse=1.02889,1.01655,1.00939,1.00516
step:3226/3250 train_time:990.164s step_avg:306.93ms
step:3227/3250 train_time:990.471s step_avg:306.93ms
step:3228/3250 train_time:990.777s step_avg:306.93ms
step:3229/3250 train_time:991.082s step_avg:306.93ms
step:3230/3250 train_time:991.386s step_avg:306.93ms
step:3230/3250 val_loss:3.27857 train_time:991.387s step_avg:306.89ms
probe_ema: n=84934656 align=0.02945,0.01079,-0.00271,-0.01129 rel_mse=1.02278,1.01364,1.00798,1.00448
step:3231/3250 train_time:991.765s step_avg:306.95ms
step:3232/3250 train_time:992.071s step_avg:306.95ms
step:3233/3250 train_time:992.378s step_avg:306.95ms
step:3234/3250 train_time:992.683s step_avg:306.95ms
step:3235/3250 train_time:992.989s step_avg:306.95ms
step:3236/3250 train_time:993.292s step_avg:306.95ms
step:3237/3250 train_time:993.603s step_avg:306.95ms
step:3238/3250 train_time:993.909s step_avg:306.95ms
step:3239/3250 train_time:994.211s step_avg:306.95ms
step:3240/3250 train_time:994.513s step_avg:306.95ms
step:3240/3250 val_loss:3.27825 train_time:994.515s step_avg:312.76ms
probe_ema: n=84934656 align=-0.01471,-0.01938,-0.02303,-0.02551 rel_mse=1.03835,1.02123,1.01147,1.00608
step:3241/3250 train_time:994.819s step_avg:306.95ms
step:3242/3250 train_time:995.122s step_avg:306.95ms
step:3243/3250 train_time:995.424s step_avg:306.95ms
step:3244/3250 train_time:995.728s step_avg:306.94ms
step:3245/3250 train_time:996.034s step_avg:306.94ms
step:3246/3250 train_time:996.338s step_avg:306.94ms
step:3247/3250 train_time:996.640s step_avg:306.94ms
step:3248/3250 train_time:996.942s step_avg:306.94ms
step:3249/3250 train_time:997.246s step_avg:306.94ms
step:3250/3250 train_time:997.549s step_avg:306.94ms
step:3250/3250 val_loss:3.27810 train_time:997.550s step_avg:303.53ms
probe_ema: n=84934656 align=0.07616,0.06482,0.04827,0.03260 rel_mse=1.00836,1.00122,0.99994,0.99998
