==== 2026-08-23 04:45:36 A36_age36 --tau-min 5.666666666666666 --tau-max 48.99999999999996 --weights 0.041,0.163,0.204,0.592 ====
W0823 04:45:37.857000 10223 torch/distributed/run.py:774] 
W0823 04:45:37.857000 10223 torch/distributed/run.py:774] *****************************************
W0823 04:45:37.857000 10223 torch/distributed/run.py:774] Setting OMP_NUM_THREADS environment variable for each process to be 1 in default, to avoid your system being overloaded, please further tune the variable for optimal performance in your application as needed. 
W0823 04:45:37.857000 10223 torch/distributed/run.py:774] *****************************************
logs/70a8babb-8f60-4e9e-8d33-3aaa2438c579.txt
step:0/3250 val_loss:10.82584 train_time:0.000s step_avg:nanms
step:1/3250 train_time:33.800s step_avg:33800.26ms
step:2/3250 train_time:34.080s step_avg:17040.12ms
step:3/3250 train_time:34.373s step_avg:11457.67ms
step:4/3250 train_time:34.666s step_avg:8666.46ms
step:5/3250 train_time:34.962s step_avg:6992.32ms
step:6/3250 train_time:35.261s step_avg:5876.81ms
step:7/3250 train_time:35.560s step_avg:5079.98ms
step:8/3250 train_time:35.854s step_avg:4481.81ms
step:9/3250 train_time:36.155s step_avg:4017.22ms
step:10/3250 train_time:36.453s step_avg:3645.29ms
step:11/3250 train_time:36.751s step_avg:3340.97ms
step:12/3250 train_time:37.049s step_avg:3087.39ms
step:13/3250 train_time:37.344s step_avg:2872.63ms
step:14/3250 train_time:37.642s step_avg:2688.71ms
step:15/3250 train_time:37.940s step_avg:2529.35ms
step:16/3250 train_time:38.237s step_avg:2389.84ms
step:17/3250 train_time:38.536s step_avg:2266.81ms
step:18/3250 train_time:38.836s step_avg:2157.55ms
step:19/3250 train_time:39.136s step_avg:2059.78ms
step:20/3250 train_time:39.434s step_avg:1971.68ms
step:21/3250 train_time:39.733s step_avg:1892.06ms
step:22/3250 train_time:40.034s step_avg:1819.74ms
step:23/3250 train_time:40.329s step_avg:1753.44ms
step:24/3250 train_time:40.627s step_avg:1692.77ms
step:25/3250 train_time:40.923s step_avg:1636.92ms
step:26/3250 train_time:41.220s step_avg:1585.38ms
step:27/3250 train_time:41.519s step_avg:1537.74ms
step:28/3250 train_time:41.816s step_avg:1493.42ms
step:29/3250 train_time:42.115s step_avg:1452.23ms
step:30/3250 train_time:42.417s step_avg:1413.89ms
step:31/3250 train_time:42.718s step_avg:1377.99ms
step:32/3250 train_time:43.014s step_avg:1344.20ms
step:33/3250 train_time:43.313s step_avg:1312.51ms
step:34/3250 train_time:43.612s step_avg:1282.71ms
step:35/3250 train_time:43.911s step_avg:1254.59ms
step:36/3250 train_time:44.205s step_avg:1227.91ms
step:37/3250 train_time:44.506s step_avg:1202.87ms
step:38/3250 train_time:44.802s step_avg:1179.00ms
step:39/3250 train_time:45.103s step_avg:1156.49ms
step:40/3250 train_time:45.402s step_avg:1135.05ms
step:41/3250 train_time:45.698s step_avg:1114.59ms
step:42/3250 train_time:45.997s step_avg:1095.17ms
step:43/3250 train_time:46.294s step_avg:1076.61ms
step:44/3250 train_time:46.593s step_avg:1058.93ms
step:45/3250 train_time:46.892s step_avg:1042.05ms
step:46/3250 train_time:47.190s step_avg:1025.87ms
step:47/3250 train_time:47.485s step_avg:1010.31ms
step:48/3250 train_time:47.782s step_avg:995.46ms
step:49/3250 train_time:48.082s step_avg:981.27ms
step:50/3250 train_time:48.381s step_avg:967.61ms
step:51/3250 train_time:48.676s step_avg:954.43ms
step:52/3250 train_time:48.975s step_avg:941.82ms
step:53/3250 train_time:49.273s step_avg:929.68ms
step:54/3250 train_time:49.572s step_avg:918.00ms
step:55/3250 train_time:49.870s step_avg:906.73ms
step:56/3250 train_time:50.167s step_avg:895.83ms
step:57/3250 train_time:50.463s step_avg:885.31ms
step:58/3250 train_time:50.762s step_avg:875.20ms
step:59/3250 train_time:51.060s step_avg:865.43ms
step:60/3250 train_time:51.357s step_avg:855.95ms
step:61/3250 train_time:51.653s step_avg:846.78ms
step:62/3250 train_time:51.951s step_avg:837.93ms
step:63/3250 train_time:52.251s step_avg:829.38ms
step:64/3250 train_time:52.550s step_avg:821.09ms
step:65/3250 train_time:52.849s step_avg:813.06ms
step:66/3250 train_time:53.147s step_avg:805.25ms
step:67/3250 train_time:53.444s step_avg:797.67ms
step:68/3250 train_time:53.742s step_avg:790.32ms
step:69/3250 train_time:54.039s step_avg:783.18ms
step:70/3250 train_time:54.336s step_avg:776.23ms
step:71/3250 train_time:54.637s step_avg:769.54ms
step:72/3250 train_time:54.935s step_avg:762.98ms
step:73/3250 train_time:55.234s step_avg:756.63ms
step:74/3250 train_time:55.533s step_avg:750.45ms
step:75/3250 train_time:55.834s step_avg:744.46ms
step:76/3250 train_time:56.132s step_avg:738.58ms
step:77/3250 train_time:56.430s step_avg:732.86ms
step:78/3250 train_time:56.731s step_avg:727.32ms
step:79/3250 train_time:57.027s step_avg:721.86ms
step:80/3250 train_time:57.324s step_avg:716.55ms
step:81/3250 train_time:57.623s step_avg:711.39ms
step:82/3250 train_time:57.923s step_avg:706.37ms
step:83/3250 train_time:58.229s step_avg:701.55ms
step:84/3250 train_time:58.520s step_avg:696.67ms
step:85/3250 train_time:58.821s step_avg:692.01ms
step:86/3250 train_time:59.120s step_avg:687.45ms
step:87/3250 train_time:59.421s step_avg:683.00ms
step:88/3250 train_time:59.719s step_avg:678.63ms
step:89/3250 train_time:60.019s step_avg:674.37ms
step:90/3250 train_time:60.318s step_avg:670.20ms
step:91/3250 train_time:60.616s step_avg:666.11ms
step:92/3250 train_time:60.915s step_avg:662.12ms
step:93/3250 train_time:61.215s step_avg:658.22ms
step:94/3250 train_time:61.515s step_avg:654.42ms
step:95/3250 train_time:61.815s step_avg:650.68ms
step:96/3250 train_time:62.114s step_avg:647.02ms
step:97/3250 train_time:62.414s step_avg:643.44ms
step:98/3250 train_time:62.714s step_avg:639.94ms
step:99/3250 train_time:63.015s step_avg:636.51ms
step:100/3250 train_time:63.315s step_avg:633.15ms
step:101/3250 train_time:63.615s step_avg:629.85ms
step:102/3250 train_time:63.915s step_avg:626.62ms
step:103/3250 train_time:64.214s step_avg:623.44ms
step:104/3250 train_time:64.515s step_avg:620.34ms
step:105/3250 train_time:64.815s step_avg:617.28ms
step:106/3250 train_time:65.114s step_avg:614.28ms
step:107/3250 train_time:65.414s step_avg:611.34ms
step:108/3250 train_time:65.715s step_avg:608.47ms
step:109/3250 train_time:66.014s step_avg:605.64ms
step:110/3250 train_time:66.315s step_avg:602.86ms
step:111/3250 train_time:66.616s step_avg:600.15ms
step:112/3250 train_time:66.917s step_avg:597.47ms
step:113/3250 train_time:67.216s step_avg:594.83ms
step:114/3250 train_time:67.515s step_avg:592.24ms
step:115/3250 train_time:67.816s step_avg:589.71ms
step:116/3250 train_time:68.117s step_avg:587.21ms
step:117/3250 train_time:68.416s step_avg:584.75ms
step:118/3250 train_time:68.718s step_avg:582.36ms
step:119/3250 train_time:69.016s step_avg:579.97ms
step:120/3250 train_time:69.316s step_avg:577.63ms
step:121/3250 train_time:69.617s step_avg:575.34ms
step:122/3250 train_time:69.916s step_avg:573.08ms
step:123/3250 train_time:70.216s step_avg:570.86ms
step:124/3250 train_time:70.517s step_avg:568.68ms
step:125/3250 train_time:70.816s step_avg:566.53ms
step:125/3250 val_loss:4.58210 train_time:70.819s step_avg:566.55ms
step:126/3250 train_time:71.117s step_avg:564.42ms
step:127/3250 train_time:71.414s step_avg:562.31ms
step:128/3250 train_time:71.713s step_avg:560.26ms
step:129/3250 train_time:72.014s step_avg:558.25ms
step:130/3250 train_time:72.313s step_avg:556.26ms
step:131/3250 train_time:72.612s step_avg:554.29ms
step:132/3250 train_time:72.913s step_avg:552.37ms
step:133/3250 train_time:73.211s step_avg:550.46ms
step:134/3250 train_time:73.510s step_avg:548.58ms
step:135/3250 train_time:73.810s step_avg:546.74ms
step:136/3250 train_time:74.110s step_avg:544.93ms
step:137/3250 train_time:74.411s step_avg:543.14ms
step:138/3250 train_time:74.712s step_avg:541.39ms
step:139/3250 train_time:75.012s step_avg:539.66ms
step:140/3250 train_time:75.313s step_avg:537.95ms
step:141/3250 train_time:75.612s step_avg:536.25ms
step:142/3250 train_time:75.912s step_avg:534.59ms
step:143/3250 train_time:76.210s step_avg:532.94ms
step:144/3250 train_time:76.511s step_avg:531.33ms
step:145/3250 train_time:76.811s step_avg:529.73ms
step:146/3250 train_time:77.110s step_avg:528.15ms
step:147/3250 train_time:77.410s step_avg:526.60ms
step:148/3250 train_time:77.710s step_avg:525.07ms
step:149/3250 train_time:78.011s step_avg:523.56ms
step:150/3250 train_time:78.311s step_avg:522.08ms
step:151/3250 train_time:78.612s step_avg:520.61ms
step:152/3250 train_time:78.911s step_avg:519.15ms
step:153/3250 train_time:79.211s step_avg:517.72ms
step:154/3250 train_time:79.511s step_avg:516.30ms
step:155/3250 train_time:79.811s step_avg:514.91ms
step:156/3250 train_time:80.112s step_avg:513.54ms
step:157/3250 train_time:80.413s step_avg:512.18ms
step:158/3250 train_time:80.711s step_avg:510.83ms
step:159/3250 train_time:81.011s step_avg:509.51ms
step:160/3250 train_time:81.312s step_avg:508.20ms
step:161/3250 train_time:81.613s step_avg:506.91ms
step:162/3250 train_time:81.911s step_avg:505.63ms
step:163/3250 train_time:82.211s step_avg:504.36ms
step:164/3250 train_time:82.511s step_avg:503.12ms
step:165/3250 train_time:82.813s step_avg:501.89ms
step:166/3250 train_time:83.112s step_avg:500.67ms
step:167/3250 train_time:83.412s step_avg:499.47ms
step:168/3250 train_time:83.712s step_avg:498.29ms
step:169/3250 train_time:84.011s step_avg:497.10ms
step:170/3250 train_time:84.313s step_avg:495.96ms
step:171/3250 train_time:84.613s step_avg:494.81ms
step:172/3250 train_time:84.913s step_avg:493.68ms
step:173/3250 train_time:85.215s step_avg:492.57ms
step:174/3250 train_time:85.514s step_avg:491.46ms
step:175/3250 train_time:85.814s step_avg:490.37ms
step:176/3250 train_time:86.114s step_avg:489.28ms
step:177/3250 train_time:86.414s step_avg:488.22ms
step:178/3250 train_time:86.713s step_avg:487.15ms
step:179/3250 train_time:87.013s step_avg:486.10ms
step:180/3250 train_time:87.313s step_avg:485.07ms
step:181/3250 train_time:87.613s step_avg:484.05ms
step:182/3250 train_time:87.913s step_avg:483.04ms
step:183/3250 train_time:88.214s step_avg:482.04ms
step:184/3250 train_time:88.514s step_avg:481.06ms
step:185/3250 train_time:88.813s step_avg:480.07ms
step:186/3250 train_time:89.114s step_avg:479.11ms
step:187/3250 train_time:89.414s step_avg:478.15ms
step:188/3250 train_time:89.714s step_avg:477.20ms
step:189/3250 train_time:90.015s step_avg:476.27ms
step:190/3250 train_time:90.313s step_avg:475.33ms
step:191/3250 train_time:90.735s step_avg:475.05ms
step:192/3250 train_time:91.032s step_avg:474.13ms
step:193/3250 train_time:91.331s step_avg:473.22ms
step:194/3250 train_time:91.638s step_avg:472.36ms
step:195/3250 train_time:91.935s step_avg:471.46ms
step:196/3250 train_time:92.233s step_avg:470.58ms
step:197/3250 train_time:92.569s step_avg:469.89ms
step:198/3250 train_time:92.874s step_avg:469.06ms
step:199/3250 train_time:93.172s step_avg:468.20ms
step:200/3250 train_time:93.472s step_avg:467.36ms
step:201/3250 train_time:93.776s step_avg:466.55ms
step:202/3250 train_time:94.076s step_avg:465.72ms
step:203/3250 train_time:94.373s step_avg:464.89ms
step:204/3250 train_time:94.676s step_avg:464.10ms
step:205/3250 train_time:94.976s step_avg:463.30ms
step:206/3250 train_time:95.276s step_avg:462.50ms
step:207/3250 train_time:95.576s step_avg:461.72ms
step:208/3250 train_time:95.877s step_avg:460.95ms
step:209/3250 train_time:96.177s step_avg:460.18ms
step:210/3250 train_time:96.475s step_avg:459.40ms
step:211/3250 train_time:96.777s step_avg:458.66ms
step:212/3250 train_time:97.078s step_avg:457.91ms
step:213/3250 train_time:97.376s step_avg:457.16ms
step:214/3250 train_time:97.675s step_avg:456.43ms
step:215/3250 train_time:97.977s step_avg:455.71ms
step:216/3250 train_time:98.279s step_avg:455.00ms
step:217/3250 train_time:98.577s step_avg:454.27ms
step:218/3250 train_time:98.875s step_avg:453.56ms
step:219/3250 train_time:99.177s step_avg:452.86ms
step:220/3250 train_time:99.476s step_avg:452.16ms
step:221/3250 train_time:99.776s step_avg:451.48ms
step:222/3250 train_time:100.077s step_avg:450.80ms
step:223/3250 train_time:100.377s step_avg:450.12ms
step:224/3250 train_time:100.677s step_avg:449.45ms
step:225/3250 train_time:100.977s step_avg:448.79ms
step:226/3250 train_time:101.277s step_avg:448.13ms
step:227/3250 train_time:101.579s step_avg:447.48ms
step:228/3250 train_time:101.878s step_avg:446.83ms
step:229/3250 train_time:102.176s step_avg:446.18ms
step:230/3250 train_time:102.477s step_avg:445.55ms
step:231/3250 train_time:102.778s step_avg:444.93ms
step:232/3250 train_time:103.076s step_avg:444.29ms
step:233/3250 train_time:103.376s step_avg:443.67ms
step:234/3250 train_time:103.676s step_avg:443.06ms
step:235/3250 train_time:103.976s step_avg:442.45ms
step:236/3250 train_time:104.276s step_avg:441.85ms
step:237/3250 train_time:104.578s step_avg:441.26ms
step:238/3250 train_time:104.878s step_avg:440.66ms
step:239/3250 train_time:105.177s step_avg:440.07ms
step:240/3250 train_time:105.477s step_avg:439.49ms
step:241/3250 train_time:105.778s step_avg:438.91ms
step:242/3250 train_time:106.077s step_avg:438.33ms
step:243/3250 train_time:106.376s step_avg:437.76ms
step:244/3250 train_time:106.677s step_avg:437.20ms
step:245/3250 train_time:106.977s step_avg:436.64ms
step:246/3250 train_time:107.276s step_avg:436.08ms
step:247/3250 train_time:107.577s step_avg:435.53ms
step:248/3250 train_time:107.877s step_avg:434.99ms
step:249/3250 train_time:108.177s step_avg:434.45ms
step:250/3250 train_time:108.476s step_avg:433.90ms
step:250/3250 val_loss:4.09402 train_time:108.479s step_avg:301.28ms
step:251/3250 train_time:108.782s step_avg:433.40ms
step:252/3250 train_time:109.084s step_avg:432.87ms
step:253/3250 train_time:109.387s step_avg:432.36ms
step:254/3250 train_time:109.686s step_avg:431.84ms
step:255/3250 train_time:109.987s step_avg:431.32ms
step:256/3250 train_time:110.287s step_avg:430.81ms
step:257/3250 train_time:110.587s step_avg:430.30ms
step:258/3250 train_time:110.887s step_avg:429.79ms
step:259/3250 train_time:111.188s step_avg:429.30ms
step:260/3250 train_time:111.489s step_avg:428.80ms
step:261/3250 train_time:111.788s step_avg:428.31ms
step:262/3250 train_time:112.087s step_avg:427.81ms
step:263/3250 train_time:112.388s step_avg:427.33ms
step:264/3250 train_time:112.689s step_avg:426.85ms
step:265/3250 train_time:112.988s step_avg:426.37ms
step:266/3250 train_time:113.288s step_avg:425.89ms
step:267/3250 train_time:113.589s step_avg:425.43ms
step:268/3250 train_time:113.888s step_avg:424.96ms
step:269/3250 train_time:114.189s step_avg:424.50ms
step:270/3250 train_time:114.491s step_avg:424.04ms
step:271/3250 train_time:114.793s step_avg:423.59ms
step:272/3250 train_time:115.091s step_avg:423.13ms
step:273/3250 train_time:115.389s step_avg:422.67ms
step:274/3250 train_time:115.692s step_avg:422.23ms
step:275/3250 train_time:115.989s step_avg:421.78ms
step:276/3250 train_time:116.288s step_avg:421.33ms
step:277/3250 train_time:116.589s step_avg:420.90ms
step:278/3250 train_time:116.888s step_avg:420.46ms
step:279/3250 train_time:117.187s step_avg:420.03ms
step:280/3250 train_time:117.487s step_avg:419.60ms
step:281/3250 train_time:117.789s step_avg:419.18ms
step:282/3250 train_time:118.089s step_avg:418.76ms
step:283/3250 train_time:118.388s step_avg:418.33ms
step:284/3250 train_time:118.688s step_avg:417.92ms
step:285/3250 train_time:118.990s step_avg:417.51ms
step:286/3250 train_time:119.288s step_avg:417.09ms
step:287/3250 train_time:119.588s step_avg:416.68ms
step:288/3250 train_time:119.889s step_avg:416.28ms
step:289/3250 train_time:120.188s step_avg:415.88ms
step:290/3250 train_time:120.487s step_avg:415.47ms
step:291/3250 train_time:120.788s step_avg:415.08ms
step:292/3250 train_time:121.088s step_avg:414.69ms
step:293/3250 train_time:121.388s step_avg:414.29ms
step:294/3250 train_time:121.688s step_avg:413.90ms
step:295/3250 train_time:121.988s step_avg:413.52ms
step:296/3250 train_time:122.288s step_avg:413.14ms
step:297/3250 train_time:122.587s step_avg:412.75ms
step:298/3250 train_time:122.887s step_avg:412.37ms
step:299/3250 train_time:123.188s step_avg:412.00ms
step:300/3250 train_time:123.488s step_avg:411.63ms
step:301/3250 train_time:123.789s step_avg:411.26ms
step:302/3250 train_time:124.088s step_avg:410.89ms
step:303/3250 train_time:124.387s step_avg:410.52ms
step:304/3250 train_time:124.687s step_avg:410.15ms
step:305/3250 train_time:124.988s step_avg:409.80ms
step:306/3250 train_time:125.288s step_avg:409.44ms
step:307/3250 train_time:125.589s step_avg:409.09ms
step:308/3250 train_time:125.889s step_avg:408.73ms
step:309/3250 train_time:126.188s step_avg:408.37ms
step:310/3250 train_time:126.487s step_avg:408.02ms
step:311/3250 train_time:126.787s step_avg:407.67ms
step:312/3250 train_time:127.087s step_avg:407.33ms
step:313/3250 train_time:127.387s step_avg:406.99ms
step:314/3250 train_time:127.688s step_avg:406.65ms
step:315/3250 train_time:127.988s step_avg:406.31ms
step:316/3250 train_time:128.287s step_avg:405.97ms
step:317/3250 train_time:128.588s step_avg:405.64ms
step:318/3250 train_time:128.887s step_avg:405.30ms
step:319/3250 train_time:129.186s step_avg:404.97ms
step:320/3250 train_time:129.486s step_avg:404.64ms
step:321/3250 train_time:129.787s step_avg:404.32ms
step:322/3250 train_time:130.088s step_avg:404.00ms
step:323/3250 train_time:130.388s step_avg:403.68ms
step:324/3250 train_time:130.688s step_avg:403.36ms
step:325/3250 train_time:130.987s step_avg:403.04ms
step:326/3250 train_time:131.287s step_avg:402.72ms
step:327/3250 train_time:131.588s step_avg:402.41ms
step:328/3250 train_time:131.888s step_avg:402.10ms
step:329/3250 train_time:132.188s step_avg:401.79ms
step:330/3250 train_time:132.488s step_avg:401.48ms
step:331/3250 train_time:132.788s step_avg:401.17ms
step:332/3250 train_time:133.086s step_avg:400.86ms
step:333/3250 train_time:133.387s step_avg:400.56ms
step:334/3250 train_time:133.688s step_avg:400.26ms
step:335/3250 train_time:133.987s step_avg:399.96ms
step:336/3250 train_time:134.288s step_avg:399.67ms
step:337/3250 train_time:134.587s step_avg:399.37ms
step:338/3250 train_time:134.889s step_avg:399.08ms
step:339/3250 train_time:135.187s step_avg:398.78ms
step:340/3250 train_time:135.486s step_avg:398.49ms
step:341/3250 train_time:135.787s step_avg:398.20ms
step:342/3250 train_time:136.089s step_avg:397.92ms
step:343/3250 train_time:136.389s step_avg:397.63ms
step:344/3250 train_time:136.689s step_avg:397.35ms
step:345/3250 train_time:136.991s step_avg:397.08ms
step:346/3250 train_time:137.288s step_avg:396.78ms
step:347/3250 train_time:137.588s step_avg:396.51ms
step:348/3250 train_time:137.887s step_avg:396.23ms
step:349/3250 train_time:138.187s step_avg:395.95ms
step:350/3250 train_time:138.486s step_avg:395.67ms
step:351/3250 train_time:138.787s step_avg:395.40ms
step:352/3250 train_time:139.088s step_avg:395.14ms
step:353/3250 train_time:139.386s step_avg:394.86ms
step:354/3250 train_time:139.687s step_avg:394.59ms
step:355/3250 train_time:139.987s step_avg:394.33ms
step:356/3250 train_time:140.287s step_avg:394.06ms
step:357/3250 train_time:140.587s step_avg:393.80ms
step:358/3250 train_time:140.888s step_avg:393.54ms
step:359/3250 train_time:141.188s step_avg:393.28ms
step:360/3250 train_time:141.487s step_avg:393.02ms
step:361/3250 train_time:141.787s step_avg:392.76ms
step:362/3250 train_time:142.087s step_avg:392.51ms
step:363/3250 train_time:142.387s step_avg:392.25ms
step:364/3250 train_time:142.687s step_avg:392.00ms
step:365/3250 train_time:142.987s step_avg:391.74ms
step:366/3250 train_time:143.286s step_avg:391.49ms
step:367/3250 train_time:143.585s step_avg:391.24ms
step:368/3250 train_time:143.885s step_avg:390.99ms
step:369/3250 train_time:144.184s step_avg:390.74ms
step:370/3250 train_time:144.485s step_avg:390.50ms
step:371/3250 train_time:144.786s step_avg:390.26ms
step:372/3250 train_time:145.086s step_avg:390.02ms
step:373/3250 train_time:145.386s step_avg:389.78ms
step:374/3250 train_time:145.685s step_avg:389.53ms
step:375/3250 train_time:145.986s step_avg:389.29ms
step:375/3250 val_loss:3.92388 train_time:145.989s step_avg:300.07ms
step:376/3250 train_time:146.290s step_avg:389.07ms
step:377/3250 train_time:146.590s step_avg:388.83ms
step:378/3250 train_time:146.889s step_avg:388.60ms
step:379/3250 train_time:147.191s step_avg:388.37ms
step:380/3250 train_time:147.490s step_avg:388.13ms
step:381/3250 train_time:147.818s step_avg:387.97ms
step:382/3250 train_time:148.118s step_avg:387.74ms
step:383/3250 train_time:148.411s step_avg:387.50ms
step:384/3250 train_time:148.715s step_avg:387.28ms
step:385/3250 train_time:149.011s step_avg:387.04ms
step:386/3250 train_time:149.307s step_avg:386.81ms
step:387/3250 train_time:149.616s step_avg:386.60ms
step:388/3250 train_time:149.912s step_avg:386.37ms
step:389/3250 train_time:150.209s step_avg:386.14ms
step:390/3250 train_time:150.507s step_avg:385.92ms
step:391/3250 train_time:150.809s step_avg:385.70ms
step:392/3250 train_time:151.110s step_avg:385.48ms
step:393/3250 train_time:151.408s step_avg:385.26ms
step:394/3250 train_time:151.716s step_avg:385.07ms
step:395/3250 train_time:152.012s step_avg:384.84ms
step:396/3250 train_time:152.310s step_avg:384.62ms
step:397/3250 train_time:152.607s step_avg:384.40ms
step:398/3250 train_time:152.908s step_avg:384.19ms
step:399/3250 train_time:153.216s step_avg:384.00ms
step:400/3250 train_time:153.508s step_avg:383.77ms
step:401/3250 train_time:153.807s step_avg:383.56ms
step:402/3250 train_time:154.108s step_avg:383.35ms
step:403/3250 train_time:154.408s step_avg:383.15ms
step:404/3250 train_time:154.708s step_avg:382.94ms
step:405/3250 train_time:155.013s step_avg:382.75ms
step:406/3250 train_time:155.308s step_avg:382.53ms
step:407/3250 train_time:155.606s step_avg:382.33ms
step:408/3250 train_time:155.907s step_avg:382.12ms
step:409/3250 train_time:156.207s step_avg:381.92ms
step:410/3250 train_time:156.506s step_avg:381.72ms
step:411/3250 train_time:156.806s step_avg:381.52ms
step:412/3250 train_time:157.106s step_avg:381.33ms
step:413/3250 train_time:157.407s step_avg:381.13ms
step:414/3250 train_time:157.707s step_avg:380.93ms
step:415/3250 train_time:158.006s step_avg:380.74ms
step:416/3250 train_time:158.306s step_avg:380.54ms
step:417/3250 train_time:158.607s step_avg:380.35ms
step:418/3250 train_time:158.907s step_avg:380.16ms
step:419/3250 train_time:159.207s step_avg:379.97ms
step:420/3250 train_time:159.505s step_avg:379.77ms
step:421/3250 train_time:159.805s step_avg:379.58ms
step:422/3250 train_time:160.107s step_avg:379.40ms
step:423/3250 train_time:160.406s step_avg:379.21ms
step:424/3250 train_time:160.706s step_avg:379.02ms
step:425/3250 train_time:161.006s step_avg:378.84ms
step:426/3250 train_time:161.307s step_avg:378.65ms
step:427/3250 train_time:161.605s step_avg:378.47ms
step:428/3250 train_time:161.906s step_avg:378.29ms
step:429/3250 train_time:162.207s step_avg:378.10ms
step:430/3250 train_time:162.506s step_avg:377.92ms
step:431/3250 train_time:162.806s step_avg:377.74ms
step:432/3250 train_time:163.106s step_avg:377.56ms
step:433/3250 train_time:163.407s step_avg:377.38ms
step:434/3250 train_time:163.705s step_avg:377.20ms
step:435/3250 train_time:164.006s step_avg:377.03ms
step:436/3250 train_time:164.305s step_avg:376.85ms
step:437/3250 train_time:164.606s step_avg:376.67ms
step:438/3250 train_time:164.905s step_avg:376.50ms
step:439/3250 train_time:165.209s step_avg:376.33ms
step:440/3250 train_time:165.506s step_avg:376.15ms
step:441/3250 train_time:165.805s step_avg:375.98ms
step:442/3250 train_time:166.104s step_avg:375.80ms
step:443/3250 train_time:166.404s step_avg:375.63ms
step:444/3250 train_time:166.706s step_avg:375.46ms
step:445/3250 train_time:167.005s step_avg:375.29ms
step:446/3250 train_time:167.305s step_avg:375.12ms
step:447/3250 train_time:167.604s step_avg:374.95ms
step:448/3250 train_time:167.906s step_avg:374.79ms
step:449/3250 train_time:168.204s step_avg:374.62ms
step:450/3250 train_time:168.504s step_avg:374.45ms
step:451/3250 train_time:168.804s step_avg:374.29ms
step:452/3250 train_time:169.105s step_avg:374.13ms
step:453/3250 train_time:169.405s step_avg:373.96ms
step:454/3250 train_time:169.706s step_avg:373.80ms
step:455/3250 train_time:170.007s step_avg:373.64ms
step:456/3250 train_time:170.312s step_avg:373.49ms
step:457/3250 train_time:170.607s step_avg:373.32ms
step:458/3250 train_time:170.906s step_avg:373.16ms
step:459/3250 train_time:171.205s step_avg:373.00ms
step:460/3250 train_time:171.504s step_avg:372.84ms
step:461/3250 train_time:171.806s step_avg:372.68ms
step:462/3250 train_time:172.112s step_avg:372.54ms
step:463/3250 train_time:172.407s step_avg:372.37ms
step:464/3250 train_time:172.705s step_avg:372.21ms
step:465/3250 train_time:173.006s step_avg:372.05ms
step:466/3250 train_time:173.305s step_avg:371.90ms
step:467/3250 train_time:173.607s step_avg:371.75ms
step:468/3250 train_time:173.904s step_avg:371.59ms
step:469/3250 train_time:174.203s step_avg:371.43ms
step:470/3250 train_time:174.504s step_avg:371.29ms
step:471/3250 train_time:174.804s step_avg:371.13ms
step:472/3250 train_time:175.109s step_avg:370.99ms
step:473/3250 train_time:175.404s step_avg:370.83ms
step:474/3250 train_time:175.703s step_avg:370.68ms
step:475/3250 train_time:176.003s step_avg:370.53ms
step:476/3250 train_time:176.305s step_avg:370.39ms
step:477/3250 train_time:176.609s step_avg:370.25ms
step:478/3250 train_time:176.904s step_avg:370.09ms
step:479/3250 train_time:177.204s step_avg:369.95ms
step:480/3250 train_time:177.504s step_avg:369.80ms
step:481/3250 train_time:177.802s step_avg:369.65ms
step:482/3250 train_time:178.104s step_avg:369.51ms
step:483/3250 train_time:178.405s step_avg:369.37ms
step:484/3250 train_time:178.704s step_avg:369.22ms
step:485/3250 train_time:179.004s step_avg:369.08ms
step:486/3250 train_time:179.304s step_avg:368.94ms
step:487/3250 train_time:179.604s step_avg:368.80ms
step:488/3250 train_time:179.904s step_avg:368.66ms
step:489/3250 train_time:180.204s step_avg:368.52ms
step:490/3250 train_time:180.505s step_avg:368.38ms
step:491/3250 train_time:180.805s step_avg:368.24ms
step:492/3250 train_time:181.104s step_avg:368.10ms
step:493/3250 train_time:181.403s step_avg:367.96ms
step:494/3250 train_time:181.706s step_avg:367.83ms
step:495/3250 train_time:182.004s step_avg:367.69ms
step:496/3250 train_time:182.304s step_avg:367.55ms
step:497/3250 train_time:182.604s step_avg:367.41ms
step:498/3250 train_time:182.904s step_avg:367.28ms
step:499/3250 train_time:183.205s step_avg:367.14ms
step:500/3250 train_time:183.504s step_avg:367.01ms
step:500/3250 val_loss:3.82389 train_time:183.507s step_avg:300.15ms
step:501/3250 train_time:183.804s step_avg:366.87ms
step:502/3250 train_time:184.100s step_avg:366.73ms
step:503/3250 train_time:184.400s step_avg:366.60ms
step:504/3250 train_time:184.699s step_avg:366.47ms
step:505/3250 train_time:184.997s step_avg:366.33ms
step:506/3250 train_time:185.298s step_avg:366.20ms
step:507/3250 train_time:185.600s step_avg:366.08ms
step:508/3250 train_time:185.899s step_avg:365.94ms
step:509/3250 train_time:186.200s step_avg:365.81ms
step:510/3250 train_time:186.499s step_avg:365.69ms
step:511/3250 train_time:186.798s step_avg:365.55ms
step:512/3250 train_time:187.099s step_avg:365.43ms
step:513/3250 train_time:187.398s step_avg:365.30ms
step:514/3250 train_time:187.700s step_avg:365.18ms
step:515/3250 train_time:188.000s step_avg:365.05ms
step:516/3250 train_time:188.297s step_avg:364.92ms
step:517/3250 train_time:188.599s step_avg:364.79ms
step:518/3250 train_time:188.900s step_avg:364.67ms
step:519/3250 train_time:189.198s step_avg:364.54ms
step:520/3250 train_time:189.500s step_avg:364.42ms
step:521/3250 train_time:189.800s step_avg:364.30ms
step:522/3250 train_time:190.100s step_avg:364.18ms
step:523/3250 train_time:190.400s step_avg:364.05ms
step:524/3250 train_time:190.698s step_avg:363.93ms
step:525/3250 train_time:190.998s step_avg:363.81ms
step:526/3250 train_time:191.301s step_avg:363.69ms
step:527/3250 train_time:191.598s step_avg:363.56ms
step:528/3250 train_time:191.900s step_avg:363.45ms
step:529/3250 train_time:192.200s step_avg:363.33ms
step:530/3250 train_time:192.499s step_avg:363.20ms
step:531/3250 train_time:192.800s step_avg:363.09ms
step:532/3250 train_time:193.098s step_avg:362.97ms
step:533/3250 train_time:193.398s step_avg:362.85ms
step:534/3250 train_time:193.699s step_avg:362.73ms
step:535/3250 train_time:193.998s step_avg:362.61ms
step:536/3250 train_time:194.299s step_avg:362.50ms
step:537/3250 train_time:194.598s step_avg:362.38ms
step:538/3250 train_time:194.899s step_avg:362.27ms
step:539/3250 train_time:195.197s step_avg:362.15ms
step:540/3250 train_time:195.497s step_avg:362.03ms
step:541/3250 train_time:195.797s step_avg:361.92ms
step:542/3250 train_time:196.098s step_avg:361.80ms
step:543/3250 train_time:196.398s step_avg:361.69ms
step:544/3250 train_time:196.698s step_avg:361.58ms
step:545/3250 train_time:196.999s step_avg:361.47ms
step:546/3250 train_time:197.298s step_avg:361.35ms
step:547/3250 train_time:197.598s step_avg:361.24ms
step:548/3250 train_time:197.899s step_avg:361.13ms
step:549/3250 train_time:198.198s step_avg:361.02ms
step:550/3250 train_time:198.497s step_avg:360.90ms
step:551/3250 train_time:198.797s step_avg:360.79ms
step:552/3250 train_time:199.098s step_avg:360.68ms
step:553/3250 train_time:199.399s step_avg:360.58ms
step:554/3250 train_time:199.699s step_avg:360.47ms
step:555/3250 train_time:200.000s step_avg:360.36ms
step:556/3250 train_time:200.301s step_avg:360.25ms
step:557/3250 train_time:200.598s step_avg:360.14ms
step:558/3250 train_time:200.898s step_avg:360.03ms
step:559/3250 train_time:201.197s step_avg:359.92ms
step:560/3250 train_time:201.498s step_avg:359.82ms
step:561/3250 train_time:201.797s step_avg:359.71ms
step:562/3250 train_time:202.097s step_avg:359.60ms
step:563/3250 train_time:202.398s step_avg:359.50ms
step:564/3250 train_time:202.697s step_avg:359.39ms
step:565/3250 train_time:202.997s step_avg:359.29ms
step:566/3250 train_time:203.298s step_avg:359.18ms
step:567/3250 train_time:203.599s step_avg:359.08ms
step:568/3250 train_time:203.898s step_avg:358.97ms
step:569/3250 train_time:204.198s step_avg:358.87ms
step:570/3250 train_time:204.497s step_avg:358.77ms
step:571/3250 train_time:204.823s step_avg:358.71ms
step:572/3250 train_time:205.118s step_avg:358.60ms
step:573/3250 train_time:205.416s step_avg:358.49ms
step:574/3250 train_time:205.719s step_avg:358.40ms
step:575/3250 train_time:206.016s step_avg:358.29ms
step:576/3250 train_time:206.316s step_avg:358.19ms
step:577/3250 train_time:206.620s step_avg:358.09ms
step:578/3250 train_time:206.919s step_avg:357.99ms
step:579/3250 train_time:207.216s step_avg:357.89ms
step:580/3250 train_time:207.517s step_avg:357.79ms
step:581/3250 train_time:207.823s step_avg:357.70ms
step:582/3250 train_time:208.118s step_avg:357.59ms
step:583/3250 train_time:208.418s step_avg:357.49ms
step:584/3250 train_time:208.718s step_avg:357.39ms
step:585/3250 train_time:209.018s step_avg:357.30ms
step:586/3250 train_time:209.317s step_avg:357.20ms
step:587/3250 train_time:209.617s step_avg:357.10ms
step:588/3250 train_time:209.917s step_avg:357.00ms
step:589/3250 train_time:210.216s step_avg:356.90ms
step:590/3250 train_time:210.516s step_avg:356.81ms
step:591/3250 train_time:210.817s step_avg:356.71ms
step:592/3250 train_time:211.118s step_avg:356.62ms
step:593/3250 train_time:211.416s step_avg:356.52ms
step:594/3250 train_time:211.717s step_avg:356.43ms
step:595/3250 train_time:212.018s step_avg:356.33ms
step:596/3250 train_time:212.318s step_avg:356.24ms
step:597/3250 train_time:212.618s step_avg:356.14ms
step:598/3250 train_time:212.918s step_avg:356.05ms
step:599/3250 train_time:213.219s step_avg:355.96ms
step:600/3250 train_time:213.516s step_avg:355.86ms
step:601/3250 train_time:213.817s step_avg:355.77ms
step:602/3250 train_time:214.126s step_avg:355.69ms
step:603/3250 train_time:214.423s step_avg:355.59ms
step:604/3250 train_time:214.718s step_avg:355.49ms
step:605/3250 train_time:215.017s step_avg:355.40ms
step:606/3250 train_time:215.317s step_avg:355.31ms
step:607/3250 train_time:215.617s step_avg:355.22ms
step:608/3250 train_time:215.916s step_avg:355.13ms
step:609/3250 train_time:216.216s step_avg:355.04ms
step:610/3250 train_time:216.517s step_avg:354.95ms
step:611/3250 train_time:216.816s step_avg:354.85ms
step:612/3250 train_time:217.115s step_avg:354.76ms
step:613/3250 train_time:217.415s step_avg:354.67ms
step:614/3250 train_time:217.714s step_avg:354.58ms
step:615/3250 train_time:218.012s step_avg:354.49ms
step:616/3250 train_time:218.306s step_avg:354.39ms
step:617/3250 train_time:218.603s step_avg:354.30ms
step:618/3250 train_time:218.902s step_avg:354.21ms
step:619/3250 train_time:219.200s step_avg:354.12ms
step:620/3250 train_time:219.499s step_avg:354.03ms
step:621/3250 train_time:219.798s step_avg:353.94ms
step:622/3250 train_time:220.097s step_avg:353.85ms
step:623/3250 train_time:220.397s step_avg:353.77ms
step:624/3250 train_time:220.697s step_avg:353.68ms
step:625/3250 train_time:220.999s step_avg:353.60ms
step:625/3250 val_loss:3.76352 train_time:221.002s step_avg:299.96ms
step:626/3250 train_time:221.301s step_avg:353.52ms
step:627/3250 train_time:221.599s step_avg:353.43ms
step:628/3250 train_time:221.897s step_avg:353.34ms
step:629/3250 train_time:222.196s step_avg:353.25ms
step:630/3250 train_time:222.497s step_avg:353.17ms
step:631/3250 train_time:222.795s step_avg:353.08ms
step:632/3250 train_time:223.097s step_avg:353.00ms
step:633/3250 train_time:223.397s step_avg:352.92ms
step:634/3250 train_time:223.696s step_avg:352.83ms
step:635/3250 train_time:223.995s step_avg:352.75ms
step:636/3250 train_time:224.295s step_avg:352.67ms
step:637/3250 train_time:224.595s step_avg:352.58ms
step:638/3250 train_time:224.895s step_avg:352.50ms
step:639/3250 train_time:225.196s step_avg:352.42ms
step:640/3250 train_time:225.496s step_avg:352.34ms
step:641/3250 train_time:225.796s step_avg:352.26ms
step:642/3250 train_time:226.096s step_avg:352.17ms
step:643/3250 train_time:226.397s step_avg:352.09ms
step:644/3250 train_time:226.696s step_avg:352.01ms
step:645/3250 train_time:226.997s step_avg:351.93ms
step:646/3250 train_time:227.298s step_avg:351.86ms
step:647/3250 train_time:227.597s step_avg:351.77ms
step:648/3250 train_time:227.895s step_avg:351.69ms
step:649/3250 train_time:228.197s step_avg:351.61ms
step:650/3250 train_time:228.494s step_avg:351.53ms
step:651/3250 train_time:228.798s step_avg:351.46ms
step:652/3250 train_time:229.097s step_avg:351.38ms
step:653/3250 train_time:229.396s step_avg:351.30ms
step:654/3250 train_time:229.699s step_avg:351.22ms
step:655/3250 train_time:229.997s step_avg:351.14ms
step:656/3250 train_time:230.298s step_avg:351.06ms
step:657/3250 train_time:230.599s step_avg:350.99ms
step:658/3250 train_time:230.900s step_avg:350.91ms
step:659/3250 train_time:231.201s step_avg:350.84ms
step:660/3250 train_time:231.498s step_avg:350.76ms
step:661/3250 train_time:231.798s step_avg:350.68ms
step:662/3250 train_time:232.097s step_avg:350.60ms
step:663/3250 train_time:232.396s step_avg:350.52ms
step:664/3250 train_time:232.696s step_avg:350.45ms
step:665/3250 train_time:232.997s step_avg:350.37ms
step:666/3250 train_time:233.296s step_avg:350.29ms
step:667/3250 train_time:233.594s step_avg:350.22ms
step:668/3250 train_time:233.895s step_avg:350.14ms
step:669/3250 train_time:234.195s step_avg:350.07ms
step:670/3250 train_time:234.495s step_avg:349.99ms
step:671/3250 train_time:234.794s step_avg:349.92ms
step:672/3250 train_time:235.094s step_avg:349.84ms
step:673/3250 train_time:235.395s step_avg:349.77ms
step:674/3250 train_time:235.695s step_avg:349.70ms
step:675/3250 train_time:235.996s step_avg:349.62ms
step:676/3250 train_time:236.296s step_avg:349.55ms
step:677/3250 train_time:236.596s step_avg:349.48ms
step:678/3250 train_time:236.895s step_avg:349.40ms
step:679/3250 train_time:237.194s step_avg:349.33ms
step:680/3250 train_time:237.494s step_avg:349.26ms
step:681/3250 train_time:237.793s step_avg:349.18ms
step:682/3250 train_time:238.091s step_avg:349.11ms
step:683/3250 train_time:238.386s step_avg:349.03ms
step:684/3250 train_time:238.682s step_avg:348.95ms
step:685/3250 train_time:238.981s step_avg:348.88ms
step:686/3250 train_time:239.277s step_avg:348.80ms
step:687/3250 train_time:239.576s step_avg:348.73ms
step:688/3250 train_time:239.875s step_avg:348.66ms
step:689/3250 train_time:240.175s step_avg:348.58ms
step:690/3250 train_time:240.473s step_avg:348.51ms
step:691/3250 train_time:240.768s step_avg:348.43ms
step:692/3250 train_time:241.065s step_avg:348.36ms
step:693/3250 train_time:241.364s step_avg:348.29ms
step:694/3250 train_time:241.662s step_avg:348.22ms
step:695/3250 train_time:241.959s step_avg:348.14ms
step:696/3250 train_time:242.257s step_avg:348.07ms
step:697/3250 train_time:242.555s step_avg:348.00ms
step:698/3250 train_time:242.856s step_avg:347.93ms
step:699/3250 train_time:243.155s step_avg:347.86ms
step:700/3250 train_time:243.454s step_avg:347.79ms
step:701/3250 train_time:243.755s step_avg:347.72ms
step:702/3250 train_time:244.054s step_avg:347.66ms
step:703/3250 train_time:244.354s step_avg:347.59ms
step:704/3250 train_time:244.654s step_avg:347.52ms
step:705/3250 train_time:244.953s step_avg:347.45ms
step:706/3250 train_time:245.251s step_avg:347.38ms
step:707/3250 train_time:245.550s step_avg:347.31ms
step:708/3250 train_time:245.845s step_avg:347.24ms
step:709/3250 train_time:246.142s step_avg:347.17ms
step:710/3250 train_time:246.439s step_avg:347.10ms
step:711/3250 train_time:246.738s step_avg:347.03ms
step:712/3250 train_time:247.036s step_avg:346.96ms
step:713/3250 train_time:247.335s step_avg:346.89ms
step:714/3250 train_time:247.635s step_avg:346.83ms
step:715/3250 train_time:247.937s step_avg:346.77ms
step:716/3250 train_time:248.235s step_avg:346.70ms
step:717/3250 train_time:248.535s step_avg:346.63ms
step:718/3250 train_time:248.835s step_avg:346.57ms
step:719/3250 train_time:249.136s step_avg:346.50ms
step:720/3250 train_time:249.437s step_avg:346.44ms
step:721/3250 train_time:249.735s step_avg:346.37ms
step:722/3250 train_time:250.032s step_avg:346.30ms
step:723/3250 train_time:250.327s step_avg:346.23ms
step:724/3250 train_time:250.623s step_avg:346.16ms
step:725/3250 train_time:250.927s step_avg:346.11ms
step:726/3250 train_time:251.221s step_avg:346.03ms
step:727/3250 train_time:251.519s step_avg:345.97ms
step:728/3250 train_time:251.816s step_avg:345.90ms
step:729/3250 train_time:252.115s step_avg:345.84ms
step:730/3250 train_time:252.416s step_avg:345.78ms
step:731/3250 train_time:252.715s step_avg:345.71ms
step:732/3250 train_time:253.015s step_avg:345.65ms
step:733/3250 train_time:253.314s step_avg:345.59ms
step:734/3250 train_time:253.614s step_avg:345.52ms
step:735/3250 train_time:253.911s step_avg:345.46ms
step:736/3250 train_time:254.208s step_avg:345.39ms
step:737/3250 train_time:254.504s step_avg:345.32ms
step:738/3250 train_time:254.802s step_avg:345.26ms
step:739/3250 train_time:255.100s step_avg:345.20ms
step:740/3250 train_time:255.399s step_avg:345.13ms
step:741/3250 train_time:255.698s step_avg:345.07ms
step:742/3250 train_time:255.998s step_avg:345.01ms
step:743/3250 train_time:256.297s step_avg:344.95ms
step:744/3250 train_time:256.596s step_avg:344.89ms
step:745/3250 train_time:256.898s step_avg:344.83ms
step:746/3250 train_time:257.195s step_avg:344.77ms
step:747/3250 train_time:257.496s step_avg:344.71ms
step:748/3250 train_time:257.794s step_avg:344.64ms
step:749/3250 train_time:258.091s step_avg:344.58ms
step:750/3250 train_time:258.388s step_avg:344.52ms
step:750/3250 val_loss:3.71929 train_time:258.391s step_avg:299.11ms
step:751/3250 train_time:258.687s step_avg:344.46ms
step:752/3250 train_time:258.984s step_avg:344.39ms
step:753/3250 train_time:259.281s step_avg:344.33ms
step:754/3250 train_time:259.581s step_avg:344.27ms
step:755/3250 train_time:259.880s step_avg:344.21ms
step:756/3250 train_time:260.178s step_avg:344.15ms
step:757/3250 train_time:260.476s step_avg:344.09ms
step:758/3250 train_time:260.773s step_avg:344.03ms
step:759/3250 train_time:261.070s step_avg:343.97ms
step:760/3250 train_time:261.366s step_avg:343.90ms
step:761/3250 train_time:261.692s step_avg:343.88ms
step:762/3250 train_time:261.985s step_avg:343.81ms
step:763/3250 train_time:262.280s step_avg:343.75ms
step:764/3250 train_time:262.580s step_avg:343.69ms
step:765/3250 train_time:262.881s step_avg:343.63ms
step:766/3250 train_time:263.178s step_avg:343.57ms
step:767/3250 train_time:263.479s step_avg:343.52ms
step:768/3250 train_time:263.779s step_avg:343.46ms
step:769/3250 train_time:264.079s step_avg:343.41ms
step:770/3250 train_time:264.379s step_avg:343.35ms
step:771/3250 train_time:264.681s step_avg:343.30ms
step:772/3250 train_time:264.981s step_avg:343.24ms
step:773/3250 train_time:265.280s step_avg:343.18ms
step:774/3250 train_time:265.579s step_avg:343.13ms
step:775/3250 train_time:265.878s step_avg:343.07ms
step:776/3250 train_time:266.174s step_avg:343.01ms
step:777/3250 train_time:266.474s step_avg:342.95ms
step:778/3250 train_time:266.770s step_avg:342.89ms
step:779/3250 train_time:267.066s step_avg:342.83ms
step:780/3250 train_time:267.365s step_avg:342.78ms
step:781/3250 train_time:267.663s step_avg:342.72ms
step:782/3250 train_time:267.960s step_avg:342.66ms
step:783/3250 train_time:268.259s step_avg:342.60ms
step:784/3250 train_time:268.556s step_avg:342.55ms
step:785/3250 train_time:268.856s step_avg:342.49ms
step:786/3250 train_time:269.150s step_avg:342.43ms
step:787/3250 train_time:269.448s step_avg:342.37ms
step:788/3250 train_time:269.744s step_avg:342.32ms
step:789/3250 train_time:270.042s step_avg:342.26ms
step:790/3250 train_time:270.340s step_avg:342.20ms
step:791/3250 train_time:270.643s step_avg:342.15ms
step:792/3250 train_time:270.940s step_avg:342.10ms
step:793/3250 train_time:271.240s step_avg:342.04ms
step:794/3250 train_time:271.540s step_avg:341.99ms
step:795/3250 train_time:271.840s step_avg:341.94ms
step:796/3250 train_time:272.142s step_avg:341.89ms
step:797/3250 train_time:272.438s step_avg:341.83ms
step:798/3250 train_time:272.738s step_avg:341.78ms
step:799/3250 train_time:273.036s step_avg:341.72ms
step:800/3250 train_time:273.333s step_avg:341.67ms
step:801/3250 train_time:273.632s step_avg:341.61ms
step:802/3250 train_time:273.926s step_avg:341.55ms
step:803/3250 train_time:274.222s step_avg:341.50ms
step:804/3250 train_time:274.521s step_avg:341.44ms
step:805/3250 train_time:274.819s step_avg:341.39ms
step:806/3250 train_time:275.119s step_avg:341.34ms
step:807/3250 train_time:275.414s step_avg:341.28ms
step:808/3250 train_time:275.712s step_avg:341.23ms
step:809/3250 train_time:276.007s step_avg:341.17ms
step:810/3250 train_time:276.305s step_avg:341.12ms
step:811/3250 train_time:276.603s step_avg:341.06ms
step:812/3250 train_time:276.902s step_avg:341.01ms
step:813/3250 train_time:277.200s step_avg:340.96ms
step:814/3250 train_time:277.499s step_avg:340.91ms
step:815/3250 train_time:277.800s step_avg:340.86ms
step:816/3250 train_time:278.100s step_avg:340.81ms
step:817/3250 train_time:278.401s step_avg:340.76ms
step:818/3250 train_time:278.700s step_avg:340.71ms
step:819/3250 train_time:279.000s step_avg:340.66ms
step:820/3250 train_time:279.300s step_avg:340.61ms
step:821/3250 train_time:279.599s step_avg:340.56ms
step:822/3250 train_time:279.896s step_avg:340.51ms
step:823/3250 train_time:280.195s step_avg:340.46ms
step:824/3250 train_time:280.491s step_avg:340.40ms
step:825/3250 train_time:280.788s step_avg:340.35ms
step:826/3250 train_time:281.085s step_avg:340.30ms
step:827/3250 train_time:281.383s step_avg:340.25ms
step:828/3250 train_time:281.680s step_avg:340.19ms
step:829/3250 train_time:281.978s step_avg:340.14ms
step:830/3250 train_time:282.277s step_avg:340.09ms
step:831/3250 train_time:282.578s step_avg:340.05ms
step:832/3250 train_time:282.877s step_avg:340.00ms
step:833/3250 train_time:283.176s step_avg:339.95ms
step:834/3250 train_time:283.472s step_avg:339.89ms
step:835/3250 train_time:283.767s step_avg:339.84ms
step:836/3250 train_time:284.066s step_avg:339.79ms
step:837/3250 train_time:284.363s step_avg:339.74ms
step:838/3250 train_time:284.661s step_avg:339.69ms
step:839/3250 train_time:284.960s step_avg:339.64ms
step:840/3250 train_time:285.259s step_avg:339.59ms
step:841/3250 train_time:285.559s step_avg:339.55ms
step:842/3250 train_time:285.860s step_avg:339.50ms
step:843/3250 train_time:286.158s step_avg:339.45ms
step:844/3250 train_time:286.459s step_avg:339.41ms
step:845/3250 train_time:286.755s step_avg:339.36ms
step:846/3250 train_time:287.053s step_avg:339.31ms
step:847/3250 train_time:287.348s step_avg:339.25ms
step:848/3250 train_time:287.645s step_avg:339.20ms
step:849/3250 train_time:287.943s step_avg:339.16ms
step:850/3250 train_time:288.241s step_avg:339.11ms
step:851/3250 train_time:288.539s step_avg:339.06ms
step:852/3250 train_time:288.838s step_avg:339.01ms
step:853/3250 train_time:289.139s step_avg:338.97ms
step:854/3250 train_time:289.437s step_avg:338.92ms
step:855/3250 train_time:289.731s step_avg:338.87ms
step:856/3250 train_time:290.028s step_avg:338.82ms
step:857/3250 train_time:290.327s step_avg:338.77ms
step:858/3250 train_time:290.626s step_avg:338.72ms
step:859/3250 train_time:290.923s step_avg:338.68ms
step:860/3250 train_time:291.221s step_avg:338.63ms
step:861/3250 train_time:291.517s step_avg:338.58ms
step:862/3250 train_time:291.815s step_avg:338.53ms
step:863/3250 train_time:292.109s step_avg:338.48ms
step:864/3250 train_time:292.407s step_avg:338.43ms
step:865/3250 train_time:292.704s step_avg:338.39ms
step:866/3250 train_time:293.001s step_avg:338.34ms
step:867/3250 train_time:293.300s step_avg:338.29ms
step:868/3250 train_time:293.600s step_avg:338.25ms
step:869/3250 train_time:293.899s step_avg:338.20ms
step:870/3250 train_time:294.198s step_avg:338.16ms
step:871/3250 train_time:294.498s step_avg:338.11ms
step:872/3250 train_time:294.794s step_avg:338.07ms
step:873/3250 train_time:295.091s step_avg:338.02ms
step:874/3250 train_time:295.388s step_avg:337.97ms
step:875/3250 train_time:295.686s step_avg:337.93ms
step:875/3250 val_loss:3.68461 train_time:295.688s step_avg:298.38ms
step:876/3250 train_time:295.986s step_avg:337.88ms
step:877/3250 train_time:296.284s step_avg:337.84ms
step:878/3250 train_time:296.582s step_avg:337.79ms
step:879/3250 train_time:296.882s step_avg:337.75ms
step:880/3250 train_time:297.181s step_avg:337.71ms
step:881/3250 train_time:297.477s step_avg:337.66ms
step:882/3250 train_time:297.773s step_avg:337.61ms
step:883/3250 train_time:298.071s step_avg:337.57ms
step:884/3250 train_time:298.371s step_avg:337.52ms
step:885/3250 train_time:298.667s step_avg:337.48ms
step:886/3250 train_time:298.964s step_avg:337.43ms
step:887/3250 train_time:299.264s step_avg:337.39ms
step:888/3250 train_time:299.562s step_avg:337.34ms
step:889/3250 train_time:299.860s step_avg:337.30ms
step:890/3250 train_time:300.158s step_avg:337.26ms
step:891/3250 train_time:300.456s step_avg:337.21ms
step:892/3250 train_time:300.751s step_avg:337.17ms
step:893/3250 train_time:301.051s step_avg:337.12ms
step:894/3250 train_time:301.349s step_avg:337.08ms
step:895/3250 train_time:301.643s step_avg:337.03ms
step:896/3250 train_time:301.944s step_avg:336.99ms
step:897/3250 train_time:302.242s step_avg:336.95ms
step:898/3250 train_time:302.541s step_avg:336.91ms
step:899/3250 train_time:302.838s step_avg:336.86ms
step:900/3250 train_time:303.135s step_avg:336.82ms
step:901/3250 train_time:303.431s step_avg:336.77ms
step:902/3250 train_time:303.728s step_avg:336.73ms
step:903/3250 train_time:304.026s step_avg:336.68ms
step:904/3250 train_time:304.325s step_avg:336.64ms
step:905/3250 train_time:304.622s step_avg:336.60ms
step:906/3250 train_time:304.921s step_avg:336.56ms
step:907/3250 train_time:305.220s step_avg:336.52ms
step:908/3250 train_time:305.513s step_avg:336.47ms
step:909/3250 train_time:305.810s step_avg:336.42ms
step:910/3250 train_time:306.106s step_avg:336.38ms
step:911/3250 train_time:306.404s step_avg:336.34ms
step:912/3250 train_time:306.700s step_avg:336.29ms
step:913/3250 train_time:307.000s step_avg:336.25ms
step:914/3250 train_time:307.297s step_avg:336.21ms
step:915/3250 train_time:307.593s step_avg:336.17ms
step:916/3250 train_time:307.890s step_avg:336.12ms
step:917/3250 train_time:308.188s step_avg:336.08ms
step:918/3250 train_time:308.486s step_avg:336.04ms
step:919/3250 train_time:308.783s step_avg:336.00ms
step:920/3250 train_time:309.081s step_avg:335.96ms
step:921/3250 train_time:309.380s step_avg:335.92ms
step:922/3250 train_time:309.676s step_avg:335.87ms
step:923/3250 train_time:309.972s step_avg:335.83ms
step:924/3250 train_time:310.269s step_avg:335.79ms
step:925/3250 train_time:310.567s step_avg:335.75ms
step:926/3250 train_time:310.864s step_avg:335.71ms
step:927/3250 train_time:311.164s step_avg:335.67ms
step:928/3250 train_time:311.461s step_avg:335.63ms
step:929/3250 train_time:311.758s step_avg:335.58ms
step:930/3250 train_time:312.053s step_avg:335.54ms
step:931/3250 train_time:312.350s step_avg:335.50ms
step:932/3250 train_time:312.647s step_avg:335.46ms
step:933/3250 train_time:312.946s step_avg:335.42ms
step:934/3250 train_time:313.245s step_avg:335.38ms
step:935/3250 train_time:313.543s step_avg:335.34ms
step:936/3250 train_time:313.840s step_avg:335.30ms
step:937/3250 train_time:314.138s step_avg:335.26ms
step:938/3250 train_time:314.434s step_avg:335.22ms
step:939/3250 train_time:314.730s step_avg:335.18ms
step:940/3250 train_time:315.027s step_avg:335.14ms
step:941/3250 train_time:315.326s step_avg:335.10ms
step:942/3250 train_time:315.623s step_avg:335.06ms
step:943/3250 train_time:315.919s step_avg:335.01ms
step:944/3250 train_time:316.216s step_avg:334.97ms
step:945/3250 train_time:316.512s step_avg:334.93ms
step:946/3250 train_time:316.809s step_avg:334.89ms
step:947/3250 train_time:317.105s step_avg:334.85ms
step:948/3250 train_time:317.411s step_avg:334.82ms
step:949/3250 train_time:317.709s step_avg:334.78ms
step:950/3250 train_time:318.007s step_avg:334.74ms
step:951/3250 train_time:318.341s step_avg:334.74ms
step:952/3250 train_time:318.638s step_avg:334.70ms
step:953/3250 train_time:318.931s step_avg:334.66ms
step:954/3250 train_time:319.229s step_avg:334.62ms
step:955/3250 train_time:319.525s step_avg:334.58ms
step:956/3250 train_time:319.823s step_avg:334.54ms
step:957/3250 train_time:320.128s step_avg:334.51ms
step:958/3250 train_time:320.425s step_avg:334.47ms
step:959/3250 train_time:320.722s step_avg:334.43ms
step:960/3250 train_time:321.019s step_avg:334.40ms
step:961/3250 train_time:321.315s step_avg:334.35ms
step:962/3250 train_time:321.613s step_avg:334.32ms
step:963/3250 train_time:321.911s step_avg:334.28ms
step:964/3250 train_time:322.208s step_avg:334.24ms
step:965/3250 train_time:322.507s step_avg:334.20ms
step:966/3250 train_time:322.806s step_avg:334.17ms
step:967/3250 train_time:323.101s step_avg:334.13ms
step:968/3250 train_time:323.401s step_avg:334.09ms
step:969/3250 train_time:323.698s step_avg:334.05ms
step:970/3250 train_time:323.993s step_avg:334.01ms
step:971/3250 train_time:324.291s step_avg:333.98ms
step:972/3250 train_time:324.589s step_avg:333.94ms
step:973/3250 train_time:324.885s step_avg:333.90ms
step:974/3250 train_time:325.184s step_avg:333.86ms
step:975/3250 train_time:325.483s step_avg:333.83ms
step:976/3250 train_time:325.783s step_avg:333.79ms
step:977/3250 train_time:326.082s step_avg:333.76ms
step:978/3250 train_time:326.380s step_avg:333.72ms
step:979/3250 train_time:326.677s step_avg:333.68ms
step:980/3250 train_time:326.972s step_avg:333.65ms
step:981/3250 train_time:327.273s step_avg:333.61ms
step:982/3250 train_time:327.571s step_avg:333.58ms
step:983/3250 train_time:327.867s step_avg:333.54ms
step:984/3250 train_time:328.166s step_avg:333.50ms
step:985/3250 train_time:328.466s step_avg:333.47ms
step:986/3250 train_time:328.768s step_avg:333.44ms
step:987/3250 train_time:329.064s step_avg:333.40ms
step:988/3250 train_time:329.362s step_avg:333.36ms
step:989/3250 train_time:329.660s step_avg:333.33ms
step:990/3250 train_time:329.956s step_avg:333.29ms
step:991/3250 train_time:330.254s step_avg:333.25ms
step:992/3250 train_time:330.549s step_avg:333.21ms
step:993/3250 train_time:330.846s step_avg:333.18ms
step:994/3250 train_time:331.145s step_avg:333.14ms
step:995/3250 train_time:331.444s step_avg:333.11ms
step:996/3250 train_time:331.745s step_avg:333.08ms
step:997/3250 train_time:332.044s step_avg:333.04ms
step:998/3250 train_time:332.346s step_avg:333.01ms
step:999/3250 train_time:332.645s step_avg:332.98ms
step:1000/3250 train_time:332.944s step_avg:332.94ms
step:1000/3250 val_loss:3.65269 train_time:332.946s step_avg:298.07ms
step:1001/3250 train_time:333.250s step_avg:332.92ms
step:1002/3250 train_time:338.727s step_avg:338.05ms
step:1003/3250 train_time:339.035s step_avg:338.02ms
step:1004/3250 train_time:339.342s step_avg:337.99ms
step:1005/3250 train_time:339.650s step_avg:337.96ms
step:1006/3250 train_time:339.957s step_avg:337.93ms
step:1007/3250 train_time:340.267s step_avg:337.90ms
step:1008/3250 train_time:340.572s step_avg:337.87ms
step:1009/3250 train_time:340.881s step_avg:337.84ms
step:1010/3250 train_time:341.190s step_avg:337.81ms
step:1011/3250 train_time:341.496s step_avg:337.78ms
step:1012/3250 train_time:341.802s step_avg:337.75ms
step:1013/3250 train_time:342.108s step_avg:337.72ms
step:1014/3250 train_time:342.413s step_avg:337.69ms
step:1015/3250 train_time:342.719s step_avg:337.65ms
step:1016/3250 train_time:343.027s step_avg:337.63ms
step:1017/3250 train_time:343.331s step_avg:337.59ms
step:1018/3250 train_time:343.638s step_avg:337.56ms
step:1019/3250 train_time:343.944s step_avg:337.53ms
step:1020/3250 train_time:344.251s step_avg:337.50ms
step:1021/3250 train_time:344.560s step_avg:337.47ms
step:1022/3250 train_time:344.864s step_avg:337.44ms
step:1023/3250 train_time:345.171s step_avg:337.41ms
step:1024/3250 train_time:345.478s step_avg:337.38ms
step:1025/3250 train_time:345.784s step_avg:337.35ms
step:1026/3250 train_time:346.094s step_avg:337.32ms
step:1027/3250 train_time:346.402s step_avg:337.29ms
step:1028/3250 train_time:346.710s step_avg:337.27ms
step:1029/3250 train_time:347.021s step_avg:337.24ms
step:1030/3250 train_time:347.330s step_avg:337.21ms
step:1031/3250 train_time:347.636s step_avg:337.18ms
step:1032/3250 train_time:347.944s step_avg:337.16ms
step:1033/3250 train_time:348.250s step_avg:337.12ms
step:1034/3250 train_time:348.556s step_avg:337.09ms
step:1035/3250 train_time:348.862s step_avg:337.06ms
step:1036/3250 train_time:349.168s step_avg:337.03ms
step:1037/3250 train_time:349.474s step_avg:337.00ms
step:1038/3250 train_time:349.781s step_avg:336.98ms
step:1039/3250 train_time:350.089s step_avg:336.95ms
step:1040/3250 train_time:350.394s step_avg:336.92ms
step:1041/3250 train_time:350.701s step_avg:336.89ms
step:1042/3250 train_time:351.009s step_avg:336.86ms
step:1043/3250 train_time:351.315s step_avg:336.83ms
step:1044/3250 train_time:351.621s step_avg:336.80ms
step:1045/3250 train_time:351.929s step_avg:336.77ms
step:1046/3250 train_time:352.235s step_avg:336.74ms
step:1047/3250 train_time:352.541s step_avg:336.71ms
step:1048/3250 train_time:352.850s step_avg:336.69ms
step:1049/3250 train_time:353.157s step_avg:336.66ms
step:1050/3250 train_time:353.469s step_avg:336.64ms
step:1051/3250 train_time:353.780s step_avg:336.61ms
step:1052/3250 train_time:354.089s step_avg:336.59ms
step:1053/3250 train_time:354.394s step_avg:336.56ms
step:1054/3250 train_time:354.700s step_avg:336.53ms
step:1055/3250 train_time:355.007s step_avg:336.50ms
step:1056/3250 train_time:355.312s step_avg:336.47ms
step:1057/3250 train_time:355.620s step_avg:336.44ms
step:1058/3250 train_time:355.927s step_avg:336.42ms
step:1059/3250 train_time:356.233s step_avg:336.39ms
step:1060/3250 train_time:356.540s step_avg:336.36ms
step:1061/3250 train_time:356.845s step_avg:336.33ms
step:1062/3250 train_time:357.150s step_avg:336.30ms
step:1063/3250 train_time:357.458s step_avg:336.27ms
step:1064/3250 train_time:357.764s step_avg:336.24ms
step:1065/3250 train_time:358.074s step_avg:336.22ms
step:1066/3250 train_time:358.381s step_avg:336.19ms
step:1067/3250 train_time:358.687s step_avg:336.16ms
step:1068/3250 train_time:358.992s step_avg:336.14ms
step:1069/3250 train_time:359.299s step_avg:336.11ms
step:1070/3250 train_time:359.605s step_avg:336.08ms
step:1071/3250 train_time:359.910s step_avg:336.05ms
step:1072/3250 train_time:360.219s step_avg:336.02ms
step:1073/3250 train_time:360.527s step_avg:336.00ms
step:1074/3250 train_time:360.833s step_avg:335.97ms
step:1075/3250 train_time:361.144s step_avg:335.95ms
step:1076/3250 train_time:361.459s step_avg:335.93ms
step:1077/3250 train_time:361.763s step_avg:335.90ms
step:1078/3250 train_time:362.068s step_avg:335.87ms
step:1079/3250 train_time:362.373s step_avg:335.84ms
step:1080/3250 train_time:362.681s step_avg:335.82ms
step:1081/3250 train_time:362.988s step_avg:335.79ms
step:1082/3250 train_time:363.294s step_avg:335.76ms
step:1083/3250 train_time:363.600s step_avg:335.73ms
step:1084/3250 train_time:363.904s step_avg:335.71ms
step:1085/3250 train_time:364.210s step_avg:335.68ms
step:1086/3250 train_time:364.520s step_avg:335.65ms
step:1087/3250 train_time:364.831s step_avg:335.63ms
step:1088/3250 train_time:365.145s step_avg:335.61ms
step:1089/3250 train_time:365.450s step_avg:335.58ms
step:1090/3250 train_time:365.758s step_avg:335.56ms
step:1091/3250 train_time:366.067s step_avg:335.53ms
step:1092/3250 train_time:366.376s step_avg:335.51ms
step:1093/3250 train_time:366.684s step_avg:335.48ms
step:1094/3250 train_time:366.990s step_avg:335.46ms
step:1095/3250 train_time:367.298s step_avg:335.43ms
step:1096/3250 train_time:367.603s step_avg:335.40ms
step:1097/3250 train_time:367.909s step_avg:335.38ms
step:1098/3250 train_time:368.216s step_avg:335.35ms
step:1099/3250 train_time:368.525s step_avg:335.33ms
step:1100/3250 train_time:368.833s step_avg:335.30ms
step:1101/3250 train_time:369.141s step_avg:335.28ms
step:1102/3250 train_time:369.449s step_avg:335.25ms
step:1103/3250 train_time:369.763s step_avg:335.23ms
step:1104/3250 train_time:370.067s step_avg:335.21ms
step:1105/3250 train_time:370.373s step_avg:335.18ms
step:1106/3250 train_time:370.681s step_avg:335.15ms
step:1107/3250 train_time:370.988s step_avg:335.13ms
step:1108/3250 train_time:371.293s step_avg:335.10ms
step:1109/3250 train_time:371.599s step_avg:335.08ms
step:1110/3250 train_time:371.905s step_avg:335.05ms
step:1111/3250 train_time:372.210s step_avg:335.02ms
step:1112/3250 train_time:372.516s step_avg:335.00ms
step:1113/3250 train_time:372.821s step_avg:334.97ms
step:1114/3250 train_time:373.128s step_avg:334.94ms
step:1115/3250 train_time:373.434s step_avg:334.92ms
step:1116/3250 train_time:373.743s step_avg:334.90ms
step:1117/3250 train_time:374.052s step_avg:334.87ms
step:1118/3250 train_time:374.361s step_avg:334.85ms
step:1119/3250 train_time:374.668s step_avg:334.82ms
step:1120/3250 train_time:374.973s step_avg:334.80ms
step:1121/3250 train_time:375.283s step_avg:334.78ms
step:1122/3250 train_time:375.591s step_avg:334.75ms
step:1123/3250 train_time:375.898s step_avg:334.73ms
step:1124/3250 train_time:376.204s step_avg:334.70ms
step:1125/3250 train_time:376.512s step_avg:334.68ms
step:1125/3250 val_loss:3.62742 train_time:376.513s step_avg:348.53ms
probe_ema: n=84934656 align=-0.39325,-0.34010,-0.28907,-0.24300 rel_mse=1.07019,1.03678,1.01878,1.00952
step:1126/3250 train_time:376.821s step_avg:334.65ms
step:1127/3250 train_time:377.129s step_avg:334.63ms
step:1128/3250 train_time:377.437s step_avg:334.61ms
step:1129/3250 train_time:377.745s step_avg:334.58ms
step:1130/3250 train_time:378.050s step_avg:334.56ms
step:1131/3250 train_time:378.358s step_avg:334.53ms
step:1132/3250 train_time:378.664s step_avg:334.51ms
step:1133/3250 train_time:378.969s step_avg:334.48ms
step:1134/3250 train_time:379.275s step_avg:334.46ms
step:1135/3250 train_time:379.581s step_avg:334.43ms
step:1136/3250 train_time:379.886s step_avg:334.41ms
step:1137/3250 train_time:380.192s step_avg:334.38ms
step:1138/3250 train_time:380.500s step_avg:334.36ms
step:1139/3250 train_time:380.807s step_avg:334.33ms
step:1140/3250 train_time:381.112s step_avg:334.31ms
step:1141/3250 train_time:381.453s step_avg:334.31ms
step:1142/3250 train_time:381.764s step_avg:334.29ms
step:1143/3250 train_time:382.073s step_avg:334.27ms
step:1144/3250 train_time:382.383s step_avg:334.25ms
step:1145/3250 train_time:382.690s step_avg:334.23ms
step:1146/3250 train_time:382.995s step_avg:334.20ms
step:1147/3250 train_time:383.303s step_avg:334.18ms
step:1148/3250 train_time:383.613s step_avg:334.16ms
step:1149/3250 train_time:383.918s step_avg:334.13ms
step:1150/3250 train_time:384.227s step_avg:334.11ms
step:1151/3250 train_time:384.535s step_avg:334.09ms
step:1152/3250 train_time:384.843s step_avg:334.07ms
step:1153/3250 train_time:385.154s step_avg:334.05ms
step:1154/3250 train_time:385.464s step_avg:334.02ms
step:1155/3250 train_time:385.771s step_avg:334.00ms
step:1156/3250 train_time:386.078s step_avg:333.98ms
step:1157/3250 train_time:386.386s step_avg:333.96ms
step:1158/3250 train_time:386.694s step_avg:333.93ms
step:1159/3250 train_time:387.004s step_avg:333.91ms
step:1160/3250 train_time:387.311s step_avg:333.89ms
step:1161/3250 train_time:387.620s step_avg:333.87ms
step:1162/3250 train_time:387.925s step_avg:333.84ms
step:1163/3250 train_time:388.237s step_avg:333.82ms
step:1164/3250 train_time:388.551s step_avg:333.81ms
step:1165/3250 train_time:388.857s step_avg:333.78ms
step:1166/3250 train_time:389.171s step_avg:333.77ms
step:1167/3250 train_time:389.476s step_avg:333.74ms
step:1168/3250 train_time:389.784s step_avg:333.72ms
step:1169/3250 train_time:390.091s step_avg:333.70ms
step:1170/3250 train_time:390.398s step_avg:333.67ms
step:1171/3250 train_time:390.704s step_avg:333.65ms
step:1172/3250 train_time:391.012s step_avg:333.63ms
step:1173/3250 train_time:391.320s step_avg:333.61ms
step:1174/3250 train_time:391.626s step_avg:333.58ms
step:1175/3250 train_time:391.934s step_avg:333.56ms
step:1176/3250 train_time:392.241s step_avg:333.54ms
step:1177/3250 train_time:392.548s step_avg:333.52ms
step:1178/3250 train_time:392.858s step_avg:333.50ms
step:1179/3250 train_time:393.164s step_avg:333.47ms
step:1180/3250 train_time:393.474s step_avg:333.45ms
step:1181/3250 train_time:393.781s step_avg:333.43ms
step:1182/3250 train_time:394.087s step_avg:333.41ms
step:1183/3250 train_time:394.395s step_avg:333.39ms
step:1184/3250 train_time:394.709s step_avg:333.37ms
step:1185/3250 train_time:395.014s step_avg:333.35ms
step:1186/3250 train_time:395.323s step_avg:333.32ms
step:1187/3250 train_time:395.631s step_avg:333.30ms
step:1188/3250 train_time:395.938s step_avg:333.28ms
step:1189/3250 train_time:396.243s step_avg:333.26ms
step:1190/3250 train_time:396.550s step_avg:333.24ms
step:1191/3250 train_time:396.856s step_avg:333.21ms
step:1192/3250 train_time:397.166s step_avg:333.19ms
step:1193/3250 train_time:397.472s step_avg:333.17ms
step:1194/3250 train_time:397.778s step_avg:333.15ms
step:1195/3250 train_time:398.085s step_avg:333.13ms
step:1196/3250 train_time:398.393s step_avg:333.10ms
step:1197/3250 train_time:398.703s step_avg:333.09ms
step:1198/3250 train_time:399.013s step_avg:333.07ms
step:1199/3250 train_time:399.320s step_avg:333.04ms
step:1200/3250 train_time:399.626s step_avg:333.02ms
step:1201/3250 train_time:399.931s step_avg:333.00ms
step:1202/3250 train_time:400.240s step_avg:332.98ms
step:1203/3250 train_time:400.548s step_avg:332.96ms
step:1204/3250 train_time:400.854s step_avg:332.94ms
step:1205/3250 train_time:401.171s step_avg:332.92ms
step:1206/3250 train_time:401.476s step_avg:332.90ms
step:1207/3250 train_time:401.784s step_avg:332.88ms
step:1208/3250 train_time:402.092s step_avg:332.86ms
step:1209/3250 train_time:402.399s step_avg:332.84ms
step:1210/3250 train_time:402.705s step_avg:332.81ms
step:1211/3250 train_time:403.011s step_avg:332.79ms
step:1212/3250 train_time:403.317s step_avg:332.77ms
step:1213/3250 train_time:403.624s step_avg:332.75ms
step:1214/3250 train_time:403.932s step_avg:332.73ms
step:1215/3250 train_time:404.239s step_avg:332.71ms
step:1216/3250 train_time:404.546s step_avg:332.69ms
step:1217/3250 train_time:404.853s step_avg:332.66ms
step:1218/3250 train_time:405.166s step_avg:332.65ms
step:1219/3250 train_time:405.475s step_avg:332.63ms
step:1220/3250 train_time:405.784s step_avg:332.61ms
step:1221/3250 train_time:406.091s step_avg:332.59ms
step:1222/3250 train_time:406.402s step_avg:332.57ms
step:1223/3250 train_time:406.711s step_avg:332.55ms
step:1224/3250 train_time:407.017s step_avg:332.53ms
step:1225/3250 train_time:407.325s step_avg:332.51ms
step:1226/3250 train_time:407.631s step_avg:332.49ms
step:1227/3250 train_time:407.937s step_avg:332.47ms
step:1228/3250 train_time:408.245s step_avg:332.45ms
step:1229/3250 train_time:408.551s step_avg:332.43ms
step:1230/3250 train_time:408.859s step_avg:332.41ms
step:1231/3250 train_time:409.165s step_avg:332.38ms
step:1232/3250 train_time:409.472s step_avg:332.36ms
step:1233/3250 train_time:409.780s step_avg:332.34ms
step:1234/3250 train_time:410.086s step_avg:332.32ms
step:1235/3250 train_time:410.393s step_avg:332.30ms
step:1236/3250 train_time:410.702s step_avg:332.28ms
step:1237/3250 train_time:411.010s step_avg:332.26ms
step:1238/3250 train_time:411.321s step_avg:332.25ms
step:1239/3250 train_time:411.630s step_avg:332.23ms
step:1240/3250 train_time:411.936s step_avg:332.21ms
step:1241/3250 train_time:412.245s step_avg:332.19ms
step:1242/3250 train_time:412.553s step_avg:332.17ms
step:1243/3250 train_time:412.863s step_avg:332.15ms
step:1244/3250 train_time:413.170s step_avg:332.13ms
step:1245/3250 train_time:413.478s step_avg:332.11ms
step:1246/3250 train_time:413.784s step_avg:332.09ms
step:1247/3250 train_time:414.093s step_avg:332.07ms
step:1248/3250 train_time:414.406s step_avg:332.06ms
step:1249/3250 train_time:414.715s step_avg:332.04ms
step:1250/3250 train_time:415.026s step_avg:332.02ms
step:1250/3250 val_loss:3.59099 train_time:415.026s step_avg:308.11ms
probe_ema: n=84934656 align=-0.42208,-0.36814,-0.31956,-0.27242 rel_mse=1.07031,1.03705,1.01920,1.00985
step:1251/3250 train_time:415.341s step_avg:332.01ms
step:1252/3250 train_time:415.650s step_avg:331.99ms
step:1253/3250 train_time:415.958s step_avg:331.97ms
step:1254/3250 train_time:416.263s step_avg:331.95ms
step:1255/3250 train_time:416.573s step_avg:331.93ms
step:1256/3250 train_time:416.879s step_avg:331.91ms
step:1257/3250 train_time:417.186s step_avg:331.89ms
step:1258/3250 train_time:417.496s step_avg:331.87ms
step:1259/3250 train_time:417.804s step_avg:331.85ms
step:1260/3250 train_time:418.112s step_avg:331.84ms
step:1261/3250 train_time:418.422s step_avg:331.82ms
step:1262/3250 train_time:418.734s step_avg:331.80ms
step:1263/3250 train_time:419.045s step_avg:331.79ms
step:1264/3250 train_time:419.353s step_avg:331.77ms
step:1265/3250 train_time:419.658s step_avg:331.75ms
step:1266/3250 train_time:419.965s step_avg:331.73ms
step:1267/3250 train_time:420.273s step_avg:331.71ms
step:1268/3250 train_time:420.580s step_avg:331.69ms
step:1269/3250 train_time:420.886s step_avg:331.67ms
step:1270/3250 train_time:421.196s step_avg:331.65ms
step:1271/3250 train_time:421.501s step_avg:331.63ms
step:1272/3250 train_time:421.809s step_avg:331.61ms
step:1273/3250 train_time:422.117s step_avg:331.59ms
step:1274/3250 train_time:422.425s step_avg:331.57ms
step:1275/3250 train_time:422.734s step_avg:331.56ms
step:1276/3250 train_time:423.044s step_avg:331.54ms
step:1277/3250 train_time:423.351s step_avg:331.52ms
step:1278/3250 train_time:423.659s step_avg:331.50ms
step:1279/3250 train_time:423.966s step_avg:331.48ms
step:1280/3250 train_time:424.276s step_avg:331.47ms
step:1281/3250 train_time:424.584s step_avg:331.45ms
step:1282/3250 train_time:424.891s step_avg:331.43ms
step:1283/3250 train_time:425.198s step_avg:331.41ms
step:1284/3250 train_time:425.506s step_avg:331.39ms
step:1285/3250 train_time:425.814s step_avg:331.37ms
step:1286/3250 train_time:426.119s step_avg:331.35ms
step:1287/3250 train_time:426.427s step_avg:331.33ms
step:1288/3250 train_time:426.734s step_avg:331.32ms
step:1289/3250 train_time:427.041s step_avg:331.30ms
step:1290/3250 train_time:427.346s step_avg:331.28ms
step:1291/3250 train_time:427.654s step_avg:331.26ms
step:1292/3250 train_time:427.959s step_avg:331.24ms
step:1293/3250 train_time:428.266s step_avg:331.22ms
step:1294/3250 train_time:428.574s step_avg:331.20ms
step:1295/3250 train_time:428.882s step_avg:331.18ms
step:1296/3250 train_time:429.191s step_avg:331.17ms
step:1297/3250 train_time:429.498s step_avg:331.15ms
step:1298/3250 train_time:429.805s step_avg:331.13ms
step:1299/3250 train_time:430.113s step_avg:331.11ms
step:1300/3250 train_time:430.421s step_avg:331.09ms
step:1301/3250 train_time:430.727s step_avg:331.07ms
step:1302/3250 train_time:431.034s step_avg:331.06ms
step:1303/3250 train_time:431.341s step_avg:331.04ms
step:1304/3250 train_time:431.646s step_avg:331.02ms
step:1305/3250 train_time:431.953s step_avg:331.00ms
step:1306/3250 train_time:432.259s step_avg:330.98ms
step:1307/3250 train_time:432.564s step_avg:330.96ms
step:1308/3250 train_time:432.872s step_avg:330.94ms
step:1309/3250 train_time:433.180s step_avg:330.92ms
step:1310/3250 train_time:433.488s step_avg:330.91ms
step:1311/3250 train_time:433.797s step_avg:330.89ms
step:1312/3250 train_time:434.104s step_avg:330.87ms
step:1313/3250 train_time:434.412s step_avg:330.85ms
step:1314/3250 train_time:434.720s step_avg:330.84ms
step:1315/3250 train_time:435.032s step_avg:330.82ms
step:1316/3250 train_time:435.344s step_avg:330.81ms
step:1317/3250 train_time:435.651s step_avg:330.79ms
step:1318/3250 train_time:435.957s step_avg:330.77ms
step:1319/3250 train_time:436.265s step_avg:330.75ms
step:1320/3250 train_time:436.574s step_avg:330.74ms
step:1321/3250 train_time:436.881s step_avg:330.72ms
step:1322/3250 train_time:437.188s step_avg:330.70ms
step:1323/3250 train_time:437.496s step_avg:330.68ms
step:1324/3250 train_time:437.802s step_avg:330.67ms
step:1325/3250 train_time:438.109s step_avg:330.65ms
step:1326/3250 train_time:438.415s step_avg:330.63ms
step:1327/3250 train_time:438.720s step_avg:330.61ms
step:1328/3250 train_time:439.027s step_avg:330.59ms
step:1329/3250 train_time:439.334s step_avg:330.58ms
step:1330/3250 train_time:439.641s step_avg:330.56ms
step:1331/3250 train_time:439.982s step_avg:330.56ms
step:1332/3250 train_time:440.291s step_avg:330.55ms
step:1333/3250 train_time:440.597s step_avg:330.53ms
step:1334/3250 train_time:440.903s step_avg:330.51ms
step:1335/3250 train_time:441.212s step_avg:330.50ms
step:1336/3250 train_time:441.520s step_avg:330.48ms
step:1337/3250 train_time:441.828s step_avg:330.46ms
step:1338/3250 train_time:442.135s step_avg:330.44ms
step:1339/3250 train_time:442.439s step_avg:330.42ms
step:1340/3250 train_time:442.744s step_avg:330.41ms
step:1341/3250 train_time:443.052s step_avg:330.39ms
step:1342/3250 train_time:443.358s step_avg:330.37ms
step:1343/3250 train_time:443.665s step_avg:330.35ms
step:1344/3250 train_time:443.973s step_avg:330.34ms
step:1345/3250 train_time:444.286s step_avg:330.32ms
step:1346/3250 train_time:444.594s step_avg:330.31ms
step:1347/3250 train_time:444.901s step_avg:330.29ms
step:1348/3250 train_time:445.208s step_avg:330.27ms
step:1349/3250 train_time:445.516s step_avg:330.26ms
step:1350/3250 train_time:445.829s step_avg:330.24ms
step:1351/3250 train_time:446.144s step_avg:330.23ms
step:1352/3250 train_time:446.460s step_avg:330.22ms
step:1353/3250 train_time:446.770s step_avg:330.21ms
step:1354/3250 train_time:447.086s step_avg:330.20ms
step:1355/3250 train_time:447.397s step_avg:330.18ms
step:1356/3250 train_time:447.705s step_avg:330.17ms
step:1357/3250 train_time:448.012s step_avg:330.15ms
step:1358/3250 train_time:448.319s step_avg:330.13ms
step:1359/3250 train_time:448.628s step_avg:330.12ms
step:1360/3250 train_time:448.941s step_avg:330.10ms
step:1361/3250 train_time:449.250s step_avg:330.09ms
step:1362/3250 train_time:449.558s step_avg:330.07ms
step:1363/3250 train_time:449.862s step_avg:330.05ms
step:1364/3250 train_time:450.170s step_avg:330.04ms
step:1365/3250 train_time:450.477s step_avg:330.02ms
step:1366/3250 train_time:450.784s step_avg:330.00ms
step:1367/3250 train_time:451.093s step_avg:329.99ms
step:1368/3250 train_time:451.400s step_avg:329.97ms
step:1369/3250 train_time:451.713s step_avg:329.96ms
step:1370/3250 train_time:452.019s step_avg:329.94ms
step:1371/3250 train_time:452.326s step_avg:329.92ms
step:1372/3250 train_time:452.634s step_avg:329.91ms
step:1373/3250 train_time:452.941s step_avg:329.89ms
step:1374/3250 train_time:453.245s step_avg:329.87ms
step:1375/3250 train_time:453.555s step_avg:329.86ms
step:1375/3250 val_loss:3.56224 train_time:453.555s step_avg:308.23ms
probe_ema: n=84934656 align=-0.32862,-0.28403,-0.24782,-0.21132 rel_mse=1.06649,1.03541,1.01819,1.00906
step:1376/3250 train_time:453.871s step_avg:329.85ms
step:1377/3250 train_time:454.179s step_avg:329.83ms
step:1378/3250 train_time:454.487s step_avg:329.82ms
step:1379/3250 train_time:454.793s step_avg:329.80ms
step:1380/3250 train_time:455.100s step_avg:329.78ms
step:1381/3250 train_time:455.409s step_avg:329.77ms
step:1382/3250 train_time:455.717s step_avg:329.75ms
step:1383/3250 train_time:456.025s step_avg:329.74ms
step:1384/3250 train_time:456.332s step_avg:329.72ms
step:1385/3250 train_time:456.638s step_avg:329.70ms
step:1386/3250 train_time:456.947s step_avg:329.69ms
step:1387/3250 train_time:457.254s step_avg:329.67ms
step:1388/3250 train_time:457.562s step_avg:329.66ms
step:1389/3250 train_time:457.869s step_avg:329.64ms
step:1390/3250 train_time:458.176s step_avg:329.62ms
step:1391/3250 train_time:458.482s step_avg:329.61ms
step:1392/3250 train_time:458.789s step_avg:329.59ms
step:1393/3250 train_time:459.098s step_avg:329.58ms
step:1394/3250 train_time:459.409s step_avg:329.56ms
step:1395/3250 train_time:459.723s step_avg:329.55ms
step:1396/3250 train_time:460.031s step_avg:329.54ms
step:1397/3250 train_time:460.338s step_avg:329.52ms
step:1398/3250 train_time:460.648s step_avg:329.51ms
step:1399/3250 train_time:460.959s step_avg:329.49ms
step:1400/3250 train_time:461.270s step_avg:329.48ms
step:1401/3250 train_time:461.581s step_avg:329.47ms
step:1402/3250 train_time:461.891s step_avg:329.45ms
step:1403/3250 train_time:462.199s step_avg:329.44ms
step:1404/3250 train_time:462.509s step_avg:329.42ms
step:1405/3250 train_time:462.817s step_avg:329.41ms
step:1406/3250 train_time:463.127s step_avg:329.39ms
step:1407/3250 train_time:463.434s step_avg:329.38ms
step:1408/3250 train_time:463.744s step_avg:329.36ms
step:1409/3250 train_time:464.051s step_avg:329.35ms
step:1410/3250 train_time:464.359s step_avg:329.33ms
step:1411/3250 train_time:464.671s step_avg:329.32ms
step:1412/3250 train_time:464.981s step_avg:329.31ms
step:1413/3250 train_time:465.293s step_avg:329.29ms
step:1414/3250 train_time:465.599s step_avg:329.28ms
step:1415/3250 train_time:465.907s step_avg:329.26ms
step:1416/3250 train_time:466.217s step_avg:329.25ms
step:1417/3250 train_time:466.525s step_avg:329.23ms
step:1418/3250 train_time:466.831s step_avg:329.22ms
step:1419/3250 train_time:467.137s step_avg:329.20ms
step:1420/3250 train_time:467.445s step_avg:329.19ms
step:1421/3250 train_time:467.753s step_avg:329.17ms
step:1422/3250 train_time:468.063s step_avg:329.16ms
step:1423/3250 train_time:468.377s step_avg:329.15ms
step:1424/3250 train_time:468.683s step_avg:329.13ms
step:1425/3250 train_time:468.991s step_avg:329.12ms
step:1426/3250 train_time:469.299s step_avg:329.10ms
step:1427/3250 train_time:469.610s step_avg:329.09ms
step:1428/3250 train_time:469.917s step_avg:329.07ms
step:1429/3250 train_time:470.227s step_avg:329.06ms
step:1430/3250 train_time:470.534s step_avg:329.04ms
step:1431/3250 train_time:470.839s step_avg:329.03ms
step:1432/3250 train_time:471.153s step_avg:329.02ms
step:1433/3250 train_time:471.460s step_avg:329.00ms
step:1434/3250 train_time:471.768s step_avg:328.99ms
step:1435/3250 train_time:472.075s step_avg:328.97ms
step:1436/3250 train_time:472.383s step_avg:328.96ms
step:1437/3250 train_time:472.689s step_avg:328.94ms
step:1438/3250 train_time:472.997s step_avg:328.93ms
step:1439/3250 train_time:473.306s step_avg:328.91ms
step:1440/3250 train_time:473.613s step_avg:328.90ms
step:1441/3250 train_time:473.921s step_avg:328.88ms
step:1442/3250 train_time:474.231s step_avg:328.87ms
step:1443/3250 train_time:474.539s step_avg:328.86ms
step:1444/3250 train_time:474.848s step_avg:328.84ms
step:1445/3250 train_time:475.155s step_avg:328.83ms
step:1446/3250 train_time:475.463s step_avg:328.81ms
step:1447/3250 train_time:475.775s step_avg:328.80ms
step:1448/3250 train_time:476.081s step_avg:328.79ms
step:1449/3250 train_time:476.390s step_avg:328.77ms
step:1450/3250 train_time:476.697s step_avg:328.76ms
step:1451/3250 train_time:477.007s step_avg:328.74ms
step:1452/3250 train_time:477.313s step_avg:328.73ms
step:1453/3250 train_time:477.619s step_avg:328.71ms
step:1454/3250 train_time:477.929s step_avg:328.70ms
step:1455/3250 train_time:478.236s step_avg:328.68ms
step:1456/3250 train_time:478.544s step_avg:328.67ms
step:1457/3250 train_time:478.852s step_avg:328.66ms
step:1458/3250 train_time:479.158s step_avg:328.64ms
step:1459/3250 train_time:479.467s step_avg:328.63ms
step:1460/3250 train_time:479.776s step_avg:328.61ms
step:1461/3250 train_time:480.084s step_avg:328.60ms
step:1462/3250 train_time:480.392s step_avg:328.59ms
step:1463/3250 train_time:480.701s step_avg:328.57ms
step:1464/3250 train_time:481.009s step_avg:328.56ms
step:1465/3250 train_time:481.316s step_avg:328.54ms
step:1466/3250 train_time:481.625s step_avg:328.53ms
step:1467/3250 train_time:481.933s step_avg:328.52ms
step:1468/3250 train_time:482.239s step_avg:328.50ms
step:1469/3250 train_time:482.548s step_avg:328.49ms
step:1470/3250 train_time:482.853s step_avg:328.47ms
step:1471/3250 train_time:483.161s step_avg:328.46ms
step:1472/3250 train_time:483.468s step_avg:328.44ms
step:1473/3250 train_time:483.774s step_avg:328.43ms
step:1474/3250 train_time:484.081s step_avg:328.41ms
step:1475/3250 train_time:484.390s step_avg:328.40ms
step:1476/3250 train_time:484.697s step_avg:328.39ms
step:1477/3250 train_time:485.007s step_avg:328.37ms
step:1478/3250 train_time:485.313s step_avg:328.36ms
step:1479/3250 train_time:485.621s step_avg:328.34ms
step:1480/3250 train_time:485.930s step_avg:328.33ms
step:1481/3250 train_time:486.236s step_avg:328.32ms
step:1482/3250 train_time:486.544s step_avg:328.30ms
step:1483/3250 train_time:486.851s step_avg:328.29ms
step:1484/3250 train_time:487.157s step_avg:328.27ms
step:1485/3250 train_time:487.468s step_avg:328.26ms
step:1486/3250 train_time:487.776s step_avg:328.25ms
step:1487/3250 train_time:488.086s step_avg:328.24ms
step:1488/3250 train_time:488.397s step_avg:328.22ms
step:1489/3250 train_time:488.708s step_avg:328.21ms
step:1490/3250 train_time:489.016s step_avg:328.20ms
step:1491/3250 train_time:489.324s step_avg:328.19ms
step:1492/3250 train_time:489.632s step_avg:328.17ms
step:1493/3250 train_time:489.937s step_avg:328.16ms
step:1494/3250 train_time:490.246s step_avg:328.14ms
step:1495/3250 train_time:490.552s step_avg:328.13ms
step:1496/3250 train_time:490.864s step_avg:328.12ms
step:1497/3250 train_time:491.171s step_avg:328.10ms
step:1498/3250 train_time:491.481s step_avg:328.09ms
step:1499/3250 train_time:491.790s step_avg:328.08ms
step:1500/3250 train_time:492.098s step_avg:328.07ms
step:1500/3250 val_loss:3.53113 train_time:492.098s step_avg:308.34ms
probe_ema: n=84934656 align=-0.23387,-0.20355,-0.17638,-0.14854 rel_mse=1.03375,1.01758,1.00900,1.00449
step:1501/3250 train_time:492.408s step_avg:328.05ms
step:1502/3250 train_time:492.716s step_avg:328.04ms
step:1503/3250 train_time:493.022s step_avg:328.03ms
step:1504/3250 train_time:493.328s step_avg:328.01ms
step:1505/3250 train_time:493.637s step_avg:328.00ms
step:1506/3250 train_time:493.943s step_avg:327.98ms
step:1507/3250 train_time:494.247s step_avg:327.97ms
step:1508/3250 train_time:494.557s step_avg:327.96ms
step:1509/3250 train_time:494.866s step_avg:327.94ms
step:1510/3250 train_time:495.175s step_avg:327.93ms
step:1511/3250 train_time:495.485s step_avg:327.92ms
step:1512/3250 train_time:495.791s step_avg:327.90ms
step:1513/3250 train_time:496.099s step_avg:327.89ms
step:1514/3250 train_time:496.407s step_avg:327.88ms
step:1515/3250 train_time:496.714s step_avg:327.86ms
step:1516/3250 train_time:497.020s step_avg:327.85ms
step:1517/3250 train_time:497.326s step_avg:327.83ms
step:1518/3250 train_time:497.635s step_avg:327.82ms
step:1519/3250 train_time:497.941s step_avg:327.81ms
step:1520/3250 train_time:498.247s step_avg:327.79ms
step:1521/3250 train_time:498.594s step_avg:327.81ms
step:1522/3250 train_time:498.901s step_avg:327.79ms
step:1523/3250 train_time:499.207s step_avg:327.78ms
step:1524/3250 train_time:499.516s step_avg:327.77ms
step:1525/3250 train_time:499.821s step_avg:327.75ms
step:1526/3250 train_time:500.127s step_avg:327.74ms
step:1527/3250 train_time:500.437s step_avg:327.73ms
step:1528/3250 train_time:500.746s step_avg:327.71ms
step:1529/3250 train_time:501.057s step_avg:327.70ms
step:1530/3250 train_time:501.365s step_avg:327.69ms
step:1531/3250 train_time:501.670s step_avg:327.67ms
step:1532/3250 train_time:501.978s step_avg:327.66ms
step:1533/3250 train_time:502.290s step_avg:327.65ms
step:1534/3250 train_time:502.598s step_avg:327.64ms
step:1535/3250 train_time:502.907s step_avg:327.63ms
step:1536/3250 train_time:503.214s step_avg:327.61ms
step:1537/3250 train_time:503.521s step_avg:327.60ms
step:1538/3250 train_time:503.827s step_avg:327.59ms
step:1539/3250 train_time:504.137s step_avg:327.57ms
step:1540/3250 train_time:504.446s step_avg:327.56ms
step:1541/3250 train_time:504.758s step_avg:327.55ms
step:1542/3250 train_time:505.067s step_avg:327.54ms
step:1543/3250 train_time:505.374s step_avg:327.53ms
step:1544/3250 train_time:505.680s step_avg:327.51ms
step:1545/3250 train_time:505.986s step_avg:327.50ms
step:1546/3250 train_time:506.294s step_avg:327.49ms
step:1547/3250 train_time:506.600s step_avg:327.47ms
step:1548/3250 train_time:506.908s step_avg:327.46ms
step:1549/3250 train_time:507.216s step_avg:327.45ms
step:1550/3250 train_time:507.521s step_avg:327.43ms
step:1551/3250 train_time:507.827s step_avg:327.42ms
step:1552/3250 train_time:508.136s step_avg:327.41ms
step:1553/3250 train_time:508.444s step_avg:327.39ms
step:1554/3250 train_time:508.754s step_avg:327.38ms
step:1555/3250 train_time:509.063s step_avg:327.37ms
step:1556/3250 train_time:509.369s step_avg:327.36ms
step:1557/3250 train_time:509.678s step_avg:327.35ms
step:1558/3250 train_time:509.986s step_avg:327.33ms
step:1559/3250 train_time:510.299s step_avg:327.32ms
step:1560/3250 train_time:510.607s step_avg:327.31ms
step:1561/3250 train_time:510.915s step_avg:327.30ms
step:1562/3250 train_time:511.223s step_avg:327.29ms
step:1563/3250 train_time:511.528s step_avg:327.27ms
step:1564/3250 train_time:511.838s step_avg:327.26ms
step:1565/3250 train_time:512.144s step_avg:327.25ms
step:1566/3250 train_time:512.452s step_avg:327.24ms
step:1567/3250 train_time:512.760s step_avg:327.22ms
step:1568/3250 train_time:513.068s step_avg:327.21ms
step:1569/3250 train_time:513.376s step_avg:327.20ms
step:1570/3250 train_time:513.683s step_avg:327.19ms
step:1571/3250 train_time:513.987s step_avg:327.17ms
step:1572/3250 train_time:514.296s step_avg:327.16ms
step:1573/3250 train_time:514.604s step_avg:327.15ms
step:1574/3250 train_time:514.912s step_avg:327.14ms
step:1575/3250 train_time:515.220s step_avg:327.12ms
step:1576/3250 train_time:515.527s step_avg:327.11ms
step:1577/3250 train_time:515.838s step_avg:327.10ms
step:1578/3250 train_time:516.146s step_avg:327.09ms
step:1579/3250 train_time:516.456s step_avg:327.08ms
step:1580/3250 train_time:516.763s step_avg:327.07ms
step:1581/3250 train_time:517.069s step_avg:327.05ms
step:1582/3250 train_time:517.377s step_avg:327.04ms
step:1583/3250 train_time:517.684s step_avg:327.03ms
step:1584/3250 train_time:517.990s step_avg:327.01ms
step:1585/3250 train_time:518.297s step_avg:327.00ms
step:1586/3250 train_time:518.613s step_avg:326.99ms
step:1587/3250 train_time:518.922s step_avg:326.98ms
step:1588/3250 train_time:519.231s step_avg:326.97ms
step:1589/3250 train_time:519.539s step_avg:326.96ms
step:1590/3250 train_time:519.846s step_avg:326.95ms
step:1591/3250 train_time:520.153s step_avg:326.93ms
step:1592/3250 train_time:520.461s step_avg:326.92ms
step:1593/3250 train_time:520.768s step_avg:326.91ms
step:1594/3250 train_time:521.076s step_avg:326.90ms
step:1595/3250 train_time:521.383s step_avg:326.89ms
step:1596/3250 train_time:521.688s step_avg:326.87ms
step:1597/3250 train_time:521.998s step_avg:326.86ms
step:1598/3250 train_time:522.306s step_avg:326.85ms
step:1599/3250 train_time:522.617s step_avg:326.84ms
step:1600/3250 train_time:522.924s step_avg:326.83ms
step:1601/3250 train_time:523.231s step_avg:326.82ms
step:1602/3250 train_time:523.537s step_avg:326.80ms
step:1603/3250 train_time:523.845s step_avg:326.79ms
step:1604/3250 train_time:524.155s step_avg:326.78ms
step:1605/3250 train_time:524.461s step_avg:326.77ms
step:1606/3250 train_time:524.768s step_avg:326.75ms
step:1607/3250 train_time:525.077s step_avg:326.74ms
step:1608/3250 train_time:525.384s step_avg:326.73ms
step:1609/3250 train_time:525.692s step_avg:326.72ms
step:1610/3250 train_time:525.999s step_avg:326.71ms
step:1611/3250 train_time:526.306s step_avg:326.70ms
step:1612/3250 train_time:526.614s step_avg:326.68ms
step:1613/3250 train_time:526.923s step_avg:326.67ms
step:1614/3250 train_time:527.232s step_avg:326.66ms
step:1615/3250 train_time:527.545s step_avg:326.65ms
step:1616/3250 train_time:527.852s step_avg:326.64ms
step:1617/3250 train_time:528.159s step_avg:326.63ms
step:1618/3250 train_time:528.467s step_avg:326.62ms
step:1619/3250 train_time:528.775s step_avg:326.61ms
step:1620/3250 train_time:529.081s step_avg:326.59ms
step:1621/3250 train_time:529.386s step_avg:326.58ms
step:1622/3250 train_time:529.700s step_avg:326.57ms
step:1623/3250 train_time:530.010s step_avg:326.56ms
step:1624/3250 train_time:530.322s step_avg:326.55ms
step:1625/3250 train_time:530.630s step_avg:326.54ms
step:1625/3250 val_loss:3.51197 train_time:530.630s step_avg:308.26ms
probe_ema: n=84934656 align=-0.27692,-0.24310,-0.21217,-0.18036 rel_mse=1.04602,1.02445,1.01277,1.00647
step:1626/3250 train_time:530.942s step_avg:326.53ms
step:1627/3250 train_time:531.262s step_avg:326.53ms
step:1628/3250 train_time:531.568s step_avg:326.52ms
step:1629/3250 train_time:531.877s step_avg:326.51ms
step:1630/3250 train_time:532.186s step_avg:326.49ms
step:1631/3250 train_time:532.496s step_avg:326.48ms
step:1632/3250 train_time:532.808s step_avg:326.48ms
step:1633/3250 train_time:533.116s step_avg:326.46ms
step:1634/3250 train_time:533.426s step_avg:326.45ms
step:1635/3250 train_time:533.733s step_avg:326.44ms
step:1636/3250 train_time:534.041s step_avg:326.43ms
step:1637/3250 train_time:534.349s step_avg:326.42ms
step:1638/3250 train_time:534.655s step_avg:326.41ms
step:1639/3250 train_time:534.964s step_avg:326.40ms
step:1640/3250 train_time:535.269s step_avg:326.38ms
step:1641/3250 train_time:535.576s step_avg:326.37ms
step:1642/3250 train_time:535.885s step_avg:326.36ms
step:1643/3250 train_time:536.192s step_avg:326.35ms
step:1644/3250 train_time:536.499s step_avg:326.34ms
step:1645/3250 train_time:536.804s step_avg:326.32ms
step:1646/3250 train_time:537.109s step_avg:326.31ms
step:1647/3250 train_time:537.414s step_avg:326.30ms
step:1648/3250 train_time:537.725s step_avg:326.29ms
step:1649/3250 train_time:538.031s step_avg:326.28ms
step:1650/3250 train_time:538.338s step_avg:326.27ms
step:1651/3250 train_time:538.647s step_avg:326.26ms
step:1652/3250 train_time:538.956s step_avg:326.24ms
step:1653/3250 train_time:539.266s step_avg:326.23ms
step:1654/3250 train_time:539.572s step_avg:326.22ms
step:1655/3250 train_time:539.879s step_avg:326.21ms
step:1656/3250 train_time:540.187s step_avg:326.20ms
step:1657/3250 train_time:540.496s step_avg:326.19ms
step:1658/3250 train_time:540.807s step_avg:326.18ms
step:1659/3250 train_time:541.114s step_avg:326.17ms
step:1660/3250 train_time:541.422s step_avg:326.16ms
step:1661/3250 train_time:541.728s step_avg:326.15ms
step:1662/3250 train_time:542.035s step_avg:326.13ms
step:1663/3250 train_time:542.343s step_avg:326.12ms
step:1664/3250 train_time:542.650s step_avg:326.11ms
step:1665/3250 train_time:542.958s step_avg:326.10ms
step:1666/3250 train_time:543.266s step_avg:326.09ms
step:1667/3250 train_time:543.574s step_avg:326.08ms
step:1668/3250 train_time:543.885s step_avg:326.07ms
step:1669/3250 train_time:544.195s step_avg:326.06ms
step:1670/3250 train_time:544.504s step_avg:326.05ms
step:1671/3250 train_time:544.810s step_avg:326.04ms
step:1672/3250 train_time:545.117s step_avg:326.03ms
step:1673/3250 train_time:545.427s step_avg:326.02ms
step:1674/3250 train_time:545.735s step_avg:326.01ms
step:1675/3250 train_time:546.044s step_avg:326.00ms
step:1676/3250 train_time:546.350s step_avg:325.98ms
step:1677/3250 train_time:546.656s step_avg:325.97ms
step:1678/3250 train_time:546.965s step_avg:325.96ms
step:1679/3250 train_time:547.274s step_avg:325.95ms
step:1680/3250 train_time:547.583s step_avg:325.94ms
step:1681/3250 train_time:547.890s step_avg:325.93ms
step:1682/3250 train_time:548.196s step_avg:325.92ms
step:1683/3250 train_time:548.504s step_avg:325.91ms
step:1684/3250 train_time:548.810s step_avg:325.90ms
step:1685/3250 train_time:549.119s step_avg:325.89ms
step:1686/3250 train_time:549.428s step_avg:325.88ms
step:1687/3250 train_time:549.735s step_avg:325.87ms
step:1688/3250 train_time:550.053s step_avg:325.86ms
step:1689/3250 train_time:550.360s step_avg:325.85ms
step:1690/3250 train_time:550.668s step_avg:325.84ms
step:1691/3250 train_time:550.977s step_avg:325.83ms
step:1692/3250 train_time:551.287s step_avg:325.82ms
step:1693/3250 train_time:551.594s step_avg:325.81ms
step:1694/3250 train_time:551.899s step_avg:325.80ms
step:1695/3250 train_time:552.206s step_avg:325.79ms
step:1696/3250 train_time:552.518s step_avg:325.78ms
step:1697/3250 train_time:552.829s step_avg:325.77ms
step:1698/3250 train_time:553.134s step_avg:325.76ms
step:1699/3250 train_time:553.442s step_avg:325.75ms
step:1700/3250 train_time:553.748s step_avg:325.73ms
step:1701/3250 train_time:554.061s step_avg:325.73ms
step:1702/3250 train_time:554.375s step_avg:325.72ms
step:1703/3250 train_time:554.684s step_avg:325.71ms
step:1704/3250 train_time:554.991s step_avg:325.70ms
step:1705/3250 train_time:555.298s step_avg:325.69ms
step:1706/3250 train_time:555.606s step_avg:325.68ms
step:1707/3250 train_time:555.918s step_avg:325.67ms
step:1708/3250 train_time:556.228s step_avg:325.66ms
step:1709/3250 train_time:556.537s step_avg:325.65ms
step:1710/3250 train_time:556.845s step_avg:325.64ms
step:1711/3250 train_time:557.186s step_avg:325.65ms
step:1712/3250 train_time:557.492s step_avg:325.64ms
step:1713/3250 train_time:557.799s step_avg:325.63ms
step:1714/3250 train_time:558.105s step_avg:325.62ms
step:1715/3250 train_time:558.411s step_avg:325.60ms
step:1716/3250 train_time:558.717s step_avg:325.59ms
step:1717/3250 train_time:559.028s step_avg:325.58ms
step:1718/3250 train_time:559.340s step_avg:325.58ms
step:1719/3250 train_time:559.647s step_avg:325.57ms
step:1720/3250 train_time:559.953s step_avg:325.55ms
step:1721/3250 train_time:560.263s step_avg:325.55ms
step:1722/3250 train_time:560.571s step_avg:325.53ms
step:1723/3250 train_time:560.878s step_avg:325.52ms
step:1724/3250 train_time:561.188s step_avg:325.51ms
step:1725/3250 train_time:561.495s step_avg:325.50ms
step:1726/3250 train_time:561.803s step_avg:325.49ms
step:1727/3250 train_time:562.108s step_avg:325.48ms
step:1728/3250 train_time:562.415s step_avg:325.47ms
step:1729/3250 train_time:562.724s step_avg:325.46ms
step:1730/3250 train_time:563.030s step_avg:325.45ms
step:1731/3250 train_time:563.337s step_avg:325.44ms
step:1732/3250 train_time:563.644s step_avg:325.43ms
step:1733/3250 train_time:563.951s step_avg:325.42ms
step:1734/3250 train_time:564.258s step_avg:325.41ms
step:1735/3250 train_time:564.566s step_avg:325.40ms
step:1736/3250 train_time:564.873s step_avg:325.39ms
step:1737/3250 train_time:565.183s step_avg:325.38ms
step:1738/3250 train_time:565.491s step_avg:325.37ms
step:1739/3250 train_time:565.798s step_avg:325.36ms
step:1740/3250 train_time:566.108s step_avg:325.35ms
step:1741/3250 train_time:566.414s step_avg:325.34ms
step:1742/3250 train_time:566.723s step_avg:325.33ms
step:1743/3250 train_time:567.029s step_avg:325.32ms
step:1744/3250 train_time:567.336s step_avg:325.31ms
step:1745/3250 train_time:567.643s step_avg:325.30ms
step:1746/3250 train_time:567.949s step_avg:325.29ms
step:1747/3250 train_time:568.254s step_avg:325.27ms
step:1748/3250 train_time:568.562s step_avg:325.26ms
step:1749/3250 train_time:568.867s step_avg:325.25ms
step:1750/3250 train_time:569.176s step_avg:325.24ms
step:1750/3250 val_loss:3.48870 train_time:569.176s step_avg:308.36ms
probe_ema: n=84934656 align=-0.33940,-0.29925,-0.26168,-0.22264 rel_mse=1.06423,1.03398,1.01763,1.00893
step:1751/3250 train_time:569.488s step_avg:325.24ms
step:1752/3250 train_time:569.795s step_avg:325.23ms
step:1753/3250 train_time:570.100s step_avg:325.21ms
step:1754/3250 train_time:570.409s step_avg:325.20ms
step:1755/3250 train_time:570.715s step_avg:325.19ms
step:1756/3250 train_time:571.022s step_avg:325.18ms
step:1757/3250 train_time:571.330s step_avg:325.17ms
step:1758/3250 train_time:571.636s step_avg:325.16ms
step:1759/3250 train_time:571.943s step_avg:325.15ms
step:1760/3250 train_time:572.251s step_avg:325.14ms
step:1761/3250 train_time:572.557s step_avg:325.13ms
step:1762/3250 train_time:572.866s step_avg:325.12ms
step:1763/3250 train_time:573.173s step_avg:325.11ms
step:1764/3250 train_time:573.481s step_avg:325.10ms
step:1765/3250 train_time:573.792s step_avg:325.09ms
step:1766/3250 train_time:574.098s step_avg:325.08ms
step:1767/3250 train_time:574.405s step_avg:325.07ms
step:1768/3250 train_time:574.713s step_avg:325.06ms
step:1769/3250 train_time:575.020s step_avg:325.05ms
step:1770/3250 train_time:575.330s step_avg:325.04ms
step:1771/3250 train_time:575.635s step_avg:325.03ms
step:1772/3250 train_time:575.942s step_avg:325.02ms
step:1773/3250 train_time:576.252s step_avg:325.02ms
step:1774/3250 train_time:576.558s step_avg:325.00ms
step:1775/3250 train_time:576.865s step_avg:324.99ms
step:1776/3250 train_time:577.173s step_avg:324.98ms
step:1777/3250 train_time:577.478s step_avg:324.97ms
step:1778/3250 train_time:577.783s step_avg:324.96ms
step:1779/3250 train_time:578.093s step_avg:324.95ms
step:1780/3250 train_time:578.401s step_avg:324.94ms
step:1781/3250 train_time:578.710s step_avg:324.94ms
step:1782/3250 train_time:579.016s step_avg:324.92ms
step:1783/3250 train_time:579.325s step_avg:324.92ms
step:1784/3250 train_time:579.635s step_avg:324.91ms
step:1785/3250 train_time:579.942s step_avg:324.90ms
step:1786/3250 train_time:580.252s step_avg:324.89ms
step:1787/3250 train_time:580.560s step_avg:324.88ms
step:1788/3250 train_time:580.867s step_avg:324.87ms
step:1789/3250 train_time:581.173s step_avg:324.86ms
step:1790/3250 train_time:581.481s step_avg:324.85ms
step:1791/3250 train_time:581.791s step_avg:324.84ms
step:1792/3250 train_time:582.099s step_avg:324.83ms
step:1793/3250 train_time:582.406s step_avg:324.82ms
step:1794/3250 train_time:582.713s step_avg:324.81ms
step:1795/3250 train_time:583.020s step_avg:324.80ms
step:1796/3250 train_time:583.329s step_avg:324.79ms
step:1797/3250 train_time:583.636s step_avg:324.78ms
step:1798/3250 train_time:583.943s step_avg:324.77ms
step:1799/3250 train_time:584.252s step_avg:324.76ms
step:1800/3250 train_time:584.559s step_avg:324.76ms
step:1801/3250 train_time:584.865s step_avg:324.74ms
step:1802/3250 train_time:585.172s step_avg:324.73ms
step:1803/3250 train_time:585.481s step_avg:324.73ms
step:1804/3250 train_time:585.793s step_avg:324.72ms
step:1805/3250 train_time:586.100s step_avg:324.71ms
step:1806/3250 train_time:586.411s step_avg:324.70ms
step:1807/3250 train_time:586.717s step_avg:324.69ms
step:1808/3250 train_time:587.024s step_avg:324.68ms
step:1809/3250 train_time:587.332s step_avg:324.67ms
step:1810/3250 train_time:587.639s step_avg:324.66ms
step:1811/3250 train_time:587.949s step_avg:324.65ms
step:1812/3250 train_time:588.255s step_avg:324.64ms
step:1813/3250 train_time:588.562s step_avg:324.63ms
step:1814/3250 train_time:588.870s step_avg:324.63ms
step:1815/3250 train_time:589.177s step_avg:324.62ms
step:1816/3250 train_time:589.483s step_avg:324.60ms
step:1817/3250 train_time:589.793s step_avg:324.60ms
step:1818/3250 train_time:590.101s step_avg:324.59ms
step:1819/3250 train_time:590.412s step_avg:324.58ms
step:1820/3250 train_time:590.720s step_avg:324.57ms
step:1821/3250 train_time:591.028s step_avg:324.56ms
step:1822/3250 train_time:591.334s step_avg:324.55ms
step:1823/3250 train_time:591.640s step_avg:324.54ms
step:1824/3250 train_time:591.949s step_avg:324.53ms
step:1825/3250 train_time:592.257s step_avg:324.52ms
step:1826/3250 train_time:592.562s step_avg:324.51ms
step:1827/3250 train_time:592.871s step_avg:324.51ms
step:1828/3250 train_time:593.177s step_avg:324.50ms
step:1829/3250 train_time:593.483s step_avg:324.48ms
step:1830/3250 train_time:593.790s step_avg:324.48ms
step:1831/3250 train_time:594.099s step_avg:324.47ms
step:1832/3250 train_time:594.406s step_avg:324.46ms
step:1833/3250 train_time:594.713s step_avg:324.45ms
step:1834/3250 train_time:595.020s step_avg:324.44ms
step:1835/3250 train_time:595.327s step_avg:324.43ms
step:1836/3250 train_time:595.634s step_avg:324.42ms
step:1837/3250 train_time:595.940s step_avg:324.41ms
step:1838/3250 train_time:596.250s step_avg:324.40ms
step:1839/3250 train_time:596.556s step_avg:324.39ms
step:1840/3250 train_time:596.863s step_avg:324.38ms
step:1841/3250 train_time:597.171s step_avg:324.37ms
step:1842/3250 train_time:597.476s step_avg:324.36ms
step:1843/3250 train_time:597.783s step_avg:324.35ms
step:1844/3250 train_time:598.089s step_avg:324.34ms
step:1845/3250 train_time:598.394s step_avg:324.33ms
step:1846/3250 train_time:598.700s step_avg:324.32ms
step:1847/3250 train_time:599.008s step_avg:324.31ms
step:1848/3250 train_time:599.314s step_avg:324.30ms
step:1849/3250 train_time:599.622s step_avg:324.30ms
step:1850/3250 train_time:599.931s step_avg:324.29ms
step:1851/3250 train_time:600.237s step_avg:324.28ms
step:1852/3250 train_time:600.546s step_avg:324.27ms
step:1853/3250 train_time:600.852s step_avg:324.26ms
step:1854/3250 train_time:601.159s step_avg:324.25ms
step:1855/3250 train_time:601.467s step_avg:324.24ms
step:1856/3250 train_time:601.775s step_avg:324.23ms
step:1857/3250 train_time:602.083s step_avg:324.22ms
step:1858/3250 train_time:602.391s step_avg:324.21ms
step:1859/3250 train_time:602.698s step_avg:324.21ms
step:1860/3250 train_time:603.006s step_avg:324.20ms
step:1861/3250 train_time:603.314s step_avg:324.19ms
step:1862/3250 train_time:603.620s step_avg:324.18ms
step:1863/3250 train_time:603.927s step_avg:324.17ms
step:1864/3250 train_time:604.234s step_avg:324.16ms
step:1865/3250 train_time:604.540s step_avg:324.15ms
step:1866/3250 train_time:604.851s step_avg:324.14ms
step:1867/3250 train_time:605.160s step_avg:324.13ms
step:1868/3250 train_time:605.466s step_avg:324.13ms
step:1869/3250 train_time:605.774s step_avg:324.12ms
step:1870/3250 train_time:606.084s step_avg:324.11ms
step:1871/3250 train_time:606.393s step_avg:324.10ms
step:1872/3250 train_time:606.700s step_avg:324.09ms
step:1873/3250 train_time:607.010s step_avg:324.08ms
step:1874/3250 train_time:607.317s step_avg:324.08ms
step:1875/3250 train_time:607.624s step_avg:324.07ms
step:1875/3250 val_loss:3.46703 train_time:607.624s step_avg:307.58ms
probe_ema: n=84934656 align=-0.30750,-0.26988,-0.23734,-0.20645 rel_mse=1.05953,1.03160,1.01652,1.00852
step:1876/3250 train_time:607.933s step_avg:324.06ms
step:1877/3250 train_time:608.243s step_avg:324.05ms
step:1878/3250 train_time:608.551s step_avg:324.04ms
step:1879/3250 train_time:608.860s step_avg:324.03ms
step:1880/3250 train_time:609.167s step_avg:324.02ms
step:1881/3250 train_time:609.475s step_avg:324.02ms
step:1882/3250 train_time:609.785s step_avg:324.01ms
step:1883/3250 train_time:610.094s step_avg:324.00ms
step:1884/3250 train_time:610.404s step_avg:323.99ms
step:1885/3250 train_time:610.710s step_avg:323.98ms
step:1886/3250 train_time:611.020s step_avg:323.98ms
step:1887/3250 train_time:611.327s step_avg:323.97ms
step:1888/3250 train_time:611.634s step_avg:323.96ms
step:1889/3250 train_time:611.951s step_avg:323.96ms
step:1890/3250 train_time:612.258s step_avg:323.95ms
step:1891/3250 train_time:612.563s step_avg:323.94ms
step:1892/3250 train_time:612.869s step_avg:323.93ms
step:1893/3250 train_time:613.176s step_avg:323.92ms
step:1894/3250 train_time:613.482s step_avg:323.91ms
step:1895/3250 train_time:613.788s step_avg:323.90ms
step:1896/3250 train_time:614.095s step_avg:323.89ms
step:1897/3250 train_time:614.403s step_avg:323.88ms
step:1898/3250 train_time:614.710s step_avg:323.87ms
step:1899/3250 train_time:615.023s step_avg:323.87ms
step:1900/3250 train_time:615.331s step_avg:323.86ms
step:1901/3250 train_time:615.670s step_avg:323.87ms
step:1902/3250 train_time:615.976s step_avg:323.86ms
step:1903/3250 train_time:616.283s step_avg:323.85ms
step:1904/3250 train_time:616.590s step_avg:323.84ms
step:1905/3250 train_time:616.896s step_avg:323.83ms
step:1906/3250 train_time:617.203s step_avg:323.82ms
step:1907/3250 train_time:617.508s step_avg:323.81ms
step:1908/3250 train_time:617.816s step_avg:323.80ms
step:1909/3250 train_time:618.123s step_avg:323.79ms
step:1910/3250 train_time:618.429s step_avg:323.78ms
step:1911/3250 train_time:618.737s step_avg:323.78ms
step:1912/3250 train_time:619.055s step_avg:323.77ms
step:1913/3250 train_time:619.362s step_avg:323.76ms
step:1914/3250 train_time:619.671s step_avg:323.76ms
step:1915/3250 train_time:619.983s step_avg:323.75ms
step:1916/3250 train_time:620.290s step_avg:323.74ms
step:1917/3250 train_time:620.596s step_avg:323.73ms
step:1918/3250 train_time:620.903s step_avg:323.72ms
step:1919/3250 train_time:621.209s step_avg:323.72ms
step:1920/3250 train_time:621.520s step_avg:323.71ms
step:1921/3250 train_time:621.827s step_avg:323.70ms
step:1922/3250 train_time:622.137s step_avg:323.69ms
step:1923/3250 train_time:622.443s step_avg:323.68ms
step:1924/3250 train_time:622.753s step_avg:323.68ms
step:1925/3250 train_time:623.061s step_avg:323.67ms
step:1926/3250 train_time:623.369s step_avg:323.66ms
step:1927/3250 train_time:623.674s step_avg:323.65ms
step:1928/3250 train_time:623.980s step_avg:323.64ms
step:1929/3250 train_time:624.286s step_avg:323.63ms
step:1930/3250 train_time:624.593s step_avg:323.62ms
step:1931/3250 train_time:624.901s step_avg:323.62ms
step:1932/3250 train_time:625.208s step_avg:323.61ms
step:1933/3250 train_time:625.519s step_avg:323.60ms
step:1934/3250 train_time:625.825s step_avg:323.59ms
step:1935/3250 train_time:626.133s step_avg:323.58ms
step:1936/3250 train_time:626.443s step_avg:323.58ms
step:1937/3250 train_time:626.751s step_avg:323.57ms
step:1938/3250 train_time:627.060s step_avg:323.56ms
step:1939/3250 train_time:627.365s step_avg:323.55ms
step:1940/3250 train_time:627.670s step_avg:323.54ms
step:1941/3250 train_time:627.985s step_avg:323.54ms
step:1942/3250 train_time:628.292s step_avg:323.53ms
step:1943/3250 train_time:628.602s step_avg:323.52ms
step:1944/3250 train_time:628.910s step_avg:323.51ms
step:1945/3250 train_time:629.218s step_avg:323.51ms
step:1946/3250 train_time:629.523s step_avg:323.50ms
step:1947/3250 train_time:629.830s step_avg:323.49ms
step:1948/3250 train_time:630.139s step_avg:323.48ms
step:1949/3250 train_time:630.445s step_avg:323.47ms
step:1950/3250 train_time:630.752s step_avg:323.46ms
step:1951/3250 train_time:631.061s step_avg:323.46ms
step:1952/3250 train_time:631.369s step_avg:323.45ms
step:1953/3250 train_time:631.679s step_avg:323.44ms
step:1954/3250 train_time:631.984s step_avg:323.43ms
step:1955/3250 train_time:632.294s step_avg:323.42ms
step:1956/3250 train_time:632.603s step_avg:323.42ms
step:1957/3250 train_time:632.913s step_avg:323.41ms
step:1958/3250 train_time:633.221s step_avg:323.40ms
step:1959/3250 train_time:633.530s step_avg:323.39ms
step:1960/3250 train_time:633.835s step_avg:323.39ms
step:1961/3250 train_time:634.143s step_avg:323.38ms
step:1962/3250 train_time:634.451s step_avg:323.37ms
step:1963/3250 train_time:634.759s step_avg:323.36ms
step:1964/3250 train_time:635.064s step_avg:323.35ms
step:1965/3250 train_time:635.372s step_avg:323.34ms
step:1966/3250 train_time:635.680s step_avg:323.34ms
step:1967/3250 train_time:635.990s step_avg:323.33ms
step:1968/3250 train_time:636.300s step_avg:323.32ms
step:1969/3250 train_time:636.606s step_avg:323.31ms
step:1970/3250 train_time:636.914s step_avg:323.31ms
step:1971/3250 train_time:637.224s step_avg:323.30ms
step:1972/3250 train_time:637.531s step_avg:323.29ms
step:1973/3250 train_time:637.842s step_avg:323.29ms
step:1974/3250 train_time:638.153s step_avg:323.28ms
step:1975/3250 train_time:638.462s step_avg:323.27ms
step:1976/3250 train_time:638.768s step_avg:323.26ms
step:1977/3250 train_time:639.073s step_avg:323.25ms
step:1978/3250 train_time:639.380s step_avg:323.25ms
step:1979/3250 train_time:639.688s step_avg:323.24ms
step:1980/3250 train_time:639.993s step_avg:323.23ms
step:1981/3250 train_time:640.302s step_avg:323.22ms
step:1982/3250 train_time:640.610s step_avg:323.21ms
step:1983/3250 train_time:640.917s step_avg:323.21ms
step:1984/3250 train_time:641.223s step_avg:323.20ms
step:1985/3250 train_time:641.531s step_avg:323.19ms
step:1986/3250 train_time:641.839s step_avg:323.18ms
step:1987/3250 train_time:642.144s step_avg:323.17ms
step:1988/3250 train_time:642.451s step_avg:323.16ms
step:1989/3250 train_time:642.758s step_avg:323.16ms
step:1990/3250 train_time:643.067s step_avg:323.15ms
step:1991/3250 train_time:643.376s step_avg:323.14ms
step:1992/3250 train_time:643.685s step_avg:323.14ms
step:1993/3250 train_time:643.993s step_avg:323.13ms
step:1994/3250 train_time:644.302s step_avg:323.12ms
step:1995/3250 train_time:644.608s step_avg:323.11ms
step:1996/3250 train_time:644.915s step_avg:323.10ms
step:1997/3250 train_time:645.225s step_avg:323.10ms
step:1998/3250 train_time:645.533s step_avg:323.09ms
step:1999/3250 train_time:645.844s step_avg:323.08ms
step:2000/3250 train_time:646.151s step_avg:323.08ms
step:2000/3250 val_loss:3.44644 train_time:646.152s step_avg:308.22ms
probe_ema: n=84934656 align=-0.28983,-0.25580,-0.22639,-0.19745 rel_mse=1.06294,1.03363,1.01766,1.00906
step:2001/3250 train_time:646.475s step_avg:323.08ms
step:2002/3250 train_time:646.780s step_avg:323.07ms
step:2003/3250 train_time:647.088s step_avg:323.06ms
step:2004/3250 train_time:647.395s step_avg:323.05ms
step:2005/3250 train_time:647.705s step_avg:323.05ms
step:2006/3250 train_time:648.010s step_avg:323.04ms
step:2007/3250 train_time:648.316s step_avg:323.03ms
step:2008/3250 train_time:648.624s step_avg:323.02ms
step:2009/3250 train_time:648.930s step_avg:323.01ms
step:2010/3250 train_time:649.236s step_avg:323.00ms
step:2011/3250 train_time:649.545s step_avg:323.00ms
step:2012/3250 train_time:649.850s step_avg:322.99ms
step:2013/3250 train_time:650.158s step_avg:322.98ms
step:2014/3250 train_time:650.469s step_avg:322.97ms
step:2015/3250 train_time:650.778s step_avg:322.97ms
step:2016/3250 train_time:651.087s step_avg:322.96ms
step:2017/3250 train_time:651.393s step_avg:322.95ms
step:2018/3250 train_time:651.700s step_avg:322.94ms
step:2019/3250 train_time:652.009s step_avg:322.94ms
step:2020/3250 train_time:652.317s step_avg:322.93ms
step:2021/3250 train_time:652.626s step_avg:322.92ms
step:2022/3250 train_time:652.933s step_avg:322.91ms
step:2023/3250 train_time:653.240s step_avg:322.91ms
step:2024/3250 train_time:653.548s step_avg:322.90ms
step:2025/3250 train_time:653.853s step_avg:322.89ms
step:2026/3250 train_time:654.160s step_avg:322.88ms
step:2027/3250 train_time:654.468s step_avg:322.88ms
step:2028/3250 train_time:654.777s step_avg:322.87ms
step:2029/3250 train_time:655.086s step_avg:322.86ms
step:2030/3250 train_time:655.391s step_avg:322.85ms
step:2031/3250 train_time:655.696s step_avg:322.84ms
step:2032/3250 train_time:656.005s step_avg:322.84ms
step:2033/3250 train_time:656.311s step_avg:322.83ms
step:2034/3250 train_time:656.617s step_avg:322.82ms
step:2035/3250 train_time:656.927s step_avg:322.81ms
step:2036/3250 train_time:657.235s step_avg:322.81ms
step:2037/3250 train_time:657.540s step_avg:322.80ms
step:2038/3250 train_time:657.848s step_avg:322.79ms
step:2039/3250 train_time:658.156s step_avg:322.78ms
step:2040/3250 train_time:658.466s step_avg:322.78ms
step:2041/3250 train_time:658.774s step_avg:322.77ms
step:2042/3250 train_time:659.080s step_avg:322.76ms
step:2043/3250 train_time:659.388s step_avg:322.75ms
step:2044/3250 train_time:659.695s step_avg:322.75ms
step:2045/3250 train_time:660.002s step_avg:322.74ms
step:2046/3250 train_time:660.308s step_avg:322.73ms
step:2047/3250 train_time:660.615s step_avg:322.72ms
step:2048/3250 train_time:660.922s step_avg:322.72ms
step:2049/3250 train_time:661.228s step_avg:322.71ms
step:2050/3250 train_time:661.536s step_avg:322.70ms
step:2051/3250 train_time:661.844s step_avg:322.69ms
step:2052/3250 train_time:662.150s step_avg:322.69ms
step:2053/3250 train_time:662.456s step_avg:322.68ms
step:2054/3250 train_time:662.765s step_avg:322.67ms
step:2055/3250 train_time:663.071s step_avg:322.66ms
step:2056/3250 train_time:663.377s step_avg:322.65ms
step:2057/3250 train_time:663.685s step_avg:322.65ms
step:2058/3250 train_time:663.992s step_avg:322.64ms
step:2059/3250 train_time:664.301s step_avg:322.63ms
step:2060/3250 train_time:664.611s step_avg:322.63ms
step:2061/3250 train_time:664.918s step_avg:322.62ms
step:2062/3250 train_time:665.225s step_avg:322.61ms
step:2063/3250 train_time:665.530s step_avg:322.60ms
step:2064/3250 train_time:665.838s step_avg:322.60ms
step:2065/3250 train_time:666.148s step_avg:322.59ms
step:2066/3250 train_time:666.455s step_avg:322.58ms
step:2067/3250 train_time:666.765s step_avg:322.58ms
step:2068/3250 train_time:667.071s step_avg:322.57ms
step:2069/3250 train_time:667.379s step_avg:322.56ms
step:2070/3250 train_time:667.687s step_avg:322.55ms
step:2071/3250 train_time:667.993s step_avg:322.55ms
step:2072/3250 train_time:668.299s step_avg:322.54ms
step:2073/3250 train_time:668.608s step_avg:322.53ms
step:2074/3250 train_time:668.915s step_avg:322.52ms
step:2075/3250 train_time:669.221s step_avg:322.52ms
step:2076/3250 train_time:669.525s step_avg:322.51ms
step:2077/3250 train_time:669.830s step_avg:322.50ms
step:2078/3250 train_time:670.137s step_avg:322.49ms
step:2079/3250 train_time:670.446s step_avg:322.48ms
step:2080/3250 train_time:670.753s step_avg:322.48ms
step:2081/3250 train_time:671.063s step_avg:322.47ms
step:2082/3250 train_time:671.371s step_avg:322.46ms
step:2083/3250 train_time:671.677s step_avg:322.46ms
step:2084/3250 train_time:671.984s step_avg:322.45ms
step:2085/3250 train_time:672.298s step_avg:322.44ms
step:2086/3250 train_time:672.609s step_avg:322.44ms
step:2087/3250 train_time:672.917s step_avg:322.43ms
step:2088/3250 train_time:673.226s step_avg:322.43ms
step:2089/3250 train_time:673.534s step_avg:322.42ms
step:2090/3250 train_time:673.840s step_avg:322.41ms
step:2091/3250 train_time:674.183s step_avg:322.42ms
step:2092/3250 train_time:674.490s step_avg:322.41ms
step:2093/3250 train_time:674.801s step_avg:322.41ms
step:2094/3250 train_time:675.109s step_avg:322.40ms
step:2095/3250 train_time:675.415s step_avg:322.39ms
step:2096/3250 train_time:675.723s step_avg:322.39ms
step:2097/3250 train_time:676.030s step_avg:322.38ms
step:2098/3250 train_time:676.337s step_avg:322.37ms
step:2099/3250 train_time:676.653s step_avg:322.37ms
step:2100/3250 train_time:676.958s step_avg:322.36ms
step:2101/3250 train_time:677.267s step_avg:322.35ms
step:2102/3250 train_time:677.572s step_avg:322.35ms
step:2103/3250 train_time:677.878s step_avg:322.34ms
step:2104/3250 train_time:678.186s step_avg:322.33ms
step:2105/3250 train_time:678.490s step_avg:322.32ms
step:2106/3250 train_time:678.795s step_avg:322.32ms
step:2107/3250 train_time:679.101s step_avg:322.31ms
step:2108/3250 train_time:679.406s step_avg:322.30ms
step:2109/3250 train_time:679.711s step_avg:322.29ms
step:2110/3250 train_time:680.018s step_avg:322.28ms
step:2111/3250 train_time:680.325s step_avg:322.28ms
step:2112/3250 train_time:680.631s step_avg:322.27ms
step:2113/3250 train_time:680.938s step_avg:322.26ms
step:2114/3250 train_time:681.246s step_avg:322.25ms
step:2115/3250 train_time:681.552s step_avg:322.25ms
step:2116/3250 train_time:681.863s step_avg:322.24ms
step:2117/3250 train_time:682.171s step_avg:322.23ms
step:2118/3250 train_time:682.480s step_avg:322.23ms
step:2119/3250 train_time:682.788s step_avg:322.22ms
step:2120/3250 train_time:683.095s step_avg:322.21ms
step:2121/3250 train_time:683.402s step_avg:322.21ms
step:2122/3250 train_time:683.708s step_avg:322.20ms
step:2123/3250 train_time:684.014s step_avg:322.19ms
step:2124/3250 train_time:684.321s step_avg:322.19ms
step:2125/3250 train_time:684.630s step_avg:322.18ms
step:2125/3250 val_loss:3.42829 train_time:684.630s step_avg:307.83ms
probe_ema: n=84934656 align=-0.29539,-0.25952,-0.22727,-0.19518 rel_mse=1.06337,1.03379,1.01767,1.00901
step:2126/3250 train_time:684.943s step_avg:322.17ms
step:2127/3250 train_time:685.251s step_avg:322.17ms
step:2128/3250 train_time:685.557s step_avg:322.16ms
step:2129/3250 train_time:685.861s step_avg:322.15ms
step:2130/3250 train_time:686.168s step_avg:322.14ms
step:2131/3250 train_time:686.477s step_avg:322.14ms
step:2132/3250 train_time:686.784s step_avg:322.13ms
step:2133/3250 train_time:687.092s step_avg:322.12ms
step:2134/3250 train_time:687.401s step_avg:322.12ms
step:2135/3250 train_time:687.707s step_avg:322.11ms
step:2136/3250 train_time:688.018s step_avg:322.11ms
step:2137/3250 train_time:688.324s step_avg:322.10ms
step:2138/3250 train_time:688.631s step_avg:322.09ms
step:2139/3250 train_time:688.938s step_avg:322.08ms
step:2140/3250 train_time:689.245s step_avg:322.08ms
step:2141/3250 train_time:689.553s step_avg:322.07ms
step:2142/3250 train_time:689.858s step_avg:322.06ms
step:2143/3250 train_time:690.165s step_avg:322.06ms
step:2144/3250 train_time:690.472s step_avg:322.05ms
step:2145/3250 train_time:690.778s step_avg:322.04ms
step:2146/3250 train_time:691.086s step_avg:322.03ms
step:2147/3250 train_time:691.398s step_avg:322.03ms
step:2148/3250 train_time:691.704s step_avg:322.02ms
step:2149/3250 train_time:692.013s step_avg:322.02ms
step:2150/3250 train_time:692.320s step_avg:322.01ms
step:2151/3250 train_time:692.626s step_avg:322.00ms
step:2152/3250 train_time:692.934s step_avg:322.00ms
step:2153/3250 train_time:693.241s step_avg:321.99ms
step:2154/3250 train_time:693.550s step_avg:321.98ms
step:2155/3250 train_time:693.858s step_avg:321.98ms
step:2156/3250 train_time:694.165s step_avg:321.97ms
step:2157/3250 train_time:694.473s step_avg:321.96ms
step:2158/3250 train_time:694.778s step_avg:321.95ms
step:2159/3250 train_time:695.084s step_avg:321.95ms
step:2160/3250 train_time:695.389s step_avg:321.94ms
step:2161/3250 train_time:695.697s step_avg:321.93ms
step:2162/3250 train_time:696.002s step_avg:321.93ms
step:2163/3250 train_time:696.308s step_avg:321.92ms
step:2164/3250 train_time:696.616s step_avg:321.91ms
step:2165/3250 train_time:696.920s step_avg:321.90ms
step:2166/3250 train_time:697.227s step_avg:321.90ms
step:2167/3250 train_time:697.535s step_avg:321.89ms
step:2168/3250 train_time:697.840s step_avg:321.88ms
step:2169/3250 train_time:698.145s step_avg:321.87ms
step:2170/3250 train_time:698.453s step_avg:321.87ms
step:2171/3250 train_time:698.762s step_avg:321.86ms
step:2172/3250 train_time:699.072s step_avg:321.86ms
step:2173/3250 train_time:699.379s step_avg:321.85ms
step:2174/3250 train_time:699.687s step_avg:321.84ms
step:2175/3250 train_time:699.997s step_avg:321.84ms
step:2176/3250 train_time:700.303s step_avg:321.83ms
step:2177/3250 train_time:700.609s step_avg:321.82ms
step:2178/3250 train_time:700.915s step_avg:321.82ms
step:2179/3250 train_time:701.222s step_avg:321.81ms
step:2180/3250 train_time:701.532s step_avg:321.80ms
step:2181/3250 train_time:701.840s step_avg:321.80ms
step:2182/3250 train_time:702.146s step_avg:321.79ms
step:2183/3250 train_time:702.453s step_avg:321.78ms
step:2184/3250 train_time:702.758s step_avg:321.78ms
step:2185/3250 train_time:703.064s step_avg:321.77ms
step:2186/3250 train_time:703.371s step_avg:321.76ms
step:2187/3250 train_time:703.680s step_avg:321.76ms
step:2188/3250 train_time:703.991s step_avg:321.75ms
step:2189/3250 train_time:704.298s step_avg:321.74ms
step:2190/3250 train_time:704.604s step_avg:321.74ms
step:2191/3250 train_time:704.910s step_avg:321.73ms
step:2192/3250 train_time:705.217s step_avg:321.72ms
step:2193/3250 train_time:705.524s step_avg:321.72ms
step:2194/3250 train_time:705.836s step_avg:321.71ms
step:2195/3250 train_time:706.144s step_avg:321.71ms
step:2196/3250 train_time:706.452s step_avg:321.70ms
step:2197/3250 train_time:706.758s step_avg:321.69ms
step:2198/3250 train_time:707.064s step_avg:321.68ms
step:2199/3250 train_time:707.371s step_avg:321.68ms
step:2200/3250 train_time:707.678s step_avg:321.67ms
step:2201/3250 train_time:707.985s step_avg:321.67ms
step:2202/3250 train_time:708.293s step_avg:321.66ms
step:2203/3250 train_time:708.602s step_avg:321.65ms
step:2204/3250 train_time:708.909s step_avg:321.65ms
step:2205/3250 train_time:709.216s step_avg:321.64ms
step:2206/3250 train_time:709.521s step_avg:321.63ms
step:2207/3250 train_time:709.832s step_avg:321.63ms
step:2208/3250 train_time:710.138s step_avg:321.62ms
step:2209/3250 train_time:710.446s step_avg:321.61ms
step:2210/3250 train_time:710.756s step_avg:321.61ms
step:2211/3250 train_time:711.062s step_avg:321.60ms
step:2212/3250 train_time:711.368s step_avg:321.59ms
step:2213/3250 train_time:711.676s step_avg:321.59ms
step:2214/3250 train_time:711.985s step_avg:321.58ms
step:2215/3250 train_time:712.300s step_avg:321.58ms
step:2216/3250 train_time:712.608s step_avg:321.57ms
step:2217/3250 train_time:712.915s step_avg:321.57ms
step:2218/3250 train_time:713.221s step_avg:321.56ms
step:2219/3250 train_time:713.526s step_avg:321.55ms
step:2220/3250 train_time:713.835s step_avg:321.55ms
step:2221/3250 train_time:714.141s step_avg:321.54ms
step:2222/3250 train_time:714.447s step_avg:321.53ms
step:2223/3250 train_time:714.756s step_avg:321.53ms
step:2224/3250 train_time:715.062s step_avg:321.52ms
step:2225/3250 train_time:715.371s step_avg:321.51ms
step:2226/3250 train_time:715.680s step_avg:321.51ms
step:2227/3250 train_time:715.986s step_avg:321.50ms
step:2228/3250 train_time:716.294s step_avg:321.50ms
step:2229/3250 train_time:716.600s step_avg:321.49ms
step:2230/3250 train_time:716.908s step_avg:321.48ms
step:2231/3250 train_time:717.216s step_avg:321.48ms
step:2232/3250 train_time:717.521s step_avg:321.47ms
step:2233/3250 train_time:717.827s step_avg:321.46ms
step:2234/3250 train_time:718.136s step_avg:321.46ms
step:2235/3250 train_time:718.445s step_avg:321.45ms
step:2236/3250 train_time:718.753s step_avg:321.45ms
step:2237/3250 train_time:719.066s step_avg:321.44ms
step:2238/3250 train_time:719.375s step_avg:321.44ms
step:2239/3250 train_time:719.681s step_avg:321.43ms
step:2240/3250 train_time:719.986s step_avg:321.42ms
step:2241/3250 train_time:720.295s step_avg:321.42ms
step:2242/3250 train_time:720.600s step_avg:321.41ms
step:2243/3250 train_time:720.912s step_avg:321.41ms
step:2244/3250 train_time:721.219s step_avg:321.40ms
step:2245/3250 train_time:721.527s step_avg:321.39ms
step:2246/3250 train_time:721.836s step_avg:321.39ms
step:2247/3250 train_time:722.141s step_avg:321.38ms
step:2248/3250 train_time:722.447s step_avg:321.37ms
step:2249/3250 train_time:722.754s step_avg:321.37ms
step:2250/3250 train_time:723.059s step_avg:321.36ms
step:2250/3250 val_loss:3.40924 train_time:723.059s step_avg:307.43ms
probe_ema: n=84934656 align=-0.24009,-0.21987,-0.20164,-0.18182 rel_mse=1.06301,1.03462,1.01877,1.00997
step:2251/3250 train_time:723.371s step_avg:321.36ms
step:2252/3250 train_time:723.679s step_avg:321.35ms
step:2253/3250 train_time:723.987s step_avg:321.34ms
step:2254/3250 train_time:724.294s step_avg:321.34ms
step:2255/3250 train_time:724.602s step_avg:321.33ms
step:2256/3250 train_time:724.910s step_avg:321.33ms
step:2257/3250 train_time:725.218s step_avg:321.32ms
step:2258/3250 train_time:725.527s step_avg:321.31ms
step:2259/3250 train_time:725.832s step_avg:321.31ms
step:2260/3250 train_time:726.138s step_avg:321.30ms
step:2261/3250 train_time:726.446s step_avg:321.29ms
step:2262/3250 train_time:726.751s step_avg:321.29ms
step:2263/3250 train_time:727.057s step_avg:321.28ms
step:2264/3250 train_time:727.368s step_avg:321.28ms
step:2265/3250 train_time:727.675s step_avg:321.27ms
step:2266/3250 train_time:727.983s step_avg:321.26ms
step:2267/3250 train_time:728.297s step_avg:321.26ms
step:2268/3250 train_time:728.607s step_avg:321.26ms
step:2269/3250 train_time:728.912s step_avg:321.25ms
step:2270/3250 train_time:729.219s step_avg:321.24ms
step:2271/3250 train_time:729.526s step_avg:321.24ms
step:2272/3250 train_time:729.833s step_avg:321.23ms
step:2273/3250 train_time:730.139s step_avg:321.22ms
step:2274/3250 train_time:730.449s step_avg:321.22ms
step:2275/3250 train_time:730.761s step_avg:321.21ms
step:2276/3250 train_time:731.069s step_avg:321.21ms
step:2277/3250 train_time:731.373s step_avg:321.20ms
step:2278/3250 train_time:731.679s step_avg:321.19ms
step:2279/3250 train_time:731.987s step_avg:321.19ms
step:2280/3250 train_time:732.292s step_avg:321.18ms
step:2281/3250 train_time:732.632s step_avg:321.19ms
step:2282/3250 train_time:732.941s step_avg:321.18ms
step:2283/3250 train_time:733.249s step_avg:321.18ms
step:2284/3250 train_time:733.554s step_avg:321.17ms
step:2285/3250 train_time:733.859s step_avg:321.16ms
step:2286/3250 train_time:734.168s step_avg:321.16ms
step:2287/3250 train_time:734.477s step_avg:321.15ms
step:2288/3250 train_time:734.783s step_avg:321.15ms
step:2289/3250 train_time:735.092s step_avg:321.14ms
step:2290/3250 train_time:735.399s step_avg:321.13ms
step:2291/3250 train_time:735.717s step_avg:321.13ms
step:2292/3250 train_time:736.022s step_avg:321.13ms
step:2293/3250 train_time:736.331s step_avg:321.12ms
step:2294/3250 train_time:736.637s step_avg:321.11ms
step:2295/3250 train_time:736.941s step_avg:321.11ms
step:2296/3250 train_time:737.259s step_avg:321.11ms
step:2297/3250 train_time:737.568s step_avg:321.10ms
step:2298/3250 train_time:737.876s step_avg:321.10ms
step:2299/3250 train_time:738.185s step_avg:321.09ms
step:2300/3250 train_time:738.492s step_avg:321.08ms
step:2301/3250 train_time:738.800s step_avg:321.08ms
step:2302/3250 train_time:739.109s step_avg:321.07ms
step:2303/3250 train_time:739.414s step_avg:321.07ms
step:2304/3250 train_time:739.722s step_avg:321.06ms
step:2305/3250 train_time:740.030s step_avg:321.05ms
step:2306/3250 train_time:740.334s step_avg:321.05ms
step:2307/3250 train_time:740.640s step_avg:321.04ms
step:2308/3250 train_time:740.947s step_avg:321.03ms
step:2309/3250 train_time:741.261s step_avg:321.03ms
step:2310/3250 train_time:741.569s step_avg:321.03ms
step:2311/3250 train_time:741.875s step_avg:321.02ms
step:2312/3250 train_time:742.182s step_avg:321.01ms
step:2313/3250 train_time:742.490s step_avg:321.01ms
step:2314/3250 train_time:742.797s step_avg:321.00ms
step:2315/3250 train_time:743.103s step_avg:320.99ms
step:2316/3250 train_time:743.411s step_avg:320.99ms
step:2317/3250 train_time:743.717s step_avg:320.98ms
step:2318/3250 train_time:744.023s step_avg:320.98ms
step:2319/3250 train_time:744.331s step_avg:320.97ms
step:2320/3250 train_time:744.641s step_avg:320.97ms
step:2321/3250 train_time:744.949s step_avg:320.96ms
step:2322/3250 train_time:745.255s step_avg:320.95ms
step:2323/3250 train_time:745.562s step_avg:320.95ms
step:2324/3250 train_time:745.870s step_avg:320.94ms
step:2325/3250 train_time:746.176s step_avg:320.94ms
step:2326/3250 train_time:746.483s step_avg:320.93ms
step:2327/3250 train_time:746.791s step_avg:320.92ms
step:2328/3250 train_time:747.096s step_avg:320.92ms
step:2329/3250 train_time:747.402s step_avg:320.91ms
step:2330/3250 train_time:747.711s step_avg:320.91ms
step:2331/3250 train_time:748.016s step_avg:320.90ms
step:2332/3250 train_time:748.322s step_avg:320.89ms
step:2333/3250 train_time:748.631s step_avg:320.89ms
step:2334/3250 train_time:748.938s step_avg:320.88ms
step:2335/3250 train_time:749.246s step_avg:320.88ms
step:2336/3250 train_time:749.552s step_avg:320.87ms
step:2337/3250 train_time:749.859s step_avg:320.86ms
step:2338/3250 train_time:750.167s step_avg:320.86ms
step:2339/3250 train_time:750.473s step_avg:320.85ms
step:2340/3250 train_time:750.781s step_avg:320.85ms
step:2341/3250 train_time:751.091s step_avg:320.84ms
step:2342/3250 train_time:751.397s step_avg:320.84ms
step:2343/3250 train_time:751.706s step_avg:320.83ms
step:2344/3250 train_time:752.014s step_avg:320.83ms
step:2345/3250 train_time:752.323s step_avg:320.82ms
step:2346/3250 train_time:752.632s step_avg:320.81ms
step:2347/3250 train_time:752.938s step_avg:320.81ms
step:2348/3250 train_time:753.247s step_avg:320.80ms
step:2349/3250 train_time:753.552s step_avg:320.80ms
step:2350/3250 train_time:753.858s step_avg:320.79ms
step:2351/3250 train_time:754.163s step_avg:320.78ms
step:2352/3250 train_time:754.469s step_avg:320.78ms
step:2353/3250 train_time:754.775s step_avg:320.77ms
step:2354/3250 train_time:755.081s step_avg:320.77ms
step:2355/3250 train_time:755.388s step_avg:320.76ms
step:2356/3250 train_time:755.692s step_avg:320.75ms
step:2357/3250 train_time:756.000s step_avg:320.75ms
step:2358/3250 train_time:756.309s step_avg:320.74ms
step:2359/3250 train_time:756.616s step_avg:320.74ms
step:2360/3250 train_time:756.924s step_avg:320.73ms
step:2361/3250 train_time:757.234s step_avg:320.73ms
step:2362/3250 train_time:757.541s step_avg:320.72ms
step:2363/3250 train_time:757.850s step_avg:320.72ms
step:2364/3250 train_time:758.157s step_avg:320.71ms
step:2365/3250 train_time:758.465s step_avg:320.70ms
step:2366/3250 train_time:758.773s step_avg:320.70ms
step:2367/3250 train_time:759.080s step_avg:320.69ms
step:2368/3250 train_time:759.391s step_avg:320.69ms
step:2369/3250 train_time:759.697s step_avg:320.68ms
step:2370/3250 train_time:760.005s step_avg:320.68ms
step:2371/3250 train_time:760.313s step_avg:320.67ms
step:2372/3250 train_time:760.619s step_avg:320.67ms
step:2373/3250 train_time:760.929s step_avg:320.66ms
step:2374/3250 train_time:761.235s step_avg:320.65ms
step:2375/3250 train_time:761.541s step_avg:320.65ms
step:2375/3250 val_loss:3.39132 train_time:761.542s step_avg:307.86ms
probe_ema: n=84934656 align=-0.20996,-0.19689,-0.18386,-0.16886 rel_mse=1.06015,1.03391,1.01879,1.01018
step:2376/3250 train_time:761.855s step_avg:320.65ms
step:2377/3250 train_time:762.163s step_avg:320.64ms
step:2378/3250 train_time:762.473s step_avg:320.64ms
step:2379/3250 train_time:762.779s step_avg:320.63ms
step:2380/3250 train_time:763.088s step_avg:320.63ms
step:2381/3250 train_time:763.396s step_avg:320.62ms
step:2382/3250 train_time:763.703s step_avg:320.61ms
step:2383/3250 train_time:764.012s step_avg:320.61ms
step:2384/3250 train_time:764.319s step_avg:320.60ms
step:2385/3250 train_time:764.627s step_avg:320.60ms
step:2386/3250 train_time:764.938s step_avg:320.59ms
step:2387/3250 train_time:765.247s step_avg:320.59ms
step:2388/3250 train_time:765.557s step_avg:320.58ms
step:2389/3250 train_time:765.864s step_avg:320.58ms
step:2390/3250 train_time:766.172s step_avg:320.57ms
step:2391/3250 train_time:766.488s step_avg:320.57ms
step:2392/3250 train_time:766.795s step_avg:320.57ms
step:2393/3250 train_time:767.104s step_avg:320.56ms
step:2394/3250 train_time:767.412s step_avg:320.56ms
step:2395/3250 train_time:767.717s step_avg:320.55ms
step:2396/3250 train_time:768.023s step_avg:320.54ms
step:2397/3250 train_time:768.332s step_avg:320.54ms
step:2398/3250 train_time:768.637s step_avg:320.53ms
step:2399/3250 train_time:768.945s step_avg:320.53ms
step:2400/3250 train_time:769.252s step_avg:320.52ms
step:2401/3250 train_time:769.573s step_avg:320.52ms
step:2402/3250 train_time:769.881s step_avg:320.52ms
step:2403/3250 train_time:770.196s step_avg:320.51ms
step:2404/3250 train_time:770.505s step_avg:320.51ms
step:2405/3250 train_time:770.813s step_avg:320.50ms
step:2406/3250 train_time:771.119s step_avg:320.50ms
step:2407/3250 train_time:771.425s step_avg:320.49ms
step:2408/3250 train_time:771.733s step_avg:320.49ms
step:2409/3250 train_time:772.039s step_avg:320.48ms
step:2410/3250 train_time:772.347s step_avg:320.48ms
step:2411/3250 train_time:772.654s step_avg:320.47ms
step:2412/3250 train_time:772.961s step_avg:320.46ms
step:2413/3250 train_time:773.267s step_avg:320.46ms
step:2414/3250 train_time:773.581s step_avg:320.46ms
step:2415/3250 train_time:773.886s step_avg:320.45ms
step:2416/3250 train_time:774.194s step_avg:320.44ms
step:2417/3250 train_time:774.503s step_avg:320.44ms
step:2418/3250 train_time:774.812s step_avg:320.44ms
step:2419/3250 train_time:775.119s step_avg:320.43ms
step:2420/3250 train_time:775.427s step_avg:320.42ms
step:2421/3250 train_time:775.736s step_avg:320.42ms
step:2422/3250 train_time:776.045s step_avg:320.41ms
step:2423/3250 train_time:776.354s step_avg:320.41ms
step:2424/3250 train_time:776.661s step_avg:320.40ms
step:2425/3250 train_time:776.968s step_avg:320.40ms
step:2426/3250 train_time:777.273s step_avg:320.39ms
step:2427/3250 train_time:777.578s step_avg:320.39ms
step:2428/3250 train_time:777.885s step_avg:320.38ms
step:2429/3250 train_time:778.192s step_avg:320.38ms
step:2430/3250 train_time:778.496s step_avg:320.37ms
step:2431/3250 train_time:778.802s step_avg:320.36ms
step:2432/3250 train_time:779.115s step_avg:320.36ms
step:2433/3250 train_time:779.422s step_avg:320.35ms
step:2434/3250 train_time:779.729s step_avg:320.35ms
step:2435/3250 train_time:780.034s step_avg:320.34ms
step:2436/3250 train_time:780.338s step_avg:320.34ms
step:2437/3250 train_time:780.644s step_avg:320.33ms
step:2438/3250 train_time:780.953s step_avg:320.33ms
step:2439/3250 train_time:781.260s step_avg:320.32ms
step:2440/3250 train_time:781.565s step_avg:320.31ms
step:2441/3250 train_time:781.878s step_avg:320.31ms
step:2442/3250 train_time:782.183s step_avg:320.30ms
step:2443/3250 train_time:782.494s step_avg:320.30ms
step:2444/3250 train_time:782.799s step_avg:320.29ms
step:2445/3250 train_time:783.109s step_avg:320.29ms
step:2446/3250 train_time:783.417s step_avg:320.28ms
step:2447/3250 train_time:783.723s step_avg:320.28ms
step:2448/3250 train_time:784.035s step_avg:320.28ms
step:2449/3250 train_time:784.340s step_avg:320.27ms
step:2450/3250 train_time:784.647s step_avg:320.26ms
step:2451/3250 train_time:784.955s step_avg:320.26ms
step:2452/3250 train_time:785.262s step_avg:320.25ms
step:2453/3250 train_time:785.569s step_avg:320.25ms
step:2454/3250 train_time:785.875s step_avg:320.24ms
step:2455/3250 train_time:786.180s step_avg:320.24ms
step:2456/3250 train_time:786.490s step_avg:320.23ms
step:2457/3250 train_time:786.797s step_avg:320.23ms
step:2458/3250 train_time:787.104s step_avg:320.22ms
step:2459/3250 train_time:787.411s step_avg:320.22ms
step:2460/3250 train_time:787.716s step_avg:320.21ms
step:2461/3250 train_time:788.022s step_avg:320.20ms
step:2462/3250 train_time:788.330s step_avg:320.20ms
step:2463/3250 train_time:788.639s step_avg:320.19ms
step:2464/3250 train_time:788.948s step_avg:320.19ms
step:2465/3250 train_time:789.257s step_avg:320.19ms
step:2466/3250 train_time:789.566s step_avg:320.18ms
step:2467/3250 train_time:789.882s step_avg:320.18ms
step:2468/3250 train_time:790.187s step_avg:320.17ms
step:2469/3250 train_time:790.495s step_avg:320.17ms
step:2470/3250 train_time:790.806s step_avg:320.16ms
step:2471/3250 train_time:791.149s step_avg:320.17ms
step:2472/3250 train_time:791.456s step_avg:320.17ms
step:2473/3250 train_time:791.765s step_avg:320.16ms
step:2474/3250 train_time:792.074s step_avg:320.16ms
step:2475/3250 train_time:792.382s step_avg:320.15ms
step:2476/3250 train_time:792.691s step_avg:320.15ms
step:2477/3250 train_time:792.999s step_avg:320.15ms
step:2478/3250 train_time:793.307s step_avg:320.14ms
step:2479/3250 train_time:793.617s step_avg:320.14ms
step:2480/3250 train_time:793.924s step_avg:320.13ms
step:2481/3250 train_time:794.232s step_avg:320.13ms
step:2482/3250 train_time:794.537s step_avg:320.12ms
step:2483/3250 train_time:794.844s step_avg:320.11ms
step:2484/3250 train_time:795.153s step_avg:320.11ms
step:2485/3250 train_time:795.459s step_avg:320.10ms
step:2486/3250 train_time:795.765s step_avg:320.10ms
step:2487/3250 train_time:796.073s step_avg:320.09ms
step:2488/3250 train_time:796.380s step_avg:320.09ms
step:2489/3250 train_time:796.700s step_avg:320.09ms
step:2490/3250 train_time:797.005s step_avg:320.08ms
step:2491/3250 train_time:797.313s step_avg:320.08ms
step:2492/3250 train_time:797.619s step_avg:320.07ms
step:2493/3250 train_time:797.932s step_avg:320.07ms
step:2494/3250 train_time:798.244s step_avg:320.07ms
step:2495/3250 train_time:798.564s step_avg:320.07ms
step:2496/3250 train_time:798.872s step_avg:320.06ms
step:2497/3250 train_time:799.180s step_avg:320.06ms
step:2498/3250 train_time:799.491s step_avg:320.05ms
step:2499/3250 train_time:799.800s step_avg:320.05ms
step:2500/3250 train_time:800.109s step_avg:320.04ms
step:2500/3250 val_loss:3.37344 train_time:800.109s step_avg:308.54ms
probe_ema: n=84934656 align=-0.22464,-0.21093,-0.19581,-0.17810 rel_mse=1.06819,1.03760,1.02032,1.01075
step:2501/3250 train_time:800.421s step_avg:320.04ms
step:2502/3250 train_time:800.728s step_avg:320.04ms
step:2503/3250 train_time:801.045s step_avg:320.03ms
step:2504/3250 train_time:801.361s step_avg:320.03ms
step:2505/3250 train_time:801.680s step_avg:320.03ms
step:2506/3250 train_time:801.988s step_avg:320.03ms
step:2507/3250 train_time:802.297s step_avg:320.02ms
step:2508/3250 train_time:802.604s step_avg:320.02ms
step:2509/3250 train_time:802.911s step_avg:320.01ms
step:2510/3250 train_time:803.228s step_avg:320.01ms
step:2511/3250 train_time:803.538s step_avg:320.01ms
step:2512/3250 train_time:803.847s step_avg:320.00ms
step:2513/3250 train_time:804.156s step_avg:320.00ms
step:2514/3250 train_time:804.462s step_avg:319.99ms
step:2515/3250 train_time:804.771s step_avg:319.99ms
step:2516/3250 train_time:805.079s step_avg:319.98ms
step:2517/3250 train_time:805.386s step_avg:319.98ms
step:2518/3250 train_time:805.694s step_avg:319.97ms
step:2519/3250 train_time:806.000s step_avg:319.97ms
step:2520/3250 train_time:806.307s step_avg:319.96ms
step:2521/3250 train_time:806.614s step_avg:319.96ms
step:2522/3250 train_time:806.919s step_avg:319.95ms
step:2523/3250 train_time:807.226s step_avg:319.95ms
step:2524/3250 train_time:807.531s step_avg:319.94ms
step:2525/3250 train_time:807.845s step_avg:319.94ms
step:2526/3250 train_time:808.151s step_avg:319.93ms
step:2527/3250 train_time:808.459s step_avg:319.93ms
step:2528/3250 train_time:808.766s step_avg:319.92ms
step:2529/3250 train_time:809.075s step_avg:319.92ms
step:2530/3250 train_time:809.382s step_avg:319.91ms
step:2531/3250 train_time:809.689s step_avg:319.91ms
step:2532/3250 train_time:809.998s step_avg:319.90ms
step:2533/3250 train_time:810.306s step_avg:319.90ms
step:2534/3250 train_time:810.616s step_avg:319.90ms
step:2535/3250 train_time:810.923s step_avg:319.89ms
step:2536/3250 train_time:811.231s step_avg:319.89ms
step:2537/3250 train_time:811.538s step_avg:319.88ms
step:2538/3250 train_time:811.844s step_avg:319.88ms
step:2539/3250 train_time:812.151s step_avg:319.87ms
step:2540/3250 train_time:812.457s step_avg:319.86ms
step:2541/3250 train_time:812.763s step_avg:319.86ms
step:2542/3250 train_time:813.069s step_avg:319.85ms
step:2543/3250 train_time:813.378s step_avg:319.85ms
step:2544/3250 train_time:813.685s step_avg:319.84ms
step:2545/3250 train_time:813.992s step_avg:319.84ms
step:2546/3250 train_time:814.298s step_avg:319.83ms
step:2547/3250 train_time:814.603s step_avg:319.83ms
step:2548/3250 train_time:814.909s step_avg:319.82ms
step:2549/3250 train_time:815.220s step_avg:319.82ms
step:2550/3250 train_time:815.527s step_avg:319.81ms
step:2551/3250 train_time:815.836s step_avg:319.81ms
step:2552/3250 train_time:816.145s step_avg:319.81ms
step:2553/3250 train_time:816.454s step_avg:319.80ms
step:2554/3250 train_time:816.760s step_avg:319.80ms
step:2555/3250 train_time:817.066s step_avg:319.79ms
step:2556/3250 train_time:817.376s step_avg:319.79ms
step:2557/3250 train_time:817.683s step_avg:319.78ms
step:2558/3250 train_time:817.991s step_avg:319.78ms
step:2559/3250 train_time:818.297s step_avg:319.77ms
step:2560/3250 train_time:818.603s step_avg:319.77ms
step:2561/3250 train_time:818.910s step_avg:319.76ms
step:2562/3250 train_time:819.217s step_avg:319.76ms
step:2563/3250 train_time:819.524s step_avg:319.75ms
step:2564/3250 train_time:819.834s step_avg:319.75ms
step:2565/3250 train_time:820.140s step_avg:319.74ms
step:2566/3250 train_time:820.447s step_avg:319.74ms
step:2567/3250 train_time:820.757s step_avg:319.73ms
step:2568/3250 train_time:821.064s step_avg:319.73ms
step:2569/3250 train_time:821.376s step_avg:319.73ms
step:2570/3250 train_time:821.681s step_avg:319.72ms
step:2571/3250 train_time:821.988s step_avg:319.72ms
step:2572/3250 train_time:822.298s step_avg:319.71ms
step:2573/3250 train_time:822.604s step_avg:319.71ms
step:2574/3250 train_time:822.913s step_avg:319.70ms
step:2575/3250 train_time:823.220s step_avg:319.70ms
step:2576/3250 train_time:823.526s step_avg:319.69ms
step:2577/3250 train_time:823.834s step_avg:319.69ms
step:2578/3250 train_time:824.146s step_avg:319.68ms
step:2579/3250 train_time:824.454s step_avg:319.68ms
step:2580/3250 train_time:824.759s step_avg:319.67ms
step:2581/3250 train_time:825.065s step_avg:319.67ms
step:2582/3250 train_time:825.372s step_avg:319.66ms
step:2583/3250 train_time:825.678s step_avg:319.66ms
step:2584/3250 train_time:825.988s step_avg:319.65ms
step:2585/3250 train_time:826.297s step_avg:319.65ms
step:2586/3250 train_time:826.603s step_avg:319.65ms
step:2587/3250 train_time:826.908s step_avg:319.64ms
step:2588/3250 train_time:827.215s step_avg:319.64ms
step:2589/3250 train_time:827.521s step_avg:319.63ms
step:2590/3250 train_time:827.836s step_avg:319.63ms
step:2591/3250 train_time:828.140s step_avg:319.62ms
step:2592/3250 train_time:828.448s step_avg:319.62ms
step:2593/3250 train_time:828.761s step_avg:319.61ms
step:2594/3250 train_time:829.070s step_avg:319.61ms
step:2595/3250 train_time:829.378s step_avg:319.61ms
step:2596/3250 train_time:829.683s step_avg:319.60ms
step:2597/3250 train_time:829.988s step_avg:319.60ms
step:2598/3250 train_time:830.297s step_avg:319.59ms
step:2599/3250 train_time:830.604s step_avg:319.59ms
step:2600/3250 train_time:830.911s step_avg:319.58ms
step:2601/3250 train_time:831.218s step_avg:319.58ms
step:2602/3250 train_time:831.533s step_avg:319.57ms
step:2603/3250 train_time:831.839s step_avg:319.57ms
step:2604/3250 train_time:832.147s step_avg:319.56ms
step:2605/3250 train_time:832.456s step_avg:319.56ms
step:2606/3250 train_time:832.764s step_avg:319.56ms
step:2607/3250 train_time:833.070s step_avg:319.55ms
step:2608/3250 train_time:833.378s step_avg:319.55ms
step:2609/3250 train_time:833.687s step_avg:319.54ms
step:2610/3250 train_time:833.993s step_avg:319.54ms
step:2611/3250 train_time:834.300s step_avg:319.53ms
step:2612/3250 train_time:834.607s step_avg:319.53ms
step:2613/3250 train_time:834.917s step_avg:319.52ms
step:2614/3250 train_time:835.224s step_avg:319.52ms
step:2615/3250 train_time:835.528s step_avg:319.51ms
step:2616/3250 train_time:835.836s step_avg:319.51ms
step:2617/3250 train_time:836.141s step_avg:319.50ms
step:2618/3250 train_time:836.448s step_avg:319.50ms
step:2619/3250 train_time:836.758s step_avg:319.50ms
step:2620/3250 train_time:837.066s step_avg:319.49ms
step:2621/3250 train_time:837.379s step_avg:319.49ms
step:2622/3250 train_time:837.686s step_avg:319.48ms
step:2623/3250 train_time:837.993s step_avg:319.48ms
step:2624/3250 train_time:838.299s step_avg:319.47ms
step:2625/3250 train_time:838.606s step_avg:319.47ms
step:2625/3250 val_loss:3.35403 train_time:838.606s step_avg:307.98ms
probe_ema: n=84934656 align=-0.14187,-0.14041,-0.13689,-0.12888 rel_mse=1.05235,1.02997,1.01688,1.00923
step:2626/3250 train_time:838.919s step_avg:319.47ms
step:2627/3250 train_time:839.226s step_avg:319.46ms
step:2628/3250 train_time:839.534s step_avg:319.46ms
step:2629/3250 train_time:839.840s step_avg:319.45ms
step:2630/3250 train_time:840.146s step_avg:319.45ms
step:2631/3250 train_time:840.453s step_avg:319.44ms
step:2632/3250 train_time:840.761s step_avg:319.44ms
step:2633/3250 train_time:841.076s step_avg:319.44ms
step:2634/3250 train_time:841.381s step_avg:319.43ms
step:2635/3250 train_time:841.689s step_avg:319.43ms
step:2636/3250 train_time:841.998s step_avg:319.42ms
step:2637/3250 train_time:842.305s step_avg:319.42ms
step:2638/3250 train_time:842.612s step_avg:319.41ms
step:2639/3250 train_time:842.919s step_avg:319.41ms
step:2640/3250 train_time:843.225s step_avg:319.40ms
step:2641/3250 train_time:843.532s step_avg:319.40ms
step:2642/3250 train_time:843.841s step_avg:319.39ms
step:2643/3250 train_time:844.146s step_avg:319.39ms
step:2644/3250 train_time:844.453s step_avg:319.38ms
step:2645/3250 train_time:844.763s step_avg:319.38ms
step:2646/3250 train_time:845.070s step_avg:319.38ms
step:2647/3250 train_time:845.377s step_avg:319.37ms
step:2648/3250 train_time:845.689s step_avg:319.37ms
step:2649/3250 train_time:845.997s step_avg:319.36ms
step:2650/3250 train_time:846.304s step_avg:319.36ms
step:2651/3250 train_time:846.615s step_avg:319.36ms
step:2652/3250 train_time:846.921s step_avg:319.35ms
step:2653/3250 train_time:847.229s step_avg:319.35ms
step:2654/3250 train_time:847.539s step_avg:319.34ms
step:2655/3250 train_time:847.845s step_avg:319.34ms
step:2656/3250 train_time:848.153s step_avg:319.33ms
step:2657/3250 train_time:848.459s step_avg:319.33ms
step:2658/3250 train_time:848.764s step_avg:319.32ms
step:2659/3250 train_time:849.073s step_avg:319.32ms
step:2660/3250 train_time:849.385s step_avg:319.32ms
step:2661/3250 train_time:849.725s step_avg:319.33ms
step:2662/3250 train_time:850.031s step_avg:319.32ms
step:2663/3250 train_time:850.340s step_avg:319.32ms
step:2664/3250 train_time:850.645s step_avg:319.31ms
step:2665/3250 train_time:850.951s step_avg:319.31ms
step:2666/3250 train_time:851.264s step_avg:319.30ms
step:2667/3250 train_time:851.566s step_avg:319.30ms
step:2668/3250 train_time:851.873s step_avg:319.29ms
step:2669/3250 train_time:852.181s step_avg:319.29ms
step:2670/3250 train_time:852.491s step_avg:319.28ms
step:2671/3250 train_time:852.800s step_avg:319.28ms
step:2672/3250 train_time:853.108s step_avg:319.28ms
step:2673/3250 train_time:853.416s step_avg:319.27ms
step:2674/3250 train_time:853.722s step_avg:319.27ms
step:2675/3250 train_time:854.029s step_avg:319.26ms
step:2676/3250 train_time:854.337s step_avg:319.26ms
step:2677/3250 train_time:854.644s step_avg:319.25ms
step:2678/3250 train_time:854.957s step_avg:319.25ms
step:2679/3250 train_time:855.268s step_avg:319.25ms
step:2680/3250 train_time:855.583s step_avg:319.25ms
step:2681/3250 train_time:855.888s step_avg:319.24ms
step:2682/3250 train_time:856.196s step_avg:319.24ms
step:2683/3250 train_time:856.504s step_avg:319.23ms
step:2684/3250 train_time:856.811s step_avg:319.23ms
step:2685/3250 train_time:857.119s step_avg:319.22ms
step:2686/3250 train_time:857.425s step_avg:319.22ms
step:2687/3250 train_time:857.734s step_avg:319.22ms
step:2688/3250 train_time:858.051s step_avg:319.22ms
step:2689/3250 train_time:858.365s step_avg:319.21ms
step:2690/3250 train_time:858.677s step_avg:319.21ms
step:2691/3250 train_time:858.986s step_avg:319.21ms
step:2692/3250 train_time:859.296s step_avg:319.20ms
step:2693/3250 train_time:859.606s step_avg:319.20ms
step:2694/3250 train_time:859.913s step_avg:319.20ms
step:2695/3250 train_time:860.221s step_avg:319.19ms
step:2696/3250 train_time:860.527s step_avg:319.19ms
step:2697/3250 train_time:860.834s step_avg:319.18ms
step:2698/3250 train_time:861.140s step_avg:319.18ms
step:2699/3250 train_time:861.446s step_avg:319.17ms
step:2700/3250 train_time:861.752s step_avg:319.17ms
step:2701/3250 train_time:862.059s step_avg:319.16ms
step:2702/3250 train_time:862.364s step_avg:319.16ms
step:2703/3250 train_time:862.670s step_avg:319.15ms
step:2704/3250 train_time:862.986s step_avg:319.15ms
step:2705/3250 train_time:863.292s step_avg:319.15ms
step:2706/3250 train_time:863.604s step_avg:319.14ms
step:2707/3250 train_time:863.912s step_avg:319.14ms
step:2708/3250 train_time:864.220s step_avg:319.14ms
step:2709/3250 train_time:864.525s step_avg:319.13ms
step:2710/3250 train_time:864.832s step_avg:319.13ms
step:2711/3250 train_time:865.140s step_avg:319.12ms
step:2712/3250 train_time:865.445s step_avg:319.12ms
step:2713/3250 train_time:865.752s step_avg:319.11ms
step:2714/3250 train_time:866.061s step_avg:319.11ms
step:2715/3250 train_time:866.367s step_avg:319.10ms
step:2716/3250 train_time:866.676s step_avg:319.10ms
step:2717/3250 train_time:866.982s step_avg:319.10ms
step:2718/3250 train_time:867.289s step_avg:319.09ms
step:2719/3250 train_time:867.596s step_avg:319.09ms
step:2720/3250 train_time:867.902s step_avg:319.08ms
step:2721/3250 train_time:868.207s step_avg:319.08ms
step:2722/3250 train_time:868.516s step_avg:319.07ms
step:2723/3250 train_time:868.822s step_avg:319.07ms
step:2724/3250 train_time:869.127s step_avg:319.06ms
step:2725/3250 train_time:869.433s step_avg:319.06ms
step:2726/3250 train_time:869.740s step_avg:319.05ms
step:2727/3250 train_time:870.045s step_avg:319.05ms
step:2728/3250 train_time:870.353s step_avg:319.04ms
step:2729/3250 train_time:870.661s step_avg:319.04ms
step:2730/3250 train_time:870.968s step_avg:319.04ms
step:2731/3250 train_time:871.276s step_avg:319.03ms
step:2732/3250 train_time:871.584s step_avg:319.03ms
step:2733/3250 train_time:871.891s step_avg:319.02ms
step:2734/3250 train_time:872.199s step_avg:319.02ms
step:2735/3250 train_time:872.504s step_avg:319.01ms
step:2736/3250 train_time:872.811s step_avg:319.01ms
step:2737/3250 train_time:873.118s step_avg:319.01ms
step:2738/3250 train_time:873.425s step_avg:319.00ms
step:2739/3250 train_time:873.732s step_avg:319.00ms
step:2740/3250 train_time:874.041s step_avg:318.99ms
step:2741/3250 train_time:874.347s step_avg:318.99ms
step:2742/3250 train_time:874.653s step_avg:318.98ms
step:2743/3250 train_time:874.961s step_avg:318.98ms
step:2744/3250 train_time:875.268s step_avg:318.98ms
step:2745/3250 train_time:875.577s step_avg:318.97ms
step:2746/3250 train_time:875.883s step_avg:318.97ms
step:2747/3250 train_time:876.190s step_avg:318.96ms
step:2748/3250 train_time:876.507s step_avg:318.96ms
step:2749/3250 train_time:876.815s step_avg:318.96ms
step:2750/3250 train_time:877.122s step_avg:318.95ms
step:2750/3250 val_loss:3.33572 train_time:877.122s step_avg:308.13ms
probe_ema: n=84934656 align=-0.13638,-0.13453,-0.13140,-0.12543 rel_mse=1.05191,1.03004,1.01704,1.00946
step:2751/3250 train_time:877.433s step_avg:318.95ms
step:2752/3250 train_time:877.739s step_avg:318.95ms
step:2753/3250 train_time:878.047s step_avg:318.94ms
step:2754/3250 train_time:878.353s step_avg:318.94ms
step:2755/3250 train_time:878.661s step_avg:318.93ms
step:2756/3250 train_time:878.973s step_avg:318.93ms
step:2757/3250 train_time:879.287s step_avg:318.93ms
step:2758/3250 train_time:879.602s step_avg:318.93ms
step:2759/3250 train_time:879.911s step_avg:318.92ms
step:2760/3250 train_time:880.217s step_avg:318.92ms
step:2761/3250 train_time:880.533s step_avg:318.92ms
step:2762/3250 train_time:880.841s step_avg:318.91ms
step:2763/3250 train_time:881.149s step_avg:318.91ms
step:2764/3250 train_time:881.456s step_avg:318.91ms
step:2765/3250 train_time:881.764s step_avg:318.90ms
step:2766/3250 train_time:882.071s step_avg:318.90ms
step:2767/3250 train_time:882.376s step_avg:318.89ms
step:2768/3250 train_time:882.683s step_avg:318.89ms
step:2769/3250 train_time:882.990s step_avg:318.88ms
step:2770/3250 train_time:883.295s step_avg:318.88ms
step:2771/3250 train_time:883.604s step_avg:318.88ms
step:2772/3250 train_time:883.912s step_avg:318.87ms
step:2773/3250 train_time:884.218s step_avg:318.87ms
step:2774/3250 train_time:884.527s step_avg:318.86ms
step:2775/3250 train_time:884.836s step_avg:318.86ms
step:2776/3250 train_time:885.147s step_avg:318.86ms
step:2777/3250 train_time:885.456s step_avg:318.85ms
step:2778/3250 train_time:885.762s step_avg:318.85ms
step:2779/3250 train_time:886.072s step_avg:318.85ms
step:2780/3250 train_time:886.378s step_avg:318.84ms
step:2781/3250 train_time:886.684s step_avg:318.84ms
step:2782/3250 train_time:886.994s step_avg:318.83ms
step:2783/3250 train_time:887.301s step_avg:318.83ms
step:2784/3250 train_time:887.609s step_avg:318.83ms
step:2785/3250 train_time:887.917s step_avg:318.82ms
step:2786/3250 train_time:888.223s step_avg:318.82ms
step:2787/3250 train_time:888.531s step_avg:318.81ms
step:2788/3250 train_time:888.837s step_avg:318.81ms
step:2789/3250 train_time:889.145s step_avg:318.80ms
step:2790/3250 train_time:889.454s step_avg:318.80ms
step:2791/3250 train_time:889.760s step_avg:318.80ms
step:2792/3250 train_time:890.069s step_avg:318.79ms
step:2793/3250 train_time:890.376s step_avg:318.79ms
step:2794/3250 train_time:890.683s step_avg:318.78ms
step:2795/3250 train_time:890.994s step_avg:318.78ms
step:2796/3250 train_time:891.300s step_avg:318.78ms
step:2797/3250 train_time:891.610s step_avg:318.77ms
step:2798/3250 train_time:891.917s step_avg:318.77ms
step:2799/3250 train_time:892.231s step_avg:318.77ms
step:2800/3250 train_time:892.536s step_avg:318.76ms
step:2801/3250 train_time:892.844s step_avg:318.76ms
step:2802/3250 train_time:893.153s step_avg:318.76ms
step:2803/3250 train_time:893.461s step_avg:318.75ms
step:2804/3250 train_time:893.770s step_avg:318.75ms
step:2805/3250 train_time:894.091s step_avg:318.75ms
step:2806/3250 train_time:894.400s step_avg:318.75ms
step:2807/3250 train_time:894.707s step_avg:318.74ms
step:2808/3250 train_time:895.012s step_avg:318.74ms
step:2809/3250 train_time:895.318s step_avg:318.73ms
step:2810/3250 train_time:895.627s step_avg:318.73ms
step:2811/3250 train_time:895.935s step_avg:318.72ms
step:2812/3250 train_time:896.243s step_avg:318.72ms
step:2813/3250 train_time:896.552s step_avg:318.72ms
step:2814/3250 train_time:896.859s step_avg:318.71ms
step:2815/3250 train_time:897.165s step_avg:318.71ms
step:2816/3250 train_time:897.472s step_avg:318.70ms
step:2817/3250 train_time:897.778s step_avg:318.70ms
step:2818/3250 train_time:898.085s step_avg:318.70ms
step:2819/3250 train_time:898.393s step_avg:318.69ms
step:2820/3250 train_time:898.705s step_avg:318.69ms
step:2821/3250 train_time:899.014s step_avg:318.69ms
step:2822/3250 train_time:899.323s step_avg:318.68ms
step:2823/3250 train_time:899.631s step_avg:318.68ms
step:2824/3250 train_time:899.938s step_avg:318.67ms
step:2825/3250 train_time:900.245s step_avg:318.67ms
step:2826/3250 train_time:900.551s step_avg:318.67ms
step:2827/3250 train_time:900.856s step_avg:318.66ms
step:2828/3250 train_time:901.162s step_avg:318.66ms
step:2829/3250 train_time:901.471s step_avg:318.65ms
step:2830/3250 train_time:901.777s step_avg:318.65ms
step:2831/3250 train_time:902.084s step_avg:318.64ms
step:2832/3250 train_time:902.392s step_avg:318.64ms
step:2833/3250 train_time:902.697s step_avg:318.64ms
step:2834/3250 train_time:903.003s step_avg:318.63ms
step:2835/3250 train_time:903.312s step_avg:318.63ms
step:2836/3250 train_time:903.619s step_avg:318.62ms
step:2837/3250 train_time:903.928s step_avg:318.62ms
step:2838/3250 train_time:904.237s step_avg:318.62ms
step:2839/3250 train_time:904.546s step_avg:318.61ms
step:2840/3250 train_time:904.853s step_avg:318.61ms
step:2841/3250 train_time:905.157s step_avg:318.61ms
step:2842/3250 train_time:905.465s step_avg:318.60ms
step:2843/3250 train_time:905.775s step_avg:318.60ms
step:2844/3250 train_time:906.082s step_avg:318.59ms
step:2845/3250 train_time:906.390s step_avg:318.59ms
step:2846/3250 train_time:906.695s step_avg:318.59ms
step:2847/3250 train_time:907.002s step_avg:318.58ms
step:2848/3250 train_time:907.310s step_avg:318.58ms
step:2849/3250 train_time:907.615s step_avg:318.57ms
step:2850/3250 train_time:907.929s step_avg:318.57ms
step:2851/3250 train_time:908.274s step_avg:318.58ms
step:2852/3250 train_time:908.581s step_avg:318.58ms
step:2853/3250 train_time:908.891s step_avg:318.57ms
step:2854/3250 train_time:909.197s step_avg:318.57ms
step:2855/3250 train_time:909.506s step_avg:318.57ms
step:2856/3250 train_time:909.813s step_avg:318.56ms
step:2857/3250 train_time:910.118s step_avg:318.56ms
step:2858/3250 train_time:910.425s step_avg:318.55ms
step:2859/3250 train_time:910.732s step_avg:318.55ms
step:2860/3250 train_time:911.037s step_avg:318.54ms
step:2861/3250 train_time:911.346s step_avg:318.54ms
step:2862/3250 train_time:911.654s step_avg:318.54ms
step:2863/3250 train_time:911.961s step_avg:318.53ms
step:2864/3250 train_time:912.269s step_avg:318.53ms
step:2865/3250 train_time:912.576s step_avg:318.53ms
step:2866/3250 train_time:912.882s step_avg:318.52ms
step:2867/3250 train_time:913.190s step_avg:318.52ms
step:2868/3250 train_time:913.495s step_avg:318.51ms
step:2869/3250 train_time:913.803s step_avg:318.51ms
step:2870/3250 train_time:914.112s step_avg:318.51ms
step:2871/3250 train_time:914.418s step_avg:318.50ms
step:2872/3250 train_time:914.727s step_avg:318.50ms
step:2873/3250 train_time:915.034s step_avg:318.49ms
step:2874/3250 train_time:915.342s step_avg:318.49ms
step:2875/3250 train_time:915.650s step_avg:318.49ms
step:2875/3250 val_loss:3.31738 train_time:915.650s step_avg:308.23ms
probe_ema: n=84934656 align=-0.08932,-0.10260,-0.10961,-0.10978 rel_mse=1.04667,1.02857,1.01689,1.00959
step:2876/3250 train_time:915.965s step_avg:318.49ms
step:2877/3250 train_time:916.278s step_avg:318.48ms
step:2878/3250 train_time:916.585s step_avg:318.48ms
step:2879/3250 train_time:916.891s step_avg:318.48ms
step:2880/3250 train_time:917.196s step_avg:318.47ms
step:2881/3250 train_time:917.503s step_avg:318.47ms
step:2882/3250 train_time:917.808s step_avg:318.46ms
step:2883/3250 train_time:918.114s step_avg:318.46ms
step:2884/3250 train_time:918.425s step_avg:318.46ms
step:2885/3250 train_time:918.733s step_avg:318.45ms
step:2886/3250 train_time:919.041s step_avg:318.45ms
step:2887/3250 train_time:919.347s step_avg:318.44ms
step:2888/3250 train_time:919.656s step_avg:318.44ms
step:2889/3250 train_time:919.965s step_avg:318.44ms
step:2890/3250 train_time:920.273s step_avg:318.43ms
step:2891/3250 train_time:920.584s step_avg:318.43ms
step:2892/3250 train_time:920.889s step_avg:318.43ms
step:2893/3250 train_time:921.197s step_avg:318.42ms
step:2894/3250 train_time:921.504s step_avg:318.42ms
step:2895/3250 train_time:921.809s step_avg:318.41ms
step:2896/3250 train_time:922.117s step_avg:318.41ms
step:2897/3250 train_time:922.427s step_avg:318.41ms
step:2898/3250 train_time:922.733s step_avg:318.40ms
step:2899/3250 train_time:923.044s step_avg:318.40ms
step:2900/3250 train_time:923.350s step_avg:318.40ms
step:2900/3250 val_loss:3.31388 train_time:923.351s step_avg:308.00ms
probe_ema: n=84934656 align=-0.06995,-0.08816,-0.09849,-0.10065 rel_mse=1.04390,1.02725,1.01629,1.00933
step:2901/3250 train_time:923.661s step_avg:318.39ms
step:2902/3250 train_time:923.969s step_avg:318.39ms
step:2903/3250 train_time:924.278s step_avg:318.39ms
step:2904/3250 train_time:924.585s step_avg:318.38ms
step:2905/3250 train_time:924.896s step_avg:318.38ms
step:2906/3250 train_time:925.210s step_avg:318.38ms
step:2907/3250 train_time:925.517s step_avg:318.38ms
step:2908/3250 train_time:925.827s step_avg:318.37ms
step:2909/3250 train_time:926.136s step_avg:318.37ms
step:2910/3250 train_time:926.444s step_avg:318.37ms
step:2910/3250 val_loss:3.31208 train_time:926.444s step_avg:309.38ms
probe_ema: n=84934656 align=-0.06656,-0.08088,-0.09092,-0.09357 rel_mse=1.03923,1.02403,1.01455,1.00845
step:2911/3250 train_time:926.757s step_avg:318.36ms
step:2912/3250 train_time:927.063s step_avg:318.36ms
step:2913/3250 train_time:927.372s step_avg:318.36ms
step:2914/3250 train_time:927.680s step_avg:318.35ms
step:2915/3250 train_time:927.991s step_avg:318.35ms
step:2916/3250 train_time:928.299s step_avg:318.35ms
step:2917/3250 train_time:928.605s step_avg:318.34ms
step:2918/3250 train_time:928.914s step_avg:318.34ms
step:2919/3250 train_time:929.219s step_avg:318.33ms
step:2920/3250 train_time:929.526s step_avg:318.33ms
step:2920/3250 val_loss:3.31052 train_time:929.526s step_avg:308.20ms
probe_ema: n=84934656 align=-0.08748,-0.09421,-0.10032,-0.10164 rel_mse=1.04949,1.02840,1.01642,1.00936
step:2921/3250 train_time:929.836s step_avg:318.33ms
step:2922/3250 train_time:930.149s step_avg:318.33ms
step:2923/3250 train_time:930.456s step_avg:318.32ms
step:2924/3250 train_time:930.763s step_avg:318.32ms
step:2925/3250 train_time:931.071s step_avg:318.31ms
step:2925/3250 val_loss:3.30991 train_time:931.071s step_avg:309.02ms
probe_ema: n=84934656 align=-0.08293,-0.09254,-0.09907,-0.10014 rel_mse=1.04563,1.02699,1.01583,1.00906
step:2926/3250 train_time:931.386s step_avg:318.31ms
step:2927/3250 train_time:931.697s step_avg:318.31ms
step:2928/3250 train_time:932.005s step_avg:318.31ms
step:2929/3250 train_time:932.312s step_avg:318.30ms
step:2930/3250 train_time:932.621s step_avg:318.30ms
step:2930/3250 val_loss:3.30963 train_time:932.621s step_avg:309.94ms
probe_ema: n=84934656 align=-0.11255,-0.11811,-0.12006,-0.11743 rel_mse=1.05097,1.02981,1.01708,1.00960
step:2931/3250 train_time:932.937s step_avg:318.30ms
step:2932/3250 train_time:933.246s step_avg:318.30ms
step:2933/3250 train_time:933.554s step_avg:318.29ms
step:2934/3250 train_time:933.861s step_avg:318.29ms
step:2935/3250 train_time:934.170s step_avg:318.29ms
step:2936/3250 train_time:934.477s step_avg:318.28ms
step:2937/3250 train_time:934.784s step_avg:318.28ms
step:2938/3250 train_time:935.094s step_avg:318.28ms
step:2939/3250 train_time:935.400s step_avg:318.27ms
step:2940/3250 train_time:935.706s step_avg:318.27ms
step:2940/3250 val_loss:3.30796 train_time:935.706s step_avg:308.49ms
probe_ema: n=84934656 align=-0.04756,-0.06771,-0.08078,-0.08592 rel_mse=1.03789,1.02353,1.01429,1.00833
step:2941/3250 train_time:936.022s step_avg:318.27ms
step:2942/3250 train_time:936.329s step_avg:318.26ms
step:2943/3250 train_time:936.637s step_avg:318.26ms
step:2944/3250 train_time:936.943s step_avg:318.26ms
step:2945/3250 train_time:937.251s step_avg:318.25ms
step:2946/3250 train_time:937.562s step_avg:318.25ms
step:2947/3250 train_time:937.870s step_avg:318.25ms
step:2948/3250 train_time:938.186s step_avg:318.24ms
step:2949/3250 train_time:938.498s step_avg:318.24ms
step:2950/3250 train_time:938.807s step_avg:318.24ms
step:2950/3250 val_loss:3.30641 train_time:938.807s step_avg:310.08ms
probe_ema: n=84934656 align=-0.09085,-0.10013,-0.10461,-0.10378 rel_mse=1.04691,1.02798,1.01627,1.00921
step:2951/3250 train_time:939.123s step_avg:318.24ms
step:2952/3250 train_time:939.430s step_avg:318.24ms
step:2953/3250 train_time:939.737s step_avg:318.23ms
step:2954/3250 train_time:940.045s step_avg:318.23ms
step:2955/3250 train_time:940.353s step_avg:318.22ms
step:2956/3250 train_time:940.663s step_avg:318.22ms
step:2957/3250 train_time:940.969s step_avg:318.22ms
step:2958/3250 train_time:941.277s step_avg:318.21ms
step:2959/3250 train_time:941.584s step_avg:318.21ms
step:2960/3250 train_time:941.889s step_avg:318.21ms
step:2960/3250 val_loss:3.30511 train_time:941.890s step_avg:308.31ms
probe_ema: n=84934656 align=-0.07625,-0.08710,-0.09391,-0.09493 rel_mse=1.04362,1.02607,1.01533,1.00874
step:2961/3250 train_time:942.201s step_avg:318.20ms
step:2962/3250 train_time:942.509s step_avg:318.20ms
step:2963/3250 train_time:942.819s step_avg:318.20ms
step:2964/3250 train_time:943.126s step_avg:318.19ms
step:2965/3250 train_time:943.433s step_avg:318.19ms
step:2966/3250 train_time:943.739s step_avg:318.19ms
step:2967/3250 train_time:944.044s step_avg:318.18ms
step:2968/3250 train_time:944.352s step_avg:318.18ms
step:2969/3250 train_time:944.660s step_avg:318.17ms
step:2970/3250 train_time:944.966s step_avg:318.17ms
step:2970/3250 val_loss:3.30363 train_time:944.967s step_avg:307.65ms
probe_ema: n=84934656 align=-0.06033,-0.07385,-0.08321,-0.08644 rel_mse=1.04269,1.02517,1.01477,1.00845
step:2971/3250 train_time:945.280s step_avg:318.17ms
step:2972/3250 train_time:945.588s step_avg:318.17ms
step:2973/3250 train_time:945.896s step_avg:318.16ms
step:2974/3250 train_time:946.202s step_avg:318.16ms
step:2975/3250 train_time:946.513s step_avg:318.16ms
step:2975/3250 val_loss:3.30292 train_time:946.514s step_avg:309.47ms
probe_ema: n=84934656 align=-0.05751,-0.07368,-0.08348,-0.08684 rel_mse=1.04333,1.02638,1.01555,1.00889
step:2976/3250 train_time:946.828s step_avg:318.15ms
step:2977/3250 train_time:947.136s step_avg:318.15ms
step:2978/3250 train_time:947.445s step_avg:318.15ms
step:2979/3250 train_time:947.751s step_avg:318.14ms
step:2980/3250 train_time:948.062s step_avg:318.14ms
step:2980/3250 val_loss:3.30221 train_time:948.062s step_avg:309.71ms
probe_ema: n=84934656 align=-0.07246,-0.08446,-0.09160,-0.09322 rel_mse=1.04436,1.02665,1.01567,1.00894
step:2981/3250 train_time:948.376s step_avg:318.14ms
step:2982/3250 train_time:948.684s step_avg:318.14ms
step:2983/3250 train_time:948.993s step_avg:318.13ms
step:2984/3250 train_time:949.299s step_avg:318.13ms
step:2985/3250 train_time:949.606s step_avg:318.13ms
step:2986/3250 train_time:949.916s step_avg:318.12ms
step:2987/3250 train_time:950.224s step_avg:318.12ms
step:2988/3250 train_time:950.541s step_avg:318.12ms
step:2989/3250 train_time:950.850s step_avg:318.12ms
step:2990/3250 train_time:951.158s step_avg:318.11ms
step:2990/3250 val_loss:3.30105 train_time:951.158s step_avg:309.60ms
probe_ema: n=84934656 align=-0.14165,-0.14067,-0.13774,-0.13118 rel_mse=1.07786,1.04184,1.02255,1.01209
step:2991/3250 train_time:951.472s step_avg:318.11ms
step:2992/3250 train_time:951.780s step_avg:318.11ms
step:2993/3250 train_time:952.089s step_avg:318.11ms
step:2994/3250 train_time:952.394s step_avg:318.10ms
step:2995/3250 train_time:952.701s step_avg:318.10ms
step:2996/3250 train_time:953.011s step_avg:318.09ms
step:2997/3250 train_time:953.320s step_avg:318.09ms
step:2998/3250 train_time:953.637s step_avg:318.09ms
step:2999/3250 train_time:953.944s step_avg:318.09ms
step:3000/3250 train_time:954.251s step_avg:318.08ms
step:3000/3250 val_loss:3.29966 train_time:954.251s step_avg:309.31ms
probe_ema: n=84934656 align=-0.04188,-0.06222,-0.07505,-0.08003 rel_mse=1.03872,1.02463,1.01502,1.00871
step:3001/3250 train_time:954.567s step_avg:318.08ms
step:3002/3250 train_time:954.880s step_avg:318.08ms
step:3003/3250 train_time:955.189s step_avg:318.08ms
step:3004/3250 train_time:955.495s step_avg:318.07ms
step:3005/3250 train_time:955.802s step_avg:318.07ms
step:3006/3250 train_time:956.107s step_avg:318.07ms
step:3007/3250 train_time:956.415s step_avg:318.06ms
step:3008/3250 train_time:956.724s step_avg:318.06ms
step:3009/3250 train_time:957.030s step_avg:318.06ms
step:3010/3250 train_time:957.339s step_avg:318.05ms
step:3010/3250 val_loss:3.29824 train_time:957.339s step_avg:308.74ms
probe_ema: n=84934656 align=-0.05850,-0.07331,-0.08317,-0.08626 rel_mse=1.04462,1.02691,1.01597,1.00915
step:3011/3250 train_time:957.653s step_avg:318.05ms
step:3012/3250 train_time:957.963s step_avg:318.05ms
step:3013/3250 train_time:958.271s step_avg:318.05ms
step:3014/3250 train_time:958.577s step_avg:318.04ms
step:3015/3250 train_time:958.886s step_avg:318.04ms
step:3016/3250 train_time:959.193s step_avg:318.03ms
step:3017/3250 train_time:959.501s step_avg:318.03ms
step:3018/3250 train_time:959.811s step_avg:318.03ms
step:3019/3250 train_time:960.117s step_avg:318.02ms
step:3020/3250 train_time:960.425s step_avg:318.02ms
step:3020/3250 val_loss:3.29657 train_time:960.425s step_avg:308.65ms
probe_ema: n=84934656 align=-0.06482,-0.07702,-0.08542,-0.08781 rel_mse=1.04460,1.02650,1.01561,1.00896
step:3021/3250 train_time:960.739s step_avg:318.02ms
step:3022/3250 train_time:961.046s step_avg:318.02ms
step:3023/3250 train_time:961.355s step_avg:318.01ms
step:3024/3250 train_time:961.665s step_avg:318.01ms
step:3025/3250 train_time:961.973s step_avg:318.01ms
step:3025/3250 val_loss:3.29571 train_time:961.973s step_avg:309.61ms
probe_ema: n=84934656 align=-0.07660,-0.08636,-0.09282,-0.09338 rel_mse=1.04718,1.02793,1.01634,1.00929
step:3026/3250 train_time:962.286s step_avg:318.01ms
step:3027/3250 train_time:962.600s step_avg:318.00ms
step:3028/3250 train_time:962.909s step_avg:318.00ms
step:3029/3250 train_time:963.217s step_avg:318.00ms
step:3030/3250 train_time:963.529s step_avg:318.00ms
step:3030/3250 val_loss:3.29498 train_time:963.529s step_avg:311.12ms
probe_ema: n=84934656 align=-0.06876,-0.08136,-0.08865,-0.08961 rel_mse=1.04420,1.02653,1.01555,1.00883
step:3031/3250 train_time:963.850s step_avg:318.00ms
step:3032/3250 train_time:964.160s step_avg:317.99ms
step:3033/3250 train_time:964.467s step_avg:317.99ms
step:3034/3250 train_time:964.777s step_avg:317.99ms
step:3035/3250 train_time:965.085s step_avg:317.99ms
step:3036/3250 train_time:965.392s step_avg:317.98ms
step:3037/3250 train_time:965.701s step_avg:317.98ms
step:3038/3250 train_time:966.010s step_avg:317.98ms
step:3039/3250 train_time:966.318s step_avg:317.97ms
step:3040/3250 train_time:966.626s step_avg:317.97ms
step:3040/3250 val_loss:3.29360 train_time:966.626s step_avg:309.69ms
probe_ema: n=84934656 align=-0.01910,-0.04023,-0.05612,-0.06392 rel_mse=1.03413,1.02114,1.01303,1.00771
step:3041/3250 train_time:966.965s step_avg:317.98ms
step:3042/3250 train_time:967.274s step_avg:317.97ms
step:3043/3250 train_time:967.582s step_avg:317.97ms
step:3044/3250 train_time:967.893s step_avg:317.97ms
step:3045/3250 train_time:968.201s step_avg:317.96ms
step:3046/3250 train_time:968.507s step_avg:317.96ms
step:3047/3250 train_time:968.815s step_avg:317.96ms
step:3048/3250 train_time:969.121s step_avg:317.95ms
step:3049/3250 train_time:969.432s step_avg:317.95ms
step:3050/3250 train_time:969.739s step_avg:317.95ms
step:3050/3250 val_loss:3.29238 train_time:969.740s step_avg:311.40ms
probe_ema: n=84934656 align=-0.09289,-0.09843,-0.10174,-0.10047 rel_mse=1.06516,1.03519,1.01932,1.01058
step:3051/3250 train_time:970.056s step_avg:317.95ms
step:3052/3250 train_time:970.364s step_avg:317.94ms
step:3053/3250 train_time:970.671s step_avg:317.94ms
step:3054/3250 train_time:970.978s step_avg:317.94ms
step:3055/3250 train_time:971.284s step_avg:317.93ms
step:3056/3250 train_time:971.591s step_avg:317.93ms
step:3057/3250 train_time:971.901s step_avg:317.93ms
step:3058/3250 train_time:972.212s step_avg:317.92ms
step:3059/3250 train_time:972.527s step_avg:317.92ms
step:3060/3250 train_time:972.835s step_avg:317.92ms
step:3060/3250 val_loss:3.29143 train_time:972.835s step_avg:309.52ms
probe_ema: n=84934656 align=-0.01121,-0.04487,-0.06460,-0.07262 rel_mse=1.03041,1.02180,1.01402,1.00831
step:3061/3250 train_time:973.143s step_avg:317.92ms
step:3062/3250 train_time:973.453s step_avg:317.91ms
step:3063/3250 train_time:973.759s step_avg:317.91ms
step:3064/3250 train_time:974.067s step_avg:317.91ms
step:3065/3250 train_time:974.376s step_avg:317.90ms
step:3066/3250 train_time:974.681s step_avg:317.90ms
step:3067/3250 train_time:974.989s step_avg:317.90ms
step:3068/3250 train_time:975.298s step_avg:317.89ms
step:3069/3250 train_time:975.604s step_avg:317.89ms
step:3070/3250 train_time:975.911s step_avg:317.89ms
step:3070/3250 val_loss:3.29006 train_time:975.912s step_avg:307.66ms
probe_ema: n=84934656 align=-0.05814,-0.07103,-0.08080,-0.08411 rel_mse=1.04262,1.02558,1.01529,1.00884
step:3071/3250 train_time:976.225s step_avg:317.89ms
step:3072/3250 train_time:976.534s step_avg:317.88ms
step:3073/3250 train_time:976.841s step_avg:317.88ms
step:3074/3250 train_time:977.147s step_avg:317.87ms
step:3075/3250 train_time:977.452s step_avg:317.87ms
step:3075/3250 val_loss:3.28929 train_time:977.452s step_avg:308.03ms
probe_ema: n=84934656 align=-0.04223,-0.05732,-0.06849,-0.07339 rel_mse=1.04194,1.02535,1.01509,1.00871
step:3076/3250 train_time:977.764s step_avg:317.87ms
step:3077/3250 train_time:978.071s step_avg:317.87ms
step:3078/3250 train_time:978.377s step_avg:317.86ms
step:3079/3250 train_time:978.683s step_avg:317.86ms
step:3080/3250 train_time:978.990s step_avg:317.85ms
step:3080/3250 val_loss:3.28874 train_time:978.990s step_avg:307.71ms
probe_ema: n=84934656 align=-0.04029,-0.05942,-0.07172,-0.07657 rel_mse=1.04128,1.02547,1.01527,1.00881
step:3081/3250 train_time:979.304s step_avg:317.85ms
step:3082/3250 train_time:979.611s step_avg:317.85ms
step:3083/3250 train_time:979.919s step_avg:317.85ms
step:3084/3250 train_time:980.226s step_avg:317.84ms
step:3085/3250 train_time:980.545s step_avg:317.84ms
step:3086/3250 train_time:980.851s step_avg:317.84ms
step:3087/3250 train_time:981.159s step_avg:317.84ms
step:3088/3250 train_time:981.466s step_avg:317.83ms
step:3089/3250 train_time:981.774s step_avg:317.83ms
step:3090/3250 train_time:982.087s step_avg:317.83ms
step:3090/3250 val_loss:3.28757 train_time:982.087s step_avg:309.64ms
probe_ema: n=84934656 align=-0.08984,-0.09798,-0.10119,-0.09880 rel_mse=1.05980,1.03393,1.01904,1.01046
step:3091/3250 train_time:982.394s step_avg:317.82ms
step:3092/3250 train_time:982.705s step_avg:317.82ms
step:3093/3250 train_time:983.012s step_avg:317.82ms
step:3094/3250 train_time:983.326s step_avg:317.82ms
step:3095/3250 train_time:983.635s step_avg:317.81ms
step:3096/3250 train_time:983.944s step_avg:317.81ms
step:3097/3250 train_time:984.252s step_avg:317.81ms
step:3098/3250 train_time:984.557s step_avg:317.80ms
step:3099/3250 train_time:984.869s step_avg:317.80ms
step:3100/3250 train_time:985.177s step_avg:317.80ms
step:3100/3250 val_loss:3.28637 train_time:985.177s step_avg:309.02ms
probe_ema: n=84934656 align=0.00545,-0.02592,-0.04712,-0.05749 rel_mse=1.02842,1.01968,1.01276,1.00766
step:3101/3250 train_time:985.489s step_avg:317.80ms
step:3102/3250 train_time:985.798s step_avg:317.79ms
step:3103/3250 train_time:986.103s step_avg:317.79ms
step:3104/3250 train_time:986.412s step_avg:317.79ms
step:3105/3250 train_time:986.724s step_avg:317.79ms
step:3106/3250 train_time:987.032s step_avg:317.78ms
step:3107/3250 train_time:987.338s step_avg:317.78ms
step:3108/3250 train_time:987.644s step_avg:317.77ms
step:3109/3250 train_time:987.952s step_avg:317.77ms
step:3110/3250 train_time:988.258s step_avg:317.77ms
step:3110/3250 val_loss:3.28522 train_time:988.258s step_avg:308.11ms
probe_ema: n=84934656 align=-0.03039,-0.04899,-0.06272,-0.06880 rel_mse=1.04012,1.02439,1.01465,1.00846
step:3111/3250 train_time:988.573s step_avg:317.77ms
step:3112/3250 train_time:988.882s step_avg:317.76ms
step:3113/3250 train_time:989.189s step_avg:317.76ms
step:3114/3250 train_time:989.495s step_avg:317.76ms
step:3115/3250 train_time:989.802s step_avg:317.75ms
step:3116/3250 train_time:990.116s step_avg:317.75ms
step:3117/3250 train_time:990.424s step_avg:317.75ms
step:3118/3250 train_time:990.732s step_avg:317.75ms
step:3119/3250 train_time:991.039s step_avg:317.74ms
step:3120/3250 train_time:991.348s step_avg:317.74ms
step:3120/3250 val_loss:3.28422 train_time:991.348s step_avg:309.01ms
probe_ema: n=84934656 align=-0.03406,-0.05260,-0.06514,-0.07057 rel_mse=1.04288,1.02617,1.01558,1.00894
step:3121/3250 train_time:991.660s step_avg:317.74ms
step:3122/3250 train_time:991.968s step_avg:317.73ms
step:3123/3250 train_time:992.277s step_avg:317.73ms
step:3124/3250 train_time:992.583s step_avg:317.73ms
step:3125/3250 train_time:992.891s step_avg:317.73ms
step:3125/3250 val_loss:3.28365 train_time:992.891s step_avg:308.57ms
probe_ema: n=84934656 align=-0.02411,-0.04515,-0.05979,-0.06643 rel_mse=1.03603,1.02289,1.01418,1.00834
step:3126/3250 train_time:993.201s step_avg:317.72ms
step:3127/3250 train_time:993.514s step_avg:317.72ms
step:3128/3250 train_time:993.821s step_avg:317.72ms
step:3129/3250 train_time:994.127s step_avg:317.71ms
step:3130/3250 train_time:994.434s step_avg:317.71ms
step:3130/3250 val_loss:3.28296 train_time:994.435s step_avg:308.71ms
probe_ema: n=84934656 align=-0.02370,-0.04035,-0.05293,-0.05898 rel_mse=1.03603,1.02210,1.01343,1.00785
step:3131/3250 train_time:994.746s step_avg:317.71ms
step:3132/3250 train_time:995.055s step_avg:317.71ms
step:3133/3250 train_time:995.363s step_avg:317.70ms
step:3134/3250 train_time:995.667s step_avg:317.70ms
step:3135/3250 train_time:995.975s step_avg:317.70ms
step:3136/3250 train_time:996.282s step_avg:317.69ms
step:3137/3250 train_time:996.588s step_avg:317.69ms
step:3138/3250 train_time:996.894s step_avg:317.68ms
step:3139/3250 train_time:997.202s step_avg:317.68ms
step:3140/3250 train_time:997.509s step_avg:317.68ms
step:3140/3250 val_loss:3.28189 train_time:997.509s step_avg:307.46ms
probe_ema: n=84934656 align=-0.01753,-0.03575,-0.04961,-0.05655 rel_mse=1.03408,1.02086,1.01272,1.00748
step:3141/3250 train_time:997.818s step_avg:317.68ms
step:3142/3250 train_time:998.128s step_avg:317.67ms
step:3143/3250 train_time:998.434s step_avg:317.67ms
step:3144/3250 train_time:998.740s step_avg:317.67ms
step:3145/3250 train_time:999.044s step_avg:317.66ms
step:3146/3250 train_time:999.351s step_avg:317.66ms
step:3147/3250 train_time:999.657s step_avg:317.65ms
step:3148/3250 train_time:999.974s step_avg:317.65ms
step:3149/3250 train_time:1000.282s step_avg:317.65ms
step:3150/3250 train_time:1000.592s step_avg:317.65ms
step:3150/3250 val_loss:3.28080 train_time:1000.592s step_avg:308.33ms
probe_ema: n=84934656 align=-0.00566,-0.02144,-0.03499,-0.04348 rel_mse=1.03312,1.01946,1.01161,1.00682
step:3151/3250 train_time:1000.907s step_avg:317.65ms
step:3152/3250 train_time:1001.214s step_avg:317.64ms
step:3153/3250 train_time:1001.522s step_avg:317.64ms
step:3154/3250 train_time:1001.829s step_avg:317.64ms
step:3155/3250 train_time:1002.136s step_avg:317.63ms
step:3156/3250 train_time:1002.446s step_avg:317.63ms
step:3157/3250 train_time:1002.753s step_avg:317.63ms
step:3158/3250 train_time:1003.065s step_avg:317.63ms
step:3159/3250 train_time:1003.371s step_avg:317.62ms
step:3160/3250 train_time:1003.677s step_avg:317.62ms
step:3160/3250 val_loss:3.27984 train_time:1003.677s step_avg:308.47ms
probe_ema: n=84934656 align=0.04905,0.01389,-0.01027,-0.02479 rel_mse=1.01440,1.01136,1.00794,1.00506
step:3161/3250 train_time:1003.987s step_avg:317.62ms
step:3162/3250 train_time:1004.299s step_avg:317.62ms
step:3163/3250 train_time:1004.609s step_avg:317.61ms
step:3164/3250 train_time:1004.916s step_avg:317.61ms
step:3165/3250 train_time:1005.221s step_avg:317.61ms
step:3166/3250 train_time:1005.532s step_avg:317.60ms
step:3167/3250 train_time:1005.841s step_avg:317.60ms
step:3168/3250 train_time:1006.147s step_avg:317.60ms
step:3169/3250 train_time:1006.454s step_avg:317.59ms
step:3170/3250 train_time:1006.763s step_avg:317.59ms
step:3170/3250 val_loss:3.27895 train_time:1006.764s step_avg:308.63ms
probe_ema: n=84934656 align=0.00017,-0.01879,-0.03238,-0.04028 rel_mse=1.02973,1.01861,1.01127,1.00657
step:3171/3250 train_time:1007.078s step_avg:317.59ms
step:3172/3250 train_time:1007.386s step_avg:317.59ms
step:3173/3250 train_time:1007.694s step_avg:317.58ms
step:3174/3250 train_time:1008.000s step_avg:317.58ms
step:3175/3250 train_time:1008.307s step_avg:317.58ms
step:3175/3250 val_loss:3.27850 train_time:1008.307s step_avg:308.76ms
probe_ema: n=84934656 align=0.00171,-0.01851,-0.03267,-0.04055 rel_mse=1.03056,1.01897,1.01149,1.00667
step:3176/3250 train_time:1008.617s step_avg:317.57ms
step:3177/3250 train_time:1008.926s step_avg:317.57ms
step:3178/3250 train_time:1009.231s step_avg:317.57ms
step:3179/3250 train_time:1009.538s step_avg:317.56ms
step:3180/3250 train_time:1009.861s step_avg:317.57ms
step:3180/3250 val_loss:3.27811 train_time:1009.862s step_avg:310.85ms
probe_ema: n=84934656 align=-0.03076,-0.04260,-0.05102,-0.05455 rel_mse=1.04037,1.02377,1.01383,1.00780
step:3181/3250 train_time:1010.172s step_avg:317.56ms
step:3182/3250 train_time:1010.479s step_avg:317.56ms
step:3183/3250 train_time:1010.786s step_avg:317.56ms
step:3184/3250 train_time:1011.094s step_avg:317.55ms
step:3185/3250 train_time:1011.401s step_avg:317.55ms
step:3186/3250 train_time:1011.710s step_avg:317.55ms
step:3187/3250 train_time:1012.018s step_avg:317.55ms
step:3188/3250 train_time:1012.325s step_avg:317.54ms
step:3189/3250 train_time:1012.634s step_avg:317.54ms
step:3190/3250 train_time:1012.941s step_avg:317.54ms
step:3190/3250 val_loss:3.27724 train_time:1012.941s step_avg:307.94ms
probe_ema: n=84934656 align=-0.02104,-0.03115,-0.03884,-0.04319 rel_mse=1.03797,1.02191,1.01252,1.00706
step:3191/3250 train_time:1013.251s step_avg:317.53ms
step:3192/3250 train_time:1013.562s step_avg:317.53ms
step:3193/3250 train_time:1013.869s step_avg:317.53ms
step:3194/3250 train_time:1014.176s step_avg:317.53ms
step:3195/3250 train_time:1014.483s step_avg:317.52ms
step:3196/3250 train_time:1014.789s step_avg:317.52ms
step:3197/3250 train_time:1015.095s step_avg:317.52ms
step:3198/3250 train_time:1015.403s step_avg:317.51ms
step:3199/3250 train_time:1015.711s step_avg:317.51ms
step:3200/3250 train_time:1016.021s step_avg:317.51ms
step:3200/3250 val_loss:3.27651 train_time:1016.021s step_avg:308.02ms
probe_ema: n=84934656 align=0.01330,-0.01000,-0.02596,-0.03477 rel_mse=1.02707,1.01746,1.01069,1.00622
step:3201/3250 train_time:1016.332s step_avg:317.50ms
step:3202/3250 train_time:1016.641s step_avg:317.50ms
step:3203/3250 train_time:1016.947s step_avg:317.50ms
step:3204/3250 train_time:1017.254s step_avg:317.50ms
step:3205/3250 train_time:1017.560s step_avg:317.49ms
step:3206/3250 train_time:1017.869s step_avg:317.49ms
step:3207/3250 train_time:1018.175s step_avg:317.49ms
step:3208/3250 train_time:1018.483s step_avg:317.48ms
step:3209/3250 train_time:1018.795s step_avg:317.48ms
step:3210/3250 train_time:1019.105s step_avg:317.48ms
step:3210/3250 val_loss:3.27586 train_time:1019.105s step_avg:308.43ms
probe_ema: n=84934656 align=0.03674,0.01162,-0.00745,-0.01901 rel_mse=1.01958,1.01280,1.00826,1.00499
step:3211/3250 train_time:1019.419s step_avg:317.48ms
step:3212/3250 train_time:1019.729s step_avg:317.47ms
step:3213/3250 train_time:1020.039s step_avg:317.47ms
step:3214/3250 train_time:1020.346s step_avg:317.47ms
step:3215/3250 train_time:1020.658s step_avg:317.47ms
step:3216/3250 train_time:1020.966s step_avg:317.46ms
step:3217/3250 train_time:1021.275s step_avg:317.46ms
step:3218/3250 train_time:1021.585s step_avg:317.46ms
step:3219/3250 train_time:1021.893s step_avg:317.46ms
step:3220/3250 train_time:1022.201s step_avg:317.45ms
step:3220/3250 val_loss:3.27525 train_time:1022.201s step_avg:309.60ms
probe_ema: n=84934656 align=0.01277,0.00449,-0.00649,-0.01572 rel_mse=1.02901,1.01548,1.00863,1.00487
step:3221/3250 train_time:1022.515s step_avg:317.45ms
step:3222/3250 train_time:1022.824s step_avg:317.45ms
step:3223/3250 train_time:1023.131s step_avg:317.45ms
step:3224/3250 train_time:1023.439s step_avg:317.44ms
step:3225/3250 train_time:1023.749s step_avg:317.44ms
step:3225/3250 val_loss:3.27502 train_time:1023.749s step_avg:309.54ms
probe_ema: n=84934656 align=0.01369,0.00488,-0.00545,-0.01421 rel_mse=1.02845,1.01531,1.00852,1.00478
step:3226/3250 train_time:1024.060s step_avg:317.44ms
step:3227/3250 train_time:1024.369s step_avg:317.44ms
step:3228/3250 train_time:1024.676s step_avg:317.43ms
step:3229/3250 train_time:1024.984s step_avg:317.43ms
step:3230/3250 train_time:1025.292s step_avg:317.43ms
step:3230/3250 val_loss:3.27483 train_time:1025.292s step_avg:308.62ms
probe_ema: n=84934656 align=0.03396,0.01692,0.00273,-0.00800 rel_mse=1.02153,1.01248,1.00723,1.00413
step:3231/3250 train_time:1025.635s step_avg:317.44ms
step:3232/3250 train_time:1025.943s step_avg:317.43ms
step:3233/3250 train_time:1026.251s step_avg:317.43ms
step:3234/3250 train_time:1026.557s step_avg:317.43ms
step:3235/3250 train_time:1026.863s step_avg:317.42ms
step:3236/3250 train_time:1027.172s step_avg:317.42ms
step:3237/3250 train_time:1027.483s step_avg:317.42ms
step:3238/3250 train_time:1027.797s step_avg:317.42ms
step:3239/3250 train_time:1028.101s step_avg:317.41ms
step:3240/3250 train_time:1028.408s step_avg:317.41ms
step:3240/3250 val_loss:3.27452 train_time:1028.408s step_avg:311.61ms
probe_ema: n=84934656 align=0.00691,0.00521,-0.00057,-0.00761 rel_mse=1.03211,1.01616,1.00822,1.00431
step:3241/3250 train_time:1028.721s step_avg:317.41ms
step:3242/3250 train_time:1029.029s step_avg:317.41ms
step:3243/3250 train_time:1029.337s step_avg:317.40ms
step:3244/3250 train_time:1029.643s step_avg:317.40ms
step:3245/3250 train_time:1029.948s step_avg:317.40ms
step:3246/3250 train_time:1030.255s step_avg:317.39ms
step:3247/3250 train_time:1030.562s step_avg:317.39ms
step:3248/3250 train_time:1030.867s step_avg:317.39ms
step:3249/3250 train_time:1031.174s step_avg:317.38ms
step:3250/3250 train_time:1031.483s step_avg:317.38ms
step:3250/3250 val_loss:3.27438 train_time:1031.484s step_avg:307.54ms
probe_ema: n=84934656 align=0.08003,0.07238,0.05732,0.04101 rel_mse=1.00703,0.99943,0.99841,0.99898
==== 2026-08-23 05:05:56 A36_age36 exit=0 final=3.27438 ====
