W0822 03:45:55.288000 122977 torch/distributed/run.py:774] 
W0822 03:45:55.288000 122977 torch/distributed/run.py:774] *****************************************
W0822 03:45:55.288000 122977 torch/distributed/run.py:774] Setting OMP_NUM_THREADS environment variable for each process to be 1 in default, to avoid your system being overloaded, please further tune the variable for optimal performance in your application as needed. 
W0822 03:45:55.288000 122977 torch/distributed/run.py:774] *****************************************
logs/13bcfc92-b7e8-456c-b0d7-78b1904a8cfb.txt
step:0/3250 val_loss:10.82584 train_time:0.000s step_avg:nanms
step:1/3250 train_time:9.208s step_avg:9208.22ms
step:2/3250 train_time:9.483s step_avg:4741.25ms
step:3/3250 train_time:9.774s step_avg:3258.04ms
step:4/3250 train_time:10.070s step_avg:2517.38ms
step:5/3250 train_time:10.372s step_avg:2074.41ms
step:6/3250 train_time:10.672s step_avg:1778.72ms
step:7/3250 train_time:10.971s step_avg:1567.23ms
step:8/3250 train_time:11.271s step_avg:1408.87ms
step:9/3250 train_time:11.574s step_avg:1286.00ms
step:10/3250 train_time:11.875s step_avg:1187.48ms
step:11/3250 train_time:12.171s step_avg:1106.44ms
step:12/3250 train_time:12.472s step_avg:1039.33ms
step:13/3250 train_time:12.773s step_avg:982.55ms
step:14/3250 train_time:13.071s step_avg:933.63ms
step:15/3250 train_time:13.372s step_avg:891.45ms
step:16/3250 train_time:13.673s step_avg:854.54ms
step:17/3250 train_time:13.973s step_avg:821.91ms
step:18/3250 train_time:14.272s step_avg:792.91ms
step:19/3250 train_time:14.572s step_avg:766.96ms
step:20/3250 train_time:14.873s step_avg:743.63ms
step:21/3250 train_time:15.172s step_avg:722.47ms
step:22/3250 train_time:15.472s step_avg:703.29ms
step:23/3250 train_time:15.774s step_avg:685.81ms
step:24/3250 train_time:16.072s step_avg:669.68ms
step:25/3250 train_time:16.372s step_avg:654.89ms
step:26/3250 train_time:16.674s step_avg:641.31ms
step:27/3250 train_time:16.973s step_avg:628.61ms
step:28/3250 train_time:17.273s step_avg:616.90ms
step:29/3250 train_time:17.573s step_avg:605.96ms
step:30/3250 train_time:17.874s step_avg:595.80ms
step:31/3250 train_time:18.173s step_avg:586.22ms
step:32/3250 train_time:18.474s step_avg:577.30ms
step:33/3250 train_time:18.774s step_avg:568.91ms
step:34/3250 train_time:19.075s step_avg:561.02ms
step:35/3250 train_time:19.376s step_avg:553.59ms
step:36/3250 train_time:19.676s step_avg:546.55ms
step:37/3250 train_time:19.975s step_avg:539.87ms
step:38/3250 train_time:20.276s step_avg:533.57ms
step:39/3250 train_time:20.576s step_avg:527.58ms
step:40/3250 train_time:20.875s step_avg:521.88ms
step:41/3250 train_time:21.175s step_avg:516.47ms
step:42/3250 train_time:21.476s step_avg:511.33ms
step:43/3250 train_time:21.778s step_avg:506.47ms
step:44/3250 train_time:22.077s step_avg:501.75ms
step:45/3250 train_time:22.374s step_avg:497.21ms
step:46/3250 train_time:22.676s step_avg:492.95ms
step:47/3250 train_time:22.975s step_avg:488.83ms
step:48/3250 train_time:23.274s step_avg:484.87ms
step:49/3250 train_time:23.573s step_avg:481.08ms
step:50/3250 train_time:23.873s step_avg:477.47ms
step:51/3250 train_time:24.173s step_avg:473.99ms
step:52/3250 train_time:24.473s step_avg:470.64ms
step:53/3250 train_time:24.774s step_avg:467.43ms
step:54/3250 train_time:25.074s step_avg:464.34ms
step:55/3250 train_time:25.374s step_avg:461.35ms
step:56/3250 train_time:25.675s step_avg:458.49ms
step:57/3250 train_time:25.974s step_avg:455.69ms
step:58/3250 train_time:26.273s step_avg:452.98ms
step:59/3250 train_time:26.574s step_avg:450.41ms
step:60/3250 train_time:26.874s step_avg:447.89ms
step:61/3250 train_time:27.173s step_avg:445.46ms
step:62/3250 train_time:27.474s step_avg:443.13ms
step:63/3250 train_time:27.774s step_avg:440.86ms
step:64/3250 train_time:28.074s step_avg:438.66ms
step:65/3250 train_time:28.375s step_avg:436.54ms
step:66/3250 train_time:28.674s step_avg:434.45ms
step:67/3250 train_time:28.974s step_avg:432.44ms
step:68/3250 train_time:29.274s step_avg:430.50ms
step:69/3250 train_time:29.573s step_avg:428.60ms
step:70/3250 train_time:29.874s step_avg:426.78ms
step:71/3250 train_time:30.174s step_avg:424.98ms
step:72/3250 train_time:30.473s step_avg:423.23ms
step:73/3250 train_time:30.774s step_avg:421.56ms
step:74/3250 train_time:31.077s step_avg:419.95ms
step:75/3250 train_time:31.377s step_avg:418.36ms
step:76/3250 train_time:31.675s step_avg:416.77ms
step:77/3250 train_time:31.974s step_avg:415.25ms
step:78/3250 train_time:32.274s step_avg:413.77ms
step:79/3250 train_time:32.574s step_avg:412.33ms
step:80/3250 train_time:32.873s step_avg:410.92ms
step:81/3250 train_time:33.174s step_avg:409.56ms
step:82/3250 train_time:33.474s step_avg:408.22ms
step:83/3250 train_time:33.774s step_avg:406.91ms
step:84/3250 train_time:34.074s step_avg:405.64ms
step:85/3250 train_time:34.374s step_avg:404.40ms
step:86/3250 train_time:34.675s step_avg:403.20ms
step:87/3250 train_time:34.975s step_avg:402.01ms
step:88/3250 train_time:35.274s step_avg:400.84ms
step:89/3250 train_time:35.575s step_avg:399.72ms
step:90/3250 train_time:35.874s step_avg:398.60ms
step:91/3250 train_time:36.175s step_avg:397.53ms
step:92/3250 train_time:36.475s step_avg:396.46ms
step:93/3250 train_time:36.775s step_avg:395.43ms
step:94/3250 train_time:37.074s step_avg:394.41ms
step:95/3250 train_time:37.374s step_avg:393.42ms
step:96/3250 train_time:37.674s step_avg:392.44ms
step:97/3250 train_time:37.975s step_avg:391.49ms
step:98/3250 train_time:38.275s step_avg:390.56ms
step:99/3250 train_time:38.578s step_avg:389.67ms
step:100/3250 train_time:38.876s step_avg:388.76ms
step:101/3250 train_time:39.177s step_avg:387.89ms
step:102/3250 train_time:39.476s step_avg:387.02ms
step:103/3250 train_time:39.775s step_avg:386.17ms
step:104/3250 train_time:40.075s step_avg:385.34ms
step:105/3250 train_time:40.375s step_avg:384.53ms
step:106/3250 train_time:40.677s step_avg:383.75ms
step:107/3250 train_time:40.978s step_avg:382.97ms
step:108/3250 train_time:41.274s step_avg:382.17ms
step:109/3250 train_time:41.579s step_avg:381.46ms
step:110/3250 train_time:41.877s step_avg:380.70ms
step:111/3250 train_time:42.174s step_avg:379.95ms
step:112/3250 train_time:42.474s step_avg:379.23ms
step:113/3250 train_time:42.774s step_avg:378.53ms
step:114/3250 train_time:43.073s step_avg:377.83ms
step:115/3250 train_time:43.373s step_avg:377.16ms
step:116/3250 train_time:43.674s step_avg:376.50ms
step:117/3250 train_time:43.975s step_avg:375.86ms
step:118/3250 train_time:44.276s step_avg:375.22ms
step:119/3250 train_time:44.577s step_avg:374.60ms
step:120/3250 train_time:44.876s step_avg:373.97ms
step:121/3250 train_time:45.175s step_avg:373.35ms
step:122/3250 train_time:45.474s step_avg:372.74ms
step:123/3250 train_time:45.775s step_avg:372.15ms
step:124/3250 train_time:46.077s step_avg:371.59ms
step:125/3250 train_time:46.373s step_avg:370.99ms
step:125/3250 val_loss:4.58961 train_time:46.377s step_avg:371.02ms
step:126/3250 train_time:46.673s step_avg:370.42ms
step:127/3250 train_time:46.971s step_avg:369.85ms
step:128/3250 train_time:47.270s step_avg:369.30ms
step:129/3250 train_time:47.571s step_avg:368.77ms
step:130/3250 train_time:47.872s step_avg:368.24ms
step:131/3250 train_time:48.169s step_avg:367.70ms
step:132/3250 train_time:48.470s step_avg:367.19ms
step:133/3250 train_time:48.770s step_avg:366.69ms
step:134/3250 train_time:49.069s step_avg:366.19ms
step:135/3250 train_time:49.368s step_avg:365.69ms
step:136/3250 train_time:49.670s step_avg:365.22ms
step:137/3250 train_time:49.970s step_avg:364.74ms
step:138/3250 train_time:50.267s step_avg:364.25ms
step:139/3250 train_time:50.568s step_avg:363.80ms
step:140/3250 train_time:50.870s step_avg:363.35ms
step:141/3250 train_time:51.171s step_avg:362.91ms
step:142/3250 train_time:51.469s step_avg:362.46ms
step:143/3250 train_time:51.770s step_avg:362.03ms
step:144/3250 train_time:52.071s step_avg:361.60ms
step:145/3250 train_time:52.371s step_avg:361.18ms
step:146/3250 train_time:52.670s step_avg:360.75ms
step:147/3250 train_time:52.971s step_avg:360.34ms
step:148/3250 train_time:53.274s step_avg:359.96ms
step:149/3250 train_time:53.573s step_avg:359.55ms
step:150/3250 train_time:53.871s step_avg:359.14ms
step:151/3250 train_time:54.169s step_avg:358.73ms
step:152/3250 train_time:54.469s step_avg:358.35ms
step:153/3250 train_time:54.769s step_avg:357.97ms
step:154/3250 train_time:55.071s step_avg:357.60ms
step:155/3250 train_time:55.368s step_avg:357.22ms
step:156/3250 train_time:55.669s step_avg:356.85ms
step:157/3250 train_time:55.969s step_avg:356.49ms
step:158/3250 train_time:56.271s step_avg:356.14ms
step:159/3250 train_time:56.568s step_avg:355.78ms
step:160/3250 train_time:56.869s step_avg:355.43ms
step:161/3250 train_time:57.169s step_avg:355.09ms
step:162/3250 train_time:57.470s step_avg:354.75ms
step:163/3250 train_time:57.769s step_avg:354.41ms
step:164/3250 train_time:58.068s step_avg:354.07ms
step:165/3250 train_time:58.370s step_avg:353.76ms
step:166/3250 train_time:58.670s step_avg:353.44ms
step:167/3250 train_time:58.971s step_avg:353.12ms
step:168/3250 train_time:59.270s step_avg:352.80ms
step:169/3250 train_time:59.571s step_avg:352.49ms
step:170/3250 train_time:59.871s step_avg:352.18ms
step:171/3250 train_time:60.169s step_avg:351.87ms
step:172/3250 train_time:60.470s step_avg:351.57ms
step:173/3250 train_time:60.769s step_avg:351.26ms
step:174/3250 train_time:61.068s step_avg:350.97ms
step:175/3250 train_time:61.370s step_avg:350.68ms
step:176/3250 train_time:61.668s step_avg:350.39ms
step:177/3250 train_time:61.970s step_avg:350.11ms
step:178/3250 train_time:62.269s step_avg:349.83ms
step:179/3250 train_time:62.569s step_avg:349.55ms
step:180/3250 train_time:62.868s step_avg:349.27ms
step:181/3250 train_time:63.168s step_avg:349.00ms
step:182/3250 train_time:63.468s step_avg:348.73ms
step:183/3250 train_time:63.769s step_avg:348.46ms
step:184/3250 train_time:64.070s step_avg:348.21ms
step:185/3250 train_time:64.367s step_avg:347.93ms
step:186/3250 train_time:64.667s step_avg:347.67ms
step:187/3250 train_time:64.969s step_avg:347.43ms
step:188/3250 train_time:65.270s step_avg:347.18ms
step:189/3250 train_time:65.569s step_avg:346.92ms
step:190/3250 train_time:65.868s step_avg:346.67ms
step:191/3250 train_time:66.308s step_avg:347.16ms
step:192/3250 train_time:66.606s step_avg:346.91ms
step:193/3250 train_time:66.908s step_avg:346.67ms
step:194/3250 train_time:67.212s step_avg:346.45ms
step:195/3250 train_time:67.510s step_avg:346.20ms
step:196/3250 train_time:67.808s step_avg:345.96ms
step:197/3250 train_time:68.112s step_avg:345.75ms
step:198/3250 train_time:68.410s step_avg:345.50ms
step:199/3250 train_time:68.707s step_avg:345.26ms
step:200/3250 train_time:69.009s step_avg:345.05ms
step:201/3250 train_time:69.312s step_avg:344.83ms
step:202/3250 train_time:69.609s step_avg:344.60ms
step:203/3250 train_time:69.908s step_avg:344.37ms
step:204/3250 train_time:70.209s step_avg:344.16ms
step:205/3250 train_time:70.509s step_avg:343.95ms
step:206/3250 train_time:70.811s step_avg:343.74ms
step:207/3250 train_time:71.111s step_avg:343.53ms
step:208/3250 train_time:71.409s step_avg:343.31ms
step:209/3250 train_time:71.710s step_avg:343.11ms
step:210/3250 train_time:72.010s step_avg:342.90ms
step:211/3250 train_time:72.308s step_avg:342.69ms
step:212/3250 train_time:72.608s step_avg:342.49ms
step:213/3250 train_time:72.909s step_avg:342.29ms
step:214/3250 train_time:73.209s step_avg:342.10ms
step:215/3250 train_time:73.509s step_avg:341.90ms
step:216/3250 train_time:73.809s step_avg:341.71ms
step:217/3250 train_time:74.109s step_avg:341.52ms
step:218/3250 train_time:74.410s step_avg:341.33ms
step:219/3250 train_time:74.711s step_avg:341.14ms
step:220/3250 train_time:75.010s step_avg:340.96ms
step:221/3250 train_time:75.310s step_avg:340.77ms
step:222/3250 train_time:75.610s step_avg:340.58ms
step:223/3250 train_time:75.909s step_avg:340.40ms
step:224/3250 train_time:76.210s step_avg:340.22ms
step:225/3250 train_time:76.510s step_avg:340.04ms
step:226/3250 train_time:76.811s step_avg:339.87ms
step:227/3250 train_time:77.111s step_avg:339.70ms
step:228/3250 train_time:77.410s step_avg:339.52ms
step:229/3250 train_time:77.709s step_avg:339.34ms
step:230/3250 train_time:78.010s step_avg:339.17ms
step:231/3250 train_time:78.310s step_avg:339.00ms
step:232/3250 train_time:78.609s step_avg:338.83ms
step:233/3250 train_time:78.910s step_avg:338.67ms
step:234/3250 train_time:79.211s step_avg:338.51ms
step:235/3250 train_time:79.511s step_avg:338.35ms
step:236/3250 train_time:79.810s step_avg:338.18ms
step:237/3250 train_time:80.110s step_avg:338.02ms
step:238/3250 train_time:80.411s step_avg:337.86ms
step:239/3250 train_time:80.711s step_avg:337.70ms
step:240/3250 train_time:81.009s step_avg:337.54ms
step:241/3250 train_time:81.309s step_avg:337.38ms
step:242/3250 train_time:81.609s step_avg:337.23ms
step:243/3250 train_time:81.908s step_avg:337.07ms
step:244/3250 train_time:82.208s step_avg:336.92ms
step:245/3250 train_time:82.509s step_avg:336.77ms
step:246/3250 train_time:82.810s step_avg:336.63ms
step:247/3250 train_time:83.109s step_avg:336.47ms
step:248/3250 train_time:83.410s step_avg:336.33ms
step:249/3250 train_time:83.709s step_avg:336.18ms
step:250/3250 train_time:84.009s step_avg:336.04ms
step:250/3250 val_loss:4.09934 train_time:84.013s step_avg:301.09ms
step:251/3250 train_time:84.308s step_avg:335.89ms
step:252/3250 train_time:84.607s step_avg:335.74ms
step:253/3250 train_time:84.905s step_avg:335.59ms
step:254/3250 train_time:85.204s step_avg:335.45ms
step:255/3250 train_time:85.500s step_avg:335.29ms
step:256/3250 train_time:85.798s step_avg:335.15ms
step:257/3250 train_time:86.099s step_avg:335.02ms
step:258/3250 train_time:86.398s step_avg:334.88ms
step:259/3250 train_time:86.697s step_avg:334.74ms
step:260/3250 train_time:86.998s step_avg:334.61ms
step:261/3250 train_time:87.298s step_avg:334.47ms
step:262/3250 train_time:87.598s step_avg:334.34ms
step:263/3250 train_time:87.897s step_avg:334.21ms
step:264/3250 train_time:88.197s step_avg:334.08ms
step:265/3250 train_time:88.497s step_avg:333.95ms
step:266/3250 train_time:88.796s step_avg:333.82ms
step:267/3250 train_time:89.096s step_avg:333.69ms
step:268/3250 train_time:89.394s step_avg:333.56ms
step:269/3250 train_time:89.695s step_avg:333.44ms
step:270/3250 train_time:89.995s step_avg:333.31ms
step:271/3250 train_time:90.294s step_avg:333.19ms
step:272/3250 train_time:90.595s step_avg:333.07ms
step:273/3250 train_time:90.896s step_avg:332.95ms
step:274/3250 train_time:91.196s step_avg:332.83ms
step:275/3250 train_time:91.495s step_avg:332.71ms
step:276/3250 train_time:91.797s step_avg:332.60ms
step:277/3250 train_time:92.098s step_avg:332.48ms
step:278/3250 train_time:92.396s step_avg:332.36ms
step:279/3250 train_time:92.696s step_avg:332.24ms
step:280/3250 train_time:92.997s step_avg:332.13ms
step:281/3250 train_time:93.296s step_avg:332.02ms
step:282/3250 train_time:93.596s step_avg:331.90ms
step:283/3250 train_time:93.896s step_avg:331.79ms
step:284/3250 train_time:94.197s step_avg:331.68ms
step:285/3250 train_time:94.496s step_avg:331.56ms
step:286/3250 train_time:94.795s step_avg:331.45ms
step:287/3250 train_time:95.095s step_avg:331.34ms
step:288/3250 train_time:95.394s step_avg:331.23ms
step:289/3250 train_time:95.695s step_avg:331.12ms
step:290/3250 train_time:95.996s step_avg:331.02ms
step:291/3250 train_time:96.296s step_avg:330.91ms
step:292/3250 train_time:96.595s step_avg:330.80ms
step:293/3250 train_time:96.895s step_avg:330.70ms
step:294/3250 train_time:97.196s step_avg:330.60ms
step:295/3250 train_time:97.496s step_avg:330.50ms
step:296/3250 train_time:97.796s step_avg:330.39ms
step:297/3250 train_time:98.096s step_avg:330.29ms
step:298/3250 train_time:98.396s step_avg:330.19ms
step:299/3250 train_time:98.696s step_avg:330.09ms
step:300/3250 train_time:98.996s step_avg:329.99ms
step:301/3250 train_time:99.296s step_avg:329.89ms
step:302/3250 train_time:99.596s step_avg:329.79ms
step:303/3250 train_time:99.896s step_avg:329.69ms
step:304/3250 train_time:100.196s step_avg:329.59ms
step:305/3250 train_time:100.496s step_avg:329.50ms
step:306/3250 train_time:100.797s step_avg:329.40ms
step:307/3250 train_time:101.097s step_avg:329.31ms
step:308/3250 train_time:101.396s step_avg:329.21ms
step:309/3250 train_time:101.696s step_avg:329.11ms
step:310/3250 train_time:101.995s step_avg:329.02ms
step:311/3250 train_time:102.296s step_avg:328.93ms
step:312/3250 train_time:102.597s step_avg:328.84ms
step:313/3250 train_time:102.898s step_avg:328.75ms
step:314/3250 train_time:103.195s step_avg:328.65ms
step:315/3250 train_time:103.495s step_avg:328.56ms
step:316/3250 train_time:103.796s step_avg:328.47ms
step:317/3250 train_time:104.095s step_avg:328.38ms
step:318/3250 train_time:104.396s step_avg:328.29ms
step:319/3250 train_time:104.695s step_avg:328.20ms
step:320/3250 train_time:104.996s step_avg:328.11ms
step:321/3250 train_time:105.295s step_avg:328.02ms
step:322/3250 train_time:105.595s step_avg:327.94ms
step:323/3250 train_time:105.896s step_avg:327.85ms
step:324/3250 train_time:106.196s step_avg:327.77ms
step:325/3250 train_time:106.496s step_avg:327.68ms
step:326/3250 train_time:106.796s step_avg:327.59ms
step:327/3250 train_time:107.097s step_avg:327.51ms
step:328/3250 train_time:107.397s step_avg:327.43ms
step:329/3250 train_time:107.696s step_avg:327.34ms
step:330/3250 train_time:107.996s step_avg:327.26ms
step:331/3250 train_time:108.296s step_avg:327.18ms
step:332/3250 train_time:108.597s step_avg:327.10ms
step:333/3250 train_time:108.897s step_avg:327.02ms
step:334/3250 train_time:109.196s step_avg:326.93ms
step:335/3250 train_time:109.496s step_avg:326.85ms
step:336/3250 train_time:109.796s step_avg:326.77ms
step:337/3250 train_time:110.094s step_avg:326.69ms
step:338/3250 train_time:110.395s step_avg:326.61ms
step:339/3250 train_time:110.696s step_avg:326.54ms
step:340/3250 train_time:110.995s step_avg:326.46ms
step:341/3250 train_time:111.294s step_avg:326.38ms
step:342/3250 train_time:111.595s step_avg:326.30ms
step:343/3250 train_time:111.895s step_avg:326.22ms
step:344/3250 train_time:112.196s step_avg:326.15ms
step:345/3250 train_time:112.496s step_avg:326.08ms
step:346/3250 train_time:112.798s step_avg:326.01ms
step:347/3250 train_time:113.095s step_avg:325.92ms
step:348/3250 train_time:113.395s step_avg:325.85ms
step:349/3250 train_time:113.695s step_avg:325.77ms
step:350/3250 train_time:113.995s step_avg:325.70ms
step:351/3250 train_time:114.295s step_avg:325.63ms
step:352/3250 train_time:114.596s step_avg:325.56ms
step:353/3250 train_time:114.895s step_avg:325.48ms
step:354/3250 train_time:115.195s step_avg:325.41ms
step:355/3250 train_time:115.496s step_avg:325.34ms
step:356/3250 train_time:115.797s step_avg:325.27ms
step:357/3250 train_time:116.097s step_avg:325.20ms
step:358/3250 train_time:116.397s step_avg:325.13ms
step:359/3250 train_time:116.696s step_avg:325.06ms
step:360/3250 train_time:116.996s step_avg:324.99ms
step:361/3250 train_time:117.297s step_avg:324.92ms
step:362/3250 train_time:117.597s step_avg:324.85ms
step:363/3250 train_time:117.897s step_avg:324.78ms
step:364/3250 train_time:118.197s step_avg:324.72ms
step:365/3250 train_time:118.498s step_avg:324.65ms
step:366/3250 train_time:118.797s step_avg:324.58ms
step:367/3250 train_time:119.097s step_avg:324.51ms
step:368/3250 train_time:119.396s step_avg:324.44ms
step:369/3250 train_time:119.697s step_avg:324.38ms
step:370/3250 train_time:119.995s step_avg:324.31ms
step:371/3250 train_time:120.296s step_avg:324.25ms
step:372/3250 train_time:120.596s step_avg:324.18ms
step:373/3250 train_time:120.896s step_avg:324.12ms
step:374/3250 train_time:121.199s step_avg:324.06ms
step:375/3250 train_time:121.497s step_avg:323.99ms
step:375/3250 val_loss:3.93097 train_time:121.501s step_avg:299.90ms
step:376/3250 train_time:121.798s step_avg:323.93ms
step:377/3250 train_time:122.100s step_avg:323.87ms
step:378/3250 train_time:122.401s step_avg:323.81ms
step:379/3250 train_time:122.703s step_avg:323.75ms
step:380/3250 train_time:123.003s step_avg:323.69ms
step:381/3250 train_time:123.358s step_avg:323.77ms
step:382/3250 train_time:123.658s step_avg:323.71ms
step:383/3250 train_time:123.958s step_avg:323.65ms
step:384/3250 train_time:124.261s step_avg:323.60ms
step:385/3250 train_time:124.564s step_avg:323.54ms
step:386/3250 train_time:124.860s step_avg:323.47ms
step:387/3250 train_time:125.162s step_avg:323.42ms
step:388/3250 train_time:125.468s step_avg:323.37ms
step:389/3250 train_time:125.767s step_avg:323.31ms
step:390/3250 train_time:126.066s step_avg:323.25ms
step:391/3250 train_time:126.362s step_avg:323.18ms
step:392/3250 train_time:126.662s step_avg:323.12ms
step:393/3250 train_time:126.963s step_avg:323.06ms
step:394/3250 train_time:127.262s step_avg:323.00ms
step:395/3250 train_time:127.562s step_avg:322.94ms
step:396/3250 train_time:127.862s step_avg:322.88ms
step:397/3250 train_time:128.161s step_avg:322.82ms
step:398/3250 train_time:128.463s step_avg:322.77ms
step:399/3250 train_time:128.761s step_avg:322.71ms
step:400/3250 train_time:129.062s step_avg:322.65ms
step:401/3250 train_time:129.361s step_avg:322.60ms
step:402/3250 train_time:129.661s step_avg:322.54ms
step:403/3250 train_time:129.961s step_avg:322.48ms
step:404/3250 train_time:130.262s step_avg:322.43ms
step:405/3250 train_time:130.563s step_avg:322.38ms
step:406/3250 train_time:130.862s step_avg:322.32ms
step:407/3250 train_time:131.161s step_avg:322.26ms
step:408/3250 train_time:131.462s step_avg:322.21ms
step:409/3250 train_time:131.762s step_avg:322.16ms
step:410/3250 train_time:132.062s step_avg:322.10ms
step:411/3250 train_time:132.363s step_avg:322.05ms
step:412/3250 train_time:132.662s step_avg:321.99ms
step:413/3250 train_time:132.963s step_avg:321.94ms
step:414/3250 train_time:133.262s step_avg:321.89ms
step:415/3250 train_time:133.562s step_avg:321.84ms
step:416/3250 train_time:133.861s step_avg:321.78ms
step:417/3250 train_time:134.162s step_avg:321.73ms
step:418/3250 train_time:134.462s step_avg:321.68ms
step:419/3250 train_time:134.762s step_avg:321.63ms
step:420/3250 train_time:135.061s step_avg:321.57ms
step:421/3250 train_time:135.361s step_avg:321.52ms
step:422/3250 train_time:135.661s step_avg:321.47ms
step:423/3250 train_time:135.962s step_avg:321.42ms
step:424/3250 train_time:136.262s step_avg:321.37ms
step:425/3250 train_time:136.562s step_avg:321.32ms
step:426/3250 train_time:136.861s step_avg:321.27ms
step:427/3250 train_time:137.161s step_avg:321.22ms
step:428/3250 train_time:137.461s step_avg:321.17ms
step:429/3250 train_time:137.761s step_avg:321.12ms
step:430/3250 train_time:138.060s step_avg:321.07ms
step:431/3250 train_time:138.361s step_avg:321.02ms
step:432/3250 train_time:138.661s step_avg:320.97ms
step:433/3250 train_time:138.961s step_avg:320.93ms
step:434/3250 train_time:139.261s step_avg:320.88ms
step:435/3250 train_time:139.563s step_avg:320.83ms
step:436/3250 train_time:139.862s step_avg:320.79ms
step:437/3250 train_time:140.162s step_avg:320.74ms
step:438/3250 train_time:140.462s step_avg:320.69ms
step:439/3250 train_time:140.764s step_avg:320.65ms
step:440/3250 train_time:141.062s step_avg:320.60ms
step:441/3250 train_time:141.362s step_avg:320.55ms
step:442/3250 train_time:141.662s step_avg:320.50ms
step:443/3250 train_time:141.962s step_avg:320.46ms
step:444/3250 train_time:142.263s step_avg:320.41ms
step:445/3250 train_time:142.563s step_avg:320.37ms
step:446/3250 train_time:142.861s step_avg:320.32ms
step:447/3250 train_time:143.161s step_avg:320.27ms
step:448/3250 train_time:143.461s step_avg:320.23ms
step:449/3250 train_time:143.761s step_avg:320.18ms
step:450/3250 train_time:144.062s step_avg:320.14ms
step:451/3250 train_time:144.362s step_avg:320.09ms
step:452/3250 train_time:144.662s step_avg:320.05ms
step:453/3250 train_time:144.963s step_avg:320.01ms
step:454/3250 train_time:145.263s step_avg:319.96ms
step:455/3250 train_time:145.563s step_avg:319.92ms
step:456/3250 train_time:145.861s step_avg:319.87ms
step:457/3250 train_time:146.162s step_avg:319.83ms
step:458/3250 train_time:146.462s step_avg:319.79ms
step:459/3250 train_time:146.761s step_avg:319.74ms
step:460/3250 train_time:147.062s step_avg:319.70ms
step:461/3250 train_time:147.361s step_avg:319.66ms
step:462/3250 train_time:147.660s step_avg:319.61ms
step:463/3250 train_time:147.961s step_avg:319.57ms
step:464/3250 train_time:148.260s step_avg:319.53ms
step:465/3250 train_time:148.561s step_avg:319.49ms
step:466/3250 train_time:148.861s step_avg:319.44ms
step:467/3250 train_time:149.162s step_avg:319.40ms
step:468/3250 train_time:149.461s step_avg:319.36ms
step:469/3250 train_time:149.761s step_avg:319.32ms
step:470/3250 train_time:150.061s step_avg:319.28ms
step:471/3250 train_time:150.361s step_avg:319.24ms
step:472/3250 train_time:150.662s step_avg:319.20ms
step:473/3250 train_time:150.962s step_avg:319.16ms
step:474/3250 train_time:151.262s step_avg:319.12ms
step:475/3250 train_time:151.561s step_avg:319.08ms
step:476/3250 train_time:151.861s step_avg:319.04ms
step:477/3250 train_time:152.161s step_avg:319.00ms
step:478/3250 train_time:152.461s step_avg:318.96ms
step:479/3250 train_time:152.760s step_avg:318.92ms
step:480/3250 train_time:153.061s step_avg:318.88ms
step:481/3250 train_time:153.362s step_avg:318.84ms
step:482/3250 train_time:153.661s step_avg:318.80ms
step:483/3250 train_time:153.961s step_avg:318.76ms
step:484/3250 train_time:154.261s step_avg:318.72ms
step:485/3250 train_time:154.561s step_avg:318.68ms
step:486/3250 train_time:154.861s step_avg:318.64ms
step:487/3250 train_time:155.161s step_avg:318.61ms
step:488/3250 train_time:155.462s step_avg:318.57ms
step:489/3250 train_time:155.761s step_avg:318.53ms
step:490/3250 train_time:156.062s step_avg:318.49ms
step:491/3250 train_time:156.363s step_avg:318.46ms
step:492/3250 train_time:156.664s step_avg:318.42ms
step:493/3250 train_time:156.963s step_avg:318.38ms
step:494/3250 train_time:157.262s step_avg:318.34ms
step:495/3250 train_time:157.561s step_avg:318.31ms
step:496/3250 train_time:157.862s step_avg:318.27ms
step:497/3250 train_time:158.160s step_avg:318.23ms
step:498/3250 train_time:158.461s step_avg:318.19ms
step:499/3250 train_time:158.761s step_avg:318.16ms
step:500/3250 train_time:159.061s step_avg:318.12ms
step:500/3250 val_loss:3.82486 train_time:159.065s step_avg:300.51ms
step:501/3250 train_time:159.356s step_avg:318.08ms
step:502/3250 train_time:159.656s step_avg:318.04ms
step:503/3250 train_time:159.959s step_avg:318.01ms
step:504/3250 train_time:160.261s step_avg:317.98ms
step:505/3250 train_time:160.560s step_avg:317.94ms
step:506/3250 train_time:160.860s step_avg:317.91ms
step:507/3250 train_time:161.164s step_avg:317.88ms
step:508/3250 train_time:161.460s step_avg:317.84ms
step:509/3250 train_time:161.759s step_avg:317.80ms
step:510/3250 train_time:162.060s step_avg:317.76ms
step:511/3250 train_time:162.360s step_avg:317.73ms
step:512/3250 train_time:162.658s step_avg:317.69ms
step:513/3250 train_time:162.959s step_avg:317.66ms
step:514/3250 train_time:163.259s step_avg:317.62ms
step:515/3250 train_time:163.559s step_avg:317.59ms
step:516/3250 train_time:163.859s step_avg:317.56ms
step:517/3250 train_time:164.161s step_avg:317.53ms
step:518/3250 train_time:164.461s step_avg:317.49ms
step:519/3250 train_time:164.759s step_avg:317.45ms
step:520/3250 train_time:165.061s step_avg:317.42ms
step:521/3250 train_time:165.361s step_avg:317.39ms
step:522/3250 train_time:165.661s step_avg:317.36ms
step:523/3250 train_time:165.960s step_avg:317.32ms
step:524/3250 train_time:166.260s step_avg:317.29ms
step:525/3250 train_time:166.559s step_avg:317.26ms
step:526/3250 train_time:166.859s step_avg:317.22ms
step:527/3250 train_time:167.160s step_avg:317.19ms
step:528/3250 train_time:167.460s step_avg:317.16ms
step:529/3250 train_time:167.758s step_avg:317.12ms
step:530/3250 train_time:168.059s step_avg:317.09ms
step:531/3250 train_time:168.360s step_avg:317.06ms
step:532/3250 train_time:168.660s step_avg:317.03ms
step:533/3250 train_time:168.959s step_avg:317.00ms
step:534/3250 train_time:169.260s step_avg:316.97ms
step:535/3250 train_time:169.561s step_avg:316.94ms
step:536/3250 train_time:169.859s step_avg:316.90ms
step:537/3250 train_time:170.159s step_avg:316.87ms
step:538/3250 train_time:170.459s step_avg:316.84ms
step:539/3250 train_time:170.759s step_avg:316.81ms
step:540/3250 train_time:171.059s step_avg:316.78ms
step:541/3250 train_time:171.359s step_avg:316.75ms
step:542/3250 train_time:171.660s step_avg:316.72ms
step:543/3250 train_time:171.961s step_avg:316.69ms
step:544/3250 train_time:172.262s step_avg:316.66ms
step:545/3250 train_time:172.562s step_avg:316.63ms
step:546/3250 train_time:172.861s step_avg:316.60ms
step:547/3250 train_time:173.161s step_avg:316.57ms
step:548/3250 train_time:173.460s step_avg:316.53ms
step:549/3250 train_time:173.761s step_avg:316.50ms
step:550/3250 train_time:174.059s step_avg:316.47ms
step:551/3250 train_time:174.358s step_avg:316.44ms
step:552/3250 train_time:174.660s step_avg:316.41ms
step:553/3250 train_time:174.960s step_avg:316.38ms
step:554/3250 train_time:175.260s step_avg:316.35ms
step:555/3250 train_time:175.560s step_avg:316.32ms
step:556/3250 train_time:175.859s step_avg:316.29ms
step:557/3250 train_time:176.159s step_avg:316.26ms
step:558/3250 train_time:176.459s step_avg:316.24ms
step:559/3250 train_time:176.760s step_avg:316.21ms
step:560/3250 train_time:177.059s step_avg:316.18ms
step:561/3250 train_time:177.361s step_avg:316.15ms
step:562/3250 train_time:177.662s step_avg:316.12ms
step:563/3250 train_time:177.960s step_avg:316.09ms
step:564/3250 train_time:178.259s step_avg:316.06ms
step:565/3250 train_time:178.559s step_avg:316.03ms
step:566/3250 train_time:178.860s step_avg:316.01ms
step:567/3250 train_time:179.159s step_avg:315.98ms
step:568/3250 train_time:179.459s step_avg:315.95ms
step:569/3250 train_time:179.760s step_avg:315.92ms
step:570/3250 train_time:180.059s step_avg:315.89ms
step:571/3250 train_time:180.417s step_avg:315.97ms
step:572/3250 train_time:180.716s step_avg:315.94ms
step:573/3250 train_time:181.017s step_avg:315.91ms
step:574/3250 train_time:181.322s step_avg:315.89ms
step:575/3250 train_time:181.621s step_avg:315.86ms
step:576/3250 train_time:181.919s step_avg:315.83ms
step:577/3250 train_time:182.220s step_avg:315.81ms
step:578/3250 train_time:182.521s step_avg:315.78ms
step:579/3250 train_time:182.819s step_avg:315.75ms
step:580/3250 train_time:183.120s step_avg:315.72ms
step:581/3250 train_time:183.419s step_avg:315.70ms
step:582/3250 train_time:183.719s step_avg:315.67ms
step:583/3250 train_time:184.019s step_avg:315.64ms
step:584/3250 train_time:184.320s step_avg:315.62ms
step:585/3250 train_time:184.620s step_avg:315.59ms
step:586/3250 train_time:184.920s step_avg:315.56ms
step:587/3250 train_time:185.222s step_avg:315.54ms
step:588/3250 train_time:185.522s step_avg:315.51ms
step:589/3250 train_time:185.821s step_avg:315.49ms
step:590/3250 train_time:186.119s step_avg:315.46ms
step:591/3250 train_time:186.420s step_avg:315.43ms
step:592/3250 train_time:186.721s step_avg:315.41ms
step:593/3250 train_time:187.019s step_avg:315.38ms
step:594/3250 train_time:187.320s step_avg:315.35ms
step:595/3250 train_time:187.620s step_avg:315.33ms
step:596/3250 train_time:187.920s step_avg:315.30ms
step:597/3250 train_time:188.219s step_avg:315.27ms
step:598/3250 train_time:188.519s step_avg:315.25ms
step:599/3250 train_time:188.819s step_avg:315.22ms
step:600/3250 train_time:189.120s step_avg:315.20ms
step:601/3250 train_time:189.420s step_avg:315.17ms
step:602/3250 train_time:189.721s step_avg:315.15ms
step:603/3250 train_time:190.020s step_avg:315.12ms
step:604/3250 train_time:190.319s step_avg:315.10ms
step:605/3250 train_time:190.620s step_avg:315.07ms
step:606/3250 train_time:190.920s step_avg:315.05ms
step:607/3250 train_time:191.220s step_avg:315.03ms
step:608/3250 train_time:191.521s step_avg:315.00ms
step:609/3250 train_time:191.820s step_avg:314.98ms
step:610/3250 train_time:192.120s step_avg:314.95ms
step:611/3250 train_time:192.420s step_avg:314.93ms
step:612/3250 train_time:192.721s step_avg:314.90ms
step:613/3250 train_time:193.022s step_avg:314.88ms
step:614/3250 train_time:193.322s step_avg:314.86ms
step:615/3250 train_time:193.620s step_avg:314.83ms
step:616/3250 train_time:193.920s step_avg:314.80ms
step:617/3250 train_time:194.220s step_avg:314.78ms
step:618/3250 train_time:194.520s step_avg:314.76ms
step:619/3250 train_time:194.821s step_avg:314.73ms
step:620/3250 train_time:195.121s step_avg:314.71ms
step:621/3250 train_time:195.420s step_avg:314.69ms
step:622/3250 train_time:195.720s step_avg:314.66ms
step:623/3250 train_time:196.021s step_avg:314.64ms
step:624/3250 train_time:196.324s step_avg:314.62ms
step:625/3250 train_time:196.621s step_avg:314.59ms
step:625/3250 val_loss:3.76380 train_time:196.624s step_avg:300.48ms
step:626/3250 train_time:196.919s step_avg:314.57ms
step:627/3250 train_time:197.213s step_avg:314.53ms
step:628/3250 train_time:197.510s step_avg:314.51ms
step:629/3250 train_time:197.817s step_avg:314.49ms
step:630/3250 train_time:198.115s step_avg:314.47ms
step:631/3250 train_time:198.413s step_avg:314.44ms
step:632/3250 train_time:198.717s step_avg:314.43ms
step:633/3250 train_time:199.017s step_avg:314.40ms
step:634/3250 train_time:199.315s step_avg:314.38ms
step:635/3250 train_time:199.616s step_avg:314.36ms
step:636/3250 train_time:199.918s step_avg:314.34ms
step:637/3250 train_time:200.214s step_avg:314.31ms
step:638/3250 train_time:200.514s step_avg:314.29ms
step:639/3250 train_time:200.814s step_avg:314.26ms
step:640/3250 train_time:201.116s step_avg:314.24ms
step:641/3250 train_time:201.414s step_avg:314.22ms
step:642/3250 train_time:201.715s step_avg:314.20ms
step:643/3250 train_time:202.014s step_avg:314.17ms
step:644/3250 train_time:202.314s step_avg:314.15ms
step:645/3250 train_time:202.614s step_avg:314.13ms
step:646/3250 train_time:202.914s step_avg:314.11ms
step:647/3250 train_time:203.214s step_avg:314.09ms
step:648/3250 train_time:203.515s step_avg:314.07ms
step:649/3250 train_time:203.815s step_avg:314.04ms
step:650/3250 train_time:204.115s step_avg:314.02ms
step:651/3250 train_time:204.415s step_avg:314.00ms
step:652/3250 train_time:204.715s step_avg:313.98ms
step:653/3250 train_time:205.016s step_avg:313.96ms
step:654/3250 train_time:205.316s step_avg:313.94ms
step:655/3250 train_time:205.616s step_avg:313.92ms
step:656/3250 train_time:205.914s step_avg:313.89ms
step:657/3250 train_time:206.216s step_avg:313.88ms
step:658/3250 train_time:206.514s step_avg:313.85ms
step:659/3250 train_time:206.813s step_avg:313.83ms
step:660/3250 train_time:207.115s step_avg:313.81ms
step:661/3250 train_time:207.417s step_avg:313.79ms
step:662/3250 train_time:207.715s step_avg:313.77ms
step:663/3250 train_time:208.015s step_avg:313.75ms
step:664/3250 train_time:208.315s step_avg:313.73ms
step:665/3250 train_time:208.614s step_avg:313.71ms
step:666/3250 train_time:208.916s step_avg:313.69ms
step:667/3250 train_time:209.216s step_avg:313.67ms
step:668/3250 train_time:209.519s step_avg:313.65ms
step:669/3250 train_time:209.814s step_avg:313.62ms
step:670/3250 train_time:210.114s step_avg:313.60ms
step:671/3250 train_time:210.415s step_avg:313.58ms
step:672/3250 train_time:210.715s step_avg:313.56ms
step:673/3250 train_time:211.014s step_avg:313.54ms
step:674/3250 train_time:211.315s step_avg:313.52ms
step:675/3250 train_time:211.614s step_avg:313.50ms
step:676/3250 train_time:211.914s step_avg:313.48ms
step:677/3250 train_time:212.214s step_avg:313.46ms
step:678/3250 train_time:212.514s step_avg:313.44ms
step:679/3250 train_time:212.815s step_avg:313.42ms
step:680/3250 train_time:213.113s step_avg:313.40ms
step:681/3250 train_time:213.414s step_avg:313.38ms
step:682/3250 train_time:213.715s step_avg:313.37ms
step:683/3250 train_time:214.014s step_avg:313.34ms
step:684/3250 train_time:214.314s step_avg:313.33ms
step:685/3250 train_time:214.614s step_avg:313.31ms
step:686/3250 train_time:214.914s step_avg:313.29ms
step:687/3250 train_time:215.214s step_avg:313.27ms
step:688/3250 train_time:215.515s step_avg:313.25ms
step:689/3250 train_time:215.815s step_avg:313.23ms
step:690/3250 train_time:216.113s step_avg:313.21ms
step:691/3250 train_time:216.414s step_avg:313.19ms
step:692/3250 train_time:216.714s step_avg:313.17ms
step:693/3250 train_time:217.014s step_avg:313.15ms
step:694/3250 train_time:217.314s step_avg:313.13ms
step:695/3250 train_time:217.661s step_avg:313.18ms
step:696/3250 train_time:217.956s step_avg:313.15ms
step:697/3250 train_time:218.252s step_avg:313.13ms
step:698/3250 train_time:218.552s step_avg:313.11ms
step:699/3250 train_time:218.857s step_avg:313.10ms
step:700/3250 train_time:219.155s step_avg:313.08ms
step:701/3250 train_time:219.452s step_avg:313.06ms
step:702/3250 train_time:219.757s step_avg:313.04ms
step:703/3250 train_time:220.056s step_avg:313.02ms
step:704/3250 train_time:220.353s step_avg:313.00ms
step:705/3250 train_time:220.655s step_avg:312.99ms
step:706/3250 train_time:220.956s step_avg:312.97ms
step:707/3250 train_time:221.257s step_avg:312.95ms
step:708/3250 train_time:221.556s step_avg:312.93ms
step:709/3250 train_time:221.857s step_avg:312.91ms
step:710/3250 train_time:222.155s step_avg:312.89ms
step:711/3250 train_time:222.455s step_avg:312.88ms
step:712/3250 train_time:222.755s step_avg:312.86ms
step:713/3250 train_time:223.055s step_avg:312.84ms
step:714/3250 train_time:223.355s step_avg:312.82ms
step:715/3250 train_time:223.657s step_avg:312.81ms
step:716/3250 train_time:223.957s step_avg:312.79ms
step:717/3250 train_time:224.258s step_avg:312.77ms
step:718/3250 train_time:224.554s step_avg:312.75ms
step:719/3250 train_time:224.854s step_avg:312.73ms
step:720/3250 train_time:225.155s step_avg:312.71ms
step:721/3250 train_time:225.456s step_avg:312.70ms
step:722/3250 train_time:225.755s step_avg:312.68ms
step:723/3250 train_time:226.055s step_avg:312.66ms
step:724/3250 train_time:226.355s step_avg:312.64ms
step:725/3250 train_time:226.655s step_avg:312.63ms
step:726/3250 train_time:226.954s step_avg:312.61ms
step:727/3250 train_time:227.255s step_avg:312.59ms
step:728/3250 train_time:227.556s step_avg:312.58ms
step:729/3250 train_time:227.855s step_avg:312.56ms
step:730/3250 train_time:228.155s step_avg:312.54ms
step:731/3250 train_time:228.454s step_avg:312.52ms
step:732/3250 train_time:228.755s step_avg:312.51ms
step:733/3250 train_time:229.055s step_avg:312.49ms
step:734/3250 train_time:229.354s step_avg:312.47ms
step:735/3250 train_time:229.655s step_avg:312.46ms
step:736/3250 train_time:229.955s step_avg:312.44ms
step:737/3250 train_time:230.255s step_avg:312.42ms
step:738/3250 train_time:230.555s step_avg:312.40ms
step:739/3250 train_time:230.854s step_avg:312.39ms
step:740/3250 train_time:231.153s step_avg:312.37ms
step:741/3250 train_time:231.454s step_avg:312.35ms
step:742/3250 train_time:231.755s step_avg:312.34ms
step:743/3250 train_time:232.055s step_avg:312.32ms
step:744/3250 train_time:232.354s step_avg:312.30ms
step:745/3250 train_time:232.655s step_avg:312.29ms
step:746/3250 train_time:232.955s step_avg:312.27ms
step:747/3250 train_time:233.256s step_avg:312.26ms
step:748/3250 train_time:233.555s step_avg:312.24ms
step:749/3250 train_time:233.855s step_avg:312.22ms
step:750/3250 train_time:234.156s step_avg:312.21ms
step:750/3250 val_loss:3.72050 train_time:234.158s step_avg:300.27ms
step:751/3250 train_time:234.451s step_avg:312.19ms
step:752/3250 train_time:234.748s step_avg:312.16ms
step:753/3250 train_time:235.046s step_avg:312.15ms
step:754/3250 train_time:235.346s step_avg:312.13ms
step:755/3250 train_time:235.647s step_avg:312.12ms
step:756/3250 train_time:235.946s step_avg:312.10ms
step:757/3250 train_time:236.245s step_avg:312.08ms
step:758/3250 train_time:236.546s step_avg:312.07ms
step:759/3250 train_time:236.845s step_avg:312.05ms
step:760/3250 train_time:237.145s step_avg:312.03ms
step:761/3250 train_time:237.502s step_avg:312.09ms
step:762/3250 train_time:237.801s step_avg:312.07ms
step:763/3250 train_time:238.103s step_avg:312.06ms
step:764/3250 train_time:238.408s step_avg:312.05ms
step:765/3250 train_time:238.705s step_avg:312.03ms
step:766/3250 train_time:239.003s step_avg:312.01ms
step:767/3250 train_time:239.307s step_avg:312.00ms
step:768/3250 train_time:239.605s step_avg:311.99ms
step:769/3250 train_time:239.904s step_avg:311.97ms
step:770/3250 train_time:240.206s step_avg:311.96ms
step:771/3250 train_time:240.504s step_avg:311.94ms
step:772/3250 train_time:240.804s step_avg:311.92ms
step:773/3250 train_time:241.105s step_avg:311.91ms
step:774/3250 train_time:241.407s step_avg:311.90ms
step:775/3250 train_time:241.708s step_avg:311.88ms
step:776/3250 train_time:242.004s step_avg:311.86ms
step:777/3250 train_time:242.305s step_avg:311.85ms
step:778/3250 train_time:242.605s step_avg:311.83ms
step:779/3250 train_time:242.904s step_avg:311.82ms
step:780/3250 train_time:243.204s step_avg:311.80ms
step:781/3250 train_time:243.506s step_avg:311.79ms
step:782/3250 train_time:243.805s step_avg:311.77ms
step:783/3250 train_time:244.105s step_avg:311.76ms
step:784/3250 train_time:244.405s step_avg:311.74ms
step:785/3250 train_time:244.706s step_avg:311.73ms
step:786/3250 train_time:245.006s step_avg:311.71ms
step:787/3250 train_time:245.305s step_avg:311.70ms
step:788/3250 train_time:245.605s step_avg:311.68ms
step:789/3250 train_time:245.906s step_avg:311.67ms
step:790/3250 train_time:246.206s step_avg:311.65ms
step:791/3250 train_time:246.505s step_avg:311.64ms
step:792/3250 train_time:246.807s step_avg:311.62ms
step:793/3250 train_time:247.106s step_avg:311.61ms
step:794/3250 train_time:247.404s step_avg:311.59ms
step:795/3250 train_time:247.705s step_avg:311.58ms
step:796/3250 train_time:248.004s step_avg:311.56ms
step:797/3250 train_time:248.304s step_avg:311.55ms
step:798/3250 train_time:248.604s step_avg:311.53ms
step:799/3250 train_time:248.904s step_avg:311.52ms
step:800/3250 train_time:249.204s step_avg:311.51ms
step:801/3250 train_time:249.503s step_avg:311.49ms
step:802/3250 train_time:249.805s step_avg:311.48ms
step:803/3250 train_time:250.104s step_avg:311.46ms
step:804/3250 train_time:250.405s step_avg:311.45ms
step:805/3250 train_time:250.704s step_avg:311.43ms
step:806/3250 train_time:251.005s step_avg:311.42ms
step:807/3250 train_time:251.306s step_avg:311.41ms
step:808/3250 train_time:251.606s step_avg:311.39ms
step:809/3250 train_time:251.905s step_avg:311.38ms
step:810/3250 train_time:252.205s step_avg:311.36ms
step:811/3250 train_time:252.505s step_avg:311.35ms
step:812/3250 train_time:252.804s step_avg:311.34ms
step:813/3250 train_time:253.105s step_avg:311.32ms
step:814/3250 train_time:253.406s step_avg:311.31ms
step:815/3250 train_time:253.705s step_avg:311.29ms
step:816/3250 train_time:254.004s step_avg:311.28ms
step:817/3250 train_time:254.305s step_avg:311.27ms
step:818/3250 train_time:254.604s step_avg:311.25ms
step:819/3250 train_time:254.904s step_avg:311.24ms
step:820/3250 train_time:255.204s step_avg:311.22ms
step:821/3250 train_time:255.505s step_avg:311.21ms
step:822/3250 train_time:255.805s step_avg:311.20ms
step:823/3250 train_time:256.105s step_avg:311.18ms
step:824/3250 train_time:256.405s step_avg:311.17ms
step:825/3250 train_time:256.704s step_avg:311.16ms
step:826/3250 train_time:257.005s step_avg:311.14ms
step:827/3250 train_time:257.305s step_avg:311.13ms
step:828/3250 train_time:257.605s step_avg:311.12ms
step:829/3250 train_time:257.905s step_avg:311.10ms
step:830/3250 train_time:258.206s step_avg:311.09ms
step:831/3250 train_time:258.506s step_avg:311.08ms
step:832/3250 train_time:258.806s step_avg:311.06ms
step:833/3250 train_time:259.107s step_avg:311.05ms
step:834/3250 train_time:259.405s step_avg:311.04ms
step:835/3250 train_time:259.706s step_avg:311.03ms
step:836/3250 train_time:260.005s step_avg:311.01ms
step:837/3250 train_time:260.304s step_avg:311.00ms
step:838/3250 train_time:260.606s step_avg:310.99ms
step:839/3250 train_time:260.907s step_avg:310.97ms
step:840/3250 train_time:261.207s step_avg:310.96ms
step:841/3250 train_time:261.507s step_avg:310.95ms
step:842/3250 train_time:261.806s step_avg:310.93ms
step:843/3250 train_time:262.105s step_avg:310.92ms
step:844/3250 train_time:262.407s step_avg:310.91ms
step:845/3250 train_time:262.704s step_avg:310.89ms
step:846/3250 train_time:263.005s step_avg:310.88ms
step:847/3250 train_time:263.305s step_avg:310.87ms
step:848/3250 train_time:263.609s step_avg:310.86ms
step:849/3250 train_time:263.909s step_avg:310.85ms
step:850/3250 train_time:264.208s step_avg:310.83ms
step:851/3250 train_time:264.505s step_avg:310.82ms
step:852/3250 train_time:264.805s step_avg:310.80ms
step:853/3250 train_time:265.106s step_avg:310.79ms
step:854/3250 train_time:265.406s step_avg:310.78ms
step:855/3250 train_time:265.705s step_avg:310.77ms
step:856/3250 train_time:266.005s step_avg:310.75ms
step:857/3250 train_time:266.304s step_avg:310.74ms
step:858/3250 train_time:266.606s step_avg:310.73ms
step:859/3250 train_time:266.905s step_avg:310.72ms
step:860/3250 train_time:267.205s step_avg:310.70ms
step:861/3250 train_time:267.507s step_avg:310.69ms
step:862/3250 train_time:267.806s step_avg:310.68ms
step:863/3250 train_time:268.105s step_avg:310.67ms
step:864/3250 train_time:268.405s step_avg:310.65ms
step:865/3250 train_time:268.706s step_avg:310.64ms
step:866/3250 train_time:269.005s step_avg:310.63ms
step:867/3250 train_time:269.305s step_avg:310.62ms
step:868/3250 train_time:269.605s step_avg:310.60ms
step:869/3250 train_time:269.905s step_avg:310.59ms
step:870/3250 train_time:270.204s step_avg:310.58ms
step:871/3250 train_time:270.508s step_avg:310.57ms
step:872/3250 train_time:270.806s step_avg:310.56ms
step:873/3250 train_time:271.108s step_avg:310.55ms
step:874/3250 train_time:271.405s step_avg:310.53ms
step:875/3250 train_time:271.705s step_avg:310.52ms
step:875/3250 val_loss:3.68185 train_time:271.709s step_avg:300.41ms
step:876/3250 train_time:272.003s step_avg:310.51ms
step:877/3250 train_time:272.298s step_avg:310.49ms
step:878/3250 train_time:272.597s step_avg:310.47ms
step:879/3250 train_time:272.898s step_avg:310.46ms
step:880/3250 train_time:273.197s step_avg:310.45ms
step:881/3250 train_time:273.497s step_avg:310.44ms
step:882/3250 train_time:273.798s step_avg:310.43ms
step:883/3250 train_time:274.094s step_avg:310.41ms
step:884/3250 train_time:274.393s step_avg:310.40ms
step:885/3250 train_time:274.694s step_avg:310.39ms
step:886/3250 train_time:274.995s step_avg:310.38ms
step:887/3250 train_time:275.295s step_avg:310.37ms
step:888/3250 train_time:275.594s step_avg:310.35ms
step:889/3250 train_time:275.893s step_avg:310.34ms
step:890/3250 train_time:276.194s step_avg:310.33ms
step:891/3250 train_time:276.493s step_avg:310.32ms
step:892/3250 train_time:276.793s step_avg:310.31ms
step:893/3250 train_time:277.096s step_avg:310.30ms
step:894/3250 train_time:277.393s step_avg:310.28ms
step:895/3250 train_time:277.694s step_avg:310.27ms
step:896/3250 train_time:277.993s step_avg:310.26ms
step:897/3250 train_time:278.296s step_avg:310.25ms
step:898/3250 train_time:278.593s step_avg:310.24ms
step:899/3250 train_time:278.894s step_avg:310.23ms
step:900/3250 train_time:279.194s step_avg:310.22ms
step:901/3250 train_time:279.495s step_avg:310.20ms
step:902/3250 train_time:279.794s step_avg:310.19ms
step:903/3250 train_time:280.093s step_avg:310.18ms
step:904/3250 train_time:280.393s step_avg:310.17ms
step:905/3250 train_time:280.693s step_avg:310.16ms
step:906/3250 train_time:280.993s step_avg:310.15ms
step:907/3250 train_time:281.292s step_avg:310.13ms
step:908/3250 train_time:281.594s step_avg:310.13ms
step:909/3250 train_time:281.894s step_avg:310.11ms
step:910/3250 train_time:282.195s step_avg:310.10ms
step:911/3250 train_time:282.495s step_avg:310.09ms
step:912/3250 train_time:282.793s step_avg:310.08ms
step:913/3250 train_time:283.094s step_avg:310.07ms
step:914/3250 train_time:283.393s step_avg:310.06ms
step:915/3250 train_time:283.693s step_avg:310.05ms
step:916/3250 train_time:283.993s step_avg:310.04ms
step:917/3250 train_time:284.293s step_avg:310.03ms
step:918/3250 train_time:284.594s step_avg:310.01ms
step:919/3250 train_time:284.893s step_avg:310.00ms
step:920/3250 train_time:285.194s step_avg:309.99ms
step:921/3250 train_time:285.495s step_avg:309.98ms
step:922/3250 train_time:285.795s step_avg:309.97ms
step:923/3250 train_time:286.094s step_avg:309.96ms
step:924/3250 train_time:286.392s step_avg:309.95ms
step:925/3250 train_time:286.693s step_avg:309.94ms
step:926/3250 train_time:286.993s step_avg:309.93ms
step:927/3250 train_time:287.294s step_avg:309.92ms
step:928/3250 train_time:287.594s step_avg:309.91ms
step:929/3250 train_time:287.894s step_avg:309.90ms
step:930/3250 train_time:288.193s step_avg:309.88ms
step:931/3250 train_time:288.494s step_avg:309.88ms
step:932/3250 train_time:288.794s step_avg:309.86ms
step:933/3250 train_time:289.093s step_avg:309.85ms
step:934/3250 train_time:289.393s step_avg:309.84ms
step:935/3250 train_time:289.694s step_avg:309.83ms
step:936/3250 train_time:289.995s step_avg:309.82ms
step:937/3250 train_time:290.294s step_avg:309.81ms
step:938/3250 train_time:290.593s step_avg:309.80ms
step:939/3250 train_time:290.893s step_avg:309.79ms
step:940/3250 train_time:291.193s step_avg:309.78ms
step:941/3250 train_time:291.493s step_avg:309.77ms
step:942/3250 train_time:291.793s step_avg:309.76ms
step:943/3250 train_time:292.094s step_avg:309.75ms
step:944/3250 train_time:292.392s step_avg:309.74ms
step:945/3250 train_time:292.693s step_avg:309.73ms
step:946/3250 train_time:292.993s step_avg:309.72ms
step:947/3250 train_time:293.293s step_avg:309.71ms
step:948/3250 train_time:293.593s step_avg:309.70ms
step:949/3250 train_time:293.894s step_avg:309.69ms
step:950/3250 train_time:294.195s step_avg:309.68ms
step:951/3250 train_time:294.545s step_avg:309.72ms
step:952/3250 train_time:294.840s step_avg:309.71ms
step:953/3250 train_time:295.135s step_avg:309.69ms
step:954/3250 train_time:295.439s step_avg:309.68ms
step:955/3250 train_time:295.737s step_avg:309.67ms
step:956/3250 train_time:296.033s step_avg:309.66ms
step:957/3250 train_time:296.336s step_avg:309.65ms
step:958/3250 train_time:296.636s step_avg:309.64ms
step:959/3250 train_time:296.934s step_avg:309.63ms
step:960/3250 train_time:297.233s step_avg:309.62ms
step:961/3250 train_time:297.536s step_avg:309.61ms
step:962/3250 train_time:297.834s step_avg:309.60ms
step:963/3250 train_time:298.133s step_avg:309.59ms
step:964/3250 train_time:298.434s step_avg:309.58ms
step:965/3250 train_time:298.736s step_avg:309.57ms
step:966/3250 train_time:299.034s step_avg:309.56ms
step:967/3250 train_time:299.333s step_avg:309.55ms
step:968/3250 train_time:299.633s step_avg:309.54ms
step:969/3250 train_time:299.934s step_avg:309.53ms
step:970/3250 train_time:300.233s step_avg:309.52ms
step:971/3250 train_time:300.533s step_avg:309.51ms
step:972/3250 train_time:300.833s step_avg:309.50ms
step:973/3250 train_time:301.134s step_avg:309.49ms
step:974/3250 train_time:301.433s step_avg:309.48ms
step:975/3250 train_time:301.734s step_avg:309.47ms
step:976/3250 train_time:302.033s step_avg:309.46ms
step:977/3250 train_time:302.333s step_avg:309.45ms
step:978/3250 train_time:302.634s step_avg:309.44ms
step:979/3250 train_time:302.933s step_avg:309.43ms
step:980/3250 train_time:303.233s step_avg:309.42ms
step:981/3250 train_time:303.532s step_avg:309.41ms
step:982/3250 train_time:303.833s step_avg:309.40ms
step:983/3250 train_time:304.133s step_avg:309.39ms
step:984/3250 train_time:304.434s step_avg:309.38ms
step:985/3250 train_time:304.734s step_avg:309.37ms
step:986/3250 train_time:305.033s step_avg:309.36ms
step:987/3250 train_time:305.333s step_avg:309.35ms
step:988/3250 train_time:305.633s step_avg:309.34ms
step:989/3250 train_time:305.933s step_avg:309.34ms
step:990/3250 train_time:306.232s step_avg:309.33ms
step:991/3250 train_time:306.531s step_avg:309.32ms
step:992/3250 train_time:306.831s step_avg:309.30ms
step:993/3250 train_time:307.131s step_avg:309.30ms
step:994/3250 train_time:307.432s step_avg:309.29ms
step:995/3250 train_time:307.732s step_avg:309.28ms
step:996/3250 train_time:308.031s step_avg:309.27ms
step:997/3250 train_time:308.334s step_avg:309.26ms
step:998/3250 train_time:308.634s step_avg:309.25ms
step:999/3250 train_time:308.933s step_avg:309.24ms
step:1000/3250 train_time:309.233s step_avg:309.23ms
step:1000/3250 val_loss:3.64896 train_time:309.237s step_avg:300.23ms
step:1001/3250 train_time:309.531s step_avg:309.22ms
step:1002/3250 train_time:313.658s step_avg:313.03ms
step:1003/3250 train_time:313.958s step_avg:313.02ms
step:1004/3250 train_time:314.260s step_avg:313.01ms
step:1005/3250 train_time:314.567s step_avg:313.00ms
step:1006/3250 train_time:314.871s step_avg:312.99ms
step:1007/3250 train_time:315.174s step_avg:312.98ms
step:1008/3250 train_time:315.478s step_avg:312.97ms
step:1009/3250 train_time:315.782s step_avg:312.97ms
step:1010/3250 train_time:316.087s step_avg:312.96ms
step:1011/3250 train_time:316.391s step_avg:312.95ms
step:1012/3250 train_time:316.695s step_avg:312.94ms
step:1013/3250 train_time:317.007s step_avg:312.94ms
step:1014/3250 train_time:317.320s step_avg:312.94ms
step:1015/3250 train_time:317.635s step_avg:312.94ms
step:1016/3250 train_time:317.945s step_avg:312.94ms
step:1017/3250 train_time:318.250s step_avg:312.93ms
step:1018/3250 train_time:318.554s step_avg:312.92ms
step:1019/3250 train_time:318.858s step_avg:312.91ms
step:1020/3250 train_time:319.165s step_avg:312.91ms
step:1021/3250 train_time:319.472s step_avg:312.90ms
step:1022/3250 train_time:319.777s step_avg:312.89ms
step:1023/3250 train_time:320.081s step_avg:312.88ms
step:1024/3250 train_time:320.391s step_avg:312.88ms
step:1025/3250 train_time:320.696s step_avg:312.87ms
step:1026/3250 train_time:321.001s step_avg:312.87ms
step:1027/3250 train_time:321.308s step_avg:312.86ms
step:1028/3250 train_time:321.611s step_avg:312.85ms
step:1029/3250 train_time:321.915s step_avg:312.84ms
step:1030/3250 train_time:322.220s step_avg:312.84ms
step:1031/3250 train_time:322.526s step_avg:312.83ms
step:1032/3250 train_time:322.831s step_avg:312.82ms
step:1033/3250 train_time:323.135s step_avg:312.81ms
step:1034/3250 train_time:323.441s step_avg:312.81ms
step:1035/3250 train_time:323.747s step_avg:312.80ms
step:1036/3250 train_time:324.052s step_avg:312.79ms
step:1037/3250 train_time:324.358s step_avg:312.78ms
step:1038/3250 train_time:324.664s step_avg:312.78ms
step:1039/3250 train_time:324.971s step_avg:312.77ms
step:1040/3250 train_time:325.275s step_avg:312.76ms
step:1041/3250 train_time:325.578s step_avg:312.75ms
step:1042/3250 train_time:325.884s step_avg:312.75ms
step:1043/3250 train_time:326.190s step_avg:312.74ms
step:1044/3250 train_time:326.494s step_avg:312.73ms
step:1045/3250 train_time:326.798s step_avg:312.73ms
step:1046/3250 train_time:327.104s step_avg:312.72ms
step:1047/3250 train_time:327.420s step_avg:312.72ms
step:1048/3250 train_time:327.726s step_avg:312.72ms
step:1049/3250 train_time:328.033s step_avg:312.71ms
step:1050/3250 train_time:328.338s step_avg:312.70ms
step:1051/3250 train_time:328.648s step_avg:312.70ms
step:1052/3250 train_time:328.955s step_avg:312.69ms
step:1053/3250 train_time:329.258s step_avg:312.69ms
step:1054/3250 train_time:329.565s step_avg:312.68ms
step:1055/3250 train_time:329.873s step_avg:312.68ms
step:1056/3250 train_time:330.176s step_avg:312.67ms
step:1057/3250 train_time:330.479s step_avg:312.66ms
step:1058/3250 train_time:330.784s step_avg:312.65ms
step:1059/3250 train_time:331.090s step_avg:312.64ms
step:1060/3250 train_time:331.394s step_avg:312.64ms
step:1061/3250 train_time:331.697s step_avg:312.63ms
step:1062/3250 train_time:332.004s step_avg:312.62ms
step:1063/3250 train_time:332.310s step_avg:312.62ms
step:1064/3250 train_time:332.614s step_avg:312.61ms
step:1065/3250 train_time:332.920s step_avg:312.60ms
step:1066/3250 train_time:333.224s step_avg:312.59ms
step:1067/3250 train_time:333.528s step_avg:312.59ms
step:1068/3250 train_time:333.833s step_avg:312.58ms
step:1069/3250 train_time:334.137s step_avg:312.57ms
step:1070/3250 train_time:334.441s step_avg:312.56ms
step:1071/3250 train_time:334.747s step_avg:312.56ms
step:1072/3250 train_time:335.051s step_avg:312.55ms
step:1073/3250 train_time:335.354s step_avg:312.54ms
step:1074/3250 train_time:335.659s step_avg:312.53ms
step:1075/3250 train_time:335.965s step_avg:312.53ms
step:1076/3250 train_time:336.271s step_avg:312.52ms
step:1077/3250 train_time:336.578s step_avg:312.51ms
step:1078/3250 train_time:336.889s step_avg:312.51ms
step:1079/3250 train_time:337.199s step_avg:312.51ms
step:1080/3250 train_time:337.507s step_avg:312.51ms
step:1081/3250 train_time:337.815s step_avg:312.50ms
step:1082/3250 train_time:338.119s step_avg:312.49ms
step:1083/3250 train_time:338.424s step_avg:312.49ms
step:1084/3250 train_time:338.731s step_avg:312.48ms
step:1085/3250 train_time:339.036s step_avg:312.48ms
step:1086/3250 train_time:339.339s step_avg:312.47ms
step:1087/3250 train_time:339.646s step_avg:312.46ms
step:1088/3250 train_time:339.952s step_avg:312.46ms
step:1089/3250 train_time:340.259s step_avg:312.45ms
step:1090/3250 train_time:340.571s step_avg:312.45ms
step:1091/3250 train_time:340.877s step_avg:312.44ms
step:1092/3250 train_time:341.184s step_avg:312.44ms
step:1093/3250 train_time:341.496s step_avg:312.44ms
step:1094/3250 train_time:341.805s step_avg:312.44ms
step:1095/3250 train_time:342.113s step_avg:312.43ms
step:1096/3250 train_time:342.418s step_avg:312.42ms
step:1097/3250 train_time:342.729s step_avg:312.42ms
step:1098/3250 train_time:343.035s step_avg:312.42ms
step:1099/3250 train_time:343.338s step_avg:312.41ms
step:1100/3250 train_time:343.646s step_avg:312.41ms
step:1101/3250 train_time:343.953s step_avg:312.40ms
step:1102/3250 train_time:344.258s step_avg:312.39ms
step:1103/3250 train_time:344.572s step_avg:312.40ms
step:1104/3250 train_time:344.875s step_avg:312.39ms
step:1105/3250 train_time:345.183s step_avg:312.38ms
step:1106/3250 train_time:345.491s step_avg:312.38ms
step:1107/3250 train_time:345.801s step_avg:312.38ms
step:1108/3250 train_time:346.108s step_avg:312.37ms
step:1109/3250 train_time:346.419s step_avg:312.37ms
step:1110/3250 train_time:346.729s step_avg:312.37ms
step:1111/3250 train_time:347.038s step_avg:312.37ms
step:1112/3250 train_time:347.344s step_avg:312.36ms
step:1113/3250 train_time:347.653s step_avg:312.36ms
step:1114/3250 train_time:347.956s step_avg:312.35ms
step:1115/3250 train_time:348.259s step_avg:312.34ms
step:1116/3250 train_time:348.568s step_avg:312.34ms
step:1117/3250 train_time:348.874s step_avg:312.33ms
step:1118/3250 train_time:349.186s step_avg:312.33ms
step:1119/3250 train_time:349.494s step_avg:312.33ms
step:1120/3250 train_time:349.799s step_avg:312.32ms
step:1121/3250 train_time:350.105s step_avg:312.32ms
step:1122/3250 train_time:350.418s step_avg:312.32ms
step:1123/3250 train_time:350.721s step_avg:312.31ms
step:1124/3250 train_time:351.025s step_avg:312.30ms
step:1125/3250 train_time:351.331s step_avg:312.29ms
step:1125/3250 val_loss:3.61008 train_time:351.332s step_avg:336.76ms
step:1126/3250 train_time:351.636s step_avg:312.29ms
step:1127/3250 train_time:351.941s step_avg:312.28ms
step:1128/3250 train_time:352.244s step_avg:312.27ms
step:1129/3250 train_time:352.548s step_avg:312.27ms
step:1130/3250 train_time:352.854s step_avg:312.26ms
step:1131/3250 train_time:353.166s step_avg:312.26ms
step:1132/3250 train_time:353.473s step_avg:312.25ms
step:1133/3250 train_time:353.778s step_avg:312.25ms
step:1134/3250 train_time:354.083s step_avg:312.24ms
step:1135/3250 train_time:354.387s step_avg:312.24ms
step:1136/3250 train_time:354.696s step_avg:312.23ms
step:1137/3250 train_time:355.003s step_avg:312.23ms
step:1138/3250 train_time:355.311s step_avg:312.22ms
step:1139/3250 train_time:355.620s step_avg:312.22ms
step:1140/3250 train_time:355.923s step_avg:312.21ms
step:1141/3250 train_time:356.294s step_avg:312.26ms
step:1142/3250 train_time:356.605s step_avg:312.26ms
step:1143/3250 train_time:356.907s step_avg:312.26ms
step:1144/3250 train_time:357.212s step_avg:312.25ms
step:1145/3250 train_time:357.516s step_avg:312.24ms
step:1146/3250 train_time:357.822s step_avg:312.24ms
step:1147/3250 train_time:358.125s step_avg:312.23ms
step:1148/3250 train_time:358.427s step_avg:312.22ms
step:1149/3250 train_time:358.738s step_avg:312.22ms
step:1150/3250 train_time:359.041s step_avg:312.21ms
step:1151/3250 train_time:359.344s step_avg:312.20ms
step:1152/3250 train_time:359.650s step_avg:312.20ms
step:1153/3250 train_time:359.955s step_avg:312.19ms
step:1154/3250 train_time:360.261s step_avg:312.18ms
step:1155/3250 train_time:360.571s step_avg:312.18ms
step:1156/3250 train_time:360.878s step_avg:312.18ms
step:1157/3250 train_time:361.181s step_avg:312.17ms
step:1158/3250 train_time:361.483s step_avg:312.16ms
step:1159/3250 train_time:361.785s step_avg:312.15ms
step:1160/3250 train_time:362.089s step_avg:312.15ms
step:1161/3250 train_time:362.393s step_avg:312.14ms
step:1162/3250 train_time:362.696s step_avg:312.13ms
step:1163/3250 train_time:363.001s step_avg:312.12ms
step:1164/3250 train_time:363.304s step_avg:312.12ms
step:1165/3250 train_time:363.607s step_avg:312.11ms
step:1166/3250 train_time:363.911s step_avg:312.10ms
step:1167/3250 train_time:364.216s step_avg:312.10ms
step:1168/3250 train_time:364.522s step_avg:312.09ms
step:1169/3250 train_time:364.827s step_avg:312.08ms
step:1170/3250 train_time:365.134s step_avg:312.08ms
step:1171/3250 train_time:365.439s step_avg:312.07ms
step:1172/3250 train_time:365.741s step_avg:312.07ms
step:1173/3250 train_time:366.044s step_avg:312.06ms
step:1174/3250 train_time:366.346s step_avg:312.05ms
step:1175/3250 train_time:366.649s step_avg:312.04ms
step:1176/3250 train_time:366.954s step_avg:312.04ms
step:1177/3250 train_time:367.258s step_avg:312.03ms
step:1178/3250 train_time:367.560s step_avg:312.02ms
step:1179/3250 train_time:367.864s step_avg:312.01ms
step:1180/3250 train_time:368.168s step_avg:312.01ms
step:1181/3250 train_time:368.472s step_avg:312.00ms
step:1182/3250 train_time:368.779s step_avg:312.00ms
step:1183/3250 train_time:369.082s step_avg:311.99ms
step:1184/3250 train_time:369.387s step_avg:311.98ms
step:1185/3250 train_time:369.692s step_avg:311.98ms
step:1186/3250 train_time:370.001s step_avg:311.97ms
step:1187/3250 train_time:370.303s step_avg:311.97ms
step:1188/3250 train_time:370.606s step_avg:311.96ms
step:1189/3250 train_time:370.913s step_avg:311.95ms
step:1190/3250 train_time:371.219s step_avg:311.95ms
step:1191/3250 train_time:371.524s step_avg:311.94ms
step:1192/3250 train_time:371.829s step_avg:311.94ms
step:1193/3250 train_time:372.136s step_avg:311.93ms
step:1194/3250 train_time:372.440s step_avg:311.93ms
step:1195/3250 train_time:372.742s step_avg:311.92ms
step:1196/3250 train_time:373.045s step_avg:311.91ms
step:1197/3250 train_time:373.348s step_avg:311.90ms
step:1198/3250 train_time:373.652s step_avg:311.90ms
step:1199/3250 train_time:373.956s step_avg:311.89ms
step:1200/3250 train_time:374.259s step_avg:311.88ms
step:1201/3250 train_time:374.561s step_avg:311.87ms
step:1202/3250 train_time:374.866s step_avg:311.87ms
step:1203/3250 train_time:375.169s step_avg:311.86ms
step:1204/3250 train_time:375.473s step_avg:311.85ms
step:1205/3250 train_time:375.777s step_avg:311.85ms
step:1206/3250 train_time:376.081s step_avg:311.84ms
step:1207/3250 train_time:376.384s step_avg:311.83ms
step:1208/3250 train_time:376.689s step_avg:311.83ms
step:1209/3250 train_time:376.995s step_avg:311.82ms
step:1210/3250 train_time:377.302s step_avg:311.82ms
step:1211/3250 train_time:377.605s step_avg:311.81ms
step:1212/3250 train_time:377.907s step_avg:311.80ms
step:1213/3250 train_time:378.212s step_avg:311.80ms
step:1214/3250 train_time:378.516s step_avg:311.79ms
step:1215/3250 train_time:378.822s step_avg:311.79ms
step:1216/3250 train_time:379.125s step_avg:311.78ms
step:1217/3250 train_time:379.428s step_avg:311.77ms
step:1218/3250 train_time:379.734s step_avg:311.77ms
step:1219/3250 train_time:380.038s step_avg:311.76ms
step:1220/3250 train_time:380.341s step_avg:311.76ms
step:1221/3250 train_time:380.646s step_avg:311.75ms
step:1222/3250 train_time:380.950s step_avg:311.74ms
step:1223/3250 train_time:381.252s step_avg:311.74ms
step:1224/3250 train_time:381.557s step_avg:311.73ms
step:1225/3250 train_time:381.861s step_avg:311.72ms
step:1226/3250 train_time:382.165s step_avg:311.72ms
step:1227/3250 train_time:382.468s step_avg:311.71ms
step:1228/3250 train_time:382.772s step_avg:311.70ms
step:1229/3250 train_time:383.076s step_avg:311.70ms
step:1230/3250 train_time:383.380s step_avg:311.69ms
step:1231/3250 train_time:383.682s step_avg:311.68ms
step:1232/3250 train_time:383.984s step_avg:311.68ms
step:1233/3250 train_time:384.288s step_avg:311.67ms
step:1234/3250 train_time:384.592s step_avg:311.66ms
step:1235/3250 train_time:384.895s step_avg:311.66ms
step:1236/3250 train_time:385.199s step_avg:311.65ms
step:1237/3250 train_time:385.502s step_avg:311.64ms
step:1238/3250 train_time:385.805s step_avg:311.64ms
step:1239/3250 train_time:386.109s step_avg:311.63ms
step:1240/3250 train_time:386.413s step_avg:311.62ms
step:1241/3250 train_time:386.716s step_avg:311.62ms
step:1242/3250 train_time:387.021s step_avg:311.61ms
step:1243/3250 train_time:387.324s step_avg:311.60ms
step:1244/3250 train_time:387.627s step_avg:311.60ms
step:1245/3250 train_time:387.933s step_avg:311.59ms
step:1246/3250 train_time:388.239s step_avg:311.59ms
step:1247/3250 train_time:388.541s step_avg:311.58ms
step:1248/3250 train_time:388.843s step_avg:311.57ms
step:1249/3250 train_time:389.147s step_avg:311.57ms
step:1250/3250 train_time:389.449s step_avg:311.56ms
step:1250/3250 val_loss:3.57892 train_time:389.451s step_avg:304.95ms
step:1251/3250 train_time:389.755s step_avg:311.55ms
step:1252/3250 train_time:390.061s step_avg:311.55ms
step:1253/3250 train_time:390.368s step_avg:311.55ms
step:1254/3250 train_time:390.671s step_avg:311.54ms
step:1255/3250 train_time:390.975s step_avg:311.53ms
step:1256/3250 train_time:391.279s step_avg:311.53ms
step:1257/3250 train_time:391.583s step_avg:311.52ms
step:1258/3250 train_time:391.887s step_avg:311.52ms
step:1259/3250 train_time:392.189s step_avg:311.51ms
step:1260/3250 train_time:392.492s step_avg:311.50ms
step:1261/3250 train_time:392.794s step_avg:311.49ms
step:1262/3250 train_time:393.099s step_avg:311.49ms
step:1263/3250 train_time:393.403s step_avg:311.48ms
step:1264/3250 train_time:393.708s step_avg:311.48ms
step:1265/3250 train_time:394.011s step_avg:311.47ms
step:1266/3250 train_time:394.316s step_avg:311.47ms
step:1267/3250 train_time:394.619s step_avg:311.46ms
step:1268/3250 train_time:394.923s step_avg:311.45ms
step:1269/3250 train_time:395.228s step_avg:311.45ms
step:1270/3250 train_time:395.533s step_avg:311.44ms
step:1271/3250 train_time:395.837s step_avg:311.44ms
step:1272/3250 train_time:396.141s step_avg:311.43ms
step:1273/3250 train_time:396.447s step_avg:311.43ms
step:1274/3250 train_time:396.751s step_avg:311.42ms
step:1275/3250 train_time:397.054s step_avg:311.41ms
step:1276/3250 train_time:397.358s step_avg:311.41ms
step:1277/3250 train_time:397.662s step_avg:311.40ms
step:1278/3250 train_time:397.966s step_avg:311.40ms
step:1279/3250 train_time:398.268s step_avg:311.39ms
step:1280/3250 train_time:398.571s step_avg:311.38ms
step:1281/3250 train_time:398.876s step_avg:311.38ms
step:1282/3250 train_time:399.182s step_avg:311.37ms
step:1283/3250 train_time:399.488s step_avg:311.37ms
step:1284/3250 train_time:399.791s step_avg:311.36ms
step:1285/3250 train_time:400.095s step_avg:311.36ms
step:1286/3250 train_time:400.401s step_avg:311.35ms
step:1287/3250 train_time:400.708s step_avg:311.35ms
step:1288/3250 train_time:401.011s step_avg:311.34ms
step:1289/3250 train_time:401.315s step_avg:311.34ms
step:1290/3250 train_time:401.619s step_avg:311.33ms
step:1291/3250 train_time:401.927s step_avg:311.33ms
step:1292/3250 train_time:402.233s step_avg:311.33ms
step:1293/3250 train_time:402.537s step_avg:311.32ms
step:1294/3250 train_time:402.843s step_avg:311.32ms
step:1295/3250 train_time:403.148s step_avg:311.31ms
step:1296/3250 train_time:403.450s step_avg:311.30ms
step:1297/3250 train_time:403.761s step_avg:311.30ms
step:1298/3250 train_time:404.067s step_avg:311.30ms
step:1299/3250 train_time:404.371s step_avg:311.29ms
step:1300/3250 train_time:404.678s step_avg:311.29ms
step:1301/3250 train_time:404.983s step_avg:311.29ms
step:1302/3250 train_time:405.289s step_avg:311.28ms
step:1303/3250 train_time:405.592s step_avg:311.28ms
step:1304/3250 train_time:405.895s step_avg:311.27ms
step:1305/3250 train_time:406.199s step_avg:311.26ms
step:1306/3250 train_time:406.503s step_avg:311.26ms
step:1307/3250 train_time:406.806s step_avg:311.25ms
step:1308/3250 train_time:407.123s step_avg:311.26ms
step:1309/3250 train_time:407.426s step_avg:311.25ms
step:1310/3250 train_time:407.728s step_avg:311.24ms
step:1311/3250 train_time:408.030s step_avg:311.24ms
step:1312/3250 train_time:408.335s step_avg:311.23ms
step:1313/3250 train_time:408.639s step_avg:311.23ms
step:1314/3250 train_time:408.942s step_avg:311.22ms
step:1315/3250 train_time:409.247s step_avg:311.21ms
step:1316/3250 train_time:409.550s step_avg:311.21ms
step:1317/3250 train_time:409.853s step_avg:311.20ms
step:1318/3250 train_time:410.158s step_avg:311.20ms
step:1319/3250 train_time:410.462s step_avg:311.19ms
step:1320/3250 train_time:410.766s step_avg:311.19ms
step:1321/3250 train_time:411.070s step_avg:311.18ms
step:1322/3250 train_time:411.374s step_avg:311.18ms
step:1323/3250 train_time:411.681s step_avg:311.17ms
step:1324/3250 train_time:411.990s step_avg:311.17ms
step:1325/3250 train_time:412.295s step_avg:311.17ms
step:1326/3250 train_time:412.603s step_avg:311.16ms
step:1327/3250 train_time:412.914s step_avg:311.16ms
step:1328/3250 train_time:413.221s step_avg:311.16ms
step:1329/3250 train_time:413.526s step_avg:311.16ms
step:1330/3250 train_time:413.829s step_avg:311.15ms
step:1331/3250 train_time:414.201s step_avg:311.20ms
step:1332/3250 train_time:414.509s step_avg:311.19ms
step:1333/3250 train_time:414.814s step_avg:311.19ms
step:1334/3250 train_time:415.120s step_avg:311.18ms
step:1335/3250 train_time:415.426s step_avg:311.18ms
step:1336/3250 train_time:415.731s step_avg:311.18ms
step:1337/3250 train_time:416.034s step_avg:311.17ms
step:1338/3250 train_time:416.342s step_avg:311.17ms
step:1339/3250 train_time:416.649s step_avg:311.16ms
step:1340/3250 train_time:416.952s step_avg:311.16ms
step:1341/3250 train_time:417.260s step_avg:311.16ms
step:1342/3250 train_time:417.564s step_avg:311.15ms
step:1343/3250 train_time:417.875s step_avg:311.15ms
step:1344/3250 train_time:418.183s step_avg:311.15ms
step:1345/3250 train_time:418.491s step_avg:311.15ms
step:1346/3250 train_time:418.795s step_avg:311.14ms
step:1347/3250 train_time:419.102s step_avg:311.14ms
step:1348/3250 train_time:419.408s step_avg:311.13ms
step:1349/3250 train_time:419.712s step_avg:311.13ms
step:1350/3250 train_time:420.016s step_avg:311.12ms
step:1351/3250 train_time:420.322s step_avg:311.12ms
step:1352/3250 train_time:420.627s step_avg:311.11ms
step:1353/3250 train_time:420.931s step_avg:311.11ms
step:1354/3250 train_time:421.234s step_avg:311.10ms
step:1355/3250 train_time:421.537s step_avg:311.10ms
step:1356/3250 train_time:421.841s step_avg:311.09ms
step:1357/3250 train_time:422.146s step_avg:311.09ms
step:1358/3250 train_time:422.449s step_avg:311.08ms
step:1359/3250 train_time:422.753s step_avg:311.08ms
step:1360/3250 train_time:423.060s step_avg:311.07ms
step:1361/3250 train_time:423.370s step_avg:311.07ms
step:1362/3250 train_time:423.674s step_avg:311.07ms
step:1363/3250 train_time:423.984s step_avg:311.07ms
step:1364/3250 train_time:424.297s step_avg:311.07ms
step:1365/3250 train_time:424.604s step_avg:311.07ms
step:1366/3250 train_time:424.911s step_avg:311.06ms
step:1367/3250 train_time:425.216s step_avg:311.06ms
step:1368/3250 train_time:425.524s step_avg:311.06ms
step:1369/3250 train_time:425.829s step_avg:311.05ms
step:1370/3250 train_time:426.132s step_avg:311.05ms
step:1371/3250 train_time:426.436s step_avg:311.04ms
step:1372/3250 train_time:426.744s step_avg:311.04ms
step:1373/3250 train_time:427.049s step_avg:311.03ms
step:1374/3250 train_time:427.352s step_avg:311.03ms
step:1375/3250 train_time:427.656s step_avg:311.02ms
step:1375/3250 val_loss:3.55600 train_time:427.658s step_avg:305.66ms
step:1376/3250 train_time:427.964s step_avg:311.02ms
step:1377/3250 train_time:428.267s step_avg:311.01ms
step:1378/3250 train_time:428.571s step_avg:311.01ms
step:1379/3250 train_time:428.875s step_avg:311.00ms
step:1380/3250 train_time:429.180s step_avg:311.00ms
step:1381/3250 train_time:429.485s step_avg:311.00ms
step:1382/3250 train_time:429.788s step_avg:310.99ms
step:1383/3250 train_time:430.091s step_avg:310.98ms
step:1384/3250 train_time:430.395s step_avg:310.98ms
step:1385/3250 train_time:430.699s step_avg:310.97ms
step:1386/3250 train_time:431.004s step_avg:310.97ms
step:1387/3250 train_time:431.308s step_avg:310.96ms
step:1388/3250 train_time:431.612s step_avg:310.96ms
step:1389/3250 train_time:431.919s step_avg:310.96ms
step:1390/3250 train_time:432.224s step_avg:310.95ms
step:1391/3250 train_time:432.528s step_avg:310.95ms
step:1392/3250 train_time:432.843s step_avg:310.95ms
step:1393/3250 train_time:433.149s step_avg:310.95ms
step:1394/3250 train_time:433.453s step_avg:310.94ms
step:1395/3250 train_time:433.766s step_avg:310.94ms
step:1396/3250 train_time:434.079s step_avg:310.94ms
step:1397/3250 train_time:434.386s step_avg:310.94ms
step:1398/3250 train_time:434.690s step_avg:310.94ms
step:1399/3250 train_time:434.993s step_avg:310.93ms
step:1400/3250 train_time:435.298s step_avg:310.93ms
step:1401/3250 train_time:435.604s step_avg:310.92ms
step:1402/3250 train_time:435.909s step_avg:310.92ms
step:1403/3250 train_time:436.214s step_avg:310.92ms
step:1404/3250 train_time:436.527s step_avg:310.92ms
step:1405/3250 train_time:436.840s step_avg:310.92ms
step:1406/3250 train_time:437.153s step_avg:310.92ms
step:1407/3250 train_time:437.465s step_avg:310.92ms
step:1408/3250 train_time:437.777s step_avg:310.92ms
step:1409/3250 train_time:438.096s step_avg:310.93ms
step:1410/3250 train_time:438.401s step_avg:310.92ms
step:1411/3250 train_time:438.705s step_avg:310.92ms
step:1412/3250 train_time:439.008s step_avg:310.91ms
step:1413/3250 train_time:439.312s step_avg:310.91ms
step:1414/3250 train_time:439.616s step_avg:310.90ms
step:1415/3250 train_time:439.925s step_avg:310.90ms
step:1416/3250 train_time:440.228s step_avg:310.90ms
step:1417/3250 train_time:440.531s step_avg:310.89ms
step:1418/3250 train_time:440.837s step_avg:310.89ms
step:1419/3250 train_time:441.142s step_avg:310.88ms
step:1420/3250 train_time:441.447s step_avg:310.88ms
step:1421/3250 train_time:441.752s step_avg:310.87ms
step:1422/3250 train_time:442.058s step_avg:310.87ms
step:1423/3250 train_time:442.366s step_avg:310.87ms
step:1424/3250 train_time:442.670s step_avg:310.86ms
step:1425/3250 train_time:442.974s step_avg:310.86ms
step:1426/3250 train_time:443.281s step_avg:310.86ms
step:1427/3250 train_time:443.587s step_avg:310.85ms
step:1428/3250 train_time:443.889s step_avg:310.85ms
step:1429/3250 train_time:444.193s step_avg:310.84ms
step:1430/3250 train_time:444.499s step_avg:310.84ms
step:1431/3250 train_time:444.804s step_avg:310.83ms
step:1432/3250 train_time:445.108s step_avg:310.83ms
step:1433/3250 train_time:445.412s step_avg:310.82ms
step:1434/3250 train_time:445.714s step_avg:310.82ms
step:1435/3250 train_time:446.020s step_avg:310.82ms
step:1436/3250 train_time:446.328s step_avg:310.81ms
step:1437/3250 train_time:446.631s step_avg:310.81ms
step:1438/3250 train_time:446.937s step_avg:310.80ms
step:1439/3250 train_time:447.243s step_avg:310.80ms
step:1440/3250 train_time:447.548s step_avg:310.80ms
step:1441/3250 train_time:447.853s step_avg:310.79ms
step:1442/3250 train_time:448.161s step_avg:310.79ms
step:1443/3250 train_time:448.465s step_avg:310.79ms
step:1444/3250 train_time:448.768s step_avg:310.78ms
step:1445/3250 train_time:449.071s step_avg:310.78ms
step:1446/3250 train_time:449.375s step_avg:310.77ms
step:1447/3250 train_time:449.680s step_avg:310.77ms
step:1448/3250 train_time:449.984s step_avg:310.76ms
step:1449/3250 train_time:450.287s step_avg:310.76ms
step:1450/3250 train_time:450.590s step_avg:310.75ms
step:1451/3250 train_time:450.893s step_avg:310.75ms
step:1452/3250 train_time:451.197s step_avg:310.74ms
step:1453/3250 train_time:451.500s step_avg:310.74ms
step:1454/3250 train_time:451.804s step_avg:310.73ms
step:1455/3250 train_time:452.107s step_avg:310.73ms
step:1456/3250 train_time:452.410s step_avg:310.72ms
step:1457/3250 train_time:452.712s step_avg:310.72ms
step:1458/3250 train_time:453.017s step_avg:310.71ms
step:1459/3250 train_time:453.321s step_avg:310.71ms
step:1460/3250 train_time:453.626s step_avg:310.70ms
step:1461/3250 train_time:453.928s step_avg:310.70ms
step:1462/3250 train_time:454.230s step_avg:310.69ms
step:1463/3250 train_time:454.534s step_avg:310.69ms
step:1464/3250 train_time:454.838s step_avg:310.68ms
step:1465/3250 train_time:455.143s step_avg:310.68ms
step:1466/3250 train_time:455.451s step_avg:310.68ms
step:1467/3250 train_time:455.755s step_avg:310.67ms
step:1468/3250 train_time:456.061s step_avg:310.67ms
step:1469/3250 train_time:456.367s step_avg:310.67ms
step:1470/3250 train_time:456.671s step_avg:310.66ms
step:1471/3250 train_time:456.976s step_avg:310.66ms
step:1472/3250 train_time:457.279s step_avg:310.65ms
step:1473/3250 train_time:457.587s step_avg:310.65ms
step:1474/3250 train_time:457.891s step_avg:310.65ms
step:1475/3250 train_time:458.198s step_avg:310.64ms
step:1476/3250 train_time:458.505s step_avg:310.64ms
step:1477/3250 train_time:458.809s step_avg:310.64ms
step:1478/3250 train_time:459.113s step_avg:310.63ms
step:1479/3250 train_time:459.419s step_avg:310.63ms
step:1480/3250 train_time:459.724s step_avg:310.62ms
step:1481/3250 train_time:460.027s step_avg:310.62ms
step:1482/3250 train_time:460.331s step_avg:310.61ms
step:1483/3250 train_time:460.634s step_avg:310.61ms
step:1484/3250 train_time:460.939s step_avg:310.61ms
step:1485/3250 train_time:461.247s step_avg:310.60ms
step:1486/3250 train_time:461.550s step_avg:310.60ms
step:1487/3250 train_time:461.856s step_avg:310.60ms
step:1488/3250 train_time:462.161s step_avg:310.59ms
step:1489/3250 train_time:462.466s step_avg:310.59ms
step:1490/3250 train_time:462.768s step_avg:310.58ms
step:1491/3250 train_time:463.071s step_avg:310.58ms
step:1492/3250 train_time:463.375s step_avg:310.57ms
step:1493/3250 train_time:463.681s step_avg:310.57ms
step:1494/3250 train_time:463.985s step_avg:310.57ms
step:1495/3250 train_time:464.288s step_avg:310.56ms
step:1496/3250 train_time:464.598s step_avg:310.56ms
step:1497/3250 train_time:464.904s step_avg:310.56ms
step:1498/3250 train_time:465.207s step_avg:310.55ms
step:1499/3250 train_time:465.509s step_avg:310.55ms
step:1500/3250 train_time:465.814s step_avg:310.54ms
step:1500/3250 val_loss:3.52952 train_time:465.815s step_avg:305.26ms
step:1501/3250 train_time:466.125s step_avg:310.54ms
step:1502/3250 train_time:466.430s step_avg:310.54ms
step:1503/3250 train_time:466.735s step_avg:310.54ms
step:1504/3250 train_time:467.040s step_avg:310.53ms
step:1505/3250 train_time:467.345s step_avg:310.53ms
step:1506/3250 train_time:467.650s step_avg:310.52ms
step:1507/3250 train_time:467.957s step_avg:310.52ms
step:1508/3250 train_time:468.260s step_avg:310.52ms
step:1509/3250 train_time:468.562s step_avg:310.51ms
step:1510/3250 train_time:468.866s step_avg:310.51ms
step:1511/3250 train_time:469.171s step_avg:310.50ms
step:1512/3250 train_time:469.474s step_avg:310.50ms
step:1513/3250 train_time:469.779s step_avg:310.49ms
step:1514/3250 train_time:470.082s step_avg:310.49ms
step:1515/3250 train_time:470.385s step_avg:310.48ms
step:1516/3250 train_time:470.689s step_avg:310.48ms
step:1517/3250 train_time:470.993s step_avg:310.48ms
step:1518/3250 train_time:471.298s step_avg:310.47ms
step:1519/3250 train_time:471.602s step_avg:310.47ms
step:1520/3250 train_time:471.907s step_avg:310.47ms
step:1521/3250 train_time:472.294s step_avg:310.52ms
step:1522/3250 train_time:472.600s step_avg:310.51ms
step:1523/3250 train_time:472.905s step_avg:310.51ms
step:1524/3250 train_time:473.211s step_avg:310.51ms
step:1525/3250 train_time:473.518s step_avg:310.50ms
step:1526/3250 train_time:473.823s step_avg:310.50ms
step:1527/3250 train_time:474.128s step_avg:310.50ms
step:1528/3250 train_time:474.435s step_avg:310.49ms
step:1529/3250 train_time:474.742s step_avg:310.49ms
step:1530/3250 train_time:475.047s step_avg:310.49ms
step:1531/3250 train_time:475.353s step_avg:310.49ms
step:1532/3250 train_time:475.659s step_avg:310.48ms
step:1533/3250 train_time:475.962s step_avg:310.48ms
step:1534/3250 train_time:476.264s step_avg:310.47ms
step:1535/3250 train_time:476.571s step_avg:310.47ms
step:1536/3250 train_time:476.879s step_avg:310.47ms
step:1537/3250 train_time:477.183s step_avg:310.46ms
step:1538/3250 train_time:477.490s step_avg:310.46ms
step:1539/3250 train_time:477.797s step_avg:310.46ms
step:1540/3250 train_time:478.102s step_avg:310.46ms
step:1541/3250 train_time:478.406s step_avg:310.45ms
step:1542/3250 train_time:478.715s step_avg:310.45ms
step:1543/3250 train_time:479.022s step_avg:310.45ms
step:1544/3250 train_time:479.327s step_avg:310.45ms
step:1545/3250 train_time:479.634s step_avg:310.44ms
step:1546/3250 train_time:479.940s step_avg:310.44ms
step:1547/3250 train_time:480.244s step_avg:310.44ms
step:1548/3250 train_time:480.549s step_avg:310.43ms
step:1549/3250 train_time:480.857s step_avg:310.43ms
step:1550/3250 train_time:481.161s step_avg:310.43ms
step:1551/3250 train_time:481.464s step_avg:310.42ms
step:1552/3250 train_time:481.769s step_avg:310.42ms
step:1553/3250 train_time:482.076s step_avg:310.42ms
step:1554/3250 train_time:482.380s step_avg:310.41ms
step:1555/3250 train_time:482.685s step_avg:310.41ms
step:1556/3250 train_time:482.989s step_avg:310.40ms
step:1557/3250 train_time:483.293s step_avg:310.40ms
step:1558/3250 train_time:483.598s step_avg:310.40ms
step:1559/3250 train_time:483.903s step_avg:310.39ms
step:1560/3250 train_time:484.206s step_avg:310.39ms
step:1561/3250 train_time:484.512s step_avg:310.39ms
step:1562/3250 train_time:484.815s step_avg:310.38ms
step:1563/3250 train_time:485.125s step_avg:310.38ms
step:1564/3250 train_time:485.431s step_avg:310.38ms
step:1565/3250 train_time:485.742s step_avg:310.38ms
step:1566/3250 train_time:486.053s step_avg:310.38ms
step:1567/3250 train_time:486.359s step_avg:310.38ms
step:1568/3250 train_time:486.663s step_avg:310.37ms
step:1569/3250 train_time:486.967s step_avg:310.37ms
step:1570/3250 train_time:487.276s step_avg:310.37ms
step:1571/3250 train_time:487.584s step_avg:310.37ms
step:1572/3250 train_time:487.891s step_avg:310.36ms
step:1573/3250 train_time:488.202s step_avg:310.36ms
step:1574/3250 train_time:488.514s step_avg:310.36ms
step:1575/3250 train_time:488.822s step_avg:310.36ms
step:1576/3250 train_time:489.134s step_avg:310.36ms
step:1577/3250 train_time:489.444s step_avg:310.36ms
step:1578/3250 train_time:489.749s step_avg:310.36ms
step:1579/3250 train_time:490.056s step_avg:310.36ms
step:1580/3250 train_time:490.361s step_avg:310.35ms
step:1581/3250 train_time:490.672s step_avg:310.36ms
step:1582/3250 train_time:490.984s step_avg:310.36ms
step:1583/3250 train_time:491.290s step_avg:310.35ms
step:1584/3250 train_time:491.598s step_avg:310.35ms
step:1585/3250 train_time:491.903s step_avg:310.35ms
step:1586/3250 train_time:492.211s step_avg:310.35ms
step:1587/3250 train_time:492.518s step_avg:310.35ms
step:1588/3250 train_time:492.823s step_avg:310.34ms
step:1589/3250 train_time:493.135s step_avg:310.34ms
step:1590/3250 train_time:493.444s step_avg:310.34ms
step:1591/3250 train_time:493.752s step_avg:310.34ms
step:1592/3250 train_time:494.061s step_avg:310.34ms
step:1593/3250 train_time:494.365s step_avg:310.34ms
step:1594/3250 train_time:494.671s step_avg:310.33ms
step:1595/3250 train_time:494.980s step_avg:310.33ms
step:1596/3250 train_time:495.293s step_avg:310.33ms
step:1597/3250 train_time:495.609s step_avg:310.34ms
step:1598/3250 train_time:495.915s step_avg:310.33ms
step:1599/3250 train_time:496.221s step_avg:310.33ms
step:1600/3250 train_time:496.526s step_avg:310.33ms
step:1601/3250 train_time:496.834s step_avg:310.33ms
step:1602/3250 train_time:497.142s step_avg:310.33ms
step:1603/3250 train_time:497.448s step_avg:310.32ms
step:1604/3250 train_time:497.754s step_avg:310.32ms
step:1605/3250 train_time:498.061s step_avg:310.32ms
step:1606/3250 train_time:498.366s step_avg:310.32ms
step:1607/3250 train_time:498.671s step_avg:310.31ms
step:1608/3250 train_time:498.978s step_avg:310.31ms
step:1609/3250 train_time:499.283s step_avg:310.31ms
step:1610/3250 train_time:499.590s step_avg:310.30ms
step:1611/3250 train_time:499.898s step_avg:310.30ms
step:1612/3250 train_time:500.210s step_avg:310.30ms
step:1613/3250 train_time:500.520s step_avg:310.30ms
step:1614/3250 train_time:500.827s step_avg:310.30ms
step:1615/3250 train_time:501.133s step_avg:310.30ms
step:1616/3250 train_time:501.439s step_avg:310.30ms
step:1617/3250 train_time:501.745s step_avg:310.29ms
step:1618/3250 train_time:502.050s step_avg:310.29ms
step:1619/3250 train_time:502.359s step_avg:310.29ms
step:1620/3250 train_time:502.664s step_avg:310.29ms
step:1621/3250 train_time:502.972s step_avg:310.29ms
step:1622/3250 train_time:503.278s step_avg:310.28ms
step:1623/3250 train_time:503.582s step_avg:310.28ms
step:1624/3250 train_time:503.888s step_avg:310.28ms
step:1625/3250 train_time:504.196s step_avg:310.27ms
step:1625/3250 val_loss:3.51090 train_time:504.198s step_avg:307.06ms
step:1626/3250 train_time:504.504s step_avg:310.27ms
step:1627/3250 train_time:504.811s step_avg:310.27ms
step:1628/3250 train_time:505.117s step_avg:310.27ms
step:1629/3250 train_time:505.427s step_avg:310.27ms
step:1630/3250 train_time:505.732s step_avg:310.26ms
step:1631/3250 train_time:506.035s step_avg:310.26ms
step:1632/3250 train_time:506.346s step_avg:310.26ms
step:1633/3250 train_time:506.652s step_avg:310.26ms
step:1634/3250 train_time:506.960s step_avg:310.26ms
step:1635/3250 train_time:507.269s step_avg:310.26ms
step:1636/3250 train_time:507.573s step_avg:310.25ms
step:1637/3250 train_time:507.877s step_avg:310.25ms
step:1638/3250 train_time:508.183s step_avg:310.25ms
step:1639/3250 train_time:508.490s step_avg:310.24ms
step:1640/3250 train_time:508.794s step_avg:310.24ms
step:1641/3250 train_time:509.099s step_avg:310.24ms
step:1642/3250 train_time:509.407s step_avg:310.24ms
step:1643/3250 train_time:509.711s step_avg:310.23ms
step:1644/3250 train_time:510.017s step_avg:310.23ms
step:1645/3250 train_time:510.325s step_avg:310.23ms
step:1646/3250 train_time:510.631s step_avg:310.23ms
step:1647/3250 train_time:510.935s step_avg:310.22ms
step:1648/3250 train_time:511.240s step_avg:310.22ms
step:1649/3250 train_time:511.549s step_avg:310.22ms
step:1650/3250 train_time:511.854s step_avg:310.21ms
step:1651/3250 train_time:512.161s step_avg:310.21ms
step:1652/3250 train_time:512.471s step_avg:310.21ms
step:1653/3250 train_time:512.777s step_avg:310.21ms
step:1654/3250 train_time:513.083s step_avg:310.21ms
step:1655/3250 train_time:513.392s step_avg:310.21ms
step:1656/3250 train_time:513.698s step_avg:310.20ms
step:1657/3250 train_time:514.004s step_avg:310.20ms
step:1658/3250 train_time:514.309s step_avg:310.20ms
step:1659/3250 train_time:514.617s step_avg:310.20ms
step:1660/3250 train_time:514.924s step_avg:310.19ms
step:1661/3250 train_time:515.231s step_avg:310.19ms
step:1662/3250 train_time:515.535s step_avg:310.19ms
step:1663/3250 train_time:515.841s step_avg:310.19ms
step:1664/3250 train_time:516.147s step_avg:310.18ms
step:1665/3250 train_time:516.450s step_avg:310.18ms
step:1666/3250 train_time:516.755s step_avg:310.18ms
step:1667/3250 train_time:517.061s step_avg:310.17ms
step:1668/3250 train_time:517.365s step_avg:310.17ms
step:1669/3250 train_time:517.670s step_avg:310.17ms
step:1670/3250 train_time:517.975s step_avg:310.16ms
step:1671/3250 train_time:518.279s step_avg:310.16ms
step:1672/3250 train_time:518.585s step_avg:310.16ms
step:1673/3250 train_time:518.890s step_avg:310.16ms
step:1674/3250 train_time:519.195s step_avg:310.15ms
step:1675/3250 train_time:519.499s step_avg:310.15ms
step:1676/3250 train_time:519.806s step_avg:310.15ms
step:1677/3250 train_time:520.112s step_avg:310.14ms
step:1678/3250 train_time:520.419s step_avg:310.14ms
step:1679/3250 train_time:520.727s step_avg:310.14ms
step:1680/3250 train_time:521.032s step_avg:310.14ms
step:1681/3250 train_time:521.337s step_avg:310.14ms
step:1682/3250 train_time:521.644s step_avg:310.13ms
step:1683/3250 train_time:521.951s step_avg:310.13ms
step:1684/3250 train_time:522.254s step_avg:310.13ms
step:1685/3250 train_time:522.559s step_avg:310.12ms
step:1686/3250 train_time:522.868s step_avg:310.12ms
step:1687/3250 train_time:523.172s step_avg:310.12ms
step:1688/3250 train_time:523.477s step_avg:310.12ms
step:1689/3250 train_time:523.783s step_avg:310.11ms
step:1690/3250 train_time:524.090s step_avg:310.11ms
step:1691/3250 train_time:524.393s step_avg:310.11ms
step:1692/3250 train_time:524.697s step_avg:310.10ms
step:1693/3250 train_time:525.002s step_avg:310.10ms
step:1694/3250 train_time:525.308s step_avg:310.10ms
step:1695/3250 train_time:525.612s step_avg:310.10ms
step:1696/3250 train_time:525.916s step_avg:310.09ms
step:1697/3250 train_time:526.222s step_avg:310.09ms
step:1698/3250 train_time:526.528s step_avg:310.09ms
step:1699/3250 train_time:526.832s step_avg:310.08ms
step:1700/3250 train_time:527.135s step_avg:310.08ms
step:1701/3250 train_time:527.440s step_avg:310.08ms
step:1702/3250 train_time:527.746s step_avg:310.07ms
step:1703/3250 train_time:528.050s step_avg:310.07ms
step:1704/3250 train_time:528.354s step_avg:310.07ms
step:1705/3250 train_time:528.658s step_avg:310.06ms
step:1706/3250 train_time:528.969s step_avg:310.06ms
step:1707/3250 train_time:529.277s step_avg:310.06ms
step:1708/3250 train_time:529.585s step_avg:310.06ms
step:1709/3250 train_time:529.891s step_avg:310.06ms
step:1710/3250 train_time:530.195s step_avg:310.06ms
step:1711/3250 train_time:530.561s step_avg:310.09ms
step:1712/3250 train_time:530.867s step_avg:310.09ms
step:1713/3250 train_time:531.170s step_avg:310.08ms
step:1714/3250 train_time:531.476s step_avg:310.08ms
step:1715/3250 train_time:531.782s step_avg:310.08ms
step:1716/3250 train_time:532.089s step_avg:310.08ms
step:1717/3250 train_time:532.394s step_avg:310.07ms
step:1718/3250 train_time:532.697s step_avg:310.07ms
step:1719/3250 train_time:533.002s step_avg:310.07ms
step:1720/3250 train_time:533.310s step_avg:310.06ms
step:1721/3250 train_time:533.618s step_avg:310.06ms
step:1722/3250 train_time:533.926s step_avg:310.06ms
step:1723/3250 train_time:534.233s step_avg:310.06ms
step:1724/3250 train_time:534.538s step_avg:310.06ms
step:1725/3250 train_time:534.841s step_avg:310.05ms
step:1726/3250 train_time:535.149s step_avg:310.05ms
step:1727/3250 train_time:535.453s step_avg:310.05ms
step:1728/3250 train_time:535.758s step_avg:310.05ms
step:1729/3250 train_time:536.063s step_avg:310.04ms
step:1730/3250 train_time:536.368s step_avg:310.04ms
step:1731/3250 train_time:536.672s step_avg:310.04ms
step:1732/3250 train_time:536.978s step_avg:310.03ms
step:1733/3250 train_time:537.286s step_avg:310.03ms
step:1734/3250 train_time:537.591s step_avg:310.03ms
step:1735/3250 train_time:537.893s step_avg:310.03ms
step:1736/3250 train_time:538.196s step_avg:310.02ms
step:1737/3250 train_time:538.501s step_avg:310.02ms
step:1738/3250 train_time:538.808s step_avg:310.02ms
step:1739/3250 train_time:539.115s step_avg:310.01ms
step:1740/3250 train_time:539.420s step_avg:310.01ms
step:1741/3250 train_time:539.730s step_avg:310.01ms
step:1742/3250 train_time:540.036s step_avg:310.01ms
step:1743/3250 train_time:540.343s step_avg:310.01ms
step:1744/3250 train_time:540.650s step_avg:310.01ms
step:1745/3250 train_time:540.954s step_avg:310.00ms
step:1746/3250 train_time:541.260s step_avg:310.00ms
step:1747/3250 train_time:541.569s step_avg:310.00ms
step:1748/3250 train_time:541.873s step_avg:310.00ms
step:1749/3250 train_time:542.176s step_avg:309.99ms
step:1750/3250 train_time:542.482s step_avg:309.99ms
step:1750/3250 val_loss:3.49021 train_time:542.483s step_avg:306.29ms
step:1751/3250 train_time:542.787s step_avg:309.99ms
step:1752/3250 train_time:543.089s step_avg:309.98ms
step:1753/3250 train_time:543.394s step_avg:309.98ms
step:1754/3250 train_time:543.703s step_avg:309.98ms
step:1755/3250 train_time:544.008s step_avg:309.98ms
step:1756/3250 train_time:544.311s step_avg:309.97ms
step:1757/3250 train_time:544.616s step_avg:309.97ms
step:1758/3250 train_time:544.922s step_avg:309.97ms
step:1759/3250 train_time:545.226s step_avg:309.96ms
step:1760/3250 train_time:545.531s step_avg:309.96ms
step:1761/3250 train_time:545.838s step_avg:309.96ms
step:1762/3250 train_time:546.145s step_avg:309.96ms
step:1763/3250 train_time:546.449s step_avg:309.95ms
step:1764/3250 train_time:546.755s step_avg:309.95ms
step:1765/3250 train_time:547.063s step_avg:309.95ms
step:1766/3250 train_time:547.369s step_avg:309.95ms
step:1767/3250 train_time:547.675s step_avg:309.95ms
step:1768/3250 train_time:547.981s step_avg:309.94ms
step:1769/3250 train_time:548.287s step_avg:309.94ms
step:1770/3250 train_time:548.593s step_avg:309.94ms
step:1771/3250 train_time:548.900s step_avg:309.94ms
step:1772/3250 train_time:549.205s step_avg:309.93ms
step:1773/3250 train_time:549.508s step_avg:309.93ms
step:1774/3250 train_time:549.812s step_avg:309.93ms
step:1775/3250 train_time:550.117s step_avg:309.93ms
step:1776/3250 train_time:550.426s step_avg:309.92ms
step:1777/3250 train_time:550.730s step_avg:309.92ms
step:1778/3250 train_time:551.036s step_avg:309.92ms
step:1779/3250 train_time:551.345s step_avg:309.92ms
step:1780/3250 train_time:551.649s step_avg:309.92ms
step:1781/3250 train_time:551.954s step_avg:309.91ms
step:1782/3250 train_time:552.260s step_avg:309.91ms
step:1783/3250 train_time:552.565s step_avg:309.91ms
step:1784/3250 train_time:552.868s step_avg:309.90ms
step:1785/3250 train_time:553.173s step_avg:309.90ms
step:1786/3250 train_time:553.477s step_avg:309.90ms
step:1787/3250 train_time:553.785s step_avg:309.90ms
step:1788/3250 train_time:554.092s step_avg:309.89ms
step:1789/3250 train_time:554.399s step_avg:309.89ms
step:1790/3250 train_time:554.706s step_avg:309.89ms
step:1791/3250 train_time:555.010s step_avg:309.89ms
step:1792/3250 train_time:555.315s step_avg:309.89ms
step:1793/3250 train_time:555.622s step_avg:309.88ms
step:1794/3250 train_time:555.926s step_avg:309.88ms
step:1795/3250 train_time:556.233s step_avg:309.88ms
step:1796/3250 train_time:556.540s step_avg:309.88ms
step:1797/3250 train_time:556.846s step_avg:309.88ms
step:1798/3250 train_time:557.151s step_avg:309.87ms
step:1799/3250 train_time:557.456s step_avg:309.87ms
step:1800/3250 train_time:557.763s step_avg:309.87ms
step:1801/3250 train_time:558.067s step_avg:309.87ms
step:1802/3250 train_time:558.370s step_avg:309.86ms
step:1803/3250 train_time:558.677s step_avg:309.86ms
step:1804/3250 train_time:558.987s step_avg:309.86ms
step:1805/3250 train_time:559.291s step_avg:309.86ms
step:1806/3250 train_time:559.599s step_avg:309.86ms
step:1807/3250 train_time:559.904s step_avg:309.85ms
step:1808/3250 train_time:560.207s step_avg:309.85ms
step:1809/3250 train_time:560.514s step_avg:309.85ms
step:1810/3250 train_time:560.821s step_avg:309.85ms
step:1811/3250 train_time:561.132s step_avg:309.85ms
step:1812/3250 train_time:561.440s step_avg:309.85ms
step:1813/3250 train_time:561.753s step_avg:309.85ms
step:1814/3250 train_time:562.065s step_avg:309.85ms
step:1815/3250 train_time:562.369s step_avg:309.85ms
step:1816/3250 train_time:562.673s step_avg:309.84ms
step:1817/3250 train_time:562.985s step_avg:309.84ms
step:1818/3250 train_time:563.290s step_avg:309.84ms
step:1819/3250 train_time:563.596s step_avg:309.84ms
step:1820/3250 train_time:563.907s step_avg:309.84ms
step:1821/3250 train_time:564.220s step_avg:309.84ms
step:1822/3250 train_time:564.533s step_avg:309.84ms
step:1823/3250 train_time:564.838s step_avg:309.84ms
step:1824/3250 train_time:565.145s step_avg:309.84ms
step:1825/3250 train_time:565.451s step_avg:309.84ms
step:1826/3250 train_time:565.756s step_avg:309.83ms
step:1827/3250 train_time:566.068s step_avg:309.83ms
step:1828/3250 train_time:566.381s step_avg:309.84ms
step:1829/3250 train_time:566.686s step_avg:309.83ms
step:1830/3250 train_time:566.996s step_avg:309.83ms
step:1831/3250 train_time:567.305s step_avg:309.83ms
step:1832/3250 train_time:567.611s step_avg:309.83ms
step:1833/3250 train_time:567.918s step_avg:309.83ms
step:1834/3250 train_time:568.224s step_avg:309.83ms
step:1835/3250 train_time:568.529s step_avg:309.83ms
step:1836/3250 train_time:568.834s step_avg:309.82ms
step:1837/3250 train_time:569.141s step_avg:309.82ms
step:1838/3250 train_time:569.445s step_avg:309.82ms
step:1839/3250 train_time:569.756s step_avg:309.82ms
step:1840/3250 train_time:570.069s step_avg:309.82ms
step:1841/3250 train_time:570.374s step_avg:309.82ms
step:1842/3250 train_time:570.684s step_avg:309.82ms
step:1843/3250 train_time:570.992s step_avg:309.82ms
step:1844/3250 train_time:571.304s step_avg:309.82ms
step:1845/3250 train_time:571.616s step_avg:309.82ms
step:1846/3250 train_time:571.928s step_avg:309.82ms
step:1847/3250 train_time:572.236s step_avg:309.82ms
step:1848/3250 train_time:572.552s step_avg:309.82ms
step:1849/3250 train_time:572.858s step_avg:309.82ms
step:1850/3250 train_time:573.171s step_avg:309.82ms
step:1851/3250 train_time:573.477s step_avg:309.82ms
step:1852/3250 train_time:573.788s step_avg:309.82ms
step:1853/3250 train_time:574.096s step_avg:309.82ms
step:1854/3250 train_time:574.403s step_avg:309.82ms
step:1855/3250 train_time:574.709s step_avg:309.82ms
step:1856/3250 train_time:575.017s step_avg:309.82ms
step:1857/3250 train_time:575.325s step_avg:309.81ms
step:1858/3250 train_time:575.630s step_avg:309.81ms
step:1859/3250 train_time:575.942s step_avg:309.81ms
step:1860/3250 train_time:576.254s step_avg:309.81ms
step:1861/3250 train_time:576.569s step_avg:309.82ms
step:1862/3250 train_time:576.878s step_avg:309.82ms
step:1863/3250 train_time:577.186s step_avg:309.82ms
step:1864/3250 train_time:577.494s step_avg:309.81ms
step:1865/3250 train_time:577.803s step_avg:309.81ms
step:1866/3250 train_time:578.110s step_avg:309.81ms
step:1867/3250 train_time:578.419s step_avg:309.81ms
step:1868/3250 train_time:578.726s step_avg:309.81ms
step:1869/3250 train_time:579.038s step_avg:309.81ms
step:1870/3250 train_time:579.351s step_avg:309.81ms
step:1871/3250 train_time:579.656s step_avg:309.81ms
step:1872/3250 train_time:579.960s step_avg:309.81ms
step:1873/3250 train_time:580.266s step_avg:309.81ms
step:1874/3250 train_time:580.577s step_avg:309.81ms
step:1875/3250 train_time:580.885s step_avg:309.81ms
step:1875/3250 val_loss:3.46990 train_time:580.886s step_avg:307.22ms
step:1876/3250 train_time:581.194s step_avg:309.80ms
step:1877/3250 train_time:581.499s step_avg:309.80ms
step:1878/3250 train_time:581.807s step_avg:309.80ms
step:1879/3250 train_time:582.114s step_avg:309.80ms
step:1880/3250 train_time:582.418s step_avg:309.80ms
step:1881/3250 train_time:582.723s step_avg:309.79ms
step:1882/3250 train_time:583.032s step_avg:309.79ms
step:1883/3250 train_time:583.339s step_avg:309.79ms
step:1884/3250 train_time:583.651s step_avg:309.79ms
step:1885/3250 train_time:583.961s step_avg:309.79ms
step:1886/3250 train_time:584.267s step_avg:309.79ms
step:1887/3250 train_time:584.578s step_avg:309.79ms
step:1888/3250 train_time:584.882s step_avg:309.79ms
step:1889/3250 train_time:585.191s step_avg:309.79ms
step:1890/3250 train_time:585.496s step_avg:309.79ms
step:1891/3250 train_time:585.801s step_avg:309.78ms
step:1892/3250 train_time:586.109s step_avg:309.78ms
step:1893/3250 train_time:586.413s step_avg:309.78ms
step:1894/3250 train_time:586.717s step_avg:309.78ms
step:1895/3250 train_time:587.022s step_avg:309.77ms
step:1896/3250 train_time:587.329s step_avg:309.77ms
step:1897/3250 train_time:587.634s step_avg:309.77ms
step:1898/3250 train_time:587.941s step_avg:309.77ms
step:1899/3250 train_time:588.248s step_avg:309.77ms
step:1900/3250 train_time:588.554s step_avg:309.77ms
step:1901/3250 train_time:588.916s step_avg:309.79ms
step:1902/3250 train_time:589.219s step_avg:309.79ms
step:1903/3250 train_time:589.524s step_avg:309.79ms
step:1904/3250 train_time:589.832s step_avg:309.79ms
step:1905/3250 train_time:590.135s step_avg:309.78ms
step:1906/3250 train_time:590.438s step_avg:309.78ms
step:1907/3250 train_time:590.744s step_avg:309.78ms
step:1908/3250 train_time:591.053s step_avg:309.78ms
step:1909/3250 train_time:591.361s step_avg:309.78ms
step:1910/3250 train_time:591.671s step_avg:309.78ms
step:1911/3250 train_time:591.976s step_avg:309.77ms
step:1912/3250 train_time:592.281s step_avg:309.77ms
step:1913/3250 train_time:592.587s step_avg:309.77ms
step:1914/3250 train_time:592.890s step_avg:309.76ms
step:1915/3250 train_time:593.195s step_avg:309.76ms
step:1916/3250 train_time:593.500s step_avg:309.76ms
step:1917/3250 train_time:593.808s step_avg:309.76ms
step:1918/3250 train_time:594.114s step_avg:309.76ms
step:1919/3250 train_time:594.419s step_avg:309.75ms
step:1920/3250 train_time:594.724s step_avg:309.75ms
step:1921/3250 train_time:595.032s step_avg:309.75ms
step:1922/3250 train_time:595.337s step_avg:309.75ms
step:1923/3250 train_time:595.643s step_avg:309.75ms
step:1924/3250 train_time:595.951s step_avg:309.75ms
step:1925/3250 train_time:596.258s step_avg:309.74ms
step:1926/3250 train_time:596.564s step_avg:309.74ms
step:1927/3250 train_time:596.870s step_avg:309.74ms
step:1928/3250 train_time:597.175s step_avg:309.74ms
step:1929/3250 train_time:597.486s step_avg:309.74ms
step:1930/3250 train_time:597.792s step_avg:309.74ms
step:1931/3250 train_time:598.097s step_avg:309.73ms
step:1932/3250 train_time:598.402s step_avg:309.73ms
step:1933/3250 train_time:598.712s step_avg:309.73ms
step:1934/3250 train_time:599.016s step_avg:309.73ms
step:1935/3250 train_time:599.321s step_avg:309.73ms
step:1936/3250 train_time:599.627s step_avg:309.72ms
step:1937/3250 train_time:599.933s step_avg:309.72ms
step:1938/3250 train_time:600.243s step_avg:309.72ms
step:1939/3250 train_time:600.553s step_avg:309.72ms
step:1940/3250 train_time:600.859s step_avg:309.72ms
step:1941/3250 train_time:601.165s step_avg:309.72ms
step:1942/3250 train_time:601.473s step_avg:309.72ms
step:1943/3250 train_time:601.777s step_avg:309.72ms
step:1944/3250 train_time:602.083s step_avg:309.71ms
step:1945/3250 train_time:602.388s step_avg:309.71ms
step:1946/3250 train_time:602.692s step_avg:309.71ms
step:1947/3250 train_time:602.997s step_avg:309.71ms
step:1948/3250 train_time:603.302s step_avg:309.70ms
step:1949/3250 train_time:603.607s step_avg:309.70ms
step:1950/3250 train_time:603.912s step_avg:309.70ms
step:1951/3250 train_time:604.217s step_avg:309.70ms
step:1952/3250 train_time:604.521s step_avg:309.69ms
step:1953/3250 train_time:604.827s step_avg:309.69ms
step:1954/3250 train_time:605.133s step_avg:309.69ms
step:1955/3250 train_time:605.438s step_avg:309.69ms
step:1956/3250 train_time:605.746s step_avg:309.69ms
step:1957/3250 train_time:606.052s step_avg:309.68ms
step:1958/3250 train_time:606.357s step_avg:309.68ms
step:1959/3250 train_time:606.663s step_avg:309.68ms
step:1960/3250 train_time:606.969s step_avg:309.68ms
step:1961/3250 train_time:607.273s step_avg:309.68ms
step:1962/3250 train_time:607.576s step_avg:309.67ms
step:1963/3250 train_time:607.884s step_avg:309.67ms
step:1964/3250 train_time:608.191s step_avg:309.67ms
step:1965/3250 train_time:608.497s step_avg:309.67ms
step:1966/3250 train_time:608.803s step_avg:309.67ms
step:1967/3250 train_time:609.111s step_avg:309.66ms
step:1968/3250 train_time:609.415s step_avg:309.66ms
step:1969/3250 train_time:609.720s step_avg:309.66ms
step:1970/3250 train_time:610.027s step_avg:309.66ms
step:1971/3250 train_time:610.331s step_avg:309.66ms
step:1972/3250 train_time:610.638s step_avg:309.65ms
step:1973/3250 train_time:610.945s step_avg:309.65ms
step:1974/3250 train_time:611.251s step_avg:309.65ms
step:1975/3250 train_time:611.556s step_avg:309.65ms
step:1976/3250 train_time:611.863s step_avg:309.65ms
step:1977/3250 train_time:612.171s step_avg:309.65ms
step:1978/3250 train_time:612.474s step_avg:309.64ms
step:1979/3250 train_time:612.782s step_avg:309.64ms
step:1980/3250 train_time:613.093s step_avg:309.64ms
step:1981/3250 train_time:613.402s step_avg:309.64ms
step:1982/3250 train_time:613.708s step_avg:309.64ms
step:1983/3250 train_time:614.012s step_avg:309.64ms
step:1984/3250 train_time:614.315s step_avg:309.63ms
step:1985/3250 train_time:614.619s step_avg:309.63ms
step:1986/3250 train_time:614.924s step_avg:309.63ms
step:1987/3250 train_time:615.230s step_avg:309.63ms
step:1988/3250 train_time:615.537s step_avg:309.63ms
step:1989/3250 train_time:615.846s step_avg:309.63ms
step:1990/3250 train_time:616.150s step_avg:309.62ms
step:1991/3250 train_time:616.457s step_avg:309.62ms
step:1992/3250 train_time:616.765s step_avg:309.62ms
step:1993/3250 train_time:617.075s step_avg:309.62ms
step:1994/3250 train_time:617.382s step_avg:309.62ms
step:1995/3250 train_time:617.690s step_avg:309.62ms
step:1996/3250 train_time:617.995s step_avg:309.62ms
step:1997/3250 train_time:618.300s step_avg:309.61ms
step:1998/3250 train_time:618.609s step_avg:309.61ms
step:1999/3250 train_time:618.916s step_avg:309.61ms
step:2000/3250 train_time:619.224s step_avg:309.61ms
step:2000/3250 val_loss:3.44978 train_time:619.226s step_avg:306.72ms
step:2001/3250 train_time:619.529s step_avg:309.61ms
step:2002/3250 train_time:619.832s step_avg:309.61ms
step:2003/3250 train_time:620.134s step_avg:309.60ms
step:2004/3250 train_time:620.447s step_avg:309.60ms
step:2005/3250 train_time:620.752s step_avg:309.60ms
step:2006/3250 train_time:621.056s step_avg:309.60ms
step:2007/3250 train_time:621.364s step_avg:309.60ms
step:2008/3250 train_time:621.670s step_avg:309.60ms
step:2009/3250 train_time:621.973s step_avg:309.59ms
step:2010/3250 train_time:622.279s step_avg:309.59ms
step:2011/3250 train_time:622.585s step_avg:309.59ms
step:2012/3250 train_time:622.890s step_avg:309.59ms
step:2013/3250 train_time:623.193s step_avg:309.58ms
step:2014/3250 train_time:623.498s step_avg:309.58ms
step:2015/3250 train_time:623.806s step_avg:309.58ms
step:2016/3250 train_time:624.111s step_avg:309.58ms
step:2017/3250 train_time:624.416s step_avg:309.58ms
step:2018/3250 train_time:624.722s step_avg:309.57ms
step:2019/3250 train_time:625.028s step_avg:309.57ms
step:2020/3250 train_time:625.332s step_avg:309.57ms
step:2021/3250 train_time:625.636s step_avg:309.57ms
step:2022/3250 train_time:625.942s step_avg:309.57ms
step:2023/3250 train_time:626.249s step_avg:309.56ms
step:2024/3250 train_time:626.555s step_avg:309.56ms
step:2025/3250 train_time:626.868s step_avg:309.56ms
step:2026/3250 train_time:627.173s step_avg:309.56ms
step:2027/3250 train_time:627.478s step_avg:309.56ms
step:2028/3250 train_time:627.787s step_avg:309.56ms
step:2029/3250 train_time:628.091s step_avg:309.56ms
step:2030/3250 train_time:628.396s step_avg:309.55ms
step:2031/3250 train_time:628.704s step_avg:309.55ms
step:2032/3250 train_time:629.008s step_avg:309.55ms
step:2033/3250 train_time:629.313s step_avg:309.55ms
step:2034/3250 train_time:629.619s step_avg:309.55ms
step:2035/3250 train_time:629.925s step_avg:309.55ms
step:2036/3250 train_time:630.229s step_avg:309.54ms
step:2037/3250 train_time:630.532s step_avg:309.54ms
step:2038/3250 train_time:630.839s step_avg:309.54ms
step:2039/3250 train_time:631.146s step_avg:309.54ms
step:2040/3250 train_time:631.450s step_avg:309.53ms
step:2041/3250 train_time:631.756s step_avg:309.53ms
step:2042/3250 train_time:632.061s step_avg:309.53ms
step:2043/3250 train_time:632.365s step_avg:309.53ms
step:2044/3250 train_time:632.667s step_avg:309.52ms
step:2045/3250 train_time:632.971s step_avg:309.52ms
step:2046/3250 train_time:633.274s step_avg:309.52ms
step:2047/3250 train_time:633.578s step_avg:309.52ms
step:2048/3250 train_time:633.881s step_avg:309.51ms
step:2049/3250 train_time:634.189s step_avg:309.51ms
step:2050/3250 train_time:634.493s step_avg:309.51ms
step:2051/3250 train_time:634.800s step_avg:309.51ms
step:2052/3250 train_time:635.106s step_avg:309.51ms
step:2053/3250 train_time:635.413s step_avg:309.50ms
step:2054/3250 train_time:635.725s step_avg:309.51ms
step:2055/3250 train_time:636.039s step_avg:309.51ms
step:2056/3250 train_time:636.347s step_avg:309.51ms
step:2057/3250 train_time:636.652s step_avg:309.51ms
step:2058/3250 train_time:636.964s step_avg:309.51ms
step:2059/3250 train_time:637.270s step_avg:309.50ms
step:2060/3250 train_time:637.575s step_avg:309.50ms
step:2061/3250 train_time:637.888s step_avg:309.50ms
step:2062/3250 train_time:638.193s step_avg:309.50ms
step:2063/3250 train_time:638.505s step_avg:309.50ms
step:2064/3250 train_time:638.811s step_avg:309.50ms
step:2065/3250 train_time:639.118s step_avg:309.50ms
step:2066/3250 train_time:639.430s step_avg:309.50ms
step:2067/3250 train_time:639.741s step_avg:309.50ms
step:2068/3250 train_time:640.046s step_avg:309.50ms
step:2069/3250 train_time:640.351s step_avg:309.50ms
step:2070/3250 train_time:640.656s step_avg:309.50ms
step:2071/3250 train_time:640.964s step_avg:309.49ms
step:2072/3250 train_time:641.268s step_avg:309.49ms
step:2073/3250 train_time:641.573s step_avg:309.49ms
step:2074/3250 train_time:641.879s step_avg:309.49ms
step:2075/3250 train_time:642.187s step_avg:309.49ms
step:2076/3250 train_time:642.492s step_avg:309.49ms
step:2077/3250 train_time:642.798s step_avg:309.48ms
step:2078/3250 train_time:643.105s step_avg:309.48ms
step:2079/3250 train_time:643.409s step_avg:309.48ms
step:2080/3250 train_time:643.715s step_avg:309.48ms
step:2081/3250 train_time:644.021s step_avg:309.48ms
step:2082/3250 train_time:644.326s step_avg:309.47ms
step:2083/3250 train_time:644.637s step_avg:309.48ms
step:2084/3250 train_time:644.955s step_avg:309.48ms
step:2085/3250 train_time:645.267s step_avg:309.48ms
step:2086/3250 train_time:645.577s step_avg:309.48ms
step:2087/3250 train_time:645.890s step_avg:309.48ms
step:2088/3250 train_time:646.193s step_avg:309.48ms
step:2089/3250 train_time:646.499s step_avg:309.48ms
step:2090/3250 train_time:646.806s step_avg:309.48ms
step:2091/3250 train_time:647.179s step_avg:309.51ms
step:2092/3250 train_time:647.492s step_avg:309.51ms
step:2093/3250 train_time:647.800s step_avg:309.51ms
step:2094/3250 train_time:648.106s step_avg:309.51ms
step:2095/3250 train_time:648.410s step_avg:309.50ms
step:2096/3250 train_time:648.716s step_avg:309.50ms
step:2097/3250 train_time:649.028s step_avg:309.50ms
step:2098/3250 train_time:649.334s step_avg:309.50ms
step:2099/3250 train_time:649.639s step_avg:309.50ms
step:2100/3250 train_time:649.955s step_avg:309.50ms
step:2101/3250 train_time:650.263s step_avg:309.50ms
step:2102/3250 train_time:650.574s step_avg:309.50ms
step:2103/3250 train_time:650.883s step_avg:309.50ms
step:2104/3250 train_time:651.194s step_avg:309.50ms
step:2105/3250 train_time:651.500s step_avg:309.50ms
step:2106/3250 train_time:651.813s step_avg:309.50ms
step:2107/3250 train_time:652.126s step_avg:309.50ms
step:2108/3250 train_time:652.435s step_avg:309.50ms
step:2109/3250 train_time:652.745s step_avg:309.50ms
step:2110/3250 train_time:653.052s step_avg:309.50ms
step:2111/3250 train_time:653.357s step_avg:309.50ms
step:2112/3250 train_time:653.663s step_avg:309.50ms
step:2113/3250 train_time:653.968s step_avg:309.50ms
step:2114/3250 train_time:654.276s step_avg:309.50ms
step:2115/3250 train_time:654.582s step_avg:309.49ms
step:2116/3250 train_time:654.887s step_avg:309.49ms
step:2117/3250 train_time:655.191s step_avg:309.49ms
step:2118/3250 train_time:655.502s step_avg:309.49ms
step:2119/3250 train_time:655.811s step_avg:309.49ms
step:2120/3250 train_time:656.116s step_avg:309.49ms
step:2121/3250 train_time:656.421s step_avg:309.49ms
step:2122/3250 train_time:656.728s step_avg:309.49ms
step:2123/3250 train_time:657.037s step_avg:309.49ms
step:2124/3250 train_time:657.346s step_avg:309.48ms
step:2125/3250 train_time:657.651s step_avg:309.48ms
step:2125/3250 val_loss:3.43156 train_time:657.652s step_avg:307.41ms
step:2126/3250 train_time:657.961s step_avg:309.48ms
step:2127/3250 train_time:658.267s step_avg:309.48ms
step:2128/3250 train_time:658.571s step_avg:309.48ms
step:2129/3250 train_time:658.880s step_avg:309.48ms
step:2130/3250 train_time:659.188s step_avg:309.48ms
step:2131/3250 train_time:659.494s step_avg:309.48ms
step:2132/3250 train_time:659.798s step_avg:309.47ms
step:2133/3250 train_time:660.102s step_avg:309.47ms
step:2134/3250 train_time:660.410s step_avg:309.47ms
step:2135/3250 train_time:660.717s step_avg:309.47ms
step:2136/3250 train_time:661.025s step_avg:309.47ms
step:2137/3250 train_time:661.328s step_avg:309.47ms
step:2138/3250 train_time:661.633s step_avg:309.46ms
step:2139/3250 train_time:661.942s step_avg:309.46ms
step:2140/3250 train_time:662.245s step_avg:309.46ms
step:2141/3250 train_time:662.548s step_avg:309.46ms
step:2142/3250 train_time:662.853s step_avg:309.46ms
step:2143/3250 train_time:663.156s step_avg:309.45ms
step:2144/3250 train_time:663.461s step_avg:309.45ms
step:2145/3250 train_time:663.766s step_avg:309.45ms
step:2146/3250 train_time:664.071s step_avg:309.45ms
step:2147/3250 train_time:664.377s step_avg:309.44ms
step:2148/3250 train_time:664.685s step_avg:309.44ms
step:2149/3250 train_time:664.989s step_avg:309.44ms
step:2150/3250 train_time:665.295s step_avg:309.44ms
step:2151/3250 train_time:665.602s step_avg:309.44ms
step:2152/3250 train_time:665.905s step_avg:309.44ms
step:2153/3250 train_time:666.209s step_avg:309.43ms
step:2154/3250 train_time:666.513s step_avg:309.43ms
step:2155/3250 train_time:666.818s step_avg:309.43ms
step:2156/3250 train_time:667.122s step_avg:309.43ms
step:2157/3250 train_time:667.425s step_avg:309.42ms
step:2158/3250 train_time:667.728s step_avg:309.42ms
step:2159/3250 train_time:668.032s step_avg:309.42ms
step:2160/3250 train_time:668.335s step_avg:309.41ms
step:2161/3250 train_time:668.638s step_avg:309.41ms
step:2162/3250 train_time:668.942s step_avg:309.41ms
step:2163/3250 train_time:669.246s step_avg:309.41ms
step:2164/3250 train_time:669.549s step_avg:309.40ms
step:2165/3250 train_time:669.854s step_avg:309.40ms
step:2166/3250 train_time:670.157s step_avg:309.40ms
step:2167/3250 train_time:670.462s step_avg:309.40ms
step:2168/3250 train_time:670.766s step_avg:309.39ms
step:2169/3250 train_time:671.069s step_avg:309.39ms
step:2170/3250 train_time:671.371s step_avg:309.39ms
step:2171/3250 train_time:671.674s step_avg:309.38ms
step:2172/3250 train_time:671.980s step_avg:309.38ms
step:2173/3250 train_time:672.285s step_avg:309.38ms
step:2174/3250 train_time:672.590s step_avg:309.38ms
step:2175/3250 train_time:672.895s step_avg:309.38ms
step:2176/3250 train_time:673.203s step_avg:309.38ms
step:2177/3250 train_time:673.508s step_avg:309.37ms
step:2178/3250 train_time:673.817s step_avg:309.37ms
step:2179/3250 train_time:674.124s step_avg:309.37ms
step:2180/3250 train_time:674.430s step_avg:309.37ms
step:2181/3250 train_time:674.735s step_avg:309.37ms
step:2182/3250 train_time:675.040s step_avg:309.37ms
step:2183/3250 train_time:675.346s step_avg:309.37ms
step:2184/3250 train_time:675.650s step_avg:309.36ms
step:2185/3250 train_time:675.960s step_avg:309.36ms
step:2186/3250 train_time:676.265s step_avg:309.36ms
step:2187/3250 train_time:676.569s step_avg:309.36ms
step:2188/3250 train_time:676.873s step_avg:309.36ms
step:2189/3250 train_time:677.178s step_avg:309.36ms
step:2190/3250 train_time:677.483s step_avg:309.35ms
step:2191/3250 train_time:677.788s step_avg:309.35ms
step:2192/3250 train_time:678.092s step_avg:309.35ms
step:2193/3250 train_time:678.396s step_avg:309.35ms
step:2194/3250 train_time:678.699s step_avg:309.34ms
step:2195/3250 train_time:679.002s step_avg:309.34ms
step:2196/3250 train_time:679.307s step_avg:309.34ms
step:2197/3250 train_time:679.609s step_avg:309.34ms
step:2198/3250 train_time:679.913s step_avg:309.33ms
step:2199/3250 train_time:680.216s step_avg:309.33ms
step:2200/3250 train_time:680.519s step_avg:309.33ms
step:2201/3250 train_time:680.827s step_avg:309.33ms
step:2202/3250 train_time:681.129s step_avg:309.32ms
step:2203/3250 train_time:681.434s step_avg:309.32ms
step:2204/3250 train_time:681.737s step_avg:309.32ms
step:2205/3250 train_time:682.040s step_avg:309.32ms
step:2206/3250 train_time:682.344s step_avg:309.31ms
step:2207/3250 train_time:682.649s step_avg:309.31ms
step:2208/3250 train_time:682.955s step_avg:309.31ms
step:2209/3250 train_time:683.258s step_avg:309.31ms
step:2210/3250 train_time:683.563s step_avg:309.30ms
step:2211/3250 train_time:683.868s step_avg:309.30ms
step:2212/3250 train_time:684.171s step_avg:309.30ms
step:2213/3250 train_time:684.475s step_avg:309.30ms
step:2214/3250 train_time:684.781s step_avg:309.30ms
step:2215/3250 train_time:685.085s step_avg:309.29ms
step:2216/3250 train_time:685.388s step_avg:309.29ms
step:2217/3250 train_time:685.689s step_avg:309.29ms
step:2218/3250 train_time:685.994s step_avg:309.28ms
step:2219/3250 train_time:686.300s step_avg:309.28ms
step:2220/3250 train_time:686.604s step_avg:309.28ms
step:2221/3250 train_time:686.907s step_avg:309.28ms
step:2222/3250 train_time:687.211s step_avg:309.28ms
step:2223/3250 train_time:687.515s step_avg:309.27ms
step:2224/3250 train_time:687.819s step_avg:309.27ms
step:2225/3250 train_time:688.123s step_avg:309.27ms
step:2226/3250 train_time:688.428s step_avg:309.27ms
step:2227/3250 train_time:688.732s step_avg:309.26ms
step:2228/3250 train_time:689.036s step_avg:309.26ms
step:2229/3250 train_time:689.341s step_avg:309.26ms
step:2230/3250 train_time:689.647s step_avg:309.26ms
step:2231/3250 train_time:689.953s step_avg:309.26ms
step:2232/3250 train_time:690.257s step_avg:309.25ms
step:2233/3250 train_time:690.562s step_avg:309.25ms
step:2234/3250 train_time:690.864s step_avg:309.25ms
step:2235/3250 train_time:691.170s step_avg:309.25ms
step:2236/3250 train_time:691.480s step_avg:309.25ms
step:2237/3250 train_time:691.789s step_avg:309.25ms
step:2238/3250 train_time:692.098s step_avg:309.25ms
step:2239/3250 train_time:692.409s step_avg:309.25ms
step:2240/3250 train_time:692.716s step_avg:309.25ms
step:2241/3250 train_time:693.022s step_avg:309.25ms
step:2242/3250 train_time:693.327s step_avg:309.25ms
step:2243/3250 train_time:693.633s step_avg:309.24ms
step:2244/3250 train_time:693.939s step_avg:309.24ms
step:2245/3250 train_time:694.246s step_avg:309.24ms
step:2246/3250 train_time:694.552s step_avg:309.24ms
step:2247/3250 train_time:694.859s step_avg:309.24ms
step:2248/3250 train_time:695.166s step_avg:309.24ms
step:2249/3250 train_time:695.469s step_avg:309.23ms
step:2250/3250 train_time:695.776s step_avg:309.23ms
step:2250/3250 val_loss:3.41318 train_time:695.778s step_avg:305.01ms
step:2251/3250 train_time:696.081s step_avg:309.23ms
step:2252/3250 train_time:696.383s step_avg:309.23ms
step:2253/3250 train_time:696.686s step_avg:309.23ms
step:2254/3250 train_time:696.990s step_avg:309.22ms
step:2255/3250 train_time:697.293s step_avg:309.22ms
step:2256/3250 train_time:697.599s step_avg:309.22ms
step:2257/3250 train_time:697.901s step_avg:309.22ms
step:2258/3250 train_time:698.204s step_avg:309.21ms
step:2259/3250 train_time:698.508s step_avg:309.21ms
step:2260/3250 train_time:698.810s step_avg:309.21ms
step:2261/3250 train_time:699.113s step_avg:309.21ms
step:2262/3250 train_time:699.419s step_avg:309.20ms
step:2263/3250 train_time:699.723s step_avg:309.20ms
step:2264/3250 train_time:700.026s step_avg:309.20ms
step:2265/3250 train_time:700.330s step_avg:309.20ms
step:2266/3250 train_time:700.633s step_avg:309.19ms
step:2267/3250 train_time:700.939s step_avg:309.19ms
step:2268/3250 train_time:701.245s step_avg:309.19ms
step:2269/3250 train_time:701.546s step_avg:309.19ms
step:2270/3250 train_time:701.851s step_avg:309.19ms
step:2271/3250 train_time:702.153s step_avg:309.18ms
step:2272/3250 train_time:702.459s step_avg:309.18ms
step:2273/3250 train_time:702.762s step_avg:309.18ms
step:2274/3250 train_time:703.066s step_avg:309.18ms
step:2275/3250 train_time:703.368s step_avg:309.17ms
step:2276/3250 train_time:703.673s step_avg:309.17ms
step:2277/3250 train_time:703.978s step_avg:309.17ms
step:2278/3250 train_time:704.282s step_avg:309.17ms
step:2279/3250 train_time:704.587s step_avg:309.16ms
step:2280/3250 train_time:704.890s step_avg:309.16ms
step:2281/3250 train_time:705.274s step_avg:309.20ms
step:2282/3250 train_time:705.583s step_avg:309.20ms
step:2283/3250 train_time:705.887s step_avg:309.19ms
step:2284/3250 train_time:706.193s step_avg:309.19ms
step:2285/3250 train_time:706.497s step_avg:309.19ms
step:2286/3250 train_time:706.803s step_avg:309.19ms
step:2287/3250 train_time:707.108s step_avg:309.19ms
step:2288/3250 train_time:707.413s step_avg:309.18ms
step:2289/3250 train_time:707.726s step_avg:309.19ms
step:2290/3250 train_time:708.034s step_avg:309.19ms
step:2291/3250 train_time:708.344s step_avg:309.19ms
step:2292/3250 train_time:708.652s step_avg:309.19ms
step:2293/3250 train_time:708.962s step_avg:309.19ms
step:2294/3250 train_time:709.267s step_avg:309.18ms
step:2295/3250 train_time:709.576s step_avg:309.18ms
step:2296/3250 train_time:709.882s step_avg:309.18ms
step:2297/3250 train_time:710.187s step_avg:309.18ms
step:2298/3250 train_time:710.491s step_avg:309.18ms
step:2299/3250 train_time:710.798s step_avg:309.18ms
step:2300/3250 train_time:711.103s step_avg:309.18ms
step:2301/3250 train_time:711.409s step_avg:309.17ms
step:2302/3250 train_time:711.715s step_avg:309.17ms
step:2303/3250 train_time:712.022s step_avg:309.17ms
step:2304/3250 train_time:712.326s step_avg:309.17ms
step:2305/3250 train_time:712.630s step_avg:309.17ms
step:2306/3250 train_time:712.942s step_avg:309.17ms
step:2307/3250 train_time:713.247s step_avg:309.17ms
step:2308/3250 train_time:713.553s step_avg:309.17ms
step:2309/3250 train_time:713.862s step_avg:309.17ms
step:2310/3250 train_time:714.168s step_avg:309.16ms
step:2311/3250 train_time:714.481s step_avg:309.17ms
step:2312/3250 train_time:714.788s step_avg:309.16ms
step:2313/3250 train_time:715.095s step_avg:309.16ms
step:2314/3250 train_time:715.401s step_avg:309.16ms
step:2315/3250 train_time:715.707s step_avg:309.16ms
step:2316/3250 train_time:716.014s step_avg:309.16ms
step:2317/3250 train_time:716.323s step_avg:309.16ms
step:2318/3250 train_time:716.629s step_avg:309.16ms
step:2319/3250 train_time:716.943s step_avg:309.16ms
step:2320/3250 train_time:717.249s step_avg:309.16ms
step:2321/3250 train_time:717.562s step_avg:309.16ms
step:2322/3250 train_time:717.873s step_avg:309.16ms
step:2323/3250 train_time:718.181s step_avg:309.16ms
step:2324/3250 train_time:718.487s step_avg:309.16ms
step:2325/3250 train_time:718.792s step_avg:309.16ms
step:2326/3250 train_time:719.107s step_avg:309.16ms
step:2327/3250 train_time:719.416s step_avg:309.16ms
step:2328/3250 train_time:719.724s step_avg:309.16ms
step:2329/3250 train_time:720.028s step_avg:309.16ms
step:2330/3250 train_time:720.334s step_avg:309.16ms
step:2331/3250 train_time:720.643s step_avg:309.16ms
step:2332/3250 train_time:720.950s step_avg:309.16ms
step:2333/3250 train_time:721.256s step_avg:309.15ms
step:2334/3250 train_time:721.565s step_avg:309.15ms
step:2335/3250 train_time:721.883s step_avg:309.16ms
step:2336/3250 train_time:722.192s step_avg:309.16ms
step:2337/3250 train_time:722.500s step_avg:309.16ms
step:2338/3250 train_time:722.807s step_avg:309.16ms
step:2339/3250 train_time:723.114s step_avg:309.15ms
step:2340/3250 train_time:723.422s step_avg:309.15ms
step:2341/3250 train_time:723.727s step_avg:309.15ms
step:2342/3250 train_time:724.033s step_avg:309.15ms
step:2343/3250 train_time:724.342s step_avg:309.15ms
step:2344/3250 train_time:724.647s step_avg:309.15ms
step:2345/3250 train_time:724.952s step_avg:309.15ms
step:2346/3250 train_time:725.260s step_avg:309.15ms
step:2347/3250 train_time:725.564s step_avg:309.15ms
step:2348/3250 train_time:725.870s step_avg:309.14ms
step:2349/3250 train_time:726.177s step_avg:309.14ms
step:2350/3250 train_time:726.485s step_avg:309.14ms
step:2351/3250 train_time:726.794s step_avg:309.14ms
step:2352/3250 train_time:727.103s step_avg:309.14ms
step:2353/3250 train_time:727.408s step_avg:309.14ms
step:2354/3250 train_time:727.721s step_avg:309.14ms
step:2355/3250 train_time:728.031s step_avg:309.14ms
step:2356/3250 train_time:728.338s step_avg:309.14ms
step:2357/3250 train_time:728.644s step_avg:309.14ms
step:2358/3250 train_time:728.959s step_avg:309.14ms
step:2359/3250 train_time:729.270s step_avg:309.14ms
step:2360/3250 train_time:729.576s step_avg:309.14ms
step:2361/3250 train_time:729.882s step_avg:309.14ms
step:2362/3250 train_time:730.186s step_avg:309.14ms
step:2363/3250 train_time:730.492s step_avg:309.14ms
step:2364/3250 train_time:730.804s step_avg:309.14ms
step:2365/3250 train_time:731.110s step_avg:309.14ms
step:2366/3250 train_time:731.415s step_avg:309.14ms
step:2367/3250 train_time:731.722s step_avg:309.13ms
step:2368/3250 train_time:732.027s step_avg:309.13ms
step:2369/3250 train_time:732.331s step_avg:309.13ms
step:2370/3250 train_time:732.638s step_avg:309.13ms
step:2371/3250 train_time:732.942s step_avg:309.13ms
step:2372/3250 train_time:733.248s step_avg:309.13ms
step:2373/3250 train_time:733.555s step_avg:309.13ms
step:2374/3250 train_time:733.862s step_avg:309.12ms
step:2375/3250 train_time:734.169s step_avg:309.12ms
step:2375/3250 val_loss:3.39518 train_time:734.170s step_avg:307.14ms
step:2376/3250 train_time:734.473s step_avg:309.12ms
step:2377/3250 train_time:734.779s step_avg:309.12ms
step:2378/3250 train_time:735.085s step_avg:309.12ms
step:2379/3250 train_time:735.390s step_avg:309.12ms
step:2380/3250 train_time:735.694s step_avg:309.12ms
step:2381/3250 train_time:736.000s step_avg:309.11ms
step:2382/3250 train_time:736.305s step_avg:309.11ms
step:2383/3250 train_time:736.609s step_avg:309.11ms
step:2384/3250 train_time:736.914s step_avg:309.11ms
step:2385/3250 train_time:737.219s step_avg:309.11ms
step:2386/3250 train_time:737.525s step_avg:309.11ms
step:2387/3250 train_time:737.828s step_avg:309.10ms
step:2388/3250 train_time:738.133s step_avg:309.10ms
step:2389/3250 train_time:738.438s step_avg:309.10ms
step:2390/3250 train_time:738.745s step_avg:309.10ms
step:2391/3250 train_time:739.049s step_avg:309.10ms
step:2392/3250 train_time:739.353s step_avg:309.09ms
step:2393/3250 train_time:739.658s step_avg:309.09ms
step:2394/3250 train_time:739.965s step_avg:309.09ms
step:2395/3250 train_time:740.268s step_avg:309.09ms
step:2396/3250 train_time:740.573s step_avg:309.09ms
step:2397/3250 train_time:740.882s step_avg:309.09ms
step:2398/3250 train_time:741.190s step_avg:309.09ms
step:2399/3250 train_time:741.496s step_avg:309.09ms
step:2400/3250 train_time:741.808s step_avg:309.09ms
step:2401/3250 train_time:742.115s step_avg:309.09ms
step:2402/3250 train_time:742.420s step_avg:309.08ms
step:2403/3250 train_time:742.727s step_avg:309.08ms
step:2404/3250 train_time:743.031s step_avg:309.08ms
step:2405/3250 train_time:743.337s step_avg:309.08ms
step:2406/3250 train_time:743.643s step_avg:309.08ms
step:2407/3250 train_time:743.946s step_avg:309.08ms
step:2408/3250 train_time:744.251s step_avg:309.07ms
step:2409/3250 train_time:744.558s step_avg:309.07ms
step:2410/3250 train_time:744.864s step_avg:309.07ms
step:2411/3250 train_time:745.167s step_avg:309.07ms
step:2412/3250 train_time:745.471s step_avg:309.07ms
step:2413/3250 train_time:745.776s step_avg:309.07ms
step:2414/3250 train_time:746.083s step_avg:309.07ms
step:2415/3250 train_time:746.388s step_avg:309.06ms
step:2416/3250 train_time:746.693s step_avg:309.06ms
step:2417/3250 train_time:747.000s step_avg:309.06ms
step:2418/3250 train_time:747.307s step_avg:309.06ms
step:2419/3250 train_time:747.612s step_avg:309.06ms
step:2420/3250 train_time:747.918s step_avg:309.06ms
step:2421/3250 train_time:748.226s step_avg:309.06ms
step:2422/3250 train_time:748.529s step_avg:309.05ms
step:2423/3250 train_time:748.834s step_avg:309.05ms
step:2424/3250 train_time:749.140s step_avg:309.05ms
step:2425/3250 train_time:749.445s step_avg:309.05ms
step:2426/3250 train_time:749.749s step_avg:309.05ms
step:2427/3250 train_time:750.054s step_avg:309.05ms
step:2428/3250 train_time:750.360s step_avg:309.04ms
step:2429/3250 train_time:750.665s step_avg:309.04ms
step:2430/3250 train_time:750.969s step_avg:309.04ms
step:2431/3250 train_time:751.274s step_avg:309.04ms
step:2432/3250 train_time:751.580s step_avg:309.04ms
step:2433/3250 train_time:751.886s step_avg:309.04ms
step:2434/3250 train_time:752.192s step_avg:309.04ms
step:2435/3250 train_time:752.501s step_avg:309.04ms
step:2436/3250 train_time:752.810s step_avg:309.04ms
step:2437/3250 train_time:753.117s step_avg:309.03ms
step:2438/3250 train_time:753.425s step_avg:309.03ms
step:2439/3250 train_time:753.730s step_avg:309.03ms
step:2440/3250 train_time:754.035s step_avg:309.03ms
step:2441/3250 train_time:754.342s step_avg:309.03ms
step:2442/3250 train_time:754.648s step_avg:309.03ms
step:2443/3250 train_time:754.951s step_avg:309.03ms
step:2444/3250 train_time:755.256s step_avg:309.02ms
step:2445/3250 train_time:755.562s step_avg:309.02ms
step:2446/3250 train_time:755.866s step_avg:309.02ms
step:2447/3250 train_time:756.170s step_avg:309.02ms
step:2448/3250 train_time:756.475s step_avg:309.02ms
step:2449/3250 train_time:756.780s step_avg:309.02ms
step:2450/3250 train_time:757.086s step_avg:309.01ms
step:2451/3250 train_time:757.390s step_avg:309.01ms
step:2452/3250 train_time:757.693s step_avg:309.01ms
step:2453/3250 train_time:757.998s step_avg:309.01ms
step:2454/3250 train_time:758.305s step_avg:309.01ms
step:2455/3250 train_time:758.609s step_avg:309.01ms
step:2456/3250 train_time:758.915s step_avg:309.00ms
step:2457/3250 train_time:759.219s step_avg:309.00ms
step:2458/3250 train_time:759.525s step_avg:309.00ms
step:2459/3250 train_time:759.828s step_avg:309.00ms
step:2460/3250 train_time:760.137s step_avg:309.00ms
step:2461/3250 train_time:760.447s step_avg:309.00ms
step:2462/3250 train_time:760.753s step_avg:309.00ms
step:2463/3250 train_time:761.059s step_avg:309.00ms
step:2464/3250 train_time:761.365s step_avg:309.00ms
step:2465/3250 train_time:761.670s step_avg:308.99ms
step:2466/3250 train_time:761.974s step_avg:308.99ms
step:2467/3250 train_time:762.279s step_avg:308.99ms
step:2468/3250 train_time:762.585s step_avg:308.99ms
step:2469/3250 train_time:762.890s step_avg:308.99ms
step:2470/3250 train_time:763.194s step_avg:308.99ms
step:2471/3250 train_time:763.570s step_avg:309.01ms
step:2472/3250 train_time:763.876s step_avg:309.01ms
step:2473/3250 train_time:764.184s step_avg:309.01ms
step:2474/3250 train_time:764.488s step_avg:309.01ms
step:2475/3250 train_time:764.793s step_avg:309.01ms
step:2476/3250 train_time:765.098s step_avg:309.01ms
step:2477/3250 train_time:765.405s step_avg:309.00ms
step:2478/3250 train_time:765.708s step_avg:309.00ms
step:2479/3250 train_time:766.013s step_avg:309.00ms
step:2480/3250 train_time:766.317s step_avg:309.00ms
step:2481/3250 train_time:766.624s step_avg:309.00ms
step:2482/3250 train_time:766.929s step_avg:309.00ms
step:2483/3250 train_time:767.235s step_avg:309.00ms
step:2484/3250 train_time:767.541s step_avg:308.99ms
step:2485/3250 train_time:767.846s step_avg:308.99ms
step:2486/3250 train_time:768.150s step_avg:308.99ms
step:2487/3250 train_time:768.453s step_avg:308.99ms
step:2488/3250 train_time:768.759s step_avg:308.99ms
step:2489/3250 train_time:769.065s step_avg:308.99ms
step:2490/3250 train_time:769.369s step_avg:308.98ms
step:2491/3250 train_time:769.676s step_avg:308.98ms
step:2492/3250 train_time:769.984s step_avg:308.98ms
step:2493/3250 train_time:770.289s step_avg:308.98ms
step:2494/3250 train_time:770.595s step_avg:308.98ms
step:2495/3250 train_time:770.901s step_avg:308.98ms
step:2496/3250 train_time:771.205s step_avg:308.98ms
step:2497/3250 train_time:771.510s step_avg:308.97ms
step:2498/3250 train_time:771.813s step_avg:308.97ms
step:2499/3250 train_time:772.120s step_avg:308.97ms
step:2500/3250 train_time:772.426s step_avg:308.97ms
step:2500/3250 val_loss:3.37713 train_time:772.427s step_avg:306.06ms
step:2501/3250 train_time:772.730s step_avg:308.97ms
step:2502/3250 train_time:773.035s step_avg:308.97ms
step:2503/3250 train_time:773.343s step_avg:308.97ms
step:2504/3250 train_time:773.650s step_avg:308.97ms
step:2505/3250 train_time:773.957s step_avg:308.96ms
step:2506/3250 train_time:774.262s step_avg:308.96ms
step:2507/3250 train_time:774.568s step_avg:308.96ms
step:2508/3250 train_time:774.871s step_avg:308.96ms
step:2509/3250 train_time:775.177s step_avg:308.96ms
step:2510/3250 train_time:775.483s step_avg:308.96ms
step:2511/3250 train_time:775.787s step_avg:308.96ms
step:2512/3250 train_time:776.091s step_avg:308.95ms
step:2513/3250 train_time:776.395s step_avg:308.95ms
step:2514/3250 train_time:776.703s step_avg:308.95ms
step:2515/3250 train_time:777.008s step_avg:308.95ms
step:2516/3250 train_time:777.314s step_avg:308.95ms
step:2517/3250 train_time:777.622s step_avg:308.95ms
step:2518/3250 train_time:777.927s step_avg:308.95ms
step:2519/3250 train_time:778.234s step_avg:308.95ms
step:2520/3250 train_time:778.541s step_avg:308.94ms
step:2521/3250 train_time:778.849s step_avg:308.94ms
step:2522/3250 train_time:779.155s step_avg:308.94ms
step:2523/3250 train_time:779.468s step_avg:308.94ms
step:2524/3250 train_time:779.772s step_avg:308.94ms
step:2525/3250 train_time:780.077s step_avg:308.94ms
step:2526/3250 train_time:780.383s step_avg:308.94ms
step:2527/3250 train_time:780.687s step_avg:308.94ms
step:2528/3250 train_time:780.992s step_avg:308.94ms
step:2529/3250 train_time:781.297s step_avg:308.94ms
step:2530/3250 train_time:781.602s step_avg:308.93ms
step:2531/3250 train_time:781.906s step_avg:308.93ms
step:2532/3250 train_time:782.210s step_avg:308.93ms
step:2533/3250 train_time:782.522s step_avg:308.93ms
step:2534/3250 train_time:782.828s step_avg:308.93ms
step:2535/3250 train_time:783.133s step_avg:308.93ms
step:2536/3250 train_time:783.440s step_avg:308.93ms
step:2537/3250 train_time:783.748s step_avg:308.93ms
step:2538/3250 train_time:784.054s step_avg:308.93ms
step:2539/3250 train_time:784.361s step_avg:308.93ms
step:2540/3250 train_time:784.665s step_avg:308.92ms
step:2541/3250 train_time:784.969s step_avg:308.92ms
step:2542/3250 train_time:785.275s step_avg:308.92ms
step:2543/3250 train_time:785.581s step_avg:308.92ms
step:2544/3250 train_time:785.885s step_avg:308.92ms
step:2545/3250 train_time:786.189s step_avg:308.92ms
step:2546/3250 train_time:786.502s step_avg:308.92ms
step:2547/3250 train_time:786.807s step_avg:308.92ms
step:2548/3250 train_time:787.113s step_avg:308.91ms
step:2549/3250 train_time:787.421s step_avg:308.91ms
step:2550/3250 train_time:787.729s step_avg:308.91ms
step:2551/3250 train_time:788.036s step_avg:308.91ms
step:2552/3250 train_time:788.344s step_avg:308.91ms
step:2553/3250 train_time:788.656s step_avg:308.91ms
step:2554/3250 train_time:788.963s step_avg:308.91ms
step:2555/3250 train_time:789.268s step_avg:308.91ms
step:2556/3250 train_time:789.573s step_avg:308.91ms
step:2557/3250 train_time:789.884s step_avg:308.91ms
step:2558/3250 train_time:790.196s step_avg:308.91ms
step:2559/3250 train_time:790.506s step_avg:308.91ms
step:2560/3250 train_time:790.813s step_avg:308.91ms
step:2561/3250 train_time:791.123s step_avg:308.91ms
step:2562/3250 train_time:791.430s step_avg:308.91ms
step:2563/3250 train_time:791.737s step_avg:308.91ms
step:2564/3250 train_time:792.044s step_avg:308.91ms
step:2565/3250 train_time:792.348s step_avg:308.91ms
step:2566/3250 train_time:792.656s step_avg:308.91ms
step:2567/3250 train_time:792.970s step_avg:308.91ms
step:2568/3250 train_time:793.276s step_avg:308.91ms
step:2569/3250 train_time:793.583s step_avg:308.91ms
step:2570/3250 train_time:793.892s step_avg:308.91ms
step:2571/3250 train_time:794.203s step_avg:308.91ms
step:2572/3250 train_time:794.510s step_avg:308.91ms
step:2573/3250 train_time:794.818s step_avg:308.91ms
step:2574/3250 train_time:795.124s step_avg:308.91ms
step:2575/3250 train_time:795.435s step_avg:308.91ms
step:2576/3250 train_time:795.742s step_avg:308.91ms
step:2577/3250 train_time:796.052s step_avg:308.91ms
step:2578/3250 train_time:796.359s step_avg:308.91ms
step:2579/3250 train_time:796.683s step_avg:308.91ms
step:2580/3250 train_time:796.997s step_avg:308.91ms
step:2581/3250 train_time:797.305s step_avg:308.91ms
step:2582/3250 train_time:797.630s step_avg:308.92ms
step:2583/3250 train_time:797.936s step_avg:308.92ms
step:2584/3250 train_time:798.245s step_avg:308.92ms
step:2585/3250 train_time:798.568s step_avg:308.92ms
step:2586/3250 train_time:798.877s step_avg:308.92ms
step:2587/3250 train_time:799.186s step_avg:308.92ms
step:2588/3250 train_time:799.496s step_avg:308.92ms
step:2589/3250 train_time:799.806s step_avg:308.92ms
step:2590/3250 train_time:800.110s step_avg:308.92ms
step:2591/3250 train_time:800.421s step_avg:308.92ms
step:2592/3250 train_time:800.728s step_avg:308.92ms
step:2593/3250 train_time:801.034s step_avg:308.92ms
step:2594/3250 train_time:801.343s step_avg:308.92ms
step:2595/3250 train_time:801.649s step_avg:308.92ms
step:2596/3250 train_time:801.957s step_avg:308.92ms
step:2597/3250 train_time:802.268s step_avg:308.92ms
step:2598/3250 train_time:802.576s step_avg:308.92ms
step:2599/3250 train_time:802.884s step_avg:308.92ms
step:2600/3250 train_time:803.191s step_avg:308.92ms
step:2601/3250 train_time:803.495s step_avg:308.92ms
step:2602/3250 train_time:803.804s step_avg:308.92ms
step:2603/3250 train_time:804.108s step_avg:308.92ms
step:2604/3250 train_time:804.412s step_avg:308.91ms
step:2605/3250 train_time:804.726s step_avg:308.92ms
step:2606/3250 train_time:805.031s step_avg:308.91ms
step:2607/3250 train_time:805.336s step_avg:308.91ms
step:2608/3250 train_time:805.644s step_avg:308.91ms
step:2609/3250 train_time:805.947s step_avg:308.91ms
step:2610/3250 train_time:806.252s step_avg:308.91ms
step:2611/3250 train_time:806.563s step_avg:308.91ms
step:2612/3250 train_time:806.869s step_avg:308.91ms
step:2613/3250 train_time:807.178s step_avg:308.91ms
step:2614/3250 train_time:807.486s step_avg:308.91ms
step:2615/3250 train_time:807.791s step_avg:308.91ms
step:2616/3250 train_time:808.099s step_avg:308.91ms
step:2617/3250 train_time:808.407s step_avg:308.91ms
step:2618/3250 train_time:808.711s step_avg:308.90ms
step:2619/3250 train_time:809.022s step_avg:308.90ms
step:2620/3250 train_time:809.326s step_avg:308.90ms
step:2621/3250 train_time:809.631s step_avg:308.90ms
step:2622/3250 train_time:809.936s step_avg:308.90ms
step:2623/3250 train_time:810.243s step_avg:308.90ms
step:2624/3250 train_time:810.550s step_avg:308.90ms
step:2625/3250 train_time:810.855s step_avg:308.90ms
step:2625/3250 val_loss:3.35768 train_time:810.857s step_avg:307.44ms
step:2626/3250 train_time:811.159s step_avg:308.90ms
step:2627/3250 train_time:811.464s step_avg:308.89ms
step:2628/3250 train_time:811.770s step_avg:308.89ms
step:2629/3250 train_time:812.074s step_avg:308.89ms
step:2630/3250 train_time:812.378s step_avg:308.89ms
step:2631/3250 train_time:812.683s step_avg:308.89ms
step:2632/3250 train_time:812.989s step_avg:308.89ms
step:2633/3250 train_time:813.292s step_avg:308.88ms
step:2634/3250 train_time:813.597s step_avg:308.88ms
step:2635/3250 train_time:813.900s step_avg:308.88ms
step:2636/3250 train_time:814.205s step_avg:308.88ms
step:2637/3250 train_time:814.510s step_avg:308.88ms
step:2638/3250 train_time:814.817s step_avg:308.88ms
step:2639/3250 train_time:815.125s step_avg:308.88ms
step:2640/3250 train_time:815.432s step_avg:308.88ms
step:2641/3250 train_time:815.740s step_avg:308.88ms
step:2642/3250 train_time:816.047s step_avg:308.87ms
step:2643/3250 train_time:816.354s step_avg:308.87ms
step:2644/3250 train_time:816.659s step_avg:308.87ms
step:2645/3250 train_time:816.964s step_avg:308.87ms
step:2646/3250 train_time:817.270s step_avg:308.87ms
step:2647/3250 train_time:817.574s step_avg:308.87ms
step:2648/3250 train_time:817.879s step_avg:308.87ms
step:2649/3250 train_time:818.185s step_avg:308.87ms
step:2650/3250 train_time:818.491s step_avg:308.86ms
step:2651/3250 train_time:818.796s step_avg:308.86ms
step:2652/3250 train_time:819.100s step_avg:308.86ms
step:2653/3250 train_time:819.405s step_avg:308.86ms
step:2654/3250 train_time:819.720s step_avg:308.86ms
step:2655/3250 train_time:820.025s step_avg:308.86ms
step:2656/3250 train_time:820.332s step_avg:308.86ms
step:2657/3250 train_time:820.642s step_avg:308.86ms
step:2658/3250 train_time:820.950s step_avg:308.86ms
step:2659/3250 train_time:821.253s step_avg:308.86ms
step:2660/3250 train_time:821.557s step_avg:308.86ms
step:2661/3250 train_time:821.945s step_avg:308.89ms
step:2662/3250 train_time:822.251s step_avg:308.88ms
step:2663/3250 train_time:822.555s step_avg:308.88ms
step:2664/3250 train_time:822.861s step_avg:308.88ms
step:2665/3250 train_time:823.165s step_avg:308.88ms
step:2666/3250 train_time:823.468s step_avg:308.88ms
step:2667/3250 train_time:823.772s step_avg:308.88ms
step:2668/3250 train_time:824.075s step_avg:308.87ms
step:2669/3250 train_time:824.378s step_avg:308.87ms
step:2670/3250 train_time:824.681s step_avg:308.87ms
step:2671/3250 train_time:824.986s step_avg:308.87ms
step:2672/3250 train_time:825.289s step_avg:308.87ms
step:2673/3250 train_time:825.592s step_avg:308.86ms
step:2674/3250 train_time:825.895s step_avg:308.86ms
step:2675/3250 train_time:826.198s step_avg:308.86ms
step:2676/3250 train_time:826.502s step_avg:308.86ms
step:2677/3250 train_time:826.805s step_avg:308.86ms
step:2678/3250 train_time:827.109s step_avg:308.85ms
step:2679/3250 train_time:827.414s step_avg:308.85ms
step:2680/3250 train_time:827.719s step_avg:308.85ms
step:2681/3250 train_time:828.023s step_avg:308.85ms
step:2682/3250 train_time:828.328s step_avg:308.85ms
step:2683/3250 train_time:828.631s step_avg:308.84ms
step:2684/3250 train_time:828.933s step_avg:308.84ms
step:2685/3250 train_time:829.237s step_avg:308.84ms
step:2686/3250 train_time:829.539s step_avg:308.84ms
step:2687/3250 train_time:829.842s step_avg:308.84ms
step:2688/3250 train_time:830.147s step_avg:308.83ms
step:2689/3250 train_time:830.453s step_avg:308.83ms
step:2690/3250 train_time:830.759s step_avg:308.83ms
step:2691/3250 train_time:831.064s step_avg:308.83ms
step:2692/3250 train_time:831.369s step_avg:308.83ms
step:2693/3250 train_time:831.673s step_avg:308.83ms
step:2694/3250 train_time:831.977s step_avg:308.83ms
step:2695/3250 train_time:832.281s step_avg:308.82ms
step:2696/3250 train_time:832.584s step_avg:308.82ms
step:2697/3250 train_time:832.889s step_avg:308.82ms
step:2698/3250 train_time:833.191s step_avg:308.82ms
step:2699/3250 train_time:833.495s step_avg:308.82ms
step:2700/3250 train_time:833.797s step_avg:308.81ms
step:2701/3250 train_time:834.102s step_avg:308.81ms
step:2702/3250 train_time:834.405s step_avg:308.81ms
step:2703/3250 train_time:834.711s step_avg:308.81ms
step:2704/3250 train_time:835.015s step_avg:308.81ms
step:2705/3250 train_time:835.320s step_avg:308.81ms
step:2706/3250 train_time:835.624s step_avg:308.80ms
step:2707/3250 train_time:835.929s step_avg:308.80ms
step:2708/3250 train_time:836.232s step_avg:308.80ms
step:2709/3250 train_time:836.535s step_avg:308.80ms
step:2710/3250 train_time:836.839s step_avg:308.80ms
step:2711/3250 train_time:837.142s step_avg:308.79ms
step:2712/3250 train_time:837.447s step_avg:308.79ms
step:2713/3250 train_time:837.751s step_avg:308.79ms
step:2714/3250 train_time:838.057s step_avg:308.79ms
step:2715/3250 train_time:838.364s step_avg:308.79ms
step:2716/3250 train_time:838.670s step_avg:308.79ms
step:2717/3250 train_time:838.974s step_avg:308.79ms
step:2718/3250 train_time:839.279s step_avg:308.79ms
step:2719/3250 train_time:839.584s step_avg:308.78ms
step:2720/3250 train_time:839.888s step_avg:308.78ms
step:2721/3250 train_time:840.191s step_avg:308.78ms
step:2722/3250 train_time:840.493s step_avg:308.78ms
step:2723/3250 train_time:840.797s step_avg:308.78ms
step:2724/3250 train_time:841.101s step_avg:308.77ms
step:2725/3250 train_time:841.404s step_avg:308.77ms
step:2726/3250 train_time:841.709s step_avg:308.77ms
step:2727/3250 train_time:842.013s step_avg:308.77ms
step:2728/3250 train_time:842.318s step_avg:308.77ms
step:2729/3250 train_time:842.623s step_avg:308.77ms
step:2730/3250 train_time:842.927s step_avg:308.76ms
step:2731/3250 train_time:843.230s step_avg:308.76ms
step:2732/3250 train_time:843.533s step_avg:308.76ms
step:2733/3250 train_time:843.837s step_avg:308.76ms
step:2734/3250 train_time:844.142s step_avg:308.76ms
step:2735/3250 train_time:844.448s step_avg:308.76ms
step:2736/3250 train_time:844.752s step_avg:308.75ms
step:2737/3250 train_time:845.057s step_avg:308.75ms
step:2738/3250 train_time:845.362s step_avg:308.75ms
step:2739/3250 train_time:845.667s step_avg:308.75ms
step:2740/3250 train_time:845.973s step_avg:308.75ms
step:2741/3250 train_time:846.277s step_avg:308.75ms
step:2742/3250 train_time:846.583s step_avg:308.75ms
step:2743/3250 train_time:846.889s step_avg:308.75ms
step:2744/3250 train_time:847.193s step_avg:308.74ms
step:2745/3250 train_time:847.498s step_avg:308.74ms
step:2746/3250 train_time:847.802s step_avg:308.74ms
step:2747/3250 train_time:848.107s step_avg:308.74ms
step:2748/3250 train_time:848.411s step_avg:308.74ms
step:2749/3250 train_time:848.714s step_avg:308.74ms
step:2750/3250 train_time:849.019s step_avg:308.73ms
step:2750/3250 val_loss:3.33902 train_time:849.020s step_avg:305.31ms
step:2751/3250 train_time:849.329s step_avg:308.73ms
step:2752/3250 train_time:849.633s step_avg:308.73ms
step:2753/3250 train_time:849.936s step_avg:308.73ms
step:2754/3250 train_time:850.241s step_avg:308.73ms
step:2755/3250 train_time:850.547s step_avg:308.73ms
step:2756/3250 train_time:850.851s step_avg:308.73ms
step:2757/3250 train_time:851.155s step_avg:308.73ms
step:2758/3250 train_time:851.458s step_avg:308.72ms
step:2759/3250 train_time:851.761s step_avg:308.72ms
step:2760/3250 train_time:852.066s step_avg:308.72ms
step:2761/3250 train_time:852.369s step_avg:308.72ms
step:2762/3250 train_time:852.672s step_avg:308.72ms
step:2763/3250 train_time:852.978s step_avg:308.71ms
step:2764/3250 train_time:853.280s step_avg:308.71ms
step:2765/3250 train_time:853.584s step_avg:308.71ms
step:2766/3250 train_time:853.888s step_avg:308.71ms
step:2767/3250 train_time:854.190s step_avg:308.71ms
step:2768/3250 train_time:854.493s step_avg:308.70ms
step:2769/3250 train_time:854.797s step_avg:308.70ms
step:2770/3250 train_time:855.100s step_avg:308.70ms
step:2771/3250 train_time:855.403s step_avg:308.70ms
step:2772/3250 train_time:855.708s step_avg:308.70ms
step:2773/3250 train_time:856.012s step_avg:308.70ms
step:2774/3250 train_time:856.315s step_avg:308.69ms
step:2775/3250 train_time:856.617s step_avg:308.69ms
step:2776/3250 train_time:856.920s step_avg:308.69ms
step:2777/3250 train_time:857.227s step_avg:308.69ms
step:2778/3250 train_time:857.530s step_avg:308.69ms
step:2779/3250 train_time:857.833s step_avg:308.68ms
step:2780/3250 train_time:858.136s step_avg:308.68ms
step:2781/3250 train_time:858.445s step_avg:308.68ms
step:2782/3250 train_time:858.748s step_avg:308.68ms
step:2783/3250 train_time:859.051s step_avg:308.68ms
step:2784/3250 train_time:859.354s step_avg:308.68ms
step:2785/3250 train_time:859.659s step_avg:308.67ms
step:2786/3250 train_time:859.964s step_avg:308.67ms
step:2787/3250 train_time:860.272s step_avg:308.67ms
step:2788/3250 train_time:860.576s step_avg:308.67ms
step:2789/3250 train_time:860.882s step_avg:308.67ms
step:2790/3250 train_time:861.189s step_avg:308.67ms
step:2791/3250 train_time:861.492s step_avg:308.67ms
step:2792/3250 train_time:861.798s step_avg:308.67ms
step:2793/3250 train_time:862.103s step_avg:308.67ms
step:2794/3250 train_time:862.408s step_avg:308.66ms
step:2795/3250 train_time:862.712s step_avg:308.66ms
step:2796/3250 train_time:863.017s step_avg:308.66ms
step:2797/3250 train_time:863.320s step_avg:308.66ms
step:2798/3250 train_time:863.624s step_avg:308.66ms
step:2799/3250 train_time:863.934s step_avg:308.66ms
step:2800/3250 train_time:864.240s step_avg:308.66ms
step:2801/3250 train_time:864.545s step_avg:308.66ms
step:2802/3250 train_time:864.856s step_avg:308.66ms
step:2803/3250 train_time:865.164s step_avg:308.66ms
step:2804/3250 train_time:865.469s step_avg:308.66ms
step:2805/3250 train_time:865.774s step_avg:308.65ms
step:2806/3250 train_time:866.077s step_avg:308.65ms
step:2807/3250 train_time:866.382s step_avg:308.65ms
step:2808/3250 train_time:866.686s step_avg:308.65ms
step:2809/3250 train_time:866.990s step_avg:308.65ms
step:2810/3250 train_time:867.293s step_avg:308.65ms
step:2811/3250 train_time:867.604s step_avg:308.65ms
step:2812/3250 train_time:867.917s step_avg:308.65ms
step:2813/3250 train_time:868.227s step_avg:308.65ms
step:2814/3250 train_time:868.534s step_avg:308.65ms
step:2815/3250 train_time:868.840s step_avg:308.65ms
step:2816/3250 train_time:869.147s step_avg:308.65ms
step:2817/3250 train_time:869.454s step_avg:308.65ms
step:2818/3250 train_time:869.760s step_avg:308.64ms
step:2819/3250 train_time:870.066s step_avg:308.64ms
step:2820/3250 train_time:870.372s step_avg:308.64ms
step:2821/3250 train_time:870.677s step_avg:308.64ms
step:2822/3250 train_time:870.981s step_avg:308.64ms
step:2823/3250 train_time:871.288s step_avg:308.64ms
step:2824/3250 train_time:871.592s step_avg:308.64ms
step:2825/3250 train_time:871.897s step_avg:308.64ms
step:2826/3250 train_time:872.204s step_avg:308.64ms
step:2827/3250 train_time:872.509s step_avg:308.63ms
step:2828/3250 train_time:872.813s step_avg:308.63ms
step:2829/3250 train_time:873.118s step_avg:308.63ms
step:2830/3250 train_time:873.424s step_avg:308.63ms
step:2831/3250 train_time:873.731s step_avg:308.63ms
step:2832/3250 train_time:874.039s step_avg:308.63ms
step:2833/3250 train_time:874.344s step_avg:308.63ms
step:2834/3250 train_time:874.651s step_avg:308.63ms
step:2835/3250 train_time:874.957s step_avg:308.63ms
step:2836/3250 train_time:875.262s step_avg:308.63ms
step:2837/3250 train_time:875.568s step_avg:308.62ms
step:2838/3250 train_time:875.871s step_avg:308.62ms
step:2839/3250 train_time:876.175s step_avg:308.62ms
step:2840/3250 train_time:876.481s step_avg:308.62ms
step:2841/3250 train_time:876.787s step_avg:308.62ms
step:2842/3250 train_time:877.091s step_avg:308.62ms
step:2843/3250 train_time:877.404s step_avg:308.62ms
step:2844/3250 train_time:877.713s step_avg:308.62ms
step:2845/3250 train_time:878.019s step_avg:308.62ms
step:2846/3250 train_time:878.322s step_avg:308.62ms
step:2847/3250 train_time:878.630s step_avg:308.62ms
step:2848/3250 train_time:878.935s step_avg:308.61ms
step:2849/3250 train_time:879.241s step_avg:308.61ms
step:2850/3250 train_time:879.554s step_avg:308.62ms
step:2851/3250 train_time:879.937s step_avg:308.64ms
step:2852/3250 train_time:880.240s step_avg:308.64ms
step:2853/3250 train_time:880.548s step_avg:308.64ms
step:2854/3250 train_time:880.854s step_avg:308.64ms
step:2855/3250 train_time:881.160s step_avg:308.64ms
step:2856/3250 train_time:881.468s step_avg:308.64ms
step:2857/3250 train_time:881.775s step_avg:308.64ms
step:2858/3250 train_time:882.084s step_avg:308.64ms
step:2859/3250 train_time:882.392s step_avg:308.64ms
step:2860/3250 train_time:882.698s step_avg:308.64ms
step:2861/3250 train_time:883.003s step_avg:308.63ms
step:2862/3250 train_time:883.310s step_avg:308.63ms
step:2863/3250 train_time:883.614s step_avg:308.63ms
step:2864/3250 train_time:883.919s step_avg:308.63ms
step:2865/3250 train_time:884.225s step_avg:308.63ms
step:2866/3250 train_time:884.529s step_avg:308.63ms
step:2867/3250 train_time:884.834s step_avg:308.63ms
step:2868/3250 train_time:885.137s step_avg:308.63ms
step:2869/3250 train_time:885.443s step_avg:308.62ms
step:2870/3250 train_time:885.749s step_avg:308.62ms
step:2871/3250 train_time:886.053s step_avg:308.62ms
step:2872/3250 train_time:886.357s step_avg:308.62ms
step:2873/3250 train_time:886.662s step_avg:308.62ms
step:2874/3250 train_time:886.970s step_avg:308.62ms
step:2875/3250 train_time:887.274s step_avg:308.62ms
step:2875/3250 val_loss:3.32091 train_time:887.275s step_avg:306.04ms
step:2876/3250 train_time:887.586s step_avg:308.62ms
step:2877/3250 train_time:887.891s step_avg:308.62ms
step:2878/3250 train_time:888.195s step_avg:308.62ms
step:2879/3250 train_time:888.502s step_avg:308.61ms
step:2880/3250 train_time:888.809s step_avg:308.61ms
step:2881/3250 train_time:889.113s step_avg:308.61ms
step:2882/3250 train_time:889.418s step_avg:308.61ms
step:2883/3250 train_time:889.725s step_avg:308.61ms
step:2884/3250 train_time:890.036s step_avg:308.61ms
step:2885/3250 train_time:890.341s step_avg:308.61ms
step:2886/3250 train_time:890.651s step_avg:308.61ms
step:2887/3250 train_time:890.956s step_avg:308.61ms
step:2888/3250 train_time:891.262s step_avg:308.61ms
step:2889/3250 train_time:891.573s step_avg:308.61ms
step:2890/3250 train_time:891.882s step_avg:308.61ms
step:2891/3250 train_time:892.189s step_avg:308.61ms
step:2892/3250 train_time:892.497s step_avg:308.61ms
step:2893/3250 train_time:892.805s step_avg:308.61ms
step:2894/3250 train_time:893.113s step_avg:308.61ms
step:2895/3250 train_time:893.418s step_avg:308.61ms
step:2896/3250 train_time:893.723s step_avg:308.61ms
step:2897/3250 train_time:894.031s step_avg:308.61ms
step:2898/3250 train_time:894.338s step_avg:308.61ms
step:2899/3250 train_time:894.644s step_avg:308.60ms
step:2900/3250 train_time:894.952s step_avg:308.60ms
step:2900/3250 val_loss:3.31703 train_time:894.953s step_avg:307.12ms
step:2901/3250 train_time:895.260s step_avg:308.60ms
step:2902/3250 train_time:895.564s step_avg:308.60ms
step:2903/3250 train_time:895.872s step_avg:308.60ms
step:2904/3250 train_time:896.175s step_avg:308.60ms
step:2905/3250 train_time:896.478s step_avg:308.60ms
step:2906/3250 train_time:896.788s step_avg:308.60ms
step:2907/3250 train_time:897.093s step_avg:308.60ms
step:2908/3250 train_time:897.398s step_avg:308.60ms
step:2909/3250 train_time:897.705s step_avg:308.60ms
step:2910/3250 train_time:898.012s step_avg:308.60ms
step:2910/3250 val_loss:3.31512 train_time:898.013s step_avg:305.99ms
step:2911/3250 train_time:898.320s step_avg:308.59ms
step:2912/3250 train_time:898.624s step_avg:308.59ms
step:2913/3250 train_time:898.929s step_avg:308.59ms
step:2914/3250 train_time:899.234s step_avg:308.59ms
step:2915/3250 train_time:899.538s step_avg:308.59ms
step:2916/3250 train_time:899.846s step_avg:308.59ms
step:2917/3250 train_time:900.152s step_avg:308.59ms
step:2918/3250 train_time:900.457s step_avg:308.59ms
step:2919/3250 train_time:900.767s step_avg:308.59ms
step:2920/3250 train_time:901.075s step_avg:308.59ms
step:2920/3250 val_loss:3.31366 train_time:901.076s step_avg:306.32ms
step:2921/3250 train_time:901.378s step_avg:308.59ms
step:2922/3250 train_time:901.683s step_avg:308.58ms
step:2923/3250 train_time:901.987s step_avg:308.58ms
step:2924/3250 train_time:902.295s step_avg:308.58ms
step:2925/3250 train_time:902.604s step_avg:308.58ms
step:2925/3250 val_loss:3.31293 train_time:902.605s step_avg:305.77ms
step:2926/3250 train_time:902.916s step_avg:308.58ms
step:2927/3250 train_time:903.225s step_avg:308.58ms
step:2928/3250 train_time:903.530s step_avg:308.58ms
step:2929/3250 train_time:903.835s step_avg:308.58ms
step:2930/3250 train_time:904.141s step_avg:308.58ms
step:2930/3250 val_loss:3.31271 train_time:904.142s step_avg:307.34ms
step:2931/3250 train_time:904.444s step_avg:308.58ms
step:2932/3250 train_time:904.748s step_avg:308.58ms
step:2933/3250 train_time:905.053s step_avg:308.58ms
step:2934/3250 train_time:905.359s step_avg:308.58ms
step:2935/3250 train_time:905.663s step_avg:308.57ms
step:2936/3250 train_time:905.966s step_avg:308.57ms
step:2937/3250 train_time:906.271s step_avg:308.57ms
step:2938/3250 train_time:906.577s step_avg:308.57ms
step:2939/3250 train_time:906.880s step_avg:308.57ms
step:2940/3250 train_time:907.186s step_avg:308.57ms
step:2940/3250 val_loss:3.31090 train_time:907.188s step_avg:304.60ms
step:2941/3250 train_time:907.490s step_avg:308.57ms
step:2942/3250 train_time:907.794s step_avg:308.56ms
step:2943/3250 train_time:908.098s step_avg:308.56ms
step:2944/3250 train_time:908.402s step_avg:308.56ms
step:2945/3250 train_time:908.705s step_avg:308.56ms
step:2946/3250 train_time:909.009s step_avg:308.56ms
step:2947/3250 train_time:909.313s step_avg:308.56ms
step:2948/3250 train_time:909.617s step_avg:308.55ms
step:2949/3250 train_time:909.921s step_avg:308.55ms
step:2950/3250 train_time:910.223s step_avg:308.55ms
step:2950/3250 val_loss:3.30941 train_time:910.224s step_avg:303.63ms
step:2951/3250 train_time:910.530s step_avg:308.55ms
step:2952/3250 train_time:910.835s step_avg:308.55ms
step:2953/3250 train_time:911.138s step_avg:308.55ms
step:2954/3250 train_time:911.442s step_avg:308.54ms
step:2955/3250 train_time:911.747s step_avg:308.54ms
step:2956/3250 train_time:912.050s step_avg:308.54ms
step:2957/3250 train_time:912.354s step_avg:308.54ms
step:2958/3250 train_time:912.659s step_avg:308.54ms
step:2959/3250 train_time:912.964s step_avg:308.54ms
step:2960/3250 train_time:913.270s step_avg:308.54ms
step:2960/3250 val_loss:3.30808 train_time:913.272s step_avg:304.78ms
step:2961/3250 train_time:913.575s step_avg:308.54ms
step:2962/3250 train_time:913.877s step_avg:308.53ms
step:2963/3250 train_time:914.182s step_avg:308.53ms
step:2964/3250 train_time:914.485s step_avg:308.53ms
step:2965/3250 train_time:914.788s step_avg:308.53ms
step:2966/3250 train_time:915.092s step_avg:308.53ms
step:2967/3250 train_time:915.396s step_avg:308.53ms
step:2968/3250 train_time:915.702s step_avg:308.52ms
step:2969/3250 train_time:916.005s step_avg:308.52ms
step:2970/3250 train_time:916.308s step_avg:308.52ms
step:2970/3250 val_loss:3.30645 train_time:916.309s step_avg:303.69ms
step:2971/3250 train_time:916.610s step_avg:308.52ms
step:2972/3250 train_time:916.919s step_avg:308.52ms
step:2973/3250 train_time:917.222s step_avg:308.52ms
step:2974/3250 train_time:917.528s step_avg:308.52ms
step:2975/3250 train_time:917.831s step_avg:308.51ms
step:2975/3250 val_loss:3.30592 train_time:917.832s step_avg:304.63ms
step:2976/3250 train_time:918.136s step_avg:308.51ms
step:2977/3250 train_time:918.446s step_avg:308.51ms
step:2978/3250 train_time:918.753s step_avg:308.51ms
step:2979/3250 train_time:919.062s step_avg:308.51ms
step:2980/3250 train_time:919.371s step_avg:308.51ms
step:2980/3250 val_loss:3.30515 train_time:919.372s step_avg:308.07ms
step:2981/3250 train_time:919.678s step_avg:308.51ms
step:2982/3250 train_time:919.981s step_avg:308.51ms
step:2983/3250 train_time:920.285s step_avg:308.51ms
step:2984/3250 train_time:920.590s step_avg:308.51ms
step:2985/3250 train_time:920.893s step_avg:308.51ms
step:2986/3250 train_time:921.197s step_avg:308.51ms
step:2987/3250 train_time:921.502s step_avg:308.50ms
step:2988/3250 train_time:921.808s step_avg:308.50ms
step:2989/3250 train_time:922.112s step_avg:308.50ms
step:2990/3250 train_time:922.415s step_avg:308.50ms
step:2990/3250 val_loss:3.30419 train_time:922.416s step_avg:304.41ms
step:2991/3250 train_time:922.721s step_avg:308.50ms
step:2992/3250 train_time:923.024s step_avg:308.50ms
step:2993/3250 train_time:923.336s step_avg:308.50ms
step:2994/3250 train_time:923.641s step_avg:308.50ms
step:2995/3250 train_time:923.948s step_avg:308.50ms
step:2996/3250 train_time:924.252s step_avg:308.50ms
step:2997/3250 train_time:924.565s step_avg:308.50ms
step:2998/3250 train_time:924.871s step_avg:308.50ms
step:2999/3250 train_time:925.177s step_avg:308.50ms
step:3000/3250 train_time:925.479s step_avg:308.49ms
step:3000/3250 val_loss:3.30270 train_time:925.481s step_avg:306.43ms
step:3001/3250 train_time:925.784s step_avg:308.49ms
step:3002/3250 train_time:926.086s step_avg:308.49ms
step:3003/3250 train_time:926.391s step_avg:308.49ms
step:3004/3250 train_time:926.695s step_avg:308.49ms
step:3005/3250 train_time:926.999s step_avg:308.49ms
step:3006/3250 train_time:927.308s step_avg:308.49ms
step:3007/3250 train_time:927.616s step_avg:308.49ms
step:3008/3250 train_time:927.921s step_avg:308.48ms
step:3009/3250 train_time:928.225s step_avg:308.48ms
step:3010/3250 train_time:928.529s step_avg:308.48ms
step:3010/3250 val_loss:3.30118 train_time:928.531s step_avg:305.02ms
step:3011/3250 train_time:928.836s step_avg:308.48ms
step:3012/3250 train_time:929.149s step_avg:308.48ms
step:3013/3250 train_time:929.460s step_avg:308.48ms
step:3014/3250 train_time:929.765s step_avg:308.48ms
step:3015/3250 train_time:930.074s step_avg:308.48ms
step:3016/3250 train_time:930.378s step_avg:308.48ms
step:3017/3250 train_time:930.683s step_avg:308.48ms
step:3018/3250 train_time:930.987s step_avg:308.48ms
step:3019/3250 train_time:931.291s step_avg:308.48ms
step:3020/3250 train_time:931.598s step_avg:308.48ms
step:3020/3250 val_loss:3.29933 train_time:931.599s step_avg:306.80ms
step:3021/3250 train_time:931.902s step_avg:308.47ms
step:3022/3250 train_time:932.205s step_avg:308.47ms
step:3023/3250 train_time:932.508s step_avg:308.47ms
step:3024/3250 train_time:932.811s step_avg:308.47ms
step:3025/3250 train_time:933.115s step_avg:308.47ms
step:3025/3250 val_loss:3.29845 train_time:933.116s step_avg:303.43ms
step:3026/3250 train_time:933.418s step_avg:308.47ms
step:3027/3250 train_time:933.723s step_avg:308.46ms
step:3028/3250 train_time:934.027s step_avg:308.46ms
step:3029/3250 train_time:934.330s step_avg:308.46ms
step:3030/3250 train_time:934.633s step_avg:308.46ms
step:3030/3250 val_loss:3.29767 train_time:934.634s step_avg:303.55ms
step:3031/3250 train_time:934.939s step_avg:308.46ms
step:3032/3250 train_time:935.242s step_avg:308.46ms
step:3033/3250 train_time:935.546s step_avg:308.46ms
step:3034/3250 train_time:935.851s step_avg:308.45ms
step:3035/3250 train_time:936.155s step_avg:308.45ms
step:3036/3250 train_time:936.456s step_avg:308.45ms
step:3037/3250 train_time:936.759s step_avg:308.45ms
step:3038/3250 train_time:937.064s step_avg:308.45ms
step:3039/3250 train_time:937.368s step_avg:308.45ms
step:3040/3250 train_time:937.672s step_avg:308.44ms
step:3040/3250 val_loss:3.29633 train_time:937.673s step_avg:303.93ms
step:3041/3250 train_time:938.067s step_avg:308.47ms
step:3042/3250 train_time:938.373s step_avg:308.47ms
step:3043/3250 train_time:938.677s step_avg:308.47ms
step:3044/3250 train_time:938.987s step_avg:308.47ms
step:3045/3250 train_time:939.291s step_avg:308.47ms
step:3046/3250 train_time:939.594s step_avg:308.47ms
step:3047/3250 train_time:939.899s step_avg:308.47ms
step:3048/3250 train_time:940.208s step_avg:308.47ms
step:3049/3250 train_time:940.514s step_avg:308.47ms
step:3050/3250 train_time:940.818s step_avg:308.47ms
step:3050/3250 val_loss:3.29520 train_time:940.820s step_avg:314.66ms
step:3051/3250 train_time:941.124s step_avg:308.46ms
step:3052/3250 train_time:941.429s step_avg:308.46ms
step:3053/3250 train_time:941.732s step_avg:308.46ms
step:3054/3250 train_time:942.037s step_avg:308.46ms
step:3055/3250 train_time:942.340s step_avg:308.46ms
step:3056/3250 train_time:942.644s step_avg:308.46ms
step:3057/3250 train_time:942.954s step_avg:308.46ms
step:3058/3250 train_time:943.260s step_avg:308.46ms
step:3059/3250 train_time:943.567s step_avg:308.46ms
step:3060/3250 train_time:943.874s step_avg:308.46ms
step:3060/3250 val_loss:3.29424 train_time:943.876s step_avg:305.60ms
step:3061/3250 train_time:944.179s step_avg:308.45ms
step:3062/3250 train_time:944.481s step_avg:308.45ms
step:3063/3250 train_time:944.784s step_avg:308.45ms
step:3064/3250 train_time:945.090s step_avg:308.45ms
step:3065/3250 train_time:945.395s step_avg:308.45ms
step:3066/3250 train_time:945.700s step_avg:308.45ms
step:3067/3250 train_time:946.003s step_avg:308.45ms
step:3068/3250 train_time:946.307s step_avg:308.44ms
step:3069/3250 train_time:946.613s step_avg:308.44ms
step:3070/3250 train_time:946.917s step_avg:308.44ms
step:3070/3250 val_loss:3.29277 train_time:946.919s step_avg:304.29ms
step:3071/3250 train_time:947.223s step_avg:308.44ms
step:3072/3250 train_time:947.528s step_avg:308.44ms
step:3073/3250 train_time:947.832s step_avg:308.44ms
step:3074/3250 train_time:948.137s step_avg:308.44ms
step:3075/3250 train_time:948.441s step_avg:308.44ms
step:3075/3250 val_loss:3.29201 train_time:948.442s step_avg:304.73ms
step:3076/3250 train_time:948.747s step_avg:308.44ms
step:3077/3250 train_time:949.050s step_avg:308.43ms
step:3078/3250 train_time:949.355s step_avg:308.43ms
step:3079/3250 train_time:949.660s step_avg:308.43ms
step:3080/3250 train_time:949.969s step_avg:308.43ms
step:3080/3250 val_loss:3.29137 train_time:949.971s step_avg:305.73ms
step:3081/3250 train_time:950.272s step_avg:308.43ms
step:3082/3250 train_time:950.576s step_avg:308.43ms
step:3083/3250 train_time:950.879s step_avg:308.43ms
step:3084/3250 train_time:951.184s step_avg:308.43ms
step:3085/3250 train_time:951.488s step_avg:308.42ms
step:3086/3250 train_time:951.790s step_avg:308.42ms
step:3087/3250 train_time:952.095s step_avg:308.42ms
step:3088/3250 train_time:952.397s step_avg:308.42ms
step:3089/3250 train_time:952.699s step_avg:308.42ms
step:3090/3250 train_time:953.003s step_avg:308.42ms
step:3090/3250 val_loss:3.29024 train_time:953.016s step_avg:304.51ms
step:3091/3250 train_time:953.327s step_avg:308.42ms
step:3092/3250 train_time:953.633s step_avg:308.42ms
step:3093/3250 train_time:953.941s step_avg:308.42ms
step:3094/3250 train_time:954.247s step_avg:308.42ms
step:3095/3250 train_time:954.551s step_avg:308.42ms
step:3096/3250 train_time:954.855s step_avg:308.42ms
step:3097/3250 train_time:955.163s step_avg:308.42ms
step:3098/3250 train_time:955.471s step_avg:308.42ms
step:3099/3250 train_time:955.776s step_avg:308.41ms
step:3100/3250 train_time:956.083s step_avg:308.41ms
step:3100/3250 val_loss:3.28895 train_time:956.085s step_avg:306.89ms
step:3101/3250 train_time:956.389s step_avg:308.41ms
step:3102/3250 train_time:956.693s step_avg:308.41ms
step:3103/3250 train_time:956.996s step_avg:308.41ms
step:3104/3250 train_time:957.303s step_avg:308.41ms
step:3105/3250 train_time:957.608s step_avg:308.41ms
step:3106/3250 train_time:957.915s step_avg:308.41ms
step:3107/3250 train_time:958.218s step_avg:308.41ms
step:3108/3250 train_time:958.526s step_avg:308.41ms
step:3109/3250 train_time:958.832s step_avg:308.41ms
step:3110/3250 train_time:959.136s step_avg:308.40ms
step:3110/3250 val_loss:3.28805 train_time:959.137s step_avg:305.20ms
step:3111/3250 train_time:959.440s step_avg:308.40ms
step:3112/3250 train_time:959.743s step_avg:308.40ms
step:3113/3250 train_time:960.047s step_avg:308.40ms
step:3114/3250 train_time:960.352s step_avg:308.40ms
step:3115/3250 train_time:960.659s step_avg:308.40ms
step:3116/3250 train_time:960.963s step_avg:308.40ms
step:3117/3250 train_time:961.271s step_avg:308.40ms
step:3118/3250 train_time:961.582s step_avg:308.40ms
step:3119/3250 train_time:961.887s step_avg:308.40ms
step:3120/3250 train_time:962.192s step_avg:308.40ms
step:3120/3250 val_loss:3.28689 train_time:962.194s step_avg:305.70ms
step:3121/3250 train_time:962.504s step_avg:308.40ms
step:3122/3250 train_time:962.809s step_avg:308.39ms
step:3123/3250 train_time:963.115s step_avg:308.39ms
step:3124/3250 train_time:963.420s step_avg:308.39ms
step:3125/3250 train_time:963.726s step_avg:308.39ms
step:3125/3250 val_loss:3.28629 train_time:963.727s step_avg:306.71ms
step:3126/3250 train_time:964.032s step_avg:308.39ms
step:3127/3250 train_time:964.338s step_avg:308.39ms
step:3128/3250 train_time:964.642s step_avg:308.39ms
step:3129/3250 train_time:964.947s step_avg:308.39ms
step:3130/3250 train_time:965.258s step_avg:308.39ms
step:3130/3250 val_loss:3.28557 train_time:965.259s step_avg:306.27ms
step:3131/3250 train_time:965.566s step_avg:308.39ms
step:3132/3250 train_time:965.875s step_avg:308.39ms
step:3133/3250 train_time:966.184s step_avg:308.39ms
step:3134/3250 train_time:966.490s step_avg:308.39ms
step:3135/3250 train_time:966.795s step_avg:308.39ms
step:3136/3250 train_time:967.100s step_avg:308.39ms
step:3137/3250 train_time:967.406s step_avg:308.39ms
step:3138/3250 train_time:967.717s step_avg:308.39ms
step:3139/3250 train_time:968.024s step_avg:308.39ms
step:3140/3250 train_time:968.334s step_avg:308.39ms
step:3140/3250 val_loss:3.28445 train_time:968.335s step_avg:307.65ms
step:3141/3250 train_time:968.639s step_avg:308.39ms
step:3142/3250 train_time:968.945s step_avg:308.38ms
step:3143/3250 train_time:969.249s step_avg:308.38ms
step:3144/3250 train_time:969.559s step_avg:308.38ms
step:3145/3250 train_time:969.866s step_avg:308.38ms
step:3146/3250 train_time:970.172s step_avg:308.38ms
step:3147/3250 train_time:970.477s step_avg:308.38ms
step:3148/3250 train_time:970.789s step_avg:308.38ms
step:3149/3250 train_time:971.092s step_avg:308.38ms
step:3150/3250 train_time:971.396s step_avg:308.38ms
step:3150/3250 val_loss:3.28332 train_time:971.398s step_avg:306.24ms
step:3151/3250 train_time:971.702s step_avg:308.38ms
step:3152/3250 train_time:972.013s step_avg:308.38ms
step:3153/3250 train_time:972.325s step_avg:308.38ms
step:3154/3250 train_time:972.631s step_avg:308.38ms
step:3155/3250 train_time:972.936s step_avg:308.38ms
step:3156/3250 train_time:973.242s step_avg:308.38ms
step:3157/3250 train_time:973.551s step_avg:308.38ms
step:3158/3250 train_time:973.856s step_avg:308.38ms
step:3159/3250 train_time:974.163s step_avg:308.38ms
step:3160/3250 train_time:974.469s step_avg:308.38ms
step:3160/3250 val_loss:3.28239 train_time:974.471s step_avg:307.31ms
step:3161/3250 train_time:974.776s step_avg:308.38ms
step:3162/3250 train_time:975.086s step_avg:308.38ms
step:3163/3250 train_time:975.390s step_avg:308.37ms
step:3164/3250 train_time:975.696s step_avg:308.37ms
step:3165/3250 train_time:976.003s step_avg:308.37ms
step:3166/3250 train_time:976.310s step_avg:308.37ms
step:3167/3250 train_time:976.616s step_avg:308.37ms
step:3168/3250 train_time:976.922s step_avg:308.37ms
step:3169/3250 train_time:977.225s step_avg:308.37ms
step:3170/3250 train_time:977.530s step_avg:308.37ms
step:3170/3250 val_loss:3.28147 train_time:977.532s step_avg:306.07ms
step:3171/3250 train_time:977.837s step_avg:308.37ms
step:3172/3250 train_time:978.150s step_avg:308.37ms
step:3173/3250 train_time:978.453s step_avg:308.37ms
step:3174/3250 train_time:978.756s step_avg:308.37ms
step:3175/3250 train_time:979.057s step_avg:308.36ms
step:3175/3250 val_loss:3.28099 train_time:979.059s step_avg:305.49ms
step:3176/3250 train_time:979.364s step_avg:308.36ms
step:3177/3250 train_time:979.667s step_avg:308.36ms
step:3178/3250 train_time:979.971s step_avg:308.36ms
step:3179/3250 train_time:980.276s step_avg:308.36ms
step:3180/3250 train_time:980.579s step_avg:308.36ms
step:3180/3250 val_loss:3.28062 train_time:980.580s step_avg:304.17ms
step:3181/3250 train_time:980.891s step_avg:308.36ms
step:3182/3250 train_time:981.197s step_avg:308.36ms
step:3183/3250 train_time:981.503s step_avg:308.36ms
step:3184/3250 train_time:981.809s step_avg:308.36ms
step:3185/3250 train_time:982.116s step_avg:308.36ms
step:3186/3250 train_time:982.419s step_avg:308.36ms
step:3187/3250 train_time:982.725s step_avg:308.35ms
step:3188/3250 train_time:983.028s step_avg:308.35ms
step:3189/3250 train_time:983.331s step_avg:308.35ms
step:3190/3250 train_time:983.634s step_avg:308.35ms
step:3190/3250 val_loss:3.27979 train_time:983.636s step_avg:305.59ms
step:3191/3250 train_time:983.937s step_avg:308.35ms
step:3192/3250 train_time:984.240s step_avg:308.35ms
step:3193/3250 train_time:984.543s step_avg:308.34ms
step:3194/3250 train_time:984.847s step_avg:308.34ms
step:3195/3250 train_time:985.154s step_avg:308.34ms
step:3196/3250 train_time:985.456s step_avg:308.34ms
step:3197/3250 train_time:985.759s step_avg:308.34ms
step:3198/3250 train_time:986.064s step_avg:308.34ms
step:3199/3250 train_time:986.370s step_avg:308.34ms
step:3200/3250 train_time:986.676s step_avg:308.34ms
step:3200/3250 val_loss:3.27902 train_time:986.677s step_avg:304.16ms
step:3201/3250 train_time:986.982s step_avg:308.34ms
step:3202/3250 train_time:987.284s step_avg:308.33ms
step:3203/3250 train_time:987.586s step_avg:308.33ms
step:3204/3250 train_time:987.889s step_avg:308.33ms
step:3205/3250 train_time:988.196s step_avg:308.33ms
step:3206/3250 train_time:988.498s step_avg:308.33ms
step:3207/3250 train_time:988.801s step_avg:308.33ms
step:3208/3250 train_time:989.105s step_avg:308.32ms
step:3209/3250 train_time:989.408s step_avg:308.32ms
step:3210/3250 train_time:989.711s step_avg:308.32ms
step:3210/3250 val_loss:3.27836 train_time:989.712s step_avg:303.45ms
step:3211/3250 train_time:990.021s step_avg:308.32ms
step:3212/3250 train_time:990.324s step_avg:308.32ms
step:3213/3250 train_time:990.628s step_avg:308.32ms
step:3214/3250 train_time:990.934s step_avg:308.32ms
step:3215/3250 train_time:991.239s step_avg:308.32ms
step:3216/3250 train_time:991.542s step_avg:308.32ms
step:3217/3250 train_time:991.847s step_avg:308.31ms
step:3218/3250 train_time:992.151s step_avg:308.31ms
step:3219/3250 train_time:992.456s step_avg:308.31ms
step:3220/3250 train_time:992.759s step_avg:308.31ms
step:3220/3250 val_loss:3.27775 train_time:992.761s step_avg:304.90ms
step:3221/3250 train_time:993.065s step_avg:308.31ms
step:3222/3250 train_time:993.368s step_avg:308.31ms
step:3223/3250 train_time:993.670s step_avg:308.31ms
step:3224/3250 train_time:993.973s step_avg:308.30ms
step:3225/3250 train_time:994.275s step_avg:308.30ms
step:3225/3250 val_loss:3.27751 train_time:994.276s step_avg:303.05ms
step:3226/3250 train_time:994.582s step_avg:308.30ms
step:3227/3250 train_time:994.892s step_avg:308.30ms
step:3228/3250 train_time:995.195s step_avg:308.30ms
step:3229/3250 train_time:995.499s step_avg:308.30ms
step:3230/3250 train_time:995.803s step_avg:308.30ms
step:3230/3250 val_loss:3.27735 train_time:995.805s step_avg:305.75ms
step:3231/3250 train_time:996.175s step_avg:308.32ms
step:3232/3250 train_time:996.479s step_avg:308.32ms
step:3233/3250 train_time:996.784s step_avg:308.32ms
step:3234/3250 train_time:997.090s step_avg:308.31ms
step:3235/3250 train_time:997.398s step_avg:308.31ms
step:3236/3250 train_time:997.703s step_avg:308.31ms
step:3237/3250 train_time:998.009s step_avg:308.31ms
step:3238/3250 train_time:998.314s step_avg:308.31ms
step:3239/3250 train_time:998.617s step_avg:308.31ms
step:3240/3250 train_time:998.921s step_avg:308.31ms
step:3240/3250 val_loss:3.27702 train_time:998.922s step_avg:311.73ms
step:3241/3250 train_time:999.228s step_avg:308.31ms
step:3242/3250 train_time:999.535s step_avg:308.31ms
step:3243/3250 train_time:999.840s step_avg:308.31ms
step:3244/3250 train_time:1000.146s step_avg:308.31ms
step:3245/3250 train_time:1000.451s step_avg:308.31ms
step:3246/3250 train_time:1000.757s step_avg:308.30ms
step:3247/3250 train_time:1001.061s step_avg:308.30ms
step:3248/3250 train_time:1001.365s step_avg:308.30ms
step:3249/3250 train_time:1001.669s step_avg:308.30ms
step:3250/3250 train_time:1001.973s step_avg:308.30ms
step:3250/3250 val_loss:3.27688 train_time:1001.974s step_avg:305.24ms
