
===== plann_bimaxwell_control (seed 1) =====
W0830 13:18:22.978000 14798 torch/distributed/run.py:852] 
W0830 13:18:22.978000 14798 torch/distributed/run.py:852] *****************************************
W0830 13:18:22.978000 14798 torch/distributed/run.py:852] Setting OMP_NUM_THREADS environment variable for each process to be 1 in default, to avoid your system being overloaded, please further tune the variable for optimal performance in your application as needed. 
W0830 13:18:22.978000 14798 torch/distributed/run.py:852] *****************************************
logs/2dbf1859-3a02-4651-aadc-57e698d09550.txt
resumed training state from step 1000 in warmstart_pl_anneal, skipped 1000 batches
step:0/3250 val_loss:3.65102 train_time:0.001s step_avg:nanms
step:1001/3250 train_time:2.745s step_avg:2.74ms
step:1002/3250 train_time:3.255s step_avg:3.25ms
step:1003/3250 train_time:3.402s step_avg:3.39ms
step:1004/3250 train_time:3.554s step_avg:3.54ms
step:1005/3250 train_time:3.708s step_avg:3.69ms
step:1006/3250 train_time:3.860s step_avg:3.84ms
step:1007/3250 train_time:4.013s step_avg:3.98ms
step:1008/3250 train_time:4.166s step_avg:4.13ms
step:1009/3250 train_time:4.317s step_avg:4.28ms
step:1010/3250 train_time:4.470s step_avg:4.43ms
step:1011/3250 train_time:4.622s step_avg:4.57ms
step:1012/3250 train_time:4.776s step_avg:4.72ms
step:1013/3250 train_time:4.929s step_avg:4.87ms
step:1014/3250 train_time:5.082s step_avg:5.01ms
step:1015/3250 train_time:5.235s step_avg:5.16ms
step:1016/3250 train_time:5.388s step_avg:5.30ms
step:1017/3250 train_time:5.541s step_avg:5.45ms
step:1018/3250 train_time:5.693s step_avg:5.59ms
step:1019/3250 train_time:5.845s step_avg:5.74ms
step:1020/3250 train_time:5.997s step_avg:5.88ms
step:1021/3250 train_time:6.150s step_avg:6.02ms
step:1022/3250 train_time:6.303s step_avg:6.17ms
step:1023/3250 train_time:6.456s step_avg:6.31ms
step:1024/3250 train_time:6.610s step_avg:6.45ms
step:1025/3250 train_time:6.761s step_avg:6.60ms
step:1026/3250 train_time:6.914s step_avg:6.74ms
step:1027/3250 train_time:7.068s step_avg:6.88ms
step:1028/3250 train_time:7.220s step_avg:7.02ms
step:1029/3250 train_time:7.373s step_avg:7.17ms
step:1030/3250 train_time:7.528s step_avg:7.31ms
step:1031/3250 train_time:7.680s step_avg:7.45ms
step:1032/3250 train_time:7.833s step_avg:7.59ms
step:1033/3250 train_time:7.986s step_avg:7.73ms
step:1034/3250 train_time:8.139s step_avg:7.87ms
step:1035/3250 train_time:8.290s step_avg:8.01ms
step:1036/3250 train_time:8.443s step_avg:8.15ms
step:1037/3250 train_time:8.595s step_avg:8.29ms
step:1038/3250 train_time:8.750s step_avg:8.43ms
step:1039/3250 train_time:8.904s step_avg:8.57ms
step:1040/3250 train_time:9.057s step_avg:8.71ms
step:1041/3250 train_time:9.210s step_avg:8.85ms
step:1042/3250 train_time:9.362s step_avg:8.98ms
step:1043/3250 train_time:9.515s step_avg:9.12ms
step:1044/3250 train_time:9.667s step_avg:9.26ms
step:1045/3250 train_time:9.819s step_avg:9.40ms
step:1046/3250 train_time:9.973s step_avg:9.53ms
step:1047/3250 train_time:10.127s step_avg:9.67ms
step:1048/3250 train_time:10.280s step_avg:9.81ms
step:1049/3250 train_time:10.434s step_avg:9.95ms
step:1050/3250 train_time:10.587s step_avg:10.08ms
step:1051/3250 train_time:10.742s step_avg:10.22ms
step:1052/3250 train_time:10.894s step_avg:10.36ms
step:1053/3250 train_time:11.048s step_avg:10.49ms
step:1054/3250 train_time:11.200s step_avg:10.63ms
step:1055/3250 train_time:11.353s step_avg:10.76ms
step:1056/3250 train_time:11.507s step_avg:10.90ms
step:1057/3250 train_time:11.660s step_avg:11.03ms
step:1058/3250 train_time:11.813s step_avg:11.17ms
step:1059/3250 train_time:11.965s step_avg:11.30ms
step:1060/3250 train_time:12.118s step_avg:11.43ms
step:1061/3250 train_time:12.271s step_avg:11.57ms
step:1062/3250 train_time:12.425s step_avg:11.70ms
step:1063/3250 train_time:12.577s step_avg:11.83ms
step:1064/3250 train_time:12.731s step_avg:11.97ms
step:1065/3250 train_time:12.884s step_avg:12.10ms
step:1066/3250 train_time:13.036s step_avg:12.23ms
step:1067/3250 train_time:13.189s step_avg:12.36ms
step:1068/3250 train_time:13.342s step_avg:12.49ms
step:1069/3250 train_time:13.494s step_avg:12.62ms
step:1070/3250 train_time:13.648s step_avg:12.76ms
step:1071/3250 train_time:13.801s step_avg:12.89ms
step:1072/3250 train_time:13.955s step_avg:13.02ms
step:1073/3250 train_time:14.108s step_avg:13.15ms
step:1074/3250 train_time:14.261s step_avg:13.28ms
step:1075/3250 train_time:14.413s step_avg:13.41ms
step:1076/3250 train_time:14.566s step_avg:13.54ms
step:1077/3250 train_time:14.719s step_avg:13.67ms
step:1078/3250 train_time:14.872s step_avg:13.80ms
step:1079/3250 train_time:15.028s step_avg:13.93ms
step:1080/3250 train_time:15.180s step_avg:14.06ms
step:1081/3250 train_time:15.334s step_avg:14.18ms
step:1082/3250 train_time:15.488s step_avg:14.31ms
step:1083/3250 train_time:15.641s step_avg:14.44ms
step:1084/3250 train_time:15.794s step_avg:14.57ms
step:1085/3250 train_time:15.950s step_avg:14.70ms
step:1086/3250 train_time:16.104s step_avg:14.83ms
step:1087/3250 train_time:16.257s step_avg:14.96ms
step:1088/3250 train_time:16.411s step_avg:15.08ms
step:1089/3250 train_time:16.564s step_avg:15.21ms
step:1090/3250 train_time:16.716s step_avg:15.34ms
step:1091/3250 train_time:16.870s step_avg:15.46ms
step:1092/3250 train_time:17.024s step_avg:15.59ms
step:1093/3250 train_time:17.177s step_avg:15.72ms
step:1094/3250 train_time:17.332s step_avg:15.84ms
step:1095/3250 train_time:17.485s step_avg:15.97ms
step:1096/3250 train_time:17.638s step_avg:16.09ms
step:1097/3250 train_time:17.790s step_avg:16.22ms
step:1098/3250 train_time:17.945s step_avg:16.34ms
step:1099/3250 train_time:18.096s step_avg:16.47ms
step:1100/3250 train_time:18.250s step_avg:16.59ms
step:1101/3250 train_time:18.404s step_avg:16.72ms
step:1102/3250 train_time:18.557s step_avg:16.84ms
step:1103/3250 train_time:18.710s step_avg:16.96ms
step:1104/3250 train_time:18.863s step_avg:17.09ms
step:1105/3250 train_time:19.017s step_avg:17.21ms
step:1106/3250 train_time:19.170s step_avg:17.33ms
step:1107/3250 train_time:19.323s step_avg:17.46ms
step:1108/3250 train_time:19.476s step_avg:17.58ms
step:1109/3250 train_time:19.631s step_avg:17.70ms
step:1110/3250 train_time:19.784s step_avg:17.82ms
step:1111/3250 train_time:19.937s step_avg:17.95ms
step:1112/3250 train_time:20.090s step_avg:18.07ms
step:1113/3250 train_time:20.244s step_avg:18.19ms
step:1114/3250 train_time:20.396s step_avg:18.31ms
step:1115/3250 train_time:20.550s step_avg:18.43ms
step:1116/3250 train_time:20.704s step_avg:18.55ms
step:1117/3250 train_time:20.857s step_avg:18.67ms
step:1118/3250 train_time:21.011s step_avg:18.79ms
step:1119/3250 train_time:21.163s step_avg:18.91ms
step:1120/3250 train_time:21.316s step_avg:19.03ms
step:1121/3250 train_time:21.470s step_avg:19.15ms
step:1122/3250 train_time:21.625s step_avg:19.27ms
step:1123/3250 train_time:21.778s step_avg:19.39ms
step:1124/3250 train_time:21.932s step_avg:19.51ms
step:1125/3250 train_time:22.086s step_avg:19.63ms
step:1125/3250 val_loss:3.60103 train_time:22.098s step_avg:19.64ms
step:1126/3250 train_time:22.243s step_avg:19.75ms
step:1127/3250 train_time:22.395s step_avg:19.87ms
step:1128/3250 train_time:22.549s step_avg:19.99ms
step:1129/3250 train_time:22.702s step_avg:20.11ms
step:1130/3250 train_time:22.855s step_avg:20.23ms
step:1131/3250 train_time:23.008s step_avg:20.34ms
step:1132/3250 train_time:23.163s step_avg:20.46ms
step:1133/3250 train_time:23.316s step_avg:20.58ms
step:1134/3250 train_time:23.470s step_avg:20.70ms
step:1135/3250 train_time:23.625s step_avg:20.81ms
step:1136/3250 train_time:23.777s step_avg:20.93ms
step:1137/3250 train_time:23.930s step_avg:21.05ms
step:1138/3250 train_time:24.084s step_avg:21.16ms
step:1139/3250 train_time:24.237s step_avg:21.28ms
step:1140/3250 train_time:24.392s step_avg:21.40ms
step:1141/3250 train_time:24.574s step_avg:21.54ms
step:1142/3250 train_time:24.728s step_avg:21.65ms
step:1143/3250 train_time:24.881s step_avg:21.77ms
step:1144/3250 train_time:25.033s step_avg:21.88ms
step:1145/3250 train_time:25.186s step_avg:22.00ms
step:1146/3250 train_time:25.340s step_avg:22.11ms
step:1147/3250 train_time:25.494s step_avg:22.23ms
step:1148/3250 train_time:25.648s step_avg:22.34ms
step:1149/3250 train_time:25.801s step_avg:22.46ms
step:1150/3250 train_time:25.954s step_avg:22.57ms
step:1151/3250 train_time:26.108s step_avg:22.68ms
step:1152/3250 train_time:26.262s step_avg:22.80ms
step:1153/3250 train_time:26.415s step_avg:22.91ms
step:1154/3250 train_time:26.569s step_avg:23.02ms
step:1155/3250 train_time:26.725s step_avg:23.14ms
step:1156/3250 train_time:26.879s step_avg:23.25ms
step:1157/3250 train_time:27.032s step_avg:23.36ms
step:1158/3250 train_time:27.185s step_avg:23.48ms
step:1159/3250 train_time:27.338s step_avg:23.59ms
step:1160/3250 train_time:27.492s step_avg:23.70ms
step:1161/3250 train_time:27.646s step_avg:23.81ms
step:1162/3250 train_time:27.800s step_avg:23.92ms
step:1163/3250 train_time:27.953s step_avg:24.04ms
step:1164/3250 train_time:28.106s step_avg:24.15ms
step:1165/3250 train_time:28.260s step_avg:24.26ms
step:1166/3250 train_time:28.412s step_avg:24.37ms
step:1167/3250 train_time:28.567s step_avg:24.48ms
step:1168/3250 train_time:28.720s step_avg:24.59ms
step:1169/3250 train_time:28.874s step_avg:24.70ms
step:1170/3250 train_time:29.028s step_avg:24.81ms
step:1171/3250 train_time:29.181s step_avg:24.92ms
step:1172/3250 train_time:29.334s step_avg:25.03ms
step:1173/3250 train_time:29.488s step_avg:25.14ms
step:1174/3250 train_time:29.642s step_avg:25.25ms
step:1175/3250 train_time:29.794s step_avg:25.36ms
step:1176/3250 train_time:29.948s step_avg:25.47ms
step:1177/3250 train_time:30.102s step_avg:25.57ms
step:1178/3250 train_time:30.254s step_avg:25.68ms
step:1179/3250 train_time:30.409s step_avg:25.79ms
step:1180/3250 train_time:30.564s step_avg:25.90ms
step:1181/3250 train_time:30.716s step_avg:26.01ms
step:1182/3250 train_time:30.871s step_avg:26.12ms
step:1183/3250 train_time:31.025s step_avg:26.23ms
step:1184/3250 train_time:31.178s step_avg:26.33ms
step:1185/3250 train_time:31.331s step_avg:26.44ms
step:1186/3250 train_time:31.485s step_avg:26.55ms
step:1187/3250 train_time:31.638s step_avg:26.65ms
step:1188/3250 train_time:31.792s step_avg:26.76ms
step:1189/3250 train_time:31.946s step_avg:26.87ms
step:1190/3250 train_time:32.100s step_avg:26.97ms
step:1191/3250 train_time:32.254s step_avg:27.08ms
step:1192/3250 train_time:32.406s step_avg:27.19ms
step:1193/3250 train_time:32.560s step_avg:27.29ms
step:1194/3250 train_time:32.713s step_avg:27.40ms
step:1195/3250 train_time:32.867s step_avg:27.50ms
step:1196/3250 train_time:33.021s step_avg:27.61ms
step:1197/3250 train_time:33.174s step_avg:27.71ms
step:1198/3250 train_time:33.331s step_avg:27.82ms
step:1199/3250 train_time:33.484s step_avg:27.93ms
step:1200/3250 train_time:33.638s step_avg:28.03ms
step:1201/3250 train_time:33.792s step_avg:28.14ms
step:1202/3250 train_time:33.946s step_avg:28.24ms
step:1203/3250 train_time:34.100s step_avg:28.35ms
step:1204/3250 train_time:34.253s step_avg:28.45ms
step:1205/3250 train_time:34.407s step_avg:28.55ms
step:1206/3250 train_time:34.561s step_avg:28.66ms
step:1207/3250 train_time:34.713s step_avg:28.76ms
step:1208/3250 train_time:34.867s step_avg:28.86ms
step:1209/3250 train_time:35.022s step_avg:28.97ms
step:1210/3250 train_time:35.176s step_avg:29.07ms
step:1211/3250 train_time:35.332s step_avg:29.18ms
step:1212/3250 train_time:35.486s step_avg:29.28ms
step:1213/3250 train_time:35.640s step_avg:29.38ms
step:1214/3250 train_time:35.793s step_avg:29.48ms
step:1215/3250 train_time:35.947s step_avg:29.59ms
step:1216/3250 train_time:36.101s step_avg:29.69ms
step:1217/3250 train_time:36.254s step_avg:29.79ms
step:1218/3250 train_time:36.408s step_avg:29.89ms
step:1219/3250 train_time:36.565s step_avg:30.00ms
step:1220/3250 train_time:36.718s step_avg:30.10ms
step:1221/3250 train_time:36.872s step_avg:30.20ms
step:1222/3250 train_time:37.026s step_avg:30.30ms
step:1223/3250 train_time:37.179s step_avg:30.40ms
step:1224/3250 train_time:37.332s step_avg:30.50ms
step:1225/3250 train_time:37.486s step_avg:30.60ms
step:1226/3250 train_time:37.641s step_avg:30.70ms
step:1227/3250 train_time:37.794s step_avg:30.80ms
step:1228/3250 train_time:37.948s step_avg:30.90ms
step:1229/3250 train_time:38.102s step_avg:31.00ms
step:1230/3250 train_time:38.255s step_avg:31.10ms
step:1231/3250 train_time:38.411s step_avg:31.20ms
step:1232/3250 train_time:38.566s step_avg:31.30ms
step:1233/3250 train_time:38.719s step_avg:31.40ms
step:1234/3250 train_time:38.874s step_avg:31.50ms
step:1235/3250 train_time:39.028s step_avg:31.60ms
step:1236/3250 train_time:39.182s step_avg:31.70ms
step:1237/3250 train_time:39.334s step_avg:31.80ms
step:1238/3250 train_time:39.488s step_avg:31.90ms
step:1239/3250 train_time:39.642s step_avg:32.00ms
step:1240/3250 train_time:39.797s step_avg:32.09ms
step:1241/3250 train_time:39.952s step_avg:32.19ms
step:1242/3250 train_time:40.106s step_avg:32.29ms
step:1243/3250 train_time:40.260s step_avg:32.39ms
step:1244/3250 train_time:40.413s step_avg:32.49ms
step:1245/3250 train_time:40.567s step_avg:32.58ms
step:1246/3250 train_time:40.721s step_avg:32.68ms
step:1247/3250 train_time:40.874s step_avg:32.78ms
step:1248/3250 train_time:41.030s step_avg:32.88ms
step:1249/3250 train_time:41.184s step_avg:32.97ms
step:1250/3250 train_time:41.337s step_avg:33.07ms
step:1250/3250 val_loss:3.57031 train_time:41.349s step_avg:154.01ms
step:1251/3250 train_time:41.494s step_avg:33.17ms
step:1252/3250 train_time:41.648s step_avg:33.27ms
step:1253/3250 train_time:41.801s step_avg:33.36ms
step:1254/3250 train_time:41.955s step_avg:33.46ms
step:1255/3250 train_time:42.110s step_avg:33.55ms
step:1256/3250 train_time:42.264s step_avg:33.65ms
step:1257/3250 train_time:42.418s step_avg:33.75ms
step:1258/3250 train_time:42.572s step_avg:33.84ms
step:1259/3250 train_time:42.726s step_avg:33.94ms
step:1260/3250 train_time:42.881s step_avg:34.03ms
step:1261/3250 train_time:43.034s step_avg:34.13ms
step:1262/3250 train_time:43.191s step_avg:34.22ms
step:1263/3250 train_time:43.345s step_avg:34.32ms
step:1264/3250 train_time:43.499s step_avg:34.41ms
step:1265/3250 train_time:43.652s step_avg:34.51ms
step:1266/3250 train_time:43.807s step_avg:34.60ms
step:1267/3250 train_time:43.962s step_avg:34.70ms
step:1268/3250 train_time:44.115s step_avg:34.79ms
step:1269/3250 train_time:44.270s step_avg:34.89ms
step:1270/3250 train_time:44.424s step_avg:34.98ms
step:1271/3250 train_time:44.578s step_avg:35.07ms
step:1272/3250 train_time:44.731s step_avg:35.17ms
step:1273/3250 train_time:44.887s step_avg:35.26ms
step:1274/3250 train_time:45.041s step_avg:35.35ms
step:1275/3250 train_time:45.194s step_avg:35.45ms
step:1276/3250 train_time:45.349s step_avg:35.54ms
step:1277/3250 train_time:45.502s step_avg:35.63ms
step:1278/3250 train_time:45.657s step_avg:35.73ms
step:1279/3250 train_time:45.812s step_avg:35.82ms
step:1280/3250 train_time:45.968s step_avg:35.91ms
step:1281/3250 train_time:46.121s step_avg:36.00ms
step:1282/3250 train_time:46.275s step_avg:36.10ms
step:1283/3250 train_time:46.428s step_avg:36.19ms
step:1284/3250 train_time:46.584s step_avg:36.28ms
step:1285/3250 train_time:46.738s step_avg:36.37ms
step:1286/3250 train_time:46.892s step_avg:36.46ms
step:1287/3250 train_time:47.048s step_avg:36.56ms
step:1288/3250 train_time:47.204s step_avg:36.65ms
step:1289/3250 train_time:47.357s step_avg:36.74ms
step:1290/3250 train_time:47.511s step_avg:36.83ms
step:1291/3250 train_time:47.666s step_avg:36.92ms
step:1292/3250 train_time:47.821s step_avg:37.01ms
step:1293/3250 train_time:47.977s step_avg:37.11ms
step:1294/3250 train_time:48.131s step_avg:37.20ms
step:1295/3250 train_time:48.286s step_avg:37.29ms
step:1296/3250 train_time:48.440s step_avg:37.38ms
step:1297/3250 train_time:48.593s step_avg:37.47ms
step:1298/3250 train_time:48.750s step_avg:37.56ms
step:1299/3250 train_time:48.905s step_avg:37.65ms
step:1300/3250 train_time:49.060s step_avg:37.74ms
step:1301/3250 train_time:49.214s step_avg:37.83ms
step:1302/3250 train_time:49.370s step_avg:37.92ms
step:1303/3250 train_time:49.523s step_avg:38.01ms
step:1304/3250 train_time:49.678s step_avg:38.10ms
step:1305/3250 train_time:49.831s step_avg:38.18ms
step:1306/3250 train_time:49.988s step_avg:38.28ms
step:1307/3250 train_time:50.143s step_avg:38.36ms
step:1308/3250 train_time:50.296s step_avg:38.45ms
step:1309/3250 train_time:50.450s step_avg:38.54ms
step:1310/3250 train_time:50.604s step_avg:38.63ms
step:1311/3250 train_time:50.758s step_avg:38.72ms
step:1312/3250 train_time:50.911s step_avg:38.80ms
step:1313/3250 train_time:51.065s step_avg:38.89ms
step:1314/3250 train_time:51.219s step_avg:38.98ms
step:1315/3250 train_time:51.372s step_avg:39.07ms
step:1316/3250 train_time:51.528s step_avg:39.16ms
step:1317/3250 train_time:51.685s step_avg:39.24ms
step:1318/3250 train_time:51.839s step_avg:39.33ms
step:1319/3250 train_time:51.993s step_avg:39.42ms
step:1320/3250 train_time:52.147s step_avg:39.51ms
step:1321/3250 train_time:52.301s step_avg:39.59ms
step:1322/3250 train_time:52.454s step_avg:39.68ms
step:1323/3250 train_time:52.612s step_avg:39.77ms
step:1324/3250 train_time:52.767s step_avg:39.85ms
step:1325/3250 train_time:52.921s step_avg:39.94ms
step:1326/3250 train_time:53.075s step_avg:40.03ms
step:1327/3250 train_time:53.229s step_avg:40.11ms
step:1328/3250 train_time:53.383s step_avg:40.20ms
step:1329/3250 train_time:53.537s step_avg:40.28ms
step:1330/3250 train_time:53.693s step_avg:40.37ms
step:1331/3250 train_time:53.878s step_avg:40.48ms
step:1332/3250 train_time:54.031s step_avg:40.56ms
step:1333/3250 train_time:54.185s step_avg:40.65ms
step:1334/3250 train_time:54.339s step_avg:40.73ms
step:1335/3250 train_time:54.492s step_avg:40.82ms
step:1336/3250 train_time:54.646s step_avg:40.90ms
step:1337/3250 train_time:54.800s step_avg:40.99ms
step:1338/3250 train_time:54.954s step_avg:41.07ms
step:1339/3250 train_time:55.109s step_avg:41.16ms
step:1340/3250 train_time:55.264s step_avg:41.24ms
step:1341/3250 train_time:55.419s step_avg:41.33ms
step:1342/3250 train_time:55.573s step_avg:41.41ms
step:1343/3250 train_time:55.728s step_avg:41.50ms
step:1344/3250 train_time:55.886s step_avg:41.58ms
step:1345/3250 train_time:56.041s step_avg:41.67ms
step:1346/3250 train_time:56.195s step_avg:41.75ms
step:1347/3250 train_time:56.350s step_avg:41.83ms
step:1348/3250 train_time:56.503s step_avg:41.92ms
step:1349/3250 train_time:56.658s step_avg:42.00ms
step:1350/3250 train_time:56.812s step_avg:42.08ms
step:1351/3250 train_time:56.968s step_avg:42.17ms
step:1352/3250 train_time:57.123s step_avg:42.25ms
step:1353/3250 train_time:57.277s step_avg:42.33ms
step:1354/3250 train_time:57.430s step_avg:42.42ms
step:1355/3250 train_time:57.585s step_avg:42.50ms
step:1356/3250 train_time:57.739s step_avg:42.58ms
step:1357/3250 train_time:57.893s step_avg:42.66ms
step:1358/3250 train_time:58.049s step_avg:42.75ms
step:1359/3250 train_time:58.203s step_avg:42.83ms
step:1360/3250 train_time:58.357s step_avg:42.91ms
step:1361/3250 train_time:58.512s step_avg:42.99ms
step:1362/3250 train_time:58.667s step_avg:43.07ms
step:1363/3250 train_time:58.822s step_avg:43.16ms
step:1364/3250 train_time:58.976s step_avg:43.24ms
step:1365/3250 train_time:59.130s step_avg:43.32ms
step:1366/3250 train_time:59.285s step_avg:43.40ms
step:1367/3250 train_time:59.440s step_avg:43.48ms
step:1368/3250 train_time:59.594s step_avg:43.56ms
step:1369/3250 train_time:59.751s step_avg:43.65ms
step:1370/3250 train_time:59.905s step_avg:43.73ms
step:1371/3250 train_time:60.059s step_avg:43.81ms
step:1372/3250 train_time:60.213s step_avg:43.89ms
step:1373/3250 train_time:60.367s step_avg:43.97ms
step:1374/3250 train_time:60.523s step_avg:44.05ms
step:1375/3250 train_time:60.677s step_avg:44.13ms
step:1375/3250 val_loss:3.54627 train_time:60.688s step_avg:154.72ms
step:1376/3250 train_time:60.832s step_avg:44.21ms
step:1377/3250 train_time:60.986s step_avg:44.29ms
step:1378/3250 train_time:61.139s step_avg:44.37ms
step:1379/3250 train_time:61.293s step_avg:44.45ms
step:1380/3250 train_time:61.447s step_avg:44.53ms
step:1381/3250 train_time:61.601s step_avg:44.61ms
step:1382/3250 train_time:61.757s step_avg:44.69ms
step:1383/3250 train_time:61.910s step_avg:44.76ms
step:1384/3250 train_time:62.064s step_avg:44.84ms
step:1385/3250 train_time:62.218s step_avg:44.92ms
step:1386/3250 train_time:62.372s step_avg:45.00ms
step:1387/3250 train_time:62.527s step_avg:45.08ms
step:1388/3250 train_time:62.682s step_avg:45.16ms
step:1389/3250 train_time:62.835s step_avg:45.24ms
step:1390/3250 train_time:62.988s step_avg:45.32ms
step:1391/3250 train_time:63.142s step_avg:45.39ms
step:1392/3250 train_time:63.296s step_avg:45.47ms
step:1393/3250 train_time:63.449s step_avg:45.55ms
step:1394/3250 train_time:63.604s step_avg:45.63ms
step:1395/3250 train_time:63.759s step_avg:45.71ms
step:1396/3250 train_time:63.912s step_avg:45.78ms
step:1397/3250 train_time:64.066s step_avg:45.86ms
step:1398/3250 train_time:64.220s step_avg:45.94ms
step:1399/3250 train_time:64.374s step_avg:46.01ms
step:1400/3250 train_time:64.529s step_avg:46.09ms
step:1401/3250 train_time:64.684s step_avg:46.17ms
step:1402/3250 train_time:64.839s step_avg:46.25ms
step:1403/3250 train_time:64.992s step_avg:46.32ms
step:1404/3250 train_time:65.147s step_avg:46.40ms
step:1405/3250 train_time:65.301s step_avg:46.48ms
step:1406/3250 train_time:65.455s step_avg:46.55ms
step:1407/3250 train_time:65.608s step_avg:46.63ms
step:1408/3250 train_time:65.762s step_avg:46.71ms
step:1409/3250 train_time:65.915s step_avg:46.78ms
step:1410/3250 train_time:66.068s step_avg:46.86ms
step:1411/3250 train_time:66.223s step_avg:46.93ms
step:1412/3250 train_time:66.378s step_avg:47.01ms
step:1413/3250 train_time:66.531s step_avg:47.08ms
step:1414/3250 train_time:66.686s step_avg:47.16ms
step:1415/3250 train_time:66.840s step_avg:47.24ms
step:1416/3250 train_time:66.994s step_avg:47.31ms
step:1417/3250 train_time:67.149s step_avg:47.39ms
step:1418/3250 train_time:67.303s step_avg:47.46ms
step:1419/3250 train_time:67.459s step_avg:47.54ms
step:1420/3250 train_time:67.612s step_avg:47.61ms
step:1421/3250 train_time:67.767s step_avg:47.69ms
step:1422/3250 train_time:67.921s step_avg:47.76ms
step:1423/3250 train_time:68.075s step_avg:47.84ms
step:1424/3250 train_time:68.230s step_avg:47.91ms
step:1425/3250 train_time:68.385s step_avg:47.99ms
step:1426/3250 train_time:68.539s step_avg:48.06ms
step:1427/3250 train_time:68.692s step_avg:48.14ms
step:1428/3250 train_time:68.846s step_avg:48.21ms
step:1429/3250 train_time:69.001s step_avg:48.29ms
step:1430/3250 train_time:69.155s step_avg:48.36ms
step:1431/3250 train_time:69.308s step_avg:48.43ms
step:1432/3250 train_time:69.462s step_avg:48.51ms
step:1433/3250 train_time:69.615s step_avg:48.58ms
step:1434/3250 train_time:69.768s step_avg:48.65ms
step:1435/3250 train_time:69.921s step_avg:48.73ms
step:1436/3250 train_time:70.076s step_avg:48.80ms
step:1437/3250 train_time:70.229s step_avg:48.87ms
step:1438/3250 train_time:70.383s step_avg:48.95ms
step:1439/3250 train_time:70.539s step_avg:49.02ms
step:1440/3250 train_time:70.693s step_avg:49.09ms
step:1441/3250 train_time:70.848s step_avg:49.17ms
step:1442/3250 train_time:71.004s step_avg:49.24ms
step:1443/3250 train_time:71.158s step_avg:49.31ms
step:1444/3250 train_time:71.312s step_avg:49.38ms
step:1445/3250 train_time:71.466s step_avg:49.46ms
step:1446/3250 train_time:71.619s step_avg:49.53ms
step:1447/3250 train_time:71.773s step_avg:49.60ms
step:1448/3250 train_time:71.929s step_avg:49.67ms
step:1449/3250 train_time:72.084s step_avg:49.75ms
step:1450/3250 train_time:72.239s step_avg:49.82ms
step:1451/3250 train_time:72.393s step_avg:49.89ms
step:1452/3250 train_time:72.547s step_avg:49.96ms
step:1453/3250 train_time:72.701s step_avg:50.04ms
step:1454/3250 train_time:72.855s step_avg:50.11ms
step:1455/3250 train_time:73.009s step_avg:50.18ms
step:1456/3250 train_time:73.165s step_avg:50.25ms
step:1457/3250 train_time:73.319s step_avg:50.32ms
step:1458/3250 train_time:73.473s step_avg:50.39ms
step:1459/3250 train_time:73.627s step_avg:50.46ms
step:1460/3250 train_time:73.782s step_avg:50.54ms
step:1461/3250 train_time:73.936s step_avg:50.61ms
step:1462/3250 train_time:74.090s step_avg:50.68ms
step:1463/3250 train_time:74.245s step_avg:50.75ms
step:1464/3250 train_time:74.400s step_avg:50.82ms
step:1465/3250 train_time:74.554s step_avg:50.89ms
step:1466/3250 train_time:74.708s step_avg:50.96ms
step:1467/3250 train_time:74.862s step_avg:51.03ms
step:1468/3250 train_time:75.016s step_avg:51.10ms
step:1469/3250 train_time:75.168s step_avg:51.17ms
step:1470/3250 train_time:75.323s step_avg:51.24ms
step:1471/3250 train_time:75.481s step_avg:51.31ms
step:1472/3250 train_time:75.634s step_avg:51.38ms
step:1473/3250 train_time:75.789s step_avg:51.45ms
step:1474/3250 train_time:75.943s step_avg:51.52ms
step:1475/3250 train_time:76.099s step_avg:51.59ms
step:1476/3250 train_time:76.251s step_avg:51.66ms
step:1477/3250 train_time:76.408s step_avg:51.73ms
step:1478/3250 train_time:76.562s step_avg:51.80ms
step:1479/3250 train_time:76.715s step_avg:51.87ms
step:1480/3250 train_time:76.868s step_avg:51.94ms
step:1481/3250 train_time:77.021s step_avg:52.01ms
step:1482/3250 train_time:77.177s step_avg:52.08ms
step:1483/3250 train_time:77.330s step_avg:52.14ms
step:1484/3250 train_time:77.485s step_avg:52.21ms
step:1485/3250 train_time:77.639s step_avg:52.28ms
step:1486/3250 train_time:77.796s step_avg:52.35ms
step:1487/3250 train_time:77.949s step_avg:52.42ms
step:1488/3250 train_time:78.103s step_avg:52.49ms
step:1489/3250 train_time:78.257s step_avg:52.56ms
step:1490/3250 train_time:78.411s step_avg:52.62ms
step:1491/3250 train_time:78.566s step_avg:52.69ms
step:1492/3250 train_time:78.721s step_avg:52.76ms
step:1493/3250 train_time:78.874s step_avg:52.83ms
step:1494/3250 train_time:79.028s step_avg:52.90ms
step:1495/3250 train_time:79.183s step_avg:52.97ms
step:1496/3250 train_time:79.337s step_avg:53.03ms
step:1497/3250 train_time:79.491s step_avg:53.10ms
step:1498/3250 train_time:79.645s step_avg:53.17ms
step:1499/3250 train_time:79.799s step_avg:53.23ms
step:1500/3250 train_time:79.952s step_avg:53.30ms
step:1500/3250 val_loss:3.52388 train_time:79.964s step_avg:154.20ms
step:1501/3250 train_time:80.109s step_avg:53.37ms
step:1502/3250 train_time:80.262s step_avg:53.44ms
step:1503/3250 train_time:80.417s step_avg:53.50ms
step:1504/3250 train_time:80.570s step_avg:53.57ms
step:1505/3250 train_time:80.723s step_avg:53.64ms
step:1506/3250 train_time:80.878s step_avg:53.70ms
step:1507/3250 train_time:81.032s step_avg:53.77ms
step:1508/3250 train_time:81.184s step_avg:53.84ms
step:1509/3250 train_time:81.340s step_avg:53.90ms
step:1510/3250 train_time:81.495s step_avg:53.97ms
step:1511/3250 train_time:81.649s step_avg:54.04ms
step:1512/3250 train_time:81.803s step_avg:54.10ms
step:1513/3250 train_time:81.956s step_avg:54.17ms
step:1514/3250 train_time:82.110s step_avg:54.23ms
step:1515/3250 train_time:82.264s step_avg:54.30ms
step:1516/3250 train_time:82.419s step_avg:54.37ms
step:1517/3250 train_time:82.574s step_avg:54.43ms
step:1518/3250 train_time:82.728s step_avg:54.50ms
step:1519/3250 train_time:82.881s step_avg:54.56ms
step:1520/3250 train_time:83.037s step_avg:54.63ms
step:1521/3250 train_time:83.220s step_avg:54.71ms
step:1522/3250 train_time:83.375s step_avg:54.78ms
step:1523/3250 train_time:83.527s step_avg:54.84ms
step:1524/3250 train_time:83.681s step_avg:54.91ms
step:1525/3250 train_time:83.834s step_avg:54.97ms
step:1526/3250 train_time:83.987s step_avg:55.04ms
step:1527/3250 train_time:84.143s step_avg:55.10ms
step:1528/3250 train_time:84.297s step_avg:55.17ms
step:1529/3250 train_time:84.451s step_avg:55.23ms
step:1530/3250 train_time:84.604s step_avg:55.30ms
step:1531/3250 train_time:84.758s step_avg:55.36ms
step:1532/3250 train_time:84.913s step_avg:55.43ms
step:1533/3250 train_time:85.066s step_avg:55.49ms
step:1534/3250 train_time:85.221s step_avg:55.56ms
step:1535/3250 train_time:85.376s step_avg:55.62ms
step:1536/3250 train_time:85.529s step_avg:55.68ms
step:1537/3250 train_time:85.682s step_avg:55.75ms
step:1538/3250 train_time:85.838s step_avg:55.81ms
step:1539/3250 train_time:85.992s step_avg:55.88ms
step:1540/3250 train_time:86.145s step_avg:55.94ms
step:1541/3250 train_time:86.301s step_avg:56.00ms
step:1542/3250 train_time:86.455s step_avg:56.07ms
step:1543/3250 train_time:86.608s step_avg:56.13ms
step:1544/3250 train_time:86.762s step_avg:56.19ms
step:1545/3250 train_time:86.917s step_avg:56.26ms
step:1546/3250 train_time:87.070s step_avg:56.32ms
step:1547/3250 train_time:87.224s step_avg:56.38ms
step:1548/3250 train_time:87.379s step_avg:56.45ms
step:1549/3250 train_time:87.532s step_avg:56.51ms
step:1550/3250 train_time:87.685s step_avg:56.57ms
step:1551/3250 train_time:87.840s step_avg:56.63ms
step:1552/3250 train_time:87.995s step_avg:56.70ms
step:1553/3250 train_time:88.148s step_avg:56.76ms
step:1554/3250 train_time:88.303s step_avg:56.82ms
step:1555/3250 train_time:88.458s step_avg:56.89ms
step:1556/3250 train_time:88.612s step_avg:56.95ms
step:1557/3250 train_time:88.765s step_avg:57.01ms
step:1558/3250 train_time:88.920s step_avg:57.07ms
step:1559/3250 train_time:89.074s step_avg:57.14ms
step:1560/3250 train_time:89.227s step_avg:57.20ms
step:1561/3250 train_time:89.382s step_avg:57.26ms
step:1562/3250 train_time:89.536s step_avg:57.32ms
step:1563/3250 train_time:89.690s step_avg:57.38ms
step:1564/3250 train_time:89.844s step_avg:57.45ms
step:1565/3250 train_time:90.001s step_avg:57.51ms
step:1566/3250 train_time:90.155s step_avg:57.57ms
step:1567/3250 train_time:90.309s step_avg:57.63ms
step:1568/3250 train_time:90.463s step_avg:57.69ms
step:1569/3250 train_time:90.618s step_avg:57.76ms
step:1570/3250 train_time:90.772s step_avg:57.82ms
step:1571/3250 train_time:90.925s step_avg:57.88ms
step:1572/3250 train_time:91.080s step_avg:57.94ms
step:1573/3250 train_time:91.234s step_avg:58.00ms
step:1574/3250 train_time:91.386s step_avg:58.06ms
step:1575/3250 train_time:91.542s step_avg:58.12ms
step:1576/3250 train_time:91.697s step_avg:58.18ms
step:1577/3250 train_time:91.850s step_avg:58.24ms
step:1578/3250 train_time:92.005s step_avg:58.30ms
step:1579/3250 train_time:92.160s step_avg:58.37ms
step:1580/3250 train_time:92.315s step_avg:58.43ms
step:1581/3250 train_time:92.469s step_avg:58.49ms
step:1582/3250 train_time:92.623s step_avg:58.55ms
step:1583/3250 train_time:92.777s step_avg:58.61ms
step:1584/3250 train_time:92.930s step_avg:58.67ms
step:1585/3250 train_time:93.083s step_avg:58.73ms
step:1586/3250 train_time:93.238s step_avg:58.79ms
step:1587/3250 train_time:93.393s step_avg:58.85ms
step:1588/3250 train_time:93.547s step_avg:58.91ms
step:1589/3250 train_time:93.702s step_avg:58.97ms
step:1590/3250 train_time:93.856s step_avg:59.03ms
step:1591/3250 train_time:94.010s step_avg:59.09ms
step:1592/3250 train_time:94.163s step_avg:59.15ms
step:1593/3250 train_time:94.317s step_avg:59.21ms
step:1594/3250 train_time:94.471s step_avg:59.27ms
step:1595/3250 train_time:94.624s step_avg:59.33ms
step:1596/3250 train_time:94.779s step_avg:59.39ms
step:1597/3250 train_time:94.935s step_avg:59.45ms
step:1598/3250 train_time:95.088s step_avg:59.50ms
step:1599/3250 train_time:95.243s step_avg:59.56ms
step:1600/3250 train_time:95.397s step_avg:59.62ms
step:1601/3250 train_time:95.550s step_avg:59.68ms
step:1602/3250 train_time:95.703s step_avg:59.74ms
step:1603/3250 train_time:95.857s step_avg:59.80ms
step:1604/3250 train_time:96.011s step_avg:59.86ms
step:1605/3250 train_time:96.164s step_avg:59.92ms
step:1606/3250 train_time:96.318s step_avg:59.97ms
step:1607/3250 train_time:96.472s step_avg:60.03ms
step:1608/3250 train_time:96.627s step_avg:60.09ms
step:1609/3250 train_time:96.782s step_avg:60.15ms
step:1610/3250 train_time:96.936s step_avg:60.21ms
step:1611/3250 train_time:97.090s step_avg:60.27ms
step:1612/3250 train_time:97.243s step_avg:60.32ms
step:1613/3250 train_time:97.399s step_avg:60.38ms
step:1614/3250 train_time:97.553s step_avg:60.44ms
step:1615/3250 train_time:97.706s step_avg:60.50ms
step:1616/3250 train_time:97.861s step_avg:60.56ms
step:1617/3250 train_time:98.017s step_avg:60.62ms
step:1618/3250 train_time:98.172s step_avg:60.67ms
step:1619/3250 train_time:98.325s step_avg:60.73ms
step:1620/3250 train_time:98.479s step_avg:60.79ms
step:1621/3250 train_time:98.632s step_avg:60.85ms
step:1622/3250 train_time:98.784s step_avg:60.90ms
step:1623/3250 train_time:98.940s step_avg:60.96ms
step:1624/3250 train_time:99.095s step_avg:61.02ms
step:1625/3250 train_time:99.248s step_avg:61.08ms
step:1625/3250 val_loss:3.50094 train_time:99.259s step_avg:154.37ms
step:1626/3250 train_time:99.405s step_avg:61.13ms
step:1627/3250 train_time:99.559s step_avg:61.19ms
step:1628/3250 train_time:99.713s step_avg:61.25ms
step:1629/3250 train_time:99.866s step_avg:61.31ms
step:1630/3250 train_time:100.020s step_avg:61.36ms
step:1631/3250 train_time:100.174s step_avg:61.42ms
step:1632/3250 train_time:100.329s step_avg:61.48ms
step:1633/3250 train_time:100.482s step_avg:61.53ms
step:1634/3250 train_time:100.637s step_avg:61.59ms
step:1635/3250 train_time:100.792s step_avg:61.65ms
step:1636/3250 train_time:100.944s step_avg:61.70ms
step:1637/3250 train_time:101.098s step_avg:61.76ms
step:1638/3250 train_time:101.252s step_avg:61.81ms
step:1639/3250 train_time:101.407s step_avg:61.87ms
step:1640/3250 train_time:101.561s step_avg:61.93ms
step:1641/3250 train_time:101.717s step_avg:61.98ms
step:1642/3250 train_time:101.871s step_avg:62.04ms
step:1643/3250 train_time:102.025s step_avg:62.10ms
step:1644/3250 train_time:102.179s step_avg:62.15ms
step:1645/3250 train_time:102.334s step_avg:62.21ms
step:1646/3250 train_time:102.487s step_avg:62.26ms
step:1647/3250 train_time:102.641s step_avg:62.32ms
step:1648/3250 train_time:102.795s step_avg:62.38ms
step:1649/3250 train_time:102.948s step_avg:62.43ms
step:1650/3250 train_time:103.101s step_avg:62.49ms
step:1651/3250 train_time:103.257s step_avg:62.54ms
step:1652/3250 train_time:103.414s step_avg:62.60ms
step:1653/3250 train_time:103.568s step_avg:62.65ms
step:1654/3250 train_time:103.720s step_avg:62.71ms
step:1655/3250 train_time:103.875s step_avg:62.76ms
step:1656/3250 train_time:104.030s step_avg:62.82ms
step:1657/3250 train_time:104.183s step_avg:62.87ms
step:1658/3250 train_time:104.339s step_avg:62.93ms
step:1659/3250 train_time:104.494s step_avg:62.99ms
step:1660/3250 train_time:104.648s step_avg:63.04ms
step:1661/3250 train_time:104.801s step_avg:63.10ms
step:1662/3250 train_time:104.956s step_avg:63.15ms
step:1663/3250 train_time:105.111s step_avg:63.21ms
step:1664/3250 train_time:105.264s step_avg:63.26ms
step:1665/3250 train_time:105.418s step_avg:63.31ms
step:1666/3250 train_time:105.572s step_avg:63.37ms
step:1667/3250 train_time:105.725s step_avg:63.42ms
step:1668/3250 train_time:105.879s step_avg:63.48ms
step:1669/3250 train_time:106.035s step_avg:63.53ms
step:1670/3250 train_time:106.189s step_avg:63.59ms
step:1671/3250 train_time:106.343s step_avg:63.64ms
step:1672/3250 train_time:106.499s step_avg:63.70ms
step:1673/3250 train_time:106.652s step_avg:63.75ms
step:1674/3250 train_time:106.806s step_avg:63.80ms
step:1675/3250 train_time:106.960s step_avg:63.86ms
step:1676/3250 train_time:107.115s step_avg:63.91ms
step:1677/3250 train_time:107.268s step_avg:63.96ms
step:1678/3250 train_time:107.422s step_avg:64.02ms
step:1679/3250 train_time:107.577s step_avg:64.07ms
step:1680/3250 train_time:107.732s step_avg:64.13ms
step:1681/3250 train_time:107.885s step_avg:64.18ms
step:1682/3250 train_time:108.040s step_avg:64.23ms
step:1683/3250 train_time:108.194s step_avg:64.29ms
step:1684/3250 train_time:108.347s step_avg:64.34ms
step:1685/3250 train_time:108.500s step_avg:64.39ms
step:1686/3250 train_time:108.654s step_avg:64.44ms
step:1687/3250 train_time:108.808s step_avg:64.50ms
step:1688/3250 train_time:108.961s step_avg:64.55ms
step:1689/3250 train_time:109.117s step_avg:64.60ms
step:1690/3250 train_time:109.271s step_avg:64.66ms
step:1691/3250 train_time:109.425s step_avg:64.71ms
step:1692/3250 train_time:109.579s step_avg:64.76ms
step:1693/3250 train_time:109.733s step_avg:64.82ms
step:1694/3250 train_time:109.887s step_avg:64.87ms
step:1695/3250 train_time:110.041s step_avg:64.92ms
step:1696/3250 train_time:110.195s step_avg:64.97ms
step:1697/3250 train_time:110.349s step_avg:65.03ms
step:1698/3250 train_time:110.502s step_avg:65.08ms
step:1699/3250 train_time:110.656s step_avg:65.13ms
step:1700/3250 train_time:110.811s step_avg:65.18ms
step:1701/3250 train_time:110.964s step_avg:65.23ms
step:1702/3250 train_time:111.119s step_avg:65.29ms
step:1703/3250 train_time:111.274s step_avg:65.34ms
step:1704/3250 train_time:111.427s step_avg:65.39ms
step:1705/3250 train_time:111.580s step_avg:65.44ms
step:1706/3250 train_time:111.734s step_avg:65.49ms
step:1707/3250 train_time:111.887s step_avg:65.55ms
step:1708/3250 train_time:112.041s step_avg:65.60ms
step:1709/3250 train_time:112.195s step_avg:65.65ms
step:1710/3250 train_time:112.347s step_avg:65.70ms
step:1711/3250 train_time:112.532s step_avg:65.77ms
step:1712/3250 train_time:112.685s step_avg:65.82ms
step:1713/3250 train_time:112.838s step_avg:65.87ms
step:1714/3250 train_time:112.994s step_avg:65.92ms
step:1715/3250 train_time:113.147s step_avg:65.97ms
step:1716/3250 train_time:113.300s step_avg:66.03ms
step:1717/3250 train_time:113.458s step_avg:66.08ms
step:1718/3250 train_time:113.613s step_avg:66.13ms
step:1719/3250 train_time:113.766s step_avg:66.18ms
step:1720/3250 train_time:113.920s step_avg:66.23ms
step:1721/3250 train_time:114.075s step_avg:66.28ms
step:1722/3250 train_time:114.228s step_avg:66.33ms
step:1723/3250 train_time:114.381s step_avg:66.38ms
step:1724/3250 train_time:114.537s step_avg:66.44ms
step:1725/3250 train_time:114.692s step_avg:66.49ms
step:1726/3250 train_time:114.845s step_avg:66.54ms
step:1727/3250 train_time:115.000s step_avg:66.59ms
step:1728/3250 train_time:115.155s step_avg:66.64ms
step:1729/3250 train_time:115.311s step_avg:66.69ms
step:1730/3250 train_time:115.465s step_avg:66.74ms
step:1731/3250 train_time:115.619s step_avg:66.79ms
step:1732/3250 train_time:115.772s step_avg:66.84ms
step:1733/3250 train_time:115.927s step_avg:66.89ms
step:1734/3250 train_time:116.080s step_avg:66.94ms
step:1735/3250 train_time:116.234s step_avg:66.99ms
step:1736/3250 train_time:116.389s step_avg:67.04ms
step:1737/3250 train_time:116.542s step_avg:67.09ms
step:1738/3250 train_time:116.697s step_avg:67.14ms
step:1739/3250 train_time:116.851s step_avg:67.19ms
step:1740/3250 train_time:117.005s step_avg:67.24ms
step:1741/3250 train_time:117.159s step_avg:67.29ms
step:1742/3250 train_time:117.313s step_avg:67.34ms
step:1743/3250 train_time:117.467s step_avg:67.39ms
step:1744/3250 train_time:117.621s step_avg:67.44ms
step:1745/3250 train_time:117.775s step_avg:67.49ms
step:1746/3250 train_time:117.928s step_avg:67.54ms
step:1747/3250 train_time:118.082s step_avg:67.59ms
step:1748/3250 train_time:118.237s step_avg:67.64ms
step:1749/3250 train_time:118.392s step_avg:67.69ms
step:1750/3250 train_time:118.545s step_avg:67.74ms
step:1750/3250 val_loss:3.48137 train_time:118.557s step_avg:154.38ms
step:1751/3250 train_time:118.702s step_avg:67.79ms
step:1752/3250 train_time:118.856s step_avg:67.84ms
step:1753/3250 train_time:119.009s step_avg:67.89ms
step:1754/3250 train_time:119.163s step_avg:67.94ms
step:1755/3250 train_time:119.316s step_avg:67.99ms
step:1756/3250 train_time:119.470s step_avg:68.04ms
step:1757/3250 train_time:119.626s step_avg:68.09ms
step:1758/3250 train_time:119.780s step_avg:68.13ms
step:1759/3250 train_time:119.936s step_avg:68.18ms
step:1760/3250 train_time:120.090s step_avg:68.23ms
step:1761/3250 train_time:120.242s step_avg:68.28ms
step:1762/3250 train_time:120.396s step_avg:68.33ms
step:1763/3250 train_time:120.551s step_avg:68.38ms
step:1764/3250 train_time:120.706s step_avg:68.43ms
step:1765/3250 train_time:120.860s step_avg:68.48ms
step:1766/3250 train_time:121.015s step_avg:68.52ms
step:1767/3250 train_time:121.170s step_avg:68.57ms
step:1768/3250 train_time:121.326s step_avg:68.62ms
step:1769/3250 train_time:121.479s step_avg:68.67ms
step:1770/3250 train_time:121.634s step_avg:68.72ms
step:1771/3250 train_time:121.788s step_avg:68.77ms
step:1772/3250 train_time:121.940s step_avg:68.82ms
step:1773/3250 train_time:122.095s step_avg:68.86ms
step:1774/3250 train_time:122.249s step_avg:68.91ms
step:1775/3250 train_time:122.404s step_avg:68.96ms
step:1776/3250 train_time:122.558s step_avg:69.01ms
step:1777/3250 train_time:122.713s step_avg:69.06ms
step:1778/3250 train_time:122.867s step_avg:69.10ms
step:1779/3250 train_time:123.021s step_avg:69.15ms
step:1780/3250 train_time:123.177s step_avg:69.20ms
step:1781/3250 train_time:123.332s step_avg:69.25ms
step:1782/3250 train_time:123.487s step_avg:69.30ms
step:1783/3250 train_time:123.640s step_avg:69.34ms
step:1784/3250 train_time:123.794s step_avg:69.39ms
step:1785/3250 train_time:123.949s step_avg:69.44ms
step:1786/3250 train_time:124.104s step_avg:69.49ms
step:1787/3250 train_time:124.258s step_avg:69.53ms
step:1788/3250 train_time:124.415s step_avg:69.58ms
step:1789/3250 train_time:124.569s step_avg:69.63ms
step:1790/3250 train_time:124.723s step_avg:69.68ms
step:1791/3250 train_time:124.877s step_avg:69.72ms
step:1792/3250 train_time:125.031s step_avg:69.77ms
step:1793/3250 train_time:125.186s step_avg:69.82ms
step:1794/3250 train_time:125.340s step_avg:69.87ms
step:1795/3250 train_time:125.495s step_avg:69.91ms
step:1796/3250 train_time:125.650s step_avg:69.96ms
step:1797/3250 train_time:125.803s step_avg:70.01ms
step:1798/3250 train_time:125.957s step_avg:70.05ms
step:1799/3250 train_time:126.111s step_avg:70.10ms
step:1800/3250 train_time:126.265s step_avg:70.15ms
step:1801/3250 train_time:126.419s step_avg:70.19ms
step:1802/3250 train_time:126.575s step_avg:70.24ms
step:1803/3250 train_time:126.730s step_avg:70.29ms
step:1804/3250 train_time:126.883s step_avg:70.33ms
step:1805/3250 train_time:127.038s step_avg:70.38ms
step:1806/3250 train_time:127.193s step_avg:70.43ms
step:1807/3250 train_time:127.349s step_avg:70.48ms
step:1808/3250 train_time:127.505s step_avg:70.52ms
step:1809/3250 train_time:127.659s step_avg:70.57ms
step:1810/3250 train_time:127.813s step_avg:70.61ms
step:1811/3250 train_time:127.967s step_avg:70.66ms
step:1812/3250 train_time:128.120s step_avg:70.71ms
step:1813/3250 train_time:128.274s step_avg:70.75ms
step:1814/3250 train_time:128.430s step_avg:70.80ms
step:1815/3250 train_time:128.584s step_avg:70.85ms
step:1816/3250 train_time:128.738s step_avg:70.89ms
step:1817/3250 train_time:128.892s step_avg:70.94ms
step:1818/3250 train_time:129.048s step_avg:70.98ms
step:1819/3250 train_time:129.201s step_avg:71.03ms
step:1820/3250 train_time:129.355s step_avg:71.07ms
step:1821/3250 train_time:129.509s step_avg:71.12ms
step:1822/3250 train_time:129.663s step_avg:71.17ms
step:1823/3250 train_time:129.815s step_avg:71.21ms
step:1824/3250 train_time:129.970s step_avg:71.26ms
step:1825/3250 train_time:130.126s step_avg:71.30ms
step:1826/3250 train_time:130.279s step_avg:71.35ms
step:1827/3250 train_time:130.434s step_avg:71.39ms
step:1828/3250 train_time:130.587s step_avg:71.44ms
step:1829/3250 train_time:130.742s step_avg:71.48ms
step:1830/3250 train_time:130.896s step_avg:71.53ms
step:1831/3250 train_time:131.052s step_avg:71.57ms
step:1832/3250 train_time:131.206s step_avg:71.62ms
step:1833/3250 train_time:131.360s step_avg:71.66ms
step:1834/3250 train_time:131.515s step_avg:71.71ms
step:1835/3250 train_time:131.670s step_avg:71.75ms
step:1836/3250 train_time:131.824s step_avg:71.80ms
step:1837/3250 train_time:131.978s step_avg:71.84ms
step:1838/3250 train_time:132.134s step_avg:71.89ms
step:1839/3250 train_time:132.288s step_avg:71.93ms
step:1840/3250 train_time:132.442s step_avg:71.98ms
step:1841/3250 train_time:132.596s step_avg:72.02ms
step:1842/3250 train_time:132.752s step_avg:72.07ms
step:1843/3250 train_time:132.905s step_avg:72.11ms
step:1844/3250 train_time:133.059s step_avg:72.16ms
step:1845/3250 train_time:133.214s step_avg:72.20ms
step:1846/3250 train_time:133.368s step_avg:72.25ms
step:1847/3250 train_time:133.522s step_avg:72.29ms
step:1848/3250 train_time:133.676s step_avg:72.34ms
step:1849/3250 train_time:133.831s step_avg:72.38ms
step:1850/3250 train_time:133.985s step_avg:72.42ms
step:1851/3250 train_time:134.138s step_avg:72.47ms
step:1852/3250 train_time:134.293s step_avg:72.51ms
step:1853/3250 train_time:134.448s step_avg:72.56ms
step:1854/3250 train_time:134.602s step_avg:72.60ms
step:1855/3250 train_time:134.756s step_avg:72.64ms
step:1856/3250 train_time:134.910s step_avg:72.69ms
step:1857/3250 train_time:135.063s step_avg:72.73ms
step:1858/3250 train_time:135.216s step_avg:72.78ms
step:1859/3250 train_time:135.371s step_avg:72.82ms
step:1860/3250 train_time:135.526s step_avg:72.86ms
step:1861/3250 train_time:135.679s step_avg:72.91ms
step:1862/3250 train_time:135.833s step_avg:72.95ms
step:1863/3250 train_time:135.987s step_avg:72.99ms
step:1864/3250 train_time:136.141s step_avg:73.04ms
step:1865/3250 train_time:136.294s step_avg:73.08ms
step:1866/3250 train_time:136.449s step_avg:73.12ms
step:1867/3250 train_time:136.603s step_avg:73.17ms
step:1868/3250 train_time:136.757s step_avg:73.21ms
step:1869/3250 train_time:136.912s step_avg:73.25ms
step:1870/3250 train_time:137.066s step_avg:73.30ms
step:1871/3250 train_time:137.220s step_avg:73.34ms
step:1872/3250 train_time:137.375s step_avg:73.38ms
step:1873/3250 train_time:137.530s step_avg:73.43ms
step:1874/3250 train_time:137.685s step_avg:73.47ms
step:1875/3250 train_time:137.839s step_avg:73.51ms
step:1875/3250 val_loss:3.46211 train_time:137.851s step_avg:154.35ms
step:1876/3250 train_time:137.995s step_avg:73.56ms
step:1877/3250 train_time:138.148s step_avg:73.60ms
step:1878/3250 train_time:138.303s step_avg:73.64ms
step:1879/3250 train_time:138.456s step_avg:73.69ms
step:1880/3250 train_time:138.609s step_avg:73.73ms
step:1881/3250 train_time:138.764s step_avg:73.77ms
step:1882/3250 train_time:138.918s step_avg:73.81ms
step:1883/3250 train_time:139.072s step_avg:73.86ms
step:1884/3250 train_time:139.227s step_avg:73.90ms
step:1885/3250 train_time:139.380s step_avg:73.94ms
step:1886/3250 train_time:139.533s step_avg:73.98ms
step:1887/3250 train_time:139.688s step_avg:74.03ms
step:1888/3250 train_time:139.844s step_avg:74.07ms
step:1889/3250 train_time:139.997s step_avg:74.11ms
step:1890/3250 train_time:140.152s step_avg:74.15ms
step:1891/3250 train_time:140.306s step_avg:74.20ms
step:1892/3250 train_time:140.460s step_avg:74.24ms
step:1893/3250 train_time:140.613s step_avg:74.28ms
step:1894/3250 train_time:140.768s step_avg:74.32ms
step:1895/3250 train_time:140.923s step_avg:74.37ms
step:1896/3250 train_time:141.076s step_avg:74.41ms
step:1897/3250 train_time:141.230s step_avg:74.45ms
step:1898/3250 train_time:141.384s step_avg:74.49ms
step:1899/3250 train_time:141.538s step_avg:74.53ms
step:1900/3250 train_time:141.693s step_avg:74.58ms
step:1901/3250 train_time:141.877s step_avg:74.63ms
step:1902/3250 train_time:142.030s step_avg:74.67ms
step:1903/3250 train_time:142.184s step_avg:74.72ms
step:1904/3250 train_time:142.337s step_avg:74.76ms
step:1905/3250 train_time:142.491s step_avg:74.80ms
step:1906/3250 train_time:142.646s step_avg:74.84ms
step:1907/3250 train_time:142.799s step_avg:74.88ms
step:1908/3250 train_time:142.954s step_avg:74.92ms
step:1909/3250 train_time:143.108s step_avg:74.96ms
step:1910/3250 train_time:143.264s step_avg:75.01ms
step:1911/3250 train_time:143.417s step_avg:75.05ms
step:1912/3250 train_time:143.571s step_avg:75.09ms
step:1913/3250 train_time:143.726s step_avg:75.13ms
step:1914/3250 train_time:143.879s step_avg:75.17ms
step:1915/3250 train_time:144.032s step_avg:75.21ms
step:1916/3250 train_time:144.187s step_avg:75.25ms
step:1917/3250 train_time:144.341s step_avg:75.30ms
step:1918/3250 train_time:144.495s step_avg:75.34ms
step:1919/3250 train_time:144.649s step_avg:75.38ms
step:1920/3250 train_time:144.804s step_avg:75.42ms
step:1921/3250 train_time:144.958s step_avg:75.46ms
step:1922/3250 train_time:145.112s step_avg:75.50ms
step:1923/3250 train_time:145.266s step_avg:75.54ms
step:1924/3250 train_time:145.422s step_avg:75.58ms
step:1925/3250 train_time:145.576s step_avg:75.62ms
step:1926/3250 train_time:145.731s step_avg:75.66ms
step:1927/3250 train_time:145.884s step_avg:75.71ms
step:1928/3250 train_time:146.038s step_avg:75.75ms
step:1929/3250 train_time:146.192s step_avg:75.79ms
step:1930/3250 train_time:146.346s step_avg:75.83ms
step:1931/3250 train_time:146.501s step_avg:75.87ms
step:1932/3250 train_time:146.655s step_avg:75.91ms
step:1933/3250 train_time:146.809s step_avg:75.95ms
step:1934/3250 train_time:146.965s step_avg:75.99ms
step:1935/3250 train_time:147.118s step_avg:76.03ms
step:1936/3250 train_time:147.272s step_avg:76.07ms
step:1937/3250 train_time:147.426s step_avg:76.11ms
step:1938/3250 train_time:147.581s step_avg:76.15ms
step:1939/3250 train_time:147.733s step_avg:76.19ms
step:1940/3250 train_time:147.888s step_avg:76.23ms
step:1941/3250 train_time:148.044s step_avg:76.27ms
step:1942/3250 train_time:148.197s step_avg:76.31ms
step:1943/3250 train_time:148.351s step_avg:76.35ms
step:1944/3250 train_time:148.505s step_avg:76.39ms
step:1945/3250 train_time:148.659s step_avg:76.43ms
step:1946/3250 train_time:148.813s step_avg:76.47ms
step:1947/3250 train_time:148.968s step_avg:76.51ms
step:1948/3250 train_time:149.123s step_avg:76.55ms
step:1949/3250 train_time:149.276s step_avg:76.59ms
step:1950/3250 train_time:149.432s step_avg:76.63ms
step:1951/3250 train_time:149.587s step_avg:76.67ms
step:1952/3250 train_time:149.741s step_avg:76.71ms
step:1953/3250 train_time:149.894s step_avg:76.75ms
step:1954/3250 train_time:150.048s step_avg:76.79ms
step:1955/3250 train_time:150.204s step_avg:76.83ms
step:1956/3250 train_time:150.358s step_avg:76.87ms
step:1957/3250 train_time:150.511s step_avg:76.91ms
step:1958/3250 train_time:150.666s step_avg:76.95ms
step:1959/3250 train_time:150.821s step_avg:76.99ms
step:1960/3250 train_time:150.974s step_avg:77.03ms
step:1961/3250 train_time:151.129s step_avg:77.07ms
step:1962/3250 train_time:151.284s step_avg:77.11ms
step:1963/3250 train_time:151.439s step_avg:77.15ms
step:1964/3250 train_time:151.593s step_avg:77.19ms
step:1965/3250 train_time:151.747s step_avg:77.23ms
step:1966/3250 train_time:151.901s step_avg:77.26ms
step:1967/3250 train_time:152.055s step_avg:77.30ms
step:1968/3250 train_time:152.209s step_avg:77.34ms
step:1969/3250 train_time:152.365s step_avg:77.38ms
step:1970/3250 train_time:152.520s step_avg:77.42ms
step:1971/3250 train_time:152.674s step_avg:77.46ms
step:1972/3250 train_time:152.829s step_avg:77.50ms
step:1973/3250 train_time:152.982s step_avg:77.54ms
step:1974/3250 train_time:153.135s step_avg:77.58ms
step:1975/3250 train_time:153.291s step_avg:77.62ms
step:1976/3250 train_time:153.445s step_avg:77.65ms
step:1977/3250 train_time:153.600s step_avg:77.69ms
step:1978/3250 train_time:153.753s step_avg:77.73ms
step:1979/3250 train_time:153.908s step_avg:77.77ms
step:1980/3250 train_time:154.064s step_avg:77.81ms
step:1981/3250 train_time:154.218s step_avg:77.85ms
step:1982/3250 train_time:154.374s step_avg:77.89ms
step:1983/3250 train_time:154.529s step_avg:77.93ms
step:1984/3250 train_time:154.682s step_avg:77.96ms
step:1985/3250 train_time:154.835s step_avg:78.00ms
step:1986/3250 train_time:154.990s step_avg:78.04ms
step:1987/3250 train_time:155.146s step_avg:78.08ms
step:1988/3250 train_time:155.300s step_avg:78.12ms
step:1989/3250 train_time:155.453s step_avg:78.16ms
step:1990/3250 train_time:155.607s step_avg:78.19ms
step:1991/3250 train_time:155.763s step_avg:78.23ms
step:1992/3250 train_time:155.916s step_avg:78.27ms
step:1993/3250 train_time:156.073s step_avg:78.31ms
step:1994/3250 train_time:156.227s step_avg:78.35ms
step:1995/3250 train_time:156.380s step_avg:78.39ms
step:1996/3250 train_time:156.533s step_avg:78.42ms
step:1997/3250 train_time:156.688s step_avg:78.46ms
step:1998/3250 train_time:156.842s step_avg:78.50ms
step:1999/3250 train_time:156.996s step_avg:78.54ms
step:2000/3250 train_time:157.151s step_avg:78.58ms
step:2000/3250 val_loss:3.44282 train_time:157.163s step_avg:154.49ms
step:2001/3250 train_time:157.307s step_avg:78.61ms
step:2002/3250 train_time:157.463s step_avg:78.65ms
step:2003/3250 train_time:157.616s step_avg:78.69ms
step:2004/3250 train_time:157.770s step_avg:78.73ms
step:2005/3250 train_time:157.922s step_avg:78.76ms
step:2006/3250 train_time:158.078s step_avg:78.80ms
step:2007/3250 train_time:158.232s step_avg:78.84ms
step:2008/3250 train_time:158.388s step_avg:78.88ms
step:2009/3250 train_time:158.543s step_avg:78.92ms
step:2010/3250 train_time:158.696s step_avg:78.95ms
step:2011/3250 train_time:158.849s step_avg:78.99ms
step:2012/3250 train_time:159.003s step_avg:79.03ms
step:2013/3250 train_time:159.156s step_avg:79.06ms
step:2014/3250 train_time:159.311s step_avg:79.10ms
step:2015/3250 train_time:159.467s step_avg:79.14ms
step:2016/3250 train_time:159.622s step_avg:79.18ms
step:2017/3250 train_time:159.776s step_avg:79.21ms
step:2018/3250 train_time:159.929s step_avg:79.25ms
step:2019/3250 train_time:160.084s step_avg:79.29ms
step:2020/3250 train_time:160.240s step_avg:79.33ms
step:2021/3250 train_time:160.393s step_avg:79.36ms
step:2022/3250 train_time:160.549s step_avg:79.40ms
step:2023/3250 train_time:160.703s step_avg:79.44ms
step:2024/3250 train_time:160.857s step_avg:79.47ms
step:2025/3250 train_time:161.010s step_avg:79.51ms
step:2026/3250 train_time:161.165s step_avg:79.55ms
step:2027/3250 train_time:161.319s step_avg:79.59ms
step:2028/3250 train_time:161.473s step_avg:79.62ms
step:2029/3250 train_time:161.628s step_avg:79.66ms
step:2030/3250 train_time:161.782s step_avg:79.70ms
step:2031/3250 train_time:161.936s step_avg:79.73ms
step:2032/3250 train_time:162.091s step_avg:79.77ms
step:2033/3250 train_time:162.246s step_avg:79.81ms
step:2034/3250 train_time:162.400s step_avg:79.84ms
step:2035/3250 train_time:162.552s step_avg:79.88ms
step:2036/3250 train_time:162.707s step_avg:79.92ms
step:2037/3250 train_time:162.861s step_avg:79.95ms
step:2038/3250 train_time:163.016s step_avg:79.99ms
step:2039/3250 train_time:163.170s step_avg:80.02ms
step:2040/3250 train_time:163.324s step_avg:80.06ms
step:2041/3250 train_time:163.479s step_avg:80.10ms
step:2042/3250 train_time:163.632s step_avg:80.13ms
step:2043/3250 train_time:163.788s step_avg:80.17ms
step:2044/3250 train_time:163.942s step_avg:80.21ms
step:2045/3250 train_time:164.095s step_avg:80.24ms
step:2046/3250 train_time:164.249s step_avg:80.28ms
step:2047/3250 train_time:164.403s step_avg:80.31ms
step:2048/3250 train_time:164.558s step_avg:80.35ms
step:2049/3250 train_time:164.712s step_avg:80.39ms
step:2050/3250 train_time:164.867s step_avg:80.42ms
step:2051/3250 train_time:165.021s step_avg:80.46ms
step:2052/3250 train_time:165.174s step_avg:80.49ms
step:2053/3250 train_time:165.329s step_avg:80.53ms
step:2054/3250 train_time:165.486s step_avg:80.57ms
step:2055/3250 train_time:165.641s step_avg:80.60ms
step:2056/3250 train_time:165.794s step_avg:80.64ms
step:2057/3250 train_time:165.948s step_avg:80.67ms
step:2058/3250 train_time:166.102s step_avg:80.71ms
step:2059/3250 train_time:166.255s step_avg:80.75ms
step:2060/3250 train_time:166.410s step_avg:80.78ms
step:2061/3250 train_time:166.564s step_avg:80.82ms
step:2062/3250 train_time:166.718s step_avg:80.85ms
step:2063/3250 train_time:166.872s step_avg:80.89ms
step:2064/3250 train_time:167.026s step_avg:80.92ms
step:2065/3250 train_time:167.184s step_avg:80.96ms
step:2066/3250 train_time:167.337s step_avg:81.00ms
step:2067/3250 train_time:167.490s step_avg:81.03ms
step:2068/3250 train_time:167.645s step_avg:81.07ms
step:2069/3250 train_time:167.798s step_avg:81.10ms
step:2070/3250 train_time:167.951s step_avg:81.14ms
step:2071/3250 train_time:168.106s step_avg:81.17ms
step:2072/3250 train_time:168.262s step_avg:81.21ms
step:2073/3250 train_time:168.415s step_avg:81.24ms
step:2074/3250 train_time:168.570s step_avg:81.28ms
step:2075/3250 train_time:168.723s step_avg:81.31ms
step:2076/3250 train_time:168.877s step_avg:81.35ms
step:2077/3250 train_time:169.031s step_avg:81.38ms
step:2078/3250 train_time:169.186s step_avg:81.42ms
step:2079/3250 train_time:169.340s step_avg:81.45ms
step:2080/3250 train_time:169.494s step_avg:81.49ms
step:2081/3250 train_time:169.648s step_avg:81.52ms
step:2082/3250 train_time:169.802s step_avg:81.56ms
step:2083/3250 train_time:169.955s step_avg:81.59ms
step:2084/3250 train_time:170.110s step_avg:81.63ms
step:2085/3250 train_time:170.264s step_avg:81.66ms
step:2086/3250 train_time:170.418s step_avg:81.70ms
step:2087/3250 train_time:170.572s step_avg:81.73ms
step:2088/3250 train_time:170.727s step_avg:81.77ms
step:2089/3250 train_time:170.885s step_avg:81.80ms
step:2090/3250 train_time:171.039s step_avg:81.84ms
step:2091/3250 train_time:171.224s step_avg:81.89ms
step:2092/3250 train_time:171.377s step_avg:81.92ms
step:2093/3250 train_time:171.530s step_avg:81.95ms
step:2094/3250 train_time:171.684s step_avg:81.99ms
step:2095/3250 train_time:171.838s step_avg:82.02ms
step:2096/3250 train_time:171.993s step_avg:82.06ms
step:2097/3250 train_time:172.149s step_avg:82.09ms
step:2098/3250 train_time:172.303s step_avg:82.13ms
step:2099/3250 train_time:172.458s step_avg:82.16ms
step:2100/3250 train_time:172.611s step_avg:82.20ms
step:2101/3250 train_time:172.765s step_avg:82.23ms
step:2102/3250 train_time:172.919s step_avg:82.26ms
step:2103/3250 train_time:173.072s step_avg:82.30ms
step:2104/3250 train_time:173.227s step_avg:82.33ms
step:2105/3250 train_time:173.383s step_avg:82.37ms
step:2106/3250 train_time:173.536s step_avg:82.40ms
step:2107/3250 train_time:173.689s step_avg:82.43ms
step:2108/3250 train_time:173.843s step_avg:82.47ms
step:2109/3250 train_time:173.996s step_avg:82.50ms
step:2110/3250 train_time:174.149s step_avg:82.54ms
step:2111/3250 train_time:174.304s step_avg:82.57ms
step:2112/3250 train_time:174.458s step_avg:82.60ms
step:2113/3250 train_time:174.611s step_avg:82.64ms
step:2114/3250 train_time:174.766s step_avg:82.67ms
step:2115/3250 train_time:174.920s step_avg:82.70ms
step:2116/3250 train_time:175.074s step_avg:82.74ms
step:2117/3250 train_time:175.228s step_avg:82.77ms
step:2118/3250 train_time:175.382s step_avg:82.81ms
step:2119/3250 train_time:175.535s step_avg:82.84ms
step:2120/3250 train_time:175.691s step_avg:82.87ms
step:2121/3250 train_time:175.845s step_avg:82.91ms
step:2122/3250 train_time:175.999s step_avg:82.94ms
step:2123/3250 train_time:176.151s step_avg:82.97ms
step:2124/3250 train_time:176.306s step_avg:83.01ms
step:2125/3250 train_time:176.460s step_avg:83.04ms
step:2125/3250 val_loss:3.42506 train_time:176.472s step_avg:154.47ms
step:2126/3250 train_time:176.617s step_avg:83.07ms
step:2127/3250 train_time:176.770s step_avg:83.11ms
step:2128/3250 train_time:176.924s step_avg:83.14ms
step:2129/3250 train_time:177.078s step_avg:83.17ms
step:2130/3250 train_time:177.231s step_avg:83.21ms
step:2131/3250 train_time:177.386s step_avg:83.24ms
step:2132/3250 train_time:177.540s step_avg:83.27ms
step:2133/3250 train_time:177.695s step_avg:83.31ms
step:2134/3250 train_time:177.848s step_avg:83.34ms
step:2135/3250 train_time:178.003s step_avg:83.37ms
step:2136/3250 train_time:178.157s step_avg:83.41ms
step:2137/3250 train_time:178.310s step_avg:83.44ms
step:2138/3250 train_time:178.465s step_avg:83.47ms
step:2139/3250 train_time:178.619s step_avg:83.51ms
step:2140/3250 train_time:178.773s step_avg:83.54ms
step:2141/3250 train_time:178.926s step_avg:83.57ms
step:2142/3250 train_time:179.081s step_avg:83.60ms
step:2143/3250 train_time:179.235s step_avg:83.64ms
step:2144/3250 train_time:179.387s step_avg:83.67ms
step:2145/3250 train_time:179.543s step_avg:83.70ms
step:2146/3250 train_time:179.697s step_avg:83.74ms
step:2147/3250 train_time:179.850s step_avg:83.77ms
step:2148/3250 train_time:180.005s step_avg:83.80ms
step:2149/3250 train_time:180.159s step_avg:83.83ms
step:2150/3250 train_time:180.312s step_avg:83.87ms
step:2151/3250 train_time:180.466s step_avg:83.90ms
step:2152/3250 train_time:180.620s step_avg:83.93ms
step:2153/3250 train_time:180.774s step_avg:83.96ms
step:2154/3250 train_time:180.927s step_avg:84.00ms
step:2155/3250 train_time:181.083s step_avg:84.03ms
step:2156/3250 train_time:181.237s step_avg:84.06ms
step:2157/3250 train_time:181.390s step_avg:84.09ms
step:2158/3250 train_time:181.544s step_avg:84.13ms
step:2159/3250 train_time:181.698s step_avg:84.16ms
step:2160/3250 train_time:181.852s step_avg:84.19ms
step:2161/3250 train_time:182.006s step_avg:84.22ms
step:2162/3250 train_time:182.161s step_avg:84.26ms
step:2163/3250 train_time:182.314s step_avg:84.29ms
step:2164/3250 train_time:182.467s step_avg:84.32ms
step:2165/3250 train_time:182.622s step_avg:84.35ms
step:2166/3250 train_time:182.777s step_avg:84.38ms
step:2167/3250 train_time:182.931s step_avg:84.42ms
step:2168/3250 train_time:183.085s step_avg:84.45ms
step:2169/3250 train_time:183.238s step_avg:84.48ms
step:2170/3250 train_time:183.392s step_avg:84.51ms
step:2171/3250 train_time:183.545s step_avg:84.54ms
step:2172/3250 train_time:183.701s step_avg:84.58ms
step:2173/3250 train_time:183.855s step_avg:84.61ms
step:2174/3250 train_time:184.009s step_avg:84.64ms
step:2175/3250 train_time:184.163s step_avg:84.67ms
step:2176/3250 train_time:184.317s step_avg:84.70ms
step:2177/3250 train_time:184.470s step_avg:84.74ms
step:2178/3250 train_time:184.625s step_avg:84.77ms
step:2179/3250 train_time:184.779s step_avg:84.80ms
step:2180/3250 train_time:184.932s step_avg:84.83ms
step:2181/3250 train_time:185.086s step_avg:84.86ms
step:2182/3250 train_time:185.240s step_avg:84.89ms
step:2183/3250 train_time:185.394s step_avg:84.93ms
step:2184/3250 train_time:185.546s step_avg:84.96ms
step:2185/3250 train_time:185.701s step_avg:84.99ms
step:2186/3250 train_time:185.854s step_avg:85.02ms
step:2187/3250 train_time:186.007s step_avg:85.05ms
step:2188/3250 train_time:186.161s step_avg:85.08ms
step:2189/3250 train_time:186.314s step_avg:85.11ms
step:2190/3250 train_time:186.468s step_avg:85.15ms
step:2191/3250 train_time:186.623s step_avg:85.18ms
step:2192/3250 train_time:186.778s step_avg:85.21ms
step:2193/3250 train_time:186.932s step_avg:85.24ms
step:2194/3250 train_time:187.087s step_avg:85.27ms
step:2195/3250 train_time:187.241s step_avg:85.30ms
step:2196/3250 train_time:187.396s step_avg:85.34ms
step:2197/3250 train_time:187.549s step_avg:85.37ms
step:2198/3250 train_time:187.705s step_avg:85.40ms
step:2199/3250 train_time:187.859s step_avg:85.43ms
step:2200/3250 train_time:188.012s step_avg:85.46ms
step:2201/3250 train_time:188.166s step_avg:85.49ms
step:2202/3250 train_time:188.321s step_avg:85.52ms
step:2203/3250 train_time:188.474s step_avg:85.55ms
step:2204/3250 train_time:188.628s step_avg:85.58ms
step:2205/3250 train_time:188.783s step_avg:85.62ms
step:2206/3250 train_time:188.937s step_avg:85.65ms
step:2207/3250 train_time:189.092s step_avg:85.68ms
step:2208/3250 train_time:189.245s step_avg:85.71ms
step:2209/3250 train_time:189.400s step_avg:85.74ms
step:2210/3250 train_time:189.554s step_avg:85.77ms
step:2211/3250 train_time:189.708s step_avg:85.80ms
step:2212/3250 train_time:189.863s step_avg:85.83ms
step:2213/3250 train_time:190.017s step_avg:85.86ms
step:2214/3250 train_time:190.171s step_avg:85.89ms
step:2215/3250 train_time:190.325s step_avg:85.93ms
step:2216/3250 train_time:190.480s step_avg:85.96ms
step:2217/3250 train_time:190.634s step_avg:85.99ms
step:2218/3250 train_time:190.787s step_avg:86.02ms
step:2219/3250 train_time:190.941s step_avg:86.05ms
step:2220/3250 train_time:191.097s step_avg:86.08ms
step:2221/3250 train_time:191.251s step_avg:86.11ms
step:2222/3250 train_time:191.406s step_avg:86.14ms
step:2223/3250 train_time:191.561s step_avg:86.17ms
step:2224/3250 train_time:191.715s step_avg:86.20ms
step:2225/3250 train_time:191.867s step_avg:86.23ms
step:2226/3250 train_time:192.023s step_avg:86.26ms
step:2227/3250 train_time:192.178s step_avg:86.29ms
step:2228/3250 train_time:192.332s step_avg:86.32ms
step:2229/3250 train_time:192.486s step_avg:86.36ms
step:2230/3250 train_time:192.640s step_avg:86.39ms
step:2231/3250 train_time:192.794s step_avg:86.42ms
step:2232/3250 train_time:192.947s step_avg:86.45ms
step:2233/3250 train_time:193.101s step_avg:86.48ms
step:2234/3250 train_time:193.256s step_avg:86.51ms
step:2235/3250 train_time:193.410s step_avg:86.54ms
step:2236/3250 train_time:193.564s step_avg:86.57ms
step:2237/3250 train_time:193.719s step_avg:86.60ms
step:2238/3250 train_time:193.874s step_avg:86.63ms
step:2239/3250 train_time:194.027s step_avg:86.66ms
step:2240/3250 train_time:194.181s step_avg:86.69ms
step:2241/3250 train_time:194.337s step_avg:86.72ms
step:2242/3250 train_time:194.490s step_avg:86.75ms
step:2243/3250 train_time:194.644s step_avg:86.78ms
step:2244/3250 train_time:194.801s step_avg:86.81ms
step:2245/3250 train_time:194.956s step_avg:86.84ms
step:2246/3250 train_time:195.110s step_avg:86.87ms
step:2247/3250 train_time:195.264s step_avg:86.90ms
step:2248/3250 train_time:195.418s step_avg:86.93ms
step:2249/3250 train_time:195.573s step_avg:86.96ms
step:2250/3250 train_time:195.727s step_avg:86.99ms
step:2250/3250 val_loss:3.40678 train_time:195.739s step_avg:154.13ms
step:2251/3250 train_time:195.883s step_avg:87.02ms
step:2252/3250 train_time:196.038s step_avg:87.05ms
step:2253/3250 train_time:196.192s step_avg:87.08ms
step:2254/3250 train_time:196.345s step_avg:87.11ms
step:2255/3250 train_time:196.500s step_avg:87.14ms
step:2256/3250 train_time:196.654s step_avg:87.17ms
step:2257/3250 train_time:196.809s step_avg:87.20ms
step:2258/3250 train_time:196.964s step_avg:87.23ms
step:2259/3250 train_time:197.119s step_avg:87.26ms
step:2260/3250 train_time:197.274s step_avg:87.29ms
step:2261/3250 train_time:197.427s step_avg:87.32ms
step:2262/3250 train_time:197.582s step_avg:87.35ms
step:2263/3250 train_time:197.737s step_avg:87.38ms
step:2264/3250 train_time:197.890s step_avg:87.41ms
step:2265/3250 train_time:198.044s step_avg:87.44ms
step:2266/3250 train_time:198.199s step_avg:87.47ms
step:2267/3250 train_time:198.352s step_avg:87.50ms
step:2268/3250 train_time:198.506s step_avg:87.52ms
step:2269/3250 train_time:198.660s step_avg:87.55ms
step:2270/3250 train_time:198.816s step_avg:87.58ms
step:2271/3250 train_time:198.970s step_avg:87.61ms
step:2272/3250 train_time:199.124s step_avg:87.64ms
step:2273/3250 train_time:199.279s step_avg:87.67ms
step:2274/3250 train_time:199.432s step_avg:87.70ms
step:2275/3250 train_time:199.586s step_avg:87.73ms
step:2276/3250 train_time:199.742s step_avg:87.76ms
step:2277/3250 train_time:199.897s step_avg:87.79ms
step:2278/3250 train_time:200.051s step_avg:87.82ms
step:2279/3250 train_time:200.205s step_avg:87.85ms
step:2280/3250 train_time:200.359s step_avg:87.88ms
step:2281/3250 train_time:200.543s step_avg:87.92ms
step:2282/3250 train_time:200.697s step_avg:87.95ms
step:2283/3250 train_time:200.851s step_avg:87.98ms
step:2284/3250 train_time:201.004s step_avg:88.01ms
step:2285/3250 train_time:201.158s step_avg:88.03ms
step:2286/3250 train_time:201.313s step_avg:88.06ms
step:2287/3250 train_time:201.467s step_avg:88.09ms
step:2288/3250 train_time:201.623s step_avg:88.12ms
step:2289/3250 train_time:201.778s step_avg:88.15ms
step:2290/3250 train_time:201.932s step_avg:88.18ms
step:2291/3250 train_time:202.084s step_avg:88.21ms
step:2292/3250 train_time:202.239s step_avg:88.24ms
step:2293/3250 train_time:202.395s step_avg:88.27ms
step:2294/3250 train_time:202.547s step_avg:88.29ms
step:2295/3250 train_time:202.701s step_avg:88.32ms
step:2296/3250 train_time:202.856s step_avg:88.35ms
step:2297/3250 train_time:203.010s step_avg:88.38ms
step:2298/3250 train_time:203.163s step_avg:88.41ms
step:2299/3250 train_time:203.319s step_avg:88.44ms
step:2300/3250 train_time:203.473s step_avg:88.47ms
step:2301/3250 train_time:203.626s step_avg:88.49ms
step:2302/3250 train_time:203.781s step_avg:88.52ms
step:2303/3250 train_time:203.937s step_avg:88.55ms
step:2304/3250 train_time:204.090s step_avg:88.58ms
step:2305/3250 train_time:204.245s step_avg:88.61ms
step:2306/3250 train_time:204.399s step_avg:88.64ms
step:2307/3250 train_time:204.555s step_avg:88.67ms
step:2308/3250 train_time:204.708s step_avg:88.69ms
step:2309/3250 train_time:204.863s step_avg:88.72ms
step:2310/3250 train_time:205.019s step_avg:88.75ms
step:2311/3250 train_time:205.174s step_avg:88.78ms
step:2312/3250 train_time:205.327s step_avg:88.81ms
step:2313/3250 train_time:205.481s step_avg:88.84ms
step:2314/3250 train_time:205.635s step_avg:88.87ms
step:2315/3250 train_time:205.789s step_avg:88.89ms
step:2316/3250 train_time:205.943s step_avg:88.92ms
step:2317/3250 train_time:206.098s step_avg:88.95ms
step:2318/3250 train_time:206.252s step_avg:88.98ms
step:2319/3250 train_time:206.406s step_avg:89.01ms
step:2320/3250 train_time:206.561s step_avg:89.03ms
step:2321/3250 train_time:206.717s step_avg:89.06ms
step:2322/3250 train_time:206.872s step_avg:89.09ms
step:2323/3250 train_time:207.024s step_avg:89.12ms
step:2324/3250 train_time:207.179s step_avg:89.15ms
step:2325/3250 train_time:207.332s step_avg:89.18ms
step:2326/3250 train_time:207.485s step_avg:89.20ms
step:2327/3250 train_time:207.641s step_avg:89.23ms
step:2328/3250 train_time:207.795s step_avg:89.26ms
step:2329/3250 train_time:207.949s step_avg:89.29ms
step:2330/3250 train_time:208.103s step_avg:89.31ms
step:2331/3250 train_time:208.257s step_avg:89.34ms
step:2332/3250 train_time:208.410s step_avg:89.37ms
step:2333/3250 train_time:208.564s step_avg:89.40ms
step:2334/3250 train_time:208.719s step_avg:89.43ms
step:2335/3250 train_time:208.874s step_avg:89.45ms
step:2336/3250 train_time:209.028s step_avg:89.48ms
step:2337/3250 train_time:209.183s step_avg:89.51ms
step:2338/3250 train_time:209.337s step_avg:89.54ms
step:2339/3250 train_time:209.491s step_avg:89.56ms
step:2340/3250 train_time:209.644s step_avg:89.59ms
step:2341/3250 train_time:209.799s step_avg:89.62ms
step:2342/3250 train_time:209.954s step_avg:89.65ms
step:2343/3250 train_time:210.107s step_avg:89.67ms
step:2344/3250 train_time:210.261s step_avg:89.70ms
step:2345/3250 train_time:210.416s step_avg:89.73ms
step:2346/3250 train_time:210.569s step_avg:89.76ms
step:2347/3250 train_time:210.723s step_avg:89.78ms
step:2348/3250 train_time:210.878s step_avg:89.81ms
step:2349/3250 train_time:211.031s step_avg:89.84ms
step:2350/3250 train_time:211.184s step_avg:89.87ms
step:2351/3250 train_time:211.338s step_avg:89.89ms
step:2352/3250 train_time:211.492s step_avg:89.92ms
step:2353/3250 train_time:211.645s step_avg:89.95ms
step:2354/3250 train_time:211.799s step_avg:89.97ms
step:2355/3250 train_time:211.954s step_avg:90.00ms
step:2356/3250 train_time:212.107s step_avg:90.03ms
step:2357/3250 train_time:212.261s step_avg:90.06ms
step:2358/3250 train_time:212.415s step_avg:90.08ms
step:2359/3250 train_time:212.569s step_avg:90.11ms
step:2360/3250 train_time:212.723s step_avg:90.14ms
step:2361/3250 train_time:212.876s step_avg:90.16ms
step:2362/3250 train_time:213.030s step_avg:90.19ms
step:2363/3250 train_time:213.183s step_avg:90.22ms
step:2364/3250 train_time:213.338s step_avg:90.24ms
step:2365/3250 train_time:213.492s step_avg:90.27ms
step:2366/3250 train_time:213.645s step_avg:90.30ms
step:2367/3250 train_time:213.799s step_avg:90.32ms
step:2368/3250 train_time:213.954s step_avg:90.35ms
step:2369/3250 train_time:214.107s step_avg:90.38ms
step:2370/3250 train_time:214.261s step_avg:90.41ms
step:2371/3250 train_time:214.416s step_avg:90.43ms
step:2372/3250 train_time:214.569s step_avg:90.46ms
step:2373/3250 train_time:214.723s step_avg:90.49ms
step:2374/3250 train_time:214.878s step_avg:90.51ms
step:2375/3250 train_time:215.032s step_avg:90.54ms
step:2375/3250 val_loss:3.38942 train_time:215.043s step_avg:154.44ms
step:2376/3250 train_time:215.189s step_avg:90.57ms
step:2377/3250 train_time:215.342s step_avg:90.59ms
step:2378/3250 train_time:215.496s step_avg:90.62ms
step:2379/3250 train_time:215.650s step_avg:90.65ms
step:2380/3250 train_time:215.803s step_avg:90.67ms
step:2381/3250 train_time:215.959s step_avg:90.70ms
step:2382/3250 train_time:216.114s step_avg:90.73ms
step:2383/3250 train_time:216.269s step_avg:90.75ms
step:2384/3250 train_time:216.423s step_avg:90.78ms
step:2385/3250 train_time:216.577s step_avg:90.81ms
step:2386/3250 train_time:216.733s step_avg:90.84ms
step:2387/3250 train_time:216.886s step_avg:90.86ms
step:2388/3250 train_time:217.040s step_avg:90.89ms
step:2389/3250 train_time:217.194s step_avg:90.91ms
step:2390/3250 train_time:217.349s step_avg:90.94ms
step:2391/3250 train_time:217.503s step_avg:90.97ms
step:2392/3250 train_time:217.659s step_avg:90.99ms
step:2393/3250 train_time:217.813s step_avg:91.02ms
step:2394/3250 train_time:217.966s step_avg:91.05ms
step:2395/3250 train_time:218.120s step_avg:91.07ms
step:2396/3250 train_time:218.275s step_avg:91.10ms
step:2397/3250 train_time:218.429s step_avg:91.13ms
step:2398/3250 train_time:218.583s step_avg:91.15ms
step:2399/3250 train_time:218.738s step_avg:91.18ms
step:2400/3250 train_time:218.893s step_avg:91.21ms
step:2401/3250 train_time:219.046s step_avg:91.23ms
step:2402/3250 train_time:219.200s step_avg:91.26ms
step:2403/3250 train_time:219.354s step_avg:91.28ms
step:2404/3250 train_time:219.510s step_avg:91.31ms
step:2405/3250 train_time:219.663s step_avg:91.34ms
step:2406/3250 train_time:219.819s step_avg:91.36ms
step:2407/3250 train_time:219.973s step_avg:91.39ms
step:2408/3250 train_time:220.127s step_avg:91.41ms
step:2409/3250 train_time:220.280s step_avg:91.44ms
step:2410/3250 train_time:220.434s step_avg:91.47ms
step:2411/3250 train_time:220.588s step_avg:91.49ms
step:2412/3250 train_time:220.741s step_avg:91.52ms
step:2413/3250 train_time:220.896s step_avg:91.54ms
step:2414/3250 train_time:221.050s step_avg:91.57ms
step:2415/3250 train_time:221.203s step_avg:91.60ms
step:2416/3250 train_time:221.359s step_avg:91.62ms
step:2417/3250 train_time:221.515s step_avg:91.65ms
step:2418/3250 train_time:221.670s step_avg:91.67ms
step:2419/3250 train_time:221.823s step_avg:91.70ms
step:2420/3250 train_time:221.976s step_avg:91.73ms
step:2421/3250 train_time:222.131s step_avg:91.75ms
step:2422/3250 train_time:222.286s step_avg:91.78ms
step:2423/3250 train_time:222.439s step_avg:91.80ms
step:2424/3250 train_time:222.594s step_avg:91.83ms
step:2425/3250 train_time:222.749s step_avg:91.86ms
step:2426/3250 train_time:222.902s step_avg:91.88ms
step:2427/3250 train_time:223.058s step_avg:91.91ms
step:2428/3250 train_time:223.213s step_avg:91.93ms
step:2429/3250 train_time:223.366s step_avg:91.96ms
step:2430/3250 train_time:223.519s step_avg:91.98ms
step:2431/3250 train_time:223.673s step_avg:92.01ms
step:2432/3250 train_time:223.828s step_avg:92.03ms
step:2433/3250 train_time:223.981s step_avg:92.06ms
step:2434/3250 train_time:224.136s step_avg:92.09ms
step:2435/3250 train_time:224.291s step_avg:92.11ms
step:2436/3250 train_time:224.444s step_avg:92.14ms
step:2437/3250 train_time:224.598s step_avg:92.16ms
step:2438/3250 train_time:224.752s step_avg:92.19ms
step:2439/3250 train_time:224.908s step_avg:92.21ms
step:2440/3250 train_time:225.061s step_avg:92.24ms
step:2441/3250 train_time:225.216s step_avg:92.26ms
step:2442/3250 train_time:225.371s step_avg:92.29ms
step:2443/3250 train_time:225.525s step_avg:92.31ms
step:2444/3250 train_time:225.679s step_avg:92.34ms
step:2445/3250 train_time:225.833s step_avg:92.37ms
step:2446/3250 train_time:225.987s step_avg:92.39ms
step:2447/3250 train_time:226.141s step_avg:92.42ms
step:2448/3250 train_time:226.295s step_avg:92.44ms
step:2449/3250 train_time:226.450s step_avg:92.47ms
step:2450/3250 train_time:226.604s step_avg:92.49ms
step:2451/3250 train_time:226.759s step_avg:92.52ms
step:2452/3250 train_time:226.913s step_avg:92.54ms
step:2453/3250 train_time:227.067s step_avg:92.57ms
step:2454/3250 train_time:227.221s step_avg:92.59ms
step:2455/3250 train_time:227.375s step_avg:92.62ms
step:2456/3250 train_time:227.530s step_avg:92.64ms
step:2457/3250 train_time:227.685s step_avg:92.67ms
step:2458/3250 train_time:227.839s step_avg:92.69ms
step:2459/3250 train_time:227.994s step_avg:92.72ms
step:2460/3250 train_time:228.148s step_avg:92.74ms
step:2461/3250 train_time:228.300s step_avg:92.77ms
step:2462/3250 train_time:228.455s step_avg:92.79ms
step:2463/3250 train_time:228.612s step_avg:92.82ms
step:2464/3250 train_time:228.766s step_avg:92.84ms
step:2465/3250 train_time:228.920s step_avg:92.87ms
step:2466/3250 train_time:229.074s step_avg:92.89ms
step:2467/3250 train_time:229.230s step_avg:92.92ms
step:2468/3250 train_time:229.383s step_avg:92.94ms
step:2469/3250 train_time:229.540s step_avg:92.97ms
step:2470/3250 train_time:229.696s step_avg:92.99ms
step:2471/3250 train_time:229.880s step_avg:93.03ms
step:2472/3250 train_time:230.033s step_avg:93.06ms
step:2473/3250 train_time:230.187s step_avg:93.08ms
step:2474/3250 train_time:230.341s step_avg:93.10ms
step:2475/3250 train_time:230.495s step_avg:93.13ms
step:2476/3250 train_time:230.649s step_avg:93.15ms
step:2477/3250 train_time:230.803s step_avg:93.18ms
step:2478/3250 train_time:230.959s step_avg:93.20ms
step:2479/3250 train_time:231.113s step_avg:93.23ms
step:2480/3250 train_time:231.268s step_avg:93.25ms
step:2481/3250 train_time:231.421s step_avg:93.28ms
step:2482/3250 train_time:231.576s step_avg:93.30ms
step:2483/3250 train_time:231.730s step_avg:93.33ms
step:2484/3250 train_time:231.885s step_avg:93.35ms
step:2485/3250 train_time:232.041s step_avg:93.38ms
step:2486/3250 train_time:232.196s step_avg:93.40ms
step:2487/3250 train_time:232.351s step_avg:93.43ms
step:2488/3250 train_time:232.505s step_avg:93.45ms
step:2489/3250 train_time:232.660s step_avg:93.48ms
step:2490/3250 train_time:232.814s step_avg:93.50ms
step:2491/3250 train_time:232.969s step_avg:93.52ms
step:2492/3250 train_time:233.123s step_avg:93.55ms
step:2493/3250 train_time:233.277s step_avg:93.57ms
step:2494/3250 train_time:233.434s step_avg:93.60ms
step:2495/3250 train_time:233.590s step_avg:93.62ms
step:2496/3250 train_time:233.743s step_avg:93.65ms
step:2497/3250 train_time:233.897s step_avg:93.67ms
step:2498/3250 train_time:234.051s step_avg:93.70ms
step:2499/3250 train_time:234.204s step_avg:93.72ms
step:2500/3250 train_time:234.360s step_avg:93.74ms
step:2500/3250 val_loss:3.37207 train_time:234.372s step_avg:154.63ms
step:2501/3250 train_time:234.518s step_avg:93.77ms
step:2502/3250 train_time:234.672s step_avg:93.79ms
step:2503/3250 train_time:234.826s step_avg:93.82ms
step:2504/3250 train_time:234.978s step_avg:93.84ms
step:2505/3250 train_time:235.132s step_avg:93.87ms
step:2506/3250 train_time:235.286s step_avg:93.89ms
step:2507/3250 train_time:235.439s step_avg:93.91ms
step:2508/3250 train_time:235.594s step_avg:93.94ms
step:2509/3250 train_time:235.750s step_avg:93.96ms
step:2510/3250 train_time:235.905s step_avg:93.99ms
step:2511/3250 train_time:236.059s step_avg:94.01ms
step:2512/3250 train_time:236.213s step_avg:94.03ms
step:2513/3250 train_time:236.367s step_avg:94.06ms
step:2514/3250 train_time:236.521s step_avg:94.08ms
step:2515/3250 train_time:236.676s step_avg:94.11ms
step:2516/3250 train_time:236.831s step_avg:94.13ms
step:2517/3250 train_time:236.986s step_avg:94.15ms
step:2518/3250 train_time:237.139s step_avg:94.18ms
step:2519/3250 train_time:237.294s step_avg:94.20ms
step:2520/3250 train_time:237.449s step_avg:94.23ms
step:2521/3250 train_time:237.602s step_avg:94.25ms
step:2522/3250 train_time:237.759s step_avg:94.27ms
step:2523/3250 train_time:237.914s step_avg:94.30ms
step:2524/3250 train_time:238.069s step_avg:94.32ms
step:2525/3250 train_time:238.223s step_avg:94.35ms
step:2526/3250 train_time:238.379s step_avg:94.37ms
step:2527/3250 train_time:238.532s step_avg:94.39ms
step:2528/3250 train_time:238.686s step_avg:94.42ms
step:2529/3250 train_time:238.840s step_avg:94.44ms
step:2530/3250 train_time:238.995s step_avg:94.46ms
step:2531/3250 train_time:239.149s step_avg:94.49ms
step:2532/3250 train_time:239.303s step_avg:94.51ms
step:2533/3250 train_time:239.457s step_avg:94.53ms
step:2534/3250 train_time:239.612s step_avg:94.56ms
step:2535/3250 train_time:239.767s step_avg:94.58ms
step:2536/3250 train_time:239.919s step_avg:94.61ms
step:2537/3250 train_time:240.074s step_avg:94.63ms
step:2538/3250 train_time:240.231s step_avg:94.65ms
step:2539/3250 train_time:240.386s step_avg:94.68ms
step:2540/3250 train_time:240.540s step_avg:94.70ms
step:2541/3250 train_time:240.695s step_avg:94.72ms
step:2542/3250 train_time:240.850s step_avg:94.75ms
step:2543/3250 train_time:241.004s step_avg:94.77ms
step:2544/3250 train_time:241.159s step_avg:94.80ms
step:2545/3250 train_time:241.314s step_avg:94.82ms
step:2546/3250 train_time:241.469s step_avg:94.84ms
step:2547/3250 train_time:241.622s step_avg:94.87ms
step:2548/3250 train_time:241.778s step_avg:94.89ms
step:2549/3250 train_time:241.933s step_avg:94.91ms
step:2550/3250 train_time:242.087s step_avg:94.94ms
step:2551/3250 train_time:242.240s step_avg:94.96ms
step:2552/3250 train_time:242.396s step_avg:94.98ms
step:2553/3250 train_time:242.551s step_avg:95.01ms
step:2554/3250 train_time:242.704s step_avg:95.03ms
step:2555/3250 train_time:242.858s step_avg:95.05ms
step:2556/3250 train_time:243.014s step_avg:95.08ms
step:2557/3250 train_time:243.168s step_avg:95.10ms
step:2558/3250 train_time:243.321s step_avg:95.12ms
step:2559/3250 train_time:243.477s step_avg:95.15ms
step:2560/3250 train_time:243.633s step_avg:95.17ms
step:2561/3250 train_time:243.789s step_avg:95.19ms
step:2562/3250 train_time:243.943s step_avg:95.22ms
step:2563/3250 train_time:244.096s step_avg:95.24ms
step:2564/3250 train_time:244.251s step_avg:95.26ms
step:2565/3250 train_time:244.405s step_avg:95.28ms
step:2566/3250 train_time:244.559s step_avg:95.31ms
step:2567/3250 train_time:244.716s step_avg:95.33ms
step:2568/3250 train_time:244.871s step_avg:95.35ms
step:2569/3250 train_time:245.024s step_avg:95.38ms
step:2570/3250 train_time:245.179s step_avg:95.40ms
step:2571/3250 train_time:245.333s step_avg:95.42ms
step:2572/3250 train_time:245.487s step_avg:95.45ms
step:2573/3250 train_time:245.641s step_avg:95.47ms
step:2574/3250 train_time:245.796s step_avg:95.49ms
step:2575/3250 train_time:245.951s step_avg:95.51ms
step:2576/3250 train_time:246.104s step_avg:95.54ms
step:2577/3250 train_time:246.258s step_avg:95.56ms
step:2578/3250 train_time:246.413s step_avg:95.58ms
step:2579/3250 train_time:246.567s step_avg:95.61ms
step:2580/3250 train_time:246.721s step_avg:95.63ms
step:2581/3250 train_time:246.877s step_avg:95.65ms
step:2582/3250 train_time:247.031s step_avg:95.67ms
step:2583/3250 train_time:247.186s step_avg:95.70ms
step:2584/3250 train_time:247.339s step_avg:95.72ms
step:2585/3250 train_time:247.494s step_avg:95.74ms
step:2586/3250 train_time:247.650s step_avg:95.77ms
step:2587/3250 train_time:247.804s step_avg:95.79ms
step:2588/3250 train_time:247.959s step_avg:95.81ms
step:2589/3250 train_time:248.114s step_avg:95.83ms
step:2590/3250 train_time:248.269s step_avg:95.86ms
step:2591/3250 train_time:248.422s step_avg:95.88ms
step:2592/3250 train_time:248.577s step_avg:95.90ms
step:2593/3250 train_time:248.733s step_avg:95.92ms
step:2594/3250 train_time:248.888s step_avg:95.95ms
step:2595/3250 train_time:249.041s step_avg:95.97ms
step:2596/3250 train_time:249.195s step_avg:95.99ms
step:2597/3250 train_time:249.350s step_avg:96.01ms
step:2598/3250 train_time:249.503s step_avg:96.04ms
step:2599/3250 train_time:249.657s step_avg:96.06ms
step:2600/3250 train_time:249.813s step_avg:96.08ms
step:2601/3250 train_time:249.968s step_avg:96.10ms
step:2602/3250 train_time:250.121s step_avg:96.13ms
step:2603/3250 train_time:250.277s step_avg:96.15ms
step:2604/3250 train_time:250.432s step_avg:96.17ms
step:2605/3250 train_time:250.586s step_avg:96.19ms
step:2606/3250 train_time:250.739s step_avg:96.22ms
step:2607/3250 train_time:250.895s step_avg:96.24ms
step:2608/3250 train_time:251.049s step_avg:96.26ms
step:2609/3250 train_time:251.205s step_avg:96.28ms
step:2610/3250 train_time:251.358s step_avg:96.31ms
step:2611/3250 train_time:251.513s step_avg:96.33ms
step:2612/3250 train_time:251.667s step_avg:96.35ms
step:2613/3250 train_time:251.821s step_avg:96.37ms
step:2614/3250 train_time:251.975s step_avg:96.39ms
step:2615/3250 train_time:252.130s step_avg:96.42ms
step:2616/3250 train_time:252.284s step_avg:96.44ms
step:2617/3250 train_time:252.438s step_avg:96.46ms
step:2618/3250 train_time:252.593s step_avg:96.48ms
step:2619/3250 train_time:252.749s step_avg:96.51ms
step:2620/3250 train_time:252.902s step_avg:96.53ms
step:2621/3250 train_time:253.057s step_avg:96.55ms
step:2622/3250 train_time:253.212s step_avg:96.57ms
step:2623/3250 train_time:253.366s step_avg:96.59ms
step:2624/3250 train_time:253.519s step_avg:96.62ms
step:2625/3250 train_time:253.674s step_avg:96.64ms
step:2625/3250 val_loss:3.35347 train_time:253.686s step_avg:154.51ms
step:2626/3250 train_time:253.832s step_avg:96.66ms
step:2627/3250 train_time:253.985s step_avg:96.68ms
step:2628/3250 train_time:254.140s step_avg:96.70ms
step:2629/3250 train_time:254.294s step_avg:96.73ms
step:2630/3250 train_time:254.448s step_avg:96.75ms
step:2631/3250 train_time:254.602s step_avg:96.77ms
step:2632/3250 train_time:254.756s step_avg:96.79ms
step:2633/3250 train_time:254.911s step_avg:96.81ms
step:2634/3250 train_time:255.066s step_avg:96.84ms
step:2635/3250 train_time:255.222s step_avg:96.86ms
step:2636/3250 train_time:255.375s step_avg:96.88ms
step:2637/3250 train_time:255.531s step_avg:96.90ms
step:2638/3250 train_time:255.685s step_avg:96.92ms
step:2639/3250 train_time:255.838s step_avg:96.95ms
step:2640/3250 train_time:255.992s step_avg:96.97ms
step:2641/3250 train_time:256.148s step_avg:96.99ms
step:2642/3250 train_time:256.302s step_avg:97.01ms
step:2643/3250 train_time:256.456s step_avg:97.03ms
step:2644/3250 train_time:256.610s step_avg:97.05ms
step:2645/3250 train_time:256.765s step_avg:97.08ms
step:2646/3250 train_time:256.917s step_avg:97.10ms
step:2647/3250 train_time:257.072s step_avg:97.12ms
step:2648/3250 train_time:257.228s step_avg:97.14ms
step:2649/3250 train_time:257.383s step_avg:97.16ms
step:2650/3250 train_time:257.538s step_avg:97.18ms
step:2651/3250 train_time:257.693s step_avg:97.21ms
step:2652/3250 train_time:257.847s step_avg:97.23ms
step:2653/3250 train_time:258.001s step_avg:97.25ms
step:2654/3250 train_time:258.155s step_avg:97.27ms
step:2655/3250 train_time:258.309s step_avg:97.29ms
step:2656/3250 train_time:258.465s step_avg:97.31ms
step:2657/3250 train_time:258.620s step_avg:97.34ms
step:2658/3250 train_time:258.774s step_avg:97.36ms
step:2659/3250 train_time:258.929s step_avg:97.38ms
step:2660/3250 train_time:259.084s step_avg:97.40ms
step:2661/3250 train_time:259.269s step_avg:97.43ms
step:2662/3250 train_time:259.423s step_avg:97.45ms
step:2663/3250 train_time:259.577s step_avg:97.48ms
step:2664/3250 train_time:259.731s step_avg:97.50ms
step:2665/3250 train_time:259.884s step_avg:97.52ms
step:2666/3250 train_time:260.039s step_avg:97.54ms
step:2667/3250 train_time:260.194s step_avg:97.56ms
step:2668/3250 train_time:260.350s step_avg:97.58ms
step:2669/3250 train_time:260.504s step_avg:97.60ms
step:2670/3250 train_time:260.658s step_avg:97.62ms
step:2671/3250 train_time:260.812s step_avg:97.65ms
step:2672/3250 train_time:260.967s step_avg:97.67ms
step:2673/3250 train_time:261.122s step_avg:97.69ms
step:2674/3250 train_time:261.276s step_avg:97.71ms
step:2675/3250 train_time:261.431s step_avg:97.73ms
step:2676/3250 train_time:261.585s step_avg:97.75ms
step:2677/3250 train_time:261.739s step_avg:97.77ms
step:2678/3250 train_time:261.894s step_avg:97.79ms
step:2679/3250 train_time:262.048s step_avg:97.82ms
step:2680/3250 train_time:262.203s step_avg:97.84ms
step:2681/3250 train_time:262.358s step_avg:97.86ms
step:2682/3250 train_time:262.513s step_avg:97.88ms
step:2683/3250 train_time:262.669s step_avg:97.90ms
step:2684/3250 train_time:262.824s step_avg:97.92ms
step:2685/3250 train_time:262.977s step_avg:97.94ms
step:2686/3250 train_time:263.131s step_avg:97.96ms
step:2687/3250 train_time:263.285s step_avg:97.98ms
step:2688/3250 train_time:263.438s step_avg:98.01ms
step:2689/3250 train_time:263.593s step_avg:98.03ms
step:2690/3250 train_time:263.749s step_avg:98.05ms
step:2691/3250 train_time:263.904s step_avg:98.07ms
step:2692/3250 train_time:264.059s step_avg:98.09ms
step:2693/3250 train_time:264.213s step_avg:98.11ms
step:2694/3250 train_time:264.366s step_avg:98.13ms
step:2695/3250 train_time:264.521s step_avg:98.15ms
step:2696/3250 train_time:264.675s step_avg:98.17ms
step:2697/3250 train_time:264.830s step_avg:98.19ms
step:2698/3250 train_time:264.984s step_avg:98.21ms
step:2699/3250 train_time:265.138s step_avg:98.24ms
step:2700/3250 train_time:265.293s step_avg:98.26ms
step:2701/3250 train_time:265.449s step_avg:98.28ms
step:2702/3250 train_time:265.603s step_avg:98.30ms
step:2703/3250 train_time:265.760s step_avg:98.32ms
step:2704/3250 train_time:265.914s step_avg:98.34ms
step:2705/3250 train_time:266.069s step_avg:98.36ms
step:2706/3250 train_time:266.224s step_avg:98.38ms
step:2707/3250 train_time:266.378s step_avg:98.40ms
step:2708/3250 train_time:266.532s step_avg:98.42ms
step:2709/3250 train_time:266.686s step_avg:98.44ms
step:2710/3250 train_time:266.840s step_avg:98.47ms
step:2711/3250 train_time:266.994s step_avg:98.49ms
step:2712/3250 train_time:267.150s step_avg:98.51ms
step:2713/3250 train_time:267.304s step_avg:98.53ms
step:2714/3250 train_time:267.458s step_avg:98.55ms
step:2715/3250 train_time:267.612s step_avg:98.57ms
step:2716/3250 train_time:267.767s step_avg:98.59ms
step:2717/3250 train_time:267.922s step_avg:98.61ms
step:2718/3250 train_time:268.075s step_avg:98.63ms
step:2719/3250 train_time:268.231s step_avg:98.65ms
step:2720/3250 train_time:268.385s step_avg:98.67ms
step:2721/3250 train_time:268.539s step_avg:98.69ms
step:2722/3250 train_time:268.693s step_avg:98.71ms
step:2723/3250 train_time:268.849s step_avg:98.73ms
step:2724/3250 train_time:269.004s step_avg:98.75ms
step:2725/3250 train_time:269.157s step_avg:98.77ms
step:2726/3250 train_time:269.311s step_avg:98.79ms
step:2727/3250 train_time:269.466s step_avg:98.81ms
step:2728/3250 train_time:269.621s step_avg:98.83ms
step:2729/3250 train_time:269.775s step_avg:98.85ms
step:2730/3250 train_time:269.930s step_avg:98.88ms
step:2731/3250 train_time:270.084s step_avg:98.90ms
step:2732/3250 train_time:270.237s step_avg:98.92ms
step:2733/3250 train_time:270.391s step_avg:98.94ms
step:2734/3250 train_time:270.545s step_avg:98.96ms
step:2735/3250 train_time:270.700s step_avg:98.98ms
step:2736/3250 train_time:270.854s step_avg:99.00ms
step:2737/3250 train_time:271.009s step_avg:99.02ms
step:2738/3250 train_time:271.165s step_avg:99.04ms
step:2739/3250 train_time:271.318s step_avg:99.06ms
step:2740/3250 train_time:271.473s step_avg:99.08ms
step:2741/3250 train_time:271.627s step_avg:99.10ms
step:2742/3250 train_time:271.781s step_avg:99.12ms
step:2743/3250 train_time:271.934s step_avg:99.14ms
step:2744/3250 train_time:272.090s step_avg:99.16ms
step:2745/3250 train_time:272.246s step_avg:99.18ms
step:2746/3250 train_time:272.399s step_avg:99.20ms
step:2747/3250 train_time:272.553s step_avg:99.22ms
step:2748/3250 train_time:272.707s step_avg:99.24ms
step:2749/3250 train_time:272.862s step_avg:99.26ms
step:2750/3250 train_time:273.015s step_avg:99.28ms
step:2750/3250 val_loss:3.33537 train_time:273.027s step_avg:154.73ms
step:2751/3250 train_time:273.171s step_avg:99.30ms
step:2752/3250 train_time:273.325s step_avg:99.32ms
step:2753/3250 train_time:273.478s step_avg:99.34ms
step:2754/3250 train_time:273.631s step_avg:99.36ms
step:2755/3250 train_time:273.786s step_avg:99.38ms
step:2756/3250 train_time:273.941s step_avg:99.40ms
step:2757/3250 train_time:274.093s step_avg:99.42ms
step:2758/3250 train_time:274.251s step_avg:99.44ms
step:2759/3250 train_time:274.405s step_avg:99.46ms
step:2760/3250 train_time:274.559s step_avg:99.48ms
step:2761/3250 train_time:274.713s step_avg:99.50ms
step:2762/3250 train_time:274.866s step_avg:99.52ms
step:2763/3250 train_time:275.021s step_avg:99.54ms
step:2764/3250 train_time:275.175s step_avg:99.56ms
step:2765/3250 train_time:275.330s step_avg:99.58ms
step:2766/3250 train_time:275.485s step_avg:99.60ms
step:2767/3250 train_time:275.639s step_avg:99.62ms
step:2768/3250 train_time:275.792s step_avg:99.64ms
step:2769/3250 train_time:275.946s step_avg:99.66ms
step:2770/3250 train_time:276.100s step_avg:99.68ms
step:2771/3250 train_time:276.253s step_avg:99.69ms
step:2772/3250 train_time:276.409s step_avg:99.71ms
step:2773/3250 train_time:276.565s step_avg:99.74ms
step:2774/3250 train_time:276.720s step_avg:99.75ms
step:2775/3250 train_time:276.873s step_avg:99.77ms
step:2776/3250 train_time:277.029s step_avg:99.79ms
step:2777/3250 train_time:277.184s step_avg:99.81ms
step:2778/3250 train_time:277.338s step_avg:99.83ms
step:2779/3250 train_time:277.492s step_avg:99.85ms
step:2780/3250 train_time:277.647s step_avg:99.87ms
step:2781/3250 train_time:277.801s step_avg:99.89ms
step:2782/3250 train_time:277.953s step_avg:99.91ms
step:2783/3250 train_time:278.109s step_avg:99.93ms
step:2784/3250 train_time:278.265s step_avg:99.95ms
step:2785/3250 train_time:278.420s step_avg:99.97ms
step:2786/3250 train_time:278.573s step_avg:99.99ms
step:2787/3250 train_time:278.726s step_avg:100.01ms
step:2788/3250 train_time:278.882s step_avg:100.03ms
step:2789/3250 train_time:279.035s step_avg:100.05ms
step:2790/3250 train_time:279.192s step_avg:100.07ms
step:2791/3250 train_time:279.346s step_avg:100.09ms
step:2792/3250 train_time:279.500s step_avg:100.11ms
step:2793/3250 train_time:279.653s step_avg:100.13ms
step:2794/3250 train_time:279.807s step_avg:100.15ms
step:2795/3250 train_time:279.962s step_avg:100.17ms
step:2796/3250 train_time:280.115s step_avg:100.18ms
step:2797/3250 train_time:280.271s step_avg:100.20ms
step:2798/3250 train_time:280.424s step_avg:100.22ms
step:2799/3250 train_time:280.579s step_avg:100.24ms
step:2800/3250 train_time:280.732s step_avg:100.26ms
step:2801/3250 train_time:280.887s step_avg:100.28ms
step:2802/3250 train_time:281.041s step_avg:100.30ms
step:2803/3250 train_time:281.194s step_avg:100.32ms
step:2804/3250 train_time:281.348s step_avg:100.34ms
step:2805/3250 train_time:281.503s step_avg:100.36ms
step:2806/3250 train_time:281.656s step_avg:100.38ms
step:2807/3250 train_time:281.810s step_avg:100.40ms
step:2808/3250 train_time:281.965s step_avg:100.41ms
step:2809/3250 train_time:282.118s step_avg:100.43ms
step:2810/3250 train_time:282.272s step_avg:100.45ms
step:2811/3250 train_time:282.426s step_avg:100.47ms
step:2812/3250 train_time:282.581s step_avg:100.49ms
step:2813/3250 train_time:282.734s step_avg:100.51ms
step:2814/3250 train_time:282.890s step_avg:100.53ms
step:2815/3250 train_time:283.044s step_avg:100.55ms
step:2816/3250 train_time:283.197s step_avg:100.57ms
step:2817/3250 train_time:283.350s step_avg:100.59ms
step:2818/3250 train_time:283.505s step_avg:100.60ms
step:2819/3250 train_time:283.660s step_avg:100.62ms
step:2820/3250 train_time:283.813s step_avg:100.64ms
step:2821/3250 train_time:283.968s step_avg:100.66ms
step:2822/3250 train_time:284.122s step_avg:100.68ms
step:2823/3250 train_time:284.275s step_avg:100.70ms
step:2824/3250 train_time:284.429s step_avg:100.72ms
step:2825/3250 train_time:284.584s step_avg:100.74ms
step:2826/3250 train_time:284.737s step_avg:100.76ms
step:2827/3250 train_time:284.891s step_avg:100.78ms
step:2828/3250 train_time:285.046s step_avg:100.79ms
step:2829/3250 train_time:285.199s step_avg:100.81ms
step:2830/3250 train_time:285.352s step_avg:100.83ms
step:2831/3250 train_time:285.506s step_avg:100.85ms
step:2832/3250 train_time:285.661s step_avg:100.87ms
step:2833/3250 train_time:285.815s step_avg:100.89ms
step:2834/3250 train_time:285.970s step_avg:100.91ms
step:2835/3250 train_time:286.124s step_avg:100.93ms
step:2836/3250 train_time:286.277s step_avg:100.94ms
step:2837/3250 train_time:286.431s step_avg:100.96ms
step:2838/3250 train_time:286.585s step_avg:100.98ms
step:2839/3250 train_time:286.739s step_avg:101.00ms
step:2840/3250 train_time:286.892s step_avg:101.02ms
step:2841/3250 train_time:287.047s step_avg:101.04ms
step:2842/3250 train_time:287.200s step_avg:101.06ms
step:2843/3250 train_time:287.353s step_avg:101.07ms
step:2844/3250 train_time:287.508s step_avg:101.09ms
step:2845/3250 train_time:287.663s step_avg:101.11ms
step:2846/3250 train_time:287.816s step_avg:101.13ms
step:2847/3250 train_time:287.970s step_avg:101.15ms
step:2848/3250 train_time:288.125s step_avg:101.17ms
step:2849/3250 train_time:288.280s step_avg:101.19ms
step:2850/3250 train_time:288.433s step_avg:101.20ms
step:2851/3250 train_time:288.618s step_avg:101.23ms
step:2852/3250 train_time:288.771s step_avg:101.25ms
step:2853/3250 train_time:288.924s step_avg:101.27ms
step:2854/3250 train_time:289.077s step_avg:101.29ms
step:2855/3250 train_time:289.231s step_avg:101.31ms
step:2856/3250 train_time:289.385s step_avg:101.33ms
step:2857/3250 train_time:289.539s step_avg:101.34ms
step:2858/3250 train_time:289.693s step_avg:101.36ms
step:2859/3250 train_time:289.848s step_avg:101.38ms
step:2860/3250 train_time:290.002s step_avg:101.40ms
step:2861/3250 train_time:290.155s step_avg:101.42ms
step:2862/3250 train_time:290.310s step_avg:101.44ms
step:2863/3250 train_time:290.464s step_avg:101.45ms
step:2864/3250 train_time:290.617s step_avg:101.47ms
step:2865/3250 train_time:290.771s step_avg:101.49ms
step:2866/3250 train_time:290.926s step_avg:101.51ms
step:2867/3250 train_time:291.080s step_avg:101.53ms
step:2868/3250 train_time:291.233s step_avg:101.55ms
step:2869/3250 train_time:291.388s step_avg:101.56ms
step:2870/3250 train_time:291.543s step_avg:101.58ms
step:2871/3250 train_time:291.696s step_avg:101.60ms
step:2872/3250 train_time:291.851s step_avg:101.62ms
step:2873/3250 train_time:292.005s step_avg:101.64ms
step:2874/3250 train_time:292.159s step_avg:101.66ms
step:2875/3250 train_time:292.313s step_avg:101.67ms
step:2875/3250 val_loss:3.31732 train_time:292.324s step_avg:154.38ms
step:2876/3250 train_time:292.468s step_avg:101.69ms
step:2877/3250 train_time:292.622s step_avg:101.71ms
step:2878/3250 train_time:292.777s step_avg:101.73ms
step:2879/3250 train_time:292.931s step_avg:101.75ms
step:2880/3250 train_time:293.085s step_avg:101.77ms
step:2881/3250 train_time:293.239s step_avg:101.78ms
step:2882/3250 train_time:293.393s step_avg:101.80ms
step:2883/3250 train_time:293.546s step_avg:101.82ms
step:2884/3250 train_time:293.700s step_avg:101.84ms
step:2885/3250 train_time:293.855s step_avg:101.86ms
step:2886/3250 train_time:294.008s step_avg:101.87ms
step:2887/3250 train_time:294.162s step_avg:101.89ms
step:2888/3250 train_time:294.316s step_avg:101.91ms
step:2889/3250 train_time:294.470s step_avg:101.93ms
step:2890/3250 train_time:294.625s step_avg:101.95ms
step:2891/3250 train_time:294.780s step_avg:101.96ms
step:2892/3250 train_time:294.933s step_avg:101.98ms
step:2893/3250 train_time:295.087s step_avg:102.00ms
step:2894/3250 train_time:295.241s step_avg:102.02ms
step:2895/3250 train_time:295.396s step_avg:102.04ms
step:2896/3250 train_time:295.550s step_avg:102.05ms
step:2897/3250 train_time:295.705s step_avg:102.07ms
step:2898/3250 train_time:295.860s step_avg:102.09ms
step:2899/3250 train_time:296.013s step_avg:102.11ms
step:2900/3250 train_time:296.166s step_avg:102.13ms
step:2900/3250 val_loss:3.31344 train_time:296.178s step_avg:154.14ms
step:2901/3250 train_time:296.323s step_avg:102.15ms
step:2902/3250 train_time:296.477s step_avg:102.16ms
step:2903/3250 train_time:296.630s step_avg:102.18ms
step:2904/3250 train_time:296.784s step_avg:102.20ms
step:2905/3250 train_time:296.938s step_avg:102.22ms
step:2906/3250 train_time:297.091s step_avg:102.23ms
step:2907/3250 train_time:297.246s step_avg:102.25ms
step:2908/3250 train_time:297.403s step_avg:102.27ms
step:2909/3250 train_time:297.557s step_avg:102.29ms
step:2910/3250 train_time:297.710s step_avg:102.31ms
step:2910/3250 val_loss:3.31178 train_time:297.722s step_avg:154.42ms
step:2911/3250 train_time:297.865s step_avg:102.32ms
step:2912/3250 train_time:298.018s step_avg:102.34ms
step:2913/3250 train_time:298.172s step_avg:102.36ms
step:2914/3250 train_time:298.326s step_avg:102.38ms
step:2915/3250 train_time:298.480s step_avg:102.39ms
step:2916/3250 train_time:298.636s step_avg:102.41ms
step:2917/3250 train_time:298.790s step_avg:102.43ms
step:2918/3250 train_time:298.944s step_avg:102.45ms
step:2919/3250 train_time:299.098s step_avg:102.47ms
step:2920/3250 train_time:299.252s step_avg:102.48ms
step:2920/3250 val_loss:3.31041 train_time:299.264s step_avg:154.13ms
step:2921/3250 train_time:299.409s step_avg:102.50ms
step:2922/3250 train_time:299.562s step_avg:102.52ms
step:2923/3250 train_time:299.715s step_avg:102.54ms
step:2924/3250 train_time:299.871s step_avg:102.55ms
step:2925/3250 train_time:300.026s step_avg:102.57ms
step:2925/3250 val_loss:3.30968 train_time:300.038s step_avg:154.81ms
step:2926/3250 train_time:300.182s step_avg:102.59ms
step:2927/3250 train_time:300.335s step_avg:102.61ms
step:2928/3250 train_time:300.488s step_avg:102.63ms
step:2929/3250 train_time:300.643s step_avg:102.64ms
step:2930/3250 train_time:300.797s step_avg:102.66ms
step:2930/3250 val_loss:3.30932 train_time:300.809s step_avg:154.24ms
step:2931/3250 train_time:300.954s step_avg:102.68ms
step:2932/3250 train_time:301.109s step_avg:102.70ms
step:2933/3250 train_time:301.264s step_avg:102.72ms
step:2934/3250 train_time:301.418s step_avg:102.73ms
step:2935/3250 train_time:301.571s step_avg:102.75ms
step:2936/3250 train_time:301.725s step_avg:102.77ms
step:2937/3250 train_time:301.881s step_avg:102.79ms
step:2938/3250 train_time:302.035s step_avg:102.80ms
step:2939/3250 train_time:302.192s step_avg:102.82ms
step:2940/3250 train_time:302.348s step_avg:102.84ms
step:2940/3250 val_loss:3.30789 train_time:302.360s step_avg:155.14ms
step:2941/3250 train_time:302.505s step_avg:102.86ms
step:2942/3250 train_time:302.659s step_avg:102.88ms
step:2943/3250 train_time:302.812s step_avg:102.89ms
step:2944/3250 train_time:302.967s step_avg:102.91ms
step:2945/3250 train_time:303.121s step_avg:102.93ms
step:2946/3250 train_time:303.275s step_avg:102.94ms
step:2947/3250 train_time:303.431s step_avg:102.96ms
step:2948/3250 train_time:303.586s step_avg:102.98ms
step:2949/3250 train_time:303.740s step_avg:103.00ms
step:2950/3250 train_time:303.894s step_avg:103.01ms
step:2950/3250 val_loss:3.30640 train_time:303.906s step_avg:154.59ms
step:2951/3250 train_time:304.050s step_avg:103.03ms
step:2952/3250 train_time:304.204s step_avg:103.05ms
step:2953/3250 train_time:304.357s step_avg:103.07ms
step:2954/3250 train_time:304.511s step_avg:103.08ms
step:2955/3250 train_time:304.665s step_avg:103.10ms
step:2956/3250 train_time:304.822s step_avg:103.12ms
step:2957/3250 train_time:304.977s step_avg:103.14ms
step:2958/3250 train_time:305.130s step_avg:103.15ms
step:2959/3250 train_time:305.283s step_avg:103.17ms
step:2960/3250 train_time:305.438s step_avg:103.19ms
step:2960/3250 val_loss:3.30508 train_time:305.450s step_avg:154.34ms
step:2961/3250 train_time:305.593s step_avg:103.21ms
step:2962/3250 train_time:305.747s step_avg:103.22ms
step:2963/3250 train_time:305.900s step_avg:103.24ms
step:2964/3250 train_time:306.054s step_avg:103.26ms
step:2965/3250 train_time:306.210s step_avg:103.27ms
step:2966/3250 train_time:306.364s step_avg:103.29ms
step:2967/3250 train_time:306.518s step_avg:103.31ms
step:2968/3250 train_time:306.673s step_avg:103.33ms
step:2969/3250 train_time:306.829s step_avg:103.34ms
step:2970/3250 train_time:306.981s step_avg:103.36ms
step:2970/3250 val_loss:3.30362 train_time:306.993s step_avg:154.32ms
step:2971/3250 train_time:307.138s step_avg:103.38ms
step:2972/3250 train_time:307.292s step_avg:103.40ms
step:2973/3250 train_time:307.447s step_avg:103.41ms
step:2974/3250 train_time:307.600s step_avg:103.43ms
step:2975/3250 train_time:307.755s step_avg:103.45ms
step:2975/3250 val_loss:3.30319 train_time:307.767s step_avg:154.90ms
step:2976/3250 train_time:307.911s step_avg:103.46ms
step:2977/3250 train_time:308.067s step_avg:103.48ms
step:2978/3250 train_time:308.220s step_avg:103.50ms
step:2979/3250 train_time:308.375s step_avg:103.52ms
step:2980/3250 train_time:308.529s step_avg:103.53ms
step:2980/3250 val_loss:3.30256 train_time:308.541s step_avg:154.71ms
step:2981/3250 train_time:308.685s step_avg:103.55ms
step:2982/3250 train_time:308.839s step_avg:103.57ms
step:2983/3250 train_time:308.992s step_avg:103.58ms
step:2984/3250 train_time:309.147s step_avg:103.60ms
step:2985/3250 train_time:309.301s step_avg:103.62ms
step:2986/3250 train_time:309.453s step_avg:103.63ms
step:2987/3250 train_time:309.606s step_avg:103.65ms
step:2988/3250 train_time:309.763s step_avg:103.67ms
step:2989/3250 train_time:309.918s step_avg:103.69ms
step:2990/3250 train_time:310.071s step_avg:103.70ms
step:2990/3250 val_loss:3.30148 train_time:310.083s step_avg:154.22ms
step:2991/3250 train_time:310.228s step_avg:103.72ms
step:2992/3250 train_time:310.384s step_avg:103.74ms
step:2993/3250 train_time:310.538s step_avg:103.75ms
step:2994/3250 train_time:310.691s step_avg:103.77ms
step:2995/3250 train_time:310.844s step_avg:103.79ms
step:2996/3250 train_time:311.000s step_avg:103.80ms
step:2997/3250 train_time:311.152s step_avg:103.82ms
step:2998/3250 train_time:311.309s step_avg:103.84ms
step:2999/3250 train_time:311.464s step_avg:103.86ms
step:3000/3250 train_time:311.618s step_avg:103.87ms
step:3000/3250 val_loss:3.29996 train_time:311.630s step_avg:154.68ms
step:3001/3250 train_time:311.776s step_avg:103.89ms
step:3002/3250 train_time:311.929s step_avg:103.91ms
step:3003/3250 train_time:312.082s step_avg:103.92ms
step:3004/3250 train_time:312.236s step_avg:103.94ms
step:3005/3250 train_time:312.388s step_avg:103.96ms
step:3006/3250 train_time:312.544s step_avg:103.97ms
step:3007/3250 train_time:312.701s step_avg:103.99ms
step:3008/3250 train_time:312.855s step_avg:104.01ms
step:3009/3250 train_time:313.009s step_avg:104.02ms
step:3010/3250 train_time:313.163s step_avg:104.04ms
step:3010/3250 val_loss:3.29847 train_time:313.175s step_avg:154.48ms
step:3011/3250 train_time:313.320s step_avg:104.06ms
step:3012/3250 train_time:313.474s step_avg:104.07ms
step:3013/3250 train_time:313.627s step_avg:104.09ms
step:3014/3250 train_time:313.781s step_avg:104.11ms
step:3015/3250 train_time:313.935s step_avg:104.12ms
step:3016/3250 train_time:314.089s step_avg:104.14ms
step:3017/3250 train_time:314.244s step_avg:104.16ms
step:3018/3250 train_time:314.399s step_avg:104.17ms
step:3019/3250 train_time:314.554s step_avg:104.19ms
step:3020/3250 train_time:314.708s step_avg:104.21ms
step:3020/3250 val_loss:3.29668 train_time:314.720s step_avg:154.53ms
step:3021/3250 train_time:314.865s step_avg:104.23ms
step:3022/3250 train_time:315.018s step_avg:104.24ms
step:3023/3250 train_time:315.172s step_avg:104.26ms
step:3024/3250 train_time:315.326s step_avg:104.27ms
step:3025/3250 train_time:315.479s step_avg:104.29ms
step:3025/3250 val_loss:3.29594 train_time:315.491s step_avg:154.28ms
step:3026/3250 train_time:315.637s step_avg:104.31ms
step:3027/3250 train_time:315.791s step_avg:104.32ms
step:3028/3250 train_time:315.945s step_avg:104.34ms
step:3029/3250 train_time:316.099s step_avg:104.36ms
step:3030/3250 train_time:316.252s step_avg:104.37ms
step:3030/3250 val_loss:3.29522 train_time:316.263s step_avg:154.44ms
step:3031/3250 train_time:316.408s step_avg:104.39ms
step:3032/3250 train_time:316.562s step_avg:104.41ms
step:3033/3250 train_time:316.716s step_avg:104.42ms
step:3034/3250 train_time:316.870s step_avg:104.44ms
step:3035/3250 train_time:317.024s step_avg:104.46ms
step:3036/3250 train_time:317.179s step_avg:104.47ms
step:3037/3250 train_time:317.334s step_avg:104.49ms
step:3038/3250 train_time:317.487s step_avg:104.51ms
step:3039/3250 train_time:317.641s step_avg:104.52ms
step:3040/3250 train_time:317.796s step_avg:104.54ms
step:3040/3250 val_loss:3.29391 train_time:317.808s step_avg:154.42ms
step:3041/3250 train_time:317.993s step_avg:104.57ms
step:3042/3250 train_time:318.146s step_avg:104.58ms
step:3043/3250 train_time:318.300s step_avg:104.60ms
step:3044/3250 train_time:318.454s step_avg:104.62ms
step:3045/3250 train_time:318.608s step_avg:104.63ms
step:3046/3250 train_time:318.763s step_avg:104.65ms
step:3047/3250 train_time:318.918s step_avg:104.67ms
step:3048/3250 train_time:319.071s step_avg:104.68ms
step:3049/3250 train_time:319.226s step_avg:104.70ms
step:3050/3250 train_time:319.381s step_avg:104.71ms
step:3050/3250 val_loss:3.29279 train_time:319.393s step_avg:158.51ms
step:3051/3250 train_time:319.537s step_avg:104.73ms
step:3052/3250 train_time:319.693s step_avg:104.75ms
step:3053/3250 train_time:319.846s step_avg:104.76ms
step:3054/3250 train_time:320.000s step_avg:104.78ms
step:3055/3250 train_time:320.154s step_avg:104.80ms
step:3056/3250 train_time:320.308s step_avg:104.81ms
step:3057/3250 train_time:320.463s step_avg:104.83ms
step:3058/3250 train_time:320.618s step_avg:104.85ms
step:3059/3250 train_time:320.773s step_avg:104.86ms
step:3060/3250 train_time:320.927s step_avg:104.88ms
step:3060/3250 val_loss:3.29191 train_time:320.939s step_avg:154.63ms
step:3061/3250 train_time:321.085s step_avg:104.90ms
step:3062/3250 train_time:321.238s step_avg:104.91ms
step:3063/3250 train_time:321.391s step_avg:104.93ms
step:3064/3250 train_time:321.545s step_avg:104.94ms
step:3065/3250 train_time:321.698s step_avg:104.96ms
step:3066/3250 train_time:321.854s step_avg:104.98ms
step:3067/3250 train_time:322.009s step_avg:104.99ms
step:3068/3250 train_time:322.163s step_avg:105.01ms
step:3069/3250 train_time:322.317s step_avg:105.02ms
step:3070/3250 train_time:322.471s step_avg:105.04ms
step:3070/3250 val_loss:3.29040 train_time:322.483s step_avg:154.38ms
step:3071/3250 train_time:322.627s step_avg:105.06ms
step:3072/3250 train_time:322.781s step_avg:105.07ms
step:3073/3250 train_time:322.936s step_avg:105.09ms
step:3074/3250 train_time:323.089s step_avg:105.10ms
step:3075/3250 train_time:323.244s step_avg:105.12ms
step:3075/3250 val_loss:3.28979 train_time:323.256s step_avg:154.65ms
step:3076/3250 train_time:323.399s step_avg:105.14ms
step:3077/3250 train_time:323.555s step_avg:105.15ms
step:3078/3250 train_time:323.708s step_avg:105.17ms
step:3079/3250 train_time:323.863s step_avg:105.18ms
step:3080/3250 train_time:324.019s step_avg:105.20ms
step:3080/3250 val_loss:3.28910 train_time:324.030s step_avg:154.87ms
step:3081/3250 train_time:324.175s step_avg:105.22ms
step:3082/3250 train_time:324.331s step_avg:105.23ms
step:3083/3250 train_time:324.485s step_avg:105.25ms
step:3084/3250 train_time:324.638s step_avg:105.27ms
step:3085/3250 train_time:324.792s step_avg:105.28ms
step:3086/3250 train_time:324.946s step_avg:105.30ms
step:3087/3250 train_time:325.102s step_avg:105.31ms
step:3088/3250 train_time:325.258s step_avg:105.33ms
step:3089/3250 train_time:325.413s step_avg:105.35ms
step:3090/3250 train_time:325.567s step_avg:105.36ms
step:3090/3250 val_loss:3.28801 train_time:325.579s step_avg:154.83ms
step:3091/3250 train_time:325.724s step_avg:105.38ms
step:3092/3250 train_time:325.877s step_avg:105.39ms
step:3093/3250 train_time:326.032s step_avg:105.41ms
step:3094/3250 train_time:326.187s step_avg:105.43ms
step:3095/3250 train_time:326.341s step_avg:105.44ms
step:3096/3250 train_time:326.494s step_avg:105.46ms
step:3097/3250 train_time:326.649s step_avg:105.47ms
step:3098/3250 train_time:326.803s step_avg:105.49ms
step:3099/3250 train_time:326.956s step_avg:105.50ms
step:3100/3250 train_time:327.110s step_avg:105.52ms
step:3100/3250 val_loss:3.28680 train_time:327.122s step_avg:154.30ms
step:3101/3250 train_time:327.266s step_avg:105.54ms
step:3102/3250 train_time:327.419s step_avg:105.55ms
step:3103/3250 train_time:327.572s step_avg:105.57ms
step:3104/3250 train_time:327.728s step_avg:105.58ms
step:3105/3250 train_time:327.882s step_avg:105.60ms
step:3106/3250 train_time:328.037s step_avg:105.61ms
step:3107/3250 train_time:328.190s step_avg:105.63ms
step:3108/3250 train_time:328.345s step_avg:105.65ms
step:3109/3250 train_time:328.501s step_avg:105.66ms
step:3110/3250 train_time:328.654s step_avg:105.68ms
step:3110/3250 val_loss:3.28579 train_time:328.666s step_avg:154.41ms
step:3111/3250 train_time:328.812s step_avg:105.69ms
step:3112/3250 train_time:328.965s step_avg:105.71ms
step:3113/3250 train_time:329.119s step_avg:105.72ms
step:3114/3250 train_time:329.273s step_avg:105.74ms
step:3115/3250 train_time:329.426s step_avg:105.75ms
step:3116/3250 train_time:329.580s step_avg:105.77ms
step:3117/3250 train_time:329.734s step_avg:105.79ms
step:3118/3250 train_time:329.887s step_avg:105.80ms
step:3119/3250 train_time:330.042s step_avg:105.82ms
step:3120/3250 train_time:330.198s step_avg:105.83ms
step:3120/3250 val_loss:3.28475 train_time:330.210s step_avg:154.39ms
step:3121/3250 train_time:330.354s step_avg:105.85ms
step:3122/3250 train_time:330.509s step_avg:105.86ms
step:3123/3250 train_time:330.662s step_avg:105.88ms
step:3124/3250 train_time:330.817s step_avg:105.90ms
step:3125/3250 train_time:330.972s step_avg:105.91ms
step:3125/3250 val_loss:3.28415 train_time:330.983s step_avg:154.73ms
step:3126/3250 train_time:331.129s step_avg:105.93ms
step:3127/3250 train_time:331.281s step_avg:105.94ms
step:3128/3250 train_time:331.435s step_avg:105.96ms
step:3129/3250 train_time:331.589s step_avg:105.97ms
step:3130/3250 train_time:331.743s step_avg:105.99ms
step:3130/3250 val_loss:3.28347 train_time:331.755s step_avg:154.32ms
step:3131/3250 train_time:331.900s step_avg:106.00ms
step:3132/3250 train_time:332.053s step_avg:106.02ms
step:3133/3250 train_time:332.207s step_avg:106.03ms
step:3134/3250 train_time:332.362s step_avg:106.05ms
step:3135/3250 train_time:332.515s step_avg:106.07ms
step:3136/3250 train_time:332.671s step_avg:106.08ms
step:3137/3250 train_time:332.826s step_avg:106.10ms
step:3138/3250 train_time:332.980s step_avg:106.11ms
step:3139/3250 train_time:333.132s step_avg:106.13ms
step:3140/3250 train_time:333.287s step_avg:106.14ms
step:3140/3250 val_loss:3.28240 train_time:333.299s step_avg:154.37ms
step:3141/3250 train_time:333.444s step_avg:106.16ms
step:3142/3250 train_time:333.598s step_avg:106.17ms
step:3143/3250 train_time:333.751s step_avg:106.19ms
step:3144/3250 train_time:333.906s step_avg:106.20ms
step:3145/3250 train_time:334.060s step_avg:106.22ms
step:3146/3250 train_time:334.214s step_avg:106.23ms
step:3147/3250 train_time:334.369s step_avg:106.25ms
step:3148/3250 train_time:334.524s step_avg:106.27ms
step:3149/3250 train_time:334.680s step_avg:106.28ms
step:3150/3250 train_time:334.834s step_avg:106.30ms
step:3150/3250 val_loss:3.28141 train_time:334.846s step_avg:154.74ms
step:3151/3250 train_time:334.992s step_avg:106.31ms
step:3152/3250 train_time:335.145s step_avg:106.33ms
step:3153/3250 train_time:335.299s step_avg:106.34ms
step:3154/3250 train_time:335.455s step_avg:106.36ms
step:3155/3250 train_time:335.608s step_avg:106.37ms
step:3156/3250 train_time:335.762s step_avg:106.39ms
step:3157/3250 train_time:335.918s step_avg:106.40ms
step:3158/3250 train_time:336.075s step_avg:106.42ms
step:3159/3250 train_time:336.229s step_avg:106.44ms
step:3160/3250 train_time:336.383s step_avg:106.45ms
step:3160/3250 val_loss:3.28048 train_time:336.395s step_avg:154.86ms
step:3161/3250 train_time:336.538s step_avg:106.47ms
step:3162/3250 train_time:336.693s step_avg:106.48ms
step:3163/3250 train_time:336.848s step_avg:106.50ms
step:3164/3250 train_time:337.000s step_avg:106.51ms
step:3165/3250 train_time:337.154s step_avg:106.53ms
step:3166/3250 train_time:337.311s step_avg:106.54ms
step:3167/3250 train_time:337.465s step_avg:106.56ms
step:3168/3250 train_time:337.620s step_avg:106.57ms
step:3169/3250 train_time:337.774s step_avg:106.59ms
step:3170/3250 train_time:337.927s step_avg:106.60ms
step:3170/3250 val_loss:3.27966 train_time:337.939s step_avg:154.40ms
step:3171/3250 train_time:338.085s step_avg:106.62ms
step:3172/3250 train_time:338.238s step_avg:106.63ms
step:3173/3250 train_time:338.391s step_avg:106.65ms
step:3174/3250 train_time:338.544s step_avg:106.66ms
step:3175/3250 train_time:338.699s step_avg:106.68ms
step:3175/3250 val_loss:3.27919 train_time:338.711s step_avg:154.49ms
step:3176/3250 train_time:338.857s step_avg:106.69ms
step:3177/3250 train_time:339.011s step_avg:106.71ms
step:3178/3250 train_time:339.165s step_avg:106.72ms
step:3179/3250 train_time:339.321s step_avg:106.74ms
step:3180/3250 train_time:339.474s step_avg:106.75ms
step:3180/3250 val_loss:3.27886 train_time:339.486s step_avg:155.04ms
step:3181/3250 train_time:339.633s step_avg:106.77ms
step:3182/3250 train_time:339.786s step_avg:106.78ms
step:3183/3250 train_time:339.941s step_avg:106.80ms
step:3184/3250 train_time:340.095s step_avg:106.81ms
step:3185/3250 train_time:340.249s step_avg:106.83ms
step:3186/3250 train_time:340.403s step_avg:106.84ms
step:3187/3250 train_time:340.558s step_avg:106.86ms
step:3188/3250 train_time:340.712s step_avg:106.87ms
step:3189/3250 train_time:340.864s step_avg:106.89ms
step:3190/3250 train_time:341.019s step_avg:106.90ms
step:3190/3250 val_loss:3.27800 train_time:341.031s step_avg:154.51ms
step:3191/3250 train_time:341.175s step_avg:106.92ms
step:3192/3250 train_time:341.330s step_avg:106.93ms
step:3193/3250 train_time:341.483s step_avg:106.95ms
step:3194/3250 train_time:341.636s step_avg:106.96ms
step:3195/3250 train_time:341.791s step_avg:106.98ms
step:3196/3250 train_time:341.946s step_avg:106.99ms
step:3197/3250 train_time:342.100s step_avg:107.01ms
step:3198/3250 train_time:342.255s step_avg:107.02ms
step:3199/3250 train_time:342.411s step_avg:107.04ms
step:3200/3250 train_time:342.565s step_avg:107.05ms
step:3200/3250 val_loss:3.27727 train_time:342.577s step_avg:154.53ms
step:3201/3250 train_time:342.721s step_avg:107.07ms
step:3202/3250 train_time:342.874s step_avg:107.08ms
step:3203/3250 train_time:343.027s step_avg:107.10ms
step:3204/3250 train_time:343.182s step_avg:107.11ms
step:3205/3250 train_time:343.335s step_avg:107.12ms
step:3206/3250 train_time:343.491s step_avg:107.14ms
step:3207/3250 train_time:343.648s step_avg:107.16ms
step:3208/3250 train_time:343.803s step_avg:107.17ms
step:3209/3250 train_time:343.956s step_avg:107.18ms
step:3210/3250 train_time:344.113s step_avg:107.20ms
step:3210/3250 val_loss:3.27664 train_time:344.125s step_avg:154.85ms
step:3211/3250 train_time:344.270s step_avg:107.22ms
step:3212/3250 train_time:344.423s step_avg:107.23ms
step:3213/3250 train_time:344.579s step_avg:107.25ms
step:3214/3250 train_time:344.732s step_avg:107.26ms
step:3215/3250 train_time:344.886s step_avg:107.27ms
step:3216/3250 train_time:345.040s step_avg:107.29ms
step:3217/3250 train_time:345.195s step_avg:107.30ms
step:3218/3250 train_time:345.349s step_avg:107.32ms
step:3219/3250 train_time:345.504s step_avg:107.33ms
step:3220/3250 train_time:345.660s step_avg:107.35ms
step:3220/3250 val_loss:3.27606 train_time:345.672s step_avg:154.69ms
step:3221/3250 train_time:345.818s step_avg:107.36ms
step:3222/3250 train_time:345.972s step_avg:107.38ms
step:3223/3250 train_time:346.126s step_avg:107.39ms
step:3224/3250 train_time:346.280s step_avg:107.41ms
step:3225/3250 train_time:346.434s step_avg:107.42ms
step:3225/3250 val_loss:3.27584 train_time:346.445s step_avg:154.65ms
step:3226/3250 train_time:346.591s step_avg:107.44ms
step:3227/3250 train_time:346.745s step_avg:107.45ms
step:3228/3250 train_time:346.899s step_avg:107.47ms
step:3229/3250 train_time:347.053s step_avg:107.48ms
step:3230/3250 train_time:347.209s step_avg:107.50ms
step:3230/3250 val_loss:3.27568 train_time:347.221s step_avg:155.08ms
step:3231/3250 train_time:347.405s step_avg:107.52ms
step:3232/3250 train_time:347.557s step_avg:107.54ms
step:3233/3250 train_time:347.710s step_avg:107.55ms
step:3234/3250 train_time:347.865s step_avg:107.56ms
step:3235/3250 train_time:348.019s step_avg:107.58ms
step:3236/3250 train_time:348.173s step_avg:107.59ms
step:3237/3250 train_time:348.329s step_avg:107.61ms
step:3238/3250 train_time:348.483s step_avg:107.62ms
step:3239/3250 train_time:348.639s step_avg:107.64ms
step:3240/3250 train_time:348.793s step_avg:107.65ms
step:3240/3250 val_loss:3.27537 train_time:348.804s step_avg:158.33ms
step:3241/3250 train_time:348.950s step_avg:107.67ms
step:3242/3250 train_time:349.103s step_avg:107.68ms
step:3243/3250 train_time:349.257s step_avg:107.70ms
step:3244/3250 train_time:349.410s step_avg:107.71ms
step:3245/3250 train_time:349.564s step_avg:107.72ms
step:3246/3250 train_time:349.719s step_avg:107.74ms
step:3247/3250 train_time:349.874s step_avg:107.75ms
step:3248/3250 train_time:350.028s step_avg:107.77ms
step:3249/3250 train_time:350.183s step_avg:107.78ms
step:3250/3250 train_time:350.339s step_avg:107.80ms
step:3250/3250 val_loss:3.27524 train_time:350.350s step_avg:154.63ms
ARM_EXIT=0 seed=1 arm=plann_bimaxwell_control

===== expann_b0p982_b0p944 (seed 1) =====
W0830 13:25:33.198000 15860 torch/distributed/run.py:852] 
W0830 13:25:33.198000 15860 torch/distributed/run.py:852] *****************************************
W0830 13:25:33.198000 15860 torch/distributed/run.py:852] Setting OMP_NUM_THREADS environment variable for each process to be 1 in default, to avoid your system being overloaded, please further tune the variable for optimal performance in your application as needed. 
W0830 13:25:33.198000 15860 torch/distributed/run.py:852] *****************************************
logs/7ea67cfb-bf8e-462f-ad67-4d714be9d0bc.txt
resumed training state from step 1000 in warmstart_pl_anneal, skipped 1000 batches
step:0/3250 val_loss:3.65102 train_time:0.001s step_avg:nanms
step:1001/3250 train_time:2.660s step_avg:2.66ms
step:1002/3250 train_time:3.313s step_avg:3.31ms
step:1003/3250 train_time:3.474s step_avg:3.46ms
step:1004/3250 train_time:3.634s step_avg:3.62ms
step:1005/3250 train_time:3.792s step_avg:3.77ms
step:1006/3250 train_time:3.955s step_avg:3.93ms
step:1007/3250 train_time:4.116s step_avg:4.09ms
step:1008/3250 train_time:4.277s step_avg:4.24ms
step:1009/3250 train_time:4.437s step_avg:4.40ms
step:1010/3250 train_time:4.596s step_avg:4.55ms
step:1011/3250 train_time:4.755s step_avg:4.70ms
step:1012/3250 train_time:4.914s step_avg:4.86ms
step:1013/3250 train_time:5.073s step_avg:5.01ms
step:1014/3250 train_time:5.233s step_avg:5.16ms
step:1015/3250 train_time:5.392s step_avg:5.31ms
step:1016/3250 train_time:5.554s step_avg:5.47ms
step:1017/3250 train_time:5.718s step_avg:5.62ms
step:1018/3250 train_time:5.878s step_avg:5.77ms
step:1019/3250 train_time:6.042s step_avg:5.93ms
step:1020/3250 train_time:6.204s step_avg:6.08ms
step:1021/3250 train_time:6.364s step_avg:6.23ms
step:1022/3250 train_time:6.525s step_avg:6.38ms
step:1023/3250 train_time:6.693s step_avg:6.54ms
step:1024/3250 train_time:6.852s step_avg:6.69ms
step:1025/3250 train_time:7.013s step_avg:6.84ms
step:1026/3250 train_time:7.172s step_avg:6.99ms
step:1027/3250 train_time:7.332s step_avg:7.14ms
step:1028/3250 train_time:7.492s step_avg:7.29ms
step:1029/3250 train_time:7.654s step_avg:7.44ms
step:1030/3250 train_time:7.812s step_avg:7.58ms
step:1031/3250 train_time:7.970s step_avg:7.73ms
step:1032/3250 train_time:8.130s step_avg:7.88ms
step:1033/3250 train_time:8.288s step_avg:8.02ms
step:1034/3250 train_time:8.449s step_avg:8.17ms
step:1035/3250 train_time:8.608s step_avg:8.32ms
step:1036/3250 train_time:8.769s step_avg:8.46ms
step:1037/3250 train_time:8.929s step_avg:8.61ms
step:1038/3250 train_time:9.087s step_avg:8.75ms
step:1039/3250 train_time:9.247s step_avg:8.90ms
step:1040/3250 train_time:9.407s step_avg:9.04ms
step:1041/3250 train_time:9.566s step_avg:9.19ms
step:1042/3250 train_time:9.726s step_avg:9.33ms
step:1043/3250 train_time:9.888s step_avg:9.48ms
step:1044/3250 train_time:10.047s step_avg:9.62ms
step:1045/3250 train_time:10.207s step_avg:9.77ms
step:1046/3250 train_time:10.367s step_avg:9.91ms
step:1047/3250 train_time:10.526s step_avg:10.05ms
step:1048/3250 train_time:10.687s step_avg:10.20ms
step:1049/3250 train_time:10.846s step_avg:10.34ms
step:1050/3250 train_time:11.006s step_avg:10.48ms
step:1051/3250 train_time:11.165s step_avg:10.62ms
step:1052/3250 train_time:11.326s step_avg:10.77ms
step:1053/3250 train_time:11.485s step_avg:10.91ms
step:1054/3250 train_time:11.646s step_avg:11.05ms
step:1055/3250 train_time:11.806s step_avg:11.19ms
step:1056/3250 train_time:11.965s step_avg:11.33ms
step:1057/3250 train_time:12.126s step_avg:11.47ms
step:1058/3250 train_time:12.287s step_avg:11.61ms
step:1059/3250 train_time:12.447s step_avg:11.75ms
step:1060/3250 train_time:12.609s step_avg:11.89ms
step:1061/3250 train_time:12.769s step_avg:12.03ms
step:1062/3250 train_time:12.929s step_avg:12.17ms
step:1063/3250 train_time:13.090s step_avg:12.31ms
step:1064/3250 train_time:13.251s step_avg:12.45ms
step:1065/3250 train_time:13.414s step_avg:12.60ms
step:1066/3250 train_time:13.572s step_avg:12.73ms
step:1067/3250 train_time:13.731s step_avg:12.87ms
step:1068/3250 train_time:13.890s step_avg:13.01ms
step:1069/3250 train_time:14.050s step_avg:13.14ms
step:1070/3250 train_time:14.210s step_avg:13.28ms
step:1071/3250 train_time:14.374s step_avg:13.42ms
step:1072/3250 train_time:14.534s step_avg:13.56ms
step:1073/3250 train_time:14.692s step_avg:13.69ms
step:1074/3250 train_time:14.854s step_avg:13.83ms
step:1075/3250 train_time:15.014s step_avg:13.97ms
step:1076/3250 train_time:15.172s step_avg:14.10ms
step:1077/3250 train_time:15.332s step_avg:14.24ms
step:1078/3250 train_time:15.491s step_avg:14.37ms
step:1079/3250 train_time:15.650s step_avg:14.50ms
step:1080/3250 train_time:15.812s step_avg:14.64ms
step:1081/3250 train_time:15.972s step_avg:14.78ms
step:1082/3250 train_time:16.131s step_avg:14.91ms
step:1083/3250 train_time:16.291s step_avg:15.04ms
step:1084/3250 train_time:16.453s step_avg:15.18ms
step:1085/3250 train_time:16.611s step_avg:15.31ms
step:1086/3250 train_time:16.771s step_avg:15.44ms
step:1087/3250 train_time:16.931s step_avg:15.58ms
step:1088/3250 train_time:17.090s step_avg:15.71ms
step:1089/3250 train_time:17.251s step_avg:15.84ms
step:1090/3250 train_time:17.409s step_avg:15.97ms
step:1091/3250 train_time:17.570s step_avg:16.10ms
step:1092/3250 train_time:17.732s step_avg:16.24ms
step:1093/3250 train_time:17.891s step_avg:16.37ms
step:1094/3250 train_time:18.051s step_avg:16.50ms
step:1095/3250 train_time:18.210s step_avg:16.63ms
step:1096/3250 train_time:18.371s step_avg:16.76ms
step:1097/3250 train_time:18.532s step_avg:16.89ms
step:1098/3250 train_time:18.691s step_avg:17.02ms
step:1099/3250 train_time:18.851s step_avg:17.15ms
step:1100/3250 train_time:19.011s step_avg:17.28ms
step:1101/3250 train_time:19.172s step_avg:17.41ms
step:1102/3250 train_time:19.331s step_avg:17.54ms
step:1103/3250 train_time:19.491s step_avg:17.67ms
step:1104/3250 train_time:19.651s step_avg:17.80ms
step:1105/3250 train_time:19.810s step_avg:17.93ms
step:1106/3250 train_time:19.970s step_avg:18.06ms
step:1107/3250 train_time:20.131s step_avg:18.19ms
step:1108/3250 train_time:20.291s step_avg:18.31ms
step:1109/3250 train_time:20.452s step_avg:18.44ms
step:1110/3250 train_time:20.612s step_avg:18.57ms
step:1111/3250 train_time:20.773s step_avg:18.70ms
step:1112/3250 train_time:20.933s step_avg:18.82ms
step:1113/3250 train_time:21.093s step_avg:18.95ms
step:1114/3250 train_time:21.254s step_avg:19.08ms
step:1115/3250 train_time:21.413s step_avg:19.20ms
step:1116/3250 train_time:21.572s step_avg:19.33ms
step:1117/3250 train_time:21.732s step_avg:19.46ms
step:1118/3250 train_time:21.891s step_avg:19.58ms
step:1119/3250 train_time:22.051s step_avg:19.71ms
step:1120/3250 train_time:22.212s step_avg:19.83ms
step:1121/3250 train_time:22.372s step_avg:19.96ms
step:1122/3250 train_time:22.532s step_avg:20.08ms
step:1123/3250 train_time:22.692s step_avg:20.21ms
step:1124/3250 train_time:22.851s step_avg:20.33ms
step:1125/3250 train_time:23.012s step_avg:20.46ms
step:1125/3250 val_loss:3.65528 train_time:23.012s step_avg:20.45ms
step:1126/3250 train_time:23.176s step_avg:20.58ms
step:1127/3250 train_time:23.338s step_avg:20.71ms
step:1128/3250 train_time:23.500s step_avg:20.83ms
step:1129/3250 train_time:23.660s step_avg:20.96ms
step:1130/3250 train_time:23.822s step_avg:21.08ms
step:1131/3250 train_time:23.981s step_avg:21.20ms
step:1132/3250 train_time:24.144s step_avg:21.33ms
step:1133/3250 train_time:24.304s step_avg:21.45ms
step:1134/3250 train_time:24.464s step_avg:21.57ms
step:1135/3250 train_time:24.624s step_avg:21.70ms
step:1136/3250 train_time:24.784s step_avg:21.82ms
step:1137/3250 train_time:24.945s step_avg:21.94ms
step:1138/3250 train_time:25.105s step_avg:22.06ms
step:1139/3250 train_time:25.265s step_avg:22.18ms
step:1140/3250 train_time:25.425s step_avg:22.30ms
step:1141/3250 train_time:25.637s step_avg:22.47ms
step:1142/3250 train_time:25.797s step_avg:22.59ms
step:1143/3250 train_time:25.960s step_avg:22.71ms
step:1144/3250 train_time:26.120s step_avg:22.83ms
step:1145/3250 train_time:26.279s step_avg:22.95ms
step:1146/3250 train_time:26.439s step_avg:23.07ms
step:1147/3250 train_time:26.599s step_avg:23.19ms
step:1148/3250 train_time:26.759s step_avg:23.31ms
step:1149/3250 train_time:26.922s step_avg:23.43ms
step:1150/3250 train_time:27.082s step_avg:23.55ms
step:1151/3250 train_time:27.243s step_avg:23.67ms
step:1152/3250 train_time:27.402s step_avg:23.79ms
step:1153/3250 train_time:27.562s step_avg:23.90ms
step:1154/3250 train_time:27.723s step_avg:24.02ms
step:1155/3250 train_time:27.885s step_avg:24.14ms
step:1156/3250 train_time:28.045s step_avg:24.26ms
step:1157/3250 train_time:28.204s step_avg:24.38ms
step:1158/3250 train_time:28.365s step_avg:24.50ms
step:1159/3250 train_time:28.527s step_avg:24.61ms
step:1160/3250 train_time:28.688s step_avg:24.73ms
step:1161/3250 train_time:28.847s step_avg:24.85ms
step:1162/3250 train_time:29.006s step_avg:24.96ms
step:1163/3250 train_time:29.167s step_avg:25.08ms
step:1164/3250 train_time:29.327s step_avg:25.19ms
step:1165/3250 train_time:29.486s step_avg:25.31ms
step:1166/3250 train_time:29.646s step_avg:25.43ms
step:1167/3250 train_time:29.808s step_avg:25.54ms
step:1168/3250 train_time:29.968s step_avg:25.66ms
step:1169/3250 train_time:30.129s step_avg:25.77ms
step:1170/3250 train_time:30.288s step_avg:25.89ms
step:1171/3250 train_time:30.448s step_avg:26.00ms
step:1172/3250 train_time:30.608s step_avg:26.12ms
step:1173/3250 train_time:30.769s step_avg:26.23ms
step:1174/3250 train_time:30.928s step_avg:26.34ms
step:1175/3250 train_time:31.088s step_avg:26.46ms
step:1176/3250 train_time:31.249s step_avg:26.57ms
step:1177/3250 train_time:31.410s step_avg:26.69ms
step:1178/3250 train_time:31.571s step_avg:26.80ms
step:1179/3250 train_time:31.731s step_avg:26.91ms
step:1180/3250 train_time:31.890s step_avg:27.03ms
step:1181/3250 train_time:32.051s step_avg:27.14ms
step:1182/3250 train_time:32.211s step_avg:27.25ms
step:1183/3250 train_time:32.372s step_avg:27.36ms
step:1184/3250 train_time:32.532s step_avg:27.48ms
step:1185/3250 train_time:32.693s step_avg:27.59ms
step:1186/3250 train_time:32.853s step_avg:27.70ms
step:1187/3250 train_time:33.014s step_avg:27.81ms
step:1188/3250 train_time:33.174s step_avg:27.92ms
step:1189/3250 train_time:33.336s step_avg:28.04ms
step:1190/3250 train_time:33.498s step_avg:28.15ms
step:1191/3250 train_time:33.658s step_avg:28.26ms
step:1192/3250 train_time:33.818s step_avg:28.37ms
step:1193/3250 train_time:33.980s step_avg:28.48ms
step:1194/3250 train_time:34.140s step_avg:28.59ms
step:1195/3250 train_time:34.300s step_avg:28.70ms
step:1196/3250 train_time:34.461s step_avg:28.81ms
step:1197/3250 train_time:34.621s step_avg:28.92ms
step:1198/3250 train_time:34.782s step_avg:29.03ms
step:1199/3250 train_time:34.944s step_avg:29.14ms
step:1200/3250 train_time:35.103s step_avg:29.25ms
step:1201/3250 train_time:35.264s step_avg:29.36ms
step:1202/3250 train_time:35.424s step_avg:29.47ms
step:1203/3250 train_time:35.586s step_avg:29.58ms
step:1204/3250 train_time:35.746s step_avg:29.69ms
step:1205/3250 train_time:35.906s step_avg:29.80ms
step:1206/3250 train_time:36.067s step_avg:29.91ms
step:1207/3250 train_time:36.226s step_avg:30.01ms
step:1208/3250 train_time:36.386s step_avg:30.12ms
step:1209/3250 train_time:36.546s step_avg:30.23ms
step:1210/3250 train_time:36.707s step_avg:30.34ms
step:1211/3250 train_time:36.869s step_avg:30.45ms
step:1212/3250 train_time:37.030s step_avg:30.55ms
step:1213/3250 train_time:37.191s step_avg:30.66ms
step:1214/3250 train_time:37.351s step_avg:30.77ms
step:1215/3250 train_time:37.512s step_avg:30.87ms
step:1216/3250 train_time:37.671s step_avg:30.98ms
step:1217/3250 train_time:37.831s step_avg:31.09ms
step:1218/3250 train_time:37.992s step_avg:31.19ms
step:1219/3250 train_time:38.152s step_avg:31.30ms
step:1220/3250 train_time:38.313s step_avg:31.40ms
step:1221/3250 train_time:38.473s step_avg:31.51ms
step:1222/3250 train_time:38.633s step_avg:31.61ms
step:1223/3250 train_time:38.796s step_avg:31.72ms
step:1224/3250 train_time:38.957s step_avg:31.83ms
step:1225/3250 train_time:39.118s step_avg:31.93ms
step:1226/3250 train_time:39.278s step_avg:32.04ms
step:1227/3250 train_time:39.438s step_avg:32.14ms
step:1228/3250 train_time:39.600s step_avg:32.25ms
step:1229/3250 train_time:39.760s step_avg:32.35ms
step:1230/3250 train_time:39.920s step_avg:32.46ms
step:1231/3250 train_time:40.080s step_avg:32.56ms
step:1232/3250 train_time:40.241s step_avg:32.66ms
step:1233/3250 train_time:40.400s step_avg:32.77ms
step:1234/3250 train_time:40.560s step_avg:32.87ms
step:1235/3250 train_time:40.722s step_avg:32.97ms
step:1236/3250 train_time:40.885s step_avg:33.08ms
step:1237/3250 train_time:41.045s step_avg:33.18ms
step:1238/3250 train_time:41.204s step_avg:33.28ms
step:1239/3250 train_time:41.366s step_avg:33.39ms
step:1240/3250 train_time:41.528s step_avg:33.49ms
step:1241/3250 train_time:41.687s step_avg:33.59ms
step:1242/3250 train_time:41.849s step_avg:33.69ms
step:1243/3250 train_time:42.009s step_avg:33.80ms
step:1244/3250 train_time:42.175s step_avg:33.90ms
step:1245/3250 train_time:42.339s step_avg:34.01ms
step:1246/3250 train_time:42.499s step_avg:34.11ms
step:1247/3250 train_time:42.660s step_avg:34.21ms
step:1248/3250 train_time:42.820s step_avg:34.31ms
step:1249/3250 train_time:42.981s step_avg:34.41ms
step:1250/3250 train_time:43.143s step_avg:34.51ms
step:1250/3250 val_loss:3.60465 train_time:43.144s step_avg:161.05ms
step:1251/3250 train_time:43.307s step_avg:34.62ms
step:1252/3250 train_time:43.469s step_avg:34.72ms
step:1253/3250 train_time:43.631s step_avg:34.82ms
step:1254/3250 train_time:43.791s step_avg:34.92ms
step:1255/3250 train_time:43.952s step_avg:35.02ms
step:1256/3250 train_time:44.116s step_avg:35.12ms
step:1257/3250 train_time:44.277s step_avg:35.22ms
step:1258/3250 train_time:44.437s step_avg:35.32ms
step:1259/3250 train_time:44.602s step_avg:35.43ms
step:1260/3250 train_time:44.762s step_avg:35.53ms
step:1261/3250 train_time:44.922s step_avg:35.62ms
step:1262/3250 train_time:45.083s step_avg:35.72ms
step:1263/3250 train_time:45.242s step_avg:35.82ms
step:1264/3250 train_time:45.402s step_avg:35.92ms
step:1265/3250 train_time:45.563s step_avg:36.02ms
step:1266/3250 train_time:45.722s step_avg:36.12ms
step:1267/3250 train_time:45.884s step_avg:36.21ms
step:1268/3250 train_time:46.044s step_avg:36.31ms
step:1269/3250 train_time:46.205s step_avg:36.41ms
step:1270/3250 train_time:46.365s step_avg:36.51ms
step:1271/3250 train_time:46.525s step_avg:36.61ms
step:1272/3250 train_time:46.687s step_avg:36.70ms
step:1273/3250 train_time:46.846s step_avg:36.80ms
step:1274/3250 train_time:47.008s step_avg:36.90ms
step:1275/3250 train_time:47.171s step_avg:37.00ms
step:1276/3250 train_time:47.333s step_avg:37.10ms
step:1277/3250 train_time:47.496s step_avg:37.19ms
step:1278/3250 train_time:47.655s step_avg:37.29ms
step:1279/3250 train_time:47.816s step_avg:37.39ms
step:1280/3250 train_time:47.977s step_avg:37.48ms
step:1281/3250 train_time:48.137s step_avg:37.58ms
step:1282/3250 train_time:48.299s step_avg:37.68ms
step:1283/3250 train_time:48.459s step_avg:37.77ms
step:1284/3250 train_time:48.620s step_avg:37.87ms
step:1285/3250 train_time:48.780s step_avg:37.96ms
step:1286/3250 train_time:48.941s step_avg:38.06ms
step:1287/3250 train_time:49.103s step_avg:38.15ms
step:1288/3250 train_time:49.263s step_avg:38.25ms
step:1289/3250 train_time:49.424s step_avg:38.34ms
step:1290/3250 train_time:49.583s step_avg:38.44ms
step:1291/3250 train_time:49.743s step_avg:38.53ms
step:1292/3250 train_time:49.903s step_avg:38.62ms
step:1293/3250 train_time:50.063s step_avg:38.72ms
step:1294/3250 train_time:50.224s step_avg:38.81ms
step:1295/3250 train_time:50.384s step_avg:38.91ms
step:1296/3250 train_time:50.545s step_avg:39.00ms
step:1297/3250 train_time:50.706s step_avg:39.10ms
step:1298/3250 train_time:50.868s step_avg:39.19ms
step:1299/3250 train_time:51.030s step_avg:39.28ms
step:1300/3250 train_time:51.190s step_avg:39.38ms
step:1301/3250 train_time:51.351s step_avg:39.47ms
step:1302/3250 train_time:51.512s step_avg:39.56ms
step:1303/3250 train_time:51.672s step_avg:39.66ms
step:1304/3250 train_time:51.834s step_avg:39.75ms
step:1305/3250 train_time:51.993s step_avg:39.84ms
step:1306/3250 train_time:52.155s step_avg:39.93ms
step:1307/3250 train_time:52.315s step_avg:40.03ms
step:1308/3250 train_time:52.475s step_avg:40.12ms
step:1309/3250 train_time:52.637s step_avg:40.21ms
step:1310/3250 train_time:52.798s step_avg:40.30ms
step:1311/3250 train_time:52.961s step_avg:40.40ms
step:1312/3250 train_time:53.122s step_avg:40.49ms
step:1313/3250 train_time:53.281s step_avg:40.58ms
step:1314/3250 train_time:53.441s step_avg:40.67ms
step:1315/3250 train_time:53.601s step_avg:40.76ms
step:1316/3250 train_time:53.763s step_avg:40.85ms
step:1317/3250 train_time:53.923s step_avg:40.94ms
step:1318/3250 train_time:54.084s step_avg:41.03ms
step:1319/3250 train_time:54.245s step_avg:41.13ms
step:1320/3250 train_time:54.405s step_avg:41.22ms
step:1321/3250 train_time:54.567s step_avg:41.31ms
step:1322/3250 train_time:54.725s step_avg:41.40ms
step:1323/3250 train_time:54.886s step_avg:41.49ms
step:1324/3250 train_time:55.045s step_avg:41.58ms
step:1325/3250 train_time:55.205s step_avg:41.66ms
step:1326/3250 train_time:55.366s step_avg:41.75ms
step:1327/3250 train_time:55.526s step_avg:41.84ms
step:1328/3250 train_time:55.686s step_avg:41.93ms
step:1329/3250 train_time:55.847s step_avg:42.02ms
step:1330/3250 train_time:56.007s step_avg:42.11ms
step:1331/3250 train_time:56.212s step_avg:42.23ms
step:1332/3250 train_time:56.373s step_avg:42.32ms
step:1333/3250 train_time:56.534s step_avg:42.41ms
step:1334/3250 train_time:56.698s step_avg:42.50ms
step:1335/3250 train_time:56.858s step_avg:42.59ms
step:1336/3250 train_time:57.017s step_avg:42.68ms
step:1337/3250 train_time:57.178s step_avg:42.77ms
step:1338/3250 train_time:57.339s step_avg:42.85ms
step:1339/3250 train_time:57.501s step_avg:42.94ms
step:1340/3250 train_time:57.660s step_avg:43.03ms
step:1341/3250 train_time:57.820s step_avg:43.12ms
step:1342/3250 train_time:57.981s step_avg:43.21ms
step:1343/3250 train_time:58.140s step_avg:43.29ms
step:1344/3250 train_time:58.300s step_avg:43.38ms
step:1345/3250 train_time:58.460s step_avg:43.46ms
step:1346/3250 train_time:58.620s step_avg:43.55ms
step:1347/3250 train_time:58.782s step_avg:43.64ms
step:1348/3250 train_time:58.942s step_avg:43.73ms
step:1349/3250 train_time:59.102s step_avg:43.81ms
step:1350/3250 train_time:59.263s step_avg:43.90ms
step:1351/3250 train_time:59.424s step_avg:43.98ms
step:1352/3250 train_time:59.583s step_avg:44.07ms
step:1353/3250 train_time:59.743s step_avg:44.16ms
step:1354/3250 train_time:59.904s step_avg:44.24ms
step:1355/3250 train_time:60.065s step_avg:44.33ms
step:1356/3250 train_time:60.225s step_avg:44.41ms
step:1357/3250 train_time:60.386s step_avg:44.50ms
step:1358/3250 train_time:60.550s step_avg:44.59ms
step:1359/3250 train_time:60.712s step_avg:44.67ms
step:1360/3250 train_time:60.873s step_avg:44.76ms
step:1361/3250 train_time:61.035s step_avg:44.85ms
step:1362/3250 train_time:61.195s step_avg:44.93ms
step:1363/3250 train_time:61.358s step_avg:45.02ms
step:1364/3250 train_time:61.519s step_avg:45.10ms
step:1365/3250 train_time:61.679s step_avg:45.19ms
step:1366/3250 train_time:61.840s step_avg:45.27ms
step:1367/3250 train_time:62.002s step_avg:45.36ms
step:1368/3250 train_time:62.162s step_avg:45.44ms
step:1369/3250 train_time:62.323s step_avg:45.52ms
step:1370/3250 train_time:62.483s step_avg:45.61ms
step:1371/3250 train_time:62.644s step_avg:45.69ms
step:1372/3250 train_time:62.804s step_avg:45.78ms
step:1373/3250 train_time:62.965s step_avg:45.86ms
step:1374/3250 train_time:63.126s step_avg:45.94ms
step:1375/3250 train_time:63.294s step_avg:46.03ms
step:1375/3250 val_loss:3.57034 train_time:63.295s step_avg:161.21ms
step:1376/3250 train_time:63.459s step_avg:46.12ms
step:1377/3250 train_time:63.620s step_avg:46.20ms
step:1378/3250 train_time:63.782s step_avg:46.29ms
step:1379/3250 train_time:63.941s step_avg:46.37ms
step:1380/3250 train_time:64.101s step_avg:46.45ms
step:1381/3250 train_time:64.261s step_avg:46.53ms
step:1382/3250 train_time:64.422s step_avg:46.62ms
step:1383/3250 train_time:64.585s step_avg:46.70ms
step:1384/3250 train_time:64.746s step_avg:46.78ms
step:1385/3250 train_time:64.906s step_avg:46.86ms
step:1386/3250 train_time:65.069s step_avg:46.95ms
step:1387/3250 train_time:65.229s step_avg:47.03ms
step:1388/3250 train_time:65.390s step_avg:47.11ms
step:1389/3250 train_time:65.551s step_avg:47.19ms
step:1390/3250 train_time:65.711s step_avg:47.27ms
step:1391/3250 train_time:65.873s step_avg:47.36ms
step:1392/3250 train_time:66.033s step_avg:47.44ms
step:1393/3250 train_time:66.195s step_avg:47.52ms
step:1394/3250 train_time:66.356s step_avg:47.60ms
step:1395/3250 train_time:66.517s step_avg:47.68ms
step:1396/3250 train_time:66.679s step_avg:47.76ms
step:1397/3250 train_time:66.839s step_avg:47.84ms
step:1398/3250 train_time:67.000s step_avg:47.93ms
step:1399/3250 train_time:67.161s step_avg:48.01ms
step:1400/3250 train_time:67.322s step_avg:48.09ms
step:1401/3250 train_time:67.483s step_avg:48.17ms
step:1402/3250 train_time:67.643s step_avg:48.25ms
step:1403/3250 train_time:67.804s step_avg:48.33ms
step:1404/3250 train_time:67.965s step_avg:48.41ms
step:1405/3250 train_time:68.126s step_avg:48.49ms
step:1406/3250 train_time:68.287s step_avg:48.57ms
step:1407/3250 train_time:68.449s step_avg:48.65ms
step:1408/3250 train_time:68.610s step_avg:48.73ms
step:1409/3250 train_time:68.771s step_avg:48.81ms
step:1410/3250 train_time:68.931s step_avg:48.89ms
step:1411/3250 train_time:69.092s step_avg:48.97ms
step:1412/3250 train_time:69.253s step_avg:49.05ms
step:1413/3250 train_time:69.414s step_avg:49.13ms
step:1414/3250 train_time:69.575s step_avg:49.20ms
step:1415/3250 train_time:69.736s step_avg:49.28ms
step:1416/3250 train_time:69.897s step_avg:49.36ms
step:1417/3250 train_time:70.058s step_avg:49.44ms
step:1418/3250 train_time:70.223s step_avg:49.52ms
step:1419/3250 train_time:70.384s step_avg:49.60ms
step:1420/3250 train_time:70.544s step_avg:49.68ms
step:1421/3250 train_time:70.705s step_avg:49.76ms
step:1422/3250 train_time:70.864s step_avg:49.83ms
step:1423/3250 train_time:71.024s step_avg:49.91ms
step:1424/3250 train_time:71.185s step_avg:49.99ms
step:1425/3250 train_time:71.346s step_avg:50.07ms
step:1426/3250 train_time:71.506s step_avg:50.14ms
step:1427/3250 train_time:71.667s step_avg:50.22ms
step:1428/3250 train_time:71.830s step_avg:50.30ms
step:1429/3250 train_time:71.991s step_avg:50.38ms
step:1430/3250 train_time:72.153s step_avg:50.46ms
step:1431/3250 train_time:72.314s step_avg:50.53ms
step:1432/3250 train_time:72.475s step_avg:50.61ms
step:1433/3250 train_time:72.637s step_avg:50.69ms
step:1434/3250 train_time:72.798s step_avg:50.77ms
step:1435/3250 train_time:72.958s step_avg:50.84ms
step:1436/3250 train_time:73.121s step_avg:50.92ms
step:1437/3250 train_time:73.283s step_avg:51.00ms
step:1438/3250 train_time:73.444s step_avg:51.07ms
step:1439/3250 train_time:73.603s step_avg:51.15ms
step:1440/3250 train_time:73.764s step_avg:51.23ms
step:1441/3250 train_time:73.925s step_avg:51.30ms
step:1442/3250 train_time:74.086s step_avg:51.38ms
step:1443/3250 train_time:74.248s step_avg:51.45ms
step:1444/3250 train_time:74.409s step_avg:51.53ms
step:1445/3250 train_time:74.570s step_avg:51.61ms
step:1446/3250 train_time:74.732s step_avg:51.68ms
step:1447/3250 train_time:74.896s step_avg:51.76ms
step:1448/3250 train_time:75.055s step_avg:51.83ms
step:1449/3250 train_time:75.217s step_avg:51.91ms
step:1450/3250 train_time:75.378s step_avg:51.98ms
step:1451/3250 train_time:75.538s step_avg:52.06ms
step:1452/3250 train_time:75.698s step_avg:52.13ms
step:1453/3250 train_time:75.858s step_avg:52.21ms
step:1454/3250 train_time:76.022s step_avg:52.28ms
step:1455/3250 train_time:76.182s step_avg:52.36ms
step:1456/3250 train_time:76.343s step_avg:52.43ms
step:1457/3250 train_time:76.504s step_avg:52.51ms
step:1458/3250 train_time:76.665s step_avg:52.58ms
step:1459/3250 train_time:76.825s step_avg:52.66ms
step:1460/3250 train_time:76.987s step_avg:52.73ms
step:1461/3250 train_time:77.150s step_avg:52.81ms
step:1462/3250 train_time:77.310s step_avg:52.88ms
step:1463/3250 train_time:77.472s step_avg:52.95ms
step:1464/3250 train_time:77.632s step_avg:53.03ms
step:1465/3250 train_time:77.794s step_avg:53.10ms
step:1466/3250 train_time:77.956s step_avg:53.18ms
step:1467/3250 train_time:78.118s step_avg:53.25ms
step:1468/3250 train_time:78.280s step_avg:53.32ms
step:1469/3250 train_time:78.440s step_avg:53.40ms
step:1470/3250 train_time:78.601s step_avg:53.47ms
step:1471/3250 train_time:78.761s step_avg:53.54ms
step:1472/3250 train_time:78.922s step_avg:53.62ms
step:1473/3250 train_time:79.083s step_avg:53.69ms
step:1474/3250 train_time:79.245s step_avg:53.76ms
step:1475/3250 train_time:79.404s step_avg:53.83ms
step:1476/3250 train_time:79.570s step_avg:53.91ms
step:1477/3250 train_time:79.733s step_avg:53.98ms
step:1478/3250 train_time:79.895s step_avg:54.06ms
step:1479/3250 train_time:80.057s step_avg:54.13ms
step:1480/3250 train_time:80.218s step_avg:54.20ms
step:1481/3250 train_time:80.378s step_avg:54.27ms
step:1482/3250 train_time:80.537s step_avg:54.34ms
step:1483/3250 train_time:80.698s step_avg:54.42ms
step:1484/3250 train_time:80.859s step_avg:54.49ms
step:1485/3250 train_time:81.020s step_avg:54.56ms
step:1486/3250 train_time:81.182s step_avg:54.63ms
step:1487/3250 train_time:81.341s step_avg:54.70ms
step:1488/3250 train_time:81.503s step_avg:54.77ms
step:1489/3250 train_time:81.666s step_avg:54.85ms
step:1490/3250 train_time:81.825s step_avg:54.92ms
step:1491/3250 train_time:81.986s step_avg:54.99ms
step:1492/3250 train_time:82.147s step_avg:55.06ms
step:1493/3250 train_time:82.308s step_avg:55.13ms
step:1494/3250 train_time:82.469s step_avg:55.20ms
step:1495/3250 train_time:82.629s step_avg:55.27ms
step:1496/3250 train_time:82.791s step_avg:55.34ms
step:1497/3250 train_time:82.952s step_avg:55.41ms
step:1498/3250 train_time:83.113s step_avg:55.48ms
step:1499/3250 train_time:83.275s step_avg:55.55ms
step:1500/3250 train_time:83.435s step_avg:55.62ms
step:1500/3250 val_loss:3.53686 train_time:83.435s step_avg:161.12ms
step:1501/3250 train_time:83.598s step_avg:55.69ms
step:1502/3250 train_time:83.758s step_avg:55.76ms
step:1503/3250 train_time:83.918s step_avg:55.83ms
step:1504/3250 train_time:84.078s step_avg:55.90ms
step:1505/3250 train_time:84.240s step_avg:55.97ms
step:1506/3250 train_time:84.401s step_avg:56.04ms
step:1507/3250 train_time:84.562s step_avg:56.11ms
step:1508/3250 train_time:84.724s step_avg:56.18ms
step:1509/3250 train_time:84.885s step_avg:56.25ms
step:1510/3250 train_time:85.047s step_avg:56.32ms
step:1511/3250 train_time:85.208s step_avg:56.39ms
step:1512/3250 train_time:85.369s step_avg:56.46ms
step:1513/3250 train_time:85.530s step_avg:56.53ms
step:1514/3250 train_time:85.691s step_avg:56.60ms
step:1515/3250 train_time:85.852s step_avg:56.67ms
step:1516/3250 train_time:86.013s step_avg:56.74ms
step:1517/3250 train_time:86.174s step_avg:56.81ms
step:1518/3250 train_time:86.336s step_avg:56.88ms
step:1519/3250 train_time:86.498s step_avg:56.94ms
step:1520/3250 train_time:86.658s step_avg:57.01ms
step:1521/3250 train_time:86.871s step_avg:57.11ms
step:1522/3250 train_time:87.032s step_avg:57.18ms
step:1523/3250 train_time:87.193s step_avg:57.25ms
step:1524/3250 train_time:87.354s step_avg:57.32ms
step:1525/3250 train_time:87.515s step_avg:57.39ms
step:1526/3250 train_time:87.676s step_avg:57.45ms
step:1527/3250 train_time:87.837s step_avg:57.52ms
step:1528/3250 train_time:87.997s step_avg:57.59ms
step:1529/3250 train_time:88.159s step_avg:57.66ms
step:1530/3250 train_time:88.319s step_avg:57.72ms
step:1531/3250 train_time:88.484s step_avg:57.80ms
step:1532/3250 train_time:88.645s step_avg:57.86ms
step:1533/3250 train_time:88.807s step_avg:57.93ms
step:1534/3250 train_time:88.970s step_avg:58.00ms
step:1535/3250 train_time:89.130s step_avg:58.07ms
step:1536/3250 train_time:89.292s step_avg:58.13ms
step:1537/3250 train_time:89.453s step_avg:58.20ms
step:1538/3250 train_time:89.614s step_avg:58.27ms
step:1539/3250 train_time:89.775s step_avg:58.33ms
step:1540/3250 train_time:89.936s step_avg:58.40ms
step:1541/3250 train_time:90.098s step_avg:58.47ms
step:1542/3250 train_time:90.257s step_avg:58.53ms
step:1543/3250 train_time:90.417s step_avg:58.60ms
step:1544/3250 train_time:90.581s step_avg:58.67ms
step:1545/3250 train_time:90.740s step_avg:58.73ms
step:1546/3250 train_time:90.903s step_avg:58.80ms
step:1547/3250 train_time:91.064s step_avg:58.87ms
step:1548/3250 train_time:91.225s step_avg:58.93ms
step:1549/3250 train_time:91.388s step_avg:59.00ms
step:1550/3250 train_time:91.548s step_avg:59.06ms
step:1551/3250 train_time:91.709s step_avg:59.13ms
step:1552/3250 train_time:91.870s step_avg:59.19ms
step:1553/3250 train_time:92.031s step_avg:59.26ms
step:1554/3250 train_time:92.194s step_avg:59.33ms
step:1555/3250 train_time:92.355s step_avg:59.39ms
step:1556/3250 train_time:92.516s step_avg:59.46ms
step:1557/3250 train_time:92.676s step_avg:59.52ms
step:1558/3250 train_time:92.837s step_avg:59.59ms
step:1559/3250 train_time:92.998s step_avg:59.65ms
step:1560/3250 train_time:93.157s step_avg:59.72ms
step:1561/3250 train_time:93.319s step_avg:59.78ms
step:1562/3250 train_time:93.479s step_avg:59.85ms
step:1563/3250 train_time:93.640s step_avg:59.91ms
step:1564/3250 train_time:93.803s step_avg:59.98ms
step:1565/3250 train_time:93.964s step_avg:60.04ms
step:1566/3250 train_time:94.124s step_avg:60.10ms
step:1567/3250 train_time:94.285s step_avg:60.17ms
step:1568/3250 train_time:94.446s step_avg:60.23ms
step:1569/3250 train_time:94.608s step_avg:60.30ms
step:1570/3250 train_time:94.769s step_avg:60.36ms
step:1571/3250 train_time:94.933s step_avg:60.43ms
step:1572/3250 train_time:95.094s step_avg:60.49ms
step:1573/3250 train_time:95.254s step_avg:60.56ms
step:1574/3250 train_time:95.416s step_avg:60.62ms
step:1575/3250 train_time:95.577s step_avg:60.68ms
step:1576/3250 train_time:95.738s step_avg:60.75ms
step:1577/3250 train_time:95.898s step_avg:60.81ms
step:1578/3250 train_time:96.058s step_avg:60.87ms
step:1579/3250 train_time:96.218s step_avg:60.94ms
step:1580/3250 train_time:96.378s step_avg:61.00ms
step:1581/3250 train_time:96.540s step_avg:61.06ms
step:1582/3250 train_time:96.699s step_avg:61.12ms
step:1583/3250 train_time:96.859s step_avg:61.19ms
step:1584/3250 train_time:97.020s step_avg:61.25ms
step:1585/3250 train_time:97.179s step_avg:61.31ms
step:1586/3250 train_time:97.339s step_avg:61.37ms
step:1587/3250 train_time:97.499s step_avg:61.44ms
step:1588/3250 train_time:97.660s step_avg:61.50ms
step:1589/3250 train_time:97.820s step_avg:61.56ms
step:1590/3250 train_time:97.981s step_avg:61.62ms
step:1591/3250 train_time:98.141s step_avg:61.69ms
step:1592/3250 train_time:98.301s step_avg:61.75ms
step:1593/3250 train_time:98.463s step_avg:61.81ms
step:1594/3250 train_time:98.623s step_avg:61.87ms
step:1595/3250 train_time:98.784s step_avg:61.93ms
step:1596/3250 train_time:98.944s step_avg:62.00ms
step:1597/3250 train_time:99.107s step_avg:62.06ms
step:1598/3250 train_time:99.273s step_avg:62.12ms
step:1599/3250 train_time:99.435s step_avg:62.19ms
step:1600/3250 train_time:99.597s step_avg:62.25ms
step:1601/3250 train_time:99.757s step_avg:62.31ms
step:1602/3250 train_time:99.918s step_avg:62.37ms
step:1603/3250 train_time:100.079s step_avg:62.43ms
step:1604/3250 train_time:100.238s step_avg:62.49ms
step:1605/3250 train_time:100.399s step_avg:62.55ms
step:1606/3250 train_time:100.560s step_avg:62.61ms
step:1607/3250 train_time:100.720s step_avg:62.68ms
step:1608/3250 train_time:100.880s step_avg:62.74ms
step:1609/3250 train_time:101.041s step_avg:62.80ms
step:1610/3250 train_time:101.202s step_avg:62.86ms
step:1611/3250 train_time:101.361s step_avg:62.92ms
step:1612/3250 train_time:101.522s step_avg:62.98ms
step:1613/3250 train_time:101.684s step_avg:63.04ms
step:1614/3250 train_time:101.844s step_avg:63.10ms
step:1615/3250 train_time:102.005s step_avg:63.16ms
step:1616/3250 train_time:102.166s step_avg:63.22ms
step:1617/3250 train_time:102.328s step_avg:63.28ms
step:1618/3250 train_time:102.491s step_avg:63.34ms
step:1619/3250 train_time:102.652s step_avg:63.40ms
step:1620/3250 train_time:102.813s step_avg:63.46ms
step:1621/3250 train_time:102.974s step_avg:63.52ms
step:1622/3250 train_time:103.135s step_avg:63.59ms
step:1623/3250 train_time:103.297s step_avg:63.65ms
step:1624/3250 train_time:103.457s step_avg:63.70ms
step:1625/3250 train_time:103.617s step_avg:63.76ms
step:1625/3250 val_loss:3.51245 train_time:103.617s step_avg:161.46ms
step:1626/3250 train_time:103.782s step_avg:63.83ms
step:1627/3250 train_time:103.943s step_avg:63.89ms
step:1628/3250 train_time:104.105s step_avg:63.95ms
step:1629/3250 train_time:104.267s step_avg:64.01ms
step:1630/3250 train_time:104.429s step_avg:64.07ms
step:1631/3250 train_time:104.590s step_avg:64.13ms
step:1632/3250 train_time:104.750s step_avg:64.18ms
step:1633/3250 train_time:104.911s step_avg:64.24ms
step:1634/3250 train_time:105.071s step_avg:64.30ms
step:1635/3250 train_time:105.234s step_avg:64.36ms
step:1636/3250 train_time:105.393s step_avg:64.42ms
step:1637/3250 train_time:105.555s step_avg:64.48ms
step:1638/3250 train_time:105.715s step_avg:64.54ms
step:1639/3250 train_time:105.876s step_avg:64.60ms
step:1640/3250 train_time:106.038s step_avg:64.66ms
step:1641/3250 train_time:106.197s step_avg:64.71ms
step:1642/3250 train_time:106.357s step_avg:64.77ms
step:1643/3250 train_time:106.518s step_avg:64.83ms
step:1644/3250 train_time:106.678s step_avg:64.89ms
step:1645/3250 train_time:106.837s step_avg:64.95ms
step:1646/3250 train_time:106.998s step_avg:65.01ms
step:1647/3250 train_time:107.159s step_avg:65.06ms
step:1648/3250 train_time:107.321s step_avg:65.12ms
step:1649/3250 train_time:107.482s step_avg:65.18ms
step:1650/3250 train_time:107.643s step_avg:65.24ms
step:1651/3250 train_time:107.807s step_avg:65.30ms
step:1652/3250 train_time:107.968s step_avg:65.36ms
step:1653/3250 train_time:108.130s step_avg:65.41ms
step:1654/3250 train_time:108.290s step_avg:65.47ms
step:1655/3250 train_time:108.453s step_avg:65.53ms
step:1656/3250 train_time:108.613s step_avg:65.59ms
step:1657/3250 train_time:108.773s step_avg:65.64ms
step:1658/3250 train_time:108.933s step_avg:65.70ms
step:1659/3250 train_time:109.094s step_avg:65.76ms
step:1660/3250 train_time:109.254s step_avg:65.82ms
step:1661/3250 train_time:109.414s step_avg:65.87ms
step:1662/3250 train_time:109.576s step_avg:65.93ms
step:1663/3250 train_time:109.736s step_avg:65.99ms
step:1664/3250 train_time:109.897s step_avg:66.04ms
step:1665/3250 train_time:110.059s step_avg:66.10ms
step:1666/3250 train_time:110.220s step_avg:66.16ms
step:1667/3250 train_time:110.381s step_avg:66.22ms
step:1668/3250 train_time:110.541s step_avg:66.27ms
step:1669/3250 train_time:110.703s step_avg:66.33ms
step:1670/3250 train_time:110.864s step_avg:66.39ms
step:1671/3250 train_time:111.025s step_avg:66.44ms
step:1672/3250 train_time:111.186s step_avg:66.50ms
step:1673/3250 train_time:111.348s step_avg:66.56ms
step:1674/3250 train_time:111.513s step_avg:66.61ms
step:1675/3250 train_time:111.673s step_avg:66.67ms
step:1676/3250 train_time:111.833s step_avg:66.73ms
step:1677/3250 train_time:111.993s step_avg:66.78ms
step:1678/3250 train_time:112.153s step_avg:66.84ms
step:1679/3250 train_time:112.313s step_avg:66.89ms
step:1680/3250 train_time:112.473s step_avg:66.95ms
step:1681/3250 train_time:112.634s step_avg:67.00ms
step:1682/3250 train_time:112.794s step_avg:67.06ms
step:1683/3250 train_time:112.955s step_avg:67.12ms
step:1684/3250 train_time:113.116s step_avg:67.17ms
step:1685/3250 train_time:113.276s step_avg:67.23ms
step:1686/3250 train_time:113.437s step_avg:67.28ms
step:1687/3250 train_time:113.599s step_avg:67.34ms
step:1688/3250 train_time:113.759s step_avg:67.39ms
step:1689/3250 train_time:113.920s step_avg:67.45ms
step:1690/3250 train_time:114.081s step_avg:67.50ms
step:1691/3250 train_time:114.243s step_avg:67.56ms
step:1692/3250 train_time:114.406s step_avg:67.62ms
step:1693/3250 train_time:114.566s step_avg:67.67ms
step:1694/3250 train_time:114.726s step_avg:67.73ms
step:1695/3250 train_time:114.887s step_avg:67.78ms
step:1696/3250 train_time:115.049s step_avg:67.84ms
step:1697/3250 train_time:115.210s step_avg:67.89ms
step:1698/3250 train_time:115.370s step_avg:67.94ms
step:1699/3250 train_time:115.530s step_avg:68.00ms
step:1700/3250 train_time:115.694s step_avg:68.06ms
step:1701/3250 train_time:115.856s step_avg:68.11ms
step:1702/3250 train_time:116.017s step_avg:68.17ms
step:1703/3250 train_time:116.177s step_avg:68.22ms
step:1704/3250 train_time:116.338s step_avg:68.27ms
step:1705/3250 train_time:116.498s step_avg:68.33ms
step:1706/3250 train_time:116.658s step_avg:68.38ms
step:1707/3250 train_time:116.818s step_avg:68.43ms
step:1708/3250 train_time:116.979s step_avg:68.49ms
step:1709/3250 train_time:117.138s step_avg:68.54ms
step:1710/3250 train_time:117.299s step_avg:68.60ms
step:1711/3250 train_time:117.505s step_avg:68.68ms
step:1712/3250 train_time:117.665s step_avg:68.73ms
step:1713/3250 train_time:117.826s step_avg:68.78ms
step:1714/3250 train_time:117.987s step_avg:68.84ms
step:1715/3250 train_time:118.149s step_avg:68.89ms
step:1716/3250 train_time:118.310s step_avg:68.95ms
step:1717/3250 train_time:118.470s step_avg:69.00ms
step:1718/3250 train_time:118.631s step_avg:69.05ms
step:1719/3250 train_time:118.793s step_avg:69.11ms
step:1720/3250 train_time:118.954s step_avg:69.16ms
step:1721/3250 train_time:119.115s step_avg:69.21ms
step:1722/3250 train_time:119.275s step_avg:69.27ms
step:1723/3250 train_time:119.436s step_avg:69.32ms
step:1724/3250 train_time:119.597s step_avg:69.37ms
step:1725/3250 train_time:119.758s step_avg:69.42ms
step:1726/3250 train_time:119.920s step_avg:69.48ms
step:1727/3250 train_time:120.081s step_avg:69.53ms
step:1728/3250 train_time:120.241s step_avg:69.58ms
step:1729/3250 train_time:120.403s step_avg:69.64ms
step:1730/3250 train_time:120.563s step_avg:69.69ms
step:1731/3250 train_time:120.725s step_avg:69.74ms
step:1732/3250 train_time:120.886s step_avg:69.80ms
step:1733/3250 train_time:121.048s step_avg:69.85ms
step:1734/3250 train_time:121.212s step_avg:69.90ms
step:1735/3250 train_time:121.371s step_avg:69.95ms
step:1736/3250 train_time:121.532s step_avg:70.01ms
step:1737/3250 train_time:121.692s step_avg:70.06ms
step:1738/3250 train_time:121.852s step_avg:70.11ms
step:1739/3250 train_time:122.013s step_avg:70.16ms
step:1740/3250 train_time:122.173s step_avg:70.21ms
step:1741/3250 train_time:122.333s step_avg:70.27ms
step:1742/3250 train_time:122.493s step_avg:70.32ms
step:1743/3250 train_time:122.653s step_avg:70.37ms
step:1744/3250 train_time:122.815s step_avg:70.42ms
step:1745/3250 train_time:122.976s step_avg:70.47ms
step:1746/3250 train_time:123.137s step_avg:70.53ms
step:1747/3250 train_time:123.297s step_avg:70.58ms
step:1748/3250 train_time:123.458s step_avg:70.63ms
step:1749/3250 train_time:123.619s step_avg:70.68ms
step:1750/3250 train_time:123.780s step_avg:70.73ms
step:1750/3250 val_loss:3.48772 train_time:123.780s step_avg:161.30ms
step:1751/3250 train_time:123.944s step_avg:70.78ms
step:1752/3250 train_time:124.105s step_avg:70.84ms
step:1753/3250 train_time:124.267s step_avg:70.89ms
step:1754/3250 train_time:124.427s step_avg:70.94ms
step:1755/3250 train_time:124.587s step_avg:70.99ms
step:1756/3250 train_time:124.746s step_avg:71.04ms
step:1757/3250 train_time:124.907s step_avg:71.09ms
step:1758/3250 train_time:125.069s step_avg:71.14ms
step:1759/3250 train_time:125.230s step_avg:71.19ms
step:1760/3250 train_time:125.392s step_avg:71.25ms
step:1761/3250 train_time:125.551s step_avg:71.30ms
step:1762/3250 train_time:125.712s step_avg:71.35ms
step:1763/3250 train_time:125.874s step_avg:71.40ms
step:1764/3250 train_time:126.034s step_avg:71.45ms
step:1765/3250 train_time:126.196s step_avg:71.50ms
step:1766/3250 train_time:126.357s step_avg:71.55ms
step:1767/3250 train_time:126.520s step_avg:71.60ms
step:1768/3250 train_time:126.682s step_avg:71.65ms
step:1769/3250 train_time:126.841s step_avg:71.70ms
step:1770/3250 train_time:127.002s step_avg:71.75ms
step:1771/3250 train_time:127.163s step_avg:71.80ms
step:1772/3250 train_time:127.326s step_avg:71.85ms
step:1773/3250 train_time:127.486s step_avg:71.90ms
step:1774/3250 train_time:127.646s step_avg:71.95ms
step:1775/3250 train_time:127.807s step_avg:72.00ms
step:1776/3250 train_time:127.967s step_avg:72.05ms
step:1777/3250 train_time:128.129s step_avg:72.10ms
step:1778/3250 train_time:128.290s step_avg:72.15ms
step:1779/3250 train_time:128.450s step_avg:72.20ms
step:1780/3250 train_time:128.613s step_avg:72.25ms
step:1781/3250 train_time:128.774s step_avg:72.30ms
step:1782/3250 train_time:128.938s step_avg:72.36ms
step:1783/3250 train_time:129.098s step_avg:72.41ms
step:1784/3250 train_time:129.259s step_avg:72.45ms
step:1785/3250 train_time:129.421s step_avg:72.50ms
step:1786/3250 train_time:129.581s step_avg:72.55ms
step:1787/3250 train_time:129.744s step_avg:72.60ms
step:1788/3250 train_time:129.904s step_avg:72.65ms
step:1789/3250 train_time:130.067s step_avg:72.70ms
step:1790/3250 train_time:130.230s step_avg:72.75ms
step:1791/3250 train_time:130.390s step_avg:72.80ms
step:1792/3250 train_time:130.551s step_avg:72.85ms
step:1793/3250 train_time:130.711s step_avg:72.90ms
step:1794/3250 train_time:130.872s step_avg:72.95ms
step:1795/3250 train_time:131.035s step_avg:73.00ms
step:1796/3250 train_time:131.196s step_avg:73.05ms
step:1797/3250 train_time:131.358s step_avg:73.10ms
step:1798/3250 train_time:131.520s step_avg:73.15ms
step:1799/3250 train_time:131.681s step_avg:73.20ms
step:1800/3250 train_time:131.842s step_avg:73.25ms
step:1801/3250 train_time:132.003s step_avg:73.29ms
step:1802/3250 train_time:132.165s step_avg:73.34ms
step:1803/3250 train_time:132.326s step_avg:73.39ms
step:1804/3250 train_time:132.486s step_avg:73.44ms
step:1805/3250 train_time:132.648s step_avg:73.49ms
step:1806/3250 train_time:132.809s step_avg:73.54ms
step:1807/3250 train_time:132.969s step_avg:73.59ms
step:1808/3250 train_time:133.133s step_avg:73.64ms
step:1809/3250 train_time:133.294s step_avg:73.68ms
step:1810/3250 train_time:133.457s step_avg:73.73ms
step:1811/3250 train_time:133.618s step_avg:73.78ms
step:1812/3250 train_time:133.779s step_avg:73.83ms
step:1813/3250 train_time:133.941s step_avg:73.88ms
step:1814/3250 train_time:134.103s step_avg:73.93ms
step:1815/3250 train_time:134.266s step_avg:73.98ms
step:1816/3250 train_time:134.426s step_avg:74.02ms
step:1817/3250 train_time:134.586s step_avg:74.07ms
step:1818/3250 train_time:134.747s step_avg:74.12ms
step:1819/3250 train_time:134.907s step_avg:74.17ms
step:1820/3250 train_time:135.069s step_avg:74.21ms
step:1821/3250 train_time:135.229s step_avg:74.26ms
step:1822/3250 train_time:135.388s step_avg:74.31ms
step:1823/3250 train_time:135.549s step_avg:74.35ms
step:1824/3250 train_time:135.710s step_avg:74.40ms
step:1825/3250 train_time:135.871s step_avg:74.45ms
step:1826/3250 train_time:136.032s step_avg:74.50ms
step:1827/3250 train_time:136.195s step_avg:74.55ms
step:1828/3250 train_time:136.358s step_avg:74.59ms
step:1829/3250 train_time:136.519s step_avg:74.64ms
step:1830/3250 train_time:136.681s step_avg:74.69ms
step:1831/3250 train_time:136.844s step_avg:74.74ms
step:1832/3250 train_time:137.004s step_avg:74.78ms
step:1833/3250 train_time:137.165s step_avg:74.83ms
step:1834/3250 train_time:137.325s step_avg:74.88ms
step:1835/3250 train_time:137.485s step_avg:74.92ms
step:1836/3250 train_time:137.644s step_avg:74.97ms
step:1837/3250 train_time:137.806s step_avg:75.02ms
step:1838/3250 train_time:137.966s step_avg:75.06ms
step:1839/3250 train_time:138.126s step_avg:75.11ms
step:1840/3250 train_time:138.286s step_avg:75.16ms
step:1841/3250 train_time:138.447s step_avg:75.20ms
step:1842/3250 train_time:138.608s step_avg:75.25ms
step:1843/3250 train_time:138.766s step_avg:75.29ms
step:1844/3250 train_time:138.926s step_avg:75.34ms
step:1845/3250 train_time:139.087s step_avg:75.39ms
step:1846/3250 train_time:139.246s step_avg:75.43ms
step:1847/3250 train_time:139.406s step_avg:75.48ms
step:1848/3250 train_time:139.565s step_avg:75.52ms
step:1849/3250 train_time:139.727s step_avg:75.57ms
step:1850/3250 train_time:139.888s step_avg:75.62ms
step:1851/3250 train_time:140.049s step_avg:75.66ms
step:1852/3250 train_time:140.210s step_avg:75.71ms
step:1853/3250 train_time:140.372s step_avg:75.75ms
step:1854/3250 train_time:140.538s step_avg:75.80ms
step:1855/3250 train_time:140.699s step_avg:75.85ms
step:1856/3250 train_time:140.859s step_avg:75.89ms
step:1857/3250 train_time:141.020s step_avg:75.94ms
step:1858/3250 train_time:141.180s step_avg:75.98ms
step:1859/3250 train_time:141.342s step_avg:76.03ms
step:1860/3250 train_time:141.503s step_avg:76.08ms
step:1861/3250 train_time:141.663s step_avg:76.12ms
step:1862/3250 train_time:141.824s step_avg:76.17ms
step:1863/3250 train_time:141.984s step_avg:76.21ms
step:1864/3250 train_time:142.147s step_avg:76.26ms
step:1865/3250 train_time:142.308s step_avg:76.30ms
step:1866/3250 train_time:142.468s step_avg:76.35ms
step:1867/3250 train_time:142.629s step_avg:76.39ms
step:1868/3250 train_time:142.789s step_avg:76.44ms
step:1869/3250 train_time:142.951s step_avg:76.49ms
step:1870/3250 train_time:143.112s step_avg:76.53ms
step:1871/3250 train_time:143.273s step_avg:76.58ms
step:1872/3250 train_time:143.434s step_avg:76.62ms
step:1873/3250 train_time:143.597s step_avg:76.67ms
step:1874/3250 train_time:143.758s step_avg:76.71ms
step:1875/3250 train_time:143.919s step_avg:76.76ms
step:1875/3250 val_loss:3.46539 train_time:143.920s step_avg:161.12ms
step:1876/3250 train_time:144.084s step_avg:76.80ms
step:1877/3250 train_time:144.246s step_avg:76.85ms
step:1878/3250 train_time:144.405s step_avg:76.89ms
step:1879/3250 train_time:144.565s step_avg:76.94ms
step:1880/3250 train_time:144.725s step_avg:76.98ms
step:1881/3250 train_time:144.884s step_avg:77.03ms
step:1882/3250 train_time:145.044s step_avg:77.07ms
step:1883/3250 train_time:145.204s step_avg:77.11ms
step:1884/3250 train_time:145.365s step_avg:77.16ms
step:1885/3250 train_time:145.524s step_avg:77.20ms
step:1886/3250 train_time:145.687s step_avg:77.25ms
step:1887/3250 train_time:145.847s step_avg:77.29ms
step:1888/3250 train_time:146.007s step_avg:77.33ms
step:1889/3250 train_time:146.168s step_avg:77.38ms
step:1890/3250 train_time:146.328s step_avg:77.42ms
step:1891/3250 train_time:146.488s step_avg:77.47ms
step:1892/3250 train_time:146.649s step_avg:77.51ms
step:1893/3250 train_time:146.811s step_avg:77.55ms
step:1894/3250 train_time:146.970s step_avg:77.60ms
step:1895/3250 train_time:147.131s step_avg:77.64ms
step:1896/3250 train_time:147.291s step_avg:77.69ms
step:1897/3250 train_time:147.452s step_avg:77.73ms
step:1898/3250 train_time:147.614s step_avg:77.77ms
step:1899/3250 train_time:147.774s step_avg:77.82ms
step:1900/3250 train_time:147.936s step_avg:77.86ms
step:1901/3250 train_time:148.150s step_avg:77.93ms
step:1902/3250 train_time:148.312s step_avg:77.98ms
step:1903/3250 train_time:148.473s step_avg:78.02ms
step:1904/3250 train_time:148.635s step_avg:78.06ms
step:1905/3250 train_time:148.796s step_avg:78.11ms
step:1906/3250 train_time:148.958s step_avg:78.15ms
step:1907/3250 train_time:149.121s step_avg:78.20ms
step:1908/3250 train_time:149.283s step_avg:78.24ms
step:1909/3250 train_time:149.450s step_avg:78.29ms
step:1910/3250 train_time:149.612s step_avg:78.33ms
step:1911/3250 train_time:149.772s step_avg:78.37ms
step:1912/3250 train_time:149.933s step_avg:78.42ms
step:1913/3250 train_time:150.095s step_avg:78.46ms
step:1914/3250 train_time:150.256s step_avg:78.50ms
step:1915/3250 train_time:150.416s step_avg:78.55ms
step:1916/3250 train_time:150.576s step_avg:78.59ms
step:1917/3250 train_time:150.738s step_avg:78.63ms
step:1918/3250 train_time:150.900s step_avg:78.68ms
step:1919/3250 train_time:151.062s step_avg:78.72ms
step:1920/3250 train_time:151.221s step_avg:78.76ms
step:1921/3250 train_time:151.383s step_avg:78.80ms
step:1922/3250 train_time:151.543s step_avg:78.85ms
step:1923/3250 train_time:151.703s step_avg:78.89ms
step:1924/3250 train_time:151.864s step_avg:78.93ms
step:1925/3250 train_time:152.024s step_avg:78.97ms
step:1926/3250 train_time:152.183s step_avg:79.02ms
step:1927/3250 train_time:152.345s step_avg:79.06ms
step:1928/3250 train_time:152.505s step_avg:79.10ms
step:1929/3250 train_time:152.665s step_avg:79.14ms
step:1930/3250 train_time:152.826s step_avg:79.18ms
step:1931/3250 train_time:152.986s step_avg:79.23ms
step:1932/3250 train_time:153.147s step_avg:79.27ms
step:1933/3250 train_time:153.307s step_avg:79.31ms
step:1934/3250 train_time:153.467s step_avg:79.35ms
step:1935/3250 train_time:153.627s step_avg:79.39ms
step:1936/3250 train_time:153.788s step_avg:79.44ms
step:1937/3250 train_time:153.950s step_avg:79.48ms
step:1938/3250 train_time:154.110s step_avg:79.52ms
step:1939/3250 train_time:154.269s step_avg:79.56ms
step:1940/3250 train_time:154.429s step_avg:79.60ms
step:1941/3250 train_time:154.588s step_avg:79.64ms
step:1942/3250 train_time:154.749s step_avg:79.69ms
step:1943/3250 train_time:154.908s step_avg:79.73ms
step:1944/3250 train_time:155.069s step_avg:79.77ms
step:1945/3250 train_time:155.230s step_avg:79.81ms
step:1946/3250 train_time:155.390s step_avg:79.85ms
step:1947/3250 train_time:155.552s step_avg:79.89ms
step:1948/3250 train_time:155.714s step_avg:79.94ms
step:1949/3250 train_time:155.874s step_avg:79.98ms
step:1950/3250 train_time:156.035s step_avg:80.02ms
step:1951/3250 train_time:156.197s step_avg:80.06ms
step:1952/3250 train_time:156.357s step_avg:80.10ms
step:1953/3250 train_time:156.519s step_avg:80.14ms
step:1954/3250 train_time:156.681s step_avg:80.18ms
step:1955/3250 train_time:156.842s step_avg:80.23ms
step:1956/3250 train_time:157.002s step_avg:80.27ms
step:1957/3250 train_time:157.162s step_avg:80.31ms
step:1958/3250 train_time:157.323s step_avg:80.35ms
step:1959/3250 train_time:157.484s step_avg:80.39ms
step:1960/3250 train_time:157.644s step_avg:80.43ms
step:1961/3250 train_time:157.803s step_avg:80.47ms
step:1962/3250 train_time:157.963s step_avg:80.51ms
step:1963/3250 train_time:158.122s step_avg:80.55ms
step:1964/3250 train_time:158.282s step_avg:80.59ms
step:1965/3250 train_time:158.443s step_avg:80.63ms
step:1966/3250 train_time:158.602s step_avg:80.67ms
step:1967/3250 train_time:158.763s step_avg:80.71ms
step:1968/3250 train_time:158.923s step_avg:80.75ms
step:1969/3250 train_time:159.088s step_avg:80.80ms
step:1970/3250 train_time:159.249s step_avg:80.84ms
step:1971/3250 train_time:159.411s step_avg:80.88ms
step:1972/3250 train_time:159.571s step_avg:80.92ms
step:1973/3250 train_time:159.731s step_avg:80.96ms
step:1974/3250 train_time:159.892s step_avg:81.00ms
step:1975/3250 train_time:160.055s step_avg:81.04ms
step:1976/3250 train_time:160.215s step_avg:81.08ms
step:1977/3250 train_time:160.376s step_avg:81.12ms
step:1978/3250 train_time:160.537s step_avg:81.16ms
step:1979/3250 train_time:160.696s step_avg:81.20ms
step:1980/3250 train_time:160.858s step_avg:81.24ms
step:1981/3250 train_time:161.018s step_avg:81.28ms
step:1982/3250 train_time:161.178s step_avg:81.32ms
step:1983/3250 train_time:161.338s step_avg:81.36ms
step:1984/3250 train_time:161.499s step_avg:81.40ms
step:1985/3250 train_time:161.659s step_avg:81.44ms
step:1986/3250 train_time:161.820s step_avg:81.48ms
step:1987/3250 train_time:161.982s step_avg:81.52ms
step:1988/3250 train_time:162.144s step_avg:81.56ms
step:1989/3250 train_time:162.304s step_avg:81.60ms
step:1990/3250 train_time:162.464s step_avg:81.64ms
step:1991/3250 train_time:162.624s step_avg:81.68ms
step:1992/3250 train_time:162.785s step_avg:81.72ms
step:1993/3250 train_time:162.944s step_avg:81.76ms
step:1994/3250 train_time:163.104s step_avg:81.80ms
step:1995/3250 train_time:163.263s step_avg:81.84ms
step:1996/3250 train_time:163.424s step_avg:81.88ms
step:1997/3250 train_time:163.583s step_avg:81.91ms
step:1998/3250 train_time:163.743s step_avg:81.95ms
step:1999/3250 train_time:163.904s step_avg:81.99ms
step:2000/3250 train_time:164.063s step_avg:82.03ms
step:2000/3250 val_loss:3.44445 train_time:164.063s step_avg:161.15ms
step:2001/3250 train_time:164.227s step_avg:82.07ms
step:2002/3250 train_time:164.386s step_avg:82.11ms
step:2003/3250 train_time:164.547s step_avg:82.15ms
step:2004/3250 train_time:164.707s step_avg:82.19ms
step:2005/3250 train_time:164.870s step_avg:82.23ms
step:2006/3250 train_time:165.032s step_avg:82.27ms
step:2007/3250 train_time:165.192s step_avg:82.31ms
step:2008/3250 train_time:165.352s step_avg:82.35ms
step:2009/3250 train_time:165.512s step_avg:82.39ms
step:2010/3250 train_time:165.675s step_avg:82.43ms
step:2011/3250 train_time:165.837s step_avg:82.47ms
step:2012/3250 train_time:165.998s step_avg:82.50ms
step:2013/3250 train_time:166.158s step_avg:82.54ms
step:2014/3250 train_time:166.318s step_avg:82.58ms
step:2015/3250 train_time:166.480s step_avg:82.62ms
step:2016/3250 train_time:166.643s step_avg:82.66ms
step:2017/3250 train_time:166.802s step_avg:82.70ms
step:2018/3250 train_time:166.963s step_avg:82.74ms
step:2019/3250 train_time:167.122s step_avg:82.77ms
step:2020/3250 train_time:167.282s step_avg:82.81ms
step:2021/3250 train_time:167.443s step_avg:82.85ms
step:2022/3250 train_time:167.603s step_avg:82.89ms
step:2023/3250 train_time:167.764s step_avg:82.93ms
step:2024/3250 train_time:167.924s step_avg:82.97ms
step:2025/3250 train_time:168.083s step_avg:83.00ms
step:2026/3250 train_time:168.243s step_avg:83.04ms
step:2027/3250 train_time:168.402s step_avg:83.08ms
step:2028/3250 train_time:168.564s step_avg:83.12ms
step:2029/3250 train_time:168.724s step_avg:83.16ms
step:2030/3250 train_time:168.885s step_avg:83.19ms
step:2031/3250 train_time:169.044s step_avg:83.23ms
step:2032/3250 train_time:169.205s step_avg:83.27ms
step:2033/3250 train_time:169.367s step_avg:83.31ms
step:2034/3250 train_time:169.526s step_avg:83.35ms
step:2035/3250 train_time:169.687s step_avg:83.38ms
step:2036/3250 train_time:169.848s step_avg:83.42ms
step:2037/3250 train_time:170.008s step_avg:83.46ms
step:2038/3250 train_time:170.169s step_avg:83.50ms
step:2039/3250 train_time:170.329s step_avg:83.54ms
step:2040/3250 train_time:170.489s step_avg:83.57ms
step:2041/3250 train_time:170.651s step_avg:83.61ms
step:2042/3250 train_time:170.810s step_avg:83.65ms
step:2043/3250 train_time:170.972s step_avg:83.69ms
step:2044/3250 train_time:171.133s step_avg:83.72ms
step:2045/3250 train_time:171.294s step_avg:83.76ms
step:2046/3250 train_time:171.455s step_avg:83.80ms
step:2047/3250 train_time:171.617s step_avg:83.84ms
step:2048/3250 train_time:171.778s step_avg:83.88ms
step:2049/3250 train_time:171.939s step_avg:83.91ms
step:2050/3250 train_time:172.101s step_avg:83.95ms
step:2051/3250 train_time:172.261s step_avg:83.99ms
step:2052/3250 train_time:172.420s step_avg:84.03ms
step:2053/3250 train_time:172.581s step_avg:84.06ms
step:2054/3250 train_time:172.741s step_avg:84.10ms
step:2055/3250 train_time:172.905s step_avg:84.14ms
step:2056/3250 train_time:173.068s step_avg:84.18ms
step:2057/3250 train_time:173.229s step_avg:84.21ms
step:2058/3250 train_time:173.389s step_avg:84.25ms
step:2059/3250 train_time:173.549s step_avg:84.29ms
step:2060/3250 train_time:173.708s step_avg:84.32ms
step:2061/3250 train_time:173.869s step_avg:84.36ms
step:2062/3250 train_time:174.029s step_avg:84.40ms
step:2063/3250 train_time:174.189s step_avg:84.43ms
step:2064/3250 train_time:174.350s step_avg:84.47ms
step:2065/3250 train_time:174.511s step_avg:84.51ms
step:2066/3250 train_time:174.672s step_avg:84.55ms
step:2067/3250 train_time:174.835s step_avg:84.58ms
step:2068/3250 train_time:174.996s step_avg:84.62ms
step:2069/3250 train_time:175.157s step_avg:84.66ms
step:2070/3250 train_time:175.318s step_avg:84.69ms
step:2071/3250 train_time:175.480s step_avg:84.73ms
step:2072/3250 train_time:175.641s step_avg:84.77ms
step:2073/3250 train_time:175.802s step_avg:84.81ms
step:2074/3250 train_time:175.962s step_avg:84.84ms
step:2075/3250 train_time:176.125s step_avg:84.88ms
step:2076/3250 train_time:176.284s step_avg:84.92ms
step:2077/3250 train_time:176.446s step_avg:84.95ms
step:2078/3250 train_time:176.606s step_avg:84.99ms
step:2079/3250 train_time:176.767s step_avg:85.02ms
step:2080/3250 train_time:176.927s step_avg:85.06ms
step:2081/3250 train_time:177.087s step_avg:85.10ms
step:2082/3250 train_time:177.247s step_avg:85.13ms
step:2083/3250 train_time:177.406s step_avg:85.17ms
step:2084/3250 train_time:177.566s step_avg:85.20ms
step:2085/3250 train_time:177.726s step_avg:85.24ms
step:2086/3250 train_time:177.886s step_avg:85.28ms
step:2087/3250 train_time:178.047s step_avg:85.31ms
step:2088/3250 train_time:178.207s step_avg:85.35ms
step:2089/3250 train_time:178.368s step_avg:85.38ms
step:2090/3250 train_time:178.528s step_avg:85.42ms
step:2091/3250 train_time:178.735s step_avg:85.48ms
step:2092/3250 train_time:178.896s step_avg:85.51ms
step:2093/3250 train_time:179.057s step_avg:85.55ms
step:2094/3250 train_time:179.218s step_avg:85.59ms
step:2095/3250 train_time:179.379s step_avg:85.62ms
step:2096/3250 train_time:179.540s step_avg:85.66ms
step:2097/3250 train_time:179.701s step_avg:85.69ms
step:2098/3250 train_time:179.862s step_avg:85.73ms
step:2099/3250 train_time:180.022s step_avg:85.77ms
step:2100/3250 train_time:180.183s step_avg:85.80ms
step:2101/3250 train_time:180.343s step_avg:85.84ms
step:2102/3250 train_time:180.502s step_avg:85.87ms
step:2103/3250 train_time:180.662s step_avg:85.91ms
step:2104/3250 train_time:180.822s step_avg:85.94ms
step:2105/3250 train_time:180.985s step_avg:85.98ms
step:2106/3250 train_time:181.144s step_avg:86.01ms
step:2107/3250 train_time:181.305s step_avg:86.05ms
step:2108/3250 train_time:181.465s step_avg:86.08ms
step:2109/3250 train_time:181.626s step_avg:86.12ms
step:2110/3250 train_time:181.787s step_avg:86.15ms
step:2111/3250 train_time:181.949s step_avg:86.19ms
step:2112/3250 train_time:182.109s step_avg:86.23ms
step:2113/3250 train_time:182.270s step_avg:86.26ms
step:2114/3250 train_time:182.430s step_avg:86.30ms
step:2115/3250 train_time:182.589s step_avg:86.33ms
step:2116/3250 train_time:182.753s step_avg:86.37ms
step:2117/3250 train_time:182.915s step_avg:86.40ms
step:2118/3250 train_time:183.077s step_avg:86.44ms
step:2119/3250 train_time:183.238s step_avg:86.47ms
step:2120/3250 train_time:183.400s step_avg:86.51ms
step:2121/3250 train_time:183.559s step_avg:86.54ms
step:2122/3250 train_time:183.720s step_avg:86.58ms
step:2123/3250 train_time:183.882s step_avg:86.61ms
step:2124/3250 train_time:184.043s step_avg:86.65ms
step:2125/3250 train_time:184.202s step_avg:86.68ms
step:2125/3250 val_loss:3.42542 train_time:184.203s step_avg:161.12ms
step:2126/3250 train_time:184.366s step_avg:86.72ms
step:2127/3250 train_time:184.526s step_avg:86.75ms
step:2128/3250 train_time:184.689s step_avg:86.79ms
step:2129/3250 train_time:184.853s step_avg:86.83ms
step:2130/3250 train_time:185.013s step_avg:86.86ms
step:2131/3250 train_time:185.173s step_avg:86.90ms
step:2132/3250 train_time:185.335s step_avg:86.93ms
step:2133/3250 train_time:185.497s step_avg:86.97ms
step:2134/3250 train_time:185.659s step_avg:87.00ms
step:2135/3250 train_time:185.820s step_avg:87.03ms
step:2136/3250 train_time:185.979s step_avg:87.07ms
step:2137/3250 train_time:186.139s step_avg:87.10ms
step:2138/3250 train_time:186.299s step_avg:87.14ms
step:2139/3250 train_time:186.461s step_avg:87.17ms
step:2140/3250 train_time:186.620s step_avg:87.21ms
step:2141/3250 train_time:186.780s step_avg:87.24ms
step:2142/3250 train_time:186.940s step_avg:87.27ms
step:2143/3250 train_time:187.100s step_avg:87.31ms
step:2144/3250 train_time:187.260s step_avg:87.34ms
step:2145/3250 train_time:187.420s step_avg:87.38ms
step:2146/3250 train_time:187.580s step_avg:87.41ms
step:2147/3250 train_time:187.740s step_avg:87.44ms
step:2148/3250 train_time:187.899s step_avg:87.48ms
step:2149/3250 train_time:188.061s step_avg:87.51ms
step:2150/3250 train_time:188.220s step_avg:87.54ms
step:2151/3250 train_time:188.382s step_avg:87.58ms
step:2152/3250 train_time:188.542s step_avg:87.61ms
step:2153/3250 train_time:188.702s step_avg:87.65ms
step:2154/3250 train_time:188.861s step_avg:87.68ms
step:2155/3250 train_time:189.023s step_avg:87.71ms
step:2156/3250 train_time:189.184s step_avg:87.75ms
step:2157/3250 train_time:189.343s step_avg:87.78ms
step:2158/3250 train_time:189.503s step_avg:87.81ms
step:2159/3250 train_time:189.664s step_avg:87.85ms
step:2160/3250 train_time:189.824s step_avg:87.88ms
step:2161/3250 train_time:189.986s step_avg:87.92ms
step:2162/3250 train_time:190.153s step_avg:87.95ms
step:2163/3250 train_time:190.313s step_avg:87.99ms
step:2164/3250 train_time:190.473s step_avg:88.02ms
step:2165/3250 train_time:190.634s step_avg:88.05ms
step:2166/3250 train_time:190.795s step_avg:88.09ms
step:2167/3250 train_time:190.956s step_avg:88.12ms
step:2168/3250 train_time:191.117s step_avg:88.15ms
step:2169/3250 train_time:191.280s step_avg:88.19ms
step:2170/3250 train_time:191.439s step_avg:88.22ms
step:2171/3250 train_time:191.600s step_avg:88.25ms
step:2172/3250 train_time:191.761s step_avg:88.29ms
step:2173/3250 train_time:191.922s step_avg:88.32ms
step:2174/3250 train_time:192.083s step_avg:88.35ms
step:2175/3250 train_time:192.244s step_avg:88.39ms
step:2176/3250 train_time:192.405s step_avg:88.42ms
step:2177/3250 train_time:192.565s step_avg:88.45ms
step:2178/3250 train_time:192.726s step_avg:88.49ms
step:2179/3250 train_time:192.887s step_avg:88.52ms
step:2180/3250 train_time:193.048s step_avg:88.55ms
step:2181/3250 train_time:193.209s step_avg:88.59ms
step:2182/3250 train_time:193.370s step_avg:88.62ms
step:2183/3250 train_time:193.532s step_avg:88.65ms
step:2184/3250 train_time:193.693s step_avg:88.69ms
step:2185/3250 train_time:193.855s step_avg:88.72ms
step:2186/3250 train_time:194.018s step_avg:88.75ms
step:2187/3250 train_time:194.178s step_avg:88.79ms
step:2188/3250 train_time:194.339s step_avg:88.82ms
step:2189/3250 train_time:194.499s step_avg:88.85ms
step:2190/3250 train_time:194.658s step_avg:88.88ms
step:2191/3250 train_time:194.819s step_avg:88.92ms
step:2192/3250 train_time:194.978s step_avg:88.95ms
step:2193/3250 train_time:195.140s step_avg:88.98ms
step:2194/3250 train_time:195.300s step_avg:89.02ms
step:2195/3250 train_time:195.460s step_avg:89.05ms
step:2196/3250 train_time:195.620s step_avg:89.08ms
step:2197/3250 train_time:195.780s step_avg:89.11ms
step:2198/3250 train_time:195.940s step_avg:89.14ms
step:2199/3250 train_time:196.099s step_avg:89.18ms
step:2200/3250 train_time:196.260s step_avg:89.21ms
step:2201/3250 train_time:196.419s step_avg:89.24ms
step:2202/3250 train_time:196.581s step_avg:89.27ms
step:2203/3250 train_time:196.743s step_avg:89.31ms
step:2204/3250 train_time:196.903s step_avg:89.34ms
step:2205/3250 train_time:197.063s step_avg:89.37ms
step:2206/3250 train_time:197.224s step_avg:89.40ms
step:2207/3250 train_time:197.387s step_avg:89.44ms
step:2208/3250 train_time:197.548s step_avg:89.47ms
step:2209/3250 train_time:197.709s step_avg:89.50ms
step:2210/3250 train_time:197.871s step_avg:89.53ms
step:2211/3250 train_time:198.031s step_avg:89.57ms
step:2212/3250 train_time:198.192s step_avg:89.60ms
step:2213/3250 train_time:198.353s step_avg:89.63ms
step:2214/3250 train_time:198.514s step_avg:89.66ms
step:2215/3250 train_time:198.674s step_avg:89.69ms
step:2216/3250 train_time:198.834s step_avg:89.73ms
step:2217/3250 train_time:198.996s step_avg:89.76ms
step:2218/3250 train_time:199.158s step_avg:89.79ms
step:2219/3250 train_time:199.318s step_avg:89.82ms
step:2220/3250 train_time:199.478s step_avg:89.86ms
step:2221/3250 train_time:199.638s step_avg:89.89ms
step:2222/3250 train_time:199.799s step_avg:89.92ms
step:2223/3250 train_time:199.959s step_avg:89.95ms
step:2224/3250 train_time:200.119s step_avg:89.98ms
step:2225/3250 train_time:200.280s step_avg:90.01ms
step:2226/3250 train_time:200.440s step_avg:90.04ms
step:2227/3250 train_time:200.600s step_avg:90.08ms
step:2228/3250 train_time:200.762s step_avg:90.11ms
step:2229/3250 train_time:200.922s step_avg:90.14ms
step:2230/3250 train_time:201.083s step_avg:90.17ms
step:2231/3250 train_time:201.243s step_avg:90.20ms
step:2232/3250 train_time:201.403s step_avg:90.23ms
step:2233/3250 train_time:201.564s step_avg:90.27ms
step:2234/3250 train_time:201.725s step_avg:90.30ms
step:2235/3250 train_time:201.888s step_avg:90.33ms
step:2236/3250 train_time:202.048s step_avg:90.36ms
step:2237/3250 train_time:202.209s step_avg:90.39ms
step:2238/3250 train_time:202.370s step_avg:90.42ms
step:2239/3250 train_time:202.532s step_avg:90.46ms
step:2240/3250 train_time:202.694s step_avg:90.49ms
step:2241/3250 train_time:202.854s step_avg:90.52ms
step:2242/3250 train_time:203.016s step_avg:90.55ms
step:2243/3250 train_time:203.177s step_avg:90.58ms
step:2244/3250 train_time:203.337s step_avg:90.61ms
step:2245/3250 train_time:203.498s step_avg:90.65ms
step:2246/3250 train_time:203.658s step_avg:90.68ms
step:2247/3250 train_time:203.819s step_avg:90.71ms
step:2248/3250 train_time:203.979s step_avg:90.74ms
step:2249/3250 train_time:204.141s step_avg:90.77ms
step:2250/3250 train_time:204.304s step_avg:90.80ms
step:2250/3250 val_loss:3.40607 train_time:204.304s step_avg:160.81ms
step:2251/3250 train_time:204.469s step_avg:90.83ms
step:2252/3250 train_time:204.630s step_avg:90.87ms
step:2253/3250 train_time:204.792s step_avg:90.90ms
step:2254/3250 train_time:204.952s step_avg:90.93ms
step:2255/3250 train_time:205.112s step_avg:90.96ms
step:2256/3250 train_time:205.275s step_avg:90.99ms
step:2257/3250 train_time:205.436s step_avg:91.02ms
step:2258/3250 train_time:205.596s step_avg:91.05ms
step:2259/3250 train_time:205.756s step_avg:91.08ms
step:2260/3250 train_time:205.917s step_avg:91.11ms
step:2261/3250 train_time:206.077s step_avg:91.14ms
step:2262/3250 train_time:206.237s step_avg:91.17ms
step:2263/3250 train_time:206.397s step_avg:91.21ms
step:2264/3250 train_time:206.557s step_avg:91.24ms
step:2265/3250 train_time:206.718s step_avg:91.27ms
step:2266/3250 train_time:206.879s step_avg:91.30ms
step:2267/3250 train_time:207.039s step_avg:91.33ms
step:2268/3250 train_time:207.200s step_avg:91.36ms
step:2269/3250 train_time:207.359s step_avg:91.39ms
step:2270/3250 train_time:207.520s step_avg:91.42ms
step:2271/3250 train_time:207.680s step_avg:91.45ms
step:2272/3250 train_time:207.841s step_avg:91.48ms
step:2273/3250 train_time:208.002s step_avg:91.51ms
step:2274/3250 train_time:208.163s step_avg:91.54ms
step:2275/3250 train_time:208.324s step_avg:91.57ms
step:2276/3250 train_time:208.488s step_avg:91.60ms
step:2277/3250 train_time:208.648s step_avg:91.63ms
step:2278/3250 train_time:208.809s step_avg:91.66ms
step:2279/3250 train_time:208.970s step_avg:91.69ms
step:2280/3250 train_time:209.131s step_avg:91.72ms
step:2281/3250 train_time:209.343s step_avg:91.78ms
step:2282/3250 train_time:209.504s step_avg:91.81ms
step:2283/3250 train_time:209.666s step_avg:91.84ms
step:2284/3250 train_time:209.826s step_avg:91.87ms
step:2285/3250 train_time:209.988s step_avg:91.90ms
step:2286/3250 train_time:210.148s step_avg:91.93ms
step:2287/3250 train_time:210.309s step_avg:91.96ms
step:2288/3250 train_time:210.470s step_avg:91.99ms
step:2289/3250 train_time:210.631s step_avg:92.02ms
step:2290/3250 train_time:210.792s step_avg:92.05ms
step:2291/3250 train_time:210.954s step_avg:92.08ms
step:2292/3250 train_time:211.114s step_avg:92.11ms
step:2293/3250 train_time:211.276s step_avg:92.14ms
step:2294/3250 train_time:211.437s step_avg:92.17ms
step:2295/3250 train_time:211.596s step_avg:92.20ms
step:2296/3250 train_time:211.756s step_avg:92.23ms
step:2297/3250 train_time:211.917s step_avg:92.26ms
step:2298/3250 train_time:212.077s step_avg:92.29ms
step:2299/3250 train_time:212.237s step_avg:92.32ms
step:2300/3250 train_time:212.397s step_avg:92.35ms
step:2301/3250 train_time:212.558s step_avg:92.38ms
step:2302/3250 train_time:212.719s step_avg:92.41ms
step:2303/3250 train_time:212.878s step_avg:92.44ms
step:2304/3250 train_time:213.038s step_avg:92.46ms
step:2305/3250 train_time:213.199s step_avg:92.49ms
step:2306/3250 train_time:213.361s step_avg:92.52ms
step:2307/3250 train_time:213.521s step_avg:92.55ms
step:2308/3250 train_time:213.681s step_avg:92.58ms
step:2309/3250 train_time:213.842s step_avg:92.61ms
step:2310/3250 train_time:214.003s step_avg:92.64ms
step:2311/3250 train_time:214.166s step_avg:92.67ms
step:2312/3250 train_time:214.325s step_avg:92.70ms
step:2313/3250 train_time:214.488s step_avg:92.73ms
step:2314/3250 train_time:214.648s step_avg:92.76ms
step:2315/3250 train_time:214.810s step_avg:92.79ms
step:2316/3250 train_time:214.972s step_avg:92.82ms
step:2317/3250 train_time:215.132s step_avg:92.85ms
step:2318/3250 train_time:215.294s step_avg:92.88ms
step:2319/3250 train_time:215.453s step_avg:92.91ms
step:2320/3250 train_time:215.615s step_avg:92.94ms
step:2321/3250 train_time:215.776s step_avg:92.97ms
step:2322/3250 train_time:215.935s step_avg:93.00ms
step:2323/3250 train_time:216.096s step_avg:93.02ms
step:2324/3250 train_time:216.255s step_avg:93.05ms
step:2325/3250 train_time:216.415s step_avg:93.08ms
step:2326/3250 train_time:216.576s step_avg:93.11ms
step:2327/3250 train_time:216.736s step_avg:93.14ms
step:2328/3250 train_time:216.897s step_avg:93.17ms
step:2329/3250 train_time:217.057s step_avg:93.20ms
step:2330/3250 train_time:217.217s step_avg:93.23ms
step:2331/3250 train_time:217.377s step_avg:93.25ms
step:2332/3250 train_time:217.537s step_avg:93.28ms
step:2333/3250 train_time:217.699s step_avg:93.31ms
step:2334/3250 train_time:217.861s step_avg:93.34ms
step:2335/3250 train_time:218.021s step_avg:93.37ms
step:2336/3250 train_time:218.181s step_avg:93.40ms
step:2337/3250 train_time:218.342s step_avg:93.43ms
step:2338/3250 train_time:218.504s step_avg:93.46ms
step:2339/3250 train_time:218.663s step_avg:93.49ms
step:2340/3250 train_time:218.823s step_avg:93.51ms
step:2341/3250 train_time:218.984s step_avg:93.54ms
step:2342/3250 train_time:219.151s step_avg:93.57ms
step:2343/3250 train_time:219.314s step_avg:93.60ms
step:2344/3250 train_time:219.474s step_avg:93.63ms
step:2345/3250 train_time:219.634s step_avg:93.66ms
step:2346/3250 train_time:219.795s step_avg:93.69ms
step:2347/3250 train_time:219.955s step_avg:93.72ms
step:2348/3250 train_time:220.116s step_avg:93.75ms
step:2349/3250 train_time:220.275s step_avg:93.77ms
step:2350/3250 train_time:220.435s step_avg:93.80ms
step:2351/3250 train_time:220.595s step_avg:93.83ms
step:2352/3250 train_time:220.755s step_avg:93.86ms
step:2353/3250 train_time:220.917s step_avg:93.89ms
step:2354/3250 train_time:221.077s step_avg:93.92ms
step:2355/3250 train_time:221.239s step_avg:93.94ms
step:2356/3250 train_time:221.400s step_avg:93.97ms
step:2357/3250 train_time:221.560s step_avg:94.00ms
step:2358/3250 train_time:221.719s step_avg:94.03ms
step:2359/3250 train_time:221.881s step_avg:94.06ms
step:2360/3250 train_time:222.042s step_avg:94.09ms
step:2361/3250 train_time:222.204s step_avg:94.11ms
step:2362/3250 train_time:222.363s step_avg:94.14ms
step:2363/3250 train_time:222.523s step_avg:94.17ms
step:2364/3250 train_time:222.685s step_avg:94.20ms
step:2365/3250 train_time:222.848s step_avg:94.23ms
step:2366/3250 train_time:223.009s step_avg:94.26ms
step:2367/3250 train_time:223.170s step_avg:94.28ms
step:2368/3250 train_time:223.331s step_avg:94.31ms
step:2369/3250 train_time:223.491s step_avg:94.34ms
step:2370/3250 train_time:223.653s step_avg:94.37ms
step:2371/3250 train_time:223.814s step_avg:94.40ms
step:2372/3250 train_time:223.974s step_avg:94.42ms
step:2373/3250 train_time:224.135s step_avg:94.45ms
step:2374/3250 train_time:224.296s step_avg:94.48ms
step:2375/3250 train_time:224.456s step_avg:94.51ms
step:2375/3250 val_loss:3.38789 train_time:224.456s step_avg:161.22ms
step:2376/3250 train_time:224.621s step_avg:94.54ms
step:2377/3250 train_time:224.781s step_avg:94.57ms
step:2378/3250 train_time:224.941s step_avg:94.59ms
step:2379/3250 train_time:225.103s step_avg:94.62ms
step:2380/3250 train_time:225.264s step_avg:94.65ms
step:2381/3250 train_time:225.425s step_avg:94.68ms
step:2382/3250 train_time:225.586s step_avg:94.70ms
step:2383/3250 train_time:225.746s step_avg:94.73ms
step:2384/3250 train_time:225.908s step_avg:94.76ms
step:2385/3250 train_time:226.068s step_avg:94.79ms
step:2386/3250 train_time:226.230s step_avg:94.82ms
step:2387/3250 train_time:226.390s step_avg:94.84ms
step:2388/3250 train_time:226.552s step_avg:94.87ms
step:2389/3250 train_time:226.712s step_avg:94.90ms
step:2390/3250 train_time:226.873s step_avg:94.93ms
step:2391/3250 train_time:227.035s step_avg:94.95ms
step:2392/3250 train_time:227.196s step_avg:94.98ms
step:2393/3250 train_time:227.356s step_avg:95.01ms
step:2394/3250 train_time:227.519s step_avg:95.04ms
step:2395/3250 train_time:227.680s step_avg:95.06ms
step:2396/3250 train_time:227.839s step_avg:95.09ms
step:2397/3250 train_time:228.001s step_avg:95.12ms
step:2398/3250 train_time:228.161s step_avg:95.15ms
step:2399/3250 train_time:228.323s step_avg:95.17ms
step:2400/3250 train_time:228.484s step_avg:95.20ms
step:2401/3250 train_time:228.646s step_avg:95.23ms
step:2402/3250 train_time:228.807s step_avg:95.26ms
step:2403/3250 train_time:228.968s step_avg:95.28ms
step:2404/3250 train_time:229.132s step_avg:95.31ms
step:2405/3250 train_time:229.293s step_avg:95.34ms
step:2406/3250 train_time:229.454s step_avg:95.37ms
step:2407/3250 train_time:229.615s step_avg:95.39ms
step:2408/3250 train_time:229.776s step_avg:95.42ms
step:2409/3250 train_time:229.938s step_avg:95.45ms
step:2410/3250 train_time:230.098s step_avg:95.48ms
step:2411/3250 train_time:230.260s step_avg:95.50ms
step:2412/3250 train_time:230.421s step_avg:95.53ms
step:2413/3250 train_time:230.582s step_avg:95.56ms
step:2414/3250 train_time:230.743s step_avg:95.59ms
step:2415/3250 train_time:230.905s step_avg:95.61ms
step:2416/3250 train_time:231.065s step_avg:95.64ms
step:2417/3250 train_time:231.229s step_avg:95.67ms
step:2418/3250 train_time:231.390s step_avg:95.69ms
step:2419/3250 train_time:231.551s step_avg:95.72ms
step:2420/3250 train_time:231.712s step_avg:95.75ms
step:2421/3250 train_time:231.873s step_avg:95.78ms
step:2422/3250 train_time:232.033s step_avg:95.80ms
step:2423/3250 train_time:232.193s step_avg:95.83ms
step:2424/3250 train_time:232.353s step_avg:95.86ms
step:2425/3250 train_time:232.515s step_avg:95.88ms
step:2426/3250 train_time:232.676s step_avg:95.91ms
step:2427/3250 train_time:232.837s step_avg:95.94ms
step:2428/3250 train_time:232.998s step_avg:95.96ms
step:2429/3250 train_time:233.164s step_avg:95.99ms
step:2430/3250 train_time:233.327s step_avg:96.02ms
step:2431/3250 train_time:233.489s step_avg:96.05ms
step:2432/3250 train_time:233.651s step_avg:96.07ms
step:2433/3250 train_time:233.811s step_avg:96.10ms
step:2434/3250 train_time:233.970s step_avg:96.13ms
step:2435/3250 train_time:234.131s step_avg:96.15ms
step:2436/3250 train_time:234.291s step_avg:96.18ms
step:2437/3250 train_time:234.452s step_avg:96.21ms
step:2438/3250 train_time:234.613s step_avg:96.23ms
step:2439/3250 train_time:234.772s step_avg:96.26ms
step:2440/3250 train_time:234.932s step_avg:96.28ms
step:2441/3250 train_time:235.094s step_avg:96.31ms
step:2442/3250 train_time:235.254s step_avg:96.34ms
step:2443/3250 train_time:235.415s step_avg:96.36ms
step:2444/3250 train_time:235.575s step_avg:96.39ms
step:2445/3250 train_time:235.736s step_avg:96.42ms
step:2446/3250 train_time:235.895s step_avg:96.44ms
step:2447/3250 train_time:236.055s step_avg:96.47ms
step:2448/3250 train_time:236.220s step_avg:96.49ms
step:2449/3250 train_time:236.380s step_avg:96.52ms
step:2450/3250 train_time:236.542s step_avg:96.55ms
step:2451/3250 train_time:236.702s step_avg:96.57ms
step:2452/3250 train_time:236.863s step_avg:96.60ms
step:2453/3250 train_time:237.026s step_avg:96.63ms
step:2454/3250 train_time:237.186s step_avg:96.65ms
step:2455/3250 train_time:237.346s step_avg:96.68ms
step:2456/3250 train_time:237.507s step_avg:96.70ms
step:2457/3250 train_time:237.667s step_avg:96.73ms
step:2458/3250 train_time:237.830s step_avg:96.76ms
step:2459/3250 train_time:237.990s step_avg:96.78ms
step:2460/3250 train_time:238.150s step_avg:96.81ms
step:2461/3250 train_time:238.311s step_avg:96.83ms
step:2462/3250 train_time:238.471s step_avg:96.86ms
step:2463/3250 train_time:238.632s step_avg:96.89ms
step:2464/3250 train_time:238.793s step_avg:96.91ms
step:2465/3250 train_time:238.952s step_avg:96.94ms
step:2466/3250 train_time:239.113s step_avg:96.96ms
step:2467/3250 train_time:239.273s step_avg:96.99ms
step:2468/3250 train_time:239.433s step_avg:97.01ms
step:2469/3250 train_time:239.592s step_avg:97.04ms
step:2470/3250 train_time:239.753s step_avg:97.07ms
step:2471/3250 train_time:239.962s step_avg:97.11ms
step:2472/3250 train_time:240.124s step_avg:97.14ms
step:2473/3250 train_time:240.284s step_avg:97.16ms
step:2474/3250 train_time:240.446s step_avg:97.19ms
step:2475/3250 train_time:240.606s step_avg:97.21ms
step:2476/3250 train_time:240.771s step_avg:97.24ms
step:2477/3250 train_time:240.932s step_avg:97.27ms
step:2478/3250 train_time:241.092s step_avg:97.29ms
step:2479/3250 train_time:241.252s step_avg:97.32ms
step:2480/3250 train_time:241.412s step_avg:97.34ms
step:2481/3250 train_time:241.572s step_avg:97.37ms
step:2482/3250 train_time:241.733s step_avg:97.39ms
step:2483/3250 train_time:241.894s step_avg:97.42ms
step:2484/3250 train_time:242.053s step_avg:97.45ms
step:2485/3250 train_time:242.215s step_avg:97.47ms
step:2486/3250 train_time:242.379s step_avg:97.50ms
step:2487/3250 train_time:242.539s step_avg:97.52ms
step:2488/3250 train_time:242.700s step_avg:97.55ms
step:2489/3250 train_time:242.862s step_avg:97.57ms
step:2490/3250 train_time:243.024s step_avg:97.60ms
step:2491/3250 train_time:243.186s step_avg:97.63ms
step:2492/3250 train_time:243.346s step_avg:97.65ms
step:2493/3250 train_time:243.506s step_avg:97.68ms
step:2494/3250 train_time:243.667s step_avg:97.70ms
step:2495/3250 train_time:243.827s step_avg:97.73ms
step:2496/3250 train_time:243.989s step_avg:97.75ms
step:2497/3250 train_time:244.149s step_avg:97.78ms
step:2498/3250 train_time:244.310s step_avg:97.80ms
step:2499/3250 train_time:244.470s step_avg:97.83ms
step:2500/3250 train_time:244.631s step_avg:97.85ms
step:2500/3250 val_loss:3.36934 train_time:244.631s step_avg:161.40ms
step:2501/3250 train_time:244.796s step_avg:97.88ms
step:2502/3250 train_time:244.958s step_avg:97.90ms
step:2503/3250 train_time:245.120s step_avg:97.93ms
step:2504/3250 train_time:245.280s step_avg:97.96ms
step:2505/3250 train_time:245.441s step_avg:97.98ms
step:2506/3250 train_time:245.601s step_avg:98.01ms
step:2507/3250 train_time:245.761s step_avg:98.03ms
step:2508/3250 train_time:245.923s step_avg:98.06ms
step:2509/3250 train_time:246.084s step_avg:98.08ms
step:2510/3250 train_time:246.245s step_avg:98.11ms
step:2511/3250 train_time:246.406s step_avg:98.13ms
step:2512/3250 train_time:246.567s step_avg:98.16ms
step:2513/3250 train_time:246.729s step_avg:98.18ms
step:2514/3250 train_time:246.887s step_avg:98.20ms
step:2515/3250 train_time:247.047s step_avg:98.23ms
step:2516/3250 train_time:247.210s step_avg:98.26ms
step:2517/3250 train_time:247.370s step_avg:98.28ms
step:2518/3250 train_time:247.530s step_avg:98.30ms
step:2519/3250 train_time:247.690s step_avg:98.33ms
step:2520/3250 train_time:247.851s step_avg:98.35ms
step:2521/3250 train_time:248.011s step_avg:98.38ms
step:2522/3250 train_time:248.172s step_avg:98.40ms
step:2523/3250 train_time:248.333s step_avg:98.43ms
step:2524/3250 train_time:248.493s step_avg:98.45ms
step:2525/3250 train_time:248.654s step_avg:98.48ms
step:2526/3250 train_time:248.815s step_avg:98.50ms
step:2527/3250 train_time:248.975s step_avg:98.53ms
step:2528/3250 train_time:249.139s step_avg:98.55ms
step:2529/3250 train_time:249.300s step_avg:98.58ms
step:2530/3250 train_time:249.462s step_avg:98.60ms
step:2531/3250 train_time:249.624s step_avg:98.63ms
step:2532/3250 train_time:249.785s step_avg:98.65ms
step:2533/3250 train_time:249.945s step_avg:98.68ms
step:2534/3250 train_time:250.105s step_avg:98.70ms
step:2535/3250 train_time:250.267s step_avg:98.72ms
step:2536/3250 train_time:250.427s step_avg:98.75ms
step:2537/3250 train_time:250.587s step_avg:98.77ms
step:2538/3250 train_time:250.748s step_avg:98.80ms
step:2539/3250 train_time:250.909s step_avg:98.82ms
step:2540/3250 train_time:251.069s step_avg:98.85ms
step:2541/3250 train_time:251.228s step_avg:98.87ms
step:2542/3250 train_time:251.388s step_avg:98.89ms
step:2543/3250 train_time:251.549s step_avg:98.92ms
step:2544/3250 train_time:251.709s step_avg:98.94ms
step:2545/3250 train_time:251.869s step_avg:98.97ms
step:2546/3250 train_time:252.030s step_avg:98.99ms
step:2547/3250 train_time:252.190s step_avg:99.01ms
step:2548/3250 train_time:252.350s step_avg:99.04ms
step:2549/3250 train_time:252.510s step_avg:99.06ms
step:2550/3250 train_time:252.670s step_avg:99.09ms
step:2551/3250 train_time:252.829s step_avg:99.11ms
step:2552/3250 train_time:252.988s step_avg:99.13ms
step:2553/3250 train_time:253.149s step_avg:99.16ms
step:2554/3250 train_time:253.309s step_avg:99.18ms
step:2555/3250 train_time:253.470s step_avg:99.21ms
step:2556/3250 train_time:253.632s step_avg:99.23ms
step:2557/3250 train_time:253.793s step_avg:99.25ms
step:2558/3250 train_time:253.953s step_avg:99.28ms
step:2559/3250 train_time:254.114s step_avg:99.30ms
step:2560/3250 train_time:254.275s step_avg:99.33ms
step:2561/3250 train_time:254.436s step_avg:99.35ms
step:2562/3250 train_time:254.597s step_avg:99.37ms
step:2563/3250 train_time:254.759s step_avg:99.40ms
step:2564/3250 train_time:254.921s step_avg:99.42ms
step:2565/3250 train_time:255.082s step_avg:99.45ms
step:2566/3250 train_time:255.244s step_avg:99.47ms
step:2567/3250 train_time:255.405s step_avg:99.50ms
step:2568/3250 train_time:255.566s step_avg:99.52ms
step:2569/3250 train_time:255.728s step_avg:99.54ms
step:2570/3250 train_time:255.887s step_avg:99.57ms
step:2571/3250 train_time:256.047s step_avg:99.59ms
step:2572/3250 train_time:256.208s step_avg:99.61ms
step:2573/3250 train_time:256.368s step_avg:99.64ms
step:2574/3250 train_time:256.528s step_avg:99.66ms
step:2575/3250 train_time:256.689s step_avg:99.68ms
step:2576/3250 train_time:256.849s step_avg:99.71ms
step:2577/3250 train_time:257.010s step_avg:99.73ms
step:2578/3250 train_time:257.169s step_avg:99.76ms
step:2579/3250 train_time:257.330s step_avg:99.78ms
step:2580/3250 train_time:257.489s step_avg:99.80ms
step:2581/3250 train_time:257.650s step_avg:99.83ms
step:2582/3250 train_time:257.810s step_avg:99.85ms
step:2583/3250 train_time:257.971s step_avg:99.87ms
step:2584/3250 train_time:258.131s step_avg:99.90ms
step:2585/3250 train_time:258.290s step_avg:99.92ms
step:2586/3250 train_time:258.450s step_avg:99.94ms
step:2587/3250 train_time:258.611s step_avg:99.97ms
step:2588/3250 train_time:258.771s step_avg:99.99ms
step:2589/3250 train_time:258.933s step_avg:100.01ms
step:2590/3250 train_time:259.093s step_avg:100.04ms
step:2591/3250 train_time:259.253s step_avg:100.06ms
step:2592/3250 train_time:259.414s step_avg:100.08ms
step:2593/3250 train_time:259.574s step_avg:100.11ms
step:2594/3250 train_time:259.736s step_avg:100.13ms
step:2595/3250 train_time:259.896s step_avg:100.15ms
step:2596/3250 train_time:260.057s step_avg:100.18ms
step:2597/3250 train_time:260.220s step_avg:100.20ms
step:2598/3250 train_time:260.381s step_avg:100.22ms
step:2599/3250 train_time:260.543s step_avg:100.25ms
step:2600/3250 train_time:260.705s step_avg:100.27ms
step:2601/3250 train_time:260.866s step_avg:100.29ms
step:2602/3250 train_time:261.028s step_avg:100.32ms
step:2603/3250 train_time:261.189s step_avg:100.34ms
step:2604/3250 train_time:261.349s step_avg:100.36ms
step:2605/3250 train_time:261.509s step_avg:100.39ms
step:2606/3250 train_time:261.671s step_avg:100.41ms
step:2607/3250 train_time:261.833s step_avg:100.43ms
step:2608/3250 train_time:261.994s step_avg:100.46ms
step:2609/3250 train_time:262.156s step_avg:100.48ms
step:2610/3250 train_time:262.318s step_avg:100.50ms
step:2611/3250 train_time:262.479s step_avg:100.53ms
step:2612/3250 train_time:262.641s step_avg:100.55ms
step:2613/3250 train_time:262.803s step_avg:100.58ms
step:2614/3250 train_time:262.965s step_avg:100.60ms
step:2615/3250 train_time:263.126s step_avg:100.62ms
step:2616/3250 train_time:263.286s step_avg:100.64ms
step:2617/3250 train_time:263.447s step_avg:100.67ms
step:2618/3250 train_time:263.610s step_avg:100.69ms
step:2619/3250 train_time:263.770s step_avg:100.71ms
step:2620/3250 train_time:263.930s step_avg:100.74ms
step:2621/3250 train_time:264.090s step_avg:100.76ms
step:2622/3250 train_time:264.251s step_avg:100.78ms
step:2623/3250 train_time:264.414s step_avg:100.81ms
step:2624/3250 train_time:264.575s step_avg:100.83ms
step:2625/3250 train_time:264.736s step_avg:100.85ms
step:2625/3250 val_loss:3.35049 train_time:264.736s step_avg:160.84ms
step:2626/3250 train_time:264.901s step_avg:100.88ms
step:2627/3250 train_time:265.062s step_avg:100.90ms
step:2628/3250 train_time:265.223s step_avg:100.92ms
step:2629/3250 train_time:265.383s step_avg:100.94ms
step:2630/3250 train_time:265.544s step_avg:100.97ms
step:2631/3250 train_time:265.703s step_avg:100.99ms
step:2632/3250 train_time:265.862s step_avg:101.01ms
step:2633/3250 train_time:266.022s step_avg:101.03ms
step:2634/3250 train_time:266.183s step_avg:101.06ms
step:2635/3250 train_time:266.345s step_avg:101.08ms
step:2636/3250 train_time:266.505s step_avg:101.10ms
step:2637/3250 train_time:266.666s step_avg:101.12ms
step:2638/3250 train_time:266.825s step_avg:101.15ms
step:2639/3250 train_time:266.986s step_avg:101.17ms
step:2640/3250 train_time:267.148s step_avg:101.19ms
step:2641/3250 train_time:267.307s step_avg:101.21ms
step:2642/3250 train_time:267.469s step_avg:101.24ms
step:2643/3250 train_time:267.630s step_avg:101.26ms
step:2644/3250 train_time:267.791s step_avg:101.28ms
step:2645/3250 train_time:267.953s step_avg:101.31ms
step:2646/3250 train_time:268.114s step_avg:101.33ms
step:2647/3250 train_time:268.277s step_avg:101.35ms
step:2648/3250 train_time:268.438s step_avg:101.37ms
step:2649/3250 train_time:268.600s step_avg:101.40ms
step:2650/3250 train_time:268.761s step_avg:101.42ms
step:2651/3250 train_time:268.921s step_avg:101.44ms
step:2652/3250 train_time:269.082s step_avg:101.46ms
step:2653/3250 train_time:269.242s step_avg:101.49ms
step:2654/3250 train_time:269.403s step_avg:101.51ms
step:2655/3250 train_time:269.564s step_avg:101.53ms
step:2656/3250 train_time:269.724s step_avg:101.55ms
step:2657/3250 train_time:269.884s step_avg:101.57ms
step:2658/3250 train_time:270.045s step_avg:101.60ms
step:2659/3250 train_time:270.205s step_avg:101.62ms
step:2660/3250 train_time:270.369s step_avg:101.64ms
step:2661/3250 train_time:270.586s step_avg:101.69ms
step:2662/3250 train_time:270.746s step_avg:101.71ms
step:2663/3250 train_time:270.907s step_avg:101.73ms
step:2664/3250 train_time:271.066s step_avg:101.75ms
step:2665/3250 train_time:271.227s step_avg:101.77ms
step:2666/3250 train_time:271.387s step_avg:101.80ms
step:2667/3250 train_time:271.549s step_avg:101.82ms
step:2668/3250 train_time:271.712s step_avg:101.84ms
step:2669/3250 train_time:271.871s step_avg:101.86ms
step:2670/3250 train_time:272.032s step_avg:101.88ms
step:2671/3250 train_time:272.193s step_avg:101.91ms
step:2672/3250 train_time:272.355s step_avg:101.93ms
step:2673/3250 train_time:272.516s step_avg:101.95ms
step:2674/3250 train_time:272.676s step_avg:101.97ms
step:2675/3250 train_time:272.837s step_avg:102.00ms
step:2676/3250 train_time:272.998s step_avg:102.02ms
step:2677/3250 train_time:273.159s step_avg:102.04ms
step:2678/3250 train_time:273.320s step_avg:102.06ms
step:2679/3250 train_time:273.481s step_avg:102.08ms
step:2680/3250 train_time:273.643s step_avg:102.11ms
step:2681/3250 train_time:273.803s step_avg:102.13ms
step:2682/3250 train_time:273.964s step_avg:102.15ms
step:2683/3250 train_time:274.123s step_avg:102.17ms
step:2684/3250 train_time:274.283s step_avg:102.19ms
step:2685/3250 train_time:274.446s step_avg:102.21ms
step:2686/3250 train_time:274.606s step_avg:102.24ms
step:2687/3250 train_time:274.766s step_avg:102.26ms
step:2688/3250 train_time:274.926s step_avg:102.28ms
step:2689/3250 train_time:275.087s step_avg:102.30ms
step:2690/3250 train_time:275.248s step_avg:102.32ms
step:2691/3250 train_time:275.407s step_avg:102.34ms
step:2692/3250 train_time:275.568s step_avg:102.37ms
step:2693/3250 train_time:275.727s step_avg:102.39ms
step:2694/3250 train_time:275.888s step_avg:102.41ms
step:2695/3250 train_time:276.049s step_avg:102.43ms
step:2696/3250 train_time:276.214s step_avg:102.45ms
step:2697/3250 train_time:276.375s step_avg:102.48ms
step:2698/3250 train_time:276.537s step_avg:102.50ms
step:2699/3250 train_time:276.699s step_avg:102.52ms
step:2700/3250 train_time:276.861s step_avg:102.54ms
step:2701/3250 train_time:277.022s step_avg:102.56ms
step:2702/3250 train_time:277.183s step_avg:102.58ms
step:2703/3250 train_time:277.343s step_avg:102.61ms
step:2704/3250 train_time:277.503s step_avg:102.63ms
step:2705/3250 train_time:277.664s step_avg:102.65ms
step:2706/3250 train_time:277.824s step_avg:102.67ms
step:2707/3250 train_time:277.985s step_avg:102.69ms
step:2708/3250 train_time:278.146s step_avg:102.71ms
step:2709/3250 train_time:278.305s step_avg:102.73ms
step:2710/3250 train_time:278.465s step_avg:102.75ms
step:2711/3250 train_time:278.625s step_avg:102.78ms
step:2712/3250 train_time:278.786s step_avg:102.80ms
step:2713/3250 train_time:278.947s step_avg:102.82ms
step:2714/3250 train_time:279.108s step_avg:102.84ms
step:2715/3250 train_time:279.267s step_avg:102.86ms
step:2716/3250 train_time:279.427s step_avg:102.88ms
step:2717/3250 train_time:279.589s step_avg:102.90ms
step:2718/3250 train_time:279.748s step_avg:102.92ms
step:2719/3250 train_time:279.909s step_avg:102.95ms
step:2720/3250 train_time:280.069s step_avg:102.97ms
step:2721/3250 train_time:280.230s step_avg:102.99ms
step:2722/3250 train_time:280.390s step_avg:103.01ms
step:2723/3250 train_time:280.551s step_avg:103.03ms
step:2724/3250 train_time:280.712s step_avg:103.05ms
step:2725/3250 train_time:280.872s step_avg:103.07ms
step:2726/3250 train_time:281.033s step_avg:103.09ms
step:2727/3250 train_time:281.196s step_avg:103.12ms
step:2728/3250 train_time:281.357s step_avg:103.14ms
step:2729/3250 train_time:281.517s step_avg:103.16ms
step:2730/3250 train_time:281.677s step_avg:103.18ms
step:2731/3250 train_time:281.837s step_avg:103.20ms
step:2732/3250 train_time:281.998s step_avg:103.22ms
step:2733/3250 train_time:282.159s step_avg:103.24ms
step:2734/3250 train_time:282.321s step_avg:103.26ms
step:2735/3250 train_time:282.481s step_avg:103.28ms
step:2736/3250 train_time:282.641s step_avg:103.30ms
step:2737/3250 train_time:282.802s step_avg:103.33ms
step:2738/3250 train_time:282.963s step_avg:103.35ms
step:2739/3250 train_time:283.125s step_avg:103.37ms
step:2740/3250 train_time:283.285s step_avg:103.39ms
step:2741/3250 train_time:283.447s step_avg:103.41ms
step:2742/3250 train_time:283.608s step_avg:103.43ms
step:2743/3250 train_time:283.769s step_avg:103.45ms
step:2744/3250 train_time:283.930s step_avg:103.47ms
step:2745/3250 train_time:284.089s step_avg:103.49ms
step:2746/3250 train_time:284.251s step_avg:103.51ms
step:2747/3250 train_time:284.412s step_avg:103.54ms
step:2748/3250 train_time:284.574s step_avg:103.56ms
step:2749/3250 train_time:284.735s step_avg:103.58ms
step:2750/3250 train_time:284.895s step_avg:103.60ms
step:2750/3250 val_loss:3.33226 train_time:284.895s step_avg:161.27ms
step:2751/3250 train_time:285.060s step_avg:103.62ms
step:2752/3250 train_time:285.219s step_avg:103.64ms
step:2753/3250 train_time:285.380s step_avg:103.66ms
step:2754/3250 train_time:285.541s step_avg:103.68ms
step:2755/3250 train_time:285.702s step_avg:103.70ms
step:2756/3250 train_time:285.863s step_avg:103.72ms
step:2757/3250 train_time:286.025s step_avg:103.74ms
step:2758/3250 train_time:286.186s step_avg:103.77ms
step:2759/3250 train_time:286.347s step_avg:103.79ms
step:2760/3250 train_time:286.509s step_avg:103.81ms
step:2761/3250 train_time:286.673s step_avg:103.83ms
step:2762/3250 train_time:286.835s step_avg:103.85ms
step:2763/3250 train_time:286.997s step_avg:103.87ms
step:2764/3250 train_time:287.158s step_avg:103.89ms
step:2765/3250 train_time:287.319s step_avg:103.91ms
step:2766/3250 train_time:287.480s step_avg:103.93ms
step:2767/3250 train_time:287.640s step_avg:103.95ms
step:2768/3250 train_time:287.801s step_avg:103.97ms
step:2769/3250 train_time:287.962s step_avg:103.99ms
step:2770/3250 train_time:288.123s step_avg:104.02ms
step:2771/3250 train_time:288.283s step_avg:104.04ms
step:2772/3250 train_time:288.443s step_avg:104.06ms
step:2773/3250 train_time:288.605s step_avg:104.08ms
step:2774/3250 train_time:288.767s step_avg:104.10ms
step:2775/3250 train_time:288.930s step_avg:104.12ms
step:2776/3250 train_time:289.099s step_avg:104.14ms
step:2777/3250 train_time:289.260s step_avg:104.16ms
step:2778/3250 train_time:289.420s step_avg:104.18ms
step:2779/3250 train_time:289.583s step_avg:104.20ms
step:2780/3250 train_time:289.744s step_avg:104.22ms
step:2781/3250 train_time:289.905s step_avg:104.24ms
step:2782/3250 train_time:290.066s step_avg:104.27ms
step:2783/3250 train_time:290.231s step_avg:104.29ms
step:2784/3250 train_time:290.393s step_avg:104.31ms
step:2785/3250 train_time:290.554s step_avg:104.33ms
step:2786/3250 train_time:290.716s step_avg:104.35ms
step:2787/3250 train_time:290.877s step_avg:104.37ms
step:2788/3250 train_time:291.038s step_avg:104.39ms
step:2789/3250 train_time:291.200s step_avg:104.41ms
step:2790/3250 train_time:291.361s step_avg:104.43ms
step:2791/3250 train_time:291.521s step_avg:104.45ms
step:2792/3250 train_time:291.681s step_avg:104.47ms
step:2793/3250 train_time:291.843s step_avg:104.49ms
step:2794/3250 train_time:292.006s step_avg:104.51ms
step:2795/3250 train_time:292.167s step_avg:104.53ms
step:2796/3250 train_time:292.328s step_avg:104.55ms
step:2797/3250 train_time:292.489s step_avg:104.57ms
step:2798/3250 train_time:292.652s step_avg:104.59ms
step:2799/3250 train_time:292.814s step_avg:104.61ms
step:2800/3250 train_time:292.976s step_avg:104.63ms
step:2801/3250 train_time:293.137s step_avg:104.65ms
step:2802/3250 train_time:293.298s step_avg:104.67ms
step:2803/3250 train_time:293.461s step_avg:104.70ms
step:2804/3250 train_time:293.622s step_avg:104.72ms
step:2805/3250 train_time:293.783s step_avg:104.74ms
step:2806/3250 train_time:293.946s step_avg:104.76ms
step:2807/3250 train_time:294.107s step_avg:104.78ms
step:2808/3250 train_time:294.268s step_avg:104.80ms
step:2809/3250 train_time:294.432s step_avg:104.82ms
step:2810/3250 train_time:294.593s step_avg:104.84ms
step:2811/3250 train_time:294.753s step_avg:104.86ms
step:2812/3250 train_time:294.915s step_avg:104.88ms
step:2813/3250 train_time:295.077s step_avg:104.90ms
step:2814/3250 train_time:295.238s step_avg:104.92ms
step:2815/3250 train_time:295.397s step_avg:104.94ms
step:2816/3250 train_time:295.557s step_avg:104.96ms
step:2817/3250 train_time:295.717s step_avg:104.98ms
step:2818/3250 train_time:295.880s step_avg:105.00ms
step:2819/3250 train_time:296.041s step_avg:105.02ms
step:2820/3250 train_time:296.200s step_avg:105.04ms
step:2821/3250 train_time:296.360s step_avg:105.06ms
step:2822/3250 train_time:296.520s step_avg:105.07ms
step:2823/3250 train_time:296.682s step_avg:105.09ms
step:2824/3250 train_time:296.841s step_avg:105.11ms
step:2825/3250 train_time:297.003s step_avg:105.13ms
step:2826/3250 train_time:297.164s step_avg:105.15ms
step:2827/3250 train_time:297.324s step_avg:105.17ms
step:2828/3250 train_time:297.485s step_avg:105.19ms
step:2829/3250 train_time:297.645s step_avg:105.21ms
step:2830/3250 train_time:297.806s step_avg:105.23ms
step:2831/3250 train_time:297.967s step_avg:105.25ms
step:2832/3250 train_time:298.127s step_avg:105.27ms
step:2833/3250 train_time:298.287s step_avg:105.29ms
step:2834/3250 train_time:298.450s step_avg:105.31ms
step:2835/3250 train_time:298.611s step_avg:105.33ms
step:2836/3250 train_time:298.773s step_avg:105.35ms
step:2837/3250 train_time:298.934s step_avg:105.37ms
step:2838/3250 train_time:299.094s step_avg:105.39ms
step:2839/3250 train_time:299.256s step_avg:105.41ms
step:2840/3250 train_time:299.418s step_avg:105.43ms
step:2841/3250 train_time:299.579s step_avg:105.45ms
step:2842/3250 train_time:299.739s step_avg:105.47ms
step:2843/3250 train_time:299.900s step_avg:105.49ms
step:2844/3250 train_time:300.063s step_avg:105.51ms
step:2845/3250 train_time:300.224s step_avg:105.53ms
step:2846/3250 train_time:300.385s step_avg:105.55ms
step:2847/3250 train_time:300.546s step_avg:105.57ms
step:2848/3250 train_time:300.706s step_avg:105.58ms
step:2849/3250 train_time:300.868s step_avg:105.60ms
step:2850/3250 train_time:301.031s step_avg:105.62ms
step:2851/3250 train_time:301.239s step_avg:105.66ms
step:2852/3250 train_time:301.399s step_avg:105.68ms
step:2853/3250 train_time:301.559s step_avg:105.70ms
step:2854/3250 train_time:301.719s step_avg:105.72ms
step:2855/3250 train_time:301.879s step_avg:105.74ms
step:2856/3250 train_time:302.040s step_avg:105.76ms
step:2857/3250 train_time:302.200s step_avg:105.78ms
step:2858/3250 train_time:302.360s step_avg:105.79ms
step:2859/3250 train_time:302.521s step_avg:105.81ms
step:2860/3250 train_time:302.681s step_avg:105.83ms
step:2861/3250 train_time:302.844s step_avg:105.85ms
step:2862/3250 train_time:303.004s step_avg:105.87ms
step:2863/3250 train_time:303.165s step_avg:105.89ms
step:2864/3250 train_time:303.325s step_avg:105.91ms
step:2865/3250 train_time:303.486s step_avg:105.93ms
step:2866/3250 train_time:303.648s step_avg:105.95ms
step:2867/3250 train_time:303.809s step_avg:105.97ms
step:2868/3250 train_time:303.970s step_avg:105.99ms
step:2869/3250 train_time:304.131s step_avg:106.01ms
step:2870/3250 train_time:304.292s step_avg:106.03ms
step:2871/3250 train_time:304.454s step_avg:106.04ms
step:2872/3250 train_time:304.615s step_avg:106.06ms
step:2873/3250 train_time:304.776s step_avg:106.08ms
step:2874/3250 train_time:304.937s step_avg:106.10ms
step:2875/3250 train_time:305.099s step_avg:106.12ms
step:2875/3250 val_loss:3.31458 train_time:305.099s step_avg:161.63ms
step:2876/3250 train_time:305.265s step_avg:106.14ms
step:2877/3250 train_time:305.427s step_avg:106.16ms
step:2878/3250 train_time:305.589s step_avg:106.18ms
step:2879/3250 train_time:305.750s step_avg:106.20ms
step:2880/3250 train_time:305.911s step_avg:106.22ms
step:2881/3250 train_time:306.072s step_avg:106.24ms
step:2882/3250 train_time:306.232s step_avg:106.26ms
step:2883/3250 train_time:306.395s step_avg:106.28ms
step:2884/3250 train_time:306.553s step_avg:106.29ms
step:2885/3250 train_time:306.716s step_avg:106.31ms
step:2886/3250 train_time:306.877s step_avg:106.33ms
step:2887/3250 train_time:307.036s step_avg:106.35ms
step:2888/3250 train_time:307.196s step_avg:106.37ms
step:2889/3250 train_time:307.355s step_avg:106.39ms
step:2890/3250 train_time:307.515s step_avg:106.41ms
step:2891/3250 train_time:307.675s step_avg:106.43ms
step:2892/3250 train_time:307.835s step_avg:106.44ms
step:2893/3250 train_time:307.996s step_avg:106.46ms
step:2894/3250 train_time:308.159s step_avg:106.48ms
step:2895/3250 train_time:308.320s step_avg:106.50ms
step:2896/3250 train_time:308.480s step_avg:106.52ms
step:2897/3250 train_time:308.641s step_avg:106.54ms
step:2898/3250 train_time:308.800s step_avg:106.56ms
step:2899/3250 train_time:308.961s step_avg:106.57ms
step:2900/3250 train_time:309.122s step_avg:106.59ms
step:2900/3250 val_loss:3.31101 train_time:309.123s step_avg:160.95ms
step:2901/3250 train_time:309.285s step_avg:106.61ms
step:2902/3250 train_time:309.446s step_avg:106.63ms
step:2903/3250 train_time:309.606s step_avg:106.65ms
step:2904/3250 train_time:309.767s step_avg:106.67ms
step:2905/3250 train_time:309.927s step_avg:106.69ms
step:2906/3250 train_time:310.089s step_avg:106.71ms
step:2907/3250 train_time:310.251s step_avg:106.73ms
step:2908/3250 train_time:310.409s step_avg:106.74ms
step:2909/3250 train_time:310.569s step_avg:106.76ms
step:2910/3250 train_time:310.730s step_avg:106.78ms
step:2910/3250 val_loss:3.30943 train_time:310.731s step_avg:160.79ms
step:2911/3250 train_time:310.894s step_avg:106.80ms
step:2912/3250 train_time:311.054s step_avg:106.82ms
step:2913/3250 train_time:311.215s step_avg:106.84ms
step:2914/3250 train_time:311.377s step_avg:106.86ms
step:2915/3250 train_time:311.537s step_avg:106.87ms
step:2916/3250 train_time:311.698s step_avg:106.89ms
step:2917/3250 train_time:311.858s step_avg:106.91ms
step:2918/3250 train_time:312.020s step_avg:106.93ms
step:2919/3250 train_time:312.180s step_avg:106.95ms
step:2920/3250 train_time:312.342s step_avg:106.97ms
step:2920/3250 val_loss:3.30782 train_time:312.342s step_avg:161.13ms
step:2921/3250 train_time:312.504s step_avg:106.99ms
step:2922/3250 train_time:312.665s step_avg:107.00ms
step:2923/3250 train_time:312.825s step_avg:107.02ms
step:2924/3250 train_time:312.985s step_avg:107.04ms
step:2925/3250 train_time:313.146s step_avg:107.06ms
step:2925/3250 val_loss:3.30730 train_time:313.146s step_avg:160.90ms
step:2926/3250 train_time:313.311s step_avg:107.08ms
step:2927/3250 train_time:313.472s step_avg:107.10ms
step:2928/3250 train_time:313.633s step_avg:107.12ms
step:2929/3250 train_time:313.793s step_avg:107.13ms
step:2930/3250 train_time:313.955s step_avg:107.15ms
step:2930/3250 val_loss:3.30689 train_time:313.955s step_avg:161.74ms
step:2931/3250 train_time:314.118s step_avg:107.17ms
step:2932/3250 train_time:314.279s step_avg:107.19ms
step:2933/3250 train_time:314.438s step_avg:107.21ms
step:2934/3250 train_time:314.599s step_avg:107.23ms
step:2935/3250 train_time:314.758s step_avg:107.24ms
step:2936/3250 train_time:314.917s step_avg:107.26ms
step:2937/3250 train_time:315.079s step_avg:107.28ms
step:2938/3250 train_time:315.239s step_avg:107.30ms
step:2939/3250 train_time:315.400s step_avg:107.32ms
step:2940/3250 train_time:315.560s step_avg:107.33ms
step:2940/3250 val_loss:3.30558 train_time:315.560s step_avg:160.54ms
step:2941/3250 train_time:315.726s step_avg:107.35ms
step:2942/3250 train_time:315.887s step_avg:107.37ms
step:2943/3250 train_time:316.048s step_avg:107.39ms
step:2944/3250 train_time:316.209s step_avg:107.41ms
step:2945/3250 train_time:316.369s step_avg:107.43ms
step:2946/3250 train_time:316.529s step_avg:107.44ms
step:2947/3250 train_time:316.690s step_avg:107.46ms
step:2948/3250 train_time:316.850s step_avg:107.48ms
step:2949/3250 train_time:317.012s step_avg:107.50ms
step:2950/3250 train_time:317.172s step_avg:107.52ms
step:2950/3250 val_loss:3.30407 train_time:317.172s step_avg:161.13ms
step:2951/3250 train_time:317.336s step_avg:107.54ms
step:2952/3250 train_time:317.497s step_avg:107.55ms
step:2953/3250 train_time:317.659s step_avg:107.57ms
step:2954/3250 train_time:317.819s step_avg:107.59ms
step:2955/3250 train_time:317.980s step_avg:107.61ms
step:2956/3250 train_time:318.142s step_avg:107.63ms
step:2957/3250 train_time:318.302s step_avg:107.64ms
step:2958/3250 train_time:318.463s step_avg:107.66ms
step:2959/3250 train_time:318.623s step_avg:107.68ms
step:2960/3250 train_time:318.783s step_avg:107.70ms
step:2960/3250 val_loss:3.30277 train_time:318.784s step_avg:161.17ms
step:2961/3250 train_time:318.947s step_avg:107.72ms
step:2962/3250 train_time:319.107s step_avg:107.73ms
step:2963/3250 train_time:319.268s step_avg:107.75ms
step:2964/3250 train_time:319.427s step_avg:107.77ms
step:2965/3250 train_time:319.588s step_avg:107.79ms
step:2966/3250 train_time:319.748s step_avg:107.80ms
step:2967/3250 train_time:319.909s step_avg:107.82ms
step:2968/3250 train_time:320.069s step_avg:107.84ms
step:2969/3250 train_time:320.229s step_avg:107.86ms
step:2970/3250 train_time:320.389s step_avg:107.87ms
step:2970/3250 val_loss:3.30143 train_time:320.390s step_avg:160.59ms
step:2971/3250 train_time:320.555s step_avg:107.89ms
step:2972/3250 train_time:320.717s step_avg:107.91ms
step:2973/3250 train_time:320.876s step_avg:107.93ms
step:2974/3250 train_time:321.037s step_avg:107.95ms
step:2975/3250 train_time:321.201s step_avg:107.97ms
step:2975/3250 val_loss:3.30093 train_time:321.201s step_avg:162.32ms
step:2976/3250 train_time:321.367s step_avg:107.99ms
step:2977/3250 train_time:321.530s step_avg:108.00ms
step:2978/3250 train_time:321.691s step_avg:108.02ms
step:2979/3250 train_time:321.853s step_avg:108.04ms
step:2980/3250 train_time:322.014s step_avg:108.06ms
step:2980/3250 val_loss:3.30026 train_time:322.015s step_avg:162.69ms
step:2981/3250 train_time:322.179s step_avg:108.08ms
step:2982/3250 train_time:322.339s step_avg:108.09ms
step:2983/3250 train_time:322.499s step_avg:108.11ms
step:2984/3250 train_time:322.662s step_avg:108.13ms
step:2985/3250 train_time:322.825s step_avg:108.15ms
step:2986/3250 train_time:322.985s step_avg:108.17ms
step:2987/3250 train_time:323.147s step_avg:108.18ms
step:2988/3250 train_time:323.308s step_avg:108.20ms
step:2989/3250 train_time:323.471s step_avg:108.22ms
step:2990/3250 train_time:323.631s step_avg:108.24ms
step:2990/3250 val_loss:3.29930 train_time:323.631s step_avg:161.67ms
step:2991/3250 train_time:323.795s step_avg:108.26ms
step:2992/3250 train_time:323.956s step_avg:108.27ms
step:2993/3250 train_time:324.116s step_avg:108.29ms
step:2994/3250 train_time:324.276s step_avg:108.31ms
step:2995/3250 train_time:324.437s step_avg:108.33ms
step:2996/3250 train_time:324.600s step_avg:108.34ms
step:2997/3250 train_time:324.761s step_avg:108.36ms
step:2998/3250 train_time:324.924s step_avg:108.38ms
step:2999/3250 train_time:325.086s step_avg:108.40ms
step:3000/3250 train_time:325.247s step_avg:108.42ms
step:3000/3250 val_loss:3.29786 train_time:325.247s step_avg:161.62ms
step:3001/3250 train_time:325.410s step_avg:108.43ms
step:3002/3250 train_time:325.570s step_avg:108.45ms
step:3003/3250 train_time:325.733s step_avg:108.47ms
step:3004/3250 train_time:325.896s step_avg:108.49ms
step:3005/3250 train_time:326.057s step_avg:108.50ms
step:3006/3250 train_time:326.218s step_avg:108.52ms
step:3007/3250 train_time:326.380s step_avg:108.54ms
step:3008/3250 train_time:326.542s step_avg:108.56ms
step:3009/3250 train_time:326.703s step_avg:108.58ms
step:3010/3250 train_time:326.866s step_avg:108.59ms
step:3010/3250 val_loss:3.29647 train_time:326.866s step_avg:161.85ms
step:3011/3250 train_time:327.029s step_avg:108.61ms
step:3012/3250 train_time:327.190s step_avg:108.63ms
step:3013/3250 train_time:327.350s step_avg:108.65ms
step:3014/3250 train_time:327.511s step_avg:108.66ms
step:3015/3250 train_time:327.673s step_avg:108.68ms
step:3016/3250 train_time:327.834s step_avg:108.70ms
step:3017/3250 train_time:327.997s step_avg:108.72ms
step:3018/3250 train_time:328.157s step_avg:108.73ms
step:3019/3250 train_time:328.319s step_avg:108.75ms
step:3020/3250 train_time:328.482s step_avg:108.77ms
step:3020/3250 val_loss:3.29489 train_time:328.482s step_avg:161.64ms
step:3021/3250 train_time:328.644s step_avg:108.79ms
step:3022/3250 train_time:328.806s step_avg:108.80ms
step:3023/3250 train_time:328.967s step_avg:108.82ms
step:3024/3250 train_time:329.128s step_avg:108.84ms
step:3025/3250 train_time:329.290s step_avg:108.86ms
step:3025/3250 val_loss:3.29410 train_time:329.291s step_avg:161.78ms
step:3026/3250 train_time:329.456s step_avg:108.87ms
step:3027/3250 train_time:329.617s step_avg:108.89ms
step:3028/3250 train_time:329.777s step_avg:108.91ms
step:3029/3250 train_time:329.940s step_avg:108.93ms
step:3030/3250 train_time:330.100s step_avg:108.94ms
step:3030/3250 val_loss:3.29338 train_time:330.100s step_avg:161.81ms
step:3031/3250 train_time:330.266s step_avg:108.96ms
step:3032/3250 train_time:330.427s step_avg:108.98ms
step:3033/3250 train_time:330.587s step_avg:109.00ms
step:3034/3250 train_time:330.750s step_avg:109.01ms
step:3035/3250 train_time:330.912s step_avg:109.03ms
step:3036/3250 train_time:331.075s step_avg:109.05ms
step:3037/3250 train_time:331.235s step_avg:109.07ms
step:3038/3250 train_time:331.395s step_avg:109.08ms
step:3039/3250 train_time:331.557s step_avg:109.10ms
step:3040/3250 train_time:331.718s step_avg:109.12ms
step:3040/3250 val_loss:3.29209 train_time:331.718s step_avg:161.80ms
step:3041/3250 train_time:331.931s step_avg:109.15ms
step:3042/3250 train_time:332.092s step_avg:109.17ms
step:3043/3250 train_time:332.252s step_avg:109.19ms
step:3044/3250 train_time:332.412s step_avg:109.20ms
step:3045/3250 train_time:332.573s step_avg:109.22ms
step:3046/3250 train_time:332.733s step_avg:109.24ms
step:3047/3250 train_time:332.894s step_avg:109.25ms
step:3048/3250 train_time:333.054s step_avg:109.27ms
step:3049/3250 train_time:333.214s step_avg:109.29ms
step:3050/3250 train_time:333.374s step_avg:109.30ms
step:3050/3250 val_loss:3.29103 train_time:333.374s step_avg:165.57ms
step:3051/3250 train_time:333.538s step_avg:109.32ms
step:3052/3250 train_time:333.701s step_avg:109.34ms
step:3053/3250 train_time:333.863s step_avg:109.36ms
step:3054/3250 train_time:334.025s step_avg:109.37ms
step:3055/3250 train_time:334.186s step_avg:109.39ms
step:3056/3250 train_time:334.349s step_avg:109.41ms
step:3057/3250 train_time:334.510s step_avg:109.42ms
step:3058/3250 train_time:334.670s step_avg:109.44ms
step:3059/3250 train_time:334.831s step_avg:109.46ms
step:3060/3250 train_time:334.991s step_avg:109.47ms
step:3060/3250 val_loss:3.29017 train_time:334.991s step_avg:161.74ms
step:3061/3250 train_time:335.158s step_avg:109.49ms
step:3062/3250 train_time:335.320s step_avg:109.51ms
step:3063/3250 train_time:335.481s step_avg:109.53ms
step:3064/3250 train_time:335.641s step_avg:109.54ms
step:3065/3250 train_time:335.803s step_avg:109.56ms
step:3066/3250 train_time:335.965s step_avg:109.58ms
step:3067/3250 train_time:336.125s step_avg:109.59ms
step:3068/3250 train_time:336.286s step_avg:109.61ms
step:3069/3250 train_time:336.446s step_avg:109.63ms
step:3070/3250 train_time:336.607s step_avg:109.64ms
step:3070/3250 val_loss:3.28891 train_time:336.607s step_avg:161.59ms
step:3071/3250 train_time:336.773s step_avg:109.66ms
step:3072/3250 train_time:336.934s step_avg:109.68ms
step:3073/3250 train_time:337.097s step_avg:109.70ms
step:3074/3250 train_time:337.259s step_avg:109.71ms
step:3075/3250 train_time:337.421s step_avg:109.73ms
step:3075/3250 val_loss:3.28826 train_time:337.421s step_avg:162.79ms
step:3076/3250 train_time:337.587s step_avg:109.75ms
step:3077/3250 train_time:337.749s step_avg:109.77ms
step:3078/3250 train_time:337.910s step_avg:109.78ms
step:3079/3250 train_time:338.071s step_avg:109.80ms
step:3080/3250 train_time:338.233s step_avg:109.82ms
step:3080/3250 val_loss:3.28768 train_time:338.234s step_avg:162.47ms
step:3081/3250 train_time:338.398s step_avg:109.83ms
step:3082/3250 train_time:338.560s step_avg:109.85ms
step:3083/3250 train_time:338.722s step_avg:109.87ms
step:3084/3250 train_time:338.883s step_avg:109.88ms
step:3085/3250 train_time:339.048s step_avg:109.90ms
step:3086/3250 train_time:339.210s step_avg:109.92ms
step:3087/3250 train_time:339.373s step_avg:109.94ms
step:3088/3250 train_time:339.533s step_avg:109.95ms
step:3089/3250 train_time:339.695s step_avg:109.97ms
step:3090/3250 train_time:339.859s step_avg:109.99ms
step:3090/3250 val_loss:3.28664 train_time:339.859s step_avg:162.57ms
step:3091/3250 train_time:340.024s step_avg:110.00ms
step:3092/3250 train_time:340.186s step_avg:110.02ms
step:3093/3250 train_time:340.347s step_avg:110.04ms
step:3094/3250 train_time:340.507s step_avg:110.05ms
step:3095/3250 train_time:340.671s step_avg:110.07ms
step:3096/3250 train_time:340.831s step_avg:110.09ms
step:3097/3250 train_time:340.991s step_avg:110.10ms
step:3098/3250 train_time:341.151s step_avg:110.12ms
step:3099/3250 train_time:341.312s step_avg:110.14ms
step:3100/3250 train_time:341.475s step_avg:110.15ms
step:3100/3250 val_loss:3.28548 train_time:341.475s step_avg:161.60ms
step:3101/3250 train_time:341.639s step_avg:110.17ms
step:3102/3250 train_time:341.802s step_avg:110.19ms
step:3103/3250 train_time:341.962s step_avg:110.20ms
step:3104/3250 train_time:342.123s step_avg:110.22ms
step:3105/3250 train_time:342.283s step_avg:110.24ms
step:3106/3250 train_time:342.443s step_avg:110.25ms
step:3107/3250 train_time:342.605s step_avg:110.27ms
step:3108/3250 train_time:342.764s step_avg:110.28ms
step:3109/3250 train_time:342.925s step_avg:110.30ms
step:3110/3250 train_time:343.085s step_avg:110.32ms
step:3110/3250 val_loss:3.28448 train_time:343.085s step_avg:161.00ms
step:3111/3250 train_time:343.250s step_avg:110.33ms
step:3112/3250 train_time:343.413s step_avg:110.35ms
step:3113/3250 train_time:343.574s step_avg:110.37ms
step:3114/3250 train_time:343.735s step_avg:110.38ms
step:3115/3250 train_time:343.896s step_avg:110.40ms
step:3116/3250 train_time:344.056s step_avg:110.42ms
step:3117/3250 train_time:344.218s step_avg:110.43ms
step:3118/3250 train_time:344.378s step_avg:110.45ms
step:3119/3250 train_time:344.540s step_avg:110.46ms
step:3120/3250 train_time:344.700s step_avg:110.48ms
step:3120/3250 val_loss:3.28357 train_time:344.700s step_avg:161.46ms
step:3121/3250 train_time:344.863s step_avg:110.50ms
step:3122/3250 train_time:345.025s step_avg:110.51ms
step:3123/3250 train_time:345.188s step_avg:110.53ms
step:3124/3250 train_time:345.348s step_avg:110.55ms
step:3125/3250 train_time:345.509s step_avg:110.56ms
step:3125/3250 val_loss:3.28304 train_time:345.509s step_avg:161.87ms
step:3126/3250 train_time:345.673s step_avg:110.58ms
step:3127/3250 train_time:345.834s step_avg:110.60ms
step:3128/3250 train_time:345.994s step_avg:110.61ms
step:3129/3250 train_time:346.157s step_avg:110.63ms
step:3130/3250 train_time:346.318s step_avg:110.64ms
step:3130/3250 val_loss:3.28241 train_time:346.318s step_avg:161.69ms
step:3131/3250 train_time:346.482s step_avg:110.66ms
step:3132/3250 train_time:346.644s step_avg:110.68ms
step:3133/3250 train_time:346.806s step_avg:110.69ms
step:3134/3250 train_time:346.968s step_avg:110.71ms
step:3135/3250 train_time:347.129s step_avg:110.73ms
step:3136/3250 train_time:347.290s step_avg:110.74ms
step:3137/3250 train_time:347.452s step_avg:110.76ms
step:3138/3250 train_time:347.612s step_avg:110.78ms
step:3139/3250 train_time:347.774s step_avg:110.79ms
step:3140/3250 train_time:347.935s step_avg:110.81ms
step:3140/3250 val_loss:3.28150 train_time:347.935s step_avg:161.76ms
step:3141/3250 train_time:348.098s step_avg:110.82ms
step:3142/3250 train_time:348.260s step_avg:110.84ms
step:3143/3250 train_time:348.421s step_avg:110.86ms
step:3144/3250 train_time:348.582s step_avg:110.87ms
step:3145/3250 train_time:348.742s step_avg:110.89ms
step:3146/3250 train_time:348.901s step_avg:110.90ms
step:3147/3250 train_time:349.064s step_avg:110.92ms
step:3148/3250 train_time:349.226s step_avg:110.94ms
step:3149/3250 train_time:349.386s step_avg:110.95ms
step:3150/3250 train_time:349.548s step_avg:110.97ms
step:3150/3250 val_loss:3.28049 train_time:349.548s step_avg:161.26ms
step:3151/3250 train_time:349.711s step_avg:110.98ms
step:3152/3250 train_time:349.873s step_avg:111.00ms
step:3153/3250 train_time:350.033s step_avg:111.02ms
step:3154/3250 train_time:350.195s step_avg:111.03ms
step:3155/3250 train_time:350.355s step_avg:111.05ms
step:3156/3250 train_time:350.515s step_avg:111.06ms
step:3157/3250 train_time:350.676s step_avg:111.08ms
step:3158/3250 train_time:350.836s step_avg:111.09ms
step:3159/3250 train_time:350.997s step_avg:111.11ms
step:3160/3250 train_time:351.158s step_avg:111.13ms
step:3160/3250 val_loss:3.27965 train_time:351.158s step_avg:161.03ms
step:3161/3250 train_time:351.321s step_avg:111.14ms
step:3162/3250 train_time:351.484s step_avg:111.16ms
step:3163/3250 train_time:351.644s step_avg:111.17ms
step:3164/3250 train_time:351.805s step_avg:111.19ms
step:3165/3250 train_time:351.965s step_avg:111.21ms
step:3166/3250 train_time:352.128s step_avg:111.22ms
step:3167/3250 train_time:352.287s step_avg:111.24ms
step:3168/3250 train_time:352.449s step_avg:111.25ms
step:3169/3250 train_time:352.609s step_avg:111.27ms
step:3170/3250 train_time:352.770s step_avg:111.28ms
step:3170/3250 val_loss:3.27883 train_time:352.771s step_avg:161.28ms
step:3171/3250 train_time:352.935s step_avg:111.30ms
step:3172/3250 train_time:353.097s step_avg:111.32ms
step:3173/3250 train_time:353.257s step_avg:111.33ms
step:3174/3250 train_time:353.418s step_avg:111.35ms
step:3175/3250 train_time:353.579s step_avg:111.36ms
step:3175/3250 val_loss:3.27841 train_time:353.580s step_avg:161.69ms
step:3176/3250 train_time:353.743s step_avg:111.38ms
step:3177/3250 train_time:353.904s step_avg:111.40ms
step:3178/3250 train_time:354.064s step_avg:111.41ms
step:3179/3250 train_time:354.226s step_avg:111.43ms
step:3180/3250 train_time:354.390s step_avg:111.44ms
step:3180/3250 val_loss:3.27804 train_time:354.391s step_avg:162.34ms
step:3181/3250 train_time:354.555s step_avg:111.46ms
step:3182/3250 train_time:354.716s step_avg:111.48ms
step:3183/3250 train_time:354.877s step_avg:111.49ms
step:3184/3250 train_time:355.038s step_avg:111.51ms
step:3185/3250 train_time:355.202s step_avg:111.52ms
step:3186/3250 train_time:355.362s step_avg:111.54ms
step:3187/3250 train_time:355.524s step_avg:111.55ms
step:3188/3250 train_time:355.686s step_avg:111.57ms
step:3189/3250 train_time:355.848s step_avg:111.59ms
step:3190/3250 train_time:356.011s step_avg:111.60ms
step:3190/3250 val_loss:3.27730 train_time:356.011s step_avg:161.97ms
step:3191/3250 train_time:356.175s step_avg:111.62ms
step:3192/3250 train_time:356.338s step_avg:111.63ms
step:3193/3250 train_time:356.501s step_avg:111.65ms
step:3194/3250 train_time:356.661s step_avg:111.67ms
step:3195/3250 train_time:356.822s step_avg:111.68ms
step:3196/3250 train_time:356.982s step_avg:111.70ms
step:3197/3250 train_time:357.144s step_avg:111.71ms
step:3198/3250 train_time:357.305s step_avg:111.73ms
step:3199/3250 train_time:357.466s step_avg:111.74ms
step:3200/3250 train_time:357.626s step_avg:111.76ms
step:3200/3250 val_loss:3.27666 train_time:357.628s step_avg:161.66ms
step:3201/3250 train_time:357.794s step_avg:111.78ms
step:3202/3250 train_time:357.957s step_avg:111.79ms
step:3203/3250 train_time:358.118s step_avg:111.81ms
step:3204/3250 train_time:358.280s step_avg:111.82ms
step:3205/3250 train_time:358.440s step_avg:111.84ms
step:3206/3250 train_time:358.602s step_avg:111.85ms
step:3207/3250 train_time:358.765s step_avg:111.87ms
step:3208/3250 train_time:358.925s step_avg:111.88ms
step:3209/3250 train_time:359.085s step_avg:111.90ms
step:3210/3250 train_time:359.246s step_avg:111.91ms
step:3210/3250 val_loss:3.27612 train_time:359.246s step_avg:161.85ms
step:3211/3250 train_time:359.410s step_avg:111.93ms
step:3212/3250 train_time:359.571s step_avg:111.95ms
step:3213/3250 train_time:359.733s step_avg:111.96ms
step:3214/3250 train_time:359.896s step_avg:111.98ms
step:3215/3250 train_time:360.057s step_avg:111.99ms
step:3216/3250 train_time:360.218s step_avg:112.01ms
step:3217/3250 train_time:360.380s step_avg:112.02ms
step:3218/3250 train_time:360.542s step_avg:112.04ms
step:3219/3250 train_time:360.703s step_avg:112.05ms
step:3220/3250 train_time:360.862s step_avg:112.07ms
step:3220/3250 val_loss:3.27555 train_time:360.862s step_avg:161.60ms
step:3221/3250 train_time:361.027s step_avg:112.09ms
step:3222/3250 train_time:361.186s step_avg:112.10ms
step:3223/3250 train_time:361.347s step_avg:112.12ms
step:3224/3250 train_time:361.507s step_avg:112.13ms
step:3225/3250 train_time:361.669s step_avg:112.15ms
step:3225/3250 val_loss:3.27535 train_time:361.670s step_avg:161.51ms
step:3226/3250 train_time:361.835s step_avg:112.16ms
step:3227/3250 train_time:361.996s step_avg:112.18ms
step:3228/3250 train_time:362.157s step_avg:112.19ms
step:3229/3250 train_time:362.320s step_avg:112.21ms
step:3230/3250 train_time:362.479s step_avg:112.22ms
step:3230/3250 val_loss:3.27520 train_time:362.479s step_avg:161.93ms
step:3231/3250 train_time:362.686s step_avg:112.25ms
step:3232/3250 train_time:362.847s step_avg:112.27ms
step:3233/3250 train_time:363.008s step_avg:112.28ms
step:3234/3250 train_time:363.170s step_avg:112.30ms
step:3235/3250 train_time:363.331s step_avg:112.31ms
step:3236/3250 train_time:363.492s step_avg:112.33ms
step:3237/3250 train_time:363.652s step_avg:112.34ms
step:3238/3250 train_time:363.811s step_avg:112.36ms
step:3239/3250 train_time:363.972s step_avg:112.37ms
step:3240/3250 train_time:364.134s step_avg:112.39ms
step:3240/3250 val_loss:3.27493 train_time:364.135s step_avg:165.54ms
step:3241/3250 train_time:364.297s step_avg:112.40ms
step:3242/3250 train_time:364.459s step_avg:112.42ms
step:3243/3250 train_time:364.621s step_avg:112.43ms
step:3244/3250 train_time:364.782s step_avg:112.45ms
step:3245/3250 train_time:364.943s step_avg:112.46ms
step:3246/3250 train_time:365.103s step_avg:112.48ms
step:3247/3250 train_time:365.283s step_avg:112.50ms
step:3248/3250 train_time:365.444s step_avg:112.51ms
step:3249/3250 train_time:365.605s step_avg:112.53ms
step:3250/3250 train_time:365.765s step_avg:112.54ms
step:3250/3250 val_loss:3.27482 train_time:365.766s step_avg:163.10ms
ARM_EXIT=0 seed=1 arm=expann_b0p982_b0p944

===== plann_pr357_kernel_control (seed 1) =====
W0830 13:32:58.493000 16950 torch/distributed/run.py:852] 
W0830 13:32:58.493000 16950 torch/distributed/run.py:852] *****************************************
W0830 13:32:58.493000 16950 torch/distributed/run.py:852] Setting OMP_NUM_THREADS environment variable for each process to be 1 in default, to avoid your system being overloaded, please further tune the variable for optimal performance in your application as needed. 
W0830 13:32:58.493000 16950 torch/distributed/run.py:852] *****************************************
logs/e0432706-5bd5-4f3c-ae4a-ef3e781b6947.txt
resumed training state from step 1000 in warmstart_pl_anneal, skipped 1000 batches
step:0/3250 val_loss:3.65102 train_time:0.001s step_avg:nanms
step:1001/3250 train_time:2.946s step_avg:2.94ms
step:1002/3250 train_time:4.050s step_avg:4.04ms
step:1003/3250 train_time:4.210s step_avg:4.20ms
step:1004/3250 train_time:4.370s step_avg:4.35ms
step:1005/3250 train_time:4.533s step_avg:4.51ms
step:1006/3250 train_time:4.694s step_avg:4.67ms
step:1007/3250 train_time:4.855s step_avg:4.82ms
step:1008/3250 train_time:5.016s step_avg:4.98ms
step:1009/3250 train_time:5.179s step_avg:5.13ms
step:1010/3250 train_time:5.340s step_avg:5.29ms
step:1011/3250 train_time:5.500s step_avg:5.44ms
step:1012/3250 train_time:5.660s step_avg:5.59ms
step:1013/3250 train_time:5.821s step_avg:5.75ms
step:1014/3250 train_time:5.982s step_avg:5.90ms
step:1015/3250 train_time:6.142s step_avg:6.05ms
step:1016/3250 train_time:6.303s step_avg:6.20ms
step:1017/3250 train_time:6.465s step_avg:6.36ms
step:1018/3250 train_time:6.627s step_avg:6.51ms
step:1019/3250 train_time:6.787s step_avg:6.66ms
step:1020/3250 train_time:6.950s step_avg:6.81ms
step:1021/3250 train_time:7.110s step_avg:6.96ms
step:1022/3250 train_time:7.271s step_avg:7.11ms
step:1023/3250 train_time:7.433s step_avg:7.27ms
step:1024/3250 train_time:7.593s step_avg:7.41ms
step:1025/3250 train_time:7.755s step_avg:7.57ms
step:1026/3250 train_time:7.915s step_avg:7.71ms
step:1027/3250 train_time:8.077s step_avg:7.86ms
step:1028/3250 train_time:8.237s step_avg:8.01ms
step:1029/3250 train_time:8.397s step_avg:8.16ms
step:1030/3250 train_time:8.560s step_avg:8.31ms
step:1031/3250 train_time:8.720s step_avg:8.46ms
step:1032/3250 train_time:8.880s step_avg:8.60ms
step:1033/3250 train_time:9.040s step_avg:8.75ms
step:1034/3250 train_time:9.201s step_avg:8.90ms
step:1035/3250 train_time:9.362s step_avg:9.05ms
step:1036/3250 train_time:9.524s step_avg:9.19ms
step:1037/3250 train_time:9.683s step_avg:9.34ms
step:1038/3250 train_time:9.843s step_avg:9.48ms
step:1039/3250 train_time:10.002s step_avg:9.63ms
step:1040/3250 train_time:10.164s step_avg:9.77ms
step:1041/3250 train_time:10.324s step_avg:9.92ms
step:1042/3250 train_time:10.486s step_avg:10.06ms
step:1043/3250 train_time:10.649s step_avg:10.21ms
step:1044/3250 train_time:10.812s step_avg:10.36ms
step:1045/3250 train_time:10.974s step_avg:10.50ms
step:1046/3250 train_time:11.134s step_avg:10.64ms
step:1047/3250 train_time:11.297s step_avg:10.79ms
step:1048/3250 train_time:11.458s step_avg:10.93ms
step:1049/3250 train_time:11.618s step_avg:11.07ms
step:1050/3250 train_time:11.779s step_avg:11.22ms
step:1051/3250 train_time:11.938s step_avg:11.36ms
step:1052/3250 train_time:12.100s step_avg:11.50ms
step:1053/3250 train_time:12.266s step_avg:11.65ms
step:1054/3250 train_time:12.425s step_avg:11.79ms
step:1055/3250 train_time:12.585s step_avg:11.93ms
step:1056/3250 train_time:12.747s step_avg:12.07ms
step:1057/3250 train_time:12.909s step_avg:12.21ms
step:1058/3250 train_time:13.070s step_avg:12.35ms
step:1059/3250 train_time:13.232s step_avg:12.49ms
step:1060/3250 train_time:13.393s step_avg:12.63ms
step:1061/3250 train_time:13.555s step_avg:12.78ms
step:1062/3250 train_time:13.716s step_avg:12.92ms
step:1063/3250 train_time:13.877s step_avg:13.05ms
step:1064/3250 train_time:14.037s step_avg:13.19ms
step:1065/3250 train_time:14.198s step_avg:13.33ms
step:1066/3250 train_time:14.357s step_avg:13.47ms
step:1067/3250 train_time:14.519s step_avg:13.61ms
step:1068/3250 train_time:14.678s step_avg:13.74ms
step:1069/3250 train_time:14.837s step_avg:13.88ms
step:1070/3250 train_time:14.998s step_avg:14.02ms
step:1071/3250 train_time:15.159s step_avg:14.15ms
step:1072/3250 train_time:15.322s step_avg:14.29ms
step:1073/3250 train_time:15.482s step_avg:14.43ms
step:1074/3250 train_time:15.643s step_avg:14.56ms
step:1075/3250 train_time:15.803s step_avg:14.70ms
step:1076/3250 train_time:15.963s step_avg:14.84ms
step:1077/3250 train_time:16.123s step_avg:14.97ms
step:1078/3250 train_time:16.283s step_avg:15.10ms
step:1079/3250 train_time:16.445s step_avg:15.24ms
step:1080/3250 train_time:16.606s step_avg:15.38ms
step:1081/3250 train_time:16.767s step_avg:15.51ms
step:1082/3250 train_time:16.928s step_avg:15.64ms
step:1083/3250 train_time:17.090s step_avg:15.78ms
step:1084/3250 train_time:17.253s step_avg:15.92ms
step:1085/3250 train_time:17.413s step_avg:16.05ms
step:1086/3250 train_time:17.574s step_avg:16.18ms
step:1087/3250 train_time:17.737s step_avg:16.32ms
step:1088/3250 train_time:17.898s step_avg:16.45ms
step:1089/3250 train_time:18.058s step_avg:16.58ms
step:1090/3250 train_time:18.219s step_avg:16.71ms
step:1091/3250 train_time:18.379s step_avg:16.85ms
step:1092/3250 train_time:18.540s step_avg:16.98ms
step:1093/3250 train_time:18.700s step_avg:17.11ms
step:1094/3250 train_time:18.861s step_avg:17.24ms
step:1095/3250 train_time:19.020s step_avg:17.37ms
step:1096/3250 train_time:19.181s step_avg:17.50ms
step:1097/3250 train_time:19.344s step_avg:17.63ms
step:1098/3250 train_time:19.504s step_avg:17.76ms
step:1099/3250 train_time:19.665s step_avg:17.89ms
step:1100/3250 train_time:19.826s step_avg:18.02ms
step:1101/3250 train_time:19.985s step_avg:18.15ms
step:1102/3250 train_time:20.146s step_avg:18.28ms
step:1103/3250 train_time:20.307s step_avg:18.41ms
step:1104/3250 train_time:20.469s step_avg:18.54ms
step:1105/3250 train_time:20.630s step_avg:18.67ms
step:1106/3250 train_time:20.791s step_avg:18.80ms
step:1107/3250 train_time:20.953s step_avg:18.93ms
step:1108/3250 train_time:21.113s step_avg:19.05ms
step:1109/3250 train_time:21.274s step_avg:19.18ms
step:1110/3250 train_time:21.435s step_avg:19.31ms
step:1111/3250 train_time:21.598s step_avg:19.44ms
step:1112/3250 train_time:21.758s step_avg:19.57ms
step:1113/3250 train_time:21.918s step_avg:19.69ms
step:1114/3250 train_time:22.078s step_avg:19.82ms
step:1115/3250 train_time:22.238s step_avg:19.94ms
step:1116/3250 train_time:22.399s step_avg:20.07ms
step:1117/3250 train_time:22.561s step_avg:20.20ms
step:1118/3250 train_time:22.721s step_avg:20.32ms
step:1119/3250 train_time:22.881s step_avg:20.45ms
step:1120/3250 train_time:23.042s step_avg:20.57ms
step:1121/3250 train_time:23.202s step_avg:20.70ms
step:1122/3250 train_time:23.364s step_avg:20.82ms
step:1123/3250 train_time:23.529s step_avg:20.95ms
step:1124/3250 train_time:23.690s step_avg:21.08ms
step:1125/3250 train_time:23.851s step_avg:21.20ms
step:1125/3250 val_loss:3.64786 train_time:23.852s step_avg:21.20ms
step:1126/3250 train_time:24.017s step_avg:21.33ms
step:1127/3250 train_time:24.177s step_avg:21.45ms
step:1128/3250 train_time:24.339s step_avg:21.58ms
step:1129/3250 train_time:24.501s step_avg:21.70ms
step:1130/3250 train_time:24.662s step_avg:21.83ms
step:1131/3250 train_time:24.822s step_avg:21.95ms
step:1132/3250 train_time:24.983s step_avg:22.07ms
step:1133/3250 train_time:25.144s step_avg:22.19ms
step:1134/3250 train_time:25.305s step_avg:22.32ms
step:1135/3250 train_time:25.466s step_avg:22.44ms
step:1136/3250 train_time:25.626s step_avg:22.56ms
step:1137/3250 train_time:25.788s step_avg:22.68ms
step:1138/3250 train_time:25.949s step_avg:22.80ms
step:1139/3250 train_time:26.111s step_avg:22.92ms
step:1140/3250 train_time:26.274s step_avg:23.05ms
step:1141/3250 train_time:26.488s step_avg:23.21ms
step:1142/3250 train_time:26.650s step_avg:23.34ms
step:1143/3250 train_time:26.813s step_avg:23.46ms
step:1144/3250 train_time:26.974s step_avg:23.58ms
step:1145/3250 train_time:27.135s step_avg:23.70ms
step:1146/3250 train_time:27.296s step_avg:23.82ms
step:1147/3250 train_time:27.457s step_avg:23.94ms
step:1148/3250 train_time:27.618s step_avg:24.06ms
step:1149/3250 train_time:27.779s step_avg:24.18ms
step:1150/3250 train_time:27.939s step_avg:24.29ms
step:1151/3250 train_time:28.100s step_avg:24.41ms
step:1152/3250 train_time:28.260s step_avg:24.53ms
step:1153/3250 train_time:28.421s step_avg:24.65ms
step:1154/3250 train_time:28.585s step_avg:24.77ms
step:1155/3250 train_time:28.745s step_avg:24.89ms
step:1156/3250 train_time:28.906s step_avg:25.00ms
step:1157/3250 train_time:29.068s step_avg:25.12ms
step:1158/3250 train_time:29.230s step_avg:25.24ms
step:1159/3250 train_time:29.394s step_avg:25.36ms
step:1160/3250 train_time:29.558s step_avg:25.48ms
step:1161/3250 train_time:29.719s step_avg:25.60ms
step:1162/3250 train_time:29.881s step_avg:25.72ms
step:1163/3250 train_time:30.044s step_avg:25.83ms
step:1164/3250 train_time:30.204s step_avg:25.95ms
step:1165/3250 train_time:30.364s step_avg:26.06ms
step:1166/3250 train_time:30.524s step_avg:26.18ms
step:1167/3250 train_time:30.684s step_avg:26.29ms
step:1168/3250 train_time:30.846s step_avg:26.41ms
step:1169/3250 train_time:31.009s step_avg:26.53ms
step:1170/3250 train_time:31.171s step_avg:26.64ms
step:1171/3250 train_time:31.331s step_avg:26.76ms
step:1172/3250 train_time:31.494s step_avg:26.87ms
step:1173/3250 train_time:31.656s step_avg:26.99ms
step:1174/3250 train_time:31.817s step_avg:27.10ms
step:1175/3250 train_time:31.978s step_avg:27.21ms
step:1176/3250 train_time:32.138s step_avg:27.33ms
step:1177/3250 train_time:32.299s step_avg:27.44ms
step:1178/3250 train_time:32.460s step_avg:27.56ms
step:1179/3250 train_time:32.621s step_avg:27.67ms
step:1180/3250 train_time:32.781s step_avg:27.78ms
step:1181/3250 train_time:32.945s step_avg:27.90ms
step:1182/3250 train_time:33.107s step_avg:28.01ms
step:1183/3250 train_time:33.270s step_avg:28.12ms
step:1184/3250 train_time:33.432s step_avg:28.24ms
step:1185/3250 train_time:33.593s step_avg:28.35ms
step:1186/3250 train_time:33.754s step_avg:28.46ms
step:1187/3250 train_time:33.915s step_avg:28.57ms
step:1188/3250 train_time:34.076s step_avg:28.68ms
step:1189/3250 train_time:34.239s step_avg:28.80ms
step:1190/3250 train_time:34.399s step_avg:28.91ms
step:1191/3250 train_time:34.561s step_avg:29.02ms
step:1192/3250 train_time:34.722s step_avg:29.13ms
step:1193/3250 train_time:34.882s step_avg:29.24ms
step:1194/3250 train_time:35.045s step_avg:29.35ms
step:1195/3250 train_time:35.207s step_avg:29.46ms
step:1196/3250 train_time:35.373s step_avg:29.58ms
step:1197/3250 train_time:35.534s step_avg:29.69ms
step:1198/3250 train_time:35.696s step_avg:29.80ms
step:1199/3250 train_time:35.858s step_avg:29.91ms
step:1200/3250 train_time:36.019s step_avg:30.02ms
step:1201/3250 train_time:36.180s step_avg:30.12ms
step:1202/3250 train_time:36.340s step_avg:30.23ms
step:1203/3250 train_time:36.501s step_avg:30.34ms
step:1204/3250 train_time:36.663s step_avg:30.45ms
step:1205/3250 train_time:36.823s step_avg:30.56ms
step:1206/3250 train_time:36.985s step_avg:30.67ms
step:1207/3250 train_time:37.146s step_avg:30.78ms
step:1208/3250 train_time:37.307s step_avg:30.88ms
step:1209/3250 train_time:37.476s step_avg:31.00ms
step:1210/3250 train_time:37.636s step_avg:31.10ms
step:1211/3250 train_time:37.798s step_avg:31.21ms
step:1212/3250 train_time:37.959s step_avg:31.32ms
step:1213/3250 train_time:38.121s step_avg:31.43ms
step:1214/3250 train_time:38.284s step_avg:31.54ms
step:1215/3250 train_time:38.444s step_avg:31.64ms
step:1216/3250 train_time:38.606s step_avg:31.75ms
step:1217/3250 train_time:38.767s step_avg:31.85ms
step:1218/3250 train_time:38.929s step_avg:31.96ms
step:1219/3250 train_time:39.092s step_avg:32.07ms
step:1220/3250 train_time:39.253s step_avg:32.17ms
step:1221/3250 train_time:39.415s step_avg:32.28ms
step:1222/3250 train_time:39.577s step_avg:32.39ms
step:1223/3250 train_time:39.739s step_avg:32.49ms
step:1224/3250 train_time:39.900s step_avg:32.60ms
step:1225/3250 train_time:40.061s step_avg:32.70ms
step:1226/3250 train_time:40.222s step_avg:32.81ms
step:1227/3250 train_time:40.383s step_avg:32.91ms
step:1228/3250 train_time:40.545s step_avg:33.02ms
step:1229/3250 train_time:40.707s step_avg:33.12ms
step:1230/3250 train_time:40.869s step_avg:33.23ms
step:1231/3250 train_time:41.033s step_avg:33.33ms
step:1232/3250 train_time:41.195s step_avg:33.44ms
step:1233/3250 train_time:41.356s step_avg:33.54ms
step:1234/3250 train_time:41.518s step_avg:33.64ms
step:1235/3250 train_time:41.678s step_avg:33.75ms
step:1236/3250 train_time:41.839s step_avg:33.85ms
step:1237/3250 train_time:42.000s step_avg:33.95ms
step:1238/3250 train_time:42.160s step_avg:34.06ms
step:1239/3250 train_time:42.322s step_avg:34.16ms
step:1240/3250 train_time:42.482s step_avg:34.26ms
step:1241/3250 train_time:42.645s step_avg:34.36ms
step:1242/3250 train_time:42.806s step_avg:34.47ms
step:1243/3250 train_time:42.968s step_avg:34.57ms
step:1244/3250 train_time:43.130s step_avg:34.67ms
step:1245/3250 train_time:43.293s step_avg:34.77ms
step:1246/3250 train_time:43.457s step_avg:34.88ms
step:1247/3250 train_time:43.618s step_avg:34.98ms
step:1248/3250 train_time:43.779s step_avg:35.08ms
step:1249/3250 train_time:43.940s step_avg:35.18ms
step:1250/3250 train_time:44.101s step_avg:35.28ms
step:1250/3250 val_loss:3.59566 train_time:44.101s step_avg:162.00ms
step:1251/3250 train_time:44.268s step_avg:35.39ms
step:1252/3250 train_time:44.429s step_avg:35.49ms
step:1253/3250 train_time:44.590s step_avg:35.59ms
step:1254/3250 train_time:44.750s step_avg:35.69ms
step:1255/3250 train_time:44.911s step_avg:35.79ms
step:1256/3250 train_time:45.077s step_avg:35.89ms
step:1257/3250 train_time:45.237s step_avg:35.99ms
step:1258/3250 train_time:45.398s step_avg:36.09ms
step:1259/3250 train_time:45.560s step_avg:36.19ms
step:1260/3250 train_time:45.724s step_avg:36.29ms
step:1261/3250 train_time:45.887s step_avg:36.39ms
step:1262/3250 train_time:46.048s step_avg:36.49ms
step:1263/3250 train_time:46.210s step_avg:36.59ms
step:1264/3250 train_time:46.372s step_avg:36.69ms
step:1265/3250 train_time:46.533s step_avg:36.78ms
step:1266/3250 train_time:46.696s step_avg:36.88ms
step:1267/3250 train_time:46.856s step_avg:36.98ms
step:1268/3250 train_time:47.018s step_avg:37.08ms
step:1269/3250 train_time:47.178s step_avg:37.18ms
step:1270/3250 train_time:47.339s step_avg:37.27ms
step:1271/3250 train_time:47.502s step_avg:37.37ms
step:1272/3250 train_time:47.662s step_avg:37.47ms
step:1273/3250 train_time:47.823s step_avg:37.57ms
step:1274/3250 train_time:47.983s step_avg:37.66ms
step:1275/3250 train_time:48.144s step_avg:37.76ms
step:1276/3250 train_time:48.307s step_avg:37.86ms
step:1277/3250 train_time:48.468s step_avg:37.95ms
step:1278/3250 train_time:48.629s step_avg:38.05ms
step:1279/3250 train_time:48.791s step_avg:38.15ms
step:1280/3250 train_time:48.952s step_avg:38.24ms
step:1281/3250 train_time:49.114s step_avg:38.34ms
step:1282/3250 train_time:49.276s step_avg:38.44ms
step:1283/3250 train_time:49.437s step_avg:38.53ms
step:1284/3250 train_time:49.598s step_avg:38.63ms
step:1285/3250 train_time:49.759s step_avg:38.72ms
step:1286/3250 train_time:49.922s step_avg:38.82ms
step:1287/3250 train_time:50.082s step_avg:38.91ms
step:1288/3250 train_time:50.243s step_avg:39.01ms
step:1289/3250 train_time:50.406s step_avg:39.10ms
step:1290/3250 train_time:50.569s step_avg:39.20ms
step:1291/3250 train_time:50.730s step_avg:39.30ms
step:1292/3250 train_time:50.891s step_avg:39.39ms
step:1293/3250 train_time:51.052s step_avg:39.48ms
step:1294/3250 train_time:51.216s step_avg:39.58ms
step:1295/3250 train_time:51.376s step_avg:39.67ms
step:1296/3250 train_time:51.540s step_avg:39.77ms
step:1297/3250 train_time:51.700s step_avg:39.86ms
step:1298/3250 train_time:51.862s step_avg:39.96ms
step:1299/3250 train_time:52.023s step_avg:40.05ms
step:1300/3250 train_time:52.185s step_avg:40.14ms
step:1301/3250 train_time:52.346s step_avg:40.24ms
step:1302/3250 train_time:52.510s step_avg:40.33ms
step:1303/3250 train_time:52.671s step_avg:40.42ms
step:1304/3250 train_time:52.832s step_avg:40.52ms
step:1305/3250 train_time:52.994s step_avg:40.61ms
step:1306/3250 train_time:53.155s step_avg:40.70ms
step:1307/3250 train_time:53.318s step_avg:40.79ms
step:1308/3250 train_time:53.478s step_avg:40.89ms
step:1309/3250 train_time:53.639s step_avg:40.98ms
step:1310/3250 train_time:53.800s step_avg:41.07ms
step:1311/3250 train_time:53.962s step_avg:41.16ms
step:1312/3250 train_time:54.122s step_avg:41.25ms
step:1313/3250 train_time:54.283s step_avg:41.34ms
step:1314/3250 train_time:54.445s step_avg:41.43ms
step:1315/3250 train_time:54.606s step_avg:41.53ms
step:1316/3250 train_time:54.768s step_avg:41.62ms
step:1317/3250 train_time:54.928s step_avg:41.71ms
step:1318/3250 train_time:55.091s step_avg:41.80ms
step:1319/3250 train_time:55.253s step_avg:41.89ms
step:1320/3250 train_time:55.415s step_avg:41.98ms
step:1321/3250 train_time:55.576s step_avg:42.07ms
step:1322/3250 train_time:55.737s step_avg:42.16ms
step:1323/3250 train_time:55.898s step_avg:42.25ms
step:1324/3250 train_time:56.061s step_avg:42.34ms
step:1325/3250 train_time:56.222s step_avg:42.43ms
step:1326/3250 train_time:56.382s step_avg:42.52ms
step:1327/3250 train_time:56.543s step_avg:42.61ms
step:1328/3250 train_time:56.705s step_avg:42.70ms
step:1329/3250 train_time:56.868s step_avg:42.79ms
step:1330/3250 train_time:57.028s step_avg:42.88ms
step:1331/3250 train_time:57.238s step_avg:43.00ms
step:1332/3250 train_time:57.399s step_avg:43.09ms
step:1333/3250 train_time:57.561s step_avg:43.18ms
step:1334/3250 train_time:57.721s step_avg:43.27ms
step:1335/3250 train_time:57.883s step_avg:43.36ms
step:1336/3250 train_time:58.045s step_avg:43.45ms
step:1337/3250 train_time:58.207s step_avg:43.54ms
step:1338/3250 train_time:58.369s step_avg:43.62ms
step:1339/3250 train_time:58.531s step_avg:43.71ms
step:1340/3250 train_time:58.694s step_avg:43.80ms
step:1341/3250 train_time:58.856s step_avg:43.89ms
step:1342/3250 train_time:59.016s step_avg:43.98ms
step:1343/3250 train_time:59.176s step_avg:44.06ms
step:1344/3250 train_time:59.337s step_avg:44.15ms
step:1345/3250 train_time:59.499s step_avg:44.24ms
step:1346/3250 train_time:59.659s step_avg:44.32ms
step:1347/3250 train_time:59.820s step_avg:44.41ms
step:1348/3250 train_time:59.981s step_avg:44.50ms
step:1349/3250 train_time:60.142s step_avg:44.58ms
step:1350/3250 train_time:60.303s step_avg:44.67ms
step:1351/3250 train_time:60.464s step_avg:44.75ms
step:1352/3250 train_time:60.626s step_avg:44.84ms
step:1353/3250 train_time:60.788s step_avg:44.93ms
step:1354/3250 train_time:60.950s step_avg:45.01ms
step:1355/3250 train_time:61.117s step_avg:45.10ms
step:1356/3250 train_time:61.278s step_avg:45.19ms
step:1357/3250 train_time:61.438s step_avg:45.28ms
step:1358/3250 train_time:61.601s step_avg:45.36ms
step:1359/3250 train_time:61.761s step_avg:45.45ms
step:1360/3250 train_time:61.923s step_avg:45.53ms
step:1361/3250 train_time:62.085s step_avg:45.62ms
step:1362/3250 train_time:62.246s step_avg:45.70ms
step:1363/3250 train_time:62.409s step_avg:45.79ms
step:1364/3250 train_time:62.570s step_avg:45.87ms
step:1365/3250 train_time:62.733s step_avg:45.96ms
step:1366/3250 train_time:62.895s step_avg:46.04ms
step:1367/3250 train_time:63.056s step_avg:46.13ms
step:1368/3250 train_time:63.220s step_avg:46.21ms
step:1369/3250 train_time:63.380s step_avg:46.30ms
step:1370/3250 train_time:63.541s step_avg:46.38ms
step:1371/3250 train_time:63.702s step_avg:46.46ms
step:1372/3250 train_time:63.865s step_avg:46.55ms
step:1373/3250 train_time:64.025s step_avg:46.63ms
step:1374/3250 train_time:64.188s step_avg:46.72ms
step:1375/3250 train_time:64.349s step_avg:46.80ms
step:1375/3250 val_loss:3.55986 train_time:64.350s step_avg:161.99ms
step:1376/3250 train_time:64.515s step_avg:46.89ms
step:1377/3250 train_time:64.675s step_avg:46.97ms
step:1378/3250 train_time:64.837s step_avg:47.05ms
step:1379/3250 train_time:64.998s step_avg:47.13ms
step:1380/3250 train_time:65.160s step_avg:47.22ms
step:1381/3250 train_time:65.323s step_avg:47.30ms
step:1382/3250 train_time:65.486s step_avg:47.38ms
step:1383/3250 train_time:65.648s step_avg:47.47ms
step:1384/3250 train_time:65.810s step_avg:47.55ms
step:1385/3250 train_time:65.971s step_avg:47.63ms
step:1386/3250 train_time:66.132s step_avg:47.71ms
step:1387/3250 train_time:66.295s step_avg:47.80ms
step:1388/3250 train_time:66.455s step_avg:47.88ms
step:1389/3250 train_time:66.618s step_avg:47.96ms
step:1390/3250 train_time:66.780s step_avg:48.04ms
step:1391/3250 train_time:66.942s step_avg:48.12ms
step:1392/3250 train_time:67.106s step_avg:48.21ms
step:1393/3250 train_time:67.268s step_avg:48.29ms
step:1394/3250 train_time:67.429s step_avg:48.37ms
step:1395/3250 train_time:67.591s step_avg:48.45ms
step:1396/3250 train_time:67.751s step_avg:48.53ms
step:1397/3250 train_time:67.913s step_avg:48.61ms
step:1398/3250 train_time:68.075s step_avg:48.69ms
step:1399/3250 train_time:68.236s step_avg:48.77ms
step:1400/3250 train_time:68.397s step_avg:48.86ms
step:1401/3250 train_time:68.558s step_avg:48.93ms
step:1402/3250 train_time:68.721s step_avg:49.02ms
step:1403/3250 train_time:68.883s step_avg:49.10ms
step:1404/3250 train_time:69.044s step_avg:49.18ms
step:1405/3250 train_time:69.206s step_avg:49.26ms
step:1406/3250 train_time:69.369s step_avg:49.34ms
step:1407/3250 train_time:69.532s step_avg:49.42ms
step:1408/3250 train_time:69.693s step_avg:49.50ms
step:1409/3250 train_time:69.853s step_avg:49.58ms
step:1410/3250 train_time:70.013s step_avg:49.65ms
step:1411/3250 train_time:70.173s step_avg:49.73ms
step:1412/3250 train_time:70.335s step_avg:49.81ms
step:1413/3250 train_time:70.496s step_avg:49.89ms
step:1414/3250 train_time:70.657s step_avg:49.97ms
step:1415/3250 train_time:70.819s step_avg:50.05ms
step:1416/3250 train_time:70.979s step_avg:50.13ms
step:1417/3250 train_time:71.142s step_avg:50.21ms
step:1418/3250 train_time:71.304s step_avg:50.29ms
step:1419/3250 train_time:71.466s step_avg:50.36ms
step:1420/3250 train_time:71.627s step_avg:50.44ms
step:1421/3250 train_time:71.788s step_avg:50.52ms
step:1422/3250 train_time:71.953s step_avg:50.60ms
step:1423/3250 train_time:72.114s step_avg:50.68ms
step:1424/3250 train_time:72.276s step_avg:50.76ms
step:1425/3250 train_time:72.436s step_avg:50.83ms
step:1426/3250 train_time:72.597s step_avg:50.91ms
step:1427/3250 train_time:72.760s step_avg:50.99ms
step:1428/3250 train_time:72.923s step_avg:51.07ms
step:1429/3250 train_time:73.086s step_avg:51.14ms
step:1430/3250 train_time:73.247s step_avg:51.22ms
step:1431/3250 train_time:73.409s step_avg:51.30ms
step:1432/3250 train_time:73.570s step_avg:51.38ms
step:1433/3250 train_time:73.732s step_avg:51.45ms
step:1434/3250 train_time:73.892s step_avg:51.53ms
step:1435/3250 train_time:74.053s step_avg:51.60ms
step:1436/3250 train_time:74.214s step_avg:51.68ms
step:1437/3250 train_time:74.379s step_avg:51.76ms
step:1438/3250 train_time:74.540s step_avg:51.84ms
step:1439/3250 train_time:74.703s step_avg:51.91ms
step:1440/3250 train_time:74.864s step_avg:51.99ms
step:1441/3250 train_time:75.029s step_avg:52.07ms
step:1442/3250 train_time:75.190s step_avg:52.14ms
step:1443/3250 train_time:75.352s step_avg:52.22ms
step:1444/3250 train_time:75.512s step_avg:52.29ms
step:1445/3250 train_time:75.673s step_avg:52.37ms
step:1446/3250 train_time:75.835s step_avg:52.44ms
step:1447/3250 train_time:75.997s step_avg:52.52ms
step:1448/3250 train_time:76.158s step_avg:52.60ms
step:1449/3250 train_time:76.320s step_avg:52.67ms
step:1450/3250 train_time:76.480s step_avg:52.74ms
step:1451/3250 train_time:76.643s step_avg:52.82ms
step:1452/3250 train_time:76.806s step_avg:52.90ms
step:1453/3250 train_time:76.967s step_avg:52.97ms
step:1454/3250 train_time:77.129s step_avg:53.05ms
step:1455/3250 train_time:77.291s step_avg:53.12ms
step:1456/3250 train_time:77.452s step_avg:53.19ms
step:1457/3250 train_time:77.614s step_avg:53.27ms
step:1458/3250 train_time:77.775s step_avg:53.34ms
step:1459/3250 train_time:77.936s step_avg:53.42ms
step:1460/3250 train_time:78.098s step_avg:53.49ms
step:1461/3250 train_time:78.260s step_avg:53.57ms
step:1462/3250 train_time:78.423s step_avg:53.64ms
step:1463/3250 train_time:78.584s step_avg:53.71ms
step:1464/3250 train_time:78.746s step_avg:53.79ms
step:1465/3250 train_time:78.907s step_avg:53.86ms
step:1466/3250 train_time:79.069s step_avg:53.93ms
step:1467/3250 train_time:79.231s step_avg:54.01ms
step:1468/3250 train_time:79.392s step_avg:54.08ms
step:1469/3250 train_time:79.553s step_avg:54.15ms
step:1470/3250 train_time:79.714s step_avg:54.23ms
step:1471/3250 train_time:79.875s step_avg:54.30ms
step:1472/3250 train_time:80.037s step_avg:54.37ms
step:1473/3250 train_time:80.199s step_avg:54.45ms
step:1474/3250 train_time:80.360s step_avg:54.52ms
step:1475/3250 train_time:80.531s step_avg:54.60ms
step:1476/3250 train_time:80.692s step_avg:54.67ms
step:1477/3250 train_time:80.852s step_avg:54.74ms
step:1478/3250 train_time:81.014s step_avg:54.81ms
step:1479/3250 train_time:81.175s step_avg:54.89ms
step:1480/3250 train_time:81.336s step_avg:54.96ms
step:1481/3250 train_time:81.498s step_avg:55.03ms
step:1482/3250 train_time:81.658s step_avg:55.10ms
step:1483/3250 train_time:81.821s step_avg:55.17ms
step:1484/3250 train_time:81.983s step_avg:55.24ms
step:1485/3250 train_time:82.145s step_avg:55.32ms
step:1486/3250 train_time:82.307s step_avg:55.39ms
step:1487/3250 train_time:82.469s step_avg:55.46ms
step:1488/3250 train_time:82.630s step_avg:55.53ms
step:1489/3250 train_time:82.792s step_avg:55.60ms
step:1490/3250 train_time:82.952s step_avg:55.67ms
step:1491/3250 train_time:83.114s step_avg:55.74ms
step:1492/3250 train_time:83.274s step_avg:55.81ms
step:1493/3250 train_time:83.435s step_avg:55.88ms
step:1494/3250 train_time:83.597s step_avg:55.96ms
step:1495/3250 train_time:83.757s step_avg:56.02ms
step:1496/3250 train_time:83.919s step_avg:56.10ms
step:1497/3250 train_time:84.082s step_avg:56.17ms
step:1498/3250 train_time:84.244s step_avg:56.24ms
step:1499/3250 train_time:84.406s step_avg:56.31ms
step:1500/3250 train_time:84.568s step_avg:56.38ms
step:1500/3250 val_loss:3.52651 train_time:84.568s step_avg:161.75ms
step:1501/3250 train_time:84.732s step_avg:56.45ms
step:1502/3250 train_time:84.893s step_avg:56.52ms
step:1503/3250 train_time:85.054s step_avg:56.59ms
step:1504/3250 train_time:85.214s step_avg:56.66ms
step:1505/3250 train_time:85.376s step_avg:56.73ms
step:1506/3250 train_time:85.539s step_avg:56.80ms
step:1507/3250 train_time:85.702s step_avg:56.87ms
step:1508/3250 train_time:85.862s step_avg:56.94ms
step:1509/3250 train_time:86.024s step_avg:57.01ms
step:1510/3250 train_time:86.184s step_avg:57.08ms
step:1511/3250 train_time:86.346s step_avg:57.15ms
step:1512/3250 train_time:86.508s step_avg:57.21ms
step:1513/3250 train_time:86.669s step_avg:57.28ms
step:1514/3250 train_time:86.832s step_avg:57.35ms
step:1515/3250 train_time:86.994s step_avg:57.42ms
step:1516/3250 train_time:87.154s step_avg:57.49ms
step:1517/3250 train_time:87.315s step_avg:57.56ms
step:1518/3250 train_time:87.476s step_avg:57.63ms
step:1519/3250 train_time:87.638s step_avg:57.69ms
step:1520/3250 train_time:87.800s step_avg:57.76ms
step:1521/3250 train_time:88.012s step_avg:57.86ms
step:1522/3250 train_time:88.174s step_avg:57.93ms
step:1523/3250 train_time:88.336s step_avg:58.00ms
step:1524/3250 train_time:88.496s step_avg:58.07ms
step:1525/3250 train_time:88.657s step_avg:58.14ms
step:1526/3250 train_time:88.818s step_avg:58.20ms
step:1527/3250 train_time:88.980s step_avg:58.27ms
step:1528/3250 train_time:89.143s step_avg:58.34ms
step:1529/3250 train_time:89.305s step_avg:58.41ms
step:1530/3250 train_time:89.467s step_avg:58.48ms
step:1531/3250 train_time:89.629s step_avg:58.54ms
step:1532/3250 train_time:89.791s step_avg:58.61ms
step:1533/3250 train_time:89.953s step_avg:58.68ms
step:1534/3250 train_time:90.113s step_avg:58.74ms
step:1535/3250 train_time:90.275s step_avg:58.81ms
step:1536/3250 train_time:90.438s step_avg:58.88ms
step:1537/3250 train_time:90.601s step_avg:58.95ms
step:1538/3250 train_time:90.763s step_avg:59.01ms
step:1539/3250 train_time:90.925s step_avg:59.08ms
step:1540/3250 train_time:91.086s step_avg:59.15ms
step:1541/3250 train_time:91.247s step_avg:59.21ms
step:1542/3250 train_time:91.409s step_avg:59.28ms
step:1543/3250 train_time:91.571s step_avg:59.35ms
step:1544/3250 train_time:91.732s step_avg:59.41ms
step:1545/3250 train_time:91.893s step_avg:59.48ms
step:1546/3250 train_time:92.054s step_avg:59.54ms
step:1547/3250 train_time:92.214s step_avg:59.61ms
step:1548/3250 train_time:92.376s step_avg:59.67ms
step:1549/3250 train_time:92.539s step_avg:59.74ms
step:1550/3250 train_time:92.703s step_avg:59.81ms
step:1551/3250 train_time:92.864s step_avg:59.87ms
step:1552/3250 train_time:93.025s step_avg:59.94ms
step:1553/3250 train_time:93.187s step_avg:60.00ms
step:1554/3250 train_time:93.349s step_avg:60.07ms
step:1555/3250 train_time:93.510s step_avg:60.14ms
step:1556/3250 train_time:93.672s step_avg:60.20ms
step:1557/3250 train_time:93.833s step_avg:60.27ms
step:1558/3250 train_time:93.995s step_avg:60.33ms
step:1559/3250 train_time:94.155s step_avg:60.39ms
step:1560/3250 train_time:94.318s step_avg:60.46ms
step:1561/3250 train_time:94.480s step_avg:60.53ms
step:1562/3250 train_time:94.642s step_avg:60.59ms
step:1563/3250 train_time:94.811s step_avg:60.66ms
step:1564/3250 train_time:94.971s step_avg:60.72ms
step:1565/3250 train_time:95.132s step_avg:60.79ms
step:1566/3250 train_time:95.294s step_avg:60.85ms
step:1567/3250 train_time:95.455s step_avg:60.92ms
step:1568/3250 train_time:95.617s step_avg:60.98ms
step:1569/3250 train_time:95.778s step_avg:61.04ms
step:1570/3250 train_time:95.940s step_avg:61.11ms
step:1571/3250 train_time:96.103s step_avg:61.17ms
step:1572/3250 train_time:96.265s step_avg:61.24ms
step:1573/3250 train_time:96.426s step_avg:61.30ms
step:1574/3250 train_time:96.588s step_avg:61.36ms
step:1575/3250 train_time:96.750s step_avg:61.43ms
step:1576/3250 train_time:96.910s step_avg:61.49ms
step:1577/3250 train_time:97.072s step_avg:61.55ms
step:1578/3250 train_time:97.232s step_avg:61.62ms
step:1579/3250 train_time:97.392s step_avg:61.68ms
step:1580/3250 train_time:97.553s step_avg:61.74ms
step:1581/3250 train_time:97.715s step_avg:61.81ms
step:1582/3250 train_time:97.876s step_avg:61.87ms
step:1583/3250 train_time:98.039s step_avg:61.93ms
step:1584/3250 train_time:98.200s step_avg:62.00ms
step:1585/3250 train_time:98.364s step_avg:62.06ms
step:1586/3250 train_time:98.526s step_avg:62.12ms
step:1587/3250 train_time:98.687s step_avg:62.18ms
step:1588/3250 train_time:98.850s step_avg:62.25ms
step:1589/3250 train_time:99.010s step_avg:62.31ms
step:1590/3250 train_time:99.172s step_avg:62.37ms
step:1591/3250 train_time:99.333s step_avg:62.43ms
step:1592/3250 train_time:99.493s step_avg:62.50ms
step:1593/3250 train_time:99.656s step_avg:62.56ms
step:1594/3250 train_time:99.816s step_avg:62.62ms
step:1595/3250 train_time:99.976s step_avg:62.68ms
step:1596/3250 train_time:100.137s step_avg:62.74ms
step:1597/3250 train_time:100.300s step_avg:62.81ms
step:1598/3250 train_time:100.463s step_avg:62.87ms
step:1599/3250 train_time:100.624s step_avg:62.93ms
step:1600/3250 train_time:100.785s step_avg:62.99ms
step:1601/3250 train_time:100.945s step_avg:63.05ms
step:1602/3250 train_time:101.106s step_avg:63.11ms
step:1603/3250 train_time:101.268s step_avg:63.17ms
step:1604/3250 train_time:101.430s step_avg:63.24ms
step:1605/3250 train_time:101.590s step_avg:63.30ms
step:1606/3250 train_time:101.751s step_avg:63.36ms
step:1607/3250 train_time:101.912s step_avg:63.42ms
step:1608/3250 train_time:102.074s step_avg:63.48ms
step:1609/3250 train_time:102.234s step_avg:63.54ms
step:1610/3250 train_time:102.396s step_avg:63.60ms
step:1611/3250 train_time:102.556s step_avg:63.66ms
step:1612/3250 train_time:102.717s step_avg:63.72ms
step:1613/3250 train_time:102.878s step_avg:63.78ms
step:1614/3250 train_time:103.041s step_avg:63.84ms
step:1615/3250 train_time:103.204s step_avg:63.90ms
step:1616/3250 train_time:103.365s step_avg:63.96ms
step:1617/3250 train_time:103.527s step_avg:64.02ms
step:1618/3250 train_time:103.690s step_avg:64.09ms
step:1619/3250 train_time:103.851s step_avg:64.15ms
step:1620/3250 train_time:104.012s step_avg:64.21ms
step:1621/3250 train_time:104.173s step_avg:64.26ms
step:1622/3250 train_time:104.334s step_avg:64.32ms
step:1623/3250 train_time:104.495s step_avg:64.38ms
step:1624/3250 train_time:104.656s step_avg:64.44ms
step:1625/3250 train_time:104.818s step_avg:64.50ms
step:1625/3250 val_loss:3.50243 train_time:104.818s step_avg:162.00ms
step:1626/3250 train_time:104.981s step_avg:64.56ms
step:1627/3250 train_time:105.142s step_avg:64.62ms
step:1628/3250 train_time:105.304s step_avg:64.68ms
step:1629/3250 train_time:105.465s step_avg:64.74ms
step:1630/3250 train_time:105.626s step_avg:64.80ms
step:1631/3250 train_time:105.787s step_avg:64.86ms
step:1632/3250 train_time:105.948s step_avg:64.92ms
step:1633/3250 train_time:106.109s step_avg:64.98ms
step:1634/3250 train_time:106.271s step_avg:65.04ms
step:1635/3250 train_time:106.433s step_avg:65.10ms
step:1636/3250 train_time:106.595s step_avg:65.16ms
step:1637/3250 train_time:106.756s step_avg:65.21ms
step:1638/3250 train_time:106.918s step_avg:65.27ms
step:1639/3250 train_time:107.079s step_avg:65.33ms
step:1640/3250 train_time:107.242s step_avg:65.39ms
step:1641/3250 train_time:107.402s step_avg:65.45ms
step:1642/3250 train_time:107.563s step_avg:65.51ms
step:1643/3250 train_time:107.724s step_avg:65.57ms
step:1644/3250 train_time:107.884s step_avg:65.62ms
step:1645/3250 train_time:108.045s step_avg:65.68ms
step:1646/3250 train_time:108.205s step_avg:65.74ms
step:1647/3250 train_time:108.367s step_avg:65.80ms
step:1648/3250 train_time:108.528s step_avg:65.85ms
step:1649/3250 train_time:108.690s step_avg:65.91ms
step:1650/3250 train_time:108.851s step_avg:65.97ms
step:1651/3250 train_time:109.015s step_avg:66.03ms
step:1652/3250 train_time:109.177s step_avg:66.09ms
step:1653/3250 train_time:109.339s step_avg:66.15ms
step:1654/3250 train_time:109.500s step_avg:66.20ms
step:1655/3250 train_time:109.663s step_avg:66.26ms
step:1656/3250 train_time:109.823s step_avg:66.32ms
step:1657/3250 train_time:109.984s step_avg:66.38ms
step:1658/3250 train_time:110.144s step_avg:66.43ms
step:1659/3250 train_time:110.305s step_avg:66.49ms
step:1660/3250 train_time:110.466s step_avg:66.55ms
step:1661/3250 train_time:110.627s step_avg:66.60ms
step:1662/3250 train_time:110.788s step_avg:66.66ms
step:1663/3250 train_time:110.949s step_avg:66.72ms
step:1664/3250 train_time:111.110s step_avg:66.77ms
step:1665/3250 train_time:111.272s step_avg:66.83ms
step:1666/3250 train_time:111.433s step_avg:66.89ms
step:1667/3250 train_time:111.595s step_avg:66.94ms
step:1668/3250 train_time:111.756s step_avg:67.00ms
step:1669/3250 train_time:111.918s step_avg:67.06ms
step:1670/3250 train_time:112.081s step_avg:67.11ms
step:1671/3250 train_time:112.244s step_avg:67.17ms
step:1672/3250 train_time:112.407s step_avg:67.23ms
step:1673/3250 train_time:112.568s step_avg:67.28ms
step:1674/3250 train_time:112.728s step_avg:67.34ms
step:1675/3250 train_time:112.889s step_avg:67.40ms
step:1676/3250 train_time:113.051s step_avg:67.45ms
step:1677/3250 train_time:113.215s step_avg:67.51ms
step:1678/3250 train_time:113.377s step_avg:67.57ms
step:1679/3250 train_time:113.538s step_avg:67.62ms
step:1680/3250 train_time:113.699s step_avg:67.68ms
step:1681/3250 train_time:113.860s step_avg:67.73ms
step:1682/3250 train_time:114.023s step_avg:67.79ms
step:1683/3250 train_time:114.183s step_avg:67.85ms
step:1684/3250 train_time:114.345s step_avg:67.90ms
step:1685/3250 train_time:114.505s step_avg:67.96ms
step:1686/3250 train_time:114.666s step_avg:68.01ms
step:1687/3250 train_time:114.829s step_avg:68.07ms
step:1688/3250 train_time:114.991s step_avg:68.12ms
step:1689/3250 train_time:115.153s step_avg:68.18ms
step:1690/3250 train_time:115.315s step_avg:68.23ms
step:1691/3250 train_time:115.475s step_avg:68.29ms
step:1692/3250 train_time:115.638s step_avg:68.34ms
step:1693/3250 train_time:115.801s step_avg:68.40ms
step:1694/3250 train_time:115.961s step_avg:68.45ms
step:1695/3250 train_time:116.124s step_avg:68.51ms
step:1696/3250 train_time:116.285s step_avg:68.56ms
step:1697/3250 train_time:116.446s step_avg:68.62ms
step:1698/3250 train_time:116.608s step_avg:68.67ms
step:1699/3250 train_time:116.769s step_avg:68.73ms
step:1700/3250 train_time:116.931s step_avg:68.78ms
step:1701/3250 train_time:117.093s step_avg:68.84ms
step:1702/3250 train_time:117.255s step_avg:68.89ms
step:1703/3250 train_time:117.416s step_avg:68.95ms
step:1704/3250 train_time:117.578s step_avg:69.00ms
step:1705/3250 train_time:117.739s step_avg:69.06ms
step:1706/3250 train_time:117.901s step_avg:69.11ms
step:1707/3250 train_time:118.063s step_avg:69.16ms
step:1708/3250 train_time:118.224s step_avg:69.22ms
step:1709/3250 train_time:118.385s step_avg:69.27ms
step:1710/3250 train_time:118.547s step_avg:69.33ms
step:1711/3250 train_time:118.762s step_avg:69.41ms
step:1712/3250 train_time:118.923s step_avg:69.46ms
step:1713/3250 train_time:119.084s step_avg:69.52ms
step:1714/3250 train_time:119.245s step_avg:69.57ms
step:1715/3250 train_time:119.406s step_avg:69.62ms
step:1716/3250 train_time:119.568s step_avg:69.68ms
step:1717/3250 train_time:119.729s step_avg:69.73ms
step:1718/3250 train_time:119.890s step_avg:69.78ms
step:1719/3250 train_time:120.053s step_avg:69.84ms
step:1720/3250 train_time:120.213s step_avg:69.89ms
step:1721/3250 train_time:120.379s step_avg:69.95ms
step:1722/3250 train_time:120.540s step_avg:70.00ms
step:1723/3250 train_time:120.703s step_avg:70.05ms
step:1724/3250 train_time:120.865s step_avg:70.11ms
step:1725/3250 train_time:121.026s step_avg:70.16ms
step:1726/3250 train_time:121.188s step_avg:70.21ms
step:1727/3250 train_time:121.348s step_avg:70.27ms
step:1728/3250 train_time:121.509s step_avg:70.32ms
step:1729/3250 train_time:121.669s step_avg:70.37ms
step:1730/3250 train_time:121.830s step_avg:70.42ms
step:1731/3250 train_time:121.993s step_avg:70.48ms
step:1732/3250 train_time:122.159s step_avg:70.53ms
step:1733/3250 train_time:122.320s step_avg:70.58ms
step:1734/3250 train_time:122.483s step_avg:70.64ms
step:1735/3250 train_time:122.644s step_avg:70.69ms
step:1736/3250 train_time:122.806s step_avg:70.74ms
step:1737/3250 train_time:122.968s step_avg:70.79ms
step:1738/3250 train_time:123.129s step_avg:70.84ms
step:1739/3250 train_time:123.289s step_avg:70.90ms
step:1740/3250 train_time:123.451s step_avg:70.95ms
step:1741/3250 train_time:123.615s step_avg:71.00ms
step:1742/3250 train_time:123.777s step_avg:71.05ms
step:1743/3250 train_time:123.939s step_avg:71.11ms
step:1744/3250 train_time:124.101s step_avg:71.16ms
step:1745/3250 train_time:124.263s step_avg:71.21ms
step:1746/3250 train_time:124.425s step_avg:71.26ms
step:1747/3250 train_time:124.586s step_avg:71.31ms
step:1748/3250 train_time:124.747s step_avg:71.37ms
step:1749/3250 train_time:124.909s step_avg:71.42ms
step:1750/3250 train_time:125.071s step_avg:71.47ms
step:1750/3250 val_loss:3.47831 train_time:125.072s step_avg:162.03ms
step:1751/3250 train_time:125.235s step_avg:71.52ms
step:1752/3250 train_time:125.397s step_avg:71.57ms
step:1753/3250 train_time:125.558s step_avg:71.62ms
step:1754/3250 train_time:125.719s step_avg:71.68ms
step:1755/3250 train_time:125.881s step_avg:71.73ms
step:1756/3250 train_time:126.041s step_avg:71.78ms
step:1757/3250 train_time:126.202s step_avg:71.83ms
step:1758/3250 train_time:126.368s step_avg:71.88ms
step:1759/3250 train_time:126.530s step_avg:71.93ms
step:1760/3250 train_time:126.692s step_avg:71.98ms
step:1761/3250 train_time:126.854s step_avg:72.03ms
step:1762/3250 train_time:127.016s step_avg:72.09ms
step:1763/3250 train_time:127.177s step_avg:72.14ms
step:1764/3250 train_time:127.338s step_avg:72.19ms
step:1765/3250 train_time:127.500s step_avg:72.24ms
step:1766/3250 train_time:127.662s step_avg:72.29ms
step:1767/3250 train_time:127.823s step_avg:72.34ms
step:1768/3250 train_time:127.983s step_avg:72.39ms
step:1769/3250 train_time:128.145s step_avg:72.44ms
step:1770/3250 train_time:128.307s step_avg:72.49ms
step:1771/3250 train_time:128.470s step_avg:72.54ms
step:1772/3250 train_time:128.634s step_avg:72.59ms
step:1773/3250 train_time:128.795s step_avg:72.64ms
step:1774/3250 train_time:128.957s step_avg:72.69ms
step:1775/3250 train_time:129.117s step_avg:72.74ms
step:1776/3250 train_time:129.278s step_avg:72.79ms
step:1777/3250 train_time:129.439s step_avg:72.84ms
step:1778/3250 train_time:129.601s step_avg:72.89ms
step:1779/3250 train_time:129.764s step_avg:72.94ms
step:1780/3250 train_time:129.925s step_avg:72.99ms
step:1781/3250 train_time:130.085s step_avg:73.04ms
step:1782/3250 train_time:130.247s step_avg:73.09ms
step:1783/3250 train_time:130.409s step_avg:73.14ms
step:1784/3250 train_time:130.572s step_avg:73.19ms
step:1785/3250 train_time:130.733s step_avg:73.24ms
step:1786/3250 train_time:130.895s step_avg:73.29ms
step:1787/3250 train_time:131.057s step_avg:73.34ms
step:1788/3250 train_time:131.219s step_avg:73.39ms
step:1789/3250 train_time:131.381s step_avg:73.44ms
step:1790/3250 train_time:131.543s step_avg:73.49ms
step:1791/3250 train_time:131.703s step_avg:73.54ms
step:1792/3250 train_time:131.867s step_avg:73.59ms
step:1793/3250 train_time:132.029s step_avg:73.64ms
step:1794/3250 train_time:132.191s step_avg:73.69ms
step:1795/3250 train_time:132.353s step_avg:73.73ms
step:1796/3250 train_time:132.517s step_avg:73.78ms
step:1797/3250 train_time:132.679s step_avg:73.83ms
step:1798/3250 train_time:132.839s step_avg:73.88ms
step:1799/3250 train_time:133.001s step_avg:73.93ms
step:1800/3250 train_time:133.162s step_avg:73.98ms
step:1801/3250 train_time:133.324s step_avg:74.03ms
step:1802/3250 train_time:133.485s step_avg:74.08ms
step:1803/3250 train_time:133.646s step_avg:74.12ms
step:1804/3250 train_time:133.808s step_avg:74.17ms
step:1805/3250 train_time:133.970s step_avg:74.22ms
step:1806/3250 train_time:134.132s step_avg:74.27ms
step:1807/3250 train_time:134.293s step_avg:74.32ms
step:1808/3250 train_time:134.455s step_avg:74.37ms
step:1809/3250 train_time:134.619s step_avg:74.42ms
step:1810/3250 train_time:134.781s step_avg:74.46ms
step:1811/3250 train_time:134.943s step_avg:74.51ms
step:1812/3250 train_time:135.106s step_avg:74.56ms
step:1813/3250 train_time:135.266s step_avg:74.61ms
step:1814/3250 train_time:135.429s step_avg:74.66ms
step:1815/3250 train_time:135.591s step_avg:74.71ms
step:1816/3250 train_time:135.754s step_avg:74.75ms
step:1817/3250 train_time:135.917s step_avg:74.80ms
step:1818/3250 train_time:136.079s step_avg:74.85ms
step:1819/3250 train_time:136.240s step_avg:74.90ms
step:1820/3250 train_time:136.401s step_avg:74.95ms
step:1821/3250 train_time:136.563s step_avg:74.99ms
step:1822/3250 train_time:136.725s step_avg:75.04ms
step:1823/3250 train_time:136.886s step_avg:75.09ms
step:1824/3250 train_time:137.049s step_avg:75.14ms
step:1825/3250 train_time:137.210s step_avg:75.18ms
step:1826/3250 train_time:137.372s step_avg:75.23ms
step:1827/3250 train_time:137.536s step_avg:75.28ms
step:1828/3250 train_time:137.697s step_avg:75.33ms
step:1829/3250 train_time:137.860s step_avg:75.37ms
step:1830/3250 train_time:138.020s step_avg:75.42ms
step:1831/3250 train_time:138.181s step_avg:75.47ms
step:1832/3250 train_time:138.342s step_avg:75.51ms
step:1833/3250 train_time:138.503s step_avg:75.56ms
step:1834/3250 train_time:138.664s step_avg:75.61ms
step:1835/3250 train_time:138.825s step_avg:75.65ms
step:1836/3250 train_time:138.988s step_avg:75.70ms
step:1837/3250 train_time:139.150s step_avg:75.75ms
step:1838/3250 train_time:139.311s step_avg:75.79ms
step:1839/3250 train_time:139.473s step_avg:75.84ms
step:1840/3250 train_time:139.634s step_avg:75.89ms
step:1841/3250 train_time:139.797s step_avg:75.94ms
step:1842/3250 train_time:139.959s step_avg:75.98ms
step:1843/3250 train_time:140.121s step_avg:76.03ms
step:1844/3250 train_time:140.281s step_avg:76.07ms
step:1845/3250 train_time:140.441s step_avg:76.12ms
step:1846/3250 train_time:140.603s step_avg:76.17ms
step:1847/3250 train_time:140.767s step_avg:76.21ms
step:1848/3250 train_time:140.929s step_avg:76.26ms
step:1849/3250 train_time:141.089s step_avg:76.31ms
step:1850/3250 train_time:141.253s step_avg:76.35ms
step:1851/3250 train_time:141.417s step_avg:76.40ms
step:1852/3250 train_time:141.578s step_avg:76.45ms
step:1853/3250 train_time:141.739s step_avg:76.49ms
step:1854/3250 train_time:141.900s step_avg:76.54ms
step:1855/3250 train_time:142.062s step_avg:76.58ms
step:1856/3250 train_time:142.223s step_avg:76.63ms
step:1857/3250 train_time:142.384s step_avg:76.67ms
step:1858/3250 train_time:142.545s step_avg:76.72ms
step:1859/3250 train_time:142.707s step_avg:76.77ms
step:1860/3250 train_time:142.870s step_avg:76.81ms
step:1861/3250 train_time:143.032s step_avg:76.86ms
step:1862/3250 train_time:143.195s step_avg:76.90ms
step:1863/3250 train_time:143.356s step_avg:76.95ms
step:1864/3250 train_time:143.517s step_avg:76.99ms
step:1865/3250 train_time:143.679s step_avg:77.04ms
step:1866/3250 train_time:143.839s step_avg:77.08ms
step:1867/3250 train_time:144.000s step_avg:77.13ms
step:1868/3250 train_time:144.161s step_avg:77.17ms
step:1869/3250 train_time:144.321s step_avg:77.22ms
step:1870/3250 train_time:144.483s step_avg:77.26ms
step:1871/3250 train_time:144.645s step_avg:77.31ms
step:1872/3250 train_time:144.807s step_avg:77.35ms
step:1873/3250 train_time:144.970s step_avg:77.40ms
step:1874/3250 train_time:145.133s step_avg:77.45ms
step:1875/3250 train_time:145.294s step_avg:77.49ms
step:1875/3250 val_loss:3.45613 train_time:145.295s step_avg:161.78ms
step:1876/3250 train_time:145.460s step_avg:77.54ms
step:1877/3250 train_time:145.622s step_avg:77.58ms
step:1878/3250 train_time:145.784s step_avg:77.63ms
step:1879/3250 train_time:145.946s step_avg:77.67ms
step:1880/3250 train_time:146.110s step_avg:77.72ms
step:1881/3250 train_time:146.270s step_avg:77.76ms
step:1882/3250 train_time:146.433s step_avg:77.81ms
step:1883/3250 train_time:146.595s step_avg:77.85ms
step:1884/3250 train_time:146.755s step_avg:77.90ms
step:1885/3250 train_time:146.918s step_avg:77.94ms
step:1886/3250 train_time:147.080s step_avg:77.99ms
step:1887/3250 train_time:147.241s step_avg:78.03ms
step:1888/3250 train_time:147.402s step_avg:78.07ms
step:1889/3250 train_time:147.565s step_avg:78.12ms
step:1890/3250 train_time:147.727s step_avg:78.16ms
step:1891/3250 train_time:147.890s step_avg:78.21ms
step:1892/3250 train_time:148.052s step_avg:78.25ms
step:1893/3250 train_time:148.215s step_avg:78.30ms
step:1894/3250 train_time:148.377s step_avg:78.34ms
step:1895/3250 train_time:148.539s step_avg:78.38ms
step:1896/3250 train_time:148.700s step_avg:78.43ms
step:1897/3250 train_time:148.861s step_avg:78.47ms
step:1898/3250 train_time:149.022s step_avg:78.52ms
step:1899/3250 train_time:149.183s step_avg:78.56ms
step:1900/3250 train_time:149.345s step_avg:78.60ms
step:1901/3250 train_time:149.559s step_avg:78.67ms
step:1902/3250 train_time:149.723s step_avg:78.72ms
step:1903/3250 train_time:149.885s step_avg:78.76ms
step:1904/3250 train_time:150.048s step_avg:78.81ms
step:1905/3250 train_time:150.212s step_avg:78.85ms
step:1906/3250 train_time:150.374s step_avg:78.90ms
step:1907/3250 train_time:150.536s step_avg:78.94ms
step:1908/3250 train_time:150.698s step_avg:78.98ms
step:1909/3250 train_time:150.859s step_avg:79.03ms
step:1910/3250 train_time:151.022s step_avg:79.07ms
step:1911/3250 train_time:151.184s step_avg:79.11ms
step:1912/3250 train_time:151.347s step_avg:79.16ms
step:1913/3250 train_time:151.507s step_avg:79.20ms
step:1914/3250 train_time:151.670s step_avg:79.24ms
step:1915/3250 train_time:151.832s step_avg:79.29ms
step:1916/3250 train_time:151.994s step_avg:79.33ms
step:1917/3250 train_time:152.157s step_avg:79.37ms
step:1918/3250 train_time:152.318s step_avg:79.42ms
step:1919/3250 train_time:152.479s step_avg:79.46ms
step:1920/3250 train_time:152.642s step_avg:79.50ms
step:1921/3250 train_time:152.803s step_avg:79.54ms
step:1922/3250 train_time:152.966s step_avg:79.59ms
step:1923/3250 train_time:153.128s step_avg:79.63ms
step:1924/3250 train_time:153.291s step_avg:79.67ms
step:1925/3250 train_time:153.453s step_avg:79.72ms
step:1926/3250 train_time:153.616s step_avg:79.76ms
step:1927/3250 train_time:153.778s step_avg:79.80ms
step:1928/3250 train_time:153.940s step_avg:79.84ms
step:1929/3250 train_time:154.100s step_avg:79.89ms
step:1930/3250 train_time:154.263s step_avg:79.93ms
step:1931/3250 train_time:154.430s step_avg:79.97ms
step:1932/3250 train_time:154.591s step_avg:80.02ms
step:1933/3250 train_time:154.754s step_avg:80.06ms
step:1934/3250 train_time:154.917s step_avg:80.10ms
step:1935/3250 train_time:155.078s step_avg:80.14ms
step:1936/3250 train_time:155.239s step_avg:80.19ms
step:1937/3250 train_time:155.401s step_avg:80.23ms
step:1938/3250 train_time:155.563s step_avg:80.27ms
step:1939/3250 train_time:155.725s step_avg:80.31ms
step:1940/3250 train_time:155.888s step_avg:80.35ms
step:1941/3250 train_time:156.050s step_avg:80.40ms
step:1942/3250 train_time:156.214s step_avg:80.44ms
step:1943/3250 train_time:156.376s step_avg:80.48ms
step:1944/3250 train_time:156.536s step_avg:80.52ms
step:1945/3250 train_time:156.699s step_avg:80.56ms
step:1946/3250 train_time:156.859s step_avg:80.61ms
step:1947/3250 train_time:157.020s step_avg:80.65ms
step:1948/3250 train_time:157.183s step_avg:80.69ms
step:1949/3250 train_time:157.346s step_avg:80.73ms
step:1950/3250 train_time:157.507s step_avg:80.77ms
step:1951/3250 train_time:157.668s step_avg:80.81ms
step:1952/3250 train_time:157.829s step_avg:80.85ms
step:1953/3250 train_time:157.991s step_avg:80.90ms
step:1954/3250 train_time:158.152s step_avg:80.94ms
step:1955/3250 train_time:158.315s step_avg:80.98ms
step:1956/3250 train_time:158.476s step_avg:81.02ms
step:1957/3250 train_time:158.638s step_avg:81.06ms
step:1958/3250 train_time:158.800s step_avg:81.10ms
step:1959/3250 train_time:158.963s step_avg:81.15ms
step:1960/3250 train_time:159.126s step_avg:81.19ms
step:1961/3250 train_time:159.288s step_avg:81.23ms
step:1962/3250 train_time:159.450s step_avg:81.27ms
step:1963/3250 train_time:159.612s step_avg:81.31ms
step:1964/3250 train_time:159.773s step_avg:81.35ms
step:1965/3250 train_time:159.934s step_avg:81.39ms
step:1966/3250 train_time:160.095s step_avg:81.43ms
step:1967/3250 train_time:160.256s step_avg:81.47ms
step:1968/3250 train_time:160.419s step_avg:81.51ms
step:1969/3250 train_time:160.580s step_avg:81.55ms
step:1970/3250 train_time:160.741s step_avg:81.59ms
step:1971/3250 train_time:160.903s step_avg:81.64ms
step:1972/3250 train_time:161.066s step_avg:81.68ms
step:1973/3250 train_time:161.229s step_avg:81.72ms
step:1974/3250 train_time:161.390s step_avg:81.76ms
step:1975/3250 train_time:161.551s step_avg:81.80ms
step:1976/3250 train_time:161.715s step_avg:81.84ms
step:1977/3250 train_time:161.875s step_avg:81.88ms
step:1978/3250 train_time:162.038s step_avg:81.92ms
step:1979/3250 train_time:162.198s step_avg:81.96ms
step:1980/3250 train_time:162.360s step_avg:82.00ms
step:1981/3250 train_time:162.522s step_avg:82.04ms
step:1982/3250 train_time:162.683s step_avg:82.08ms
step:1983/3250 train_time:162.846s step_avg:82.12ms
step:1984/3250 train_time:163.008s step_avg:82.16ms
step:1985/3250 train_time:163.169s step_avg:82.20ms
step:1986/3250 train_time:163.333s step_avg:82.24ms
step:1987/3250 train_time:163.495s step_avg:82.28ms
step:1988/3250 train_time:163.657s step_avg:82.32ms
step:1989/3250 train_time:163.819s step_avg:82.36ms
step:1990/3250 train_time:163.982s step_avg:82.40ms
step:1991/3250 train_time:164.144s step_avg:82.44ms
step:1992/3250 train_time:164.307s step_avg:82.48ms
step:1993/3250 train_time:164.469s step_avg:82.52ms
step:1994/3250 train_time:164.630s step_avg:82.56ms
step:1995/3250 train_time:164.792s step_avg:82.60ms
step:1996/3250 train_time:164.952s step_avg:82.64ms
step:1997/3250 train_time:165.116s step_avg:82.68ms
step:1998/3250 train_time:165.278s step_avg:82.72ms
step:1999/3250 train_time:165.439s step_avg:82.76ms
step:2000/3250 train_time:165.600s step_avg:82.80ms
step:2000/3250 val_loss:3.43636 train_time:165.600s step_avg:162.44ms
step:2001/3250 train_time:165.765s step_avg:82.84ms
step:2002/3250 train_time:165.926s step_avg:82.88ms
step:2003/3250 train_time:166.088s step_avg:82.92ms
step:2004/3250 train_time:166.248s step_avg:82.96ms
step:2005/3250 train_time:166.409s step_avg:83.00ms
step:2006/3250 train_time:166.571s step_avg:83.04ms
step:2007/3250 train_time:166.733s step_avg:83.08ms
step:2008/3250 train_time:166.896s step_avg:83.12ms
step:2009/3250 train_time:167.056s step_avg:83.15ms
step:2010/3250 train_time:167.217s step_avg:83.19ms
step:2011/3250 train_time:167.378s step_avg:83.23ms
step:2012/3250 train_time:167.539s step_avg:83.27ms
step:2013/3250 train_time:167.701s step_avg:83.31ms
step:2014/3250 train_time:167.863s step_avg:83.35ms
step:2015/3250 train_time:168.024s step_avg:83.39ms
step:2016/3250 train_time:168.186s step_avg:83.43ms
step:2017/3250 train_time:168.348s step_avg:83.46ms
step:2018/3250 train_time:168.510s step_avg:83.50ms
step:2019/3250 train_time:168.671s step_avg:83.54ms
step:2020/3250 train_time:168.833s step_avg:83.58ms
step:2021/3250 train_time:168.993s step_avg:83.62ms
step:2022/3250 train_time:169.154s step_avg:83.66ms
step:2023/3250 train_time:169.318s step_avg:83.70ms
step:2024/3250 train_time:169.479s step_avg:83.73ms
step:2025/3250 train_time:169.640s step_avg:83.77ms
step:2026/3250 train_time:169.802s step_avg:83.81ms
step:2027/3250 train_time:169.966s step_avg:83.85ms
step:2028/3250 train_time:170.128s step_avg:83.89ms
step:2029/3250 train_time:170.289s step_avg:83.93ms
step:2030/3250 train_time:170.450s step_avg:83.97ms
step:2031/3250 train_time:170.612s step_avg:84.00ms
step:2032/3250 train_time:170.774s step_avg:84.04ms
step:2033/3250 train_time:170.935s step_avg:84.08ms
step:2034/3250 train_time:171.097s step_avg:84.12ms
step:2035/3250 train_time:171.257s step_avg:84.16ms
step:2036/3250 train_time:171.418s step_avg:84.19ms
step:2037/3250 train_time:171.579s step_avg:84.23ms
step:2038/3250 train_time:171.740s step_avg:84.27ms
step:2039/3250 train_time:171.903s step_avg:84.31ms
step:2040/3250 train_time:172.065s step_avg:84.35ms
step:2041/3250 train_time:172.226s step_avg:84.38ms
step:2042/3250 train_time:172.388s step_avg:84.42ms
step:2043/3250 train_time:172.548s step_avg:84.46ms
step:2044/3250 train_time:172.711s step_avg:84.50ms
step:2045/3250 train_time:172.873s step_avg:84.53ms
step:2046/3250 train_time:173.034s step_avg:84.57ms
step:2047/3250 train_time:173.197s step_avg:84.61ms
step:2048/3250 train_time:173.357s step_avg:84.65ms
step:2049/3250 train_time:173.519s step_avg:84.68ms
step:2050/3250 train_time:173.681s step_avg:84.72ms
step:2051/3250 train_time:173.843s step_avg:84.76ms
step:2052/3250 train_time:174.006s step_avg:84.80ms
step:2053/3250 train_time:174.167s step_avg:84.84ms
step:2054/3250 train_time:174.329s step_avg:84.87ms
step:2055/3250 train_time:174.491s step_avg:84.91ms
step:2056/3250 train_time:174.653s step_avg:84.95ms
step:2057/3250 train_time:174.815s step_avg:84.99ms
step:2058/3250 train_time:174.976s step_avg:85.02ms
step:2059/3250 train_time:175.137s step_avg:85.06ms
step:2060/3250 train_time:175.298s step_avg:85.10ms
step:2061/3250 train_time:175.460s step_avg:85.13ms
step:2062/3250 train_time:175.622s step_avg:85.17ms
step:2063/3250 train_time:175.783s step_avg:85.21ms
step:2064/3250 train_time:175.946s step_avg:85.25ms
step:2065/3250 train_time:176.108s step_avg:85.28ms
step:2066/3250 train_time:176.271s step_avg:85.32ms
step:2067/3250 train_time:176.432s step_avg:85.36ms
step:2068/3250 train_time:176.593s step_avg:85.39ms
step:2069/3250 train_time:176.753s step_avg:85.43ms
step:2070/3250 train_time:176.914s step_avg:85.47ms
step:2071/3250 train_time:177.076s step_avg:85.50ms
step:2072/3250 train_time:177.238s step_avg:85.54ms
step:2073/3250 train_time:177.400s step_avg:85.58ms
step:2074/3250 train_time:177.562s step_avg:85.61ms
step:2075/3250 train_time:177.724s step_avg:85.65ms
step:2076/3250 train_time:177.887s step_avg:85.69ms
step:2077/3250 train_time:178.049s step_avg:85.72ms
step:2078/3250 train_time:178.212s step_avg:85.76ms
step:2079/3250 train_time:178.373s step_avg:85.80ms
step:2080/3250 train_time:178.535s step_avg:85.83ms
step:2081/3250 train_time:178.698s step_avg:85.87ms
step:2082/3250 train_time:178.859s step_avg:85.91ms
step:2083/3250 train_time:179.019s step_avg:85.94ms
step:2084/3250 train_time:179.182s step_avg:85.98ms
step:2085/3250 train_time:179.345s step_avg:86.02ms
step:2086/3250 train_time:179.508s step_avg:86.05ms
step:2087/3250 train_time:179.669s step_avg:86.09ms
step:2088/3250 train_time:179.833s step_avg:86.13ms
step:2089/3250 train_time:179.996s step_avg:86.16ms
step:2090/3250 train_time:180.157s step_avg:86.20ms
step:2091/3250 train_time:180.369s step_avg:86.26ms
step:2092/3250 train_time:180.531s step_avg:86.30ms
step:2093/3250 train_time:180.694s step_avg:86.33ms
step:2094/3250 train_time:180.856s step_avg:86.37ms
step:2095/3250 train_time:181.018s step_avg:86.40ms
step:2096/3250 train_time:181.179s step_avg:86.44ms
step:2097/3250 train_time:181.341s step_avg:86.48ms
step:2098/3250 train_time:181.503s step_avg:86.51ms
step:2099/3250 train_time:181.664s step_avg:86.55ms
step:2100/3250 train_time:181.827s step_avg:86.58ms
step:2101/3250 train_time:181.988s step_avg:86.62ms
step:2102/3250 train_time:182.150s step_avg:86.66ms
step:2103/3250 train_time:182.313s step_avg:86.69ms
step:2104/3250 train_time:182.474s step_avg:86.73ms
step:2105/3250 train_time:182.636s step_avg:86.76ms
step:2106/3250 train_time:182.797s step_avg:86.80ms
step:2107/3250 train_time:182.958s step_avg:86.83ms
step:2108/3250 train_time:183.119s step_avg:86.87ms
step:2109/3250 train_time:183.281s step_avg:86.90ms
step:2110/3250 train_time:183.442s step_avg:86.94ms
step:2111/3250 train_time:183.603s step_avg:86.97ms
step:2112/3250 train_time:183.764s step_avg:87.01ms
step:2113/3250 train_time:183.926s step_avg:87.05ms
step:2114/3250 train_time:184.088s step_avg:87.08ms
step:2115/3250 train_time:184.249s step_avg:87.12ms
step:2116/3250 train_time:184.414s step_avg:87.15ms
step:2117/3250 train_time:184.574s step_avg:87.19ms
step:2118/3250 train_time:184.735s step_avg:87.22ms
step:2119/3250 train_time:184.896s step_avg:87.26ms
step:2120/3250 train_time:185.057s step_avg:87.29ms
step:2121/3250 train_time:185.218s step_avg:87.33ms
step:2122/3250 train_time:185.379s step_avg:87.36ms
step:2123/3250 train_time:185.540s step_avg:87.40ms
step:2124/3250 train_time:185.703s step_avg:87.43ms
step:2125/3250 train_time:185.864s step_avg:87.47ms
step:2125/3250 val_loss:3.41795 train_time:185.864s step_avg:162.11ms
step:2126/3250 train_time:186.028s step_avg:87.50ms
step:2127/3250 train_time:186.189s step_avg:87.54ms
step:2128/3250 train_time:186.350s step_avg:87.57ms
step:2129/3250 train_time:186.513s step_avg:87.61ms
step:2130/3250 train_time:186.675s step_avg:87.64ms
step:2131/3250 train_time:186.836s step_avg:87.68ms
step:2132/3250 train_time:186.999s step_avg:87.71ms
step:2133/3250 train_time:187.160s step_avg:87.75ms
step:2134/3250 train_time:187.325s step_avg:87.78ms
step:2135/3250 train_time:187.486s step_avg:87.82ms
step:2136/3250 train_time:187.648s step_avg:87.85ms
step:2137/3250 train_time:187.808s step_avg:87.88ms
step:2138/3250 train_time:187.970s step_avg:87.92ms
step:2139/3250 train_time:188.132s step_avg:87.95ms
step:2140/3250 train_time:188.293s step_avg:87.99ms
step:2141/3250 train_time:188.453s step_avg:88.02ms
step:2142/3250 train_time:188.615s step_avg:88.06ms
step:2143/3250 train_time:188.777s step_avg:88.09ms
step:2144/3250 train_time:188.940s step_avg:88.12ms
step:2145/3250 train_time:189.101s step_avg:88.16ms
step:2146/3250 train_time:189.261s step_avg:88.19ms
step:2147/3250 train_time:189.423s step_avg:88.23ms
step:2148/3250 train_time:189.584s step_avg:88.26ms
step:2149/3250 train_time:189.747s step_avg:88.30ms
step:2150/3250 train_time:189.914s step_avg:88.33ms
step:2151/3250 train_time:190.077s step_avg:88.37ms
step:2152/3250 train_time:190.238s step_avg:88.40ms
step:2153/3250 train_time:190.401s step_avg:88.44ms
step:2154/3250 train_time:190.562s step_avg:88.47ms
step:2155/3250 train_time:190.725s step_avg:88.50ms
step:2156/3250 train_time:190.887s step_avg:88.54ms
step:2157/3250 train_time:191.049s step_avg:88.57ms
step:2158/3250 train_time:191.211s step_avg:88.61ms
step:2159/3250 train_time:191.373s step_avg:88.64ms
step:2160/3250 train_time:191.533s step_avg:88.67ms
step:2161/3250 train_time:191.694s step_avg:88.71ms
step:2162/3250 train_time:191.856s step_avg:88.74ms
step:2163/3250 train_time:192.019s step_avg:88.77ms
step:2164/3250 train_time:192.182s step_avg:88.81ms
step:2165/3250 train_time:192.344s step_avg:88.84ms
step:2166/3250 train_time:192.506s step_avg:88.88ms
step:2167/3250 train_time:192.667s step_avg:88.91ms
step:2168/3250 train_time:192.828s step_avg:88.94ms
step:2169/3250 train_time:192.989s step_avg:88.98ms
step:2170/3250 train_time:193.150s step_avg:89.01ms
step:2171/3250 train_time:193.310s step_avg:89.04ms
step:2172/3250 train_time:193.471s step_avg:89.08ms
step:2173/3250 train_time:193.632s step_avg:89.11ms
step:2174/3250 train_time:193.795s step_avg:89.14ms
step:2175/3250 train_time:193.956s step_avg:89.18ms
step:2176/3250 train_time:194.117s step_avg:89.21ms
step:2177/3250 train_time:194.280s step_avg:89.24ms
step:2178/3250 train_time:194.441s step_avg:89.28ms
step:2179/3250 train_time:194.605s step_avg:89.31ms
step:2180/3250 train_time:194.767s step_avg:89.34ms
step:2181/3250 train_time:194.929s step_avg:89.38ms
step:2182/3250 train_time:195.090s step_avg:89.41ms
step:2183/3250 train_time:195.250s step_avg:89.44ms
step:2184/3250 train_time:195.412s step_avg:89.47ms
step:2185/3250 train_time:195.572s step_avg:89.51ms
step:2186/3250 train_time:195.733s step_avg:89.54ms
step:2187/3250 train_time:195.895s step_avg:89.57ms
step:2188/3250 train_time:196.056s step_avg:89.60ms
step:2189/3250 train_time:196.219s step_avg:89.64ms
step:2190/3250 train_time:196.381s step_avg:89.67ms
step:2191/3250 train_time:196.543s step_avg:89.70ms
step:2192/3250 train_time:196.705s step_avg:89.74ms
step:2193/3250 train_time:196.868s step_avg:89.77ms
step:2194/3250 train_time:197.029s step_avg:89.80ms
step:2195/3250 train_time:197.189s step_avg:89.84ms
step:2196/3250 train_time:197.352s step_avg:89.87ms
step:2197/3250 train_time:197.514s step_avg:89.90ms
step:2198/3250 train_time:197.675s step_avg:89.93ms
step:2199/3250 train_time:197.837s step_avg:89.97ms
step:2200/3250 train_time:197.998s step_avg:90.00ms
step:2201/3250 train_time:198.162s step_avg:90.03ms
step:2202/3250 train_time:198.325s step_avg:90.07ms
step:2203/3250 train_time:198.490s step_avg:90.10ms
step:2204/3250 train_time:198.650s step_avg:90.13ms
step:2205/3250 train_time:198.812s step_avg:90.16ms
step:2206/3250 train_time:198.975s step_avg:90.20ms
step:2207/3250 train_time:199.136s step_avg:90.23ms
step:2208/3250 train_time:199.297s step_avg:90.26ms
step:2209/3250 train_time:199.459s step_avg:90.29ms
step:2210/3250 train_time:199.621s step_avg:90.33ms
step:2211/3250 train_time:199.783s step_avg:90.36ms
step:2212/3250 train_time:199.945s step_avg:90.39ms
step:2213/3250 train_time:200.108s step_avg:90.42ms
step:2214/3250 train_time:200.267s step_avg:90.46ms
step:2215/3250 train_time:200.430s step_avg:90.49ms
step:2216/3250 train_time:200.590s step_avg:90.52ms
step:2217/3250 train_time:200.750s step_avg:90.55ms
step:2218/3250 train_time:200.911s step_avg:90.58ms
step:2219/3250 train_time:201.073s step_avg:90.61ms
step:2220/3250 train_time:201.234s step_avg:90.65ms
step:2221/3250 train_time:201.394s step_avg:90.68ms
step:2222/3250 train_time:201.555s step_avg:90.71ms
step:2223/3250 train_time:201.716s step_avg:90.74ms
step:2224/3250 train_time:201.880s step_avg:90.77ms
step:2225/3250 train_time:202.042s step_avg:90.81ms
step:2226/3250 train_time:202.203s step_avg:90.84ms
step:2227/3250 train_time:202.363s step_avg:90.87ms
step:2228/3250 train_time:202.525s step_avg:90.90ms
step:2229/3250 train_time:202.689s step_avg:90.93ms
step:2230/3250 train_time:202.850s step_avg:90.96ms
step:2231/3250 train_time:203.012s step_avg:91.00ms
step:2232/3250 train_time:203.173s step_avg:91.03ms
step:2233/3250 train_time:203.334s step_avg:91.06ms
step:2234/3250 train_time:203.495s step_avg:91.09ms
step:2235/3250 train_time:203.656s step_avg:91.12ms
step:2236/3250 train_time:203.819s step_avg:91.15ms
step:2237/3250 train_time:203.982s step_avg:91.19ms
step:2238/3250 train_time:204.143s step_avg:91.22ms
step:2239/3250 train_time:204.306s step_avg:91.25ms
step:2240/3250 train_time:204.466s step_avg:91.28ms
step:2241/3250 train_time:204.629s step_avg:91.31ms
step:2242/3250 train_time:204.789s step_avg:91.34ms
step:2243/3250 train_time:204.951s step_avg:91.37ms
step:2244/3250 train_time:205.113s step_avg:91.41ms
step:2245/3250 train_time:205.273s step_avg:91.44ms
step:2246/3250 train_time:205.434s step_avg:91.47ms
step:2247/3250 train_time:205.595s step_avg:91.50ms
step:2248/3250 train_time:205.756s step_avg:91.53ms
step:2249/3250 train_time:205.918s step_avg:91.56ms
step:2250/3250 train_time:206.080s step_avg:91.59ms
step:2250/3250 val_loss:3.39892 train_time:206.081s step_avg:161.73ms
step:2251/3250 train_time:206.246s step_avg:91.62ms
step:2252/3250 train_time:206.407s step_avg:91.66ms
step:2253/3250 train_time:206.568s step_avg:91.69ms
step:2254/3250 train_time:206.729s step_avg:91.72ms
step:2255/3250 train_time:206.890s step_avg:91.75ms
step:2256/3250 train_time:207.054s step_avg:91.78ms
step:2257/3250 train_time:207.215s step_avg:91.81ms
step:2258/3250 train_time:207.377s step_avg:91.84ms
step:2259/3250 train_time:207.540s step_avg:91.87ms
step:2260/3250 train_time:207.703s step_avg:91.90ms
step:2261/3250 train_time:207.866s step_avg:91.94ms
step:2262/3250 train_time:208.029s step_avg:91.97ms
step:2263/3250 train_time:208.190s step_avg:92.00ms
step:2264/3250 train_time:208.351s step_avg:92.03ms
step:2265/3250 train_time:208.512s step_avg:92.06ms
step:2266/3250 train_time:208.675s step_avg:92.09ms
step:2267/3250 train_time:208.836s step_avg:92.12ms
step:2268/3250 train_time:208.998s step_avg:92.15ms
step:2269/3250 train_time:209.159s step_avg:92.18ms
step:2270/3250 train_time:209.322s step_avg:92.21ms
step:2271/3250 train_time:209.484s step_avg:92.24ms
step:2272/3250 train_time:209.645s step_avg:92.27ms
step:2273/3250 train_time:209.806s step_avg:92.30ms
step:2274/3250 train_time:209.968s step_avg:92.33ms
step:2275/3250 train_time:210.130s step_avg:92.36ms
step:2276/3250 train_time:210.290s step_avg:92.39ms
step:2277/3250 train_time:210.451s step_avg:92.42ms
step:2278/3250 train_time:210.612s step_avg:92.45ms
step:2279/3250 train_time:210.773s step_avg:92.48ms
step:2280/3250 train_time:210.938s step_avg:92.52ms
step:2281/3250 train_time:211.150s step_avg:92.57ms
step:2282/3250 train_time:211.310s step_avg:92.60ms
step:2283/3250 train_time:211.471s step_avg:92.63ms
step:2284/3250 train_time:211.634s step_avg:92.66ms
step:2285/3250 train_time:211.797s step_avg:92.69ms
step:2286/3250 train_time:211.957s step_avg:92.72ms
step:2287/3250 train_time:212.120s step_avg:92.75ms
step:2288/3250 train_time:212.283s step_avg:92.78ms
step:2289/3250 train_time:212.446s step_avg:92.81ms
step:2290/3250 train_time:212.609s step_avg:92.84ms
step:2291/3250 train_time:212.769s step_avg:92.87ms
step:2292/3250 train_time:212.931s step_avg:92.90ms
step:2293/3250 train_time:213.091s step_avg:92.93ms
step:2294/3250 train_time:213.252s step_avg:92.96ms
step:2295/3250 train_time:213.413s step_avg:92.99ms
step:2296/3250 train_time:213.573s step_avg:93.02ms
step:2297/3250 train_time:213.734s step_avg:93.05ms
step:2298/3250 train_time:213.895s step_avg:93.08ms
step:2299/3250 train_time:214.056s step_avg:93.11ms
step:2300/3250 train_time:214.218s step_avg:93.14ms
step:2301/3250 train_time:214.380s step_avg:93.17ms
step:2302/3250 train_time:214.541s step_avg:93.20ms
step:2303/3250 train_time:214.703s step_avg:93.23ms
step:2304/3250 train_time:214.864s step_avg:93.26ms
step:2305/3250 train_time:215.026s step_avg:93.29ms
step:2306/3250 train_time:215.187s step_avg:93.32ms
step:2307/3250 train_time:215.348s step_avg:93.35ms
step:2308/3250 train_time:215.509s step_avg:93.37ms
step:2309/3250 train_time:215.669s step_avg:93.40ms
step:2310/3250 train_time:215.831s step_avg:93.43ms
step:2311/3250 train_time:215.992s step_avg:93.46ms
step:2312/3250 train_time:216.153s step_avg:93.49ms
step:2313/3250 train_time:216.314s step_avg:93.52ms
step:2314/3250 train_time:216.475s step_avg:93.55ms
step:2315/3250 train_time:216.636s step_avg:93.58ms
step:2316/3250 train_time:216.796s step_avg:93.61ms
step:2317/3250 train_time:216.959s step_avg:93.64ms
step:2318/3250 train_time:217.121s step_avg:93.67ms
step:2319/3250 train_time:217.283s step_avg:93.70ms
step:2320/3250 train_time:217.444s step_avg:93.73ms
step:2321/3250 train_time:217.606s step_avg:93.76ms
step:2322/3250 train_time:217.768s step_avg:93.78ms
step:2323/3250 train_time:217.932s step_avg:93.81ms
step:2324/3250 train_time:218.092s step_avg:93.84ms
step:2325/3250 train_time:218.254s step_avg:93.87ms
step:2326/3250 train_time:218.415s step_avg:93.90ms
step:2327/3250 train_time:218.576s step_avg:93.93ms
step:2328/3250 train_time:218.738s step_avg:93.96ms
step:2329/3250 train_time:218.898s step_avg:93.99ms
step:2330/3250 train_time:219.059s step_avg:94.02ms
step:2331/3250 train_time:219.221s step_avg:94.05ms
step:2332/3250 train_time:219.381s step_avg:94.07ms
step:2333/3250 train_time:219.543s step_avg:94.10ms
step:2334/3250 train_time:219.705s step_avg:94.13ms
step:2335/3250 train_time:219.867s step_avg:94.16ms
step:2336/3250 train_time:220.028s step_avg:94.19ms
step:2337/3250 train_time:220.189s step_avg:94.22ms
step:2338/3250 train_time:220.351s step_avg:94.25ms
step:2339/3250 train_time:220.511s step_avg:94.28ms
step:2340/3250 train_time:220.675s step_avg:94.31ms
step:2341/3250 train_time:220.838s step_avg:94.33ms
step:2342/3250 train_time:221.000s step_avg:94.36ms
step:2343/3250 train_time:221.161s step_avg:94.39ms
step:2344/3250 train_time:221.322s step_avg:94.42ms
step:2345/3250 train_time:221.484s step_avg:94.45ms
step:2346/3250 train_time:221.645s step_avg:94.48ms
step:2347/3250 train_time:221.807s step_avg:94.51ms
step:2348/3250 train_time:221.968s step_avg:94.53ms
step:2349/3250 train_time:222.129s step_avg:94.56ms
step:2350/3250 train_time:222.290s step_avg:94.59ms
step:2351/3250 train_time:222.451s step_avg:94.62ms
step:2352/3250 train_time:222.612s step_avg:94.65ms
step:2353/3250 train_time:222.772s step_avg:94.68ms
step:2354/3250 train_time:222.936s step_avg:94.70ms
step:2355/3250 train_time:223.097s step_avg:94.73ms
step:2356/3250 train_time:223.258s step_avg:94.76ms
step:2357/3250 train_time:223.421s step_avg:94.79ms
step:2358/3250 train_time:223.583s step_avg:94.82ms
step:2359/3250 train_time:223.745s step_avg:94.85ms
step:2360/3250 train_time:223.907s step_avg:94.88ms
step:2361/3250 train_time:224.068s step_avg:94.90ms
step:2362/3250 train_time:224.231s step_avg:94.93ms
step:2363/3250 train_time:224.393s step_avg:94.96ms
step:2364/3250 train_time:224.553s step_avg:94.99ms
step:2365/3250 train_time:224.713s step_avg:95.02ms
step:2366/3250 train_time:224.877s step_avg:95.05ms
step:2367/3250 train_time:225.040s step_avg:95.07ms
step:2368/3250 train_time:225.201s step_avg:95.10ms
step:2369/3250 train_time:225.363s step_avg:95.13ms
step:2370/3250 train_time:225.527s step_avg:95.16ms
step:2371/3250 train_time:225.688s step_avg:95.19ms
step:2372/3250 train_time:225.849s step_avg:95.21ms
step:2373/3250 train_time:226.011s step_avg:95.24ms
step:2374/3250 train_time:226.174s step_avg:95.27ms
step:2375/3250 train_time:226.336s step_avg:95.30ms
step:2375/3250 val_loss:3.38128 train_time:226.336s step_avg:162.05ms
step:2376/3250 train_time:226.501s step_avg:95.33ms
step:2377/3250 train_time:226.663s step_avg:95.36ms
step:2378/3250 train_time:226.825s step_avg:95.38ms
step:2379/3250 train_time:226.985s step_avg:95.41ms
step:2380/3250 train_time:227.146s step_avg:95.44ms
step:2381/3250 train_time:227.307s step_avg:95.47ms
step:2382/3250 train_time:227.469s step_avg:95.49ms
step:2383/3250 train_time:227.631s step_avg:95.52ms
step:2384/3250 train_time:227.791s step_avg:95.55ms
step:2385/3250 train_time:227.954s step_avg:95.58ms
step:2386/3250 train_time:228.116s step_avg:95.61ms
step:2387/3250 train_time:228.278s step_avg:95.63ms
step:2388/3250 train_time:228.442s step_avg:95.66ms
step:2389/3250 train_time:228.603s step_avg:95.69ms
step:2390/3250 train_time:228.765s step_avg:95.72ms
step:2391/3250 train_time:228.925s step_avg:95.74ms
step:2392/3250 train_time:229.087s step_avg:95.77ms
step:2393/3250 train_time:229.248s step_avg:95.80ms
step:2394/3250 train_time:229.409s step_avg:95.83ms
step:2395/3250 train_time:229.569s step_avg:95.85ms
step:2396/3250 train_time:229.730s step_avg:95.88ms
step:2397/3250 train_time:229.892s step_avg:95.91ms
step:2398/3250 train_time:230.054s step_avg:95.94ms
step:2399/3250 train_time:230.216s step_avg:95.96ms
step:2400/3250 train_time:230.377s step_avg:95.99ms
step:2401/3250 train_time:230.539s step_avg:96.02ms
step:2402/3250 train_time:230.700s step_avg:96.04ms
step:2403/3250 train_time:230.863s step_avg:96.07ms
step:2404/3250 train_time:231.024s step_avg:96.10ms
step:2405/3250 train_time:231.189s step_avg:96.13ms
step:2406/3250 train_time:231.349s step_avg:96.16ms
step:2407/3250 train_time:231.510s step_avg:96.18ms
step:2408/3250 train_time:231.671s step_avg:96.21ms
step:2409/3250 train_time:231.832s step_avg:96.24ms
step:2410/3250 train_time:231.992s step_avg:96.26ms
step:2411/3250 train_time:232.155s step_avg:96.29ms
step:2412/3250 train_time:232.317s step_avg:96.32ms
step:2413/3250 train_time:232.479s step_avg:96.34ms
step:2414/3250 train_time:232.640s step_avg:96.37ms
step:2415/3250 train_time:232.801s step_avg:96.40ms
step:2416/3250 train_time:232.964s step_avg:96.43ms
step:2417/3250 train_time:233.126s step_avg:96.45ms
step:2418/3250 train_time:233.288s step_avg:96.48ms
step:2419/3250 train_time:233.449s step_avg:96.51ms
step:2420/3250 train_time:233.610s step_avg:96.53ms
step:2421/3250 train_time:233.771s step_avg:96.56ms
step:2422/3250 train_time:233.932s step_avg:96.59ms
step:2423/3250 train_time:234.091s step_avg:96.61ms
step:2424/3250 train_time:234.254s step_avg:96.64ms
step:2425/3250 train_time:234.416s step_avg:96.67ms
step:2426/3250 train_time:234.576s step_avg:96.69ms
step:2427/3250 train_time:234.739s step_avg:96.72ms
step:2428/3250 train_time:234.900s step_avg:96.75ms
step:2429/3250 train_time:235.062s step_avg:96.77ms
step:2430/3250 train_time:235.223s step_avg:96.80ms
step:2431/3250 train_time:235.385s step_avg:96.83ms
step:2432/3250 train_time:235.546s step_avg:96.85ms
step:2433/3250 train_time:235.707s step_avg:96.88ms
step:2434/3250 train_time:235.868s step_avg:96.91ms
step:2435/3250 train_time:236.029s step_avg:96.93ms
step:2436/3250 train_time:236.189s step_avg:96.96ms
step:2437/3250 train_time:236.353s step_avg:96.99ms
step:2438/3250 train_time:236.516s step_avg:97.01ms
step:2439/3250 train_time:236.677s step_avg:97.04ms
step:2440/3250 train_time:236.839s step_avg:97.07ms
step:2441/3250 train_time:237.001s step_avg:97.09ms
step:2442/3250 train_time:237.163s step_avg:97.12ms
step:2443/3250 train_time:237.323s step_avg:97.14ms
step:2444/3250 train_time:237.486s step_avg:97.17ms
step:2445/3250 train_time:237.653s step_avg:97.20ms
step:2446/3250 train_time:237.813s step_avg:97.23ms
step:2447/3250 train_time:237.975s step_avg:97.25ms
step:2448/3250 train_time:238.136s step_avg:97.28ms
step:2449/3250 train_time:238.297s step_avg:97.30ms
step:2450/3250 train_time:238.460s step_avg:97.33ms
step:2451/3250 train_time:238.621s step_avg:97.36ms
step:2452/3250 train_time:238.783s step_avg:97.38ms
step:2453/3250 train_time:238.945s step_avg:97.41ms
step:2454/3250 train_time:239.106s step_avg:97.44ms
step:2455/3250 train_time:239.267s step_avg:97.46ms
step:2456/3250 train_time:239.428s step_avg:97.49ms
step:2457/3250 train_time:239.590s step_avg:97.51ms
step:2458/3250 train_time:239.752s step_avg:97.54ms
step:2459/3250 train_time:239.914s step_avg:97.57ms
step:2460/3250 train_time:240.074s step_avg:97.59ms
step:2461/3250 train_time:240.237s step_avg:97.62ms
step:2462/3250 train_time:240.397s step_avg:97.64ms
step:2463/3250 train_time:240.559s step_avg:97.67ms
step:2464/3250 train_time:240.721s step_avg:97.70ms
step:2465/3250 train_time:240.882s step_avg:97.72ms
step:2466/3250 train_time:241.045s step_avg:97.75ms
step:2467/3250 train_time:241.206s step_avg:97.77ms
step:2468/3250 train_time:241.368s step_avg:97.80ms
step:2469/3250 train_time:241.529s step_avg:97.82ms
step:2470/3250 train_time:241.689s step_avg:97.85ms
step:2471/3250 train_time:241.899s step_avg:97.90ms
step:2472/3250 train_time:242.062s step_avg:97.92ms
step:2473/3250 train_time:242.225s step_avg:97.95ms
step:2474/3250 train_time:242.386s step_avg:97.97ms
step:2475/3250 train_time:242.548s step_avg:98.00ms
step:2476/3250 train_time:242.710s step_avg:98.03ms
step:2477/3250 train_time:242.871s step_avg:98.05ms
step:2478/3250 train_time:243.033s step_avg:98.08ms
step:2479/3250 train_time:243.194s step_avg:98.10ms
step:2480/3250 train_time:243.357s step_avg:98.13ms
step:2481/3250 train_time:243.520s step_avg:98.15ms
step:2482/3250 train_time:243.681s step_avg:98.18ms
step:2483/3250 train_time:243.844s step_avg:98.21ms
step:2484/3250 train_time:244.005s step_avg:98.23ms
step:2485/3250 train_time:244.166s step_avg:98.26ms
step:2486/3250 train_time:244.327s step_avg:98.28ms
step:2487/3250 train_time:244.488s step_avg:98.31ms
step:2488/3250 train_time:244.650s step_avg:98.33ms
step:2489/3250 train_time:244.811s step_avg:98.36ms
step:2490/3250 train_time:244.972s step_avg:98.38ms
step:2491/3250 train_time:245.133s step_avg:98.41ms
step:2492/3250 train_time:245.294s step_avg:98.43ms
step:2493/3250 train_time:245.457s step_avg:98.46ms
step:2494/3250 train_time:245.619s step_avg:98.48ms
step:2495/3250 train_time:245.779s step_avg:98.51ms
step:2496/3250 train_time:245.940s step_avg:98.53ms
step:2497/3250 train_time:246.102s step_avg:98.56ms
step:2498/3250 train_time:246.264s step_avg:98.58ms
step:2499/3250 train_time:246.425s step_avg:98.61ms
step:2500/3250 train_time:246.586s step_avg:98.63ms
step:2500/3250 val_loss:3.36329 train_time:246.587s step_avg:162.00ms
step:2501/3250 train_time:246.752s step_avg:98.66ms
step:2502/3250 train_time:246.916s step_avg:98.69ms
step:2503/3250 train_time:247.077s step_avg:98.71ms
step:2504/3250 train_time:247.238s step_avg:98.74ms
step:2505/3250 train_time:247.400s step_avg:98.76ms
step:2506/3250 train_time:247.561s step_avg:98.79ms
step:2507/3250 train_time:247.722s step_avg:98.81ms
step:2508/3250 train_time:247.884s step_avg:98.84ms
step:2509/3250 train_time:248.043s step_avg:98.86ms
step:2510/3250 train_time:248.206s step_avg:98.89ms
step:2511/3250 train_time:248.366s step_avg:98.91ms
step:2512/3250 train_time:248.529s step_avg:98.94ms
step:2513/3250 train_time:248.689s step_avg:98.96ms
step:2514/3250 train_time:248.851s step_avg:98.99ms
step:2515/3250 train_time:249.015s step_avg:99.01ms
step:2516/3250 train_time:249.176s step_avg:99.04ms
step:2517/3250 train_time:249.338s step_avg:99.06ms
step:2518/3250 train_time:249.498s step_avg:99.09ms
step:2519/3250 train_time:249.661s step_avg:99.11ms
step:2520/3250 train_time:249.822s step_avg:99.14ms
step:2521/3250 train_time:249.982s step_avg:99.16ms
step:2522/3250 train_time:250.144s step_avg:99.18ms
step:2523/3250 train_time:250.305s step_avg:99.21ms
step:2524/3250 train_time:250.466s step_avg:99.23ms
step:2525/3250 train_time:250.628s step_avg:99.26ms
step:2526/3250 train_time:250.788s step_avg:99.28ms
step:2527/3250 train_time:250.951s step_avg:99.31ms
step:2528/3250 train_time:251.112s step_avg:99.33ms
step:2529/3250 train_time:251.275s step_avg:99.36ms
step:2530/3250 train_time:251.437s step_avg:99.38ms
step:2531/3250 train_time:251.598s step_avg:99.41ms
step:2532/3250 train_time:251.761s step_avg:99.43ms
step:2533/3250 train_time:251.922s step_avg:99.46ms
step:2534/3250 train_time:252.083s step_avg:99.48ms
step:2535/3250 train_time:252.245s step_avg:99.50ms
step:2536/3250 train_time:252.406s step_avg:99.53ms
step:2537/3250 train_time:252.568s step_avg:99.55ms
step:2538/3250 train_time:252.730s step_avg:99.58ms
step:2539/3250 train_time:252.892s step_avg:99.60ms
step:2540/3250 train_time:253.055s step_avg:99.63ms
step:2541/3250 train_time:253.216s step_avg:99.65ms
step:2542/3250 train_time:253.378s step_avg:99.68ms
step:2543/3250 train_time:253.540s step_avg:99.70ms
step:2544/3250 train_time:253.700s step_avg:99.73ms
step:2545/3250 train_time:253.864s step_avg:99.75ms
step:2546/3250 train_time:254.024s step_avg:99.77ms
step:2547/3250 train_time:254.188s step_avg:99.80ms
step:2548/3250 train_time:254.349s step_avg:99.82ms
step:2549/3250 train_time:254.510s step_avg:99.85ms
step:2550/3250 train_time:254.673s step_avg:99.87ms
step:2551/3250 train_time:254.835s step_avg:99.90ms
step:2552/3250 train_time:254.996s step_avg:99.92ms
step:2553/3250 train_time:255.160s step_avg:99.95ms
step:2554/3250 train_time:255.322s step_avg:99.97ms
step:2555/3250 train_time:255.487s step_avg:99.99ms
step:2556/3250 train_time:255.648s step_avg:100.02ms
step:2557/3250 train_time:255.809s step_avg:100.04ms
step:2558/3250 train_time:255.971s step_avg:100.07ms
step:2559/3250 train_time:256.132s step_avg:100.09ms
step:2560/3250 train_time:256.294s step_avg:100.11ms
step:2561/3250 train_time:256.455s step_avg:100.14ms
step:2562/3250 train_time:256.617s step_avg:100.16ms
step:2563/3250 train_time:256.778s step_avg:100.19ms
step:2564/3250 train_time:256.939s step_avg:100.21ms
step:2565/3250 train_time:257.101s step_avg:100.23ms
step:2566/3250 train_time:257.263s step_avg:100.26ms
step:2567/3250 train_time:257.424s step_avg:100.28ms
step:2568/3250 train_time:257.586s step_avg:100.31ms
step:2569/3250 train_time:257.746s step_avg:100.33ms
step:2570/3250 train_time:257.909s step_avg:100.35ms
step:2571/3250 train_time:258.070s step_avg:100.38ms
step:2572/3250 train_time:258.232s step_avg:100.40ms
step:2573/3250 train_time:258.393s step_avg:100.42ms
step:2574/3250 train_time:258.554s step_avg:100.45ms
step:2575/3250 train_time:258.719s step_avg:100.47ms
step:2576/3250 train_time:258.880s step_avg:100.50ms
step:2577/3250 train_time:259.042s step_avg:100.52ms
step:2578/3250 train_time:259.204s step_avg:100.54ms
step:2579/3250 train_time:259.364s step_avg:100.57ms
step:2580/3250 train_time:259.526s step_avg:100.59ms
step:2581/3250 train_time:259.686s step_avg:100.61ms
step:2582/3250 train_time:259.848s step_avg:100.64ms
step:2583/3250 train_time:260.009s step_avg:100.66ms
step:2584/3250 train_time:260.172s step_avg:100.69ms
step:2585/3250 train_time:260.335s step_avg:100.71ms
step:2586/3250 train_time:260.495s step_avg:100.73ms
step:2587/3250 train_time:260.656s step_avg:100.76ms
step:2588/3250 train_time:260.816s step_avg:100.78ms
step:2589/3250 train_time:260.977s step_avg:100.80ms
step:2590/3250 train_time:261.140s step_avg:100.83ms
step:2591/3250 train_time:261.303s step_avg:100.85ms
step:2592/3250 train_time:261.466s step_avg:100.87ms
step:2593/3250 train_time:261.628s step_avg:100.90ms
step:2594/3250 train_time:261.788s step_avg:100.92ms
step:2595/3250 train_time:261.951s step_avg:100.94ms
step:2596/3250 train_time:262.112s step_avg:100.97ms
step:2597/3250 train_time:262.274s step_avg:100.99ms
step:2598/3250 train_time:262.435s step_avg:101.01ms
step:2599/3250 train_time:262.596s step_avg:101.04ms
step:2600/3250 train_time:262.757s step_avg:101.06ms
step:2601/3250 train_time:262.919s step_avg:101.08ms
step:2602/3250 train_time:263.080s step_avg:101.11ms
step:2603/3250 train_time:263.240s step_avg:101.13ms
step:2604/3250 train_time:263.401s step_avg:101.15ms
step:2605/3250 train_time:263.564s step_avg:101.18ms
step:2606/3250 train_time:263.725s step_avg:101.20ms
step:2607/3250 train_time:263.886s step_avg:101.22ms
step:2608/3250 train_time:264.047s step_avg:101.25ms
step:2609/3250 train_time:264.208s step_avg:101.27ms
step:2610/3250 train_time:264.370s step_avg:101.29ms
step:2611/3250 train_time:264.533s step_avg:101.31ms
step:2612/3250 train_time:264.694s step_avg:101.34ms
step:2613/3250 train_time:264.856s step_avg:101.36ms
step:2614/3250 train_time:265.017s step_avg:101.38ms
step:2615/3250 train_time:265.181s step_avg:101.41ms
step:2616/3250 train_time:265.342s step_avg:101.43ms
step:2617/3250 train_time:265.503s step_avg:101.45ms
step:2618/3250 train_time:265.665s step_avg:101.48ms
step:2619/3250 train_time:265.826s step_avg:101.50ms
step:2620/3250 train_time:265.989s step_avg:101.52ms
step:2621/3250 train_time:266.152s step_avg:101.55ms
step:2622/3250 train_time:266.314s step_avg:101.57ms
step:2623/3250 train_time:266.477s step_avg:101.59ms
step:2624/3250 train_time:266.637s step_avg:101.61ms
step:2625/3250 train_time:266.801s step_avg:101.64ms
step:2625/3250 val_loss:3.34549 train_time:266.802s step_avg:161.72ms
step:2626/3250 train_time:266.972s step_avg:101.66ms
step:2627/3250 train_time:267.133s step_avg:101.69ms
step:2628/3250 train_time:267.295s step_avg:101.71ms
step:2629/3250 train_time:267.457s step_avg:101.73ms
step:2630/3250 train_time:267.619s step_avg:101.76ms
step:2631/3250 train_time:267.783s step_avg:101.78ms
step:2632/3250 train_time:267.944s step_avg:101.80ms
step:2633/3250 train_time:268.106s step_avg:101.83ms
step:2634/3250 train_time:268.270s step_avg:101.85ms
step:2635/3250 train_time:268.431s step_avg:101.87ms
step:2636/3250 train_time:268.593s step_avg:101.89ms
step:2637/3250 train_time:268.755s step_avg:101.92ms
step:2638/3250 train_time:268.917s step_avg:101.94ms
step:2639/3250 train_time:269.078s step_avg:101.96ms
step:2640/3250 train_time:269.240s step_avg:101.98ms
step:2641/3250 train_time:269.402s step_avg:102.01ms
step:2642/3250 train_time:269.563s step_avg:102.03ms
step:2643/3250 train_time:269.724s step_avg:102.05ms
step:2644/3250 train_time:269.886s step_avg:102.08ms
step:2645/3250 train_time:270.050s step_avg:102.10ms
step:2646/3250 train_time:270.210s step_avg:102.12ms
step:2647/3250 train_time:270.371s step_avg:102.14ms
step:2648/3250 train_time:270.531s step_avg:102.16ms
step:2649/3250 train_time:270.692s step_avg:102.19ms
step:2650/3250 train_time:270.856s step_avg:102.21ms
step:2651/3250 train_time:271.017s step_avg:102.23ms
step:2652/3250 train_time:271.179s step_avg:102.25ms
step:2653/3250 train_time:271.341s step_avg:102.28ms
step:2654/3250 train_time:271.501s step_avg:102.30ms
step:2655/3250 train_time:271.664s step_avg:102.32ms
step:2656/3250 train_time:271.829s step_avg:102.35ms
step:2657/3250 train_time:271.992s step_avg:102.37ms
step:2658/3250 train_time:272.153s step_avg:102.39ms
step:2659/3250 train_time:272.315s step_avg:102.41ms
step:2660/3250 train_time:272.477s step_avg:102.44ms
step:2661/3250 train_time:272.692s step_avg:102.48ms
step:2662/3250 train_time:272.853s step_avg:102.50ms
step:2663/3250 train_time:273.015s step_avg:102.52ms
step:2664/3250 train_time:273.178s step_avg:102.54ms
step:2665/3250 train_time:273.339s step_avg:102.57ms
step:2666/3250 train_time:273.501s step_avg:102.59ms
step:2667/3250 train_time:273.662s step_avg:102.61ms
step:2668/3250 train_time:273.823s step_avg:102.63ms
step:2669/3250 train_time:273.986s step_avg:102.66ms
step:2670/3250 train_time:274.152s step_avg:102.68ms
step:2671/3250 train_time:274.312s step_avg:102.70ms
step:2672/3250 train_time:274.474s step_avg:102.72ms
step:2673/3250 train_time:274.635s step_avg:102.74ms
step:2674/3250 train_time:274.798s step_avg:102.77ms
step:2675/3250 train_time:274.961s step_avg:102.79ms
step:2676/3250 train_time:275.122s step_avg:102.81ms
step:2677/3250 train_time:275.284s step_avg:102.83ms
step:2678/3250 train_time:275.445s step_avg:102.85ms
step:2679/3250 train_time:275.607s step_avg:102.88ms
step:2680/3250 train_time:275.771s step_avg:102.90ms
step:2681/3250 train_time:275.932s step_avg:102.92ms
step:2682/3250 train_time:276.094s step_avg:102.94ms
step:2683/3250 train_time:276.256s step_avg:102.97ms
step:2684/3250 train_time:276.417s step_avg:102.99ms
step:2685/3250 train_time:276.579s step_avg:103.01ms
step:2686/3250 train_time:276.740s step_avg:103.03ms
step:2687/3250 train_time:276.903s step_avg:103.05ms
step:2688/3250 train_time:277.064s step_avg:103.07ms
step:2689/3250 train_time:277.226s step_avg:103.10ms
step:2690/3250 train_time:277.388s step_avg:103.12ms
step:2691/3250 train_time:277.549s step_avg:103.14ms
step:2692/3250 train_time:277.713s step_avg:103.16ms
step:2693/3250 train_time:277.875s step_avg:103.18ms
step:2694/3250 train_time:278.037s step_avg:103.21ms
step:2695/3250 train_time:278.198s step_avg:103.23ms
step:2696/3250 train_time:278.359s step_avg:103.25ms
step:2697/3250 train_time:278.519s step_avg:103.27ms
step:2698/3250 train_time:278.681s step_avg:103.29ms
step:2699/3250 train_time:278.843s step_avg:103.31ms
step:2700/3250 train_time:279.004s step_avg:103.33ms
step:2701/3250 train_time:279.166s step_avg:103.36ms
step:2702/3250 train_time:279.328s step_avg:103.38ms
step:2703/3250 train_time:279.490s step_avg:103.40ms
step:2704/3250 train_time:279.652s step_avg:103.42ms
step:2705/3250 train_time:279.813s step_avg:103.44ms
step:2706/3250 train_time:279.977s step_avg:103.47ms
step:2707/3250 train_time:280.138s step_avg:103.49ms
step:2708/3250 train_time:280.300s step_avg:103.51ms
step:2709/3250 train_time:280.460s step_avg:103.53ms
step:2710/3250 train_time:280.621s step_avg:103.55ms
step:2711/3250 train_time:280.788s step_avg:103.57ms
step:2712/3250 train_time:280.951s step_avg:103.60ms
step:2713/3250 train_time:281.112s step_avg:103.62ms
step:2714/3250 train_time:281.272s step_avg:103.64ms
step:2715/3250 train_time:281.435s step_avg:103.66ms
step:2716/3250 train_time:281.596s step_avg:103.68ms
step:2717/3250 train_time:281.757s step_avg:103.70ms
step:2718/3250 train_time:281.919s step_avg:103.72ms
step:2719/3250 train_time:282.080s step_avg:103.74ms
step:2720/3250 train_time:282.241s step_avg:103.77ms
step:2721/3250 train_time:282.402s step_avg:103.79ms
step:2722/3250 train_time:282.564s step_avg:103.81ms
step:2723/3250 train_time:282.725s step_avg:103.83ms
step:2724/3250 train_time:282.887s step_avg:103.85ms
step:2725/3250 train_time:283.049s step_avg:103.87ms
step:2726/3250 train_time:283.212s step_avg:103.89ms
step:2727/3250 train_time:283.374s step_avg:103.91ms
step:2728/3250 train_time:283.535s step_avg:103.94ms
step:2729/3250 train_time:283.696s step_avg:103.96ms
step:2730/3250 train_time:283.858s step_avg:103.98ms
step:2731/3250 train_time:284.019s step_avg:104.00ms
step:2732/3250 train_time:284.180s step_avg:104.02ms
step:2733/3250 train_time:284.341s step_avg:104.04ms
step:2734/3250 train_time:284.506s step_avg:104.06ms
step:2735/3250 train_time:284.668s step_avg:104.08ms
step:2736/3250 train_time:284.830s step_avg:104.10ms
step:2737/3250 train_time:284.993s step_avg:104.13ms
step:2738/3250 train_time:285.155s step_avg:104.15ms
step:2739/3250 train_time:285.317s step_avg:104.17ms
step:2740/3250 train_time:285.478s step_avg:104.19ms
step:2741/3250 train_time:285.640s step_avg:104.21ms
step:2742/3250 train_time:285.801s step_avg:104.23ms
step:2743/3250 train_time:285.963s step_avg:104.25ms
step:2744/3250 train_time:286.124s step_avg:104.27ms
step:2745/3250 train_time:286.286s step_avg:104.29ms
step:2746/3250 train_time:286.447s step_avg:104.31ms
step:2747/3250 train_time:286.609s step_avg:104.34ms
step:2748/3250 train_time:286.771s step_avg:104.36ms
step:2749/3250 train_time:286.933s step_avg:104.38ms
step:2750/3250 train_time:287.095s step_avg:104.40ms
step:2750/3250 val_loss:3.32798 train_time:287.095s step_avg:162.35ms
step:2751/3250 train_time:287.260s step_avg:104.42ms
step:2752/3250 train_time:287.421s step_avg:104.44ms
step:2753/3250 train_time:287.585s step_avg:104.46ms
step:2754/3250 train_time:287.748s step_avg:104.48ms
step:2755/3250 train_time:287.909s step_avg:104.50ms
step:2756/3250 train_time:288.070s step_avg:104.52ms
step:2757/3250 train_time:288.233s step_avg:104.55ms
step:2758/3250 train_time:288.394s step_avg:104.57ms
step:2759/3250 train_time:288.556s step_avg:104.59ms
step:2760/3250 train_time:288.717s step_avg:104.61ms
step:2761/3250 train_time:288.879s step_avg:104.63ms
step:2762/3250 train_time:289.040s step_avg:104.65ms
step:2763/3250 train_time:289.202s step_avg:104.67ms
step:2764/3250 train_time:289.366s step_avg:104.69ms
step:2765/3250 train_time:289.526s step_avg:104.71ms
step:2766/3250 train_time:289.687s step_avg:104.73ms
step:2767/3250 train_time:289.848s step_avg:104.75ms
step:2768/3250 train_time:290.010s step_avg:104.77ms
step:2769/3250 train_time:290.175s step_avg:104.79ms
step:2770/3250 train_time:290.335s step_avg:104.81ms
step:2771/3250 train_time:290.496s step_avg:104.83ms
step:2772/3250 train_time:290.657s step_avg:104.85ms
step:2773/3250 train_time:290.818s step_avg:104.87ms
step:2774/3250 train_time:290.979s step_avg:104.90ms
step:2775/3250 train_time:291.140s step_avg:104.92ms
step:2776/3250 train_time:291.301s step_avg:104.94ms
step:2777/3250 train_time:291.463s step_avg:104.96ms
step:2778/3250 train_time:291.622s step_avg:104.98ms
step:2779/3250 train_time:291.788s step_avg:105.00ms
step:2780/3250 train_time:291.948s step_avg:105.02ms
step:2781/3250 train_time:292.109s step_avg:105.04ms
step:2782/3250 train_time:292.271s step_avg:105.06ms
step:2783/3250 train_time:292.434s step_avg:105.08ms
step:2784/3250 train_time:292.595s step_avg:105.10ms
step:2785/3250 train_time:292.755s step_avg:105.12ms
step:2786/3250 train_time:292.916s step_avg:105.14ms
step:2787/3250 train_time:293.076s step_avg:105.16ms
step:2788/3250 train_time:293.238s step_avg:105.18ms
step:2789/3250 train_time:293.403s step_avg:105.20ms
step:2790/3250 train_time:293.565s step_avg:105.22ms
step:2791/3250 train_time:293.727s step_avg:105.24ms
step:2792/3250 train_time:293.888s step_avg:105.26ms
step:2793/3250 train_time:294.050s step_avg:105.28ms
step:2794/3250 train_time:294.214s step_avg:105.30ms
step:2795/3250 train_time:294.374s step_avg:105.32ms
step:2796/3250 train_time:294.534s step_avg:105.34ms
step:2797/3250 train_time:294.697s step_avg:105.36ms
step:2798/3250 train_time:294.859s step_avg:105.38ms
step:2799/3250 train_time:295.020s step_avg:105.40ms
step:2800/3250 train_time:295.181s step_avg:105.42ms
step:2801/3250 train_time:295.343s step_avg:105.44ms
step:2802/3250 train_time:295.505s step_avg:105.46ms
step:2803/3250 train_time:295.667s step_avg:105.48ms
step:2804/3250 train_time:295.829s step_avg:105.50ms
step:2805/3250 train_time:295.992s step_avg:105.52ms
step:2806/3250 train_time:296.154s step_avg:105.54ms
step:2807/3250 train_time:296.315s step_avg:105.56ms
step:2808/3250 train_time:296.476s step_avg:105.58ms
step:2809/3250 train_time:296.637s step_avg:105.60ms
step:2810/3250 train_time:296.800s step_avg:105.62ms
step:2811/3250 train_time:296.963s step_avg:105.64ms
step:2812/3250 train_time:297.125s step_avg:105.66ms
step:2813/3250 train_time:297.287s step_avg:105.68ms
step:2814/3250 train_time:297.450s step_avg:105.70ms
step:2815/3250 train_time:297.612s step_avg:105.72ms
step:2816/3250 train_time:297.773s step_avg:105.74ms
step:2817/3250 train_time:297.936s step_avg:105.76ms
step:2818/3250 train_time:298.097s step_avg:105.78ms
step:2819/3250 train_time:298.259s step_avg:105.80ms
step:2820/3250 train_time:298.420s step_avg:105.82ms
step:2821/3250 train_time:298.582s step_avg:105.84ms
step:2822/3250 train_time:298.744s step_avg:105.86ms
step:2823/3250 train_time:298.905s step_avg:105.88ms
step:2824/3250 train_time:299.069s step_avg:105.90ms
step:2825/3250 train_time:299.230s step_avg:105.92ms
step:2826/3250 train_time:299.391s step_avg:105.94ms
step:2827/3250 train_time:299.553s step_avg:105.96ms
step:2828/3250 train_time:299.714s step_avg:105.98ms
step:2829/3250 train_time:299.875s step_avg:106.00ms
step:2830/3250 train_time:300.035s step_avg:106.02ms
step:2831/3250 train_time:300.198s step_avg:106.04ms
step:2832/3250 train_time:300.358s step_avg:106.06ms
step:2833/3250 train_time:300.519s step_avg:106.08ms
step:2834/3250 train_time:300.681s step_avg:106.10ms
step:2835/3250 train_time:300.842s step_avg:106.12ms
step:2836/3250 train_time:301.005s step_avg:106.14ms
step:2837/3250 train_time:301.167s step_avg:106.16ms
step:2838/3250 train_time:301.328s step_avg:106.18ms
step:2839/3250 train_time:301.490s step_avg:106.20ms
step:2840/3250 train_time:301.650s step_avg:106.21ms
step:2841/3250 train_time:301.812s step_avg:106.23ms
step:2842/3250 train_time:301.974s step_avg:106.25ms
step:2843/3250 train_time:302.135s step_avg:106.27ms
step:2844/3250 train_time:302.299s step_avg:106.29ms
step:2845/3250 train_time:302.459s step_avg:106.31ms
step:2846/3250 train_time:302.619s step_avg:106.33ms
step:2847/3250 train_time:302.781s step_avg:106.35ms
step:2848/3250 train_time:302.944s step_avg:106.37ms
step:2849/3250 train_time:303.106s step_avg:106.39ms
step:2850/3250 train_time:303.271s step_avg:106.41ms
step:2851/3250 train_time:303.482s step_avg:106.45ms
step:2852/3250 train_time:303.644s step_avg:106.47ms
step:2853/3250 train_time:303.806s step_avg:106.49ms
step:2854/3250 train_time:303.969s step_avg:106.51ms
step:2855/3250 train_time:304.132s step_avg:106.53ms
step:2856/3250 train_time:304.293s step_avg:106.55ms
step:2857/3250 train_time:304.454s step_avg:106.56ms
step:2858/3250 train_time:304.616s step_avg:106.58ms
step:2859/3250 train_time:304.776s step_avg:106.60ms
step:2860/3250 train_time:304.938s step_avg:106.62ms
step:2861/3250 train_time:305.100s step_avg:106.64ms
step:2862/3250 train_time:305.260s step_avg:106.66ms
step:2863/3250 train_time:305.420s step_avg:106.68ms
step:2864/3250 train_time:305.582s step_avg:106.70ms
step:2865/3250 train_time:305.744s step_avg:106.72ms
step:2866/3250 train_time:305.906s step_avg:106.74ms
step:2867/3250 train_time:306.067s step_avg:106.76ms
step:2868/3250 train_time:306.229s step_avg:106.77ms
step:2869/3250 train_time:306.390s step_avg:106.79ms
step:2870/3250 train_time:306.550s step_avg:106.81ms
step:2871/3250 train_time:306.714s step_avg:106.83ms
step:2872/3250 train_time:306.875s step_avg:106.85ms
step:2873/3250 train_time:307.035s step_avg:106.87ms
step:2874/3250 train_time:307.198s step_avg:106.89ms
step:2875/3250 train_time:307.358s step_avg:106.91ms
step:2875/3250 val_loss:3.31094 train_time:307.358s step_avg:162.11ms
step:2876/3250 train_time:307.523s step_avg:106.93ms
step:2877/3250 train_time:307.686s step_avg:106.95ms
step:2878/3250 train_time:307.847s step_avg:106.97ms
step:2879/3250 train_time:308.009s step_avg:106.98ms
step:2880/3250 train_time:308.170s step_avg:107.00ms
step:2881/3250 train_time:308.332s step_avg:107.02ms
step:2882/3250 train_time:308.496s step_avg:107.04ms
step:2883/3250 train_time:308.657s step_avg:107.06ms
step:2884/3250 train_time:308.819s step_avg:107.08ms
step:2885/3250 train_time:308.982s step_avg:107.10ms
step:2886/3250 train_time:309.143s step_avg:107.12ms
step:2887/3250 train_time:309.307s step_avg:107.14ms
step:2888/3250 train_time:309.467s step_avg:107.16ms
step:2889/3250 train_time:309.628s step_avg:107.17ms
step:2890/3250 train_time:309.789s step_avg:107.19ms
step:2891/3250 train_time:309.950s step_avg:107.21ms
step:2892/3250 train_time:310.113s step_avg:107.23ms
step:2893/3250 train_time:310.274s step_avg:107.25ms
step:2894/3250 train_time:310.434s step_avg:107.27ms
step:2895/3250 train_time:310.597s step_avg:107.29ms
step:2896/3250 train_time:310.759s step_avg:107.31ms
step:2897/3250 train_time:310.921s step_avg:107.33ms
step:2898/3250 train_time:311.082s step_avg:107.34ms
step:2899/3250 train_time:311.245s step_avg:107.36ms
step:2900/3250 train_time:311.407s step_avg:107.38ms
step:2900/3250 val_loss:3.30753 train_time:311.407s step_avg:161.94ms
step:2901/3250 train_time:311.574s step_avg:107.40ms
step:2902/3250 train_time:311.736s step_avg:107.42ms
step:2903/3250 train_time:311.898s step_avg:107.44ms
step:2904/3250 train_time:312.061s step_avg:107.46ms
step:2905/3250 train_time:312.222s step_avg:107.48ms
step:2906/3250 train_time:312.384s step_avg:107.50ms
step:2907/3250 train_time:312.547s step_avg:107.52ms
step:2908/3250 train_time:312.708s step_avg:107.53ms
step:2909/3250 train_time:312.871s step_avg:107.55ms
step:2910/3250 train_time:313.033s step_avg:107.57ms
step:2910/3250 val_loss:3.30593 train_time:313.033s step_avg:162.65ms
step:2911/3250 train_time:313.198s step_avg:107.59ms
step:2912/3250 train_time:313.359s step_avg:107.61ms
step:2913/3250 train_time:313.521s step_avg:107.63ms
step:2914/3250 train_time:313.683s step_avg:107.65ms
step:2915/3250 train_time:313.845s step_avg:107.67ms
step:2916/3250 train_time:314.008s step_avg:107.68ms
step:2917/3250 train_time:314.168s step_avg:107.70ms
step:2918/3250 train_time:314.330s step_avg:107.72ms
step:2919/3250 train_time:314.491s step_avg:107.74ms
step:2920/3250 train_time:314.654s step_avg:107.76ms
step:2920/3250 val_loss:3.30447 train_time:314.655s step_avg:162.14ms
step:2921/3250 train_time:314.821s step_avg:107.78ms
step:2922/3250 train_time:314.983s step_avg:107.80ms
step:2923/3250 train_time:315.146s step_avg:107.82ms
step:2924/3250 train_time:315.307s step_avg:107.83ms
step:2925/3250 train_time:315.469s step_avg:107.85ms
step:2925/3250 val_loss:3.30398 train_time:315.470s step_avg:162.98ms
step:2926/3250 train_time:315.635s step_avg:107.87ms
step:2927/3250 train_time:315.797s step_avg:107.89ms
step:2928/3250 train_time:315.959s step_avg:107.91ms
step:2929/3250 train_time:316.120s step_avg:107.93ms
step:2930/3250 train_time:316.283s step_avg:107.95ms
step:2930/3250 val_loss:3.30350 train_time:316.283s step_avg:162.74ms
step:2931/3250 train_time:316.449s step_avg:107.97ms
step:2932/3250 train_time:316.610s step_avg:107.98ms
step:2933/3250 train_time:316.776s step_avg:108.00ms
step:2934/3250 train_time:316.936s step_avg:108.02ms
step:2935/3250 train_time:317.100s step_avg:108.04ms
step:2936/3250 train_time:317.261s step_avg:108.06ms
step:2937/3250 train_time:317.423s step_avg:108.08ms
step:2938/3250 train_time:317.587s step_avg:108.10ms
step:2939/3250 train_time:317.749s step_avg:108.11ms
step:2940/3250 train_time:317.910s step_avg:108.13ms
step:2940/3250 val_loss:3.30219 train_time:317.910s step_avg:162.68ms
step:2941/3250 train_time:318.075s step_avg:108.15ms
step:2942/3250 train_time:318.236s step_avg:108.17ms
step:2943/3250 train_time:318.398s step_avg:108.19ms
step:2944/3250 train_time:318.559s step_avg:108.21ms
step:2945/3250 train_time:318.720s step_avg:108.22ms
step:2946/3250 train_time:318.883s step_avg:108.24ms
step:2947/3250 train_time:319.046s step_avg:108.26ms
step:2948/3250 train_time:319.208s step_avg:108.28ms
step:2949/3250 train_time:319.370s step_avg:108.30ms
step:2950/3250 train_time:319.534s step_avg:108.32ms
step:2950/3250 val_loss:3.30083 train_time:319.535s step_avg:162.43ms
step:2951/3250 train_time:319.701s step_avg:108.34ms
step:2952/3250 train_time:319.862s step_avg:108.35ms
step:2953/3250 train_time:320.025s step_avg:108.37ms
step:2954/3250 train_time:320.186s step_avg:108.39ms
step:2955/3250 train_time:320.350s step_avg:108.41ms
step:2956/3250 train_time:320.513s step_avg:108.43ms
step:2957/3250 train_time:320.676s step_avg:108.45ms
step:2958/3250 train_time:320.838s step_avg:108.46ms
step:2959/3250 train_time:321.001s step_avg:108.48ms
step:2960/3250 train_time:321.163s step_avg:108.50ms
step:2960/3250 val_loss:3.29950 train_time:321.163s step_avg:162.84ms
step:2961/3250 train_time:321.327s step_avg:108.52ms
step:2962/3250 train_time:321.487s step_avg:108.54ms
step:2963/3250 train_time:321.649s step_avg:108.56ms
step:2964/3250 train_time:321.810s step_avg:108.57ms
step:2965/3250 train_time:321.972s step_avg:108.59ms
step:2966/3250 train_time:322.134s step_avg:108.61ms
step:2967/3250 train_time:322.296s step_avg:108.63ms
step:2968/3250 train_time:322.459s step_avg:108.65ms
step:2969/3250 train_time:322.621s step_avg:108.66ms
step:2970/3250 train_time:322.783s step_avg:108.68ms
step:2970/3250 val_loss:3.29813 train_time:322.784s step_avg:162.08ms
step:2971/3250 train_time:322.949s step_avg:108.70ms
step:2972/3250 train_time:323.113s step_avg:108.72ms
step:2973/3250 train_time:323.274s step_avg:108.74ms
step:2974/3250 train_time:323.436s step_avg:108.75ms
step:2975/3250 train_time:323.598s step_avg:108.77ms
step:2975/3250 val_loss:3.29773 train_time:323.598s step_avg:162.94ms
step:2976/3250 train_time:323.765s step_avg:108.79ms
step:2977/3250 train_time:323.928s step_avg:108.81ms
step:2978/3250 train_time:324.090s step_avg:108.83ms
step:2979/3250 train_time:324.253s step_avg:108.85ms
step:2980/3250 train_time:324.415s step_avg:108.86ms
step:2980/3250 val_loss:3.29715 train_time:324.415s step_avg:163.31ms
step:2981/3250 train_time:324.582s step_avg:108.88ms
step:2982/3250 train_time:324.746s step_avg:108.90ms
step:2983/3250 train_time:324.907s step_avg:108.92ms
step:2984/3250 train_time:325.070s step_avg:108.94ms
step:2985/3250 train_time:325.232s step_avg:108.96ms
step:2986/3250 train_time:325.394s step_avg:108.97ms
step:2987/3250 train_time:325.555s step_avg:108.99ms
step:2988/3250 train_time:325.716s step_avg:109.01ms
step:2989/3250 train_time:325.878s step_avg:109.03ms
step:2990/3250 train_time:326.039s step_avg:109.04ms
step:2990/3250 val_loss:3.29615 train_time:326.040s step_avg:162.46ms
step:2991/3250 train_time:326.203s step_avg:109.06ms
step:2992/3250 train_time:326.366s step_avg:109.08ms
step:2993/3250 train_time:326.527s step_avg:109.10ms
step:2994/3250 train_time:326.688s step_avg:109.11ms
step:2995/3250 train_time:326.849s step_avg:109.13ms
step:2996/3250 train_time:327.011s step_avg:109.15ms
step:2997/3250 train_time:327.173s step_avg:109.17ms
step:2998/3250 train_time:327.334s step_avg:109.18ms
step:2999/3250 train_time:327.497s step_avg:109.20ms
step:3000/3250 train_time:327.661s step_avg:109.22ms
step:3000/3250 val_loss:3.29473 train_time:327.661s step_avg:162.12ms
step:3001/3250 train_time:327.828s step_avg:109.24ms
step:3002/3250 train_time:327.991s step_avg:109.26ms
step:3003/3250 train_time:328.152s step_avg:109.27ms
step:3004/3250 train_time:328.316s step_avg:109.29ms
step:3005/3250 train_time:328.477s step_avg:109.31ms
step:3006/3250 train_time:328.641s step_avg:109.33ms
step:3007/3250 train_time:328.802s step_avg:109.35ms
step:3008/3250 train_time:328.963s step_avg:109.36ms
step:3009/3250 train_time:329.124s step_avg:109.38ms
step:3010/3250 train_time:329.288s step_avg:109.40ms
step:3010/3250 val_loss:3.29334 train_time:329.289s step_avg:162.80ms
step:3011/3250 train_time:329.455s step_avg:109.42ms
step:3012/3250 train_time:329.619s step_avg:109.44ms
step:3013/3250 train_time:329.781s step_avg:109.45ms
step:3014/3250 train_time:329.943s step_avg:109.47ms
step:3015/3250 train_time:330.104s step_avg:109.49ms
step:3016/3250 train_time:330.266s step_avg:109.50ms
step:3017/3250 train_time:330.428s step_avg:109.52ms
step:3018/3250 train_time:330.590s step_avg:109.54ms
step:3019/3250 train_time:330.751s step_avg:109.56ms
step:3020/3250 train_time:330.913s step_avg:109.57ms
step:3020/3250 val_loss:3.29179 train_time:330.913s step_avg:162.41ms
step:3021/3250 train_time:331.076s step_avg:109.59ms
step:3022/3250 train_time:331.239s step_avg:109.61ms
step:3023/3250 train_time:331.401s step_avg:109.63ms
step:3024/3250 train_time:331.563s step_avg:109.64ms
step:3025/3250 train_time:331.723s step_avg:109.66ms
step:3025/3250 val_loss:3.29104 train_time:331.723s step_avg:162.11ms
step:3026/3250 train_time:331.887s step_avg:109.68ms
step:3027/3250 train_time:332.049s step_avg:109.70ms
step:3028/3250 train_time:332.210s step_avg:109.71ms
step:3029/3250 train_time:332.373s step_avg:109.73ms
step:3030/3250 train_time:332.535s step_avg:109.75ms
step:3030/3250 val_loss:3.29037 train_time:332.535s step_avg:162.40ms
step:3031/3250 train_time:332.699s step_avg:109.77ms
step:3032/3250 train_time:332.860s step_avg:109.78ms
step:3033/3250 train_time:333.021s step_avg:109.80ms
step:3034/3250 train_time:333.183s step_avg:109.82ms
step:3035/3250 train_time:333.345s step_avg:109.83ms
step:3036/3250 train_time:333.505s step_avg:109.85ms
step:3037/3250 train_time:333.667s step_avg:109.87ms
step:3038/3250 train_time:333.829s step_avg:109.88ms
step:3039/3250 train_time:333.990s step_avg:109.90ms
step:3040/3250 train_time:334.152s step_avg:109.92ms
step:3040/3250 val_loss:3.28914 train_time:334.152s step_avg:161.65ms
step:3041/3250 train_time:334.366s step_avg:109.95ms
step:3042/3250 train_time:334.528s step_avg:109.97ms
step:3043/3250 train_time:334.695s step_avg:109.99ms
step:3044/3250 train_time:334.857s step_avg:110.01ms
step:3045/3250 train_time:335.018s step_avg:110.02ms
step:3046/3250 train_time:335.180s step_avg:110.04ms
step:3047/3250 train_time:335.342s step_avg:110.06ms
step:3048/3250 train_time:335.503s step_avg:110.07ms
step:3049/3250 train_time:335.665s step_avg:110.09ms
step:3050/3250 train_time:335.825s step_avg:110.11ms
step:3050/3250 val_loss:3.28811 train_time:335.825s step_avg:167.28ms
step:3051/3250 train_time:335.989s step_avg:110.12ms
step:3052/3250 train_time:336.152s step_avg:110.14ms
step:3053/3250 train_time:336.314s step_avg:110.16ms
step:3054/3250 train_time:336.475s step_avg:110.18ms
step:3055/3250 train_time:336.636s step_avg:110.19ms
step:3056/3250 train_time:336.797s step_avg:110.21ms
step:3057/3250 train_time:336.959s step_avg:110.23ms
step:3058/3250 train_time:337.119s step_avg:110.24ms
step:3059/3250 train_time:337.281s step_avg:110.26ms
step:3060/3250 train_time:337.443s step_avg:110.28ms
step:3060/3250 val_loss:3.28729 train_time:337.443s step_avg:161.83ms
step:3061/3250 train_time:337.607s step_avg:110.29ms
step:3062/3250 train_time:337.769s step_avg:110.31ms
step:3063/3250 train_time:337.931s step_avg:110.33ms
step:3064/3250 train_time:338.091s step_avg:110.34ms
step:3065/3250 train_time:338.252s step_avg:110.36ms
step:3066/3250 train_time:338.414s step_avg:110.38ms
step:3067/3250 train_time:338.575s step_avg:110.39ms
step:3068/3250 train_time:338.736s step_avg:110.41ms
step:3069/3250 train_time:338.897s step_avg:110.43ms
step:3070/3250 train_time:339.059s step_avg:110.44ms
step:3070/3250 val_loss:3.28601 train_time:339.059s step_avg:161.59ms
step:3071/3250 train_time:339.223s step_avg:110.46ms
step:3072/3250 train_time:339.384s step_avg:110.48ms
step:3073/3250 train_time:339.545s step_avg:110.49ms
step:3074/3250 train_time:339.705s step_avg:110.51ms
step:3075/3250 train_time:339.869s step_avg:110.53ms
step:3075/3250 val_loss:3.28538 train_time:339.869s step_avg:162.01ms
step:3076/3250 train_time:340.037s step_avg:110.55ms
step:3077/3250 train_time:340.196s step_avg:110.56ms
step:3078/3250 train_time:340.359s step_avg:110.58ms
step:3079/3250 train_time:340.522s step_avg:110.59ms
step:3080/3250 train_time:340.685s step_avg:110.61ms
step:3080/3250 val_loss:3.28479 train_time:340.685s step_avg:163.12ms
step:3081/3250 train_time:340.852s step_avg:110.63ms
step:3082/3250 train_time:341.014s step_avg:110.65ms
step:3083/3250 train_time:341.177s step_avg:110.66ms
step:3084/3250 train_time:341.338s step_avg:110.68ms
step:3085/3250 train_time:341.499s step_avg:110.70ms
step:3086/3250 train_time:341.659s step_avg:110.71ms
step:3087/3250 train_time:341.821s step_avg:110.73ms
step:3088/3250 train_time:341.983s step_avg:110.75ms
step:3089/3250 train_time:342.144s step_avg:110.76ms
step:3090/3250 train_time:342.305s step_avg:110.78ms
step:3090/3250 val_loss:3.28384 train_time:342.305s step_avg:162.03ms
step:3091/3250 train_time:342.471s step_avg:110.80ms
step:3092/3250 train_time:342.632s step_avg:110.81ms
step:3093/3250 train_time:342.794s step_avg:110.83ms
step:3094/3250 train_time:342.955s step_avg:110.85ms
step:3095/3250 train_time:343.116s step_avg:110.86ms
step:3096/3250 train_time:343.277s step_avg:110.88ms
step:3097/3250 train_time:343.438s step_avg:110.89ms
step:3098/3250 train_time:343.598s step_avg:110.91ms
step:3099/3250 train_time:343.760s step_avg:110.93ms
step:3100/3250 train_time:343.922s step_avg:110.94ms
step:3100/3250 val_loss:3.28276 train_time:343.922s step_avg:161.69ms
step:3101/3250 train_time:344.087s step_avg:110.96ms
step:3102/3250 train_time:344.252s step_avg:110.98ms
step:3103/3250 train_time:344.415s step_avg:110.99ms
step:3104/3250 train_time:344.578s step_avg:111.01ms
step:3105/3250 train_time:344.741s step_avg:111.03ms
step:3106/3250 train_time:344.904s step_avg:111.04ms
step:3107/3250 train_time:345.065s step_avg:111.06ms
step:3108/3250 train_time:345.227s step_avg:111.08ms
step:3109/3250 train_time:345.389s step_avg:111.09ms
step:3110/3250 train_time:345.550s step_avg:111.11ms
step:3110/3250 val_loss:3.28184 train_time:345.550s step_avg:162.81ms
step:3111/3250 train_time:345.717s step_avg:111.13ms
step:3112/3250 train_time:345.879s step_avg:111.14ms
step:3113/3250 train_time:346.041s step_avg:111.16ms
step:3114/3250 train_time:346.202s step_avg:111.18ms
step:3115/3250 train_time:346.364s step_avg:111.19ms
step:3116/3250 train_time:346.523s step_avg:111.21ms
step:3117/3250 train_time:346.686s step_avg:111.22ms
step:3118/3250 train_time:346.847s step_avg:111.24ms
step:3119/3250 train_time:347.009s step_avg:111.26ms
step:3120/3250 train_time:347.172s step_avg:111.27ms
step:3120/3250 val_loss:3.28088 train_time:347.172s step_avg:162.18ms
step:3121/3250 train_time:347.339s step_avg:111.29ms
step:3122/3250 train_time:347.501s step_avg:111.31ms
step:3123/3250 train_time:347.662s step_avg:111.32ms
step:3124/3250 train_time:347.824s step_avg:111.34ms
step:3125/3250 train_time:347.987s step_avg:111.36ms
step:3125/3250 val_loss:3.28043 train_time:347.988s step_avg:163.21ms
step:3126/3250 train_time:348.157s step_avg:111.37ms
step:3127/3250 train_time:348.320s step_avg:111.39ms
step:3128/3250 train_time:348.481s step_avg:111.41ms
step:3129/3250 train_time:348.642s step_avg:111.42ms
step:3130/3250 train_time:348.803s step_avg:111.44ms
step:3130/3250 val_loss:3.27974 train_time:348.803s step_avg:163.08ms
step:3131/3250 train_time:348.970s step_avg:111.46ms
step:3132/3250 train_time:349.132s step_avg:111.47ms
step:3133/3250 train_time:349.294s step_avg:111.49ms
step:3134/3250 train_time:349.456s step_avg:111.50ms
step:3135/3250 train_time:349.618s step_avg:111.52ms
step:3136/3250 train_time:349.780s step_avg:111.54ms
step:3137/3250 train_time:349.941s step_avg:111.55ms
step:3138/3250 train_time:350.101s step_avg:111.57ms
step:3139/3250 train_time:350.264s step_avg:111.58ms
step:3140/3250 train_time:350.425s step_avg:111.60ms
step:3140/3250 val_loss:3.27884 train_time:350.425s step_avg:162.23ms
step:3141/3250 train_time:350.590s step_avg:111.62ms
step:3142/3250 train_time:350.752s step_avg:111.63ms
step:3143/3250 train_time:350.914s step_avg:111.65ms
step:3144/3250 train_time:351.077s step_avg:111.67ms
step:3145/3250 train_time:351.238s step_avg:111.68ms
step:3146/3250 train_time:351.398s step_avg:111.70ms
step:3147/3250 train_time:351.560s step_avg:111.71ms
step:3148/3250 train_time:351.722s step_avg:111.73ms
step:3149/3250 train_time:351.886s step_avg:111.75ms
step:3150/3250 train_time:352.048s step_avg:111.76ms
step:3150/3250 val_loss:3.27793 train_time:352.049s step_avg:162.30ms
step:3151/3250 train_time:352.213s step_avg:111.78ms
step:3152/3250 train_time:352.374s step_avg:111.79ms
step:3153/3250 train_time:352.536s step_avg:111.81ms
step:3154/3250 train_time:352.699s step_avg:111.83ms
step:3155/3250 train_time:352.861s step_avg:111.84ms
step:3156/3250 train_time:353.024s step_avg:111.86ms
step:3157/3250 train_time:353.187s step_avg:111.87ms
step:3158/3250 train_time:353.348s step_avg:111.89ms
step:3159/3250 train_time:353.512s step_avg:111.91ms
step:3160/3250 train_time:353.674s step_avg:111.92ms
step:3160/3250 val_loss:3.27711 train_time:353.674s step_avg:162.56ms
step:3161/3250 train_time:353.840s step_avg:111.94ms
step:3162/3250 train_time:354.000s step_avg:111.95ms
step:3163/3250 train_time:354.162s step_avg:111.97ms
step:3164/3250 train_time:354.325s step_avg:111.99ms
step:3165/3250 train_time:354.487s step_avg:112.00ms
step:3166/3250 train_time:354.650s step_avg:112.02ms
step:3167/3250 train_time:354.812s step_avg:112.03ms
step:3168/3250 train_time:354.974s step_avg:112.05ms
step:3169/3250 train_time:355.136s step_avg:112.07ms
step:3170/3250 train_time:355.297s step_avg:112.08ms
step:3170/3250 val_loss:3.27640 train_time:355.297s step_avg:162.28ms
step:3171/3250 train_time:355.462s step_avg:112.10ms
step:3172/3250 train_time:355.625s step_avg:112.11ms
step:3173/3250 train_time:355.787s step_avg:112.13ms
step:3174/3250 train_time:355.947s step_avg:112.14ms
step:3175/3250 train_time:356.109s step_avg:112.16ms
step:3175/3250 val_loss:3.27596 train_time:356.109s step_avg:162.45ms
step:3176/3250 train_time:356.275s step_avg:112.18ms
step:3177/3250 train_time:356.436s step_avg:112.19ms
step:3178/3250 train_time:356.598s step_avg:112.21ms
step:3179/3250 train_time:356.760s step_avg:112.22ms
step:3180/3250 train_time:356.922s step_avg:112.24ms
step:3180/3250 val_loss:3.27562 train_time:356.922s step_avg:162.54ms
step:3181/3250 train_time:357.086s step_avg:112.26ms
step:3182/3250 train_time:357.248s step_avg:112.27ms
step:3183/3250 train_time:357.410s step_avg:112.29ms
step:3184/3250 train_time:357.571s step_avg:112.30ms
step:3185/3250 train_time:357.732s step_avg:112.32ms
step:3186/3250 train_time:357.894s step_avg:112.33ms
step:3187/3250 train_time:358.056s step_avg:112.35ms
step:3188/3250 train_time:358.218s step_avg:112.36ms
step:3189/3250 train_time:358.381s step_avg:112.38ms
step:3190/3250 train_time:358.546s step_avg:112.40ms
step:3190/3250 val_loss:3.27488 train_time:358.548s step_avg:162.60ms
step:3191/3250 train_time:358.713s step_avg:112.41ms
step:3192/3250 train_time:358.875s step_avg:112.43ms
step:3193/3250 train_time:359.037s step_avg:112.44ms
step:3194/3250 train_time:359.199s step_avg:112.46ms
step:3195/3250 train_time:359.363s step_avg:112.48ms
step:3196/3250 train_time:359.523s step_avg:112.49ms
step:3197/3250 train_time:359.684s step_avg:112.51ms
step:3198/3250 train_time:359.846s step_avg:112.52ms
step:3199/3250 train_time:360.007s step_avg:112.54ms
step:3200/3250 train_time:360.170s step_avg:112.55ms
step:3200/3250 val_loss:3.27429 train_time:360.171s step_avg:162.29ms
step:3201/3250 train_time:360.336s step_avg:112.57ms
step:3202/3250 train_time:360.499s step_avg:112.59ms
step:3203/3250 train_time:360.660s step_avg:112.60ms
step:3204/3250 train_time:360.825s step_avg:112.62ms
step:3205/3250 train_time:360.987s step_avg:112.63ms
step:3206/3250 train_time:361.148s step_avg:112.65ms
step:3207/3250 train_time:361.308s step_avg:112.66ms
step:3208/3250 train_time:361.471s step_avg:112.68ms
step:3209/3250 train_time:361.632s step_avg:112.69ms
step:3210/3250 train_time:361.794s step_avg:112.71ms
step:3210/3250 val_loss:3.27373 train_time:361.794s step_avg:162.36ms
step:3211/3250 train_time:361.958s step_avg:112.72ms
step:3212/3250 train_time:362.119s step_avg:112.74ms
step:3213/3250 train_time:362.280s step_avg:112.75ms
step:3214/3250 train_time:362.440s step_avg:112.77ms
step:3215/3250 train_time:362.602s step_avg:112.78ms
step:3216/3250 train_time:362.762s step_avg:112.80ms
step:3217/3250 train_time:362.924s step_avg:112.81ms
step:3218/3250 train_time:363.085s step_avg:112.83ms
step:3219/3250 train_time:363.248s step_avg:112.84ms
step:3220/3250 train_time:363.410s step_avg:112.86ms
step:3220/3250 val_loss:3.27321 train_time:363.410s step_avg:161.61ms
step:3221/3250 train_time:363.575s step_avg:112.88ms
step:3222/3250 train_time:363.737s step_avg:112.89ms
step:3223/3250 train_time:363.899s step_avg:112.91ms
step:3224/3250 train_time:364.061s step_avg:112.92ms
step:3225/3250 train_time:364.223s step_avg:112.94ms
step:3225/3250 val_loss:3.27301 train_time:364.224s step_avg:162.66ms
step:3226/3250 train_time:364.390s step_avg:112.95ms
step:3227/3250 train_time:364.552s step_avg:112.97ms
step:3228/3250 train_time:364.712s step_avg:112.98ms
step:3229/3250 train_time:364.874s step_avg:113.00ms
step:3230/3250 train_time:365.034s step_avg:113.01ms
step:3230/3250 val_loss:3.27286 train_time:365.035s step_avg:162.19ms
step:3231/3250 train_time:365.246s step_avg:113.04ms
step:3232/3250 train_time:365.409s step_avg:113.06ms
step:3233/3250 train_time:365.570s step_avg:113.07ms
step:3234/3250 train_time:365.732s step_avg:113.09ms
step:3235/3250 train_time:365.893s step_avg:113.10ms
step:3236/3250 train_time:366.053s step_avg:113.12ms
step:3237/3250 train_time:366.215s step_avg:113.13ms
step:3238/3250 train_time:366.375s step_avg:113.15ms
step:3239/3250 train_time:366.537s step_avg:113.16ms
step:3240/3250 train_time:366.698s step_avg:113.18ms
step:3240/3250 val_loss:3.27261 train_time:366.699s step_avg:166.40ms
step:3241/3250 train_time:366.863s step_avg:113.19ms
step:3242/3250 train_time:367.024s step_avg:113.21ms
step:3243/3250 train_time:367.185s step_avg:113.22ms
step:3244/3250 train_time:367.345s step_avg:113.24ms
step:3245/3250 train_time:367.508s step_avg:113.25ms
step:3246/3250 train_time:367.669s step_avg:113.27ms
step:3247/3250 train_time:367.832s step_avg:113.28ms
step:3248/3250 train_time:367.993s step_avg:113.30ms
step:3249/3250 train_time:368.155s step_avg:113.31ms
step:3250/3250 train_time:368.318s step_avg:113.33ms
step:3250/3250 val_loss:3.27250 train_time:368.318s step_avg:161.94ms
ARM_EXIT=0 seed=1 arm=plann_pr357_kernel_control
