W0825 21:32:47.778000 10256 torch/distributed/run.py:852] 
W0825 21:32:47.778000 10256 torch/distributed/run.py:852] *****************************************
W0825 21:32:47.778000 10256 torch/distributed/run.py:852] Setting OMP_NUM_THREADS environment variable for each process to be 1 in default, to avoid your system being overloaded, please further tune the variable for optimal performance in your application as needed. 
W0825 21:32:47.778000 10256 torch/distributed/run.py:852] *****************************************
logs/230a8d48-705d-48eb-be2b-8da95dacbf2c.txt
step:0/3250 val_loss:10.82584 train_time:0.001s step_avg:nanms
step:1/3250 train_time:2.887s step_avg:2887.35ms
step:2/3250 train_time:3.023s step_avg:1511.68ms
step:3/3250 train_time:3.175s step_avg:1058.40ms
step:4/3250 train_time:3.327s step_avg:831.74ms
step:5/3250 train_time:3.479s step_avg:695.78ms
step:6/3250 train_time:3.632s step_avg:605.30ms
step:7/3250 train_time:3.784s step_avg:540.50ms
step:8/3250 train_time:3.939s step_avg:492.41ms
step:9/3250 train_time:4.093s step_avg:454.78ms
step:10/3250 train_time:4.245s step_avg:424.50ms
step:11/3250 train_time:4.399s step_avg:399.87ms
step:12/3250 train_time:4.551s step_avg:379.23ms
step:13/3250 train_time:4.703s step_avg:361.79ms
step:14/3250 train_time:4.856s step_avg:346.85ms
step:15/3250 train_time:5.009s step_avg:333.92ms
step:16/3250 train_time:5.162s step_avg:322.61ms
step:17/3250 train_time:5.318s step_avg:312.82ms
step:18/3250 train_time:5.470s step_avg:303.89ms
step:19/3250 train_time:5.623s step_avg:295.95ms
step:20/3250 train_time:5.778s step_avg:288.89ms
step:21/3250 train_time:5.932s step_avg:282.47ms
step:22/3250 train_time:6.085s step_avg:276.58ms
step:23/3250 train_time:6.239s step_avg:271.25ms
step:24/3250 train_time:6.392s step_avg:266.33ms
step:25/3250 train_time:6.544s step_avg:261.78ms
step:26/3250 train_time:6.699s step_avg:257.64ms
step:27/3250 train_time:6.851s step_avg:253.75ms
step:28/3250 train_time:7.004s step_avg:250.15ms
step:29/3250 train_time:7.159s step_avg:246.85ms
step:30/3250 train_time:7.314s step_avg:243.80ms
step:31/3250 train_time:7.466s step_avg:240.85ms
step:32/3250 train_time:7.620s step_avg:238.14ms
step:33/3250 train_time:7.774s step_avg:235.58ms
step:34/3250 train_time:7.927s step_avg:233.14ms
step:35/3250 train_time:8.080s step_avg:230.86ms
step:36/3250 train_time:8.236s step_avg:228.78ms
step:37/3250 train_time:8.390s step_avg:226.76ms
step:38/3250 train_time:8.543s step_avg:224.81ms
step:39/3250 train_time:8.698s step_avg:223.03ms
step:40/3250 train_time:8.851s step_avg:221.29ms
step:41/3250 train_time:9.004s step_avg:219.61ms
step:42/3250 train_time:9.158s step_avg:218.05ms
step:43/3250 train_time:9.312s step_avg:216.56ms
step:44/3250 train_time:9.465s step_avg:215.12ms
step:45/3250 train_time:9.619s step_avg:213.76ms
step:46/3250 train_time:9.774s step_avg:212.48ms
step:47/3250 train_time:9.927s step_avg:211.21ms
step:48/3250 train_time:10.080s step_avg:210.01ms
step:49/3250 train_time:10.234s step_avg:208.85ms
step:50/3250 train_time:10.387s step_avg:207.74ms
step:51/3250 train_time:10.541s step_avg:206.68ms
step:52/3250 train_time:10.695s step_avg:205.68ms
step:53/3250 train_time:10.848s step_avg:204.68ms
step:54/3250 train_time:11.002s step_avg:203.75ms
step:55/3250 train_time:11.156s step_avg:202.83ms
step:56/3250 train_time:11.310s step_avg:201.96ms
step:57/3250 train_time:11.463s step_avg:201.11ms
step:58/3250 train_time:11.619s step_avg:200.32ms
step:59/3250 train_time:11.771s step_avg:199.51ms
step:60/3250 train_time:11.927s step_avg:198.78ms
step:61/3250 train_time:12.082s step_avg:198.06ms
step:62/3250 train_time:12.238s step_avg:197.39ms
step:63/3250 train_time:12.392s step_avg:196.70ms
step:64/3250 train_time:12.544s step_avg:196.00ms
step:65/3250 train_time:12.699s step_avg:195.37ms
step:66/3250 train_time:12.853s step_avg:194.74ms
step:67/3250 train_time:13.006s step_avg:194.13ms
step:68/3250 train_time:13.160s step_avg:193.53ms
step:69/3250 train_time:13.317s step_avg:192.99ms
step:70/3250 train_time:13.470s step_avg:192.43ms
step:71/3250 train_time:13.624s step_avg:191.88ms
step:72/3250 train_time:13.777s step_avg:191.35ms
step:73/3250 train_time:13.932s step_avg:190.85ms
step:74/3250 train_time:14.084s step_avg:190.33ms
step:75/3250 train_time:14.239s step_avg:189.85ms
step:76/3250 train_time:14.393s step_avg:189.38ms
step:77/3250 train_time:14.545s step_avg:188.90ms
step:78/3250 train_time:14.700s step_avg:188.46ms
step:79/3250 train_time:14.853s step_avg:188.02ms
step:80/3250 train_time:15.007s step_avg:187.59ms
step:81/3250 train_time:15.161s step_avg:187.18ms
step:82/3250 train_time:15.318s step_avg:186.80ms
step:83/3250 train_time:15.472s step_avg:186.41ms
step:84/3250 train_time:15.627s step_avg:186.03ms
step:85/3250 train_time:15.782s step_avg:185.67ms
step:86/3250 train_time:15.937s step_avg:185.31ms
step:87/3250 train_time:16.091s step_avg:184.96ms
step:88/3250 train_time:16.244s step_avg:184.59ms
step:89/3250 train_time:16.398s step_avg:184.25ms
step:90/3250 train_time:16.553s step_avg:183.92ms
step:91/3250 train_time:16.706s step_avg:183.59ms
step:92/3250 train_time:16.860s step_avg:183.26ms
step:93/3250 train_time:17.016s step_avg:182.97ms
step:94/3250 train_time:17.168s step_avg:182.64ms
step:95/3250 train_time:17.326s step_avg:182.37ms
step:96/3250 train_time:17.480s step_avg:182.08ms
step:97/3250 train_time:17.635s step_avg:181.80ms
step:98/3250 train_time:17.788s step_avg:181.51ms
step:99/3250 train_time:17.942s step_avg:181.23ms
step:100/3250 train_time:18.098s step_avg:180.98ms
step:101/3250 train_time:18.251s step_avg:180.70ms
step:102/3250 train_time:18.405s step_avg:180.45ms
step:103/3250 train_time:18.560s step_avg:180.19ms
step:104/3250 train_time:18.712s step_avg:179.93ms
step:105/3250 train_time:18.865s step_avg:179.67ms
step:106/3250 train_time:19.019s step_avg:179.43ms
step:107/3250 train_time:19.173s step_avg:179.18ms
step:108/3250 train_time:19.325s step_avg:178.94ms
step:109/3250 train_time:19.480s step_avg:178.72ms
step:110/3250 train_time:19.635s step_avg:178.50ms
step:111/3250 train_time:19.788s step_avg:178.27ms
step:112/3250 train_time:19.941s step_avg:178.05ms
step:113/3250 train_time:20.097s step_avg:177.85ms
step:114/3250 train_time:20.249s step_avg:177.63ms
step:115/3250 train_time:20.404s step_avg:177.42ms
step:116/3250 train_time:20.557s step_avg:177.22ms
step:117/3250 train_time:20.711s step_avg:177.02ms
step:118/3250 train_time:20.863s step_avg:176.81ms
step:119/3250 train_time:21.017s step_avg:176.61ms
step:120/3250 train_time:21.173s step_avg:176.44ms
step:121/3250 train_time:21.327s step_avg:176.26ms
step:122/3250 train_time:21.482s step_avg:176.08ms
step:123/3250 train_time:21.637s step_avg:175.91ms
step:124/3250 train_time:21.790s step_avg:175.73ms
step:125/3250 train_time:21.943s step_avg:175.55ms
step:125/3250 val_loss:4.58935 train_time:21.955s step_avg:175.64ms
step:126/3250 train_time:22.099s step_avg:175.39ms
step:127/3250 train_time:22.255s step_avg:175.24ms
step:128/3250 train_time:22.408s step_avg:175.06ms
step:129/3250 train_time:22.560s step_avg:174.88ms
step:130/3250 train_time:22.714s step_avg:174.72ms
step:131/3250 train_time:22.867s step_avg:174.56ms
step:132/3250 train_time:23.022s step_avg:174.41ms
step:133/3250 train_time:23.176s step_avg:174.25ms
step:134/3250 train_time:23.331s step_avg:174.11ms
step:135/3250 train_time:23.482s step_avg:173.94ms
step:136/3250 train_time:23.636s step_avg:173.80ms
step:137/3250 train_time:23.790s step_avg:173.65ms
step:138/3250 train_time:23.943s step_avg:173.50ms
step:139/3250 train_time:24.099s step_avg:173.38ms
step:140/3250 train_time:24.255s step_avg:173.25ms
step:141/3250 train_time:24.409s step_avg:173.11ms
step:142/3250 train_time:24.562s step_avg:172.97ms
step:143/3250 train_time:24.715s step_avg:172.83ms
step:144/3250 train_time:24.868s step_avg:172.70ms
step:145/3250 train_time:25.021s step_avg:172.56ms
step:146/3250 train_time:25.174s step_avg:172.42ms
step:147/3250 train_time:25.328s step_avg:172.30ms
step:148/3250 train_time:25.481s step_avg:172.17ms
step:149/3250 train_time:25.635s step_avg:172.05ms
step:150/3250 train_time:25.789s step_avg:171.93ms
step:151/3250 train_time:25.942s step_avg:171.80ms
step:152/3250 train_time:26.097s step_avg:171.69ms
step:153/3250 train_time:26.251s step_avg:171.58ms
step:154/3250 train_time:26.404s step_avg:171.45ms
step:155/3250 train_time:26.558s step_avg:171.34ms
step:156/3250 train_time:26.712s step_avg:171.23ms
step:157/3250 train_time:26.865s step_avg:171.11ms
step:158/3250 train_time:27.018s step_avg:171.00ms
step:159/3250 train_time:27.172s step_avg:170.89ms
step:160/3250 train_time:27.325s step_avg:170.78ms
step:161/3250 train_time:27.478s step_avg:170.67ms
step:162/3250 train_time:27.635s step_avg:170.58ms
step:163/3250 train_time:27.789s step_avg:170.48ms
step:164/3250 train_time:27.942s step_avg:170.38ms
step:165/3250 train_time:28.095s step_avg:170.27ms
step:166/3250 train_time:28.249s step_avg:170.18ms
step:167/3250 train_time:28.402s step_avg:170.07ms
step:168/3250 train_time:28.555s step_avg:169.97ms
step:169/3250 train_time:28.709s step_avg:169.87ms
step:170/3250 train_time:28.862s step_avg:169.77ms
step:171/3250 train_time:29.016s step_avg:169.68ms
step:172/3250 train_time:29.169s step_avg:169.59ms
step:173/3250 train_time:29.322s step_avg:169.49ms
step:174/3250 train_time:29.476s step_avg:169.40ms
step:175/3250 train_time:29.631s step_avg:169.32ms
step:176/3250 train_time:29.783s step_avg:169.22ms
step:177/3250 train_time:29.939s step_avg:169.15ms
step:178/3250 train_time:30.093s step_avg:169.06ms
step:179/3250 train_time:30.246s step_avg:168.97ms
step:180/3250 train_time:30.400s step_avg:168.89ms
step:181/3250 train_time:30.554s step_avg:168.81ms
step:182/3250 train_time:30.708s step_avg:168.72ms
step:183/3250 train_time:30.860s step_avg:168.63ms
step:184/3250 train_time:31.014s step_avg:168.55ms
step:185/3250 train_time:31.167s step_avg:168.47ms
step:186/3250 train_time:31.320s step_avg:168.39ms
step:187/3250 train_time:31.474s step_avg:168.31ms
step:188/3250 train_time:31.628s step_avg:168.23ms
step:189/3250 train_time:31.780s step_avg:168.15ms
step:190/3250 train_time:31.934s step_avg:168.08ms
step:191/3250 train_time:32.240s step_avg:168.80ms
step:192/3250 train_time:32.393s step_avg:168.71ms
step:193/3250 train_time:32.546s step_avg:168.63ms
step:194/3250 train_time:32.699s step_avg:168.55ms
step:195/3250 train_time:32.853s step_avg:168.47ms
step:196/3250 train_time:33.005s step_avg:168.39ms
step:197/3250 train_time:33.159s step_avg:168.32ms
step:198/3250 train_time:33.313s step_avg:168.25ms
step:199/3250 train_time:33.465s step_avg:168.17ms
step:200/3250 train_time:33.619s step_avg:168.10ms
step:201/3250 train_time:33.773s step_avg:168.03ms
step:202/3250 train_time:33.927s step_avg:167.96ms
step:203/3250 train_time:34.079s step_avg:167.88ms
step:204/3250 train_time:34.234s step_avg:167.81ms
step:205/3250 train_time:34.386s step_avg:167.74ms
step:206/3250 train_time:34.539s step_avg:167.67ms
step:207/3250 train_time:34.693s step_avg:167.60ms
step:208/3250 train_time:34.846s step_avg:167.53ms
step:209/3250 train_time:34.999s step_avg:167.46ms
step:210/3250 train_time:35.153s step_avg:167.39ms
step:211/3250 train_time:35.306s step_avg:167.33ms
step:212/3250 train_time:35.458s step_avg:167.26ms
step:213/3250 train_time:35.612s step_avg:167.19ms
step:214/3250 train_time:35.764s step_avg:167.12ms
step:215/3250 train_time:35.917s step_avg:167.06ms
step:216/3250 train_time:36.071s step_avg:167.00ms
step:217/3250 train_time:36.224s step_avg:166.93ms
step:218/3250 train_time:36.377s step_avg:166.87ms
step:219/3250 train_time:36.532s step_avg:166.81ms
step:220/3250 train_time:36.685s step_avg:166.75ms
step:221/3250 train_time:36.838s step_avg:166.69ms
step:222/3250 train_time:36.993s step_avg:166.64ms
step:223/3250 train_time:37.148s step_avg:166.58ms
step:224/3250 train_time:37.299s step_avg:166.51ms
step:225/3250 train_time:37.453s step_avg:166.46ms
step:226/3250 train_time:37.607s step_avg:166.40ms
step:227/3250 train_time:37.760s step_avg:166.34ms
step:228/3250 train_time:37.913s step_avg:166.29ms
step:229/3250 train_time:38.065s step_avg:166.22ms
step:230/3250 train_time:38.218s step_avg:166.17ms
step:231/3250 train_time:38.371s step_avg:166.11ms
step:232/3250 train_time:38.524s step_avg:166.05ms
step:233/3250 train_time:38.678s step_avg:166.00ms
step:234/3250 train_time:38.831s step_avg:165.95ms
step:235/3250 train_time:38.983s step_avg:165.89ms
step:236/3250 train_time:39.138s step_avg:165.84ms
step:237/3250 train_time:39.292s step_avg:165.79ms
step:238/3250 train_time:39.444s step_avg:165.73ms
step:239/3250 train_time:39.597s step_avg:165.68ms
step:240/3250 train_time:39.753s step_avg:165.64ms
step:241/3250 train_time:39.905s step_avg:165.58ms
step:242/3250 train_time:40.058s step_avg:165.53ms
step:243/3250 train_time:40.212s step_avg:165.48ms
step:244/3250 train_time:40.364s step_avg:165.43ms
step:245/3250 train_time:40.517s step_avg:165.38ms
step:246/3250 train_time:40.671s step_avg:165.33ms
step:247/3250 train_time:40.823s step_avg:165.28ms
step:248/3250 train_time:40.977s step_avg:165.23ms
step:249/3250 train_time:41.130s step_avg:165.18ms
step:250/3250 train_time:41.282s step_avg:165.13ms
step:250/3250 val_loss:4.09551 train_time:41.294s step_avg:154.71ms
step:251/3250 train_time:41.438s step_avg:165.09ms
step:252/3250 train_time:41.592s step_avg:165.05ms
step:253/3250 train_time:41.745s step_avg:165.00ms
step:254/3250 train_time:41.898s step_avg:164.95ms
step:255/3250 train_time:42.052s step_avg:164.91ms
step:256/3250 train_time:42.205s step_avg:164.86ms
step:257/3250 train_time:42.359s step_avg:164.82ms
step:258/3250 train_time:42.513s step_avg:164.78ms
step:259/3250 train_time:42.666s step_avg:164.73ms
step:260/3250 train_time:42.818s step_avg:164.69ms
step:261/3250 train_time:42.973s step_avg:164.65ms
step:262/3250 train_time:43.125s step_avg:164.60ms
step:263/3250 train_time:43.278s step_avg:164.56ms
step:264/3250 train_time:43.433s step_avg:164.52ms
step:265/3250 train_time:43.585s step_avg:164.47ms
step:266/3250 train_time:43.738s step_avg:164.43ms
step:267/3250 train_time:43.891s step_avg:164.39ms
step:268/3250 train_time:44.044s step_avg:164.34ms
step:269/3250 train_time:44.197s step_avg:164.30ms
step:270/3250 train_time:44.352s step_avg:164.27ms
step:271/3250 train_time:44.504s step_avg:164.22ms
step:272/3250 train_time:44.658s step_avg:164.18ms
step:273/3250 train_time:44.812s step_avg:164.15ms
step:274/3250 train_time:44.965s step_avg:164.10ms
step:275/3250 train_time:45.119s step_avg:164.07ms
step:276/3250 train_time:45.274s step_avg:164.04ms
step:277/3250 train_time:45.427s step_avg:164.00ms
step:278/3250 train_time:45.579s step_avg:163.95ms
step:279/3250 train_time:45.736s step_avg:163.93ms
step:280/3250 train_time:45.889s step_avg:163.89ms
step:281/3250 train_time:46.042s step_avg:163.85ms
step:282/3250 train_time:46.195s step_avg:163.81ms
step:283/3250 train_time:46.348s step_avg:163.77ms
step:284/3250 train_time:46.500s step_avg:163.73ms
step:285/3250 train_time:46.654s step_avg:163.70ms
step:286/3250 train_time:46.806s step_avg:163.66ms
step:287/3250 train_time:46.959s step_avg:163.62ms
step:288/3250 train_time:47.112s step_avg:163.58ms
step:289/3250 train_time:47.265s step_avg:163.55ms
step:290/3250 train_time:47.418s step_avg:163.51ms
step:291/3250 train_time:47.572s step_avg:163.48ms
step:292/3250 train_time:47.725s step_avg:163.44ms
step:293/3250 train_time:47.878s step_avg:163.41ms
step:294/3250 train_time:48.033s step_avg:163.38ms
step:295/3250 train_time:48.185s step_avg:163.34ms
step:296/3250 train_time:48.339s step_avg:163.31ms
step:297/3250 train_time:48.492s step_avg:163.27ms
step:298/3250 train_time:48.646s step_avg:163.24ms
step:299/3250 train_time:48.798s step_avg:163.20ms
step:300/3250 train_time:48.953s step_avg:163.18ms
step:301/3250 train_time:49.105s step_avg:163.14ms
step:302/3250 train_time:49.259s step_avg:163.11ms
step:303/3250 train_time:49.412s step_avg:163.08ms
step:304/3250 train_time:49.564s step_avg:163.04ms
step:305/3250 train_time:49.717s step_avg:163.01ms
step:306/3250 train_time:49.871s step_avg:162.98ms
step:307/3250 train_time:50.023s step_avg:162.94ms
step:308/3250 train_time:50.176s step_avg:162.91ms
step:309/3250 train_time:50.330s step_avg:162.88ms
step:310/3250 train_time:50.482s step_avg:162.85ms
step:311/3250 train_time:50.635s step_avg:162.81ms
step:312/3250 train_time:50.788s step_avg:162.78ms
step:313/3250 train_time:50.941s step_avg:162.75ms
step:314/3250 train_time:51.094s step_avg:162.72ms
step:315/3250 train_time:51.248s step_avg:162.69ms
step:316/3250 train_time:51.400s step_avg:162.66ms
step:317/3250 train_time:51.554s step_avg:162.63ms
step:318/3250 train_time:51.706s step_avg:162.60ms
step:319/3250 train_time:51.859s step_avg:162.57ms
step:320/3250 train_time:52.012s step_avg:162.54ms
step:321/3250 train_time:52.165s step_avg:162.51ms
step:322/3250 train_time:52.321s step_avg:162.49ms
step:323/3250 train_time:52.476s step_avg:162.46ms
step:324/3250 train_time:52.629s step_avg:162.44ms
step:325/3250 train_time:52.781s step_avg:162.40ms
step:326/3250 train_time:52.935s step_avg:162.38ms
step:327/3250 train_time:53.087s step_avg:162.35ms
step:328/3250 train_time:53.240s step_avg:162.32ms
step:329/3250 train_time:53.393s step_avg:162.29ms
step:330/3250 train_time:53.545s step_avg:162.26ms
step:331/3250 train_time:53.698s step_avg:162.23ms
step:332/3250 train_time:53.852s step_avg:162.20ms
step:333/3250 train_time:54.004s step_avg:162.17ms
step:334/3250 train_time:54.158s step_avg:162.15ms
step:335/3250 train_time:54.312s step_avg:162.13ms
step:336/3250 train_time:54.465s step_avg:162.10ms
step:337/3250 train_time:54.619s step_avg:162.08ms
step:338/3250 train_time:54.774s step_avg:162.05ms
step:339/3250 train_time:54.927s step_avg:162.03ms
step:340/3250 train_time:55.080s step_avg:162.00ms
step:341/3250 train_time:55.234s step_avg:161.98ms
step:342/3250 train_time:55.387s step_avg:161.95ms
step:343/3250 train_time:55.539s step_avg:161.92ms
step:344/3250 train_time:55.694s step_avg:161.90ms
step:345/3250 train_time:55.847s step_avg:161.88ms
step:346/3250 train_time:55.999s step_avg:161.85ms
step:347/3250 train_time:56.153s step_avg:161.82ms
step:348/3250 train_time:56.305s step_avg:161.80ms
step:349/3250 train_time:56.460s step_avg:161.78ms
step:350/3250 train_time:56.613s step_avg:161.75ms
step:351/3250 train_time:56.766s step_avg:161.73ms
step:352/3250 train_time:56.919s step_avg:161.70ms
step:353/3250 train_time:57.074s step_avg:161.68ms
step:354/3250 train_time:57.227s step_avg:161.66ms
step:355/3250 train_time:57.380s step_avg:161.63ms
step:356/3250 train_time:57.534s step_avg:161.61ms
step:357/3250 train_time:57.687s step_avg:161.59ms
step:358/3250 train_time:57.839s step_avg:161.56ms
step:359/3250 train_time:57.992s step_avg:161.54ms
step:360/3250 train_time:58.146s step_avg:161.52ms
step:361/3250 train_time:58.298s step_avg:161.49ms
step:362/3250 train_time:58.453s step_avg:161.47ms
step:363/3250 train_time:58.605s step_avg:161.45ms
step:364/3250 train_time:58.760s step_avg:161.43ms
step:365/3250 train_time:58.912s step_avg:161.40ms
step:366/3250 train_time:59.065s step_avg:161.38ms
step:367/3250 train_time:59.217s step_avg:161.35ms
step:368/3250 train_time:59.371s step_avg:161.33ms
step:369/3250 train_time:59.523s step_avg:161.31ms
step:370/3250 train_time:59.676s step_avg:161.29ms
step:371/3250 train_time:59.829s step_avg:161.26ms
step:372/3250 train_time:59.981s step_avg:161.24ms
step:373/3250 train_time:60.135s step_avg:161.22ms
step:374/3250 train_time:60.287s step_avg:161.20ms
step:375/3250 train_time:60.440s step_avg:161.17ms
step:375/3250 val_loss:3.92236 train_time:60.452s step_avg:153.26ms
step:376/3250 train_time:60.596s step_avg:161.16ms
step:377/3250 train_time:60.750s step_avg:161.14ms
step:378/3250 train_time:60.902s step_avg:161.12ms
step:379/3250 train_time:61.055s step_avg:161.10ms
step:380/3250 train_time:61.208s step_avg:161.07ms
step:381/3250 train_time:61.411s step_avg:161.18ms
step:382/3250 train_time:61.563s step_avg:161.16ms
step:383/3250 train_time:61.716s step_avg:161.14ms
step:384/3250 train_time:61.870s step_avg:161.12ms
step:385/3250 train_time:62.022s step_avg:161.10ms
step:386/3250 train_time:62.175s step_avg:161.08ms
step:387/3250 train_time:62.329s step_avg:161.06ms
step:388/3250 train_time:62.482s step_avg:161.04ms
step:389/3250 train_time:62.635s step_avg:161.01ms
step:390/3250 train_time:62.788s step_avg:161.00ms
step:391/3250 train_time:62.940s step_avg:160.97ms
step:392/3250 train_time:63.094s step_avg:160.95ms
step:393/3250 train_time:63.248s step_avg:160.94ms
step:394/3250 train_time:63.400s step_avg:160.91ms
step:395/3250 train_time:63.554s step_avg:160.90ms
step:396/3250 train_time:63.706s step_avg:160.87ms
step:397/3250 train_time:63.861s step_avg:160.86ms
step:398/3250 train_time:64.015s step_avg:160.84ms
step:399/3250 train_time:64.169s step_avg:160.82ms
step:400/3250 train_time:64.321s step_avg:160.80ms
step:401/3250 train_time:64.474s step_avg:160.78ms
step:402/3250 train_time:64.626s step_avg:160.76ms
step:403/3250 train_time:64.779s step_avg:160.74ms
step:404/3250 train_time:64.933s step_avg:160.73ms
step:405/3250 train_time:65.087s step_avg:160.71ms
step:406/3250 train_time:65.239s step_avg:160.69ms
step:407/3250 train_time:65.393s step_avg:160.67ms
step:408/3250 train_time:65.547s step_avg:160.65ms
step:409/3250 train_time:65.700s step_avg:160.63ms
step:410/3250 train_time:65.854s step_avg:160.62ms
step:411/3250 train_time:66.007s step_avg:160.60ms
step:412/3250 train_time:66.160s step_avg:160.58ms
step:413/3250 train_time:66.313s step_avg:160.56ms
step:414/3250 train_time:66.466s step_avg:160.55ms
step:415/3250 train_time:66.618s step_avg:160.53ms
step:416/3250 train_time:66.772s step_avg:160.51ms
step:417/3250 train_time:66.925s step_avg:160.49ms
step:418/3250 train_time:67.078s step_avg:160.47ms
step:419/3250 train_time:67.232s step_avg:160.46ms
step:420/3250 train_time:67.385s step_avg:160.44ms
step:421/3250 train_time:67.538s step_avg:160.42ms
step:422/3250 train_time:67.692s step_avg:160.41ms
step:423/3250 train_time:67.844s step_avg:160.39ms
step:424/3250 train_time:67.999s step_avg:160.38ms
step:425/3250 train_time:68.154s step_avg:160.36ms
step:426/3250 train_time:68.307s step_avg:160.34ms
step:427/3250 train_time:68.460s step_avg:160.33ms
step:428/3250 train_time:68.613s step_avg:160.31ms
step:429/3250 train_time:68.766s step_avg:160.29ms
step:430/3250 train_time:68.918s step_avg:160.28ms
step:431/3250 train_time:69.073s step_avg:160.26ms
step:432/3250 train_time:69.225s step_avg:160.24ms
step:433/3250 train_time:69.379s step_avg:160.23ms
step:434/3250 train_time:69.533s step_avg:160.21ms
step:435/3250 train_time:69.685s step_avg:160.20ms
step:436/3250 train_time:69.839s step_avg:160.18ms
step:437/3250 train_time:69.993s step_avg:160.17ms
step:438/3250 train_time:70.145s step_avg:160.15ms
step:439/3250 train_time:70.299s step_avg:160.13ms
step:440/3250 train_time:70.453s step_avg:160.12ms
step:441/3250 train_time:70.605s step_avg:160.10ms
step:442/3250 train_time:70.759s step_avg:160.09ms
step:443/3250 train_time:70.912s step_avg:160.07ms
step:444/3250 train_time:71.065s step_avg:160.06ms
step:445/3250 train_time:71.218s step_avg:160.04ms
step:446/3250 train_time:71.372s step_avg:160.03ms
step:447/3250 train_time:71.524s step_avg:160.01ms
step:448/3250 train_time:71.679s step_avg:160.00ms
step:449/3250 train_time:71.831s step_avg:159.98ms
step:450/3250 train_time:71.984s step_avg:159.97ms
step:451/3250 train_time:72.139s step_avg:159.95ms
step:452/3250 train_time:72.295s step_avg:159.94ms
step:453/3250 train_time:72.449s step_avg:159.93ms
step:454/3250 train_time:72.601s step_avg:159.91ms
step:455/3250 train_time:72.755s step_avg:159.90ms
step:456/3250 train_time:72.906s step_avg:159.88ms
step:457/3250 train_time:73.059s step_avg:159.87ms
step:458/3250 train_time:73.212s step_avg:159.85ms
step:459/3250 train_time:73.365s step_avg:159.84ms
step:460/3250 train_time:73.517s step_avg:159.82ms
step:461/3250 train_time:73.672s step_avg:159.81ms
step:462/3250 train_time:73.824s step_avg:159.79ms
step:463/3250 train_time:73.977s step_avg:159.78ms
step:464/3250 train_time:74.130s step_avg:159.76ms
step:465/3250 train_time:74.282s step_avg:159.75ms
step:466/3250 train_time:74.435s step_avg:159.73ms
step:467/3250 train_time:74.591s step_avg:159.72ms
step:468/3250 train_time:74.743s step_avg:159.71ms
step:469/3250 train_time:74.896s step_avg:159.69ms
step:470/3250 train_time:75.050s step_avg:159.68ms
step:471/3250 train_time:75.202s step_avg:159.66ms
step:472/3250 train_time:75.355s step_avg:159.65ms
step:473/3250 train_time:75.507s step_avg:159.64ms
step:474/3250 train_time:75.661s step_avg:159.62ms
step:475/3250 train_time:75.814s step_avg:159.61ms
step:476/3250 train_time:75.967s step_avg:159.60ms
step:477/3250 train_time:76.119s step_avg:159.58ms
step:478/3250 train_time:76.276s step_avg:159.57ms
step:479/3250 train_time:76.428s step_avg:159.56ms
step:480/3250 train_time:76.580s step_avg:159.54ms
step:481/3250 train_time:76.732s step_avg:159.53ms
step:482/3250 train_time:76.885s step_avg:159.51ms
step:483/3250 train_time:77.038s step_avg:159.50ms
step:484/3250 train_time:77.194s step_avg:159.49ms
step:485/3250 train_time:77.346s step_avg:159.48ms
step:486/3250 train_time:77.499s step_avg:159.46ms
step:487/3250 train_time:77.653s step_avg:159.45ms
step:488/3250 train_time:77.804s step_avg:159.43ms
step:489/3250 train_time:77.959s step_avg:159.42ms
step:490/3250 train_time:78.112s step_avg:159.41ms
step:491/3250 train_time:78.265s step_avg:159.40ms
step:492/3250 train_time:78.419s step_avg:159.39ms
step:493/3250 train_time:78.575s step_avg:159.38ms
step:494/3250 train_time:78.728s step_avg:159.37ms
step:495/3250 train_time:78.880s step_avg:159.35ms
step:496/3250 train_time:79.033s step_avg:159.34ms
step:497/3250 train_time:79.185s step_avg:159.33ms
step:498/3250 train_time:79.338s step_avg:159.31ms
step:499/3250 train_time:79.494s step_avg:159.31ms
step:500/3250 train_time:79.648s step_avg:159.30ms
step:500/3250 val_loss:3.82655 train_time:79.660s step_avg:153.67ms
step:501/3250 train_time:79.805s step_avg:159.29ms
step:502/3250 train_time:79.958s step_avg:159.28ms
step:503/3250 train_time:80.112s step_avg:159.27ms
step:504/3250 train_time:80.263s step_avg:159.25ms
step:505/3250 train_time:80.416s step_avg:159.24ms
step:506/3250 train_time:80.570s step_avg:159.23ms
step:507/3250 train_time:80.721s step_avg:159.21ms
step:508/3250 train_time:80.875s step_avg:159.20ms
step:509/3250 train_time:81.028s step_avg:159.19ms
step:510/3250 train_time:81.180s step_avg:159.18ms
step:511/3250 train_time:81.333s step_avg:159.17ms
step:512/3250 train_time:81.488s step_avg:159.16ms
step:513/3250 train_time:81.640s step_avg:159.14ms
step:514/3250 train_time:81.793s step_avg:159.13ms
step:515/3250 train_time:81.946s step_avg:159.12ms
step:516/3250 train_time:82.098s step_avg:159.10ms
step:517/3250 train_time:82.251s step_avg:159.09ms
step:518/3250 train_time:82.403s step_avg:159.08ms
step:519/3250 train_time:82.556s step_avg:159.07ms
step:520/3250 train_time:82.712s step_avg:159.06ms
step:521/3250 train_time:82.864s step_avg:159.05ms
step:522/3250 train_time:83.017s step_avg:159.04ms
step:523/3250 train_time:83.169s step_avg:159.02ms
step:524/3250 train_time:83.321s step_avg:159.01ms
step:525/3250 train_time:83.475s step_avg:159.00ms
step:526/3250 train_time:83.627s step_avg:158.99ms
step:527/3250 train_time:83.779s step_avg:158.97ms
step:528/3250 train_time:83.933s step_avg:158.96ms
step:529/3250 train_time:84.086s step_avg:158.95ms
step:530/3250 train_time:84.239s step_avg:158.94ms
step:531/3250 train_time:84.393s step_avg:158.93ms
step:532/3250 train_time:84.546s step_avg:158.92ms
step:533/3250 train_time:84.699s step_avg:158.91ms
step:534/3250 train_time:84.851s step_avg:158.90ms
step:535/3250 train_time:85.004s step_avg:158.89ms
step:536/3250 train_time:85.157s step_avg:158.88ms
step:537/3250 train_time:85.314s step_avg:158.87ms
step:538/3250 train_time:85.467s step_avg:158.86ms
step:539/3250 train_time:85.620s step_avg:158.85ms
step:540/3250 train_time:85.773s step_avg:158.84ms
step:541/3250 train_time:85.926s step_avg:158.83ms
step:542/3250 train_time:86.078s step_avg:158.82ms
step:543/3250 train_time:86.231s step_avg:158.80ms
step:544/3250 train_time:86.383s step_avg:158.79ms
step:545/3250 train_time:86.536s step_avg:158.78ms
step:546/3250 train_time:86.693s step_avg:158.78ms
step:547/3250 train_time:86.846s step_avg:158.77ms
step:548/3250 train_time:86.998s step_avg:158.76ms
step:549/3250 train_time:87.152s step_avg:158.75ms
step:550/3250 train_time:87.304s step_avg:158.73ms
step:551/3250 train_time:87.456s step_avg:158.72ms
step:552/3250 train_time:87.613s step_avg:158.72ms
step:553/3250 train_time:87.767s step_avg:158.71ms
step:554/3250 train_time:87.919s step_avg:158.70ms
step:555/3250 train_time:88.072s step_avg:158.69ms
step:556/3250 train_time:88.224s step_avg:158.68ms
step:557/3250 train_time:88.379s step_avg:158.67ms
step:558/3250 train_time:88.532s step_avg:158.66ms
step:559/3250 train_time:88.685s step_avg:158.65ms
step:560/3250 train_time:88.838s step_avg:158.64ms
step:561/3250 train_time:88.992s step_avg:158.63ms
step:562/3250 train_time:89.144s step_avg:158.62ms
step:563/3250 train_time:89.297s step_avg:158.61ms
step:564/3250 train_time:89.452s step_avg:158.60ms
step:565/3250 train_time:89.605s step_avg:158.59ms
step:566/3250 train_time:89.758s step_avg:158.58ms
step:567/3250 train_time:89.913s step_avg:158.58ms
step:568/3250 train_time:90.066s step_avg:158.57ms
step:569/3250 train_time:90.219s step_avg:158.56ms
step:570/3250 train_time:90.373s step_avg:158.55ms
step:571/3250 train_time:90.573s step_avg:158.62ms
step:572/3250 train_time:90.725s step_avg:158.61ms
step:573/3250 train_time:90.878s step_avg:158.60ms
step:574/3250 train_time:91.031s step_avg:158.59ms
step:575/3250 train_time:91.183s step_avg:158.58ms
step:576/3250 train_time:91.336s step_avg:158.57ms
step:577/3250 train_time:91.491s step_avg:158.56ms
step:578/3250 train_time:91.643s step_avg:158.55ms
step:579/3250 train_time:91.798s step_avg:158.55ms
step:580/3250 train_time:91.951s step_avg:158.54ms
step:581/3250 train_time:92.103s step_avg:158.52ms
step:582/3250 train_time:92.256s step_avg:158.51ms
step:583/3250 train_time:92.409s step_avg:158.51ms
step:584/3250 train_time:92.562s step_avg:158.50ms
step:585/3250 train_time:92.716s step_avg:158.49ms
step:586/3250 train_time:92.869s step_avg:158.48ms
step:587/3250 train_time:93.021s step_avg:158.47ms
step:588/3250 train_time:93.175s step_avg:158.46ms
step:589/3250 train_time:93.327s step_avg:158.45ms
step:590/3250 train_time:93.479s step_avg:158.44ms
step:591/3250 train_time:93.631s step_avg:158.43ms
step:592/3250 train_time:93.784s step_avg:158.42ms
step:593/3250 train_time:93.936s step_avg:158.41ms
step:594/3250 train_time:94.089s step_avg:158.40ms
step:595/3250 train_time:94.242s step_avg:158.39ms
step:596/3250 train_time:94.397s step_avg:158.38ms
step:597/3250 train_time:94.551s step_avg:158.38ms
step:598/3250 train_time:94.704s step_avg:158.37ms
step:599/3250 train_time:94.858s step_avg:158.36ms
step:600/3250 train_time:95.011s step_avg:158.35ms
step:601/3250 train_time:95.163s step_avg:158.34ms
step:602/3250 train_time:95.316s step_avg:158.33ms
step:603/3250 train_time:95.471s step_avg:158.33ms
step:604/3250 train_time:95.623s step_avg:158.32ms
step:605/3250 train_time:95.776s step_avg:158.31ms
step:606/3250 train_time:95.929s step_avg:158.30ms
step:607/3250 train_time:96.081s step_avg:158.29ms
step:608/3250 train_time:96.234s step_avg:158.28ms
step:609/3250 train_time:96.388s step_avg:158.27ms
step:610/3250 train_time:96.540s step_avg:158.26ms
step:611/3250 train_time:96.694s step_avg:158.25ms
step:612/3250 train_time:96.847s step_avg:158.25ms
step:613/3250 train_time:96.999s step_avg:158.24ms
step:614/3250 train_time:97.153s step_avg:158.23ms
step:615/3250 train_time:97.304s step_avg:158.22ms
step:616/3250 train_time:97.458s step_avg:158.21ms
step:617/3250 train_time:97.613s step_avg:158.21ms
step:618/3250 train_time:97.766s step_avg:158.20ms
step:619/3250 train_time:97.919s step_avg:158.19ms
step:620/3250 train_time:98.073s step_avg:158.18ms
step:621/3250 train_time:98.226s step_avg:158.17ms
step:622/3250 train_time:98.378s step_avg:158.16ms
step:623/3250 train_time:98.531s step_avg:158.16ms
step:624/3250 train_time:98.684s step_avg:158.15ms
step:625/3250 train_time:98.836s step_avg:158.14ms
step:625/3250 val_loss:3.75982 train_time:98.848s step_avg:153.51ms
step:626/3250 train_time:98.993s step_avg:158.14ms
step:627/3250 train_time:99.146s step_avg:158.13ms
step:628/3250 train_time:99.298s step_avg:158.12ms
step:629/3250 train_time:99.451s step_avg:158.11ms
step:630/3250 train_time:99.604s step_avg:158.10ms
step:631/3250 train_time:99.756s step_avg:158.09ms
step:632/3250 train_time:99.909s step_avg:158.08ms
step:633/3250 train_time:100.061s step_avg:158.07ms
step:634/3250 train_time:100.214s step_avg:158.07ms
step:635/3250 train_time:100.367s step_avg:158.06ms
step:636/3250 train_time:100.519s step_avg:158.05ms
step:637/3250 train_time:100.673s step_avg:158.04ms
step:638/3250 train_time:100.827s step_avg:158.04ms
step:639/3250 train_time:100.978s step_avg:158.03ms
step:640/3250 train_time:101.132s step_avg:158.02ms
step:641/3250 train_time:101.286s step_avg:158.01ms
step:642/3250 train_time:101.438s step_avg:158.00ms
step:643/3250 train_time:101.592s step_avg:158.00ms
step:644/3250 train_time:101.744s step_avg:157.99ms
step:645/3250 train_time:101.897s step_avg:157.98ms
step:646/3250 train_time:102.049s step_avg:157.97ms
step:647/3250 train_time:102.201s step_avg:157.96ms
step:648/3250 train_time:102.356s step_avg:157.96ms
step:649/3250 train_time:102.510s step_avg:157.95ms
step:650/3250 train_time:102.662s step_avg:157.94ms
step:651/3250 train_time:102.816s step_avg:157.94ms
step:652/3250 train_time:102.969s step_avg:157.93ms
step:653/3250 train_time:103.121s step_avg:157.92ms
step:654/3250 train_time:103.275s step_avg:157.91ms
step:655/3250 train_time:103.429s step_avg:157.91ms
step:656/3250 train_time:103.581s step_avg:157.90ms
step:657/3250 train_time:103.735s step_avg:157.89ms
step:658/3250 train_time:103.888s step_avg:157.88ms
step:659/3250 train_time:104.041s step_avg:157.88ms
step:660/3250 train_time:104.194s step_avg:157.87ms
step:661/3250 train_time:104.348s step_avg:157.86ms
step:662/3250 train_time:104.500s step_avg:157.86ms
step:663/3250 train_time:104.653s step_avg:157.85ms
step:664/3250 train_time:104.807s step_avg:157.84ms
step:665/3250 train_time:104.959s step_avg:157.83ms
step:666/3250 train_time:105.112s step_avg:157.83ms
step:667/3250 train_time:105.265s step_avg:157.82ms
step:668/3250 train_time:105.418s step_avg:157.81ms
step:669/3250 train_time:105.571s step_avg:157.80ms
step:670/3250 train_time:105.725s step_avg:157.80ms
step:671/3250 train_time:105.877s step_avg:157.79ms
step:672/3250 train_time:106.031s step_avg:157.78ms
step:673/3250 train_time:106.184s step_avg:157.78ms
step:674/3250 train_time:106.336s step_avg:157.77ms
step:675/3250 train_time:106.491s step_avg:157.76ms
step:676/3250 train_time:106.643s step_avg:157.76ms
step:677/3250 train_time:106.796s step_avg:157.75ms
step:678/3250 train_time:106.951s step_avg:157.74ms
step:679/3250 train_time:107.102s step_avg:157.74ms
step:680/3250 train_time:107.256s step_avg:157.73ms
step:681/3250 train_time:107.411s step_avg:157.73ms
step:682/3250 train_time:107.564s step_avg:157.72ms
step:683/3250 train_time:107.716s step_avg:157.71ms
step:684/3250 train_time:107.869s step_avg:157.70ms
step:685/3250 train_time:108.022s step_avg:157.70ms
step:686/3250 train_time:108.176s step_avg:157.69ms
step:687/3250 train_time:108.332s step_avg:157.69ms
step:688/3250 train_time:108.486s step_avg:157.68ms
step:689/3250 train_time:108.639s step_avg:157.68ms
step:690/3250 train_time:108.791s step_avg:157.67ms
step:691/3250 train_time:108.943s step_avg:157.66ms
step:692/3250 train_time:109.096s step_avg:157.65ms
step:693/3250 train_time:109.250s step_avg:157.65ms
step:694/3250 train_time:109.402s step_avg:157.64ms
step:695/3250 train_time:109.556s step_avg:157.63ms
step:696/3250 train_time:109.711s step_avg:157.63ms
step:697/3250 train_time:109.863s step_avg:157.62ms
step:698/3250 train_time:110.016s step_avg:157.62ms
step:699/3250 train_time:110.169s step_avg:157.61ms
step:700/3250 train_time:110.322s step_avg:157.60ms
step:701/3250 train_time:110.476s step_avg:157.60ms
step:702/3250 train_time:110.631s step_avg:157.59ms
step:703/3250 train_time:110.784s step_avg:157.59ms
step:704/3250 train_time:110.936s step_avg:157.58ms
step:705/3250 train_time:111.091s step_avg:157.58ms
step:706/3250 train_time:111.243s step_avg:157.57ms
step:707/3250 train_time:111.396s step_avg:157.56ms
step:708/3250 train_time:111.550s step_avg:157.56ms
step:709/3250 train_time:111.702s step_avg:157.55ms
step:710/3250 train_time:111.855s step_avg:157.54ms
step:711/3250 train_time:112.010s step_avg:157.54ms
step:712/3250 train_time:112.162s step_avg:157.53ms
step:713/3250 train_time:112.318s step_avg:157.53ms
step:714/3250 train_time:112.472s step_avg:157.52ms
step:715/3250 train_time:112.625s step_avg:157.52ms
step:716/3250 train_time:112.778s step_avg:157.51ms
step:717/3250 train_time:112.932s step_avg:157.51ms
step:718/3250 train_time:113.085s step_avg:157.50ms
step:719/3250 train_time:113.237s step_avg:157.49ms
step:720/3250 train_time:113.391s step_avg:157.49ms
step:721/3250 train_time:113.544s step_avg:157.48ms
step:722/3250 train_time:113.697s step_avg:157.48ms
step:723/3250 train_time:113.850s step_avg:157.47ms
step:724/3250 train_time:114.003s step_avg:157.46ms
step:725/3250 train_time:114.156s step_avg:157.46ms
step:726/3250 train_time:114.311s step_avg:157.45ms
step:727/3250 train_time:114.462s step_avg:157.44ms
step:728/3250 train_time:114.619s step_avg:157.44ms
step:729/3250 train_time:114.771s step_avg:157.44ms
step:730/3250 train_time:114.926s step_avg:157.43ms
step:731/3250 train_time:115.078s step_avg:157.43ms
step:732/3250 train_time:115.231s step_avg:157.42ms
step:733/3250 train_time:115.384s step_avg:157.41ms
step:734/3250 train_time:115.537s step_avg:157.41ms
step:735/3250 train_time:115.691s step_avg:157.40ms
step:736/3250 train_time:115.843s step_avg:157.40ms
step:737/3250 train_time:115.997s step_avg:157.39ms
step:738/3250 train_time:116.150s step_avg:157.38ms
step:739/3250 train_time:116.302s step_avg:157.38ms
step:740/3250 train_time:116.455s step_avg:157.37ms
step:741/3250 train_time:116.610s step_avg:157.37ms
step:742/3250 train_time:116.762s step_avg:157.36ms
step:743/3250 train_time:116.916s step_avg:157.36ms
step:744/3250 train_time:117.070s step_avg:157.35ms
step:745/3250 train_time:117.223s step_avg:157.35ms
step:746/3250 train_time:117.376s step_avg:157.34ms
step:747/3250 train_time:117.531s step_avg:157.34ms
step:748/3250 train_time:117.682s step_avg:157.33ms
step:749/3250 train_time:117.836s step_avg:157.32ms
step:750/3250 train_time:117.989s step_avg:157.32ms
step:750/3250 val_loss:3.72259 train_time:118.001s step_avg:153.22ms
step:751/3250 train_time:118.146s step_avg:157.32ms
step:752/3250 train_time:118.298s step_avg:157.31ms
step:753/3250 train_time:118.452s step_avg:157.31ms
step:754/3250 train_time:118.606s step_avg:157.30ms
step:755/3250 train_time:118.757s step_avg:157.29ms
step:756/3250 train_time:118.910s step_avg:157.29ms
step:757/3250 train_time:119.063s step_avg:157.28ms
step:758/3250 train_time:119.217s step_avg:157.28ms
step:759/3250 train_time:119.369s step_avg:157.27ms
step:760/3250 train_time:119.522s step_avg:157.27ms
step:761/3250 train_time:119.726s step_avg:157.33ms
step:762/3250 train_time:119.877s step_avg:157.32ms
step:763/3250 train_time:120.030s step_avg:157.31ms
step:764/3250 train_time:120.182s step_avg:157.31ms
step:765/3250 train_time:120.335s step_avg:157.30ms
step:766/3250 train_time:120.489s step_avg:157.30ms
step:767/3250 train_time:120.645s step_avg:157.29ms
step:768/3250 train_time:120.797s step_avg:157.29ms
step:769/3250 train_time:120.951s step_avg:157.28ms
step:770/3250 train_time:121.103s step_avg:157.28ms
step:771/3250 train_time:121.255s step_avg:157.27ms
step:772/3250 train_time:121.408s step_avg:157.26ms
step:773/3250 train_time:121.560s step_avg:157.26ms
step:774/3250 train_time:121.714s step_avg:157.25ms
step:775/3250 train_time:121.867s step_avg:157.25ms
step:776/3250 train_time:122.020s step_avg:157.24ms
step:777/3250 train_time:122.173s step_avg:157.24ms
step:778/3250 train_time:122.327s step_avg:157.23ms
step:779/3250 train_time:122.479s step_avg:157.23ms
step:780/3250 train_time:122.634s step_avg:157.22ms
step:781/3250 train_time:122.786s step_avg:157.22ms
step:782/3250 train_time:122.939s step_avg:157.21ms
step:783/3250 train_time:123.092s step_avg:157.21ms
step:784/3250 train_time:123.247s step_avg:157.20ms
step:785/3250 train_time:123.398s step_avg:157.20ms
step:786/3250 train_time:123.552s step_avg:157.19ms
step:787/3250 train_time:123.705s step_avg:157.19ms
step:788/3250 train_time:123.857s step_avg:157.18ms
step:789/3250 train_time:124.010s step_avg:157.17ms
step:790/3250 train_time:124.162s step_avg:157.17ms
step:791/3250 train_time:124.315s step_avg:157.16ms
step:792/3250 train_time:124.469s step_avg:157.16ms
step:793/3250 train_time:124.622s step_avg:157.15ms
step:794/3250 train_time:124.775s step_avg:157.15ms
step:795/3250 train_time:124.929s step_avg:157.14ms
step:796/3250 train_time:125.081s step_avg:157.14ms
step:797/3250 train_time:125.234s step_avg:157.13ms
step:798/3250 train_time:125.387s step_avg:157.13ms
step:799/3250 train_time:125.539s step_avg:157.12ms
step:800/3250 train_time:125.693s step_avg:157.12ms
step:801/3250 train_time:125.848s step_avg:157.11ms
step:802/3250 train_time:126.000s step_avg:157.11ms
step:803/3250 train_time:126.153s step_avg:157.10ms
step:804/3250 train_time:126.308s step_avg:157.10ms
step:805/3250 train_time:126.459s step_avg:157.09ms
step:806/3250 train_time:126.613s step_avg:157.09ms
step:807/3250 train_time:126.767s step_avg:157.08ms
step:808/3250 train_time:126.919s step_avg:157.08ms
step:809/3250 train_time:127.073s step_avg:157.07ms
step:810/3250 train_time:127.227s step_avg:157.07ms
step:811/3250 train_time:127.378s step_avg:157.06ms
step:812/3250 train_time:127.532s step_avg:157.06ms
step:813/3250 train_time:127.684s step_avg:157.05ms
step:814/3250 train_time:127.836s step_avg:157.05ms
step:815/3250 train_time:127.990s step_avg:157.04ms
step:816/3250 train_time:128.143s step_avg:157.04ms
step:817/3250 train_time:128.296s step_avg:157.03ms
step:818/3250 train_time:128.449s step_avg:157.03ms
step:819/3250 train_time:128.602s step_avg:157.02ms
step:820/3250 train_time:128.755s step_avg:157.02ms
step:821/3250 train_time:128.908s step_avg:157.01ms
step:822/3250 train_time:129.060s step_avg:157.01ms
step:823/3250 train_time:129.214s step_avg:157.00ms
step:824/3250 train_time:129.368s step_avg:157.00ms
step:825/3250 train_time:129.521s step_avg:156.99ms
step:826/3250 train_time:129.673s step_avg:156.99ms
step:827/3250 train_time:129.827s step_avg:156.99ms
step:828/3250 train_time:129.979s step_avg:156.98ms
step:829/3250 train_time:130.132s step_avg:156.98ms
step:830/3250 train_time:130.285s step_avg:156.97ms
step:831/3250 train_time:130.437s step_avg:156.96ms
step:832/3250 train_time:130.590s step_avg:156.96ms
step:833/3250 train_time:130.744s step_avg:156.96ms
step:834/3250 train_time:130.896s step_avg:156.95ms
step:835/3250 train_time:131.050s step_avg:156.95ms
step:836/3250 train_time:131.203s step_avg:156.94ms
step:837/3250 train_time:131.356s step_avg:156.94ms
step:838/3250 train_time:131.510s step_avg:156.93ms
step:839/3250 train_time:131.661s step_avg:156.93ms
step:840/3250 train_time:131.816s step_avg:156.92ms
step:841/3250 train_time:131.970s step_avg:156.92ms
step:842/3250 train_time:132.122s step_avg:156.91ms
step:843/3250 train_time:132.274s step_avg:156.91ms
step:844/3250 train_time:132.429s step_avg:156.91ms
step:845/3250 train_time:132.581s step_avg:156.90ms
step:846/3250 train_time:132.734s step_avg:156.90ms
step:847/3250 train_time:132.888s step_avg:156.89ms
step:848/3250 train_time:133.040s step_avg:156.89ms
step:849/3250 train_time:133.193s step_avg:156.88ms
step:850/3250 train_time:133.347s step_avg:156.88ms
step:851/3250 train_time:133.499s step_avg:156.87ms
step:852/3250 train_time:133.653s step_avg:156.87ms
step:853/3250 train_time:133.807s step_avg:156.87ms
step:854/3250 train_time:133.959s step_avg:156.86ms
step:855/3250 train_time:134.112s step_avg:156.86ms
step:856/3250 train_time:134.265s step_avg:156.85ms
step:857/3250 train_time:134.418s step_avg:156.85ms
step:858/3250 train_time:134.571s step_avg:156.84ms
step:859/3250 train_time:134.725s step_avg:156.84ms
step:860/3250 train_time:134.877s step_avg:156.83ms
step:861/3250 train_time:135.031s step_avg:156.83ms
step:862/3250 train_time:135.184s step_avg:156.83ms
step:863/3250 train_time:135.338s step_avg:156.82ms
step:864/3250 train_time:135.490s step_avg:156.82ms
step:865/3250 train_time:135.643s step_avg:156.81ms
step:866/3250 train_time:135.795s step_avg:156.81ms
step:867/3250 train_time:135.950s step_avg:156.80ms
step:868/3250 train_time:136.102s step_avg:156.80ms
step:869/3250 train_time:136.256s step_avg:156.80ms
step:870/3250 train_time:136.409s step_avg:156.79ms
step:871/3250 train_time:136.562s step_avg:156.79ms
step:872/3250 train_time:136.714s step_avg:156.78ms
step:873/3250 train_time:136.869s step_avg:156.78ms
step:874/3250 train_time:137.022s step_avg:156.78ms
step:875/3250 train_time:137.174s step_avg:156.77ms
step:875/3250 val_loss:3.68384 train_time:137.186s step_avg:153.48ms
step:876/3250 train_time:137.330s step_avg:156.77ms
step:877/3250 train_time:137.482s step_avg:156.76ms
step:878/3250 train_time:137.634s step_avg:156.76ms
step:879/3250 train_time:137.787s step_avg:156.75ms
step:880/3250 train_time:137.939s step_avg:156.75ms
step:881/3250 train_time:138.092s step_avg:156.74ms
step:882/3250 train_time:138.246s step_avg:156.74ms
step:883/3250 train_time:138.397s step_avg:156.74ms
step:884/3250 train_time:138.551s step_avg:156.73ms
step:885/3250 train_time:138.705s step_avg:156.73ms
step:886/3250 train_time:138.858s step_avg:156.72ms
step:887/3250 train_time:139.010s step_avg:156.72ms
step:888/3250 train_time:139.163s step_avg:156.72ms
step:889/3250 train_time:139.316s step_avg:156.71ms
step:890/3250 train_time:139.469s step_avg:156.71ms
step:891/3250 train_time:139.622s step_avg:156.70ms
step:892/3250 train_time:139.774s step_avg:156.70ms
step:893/3250 train_time:139.929s step_avg:156.70ms
step:894/3250 train_time:140.082s step_avg:156.69ms
step:895/3250 train_time:140.235s step_avg:156.69ms
step:896/3250 train_time:140.388s step_avg:156.68ms
step:897/3250 train_time:140.540s step_avg:156.68ms
step:898/3250 train_time:140.693s step_avg:156.67ms
step:899/3250 train_time:140.846s step_avg:156.67ms
step:900/3250 train_time:140.998s step_avg:156.66ms
step:901/3250 train_time:141.151s step_avg:156.66ms
step:902/3250 train_time:141.304s step_avg:156.66ms
step:903/3250 train_time:141.457s step_avg:156.65ms
step:904/3250 train_time:141.610s step_avg:156.65ms
step:905/3250 train_time:141.763s step_avg:156.64ms
step:906/3250 train_time:141.915s step_avg:156.64ms
step:907/3250 train_time:142.070s step_avg:156.64ms
step:908/3250 train_time:142.223s step_avg:156.63ms
step:909/3250 train_time:142.375s step_avg:156.63ms
step:910/3250 train_time:142.528s step_avg:156.62ms
step:911/3250 train_time:142.680s step_avg:156.62ms
step:912/3250 train_time:142.834s step_avg:156.62ms
step:913/3250 train_time:142.987s step_avg:156.61ms
step:914/3250 train_time:143.140s step_avg:156.61ms
step:915/3250 train_time:143.293s step_avg:156.60ms
step:916/3250 train_time:143.445s step_avg:156.60ms
step:917/3250 train_time:143.597s step_avg:156.59ms
step:918/3250 train_time:143.751s step_avg:156.59ms
step:919/3250 train_time:143.904s step_avg:156.59ms
step:920/3250 train_time:144.056s step_avg:156.58ms
step:921/3250 train_time:144.210s step_avg:156.58ms
step:922/3250 train_time:144.364s step_avg:156.58ms
step:923/3250 train_time:144.517s step_avg:156.57ms
step:924/3250 train_time:144.670s step_avg:156.57ms
step:925/3250 train_time:144.823s step_avg:156.57ms
step:926/3250 train_time:144.976s step_avg:156.56ms
step:927/3250 train_time:145.130s step_avg:156.56ms
step:928/3250 train_time:145.281s step_avg:156.55ms
step:929/3250 train_time:145.435s step_avg:156.55ms
step:930/3250 train_time:145.588s step_avg:156.55ms
step:931/3250 train_time:145.740s step_avg:156.54ms
step:932/3250 train_time:145.893s step_avg:156.54ms
step:933/3250 train_time:146.049s step_avg:156.54ms
step:934/3250 train_time:146.202s step_avg:156.53ms
step:935/3250 train_time:146.355s step_avg:156.53ms
step:936/3250 train_time:146.508s step_avg:156.53ms
step:937/3250 train_time:146.659s step_avg:156.52ms
step:938/3250 train_time:146.812s step_avg:156.52ms
step:939/3250 train_time:146.966s step_avg:156.51ms
step:940/3250 train_time:147.118s step_avg:156.51ms
step:941/3250 train_time:147.272s step_avg:156.51ms
step:942/3250 train_time:147.425s step_avg:156.50ms
step:943/3250 train_time:147.577s step_avg:156.50ms
step:944/3250 train_time:147.731s step_avg:156.49ms
step:945/3250 train_time:147.884s step_avg:156.49ms
step:946/3250 train_time:148.036s step_avg:156.49ms
step:947/3250 train_time:148.190s step_avg:156.48ms
step:948/3250 train_time:148.342s step_avg:156.48ms
step:949/3250 train_time:148.494s step_avg:156.47ms
step:950/3250 train_time:148.649s step_avg:156.47ms
step:951/3250 train_time:148.850s step_avg:156.52ms
step:952/3250 train_time:149.002s step_avg:156.51ms
step:953/3250 train_time:149.154s step_avg:156.51ms
step:954/3250 train_time:149.308s step_avg:156.51ms
step:955/3250 train_time:149.460s step_avg:156.50ms
step:956/3250 train_time:149.613s step_avg:156.50ms
step:957/3250 train_time:149.771s step_avg:156.50ms
step:958/3250 train_time:149.924s step_avg:156.50ms
step:959/3250 train_time:150.076s step_avg:156.49ms
step:960/3250 train_time:150.228s step_avg:156.49ms
step:961/3250 train_time:150.380s step_avg:156.48ms
step:962/3250 train_time:150.535s step_avg:156.48ms
step:963/3250 train_time:150.689s step_avg:156.48ms
step:964/3250 train_time:150.842s step_avg:156.48ms
step:965/3250 train_time:150.994s step_avg:156.47ms
step:966/3250 train_time:151.149s step_avg:156.47ms
step:967/3250 train_time:151.301s step_avg:156.46ms
step:968/3250 train_time:151.455s step_avg:156.46ms
step:969/3250 train_time:151.608s step_avg:156.46ms
step:970/3250 train_time:151.761s step_avg:156.45ms
step:971/3250 train_time:151.914s step_avg:156.45ms
step:972/3250 train_time:152.069s step_avg:156.45ms
step:973/3250 train_time:152.221s step_avg:156.45ms
step:974/3250 train_time:152.374s step_avg:156.44ms
step:975/3250 train_time:152.528s step_avg:156.44ms
step:976/3250 train_time:152.680s step_avg:156.43ms
step:977/3250 train_time:152.833s step_avg:156.43ms
step:978/3250 train_time:152.986s step_avg:156.43ms
step:979/3250 train_time:153.139s step_avg:156.42ms
step:980/3250 train_time:153.292s step_avg:156.42ms
step:981/3250 train_time:153.447s step_avg:156.42ms
step:982/3250 train_time:153.599s step_avg:156.41ms
step:983/3250 train_time:153.753s step_avg:156.41ms
step:984/3250 train_time:153.906s step_avg:156.41ms
step:985/3250 train_time:154.058s step_avg:156.40ms
step:986/3250 train_time:154.211s step_avg:156.40ms
step:987/3250 train_time:154.364s step_avg:156.40ms
step:988/3250 train_time:154.516s step_avg:156.39ms
step:989/3250 train_time:154.670s step_avg:156.39ms
step:990/3250 train_time:154.822s step_avg:156.39ms
step:991/3250 train_time:154.974s step_avg:156.38ms
step:992/3250 train_time:155.129s step_avg:156.38ms
step:993/3250 train_time:155.281s step_avg:156.38ms
step:994/3250 train_time:155.434s step_avg:156.37ms
step:995/3250 train_time:155.587s step_avg:156.37ms
step:996/3250 train_time:155.740s step_avg:156.37ms
step:997/3250 train_time:155.893s step_avg:156.36ms
step:998/3250 train_time:156.047s step_avg:156.36ms
step:999/3250 train_time:156.199s step_avg:156.35ms
step:1000/3250 train_time:156.353s step_avg:156.35ms
step:1000/3250 val_loss:3.65195 train_time:156.365s step_avg:153.43ms
step:1001/3250 train_time:156.509s step_avg:156.35ms
step:1002/3250 train_time:157.513s step_avg:157.20ms
step:1003/3250 train_time:157.673s step_avg:157.20ms
step:1004/3250 train_time:157.834s step_avg:157.21ms
step:1005/3250 train_time:157.995s step_avg:157.21ms
step:1006/3250 train_time:158.156s step_avg:157.21ms
step:1007/3250 train_time:158.316s step_avg:157.22ms
step:1008/3250 train_time:158.477s step_avg:157.22ms
step:1009/3250 train_time:158.639s step_avg:157.22ms
step:1010/3250 train_time:158.799s step_avg:157.23ms
step:1011/3250 train_time:158.961s step_avg:157.23ms
step:1012/3250 train_time:159.121s step_avg:157.23ms
step:1013/3250 train_time:159.281s step_avg:157.24ms
step:1014/3250 train_time:159.442s step_avg:157.24ms
step:1015/3250 train_time:159.603s step_avg:157.24ms
step:1016/3250 train_time:159.765s step_avg:157.25ms
step:1017/3250 train_time:159.927s step_avg:157.25ms
step:1018/3250 train_time:160.088s step_avg:157.26ms
step:1019/3250 train_time:160.249s step_avg:157.26ms
step:1020/3250 train_time:160.410s step_avg:157.26ms
step:1021/3250 train_time:160.573s step_avg:157.27ms
step:1022/3250 train_time:160.733s step_avg:157.27ms
step:1023/3250 train_time:160.895s step_avg:157.28ms
step:1024/3250 train_time:161.056s step_avg:157.28ms
step:1025/3250 train_time:161.217s step_avg:157.28ms
step:1026/3250 train_time:161.377s step_avg:157.29ms
step:1027/3250 train_time:161.538s step_avg:157.29ms
step:1028/3250 train_time:161.699s step_avg:157.29ms
step:1029/3250 train_time:161.858s step_avg:157.30ms
step:1030/3250 train_time:162.020s step_avg:157.30ms
step:1031/3250 train_time:162.181s step_avg:157.30ms
step:1032/3250 train_time:162.342s step_avg:157.31ms
step:1033/3250 train_time:162.503s step_avg:157.31ms
step:1034/3250 train_time:162.664s step_avg:157.32ms
step:1035/3250 train_time:162.825s step_avg:157.32ms
step:1036/3250 train_time:162.986s step_avg:157.32ms
step:1037/3250 train_time:163.145s step_avg:157.32ms
step:1038/3250 train_time:163.308s step_avg:157.33ms
step:1039/3250 train_time:163.468s step_avg:157.33ms
step:1040/3250 train_time:163.630s step_avg:157.34ms
step:1041/3250 train_time:163.791s step_avg:157.34ms
step:1042/3250 train_time:163.951s step_avg:157.34ms
step:1043/3250 train_time:164.112s step_avg:157.35ms
step:1044/3250 train_time:164.272s step_avg:157.35ms
step:1045/3250 train_time:164.434s step_avg:157.35ms
step:1046/3250 train_time:164.596s step_avg:157.36ms
step:1047/3250 train_time:164.756s step_avg:157.36ms
step:1048/3250 train_time:164.916s step_avg:157.36ms
step:1049/3250 train_time:165.077s step_avg:157.37ms
step:1050/3250 train_time:165.237s step_avg:157.37ms
step:1051/3250 train_time:165.397s step_avg:157.37ms
step:1052/3250 train_time:165.557s step_avg:157.37ms
step:1053/3250 train_time:165.716s step_avg:157.38ms
step:1054/3250 train_time:165.878s step_avg:157.38ms
step:1055/3250 train_time:166.037s step_avg:157.38ms
step:1056/3250 train_time:166.197s step_avg:157.38ms
step:1057/3250 train_time:166.356s step_avg:157.39ms
step:1058/3250 train_time:166.516s step_avg:157.39ms
step:1059/3250 train_time:166.677s step_avg:157.39ms
step:1060/3250 train_time:166.837s step_avg:157.39ms
step:1061/3250 train_time:166.996s step_avg:157.40ms
step:1062/3250 train_time:167.156s step_avg:157.40ms
step:1063/3250 train_time:167.314s step_avg:157.40ms
step:1064/3250 train_time:167.474s step_avg:157.40ms
step:1065/3250 train_time:167.635s step_avg:157.40ms
step:1066/3250 train_time:167.797s step_avg:157.41ms
step:1067/3250 train_time:167.958s step_avg:157.41ms
step:1068/3250 train_time:168.118s step_avg:157.41ms
step:1069/3250 train_time:168.278s step_avg:157.42ms
step:1070/3250 train_time:168.439s step_avg:157.42ms
step:1071/3250 train_time:168.600s step_avg:157.42ms
step:1072/3250 train_time:168.762s step_avg:157.43ms
step:1073/3250 train_time:168.922s step_avg:157.43ms
step:1074/3250 train_time:169.082s step_avg:157.43ms
step:1075/3250 train_time:169.244s step_avg:157.44ms
step:1076/3250 train_time:169.407s step_avg:157.44ms
step:1077/3250 train_time:169.569s step_avg:157.45ms
step:1078/3250 train_time:169.729s step_avg:157.45ms
step:1079/3250 train_time:169.890s step_avg:157.45ms
step:1080/3250 train_time:170.050s step_avg:157.45ms
step:1081/3250 train_time:170.211s step_avg:157.46ms
step:1082/3250 train_time:170.373s step_avg:157.46ms
step:1083/3250 train_time:170.532s step_avg:157.46ms
step:1084/3250 train_time:170.693s step_avg:157.47ms
step:1085/3250 train_time:170.854s step_avg:157.47ms
step:1086/3250 train_time:171.014s step_avg:157.47ms
step:1087/3250 train_time:171.176s step_avg:157.48ms
step:1088/3250 train_time:171.335s step_avg:157.48ms
step:1089/3250 train_time:171.495s step_avg:157.48ms
step:1090/3250 train_time:171.654s step_avg:157.48ms
step:1091/3250 train_time:171.814s step_avg:157.48ms
step:1092/3250 train_time:171.974s step_avg:157.49ms
step:1093/3250 train_time:172.134s step_avg:157.49ms
step:1094/3250 train_time:172.295s step_avg:157.49ms
step:1095/3250 train_time:172.454s step_avg:157.49ms
step:1096/3250 train_time:172.613s step_avg:157.49ms
step:1097/3250 train_time:172.772s step_avg:157.50ms
step:1098/3250 train_time:172.933s step_avg:157.50ms
step:1099/3250 train_time:173.093s step_avg:157.50ms
step:1100/3250 train_time:173.252s step_avg:157.50ms
step:1101/3250 train_time:173.413s step_avg:157.51ms
step:1102/3250 train_time:173.572s step_avg:157.51ms
step:1103/3250 train_time:173.733s step_avg:157.51ms
step:1104/3250 train_time:173.894s step_avg:157.51ms
step:1105/3250 train_time:174.053s step_avg:157.51ms
step:1106/3250 train_time:174.214s step_avg:157.52ms
step:1107/3250 train_time:174.374s step_avg:157.52ms
step:1108/3250 train_time:174.533s step_avg:157.52ms
step:1109/3250 train_time:174.693s step_avg:157.52ms
step:1110/3250 train_time:174.853s step_avg:157.53ms
step:1111/3250 train_time:175.014s step_avg:157.53ms
step:1112/3250 train_time:175.173s step_avg:157.53ms
step:1113/3250 train_time:175.334s step_avg:157.53ms
step:1114/3250 train_time:175.494s step_avg:157.53ms
step:1115/3250 train_time:175.655s step_avg:157.54ms
step:1116/3250 train_time:175.816s step_avg:157.54ms
step:1117/3250 train_time:175.976s step_avg:157.54ms
step:1118/3250 train_time:176.137s step_avg:157.55ms
step:1119/3250 train_time:176.299s step_avg:157.55ms
step:1120/3250 train_time:176.460s step_avg:157.55ms
step:1121/3250 train_time:176.621s step_avg:157.56ms
step:1122/3250 train_time:176.780s step_avg:157.56ms
step:1123/3250 train_time:176.941s step_avg:157.56ms
step:1124/3250 train_time:177.101s step_avg:157.56ms
step:1125/3250 train_time:177.261s step_avg:157.57ms
step:1125/3250 val_loss:3.65780 train_time:177.261s step_avg:167.17ms
step:1126/3250 train_time:177.424s step_avg:157.57ms
step:1127/3250 train_time:177.586s step_avg:157.57ms
step:1128/3250 train_time:177.748s step_avg:157.58ms
step:1129/3250 train_time:177.909s step_avg:157.58ms
step:1130/3250 train_time:178.071s step_avg:157.58ms
step:1131/3250 train_time:178.230s step_avg:157.59ms
step:1132/3250 train_time:178.391s step_avg:157.59ms
step:1133/3250 train_time:178.551s step_avg:157.59ms
step:1134/3250 train_time:178.712s step_avg:157.59ms
step:1135/3250 train_time:178.872s step_avg:157.60ms
step:1136/3250 train_time:179.034s step_avg:157.60ms
step:1137/3250 train_time:179.196s step_avg:157.60ms
step:1138/3250 train_time:179.355s step_avg:157.61ms
step:1139/3250 train_time:179.515s step_avg:157.61ms
step:1140/3250 train_time:179.676s step_avg:157.61ms
step:1141/3250 train_time:179.899s step_avg:157.67ms
step:1142/3250 train_time:180.057s step_avg:157.67ms
step:1143/3250 train_time:180.218s step_avg:157.67ms
step:1144/3250 train_time:180.380s step_avg:157.67ms
step:1145/3250 train_time:180.540s step_avg:157.68ms
step:1146/3250 train_time:180.701s step_avg:157.68ms
step:1147/3250 train_time:180.862s step_avg:157.68ms
step:1148/3250 train_time:181.024s step_avg:157.69ms
step:1149/3250 train_time:181.185s step_avg:157.69ms
step:1150/3250 train_time:181.346s step_avg:157.69ms
step:1151/3250 train_time:181.510s step_avg:157.70ms
step:1152/3250 train_time:181.670s step_avg:157.70ms
step:1153/3250 train_time:181.829s step_avg:157.70ms
step:1154/3250 train_time:181.992s step_avg:157.70ms
step:1155/3250 train_time:182.150s step_avg:157.71ms
step:1156/3250 train_time:182.312s step_avg:157.71ms
step:1157/3250 train_time:182.472s step_avg:157.71ms
step:1158/3250 train_time:182.632s step_avg:157.71ms
step:1159/3250 train_time:182.793s step_avg:157.72ms
step:1160/3250 train_time:182.952s step_avg:157.72ms
step:1161/3250 train_time:183.112s step_avg:157.72ms
step:1162/3250 train_time:183.271s step_avg:157.72ms
step:1163/3250 train_time:183.432s step_avg:157.72ms
step:1164/3250 train_time:183.592s step_avg:157.73ms
step:1165/3250 train_time:183.751s step_avg:157.73ms
step:1166/3250 train_time:183.912s step_avg:157.73ms
step:1167/3250 train_time:184.071s step_avg:157.73ms
step:1168/3250 train_time:184.231s step_avg:157.73ms
step:1169/3250 train_time:184.391s step_avg:157.73ms
step:1170/3250 train_time:184.550s step_avg:157.74ms
step:1171/3250 train_time:184.712s step_avg:157.74ms
step:1172/3250 train_time:184.873s step_avg:157.74ms
step:1173/3250 train_time:185.032s step_avg:157.74ms
step:1174/3250 train_time:185.192s step_avg:157.74ms
step:1175/3250 train_time:185.352s step_avg:157.75ms
step:1176/3250 train_time:185.513s step_avg:157.75ms
step:1177/3250 train_time:185.674s step_avg:157.75ms
step:1178/3250 train_time:185.835s step_avg:157.75ms
step:1179/3250 train_time:185.995s step_avg:157.76ms
step:1180/3250 train_time:186.156s step_avg:157.76ms
step:1181/3250 train_time:186.317s step_avg:157.76ms
step:1182/3250 train_time:186.477s step_avg:157.76ms
step:1183/3250 train_time:186.638s step_avg:157.77ms
step:1184/3250 train_time:186.800s step_avg:157.77ms
step:1185/3250 train_time:186.962s step_avg:157.77ms
step:1186/3250 train_time:187.123s step_avg:157.78ms
step:1187/3250 train_time:187.284s step_avg:157.78ms
step:1188/3250 train_time:187.448s step_avg:157.78ms
step:1189/3250 train_time:187.609s step_avg:157.79ms
step:1190/3250 train_time:187.771s step_avg:157.79ms
step:1191/3250 train_time:187.931s step_avg:157.79ms
step:1192/3250 train_time:188.091s step_avg:157.79ms
step:1193/3250 train_time:188.251s step_avg:157.80ms
step:1194/3250 train_time:188.410s step_avg:157.80ms
step:1195/3250 train_time:188.572s step_avg:157.80ms
step:1196/3250 train_time:188.731s step_avg:157.80ms
step:1197/3250 train_time:188.892s step_avg:157.80ms
step:1198/3250 train_time:189.053s step_avg:157.81ms
step:1199/3250 train_time:189.214s step_avg:157.81ms
step:1200/3250 train_time:189.374s step_avg:157.81ms
step:1201/3250 train_time:189.535s step_avg:157.81ms
step:1202/3250 train_time:189.696s step_avg:157.82ms
step:1203/3250 train_time:189.857s step_avg:157.82ms
step:1204/3250 train_time:190.018s step_avg:157.82ms
step:1205/3250 train_time:190.180s step_avg:157.83ms
step:1206/3250 train_time:190.340s step_avg:157.83ms
step:1207/3250 train_time:190.502s step_avg:157.83ms
step:1208/3250 train_time:190.664s step_avg:157.83ms
step:1209/3250 train_time:190.825s step_avg:157.84ms
step:1210/3250 train_time:190.985s step_avg:157.84ms
step:1211/3250 train_time:191.146s step_avg:157.84ms
step:1212/3250 train_time:191.307s step_avg:157.84ms
step:1213/3250 train_time:191.468s step_avg:157.85ms
step:1214/3250 train_time:191.629s step_avg:157.85ms
step:1215/3250 train_time:191.789s step_avg:157.85ms
step:1216/3250 train_time:191.949s step_avg:157.85ms
step:1217/3250 train_time:192.109s step_avg:157.85ms
step:1218/3250 train_time:192.270s step_avg:157.86ms
step:1219/3250 train_time:192.430s step_avg:157.86ms
step:1220/3250 train_time:192.590s step_avg:157.86ms
step:1221/3250 train_time:192.749s step_avg:157.86ms
step:1222/3250 train_time:192.910s step_avg:157.86ms
step:1223/3250 train_time:193.070s step_avg:157.87ms
step:1224/3250 train_time:193.231s step_avg:157.87ms
step:1225/3250 train_time:193.393s step_avg:157.87ms
step:1226/3250 train_time:193.552s step_avg:157.87ms
step:1227/3250 train_time:193.713s step_avg:157.88ms
step:1228/3250 train_time:193.873s step_avg:157.88ms
step:1229/3250 train_time:194.034s step_avg:157.88ms
step:1230/3250 train_time:194.194s step_avg:157.88ms
step:1231/3250 train_time:194.353s step_avg:157.88ms
step:1232/3250 train_time:194.512s step_avg:157.88ms
step:1233/3250 train_time:194.672s step_avg:157.88ms
step:1234/3250 train_time:194.832s step_avg:157.89ms
step:1235/3250 train_time:194.992s step_avg:157.89ms
step:1236/3250 train_time:195.152s step_avg:157.89ms
step:1237/3250 train_time:195.312s step_avg:157.89ms
step:1238/3250 train_time:195.472s step_avg:157.89ms
step:1239/3250 train_time:195.633s step_avg:157.90ms
step:1240/3250 train_time:195.792s step_avg:157.90ms
step:1241/3250 train_time:195.952s step_avg:157.90ms
step:1242/3250 train_time:196.112s step_avg:157.90ms
step:1243/3250 train_time:196.271s step_avg:157.90ms
step:1244/3250 train_time:196.431s step_avg:157.90ms
step:1245/3250 train_time:196.592s step_avg:157.91ms
step:1246/3250 train_time:196.753s step_avg:157.91ms
step:1247/3250 train_time:196.914s step_avg:157.91ms
step:1248/3250 train_time:197.074s step_avg:157.91ms
step:1249/3250 train_time:197.234s step_avg:157.91ms
step:1250/3250 train_time:197.394s step_avg:157.92ms
step:1250/3250 val_loss:3.59911 train_time:197.395s step_avg:161.07ms
step:1251/3250 train_time:197.558s step_avg:157.92ms
step:1252/3250 train_time:197.718s step_avg:157.92ms
step:1253/3250 train_time:197.878s step_avg:157.92ms
step:1254/3250 train_time:198.039s step_avg:157.93ms
step:1255/3250 train_time:198.201s step_avg:157.93ms
step:1256/3250 train_time:198.362s step_avg:157.93ms
step:1257/3250 train_time:198.522s step_avg:157.93ms
step:1258/3250 train_time:198.682s step_avg:157.93ms
step:1259/3250 train_time:198.843s step_avg:157.94ms
step:1260/3250 train_time:199.003s step_avg:157.94ms
step:1261/3250 train_time:199.165s step_avg:157.94ms
step:1262/3250 train_time:199.324s step_avg:157.94ms
step:1263/3250 train_time:199.484s step_avg:157.94ms
step:1264/3250 train_time:199.645s step_avg:157.95ms
step:1265/3250 train_time:199.806s step_avg:157.95ms
step:1266/3250 train_time:199.966s step_avg:157.95ms
step:1267/3250 train_time:200.128s step_avg:157.95ms
step:1268/3250 train_time:200.288s step_avg:157.96ms
step:1269/3250 train_time:200.449s step_avg:157.96ms
step:1270/3250 train_time:200.610s step_avg:157.96ms
step:1271/3250 train_time:200.769s step_avg:157.96ms
step:1272/3250 train_time:200.930s step_avg:157.96ms
step:1273/3250 train_time:201.091s step_avg:157.97ms
step:1274/3250 train_time:201.250s step_avg:157.97ms
step:1275/3250 train_time:201.409s step_avg:157.97ms
step:1276/3250 train_time:201.569s step_avg:157.97ms
step:1277/3250 train_time:201.729s step_avg:157.97ms
step:1278/3250 train_time:201.890s step_avg:157.97ms
step:1279/3250 train_time:202.049s step_avg:157.97ms
step:1280/3250 train_time:202.209s step_avg:157.98ms
step:1281/3250 train_time:202.369s step_avg:157.98ms
step:1282/3250 train_time:202.529s step_avg:157.98ms
step:1283/3250 train_time:202.688s step_avg:157.98ms
step:1284/3250 train_time:202.848s step_avg:157.98ms
step:1285/3250 train_time:203.007s step_avg:157.98ms
step:1286/3250 train_time:203.166s step_avg:157.98ms
step:1287/3250 train_time:203.326s step_avg:157.98ms
step:1288/3250 train_time:203.486s step_avg:157.99ms
step:1289/3250 train_time:203.645s step_avg:157.99ms
step:1290/3250 train_time:203.808s step_avg:157.99ms
step:1291/3250 train_time:203.967s step_avg:157.99ms
step:1292/3250 train_time:204.126s step_avg:157.99ms
step:1293/3250 train_time:204.286s step_avg:157.99ms
step:1294/3250 train_time:204.445s step_avg:157.99ms
step:1295/3250 train_time:204.605s step_avg:158.00ms
step:1296/3250 train_time:204.766s step_avg:158.00ms
step:1297/3250 train_time:204.926s step_avg:158.00ms
step:1298/3250 train_time:205.086s step_avg:158.00ms
step:1299/3250 train_time:205.245s step_avg:158.00ms
step:1300/3250 train_time:205.404s step_avg:158.00ms
step:1301/3250 train_time:205.566s step_avg:158.01ms
step:1302/3250 train_time:205.729s step_avg:158.01ms
step:1303/3250 train_time:205.890s step_avg:158.01ms
step:1304/3250 train_time:206.049s step_avg:158.01ms
step:1305/3250 train_time:206.209s step_avg:158.01ms
step:1306/3250 train_time:206.369s step_avg:158.02ms
step:1307/3250 train_time:206.530s step_avg:158.02ms
step:1308/3250 train_time:206.692s step_avg:158.02ms
step:1309/3250 train_time:206.856s step_avg:158.03ms
step:1310/3250 train_time:207.016s step_avg:158.03ms
step:1311/3250 train_time:207.176s step_avg:158.03ms
step:1312/3250 train_time:207.337s step_avg:158.03ms
step:1313/3250 train_time:207.496s step_avg:158.03ms
step:1314/3250 train_time:207.656s step_avg:158.03ms
step:1315/3250 train_time:207.818s step_avg:158.04ms
step:1316/3250 train_time:207.978s step_avg:158.04ms
step:1317/3250 train_time:208.141s step_avg:158.04ms
step:1318/3250 train_time:208.303s step_avg:158.04ms
step:1319/3250 train_time:208.462s step_avg:158.05ms
step:1320/3250 train_time:208.623s step_avg:158.05ms
step:1321/3250 train_time:208.783s step_avg:158.05ms
step:1322/3250 train_time:208.945s step_avg:158.05ms
step:1323/3250 train_time:209.104s step_avg:158.05ms
step:1324/3250 train_time:209.264s step_avg:158.05ms
step:1325/3250 train_time:209.425s step_avg:158.06ms
step:1326/3250 train_time:209.584s step_avg:158.06ms
step:1327/3250 train_time:209.745s step_avg:158.06ms
step:1328/3250 train_time:209.906s step_avg:158.06ms
step:1329/3250 train_time:210.066s step_avg:158.06ms
step:1330/3250 train_time:210.228s step_avg:158.07ms
step:1331/3250 train_time:210.445s step_avg:158.11ms
step:1332/3250 train_time:210.605s step_avg:158.11ms
step:1333/3250 train_time:210.764s step_avg:158.11ms
step:1334/3250 train_time:210.924s step_avg:158.11ms
step:1335/3250 train_time:211.083s step_avg:158.11ms
step:1336/3250 train_time:211.244s step_avg:158.12ms
step:1337/3250 train_time:211.403s step_avg:158.12ms
step:1338/3250 train_time:211.563s step_avg:158.12ms
step:1339/3250 train_time:211.724s step_avg:158.12ms
step:1340/3250 train_time:211.883s step_avg:158.12ms
step:1341/3250 train_time:212.044s step_avg:158.12ms
step:1342/3250 train_time:212.204s step_avg:158.12ms
step:1343/3250 train_time:212.363s step_avg:158.13ms
step:1344/3250 train_time:212.523s step_avg:158.13ms
step:1345/3250 train_time:212.683s step_avg:158.13ms
step:1346/3250 train_time:212.843s step_avg:158.13ms
step:1347/3250 train_time:213.003s step_avg:158.13ms
step:1348/3250 train_time:213.165s step_avg:158.13ms
step:1349/3250 train_time:213.326s step_avg:158.14ms
step:1350/3250 train_time:213.485s step_avg:158.14ms
step:1351/3250 train_time:213.644s step_avg:158.14ms
step:1352/3250 train_time:213.805s step_avg:158.14ms
step:1353/3250 train_time:213.966s step_avg:158.14ms
step:1354/3250 train_time:214.126s step_avg:158.14ms
step:1355/3250 train_time:214.286s step_avg:158.14ms
step:1356/3250 train_time:214.446s step_avg:158.15ms
step:1357/3250 train_time:214.606s step_avg:158.15ms
step:1358/3250 train_time:214.766s step_avg:158.15ms
step:1359/3250 train_time:214.925s step_avg:158.15ms
step:1360/3250 train_time:215.085s step_avg:158.15ms
step:1361/3250 train_time:215.244s step_avg:158.15ms
step:1362/3250 train_time:215.404s step_avg:158.15ms
step:1363/3250 train_time:215.563s step_avg:158.15ms
step:1364/3250 train_time:215.724s step_avg:158.16ms
step:1365/3250 train_time:215.884s step_avg:158.16ms
step:1366/3250 train_time:216.044s step_avg:158.16ms
step:1367/3250 train_time:216.205s step_avg:158.16ms
step:1368/3250 train_time:216.364s step_avg:158.16ms
step:1369/3250 train_time:216.527s step_avg:158.16ms
step:1370/3250 train_time:216.688s step_avg:158.17ms
step:1371/3250 train_time:216.848s step_avg:158.17ms
step:1372/3250 train_time:217.009s step_avg:158.17ms
step:1373/3250 train_time:217.169s step_avg:158.17ms
step:1374/3250 train_time:217.329s step_avg:158.17ms
step:1375/3250 train_time:217.489s step_avg:158.17ms
step:1375/3250 val_loss:3.55886 train_time:217.489s step_avg:160.76ms
step:1376/3250 train_time:217.653s step_avg:158.18ms
step:1377/3250 train_time:217.816s step_avg:158.18ms
step:1378/3250 train_time:217.977s step_avg:158.18ms
step:1379/3250 train_time:218.138s step_avg:158.19ms
step:1380/3250 train_time:218.299s step_avg:158.19ms
step:1381/3250 train_time:218.461s step_avg:158.19ms
step:1382/3250 train_time:218.623s step_avg:158.19ms
step:1383/3250 train_time:218.782s step_avg:158.19ms
step:1384/3250 train_time:218.944s step_avg:158.20ms
step:1385/3250 train_time:219.103s step_avg:158.20ms
step:1386/3250 train_time:219.263s step_avg:158.20ms
step:1387/3250 train_time:219.424s step_avg:158.20ms
step:1388/3250 train_time:219.585s step_avg:158.20ms
step:1389/3250 train_time:219.747s step_avg:158.21ms
step:1390/3250 train_time:219.908s step_avg:158.21ms
step:1391/3250 train_time:220.067s step_avg:158.21ms
step:1392/3250 train_time:220.226s step_avg:158.21ms
step:1393/3250 train_time:220.386s step_avg:158.21ms
step:1394/3250 train_time:220.546s step_avg:158.21ms
step:1395/3250 train_time:220.706s step_avg:158.21ms
step:1396/3250 train_time:220.868s step_avg:158.21ms
step:1397/3250 train_time:221.027s step_avg:158.22ms
step:1398/3250 train_time:221.187s step_avg:158.22ms
step:1399/3250 train_time:221.347s step_avg:158.22ms
step:1400/3250 train_time:221.507s step_avg:158.22ms
step:1401/3250 train_time:221.667s step_avg:158.22ms
step:1402/3250 train_time:221.827s step_avg:158.22ms
step:1403/3250 train_time:221.986s step_avg:158.22ms
step:1404/3250 train_time:222.147s step_avg:158.22ms
step:1405/3250 train_time:222.306s step_avg:158.23ms
step:1406/3250 train_time:222.465s step_avg:158.23ms
step:1407/3250 train_time:222.626s step_avg:158.23ms
step:1408/3250 train_time:222.787s step_avg:158.23ms
step:1409/3250 train_time:222.947s step_avg:158.23ms
step:1410/3250 train_time:223.107s step_avg:158.23ms
step:1411/3250 train_time:223.267s step_avg:158.23ms
step:1412/3250 train_time:223.427s step_avg:158.23ms
step:1413/3250 train_time:223.587s step_avg:158.24ms
step:1414/3250 train_time:223.747s step_avg:158.24ms
step:1415/3250 train_time:223.907s step_avg:158.24ms
step:1416/3250 train_time:224.068s step_avg:158.24ms
step:1417/3250 train_time:224.228s step_avg:158.24ms
step:1418/3250 train_time:224.388s step_avg:158.24ms
step:1419/3250 train_time:224.548s step_avg:158.24ms
step:1420/3250 train_time:224.708s step_avg:158.25ms
step:1421/3250 train_time:224.870s step_avg:158.25ms
step:1422/3250 train_time:225.030s step_avg:158.25ms
step:1423/3250 train_time:225.190s step_avg:158.25ms
step:1424/3250 train_time:225.349s step_avg:158.25ms
step:1425/3250 train_time:225.510s step_avg:158.25ms
step:1426/3250 train_time:225.668s step_avg:158.25ms
step:1427/3250 train_time:225.827s step_avg:158.25ms
step:1428/3250 train_time:225.987s step_avg:158.25ms
step:1429/3250 train_time:226.146s step_avg:158.26ms
step:1430/3250 train_time:226.307s step_avg:158.26ms
step:1431/3250 train_time:226.467s step_avg:158.26ms
step:1432/3250 train_time:226.628s step_avg:158.26ms
step:1433/3250 train_time:226.788s step_avg:158.26ms
step:1434/3250 train_time:226.948s step_avg:158.26ms
step:1435/3250 train_time:227.107s step_avg:158.26ms
step:1436/3250 train_time:227.267s step_avg:158.26ms
step:1437/3250 train_time:227.429s step_avg:158.27ms
step:1438/3250 train_time:227.587s step_avg:158.27ms
step:1439/3250 train_time:227.747s step_avg:158.27ms
step:1440/3250 train_time:227.906s step_avg:158.27ms
step:1441/3250 train_time:228.065s step_avg:158.27ms
step:1442/3250 train_time:228.226s step_avg:158.27ms
step:1443/3250 train_time:228.386s step_avg:158.27ms
step:1444/3250 train_time:228.548s step_avg:158.27ms
step:1445/3250 train_time:228.708s step_avg:158.28ms
step:1446/3250 train_time:228.868s step_avg:158.28ms
step:1447/3250 train_time:229.028s step_avg:158.28ms
step:1448/3250 train_time:229.187s step_avg:158.28ms
step:1449/3250 train_time:229.348s step_avg:158.28ms
step:1450/3250 train_time:229.508s step_avg:158.28ms
step:1451/3250 train_time:229.668s step_avg:158.28ms
step:1452/3250 train_time:229.827s step_avg:158.28ms
step:1453/3250 train_time:229.986s step_avg:158.28ms
step:1454/3250 train_time:230.147s step_avg:158.29ms
step:1455/3250 train_time:230.307s step_avg:158.29ms
step:1456/3250 train_time:230.466s step_avg:158.29ms
step:1457/3250 train_time:230.626s step_avg:158.29ms
step:1458/3250 train_time:230.787s step_avg:158.29ms
step:1459/3250 train_time:230.947s step_avg:158.29ms
step:1460/3250 train_time:231.107s step_avg:158.29ms
step:1461/3250 train_time:231.267s step_avg:158.29ms
step:1462/3250 train_time:231.427s step_avg:158.29ms
step:1463/3250 train_time:231.587s step_avg:158.30ms
step:1464/3250 train_time:231.748s step_avg:158.30ms
step:1465/3250 train_time:231.908s step_avg:158.30ms
step:1466/3250 train_time:232.068s step_avg:158.30ms
step:1467/3250 train_time:232.229s step_avg:158.30ms
step:1468/3250 train_time:232.388s step_avg:158.30ms
step:1469/3250 train_time:232.548s step_avg:158.30ms
step:1470/3250 train_time:232.707s step_avg:158.30ms
step:1471/3250 train_time:232.869s step_avg:158.31ms
step:1472/3250 train_time:233.028s step_avg:158.31ms
step:1473/3250 train_time:233.188s step_avg:158.31ms
step:1474/3250 train_time:233.348s step_avg:158.31ms
step:1475/3250 train_time:233.507s step_avg:158.31ms
step:1476/3250 train_time:233.667s step_avg:158.31ms
step:1477/3250 train_time:233.826s step_avg:158.31ms
step:1478/3250 train_time:233.987s step_avg:158.31ms
step:1479/3250 train_time:234.149s step_avg:158.32ms
step:1480/3250 train_time:234.309s step_avg:158.32ms
step:1481/3250 train_time:234.469s step_avg:158.32ms
step:1482/3250 train_time:234.630s step_avg:158.32ms
step:1483/3250 train_time:234.790s step_avg:158.32ms
step:1484/3250 train_time:234.951s step_avg:158.32ms
step:1485/3250 train_time:235.110s step_avg:158.32ms
step:1486/3250 train_time:235.270s step_avg:158.32ms
step:1487/3250 train_time:235.431s step_avg:158.33ms
step:1488/3250 train_time:235.592s step_avg:158.33ms
step:1489/3250 train_time:235.752s step_avg:158.33ms
step:1490/3250 train_time:235.914s step_avg:158.33ms
step:1491/3250 train_time:236.073s step_avg:158.33ms
step:1492/3250 train_time:236.233s step_avg:158.33ms
step:1493/3250 train_time:236.393s step_avg:158.33ms
step:1494/3250 train_time:236.553s step_avg:158.34ms
step:1495/3250 train_time:236.712s step_avg:158.34ms
step:1496/3250 train_time:236.872s step_avg:158.34ms
step:1497/3250 train_time:237.035s step_avg:158.34ms
step:1498/3250 train_time:237.196s step_avg:158.34ms
step:1499/3250 train_time:237.356s step_avg:158.34ms
step:1500/3250 train_time:237.517s step_avg:158.34ms
step:1500/3250 val_loss:3.52093 train_time:237.518s step_avg:160.23ms
step:1501/3250 train_time:237.683s step_avg:158.35ms
step:1502/3250 train_time:237.844s step_avg:158.35ms
step:1503/3250 train_time:238.004s step_avg:158.35ms
step:1504/3250 train_time:238.164s step_avg:158.35ms
step:1505/3250 train_time:238.326s step_avg:158.36ms
step:1506/3250 train_time:238.486s step_avg:158.36ms
step:1507/3250 train_time:238.648s step_avg:158.36ms
step:1508/3250 train_time:238.808s step_avg:158.36ms
step:1509/3250 train_time:238.970s step_avg:158.36ms
step:1510/3250 train_time:239.128s step_avg:158.36ms
step:1511/3250 train_time:239.288s step_avg:158.36ms
step:1512/3250 train_time:239.450s step_avg:158.37ms
step:1513/3250 train_time:239.610s step_avg:158.37ms
step:1514/3250 train_time:239.770s step_avg:158.37ms
step:1515/3250 train_time:239.930s step_avg:158.37ms
step:1516/3250 train_time:240.090s step_avg:158.37ms
step:1517/3250 train_time:240.250s step_avg:158.37ms
step:1518/3250 train_time:240.411s step_avg:158.37ms
step:1519/3250 train_time:240.572s step_avg:158.38ms
step:1520/3250 train_time:240.731s step_avg:158.38ms
step:1521/3250 train_time:240.952s step_avg:158.42ms
step:1522/3250 train_time:241.112s step_avg:158.42ms
step:1523/3250 train_time:241.271s step_avg:158.42ms
step:1524/3250 train_time:241.434s step_avg:158.42ms
step:1525/3250 train_time:241.595s step_avg:158.42ms
step:1526/3250 train_time:241.754s step_avg:158.42ms
step:1527/3250 train_time:241.914s step_avg:158.42ms
step:1528/3250 train_time:242.074s step_avg:158.43ms
step:1529/3250 train_time:242.234s step_avg:158.43ms
step:1530/3250 train_time:242.393s step_avg:158.43ms
step:1531/3250 train_time:242.554s step_avg:158.43ms
step:1532/3250 train_time:242.714s step_avg:158.43ms
step:1533/3250 train_time:242.874s step_avg:158.43ms
step:1534/3250 train_time:243.033s step_avg:158.43ms
step:1535/3250 train_time:243.193s step_avg:158.43ms
step:1536/3250 train_time:243.352s step_avg:158.43ms
step:1537/3250 train_time:243.513s step_avg:158.43ms
step:1538/3250 train_time:243.676s step_avg:158.44ms
step:1539/3250 train_time:243.835s step_avg:158.44ms
step:1540/3250 train_time:243.995s step_avg:158.44ms
step:1541/3250 train_time:244.154s step_avg:158.44ms
step:1542/3250 train_time:244.313s step_avg:158.44ms
step:1543/3250 train_time:244.473s step_avg:158.44ms
step:1544/3250 train_time:244.633s step_avg:158.44ms
step:1545/3250 train_time:244.794s step_avg:158.44ms
step:1546/3250 train_time:244.955s step_avg:158.44ms
step:1547/3250 train_time:245.115s step_avg:158.45ms
step:1548/3250 train_time:245.274s step_avg:158.45ms
step:1549/3250 train_time:245.435s step_avg:158.45ms
step:1550/3250 train_time:245.597s step_avg:158.45ms
step:1551/3250 train_time:245.757s step_avg:158.45ms
step:1552/3250 train_time:245.917s step_avg:158.45ms
step:1553/3250 train_time:246.076s step_avg:158.45ms
step:1554/3250 train_time:246.241s step_avg:158.46ms
step:1555/3250 train_time:246.401s step_avg:158.46ms
step:1556/3250 train_time:246.561s step_avg:158.46ms
step:1557/3250 train_time:246.722s step_avg:158.46ms
step:1558/3250 train_time:246.887s step_avg:158.46ms
step:1559/3250 train_time:247.047s step_avg:158.46ms
step:1560/3250 train_time:247.206s step_avg:158.47ms
step:1561/3250 train_time:247.367s step_avg:158.47ms
step:1562/3250 train_time:247.527s step_avg:158.47ms
step:1563/3250 train_time:247.688s step_avg:158.47ms
step:1564/3250 train_time:247.849s step_avg:158.47ms
step:1565/3250 train_time:248.009s step_avg:158.47ms
step:1566/3250 train_time:248.170s step_avg:158.47ms
step:1567/3250 train_time:248.331s step_avg:158.48ms
step:1568/3250 train_time:248.491s step_avg:158.48ms
step:1569/3250 train_time:248.651s step_avg:158.48ms
step:1570/3250 train_time:248.811s step_avg:158.48ms
step:1571/3250 train_time:248.974s step_avg:158.48ms
step:1572/3250 train_time:249.134s step_avg:158.48ms
step:1573/3250 train_time:249.294s step_avg:158.48ms
step:1574/3250 train_time:249.454s step_avg:158.48ms
step:1575/3250 train_time:249.614s step_avg:158.48ms
step:1576/3250 train_time:249.776s step_avg:158.49ms
step:1577/3250 train_time:249.936s step_avg:158.49ms
step:1578/3250 train_time:250.096s step_avg:158.49ms
step:1579/3250 train_time:250.256s step_avg:158.49ms
step:1580/3250 train_time:250.415s step_avg:158.49ms
step:1581/3250 train_time:250.574s step_avg:158.49ms
step:1582/3250 train_time:250.734s step_avg:158.49ms
step:1583/3250 train_time:250.895s step_avg:158.49ms
step:1584/3250 train_time:251.056s step_avg:158.49ms
step:1585/3250 train_time:251.216s step_avg:158.50ms
step:1586/3250 train_time:251.376s step_avg:158.50ms
step:1587/3250 train_time:251.535s step_avg:158.50ms
step:1588/3250 train_time:251.695s step_avg:158.50ms
step:1589/3250 train_time:251.856s step_avg:158.50ms
step:1590/3250 train_time:252.015s step_avg:158.50ms
step:1591/3250 train_time:252.176s step_avg:158.50ms
step:1592/3250 train_time:252.336s step_avg:158.50ms
step:1593/3250 train_time:252.495s step_avg:158.50ms
step:1594/3250 train_time:252.656s step_avg:158.50ms
step:1595/3250 train_time:252.816s step_avg:158.51ms
step:1596/3250 train_time:252.977s step_avg:158.51ms
step:1597/3250 train_time:253.136s step_avg:158.51ms
step:1598/3250 train_time:253.294s step_avg:158.51ms
step:1599/3250 train_time:253.454s step_avg:158.51ms
step:1600/3250 train_time:253.615s step_avg:158.51ms
step:1601/3250 train_time:253.778s step_avg:158.51ms
step:1602/3250 train_time:253.938s step_avg:158.51ms
step:1603/3250 train_time:254.099s step_avg:158.51ms
step:1604/3250 train_time:254.258s step_avg:158.51ms
step:1605/3250 train_time:254.418s step_avg:158.52ms
step:1606/3250 train_time:254.578s step_avg:158.52ms
step:1607/3250 train_time:254.740s step_avg:158.52ms
step:1608/3250 train_time:254.901s step_avg:158.52ms
step:1609/3250 train_time:255.062s step_avg:158.52ms
step:1610/3250 train_time:255.221s step_avg:158.52ms
step:1611/3250 train_time:255.382s step_avg:158.52ms
step:1612/3250 train_time:255.545s step_avg:158.53ms
step:1613/3250 train_time:255.706s step_avg:158.53ms
step:1614/3250 train_time:255.868s step_avg:158.53ms
step:1615/3250 train_time:256.028s step_avg:158.53ms
step:1616/3250 train_time:256.190s step_avg:158.53ms
step:1617/3250 train_time:256.352s step_avg:158.54ms
step:1618/3250 train_time:256.511s step_avg:158.54ms
step:1619/3250 train_time:256.675s step_avg:158.54ms
step:1620/3250 train_time:256.836s step_avg:158.54ms
step:1621/3250 train_time:256.997s step_avg:158.54ms
step:1622/3250 train_time:257.158s step_avg:158.54ms
step:1623/3250 train_time:257.318s step_avg:158.54ms
step:1624/3250 train_time:257.477s step_avg:158.55ms
step:1625/3250 train_time:257.638s step_avg:158.55ms
step:1625/3250 val_loss:3.49653 train_time:257.638s step_avg:160.97ms
step:1626/3250 train_time:257.803s step_avg:158.55ms
step:1627/3250 train_time:257.963s step_avg:158.55ms
step:1628/3250 train_time:258.125s step_avg:158.55ms
step:1629/3250 train_time:258.287s step_avg:158.56ms
step:1630/3250 train_time:258.447s step_avg:158.56ms
step:1631/3250 train_time:258.607s step_avg:158.56ms
step:1632/3250 train_time:258.768s step_avg:158.56ms
step:1633/3250 train_time:258.929s step_avg:158.56ms
step:1634/3250 train_time:259.092s step_avg:158.56ms
step:1635/3250 train_time:259.252s step_avg:158.56ms
step:1636/3250 train_time:259.413s step_avg:158.57ms
step:1637/3250 train_time:259.574s step_avg:158.57ms
step:1638/3250 train_time:259.733s step_avg:158.57ms
step:1639/3250 train_time:259.894s step_avg:158.57ms
step:1640/3250 train_time:260.054s step_avg:158.57ms
step:1641/3250 train_time:260.214s step_avg:158.57ms
step:1642/3250 train_time:260.375s step_avg:158.57ms
step:1643/3250 train_time:260.535s step_avg:158.57ms
step:1644/3250 train_time:260.695s step_avg:158.57ms
step:1645/3250 train_time:260.855s step_avg:158.57ms
step:1646/3250 train_time:261.016s step_avg:158.58ms
step:1647/3250 train_time:261.176s step_avg:158.58ms
step:1648/3250 train_time:261.337s step_avg:158.58ms
step:1649/3250 train_time:261.497s step_avg:158.58ms
step:1650/3250 train_time:261.657s step_avg:158.58ms
step:1651/3250 train_time:261.818s step_avg:158.58ms
step:1652/3250 train_time:261.979s step_avg:158.58ms
step:1653/3250 train_time:262.138s step_avg:158.58ms
step:1654/3250 train_time:262.299s step_avg:158.58ms
step:1655/3250 train_time:262.459s step_avg:158.59ms
step:1656/3250 train_time:262.620s step_avg:158.59ms
step:1657/3250 train_time:262.780s step_avg:158.59ms
step:1658/3250 train_time:262.941s step_avg:158.59ms
step:1659/3250 train_time:263.102s step_avg:158.59ms
step:1660/3250 train_time:263.262s step_avg:158.59ms
step:1661/3250 train_time:263.423s step_avg:158.59ms
step:1662/3250 train_time:263.585s step_avg:158.59ms
step:1663/3250 train_time:263.747s step_avg:158.60ms
step:1664/3250 train_time:263.909s step_avg:158.60ms
step:1665/3250 train_time:264.071s step_avg:158.60ms
step:1666/3250 train_time:264.231s step_avg:158.60ms
step:1667/3250 train_time:264.392s step_avg:158.60ms
step:1668/3250 train_time:264.554s step_avg:158.61ms
step:1669/3250 train_time:264.714s step_avg:158.61ms
step:1670/3250 train_time:264.875s step_avg:158.61ms
step:1671/3250 train_time:265.034s step_avg:158.61ms
step:1672/3250 train_time:265.195s step_avg:158.61ms
step:1673/3250 train_time:265.354s step_avg:158.61ms
step:1674/3250 train_time:265.514s step_avg:158.61ms
step:1675/3250 train_time:265.674s step_avg:158.61ms
step:1676/3250 train_time:265.834s step_avg:158.61ms
step:1677/3250 train_time:265.995s step_avg:158.61ms
step:1678/3250 train_time:266.155s step_avg:158.61ms
step:1679/3250 train_time:266.315s step_avg:158.62ms
step:1680/3250 train_time:266.476s step_avg:158.62ms
step:1681/3250 train_time:266.636s step_avg:158.62ms
step:1682/3250 train_time:266.798s step_avg:158.62ms
step:1683/3250 train_time:266.958s step_avg:158.62ms
step:1684/3250 train_time:267.116s step_avg:158.62ms
step:1685/3250 train_time:267.275s step_avg:158.62ms
step:1686/3250 train_time:267.434s step_avg:158.62ms
step:1687/3250 train_time:267.594s step_avg:158.62ms
step:1688/3250 train_time:267.756s step_avg:158.62ms
step:1689/3250 train_time:267.915s step_avg:158.62ms
step:1690/3250 train_time:268.075s step_avg:158.62ms
step:1691/3250 train_time:268.234s step_avg:158.62ms
step:1692/3250 train_time:268.394s step_avg:158.63ms
step:1693/3250 train_time:268.554s step_avg:158.63ms
step:1694/3250 train_time:268.714s step_avg:158.63ms
step:1695/3250 train_time:268.876s step_avg:158.63ms
step:1696/3250 train_time:269.035s step_avg:158.63ms
step:1697/3250 train_time:269.194s step_avg:158.63ms
step:1698/3250 train_time:269.354s step_avg:158.63ms
step:1699/3250 train_time:269.513s step_avg:158.63ms
step:1700/3250 train_time:269.674s step_avg:158.63ms
step:1701/3250 train_time:269.834s step_avg:158.63ms
step:1702/3250 train_time:269.994s step_avg:158.63ms
step:1703/3250 train_time:270.154s step_avg:158.63ms
step:1704/3250 train_time:270.314s step_avg:158.64ms
step:1705/3250 train_time:270.474s step_avg:158.64ms
step:1706/3250 train_time:270.634s step_avg:158.64ms
step:1707/3250 train_time:270.794s step_avg:158.64ms
step:1708/3250 train_time:270.954s step_avg:158.64ms
step:1709/3250 train_time:271.114s step_avg:158.64ms
step:1710/3250 train_time:271.274s step_avg:158.64ms
step:1711/3250 train_time:271.494s step_avg:158.68ms
step:1712/3250 train_time:271.655s step_avg:158.68ms
step:1713/3250 train_time:271.815s step_avg:158.68ms
step:1714/3250 train_time:271.974s step_avg:158.68ms
step:1715/3250 train_time:272.136s step_avg:158.68ms
step:1716/3250 train_time:272.296s step_avg:158.68ms
step:1717/3250 train_time:272.455s step_avg:158.68ms
step:1718/3250 train_time:272.617s step_avg:158.68ms
step:1719/3250 train_time:272.777s step_avg:158.68ms
step:1720/3250 train_time:272.937s step_avg:158.68ms
step:1721/3250 train_time:273.097s step_avg:158.68ms
step:1722/3250 train_time:273.256s step_avg:158.69ms
step:1723/3250 train_time:273.416s step_avg:158.69ms
step:1724/3250 train_time:273.575s step_avg:158.69ms
step:1725/3250 train_time:273.734s step_avg:158.69ms
step:1726/3250 train_time:273.894s step_avg:158.69ms
step:1727/3250 train_time:274.058s step_avg:158.69ms
step:1728/3250 train_time:274.218s step_avg:158.69ms
step:1729/3250 train_time:274.377s step_avg:158.69ms
step:1730/3250 train_time:274.537s step_avg:158.69ms
step:1731/3250 train_time:274.697s step_avg:158.69ms
step:1732/3250 train_time:274.858s step_avg:158.69ms
step:1733/3250 train_time:275.018s step_avg:158.69ms
step:1734/3250 train_time:275.178s step_avg:158.70ms
step:1735/3250 train_time:275.338s step_avg:158.70ms
step:1736/3250 train_time:275.497s step_avg:158.70ms
step:1737/3250 train_time:275.657s step_avg:158.70ms
step:1738/3250 train_time:275.816s step_avg:158.70ms
step:1739/3250 train_time:275.976s step_avg:158.70ms
step:1740/3250 train_time:276.135s step_avg:158.70ms
step:1741/3250 train_time:276.296s step_avg:158.70ms
step:1742/3250 train_time:276.455s step_avg:158.70ms
step:1743/3250 train_time:276.617s step_avg:158.70ms
step:1744/3250 train_time:276.777s step_avg:158.70ms
step:1745/3250 train_time:276.939s step_avg:158.70ms
step:1746/3250 train_time:277.099s step_avg:158.70ms
step:1747/3250 train_time:277.257s step_avg:158.70ms
step:1748/3250 train_time:277.417s step_avg:158.71ms
step:1749/3250 train_time:277.578s step_avg:158.71ms
step:1750/3250 train_time:277.737s step_avg:158.71ms
step:1750/3250 val_loss:3.47265 train_time:277.737s step_avg:160.79ms
step:1751/3250 train_time:277.903s step_avg:158.71ms
step:1752/3250 train_time:278.062s step_avg:158.71ms
step:1753/3250 train_time:278.223s step_avg:158.71ms
step:1754/3250 train_time:278.383s step_avg:158.71ms
step:1755/3250 train_time:278.544s step_avg:158.71ms
step:1756/3250 train_time:278.704s step_avg:158.72ms
step:1757/3250 train_time:278.863s step_avg:158.72ms
step:1758/3250 train_time:279.024s step_avg:158.72ms
step:1759/3250 train_time:279.185s step_avg:158.72ms
step:1760/3250 train_time:279.344s step_avg:158.72ms
step:1761/3250 train_time:279.504s step_avg:158.72ms
step:1762/3250 train_time:279.663s step_avg:158.72ms
step:1763/3250 train_time:279.823s step_avg:158.72ms
step:1764/3250 train_time:279.981s step_avg:158.72ms
step:1765/3250 train_time:280.141s step_avg:158.72ms
step:1766/3250 train_time:280.301s step_avg:158.72ms
step:1767/3250 train_time:280.461s step_avg:158.72ms
step:1768/3250 train_time:280.621s step_avg:158.72ms
step:1769/3250 train_time:280.780s step_avg:158.72ms
step:1770/3250 train_time:280.940s step_avg:158.72ms
step:1771/3250 train_time:281.100s step_avg:158.72ms
step:1772/3250 train_time:281.259s step_avg:158.72ms
step:1773/3250 train_time:281.418s step_avg:158.72ms
step:1774/3250 train_time:281.578s step_avg:158.72ms
step:1775/3250 train_time:281.738s step_avg:158.73ms
step:1776/3250 train_time:281.901s step_avg:158.73ms
step:1777/3250 train_time:282.063s step_avg:158.73ms
step:1778/3250 train_time:282.222s step_avg:158.73ms
step:1779/3250 train_time:282.381s step_avg:158.73ms
step:1780/3250 train_time:282.542s step_avg:158.73ms
step:1781/3250 train_time:282.701s step_avg:158.73ms
step:1782/3250 train_time:282.861s step_avg:158.73ms
step:1783/3250 train_time:283.022s step_avg:158.73ms
step:1784/3250 train_time:283.181s step_avg:158.73ms
step:1785/3250 train_time:283.341s step_avg:158.73ms
step:1786/3250 train_time:283.500s step_avg:158.73ms
step:1787/3250 train_time:283.661s step_avg:158.74ms
step:1788/3250 train_time:283.821s step_avg:158.74ms
step:1789/3250 train_time:283.981s step_avg:158.74ms
step:1790/3250 train_time:284.141s step_avg:158.74ms
step:1791/3250 train_time:284.300s step_avg:158.74ms
step:1792/3250 train_time:284.460s step_avg:158.74ms
step:1793/3250 train_time:284.620s step_avg:158.74ms
step:1794/3250 train_time:284.780s step_avg:158.74ms
step:1795/3250 train_time:284.940s step_avg:158.74ms
step:1796/3250 train_time:285.099s step_avg:158.74ms
step:1797/3250 train_time:285.261s step_avg:158.74ms
step:1798/3250 train_time:285.419s step_avg:158.74ms
step:1799/3250 train_time:285.579s step_avg:158.74ms
step:1800/3250 train_time:285.740s step_avg:158.74ms
step:1801/3250 train_time:285.900s step_avg:158.74ms
step:1802/3250 train_time:286.059s step_avg:158.75ms
step:1803/3250 train_time:286.219s step_avg:158.75ms
step:1804/3250 train_time:286.380s step_avg:158.75ms
step:1805/3250 train_time:286.541s step_avg:158.75ms
step:1806/3250 train_time:286.700s step_avg:158.75ms
step:1807/3250 train_time:286.859s step_avg:158.75ms
step:1808/3250 train_time:287.019s step_avg:158.75ms
step:1809/3250 train_time:287.179s step_avg:158.75ms
step:1810/3250 train_time:287.338s step_avg:158.75ms
step:1811/3250 train_time:287.499s step_avg:158.75ms
step:1812/3250 train_time:287.658s step_avg:158.75ms
step:1813/3250 train_time:287.819s step_avg:158.75ms
step:1814/3250 train_time:287.981s step_avg:158.75ms
step:1815/3250 train_time:288.141s step_avg:158.76ms
step:1816/3250 train_time:288.301s step_avg:158.76ms
step:1817/3250 train_time:288.460s step_avg:158.76ms
step:1818/3250 train_time:288.622s step_avg:158.76ms
step:1819/3250 train_time:288.781s step_avg:158.76ms
step:1820/3250 train_time:288.941s step_avg:158.76ms
step:1821/3250 train_time:289.101s step_avg:158.76ms
step:1822/3250 train_time:289.262s step_avg:158.76ms
step:1823/3250 train_time:289.422s step_avg:158.76ms
step:1824/3250 train_time:289.581s step_avg:158.76ms
step:1825/3250 train_time:289.742s step_avg:158.76ms
step:1826/3250 train_time:289.904s step_avg:158.76ms
step:1827/3250 train_time:290.064s step_avg:158.77ms
step:1828/3250 train_time:290.225s step_avg:158.77ms
step:1829/3250 train_time:290.383s step_avg:158.77ms
step:1830/3250 train_time:290.543s step_avg:158.77ms
step:1831/3250 train_time:290.704s step_avg:158.77ms
step:1832/3250 train_time:290.863s step_avg:158.77ms
step:1833/3250 train_time:291.024s step_avg:158.77ms
step:1834/3250 train_time:291.184s step_avg:158.77ms
step:1835/3250 train_time:291.344s step_avg:158.77ms
step:1836/3250 train_time:291.504s step_avg:158.77ms
step:1837/3250 train_time:291.667s step_avg:158.77ms
step:1838/3250 train_time:291.829s step_avg:158.78ms
step:1839/3250 train_time:291.992s step_avg:158.78ms
step:1840/3250 train_time:292.153s step_avg:158.78ms
step:1841/3250 train_time:292.313s step_avg:158.78ms
step:1842/3250 train_time:292.473s step_avg:158.78ms
step:1843/3250 train_time:292.637s step_avg:158.78ms
step:1844/3250 train_time:292.799s step_avg:158.78ms
step:1845/3250 train_time:292.960s step_avg:158.79ms
step:1846/3250 train_time:293.120s step_avg:158.79ms
step:1847/3250 train_time:293.280s step_avg:158.79ms
step:1848/3250 train_time:293.439s step_avg:158.79ms
step:1849/3250 train_time:293.599s step_avg:158.79ms
step:1850/3250 train_time:293.759s step_avg:158.79ms
step:1851/3250 train_time:293.919s step_avg:158.79ms
step:1852/3250 train_time:294.081s step_avg:158.79ms
step:1853/3250 train_time:294.242s step_avg:158.79ms
step:1854/3250 train_time:294.404s step_avg:158.79ms
step:1855/3250 train_time:294.564s step_avg:158.79ms
step:1856/3250 train_time:294.724s step_avg:158.80ms
step:1857/3250 train_time:294.884s step_avg:158.80ms
step:1858/3250 train_time:295.046s step_avg:158.80ms
step:1859/3250 train_time:295.207s step_avg:158.80ms
step:1860/3250 train_time:295.366s step_avg:158.80ms
step:1861/3250 train_time:295.527s step_avg:158.80ms
step:1862/3250 train_time:295.687s step_avg:158.80ms
step:1863/3250 train_time:295.847s step_avg:158.80ms
step:1864/3250 train_time:296.008s step_avg:158.80ms
step:1865/3250 train_time:296.168s step_avg:158.80ms
step:1866/3250 train_time:296.329s step_avg:158.80ms
step:1867/3250 train_time:296.490s step_avg:158.81ms
step:1868/3250 train_time:296.651s step_avg:158.81ms
step:1869/3250 train_time:296.812s step_avg:158.81ms
step:1870/3250 train_time:296.974s step_avg:158.81ms
step:1871/3250 train_time:297.134s step_avg:158.81ms
step:1872/3250 train_time:297.296s step_avg:158.81ms
step:1873/3250 train_time:297.460s step_avg:158.81ms
step:1874/3250 train_time:297.622s step_avg:158.82ms
step:1875/3250 train_time:297.781s step_avg:158.82ms
step:1875/3250 val_loss:3.45178 train_time:297.782s step_avg:160.36ms
step:1876/3250 train_time:297.946s step_avg:158.82ms
step:1877/3250 train_time:298.106s step_avg:158.82ms
step:1878/3250 train_time:298.266s step_avg:158.82ms
step:1879/3250 train_time:298.426s step_avg:158.82ms
step:1880/3250 train_time:298.586s step_avg:158.82ms
step:1881/3250 train_time:298.747s step_avg:158.82ms
step:1882/3250 train_time:298.908s step_avg:158.82ms
step:1883/3250 train_time:299.068s step_avg:158.83ms
step:1884/3250 train_time:299.229s step_avg:158.83ms
step:1885/3250 train_time:299.391s step_avg:158.83ms
step:1886/3250 train_time:299.553s step_avg:158.83ms
step:1887/3250 train_time:299.715s step_avg:158.83ms
step:1888/3250 train_time:299.877s step_avg:158.83ms
step:1889/3250 train_time:300.037s step_avg:158.83ms
step:1890/3250 train_time:300.197s step_avg:158.83ms
step:1891/3250 train_time:300.357s step_avg:158.84ms
step:1892/3250 train_time:300.519s step_avg:158.84ms
step:1893/3250 train_time:300.680s step_avg:158.84ms
step:1894/3250 train_time:300.840s step_avg:158.84ms
step:1895/3250 train_time:301.001s step_avg:158.84ms
step:1896/3250 train_time:301.160s step_avg:158.84ms
step:1897/3250 train_time:301.320s step_avg:158.84ms
step:1898/3250 train_time:301.481s step_avg:158.84ms
step:1899/3250 train_time:301.641s step_avg:158.84ms
step:1900/3250 train_time:301.802s step_avg:158.84ms
step:1901/3250 train_time:302.023s step_avg:158.88ms
step:1902/3250 train_time:302.184s step_avg:158.88ms
step:1903/3250 train_time:302.344s step_avg:158.88ms
step:1904/3250 train_time:302.504s step_avg:158.88ms
step:1905/3250 train_time:302.663s step_avg:158.88ms
step:1906/3250 train_time:302.824s step_avg:158.88ms
step:1907/3250 train_time:302.984s step_avg:158.88ms
step:1908/3250 train_time:303.146s step_avg:158.88ms
step:1909/3250 train_time:303.307s step_avg:158.88ms
step:1910/3250 train_time:303.467s step_avg:158.88ms
step:1911/3250 train_time:303.629s step_avg:158.89ms
step:1912/3250 train_time:303.789s step_avg:158.89ms
step:1913/3250 train_time:303.953s step_avg:158.89ms
step:1914/3250 train_time:304.114s step_avg:158.89ms
step:1915/3250 train_time:304.275s step_avg:158.89ms
step:1916/3250 train_time:304.437s step_avg:158.89ms
step:1917/3250 train_time:304.598s step_avg:158.89ms
step:1918/3250 train_time:304.758s step_avg:158.89ms
step:1919/3250 train_time:304.919s step_avg:158.89ms
step:1920/3250 train_time:305.078s step_avg:158.89ms
step:1921/3250 train_time:305.240s step_avg:158.90ms
step:1922/3250 train_time:305.400s step_avg:158.90ms
step:1923/3250 train_time:305.560s step_avg:158.90ms
step:1924/3250 train_time:305.722s step_avg:158.90ms
step:1925/3250 train_time:305.881s step_avg:158.90ms
step:1926/3250 train_time:306.042s step_avg:158.90ms
step:1927/3250 train_time:306.202s step_avg:158.90ms
step:1928/3250 train_time:306.362s step_avg:158.90ms
step:1929/3250 train_time:306.523s step_avg:158.90ms
step:1930/3250 train_time:306.683s step_avg:158.90ms
step:1931/3250 train_time:306.843s step_avg:158.90ms
step:1932/3250 train_time:307.003s step_avg:158.90ms
step:1933/3250 train_time:307.163s step_avg:158.90ms
step:1934/3250 train_time:307.323s step_avg:158.91ms
step:1935/3250 train_time:307.483s step_avg:158.91ms
step:1936/3250 train_time:307.644s step_avg:158.91ms
step:1937/3250 train_time:307.804s step_avg:158.91ms
step:1938/3250 train_time:307.964s step_avg:158.91ms
step:1939/3250 train_time:308.127s step_avg:158.91ms
step:1940/3250 train_time:308.289s step_avg:158.91ms
step:1941/3250 train_time:308.451s step_avg:158.91ms
step:1942/3250 train_time:308.612s step_avg:158.91ms
step:1943/3250 train_time:308.772s step_avg:158.92ms
step:1944/3250 train_time:308.935s step_avg:158.92ms
step:1945/3250 train_time:309.095s step_avg:158.92ms
step:1946/3250 train_time:309.256s step_avg:158.92ms
step:1947/3250 train_time:309.416s step_avg:158.92ms
step:1948/3250 train_time:309.576s step_avg:158.92ms
step:1949/3250 train_time:309.736s step_avg:158.92ms
step:1950/3250 train_time:309.897s step_avg:158.92ms
step:1951/3250 train_time:310.057s step_avg:158.92ms
step:1952/3250 train_time:310.217s step_avg:158.92ms
step:1953/3250 train_time:310.377s step_avg:158.92ms
step:1954/3250 train_time:310.537s step_avg:158.92ms
step:1955/3250 train_time:310.698s step_avg:158.92ms
step:1956/3250 train_time:310.859s step_avg:158.93ms
step:1957/3250 train_time:311.019s step_avg:158.93ms
step:1958/3250 train_time:311.179s step_avg:158.93ms
step:1959/3250 train_time:311.338s step_avg:158.93ms
step:1960/3250 train_time:311.498s step_avg:158.93ms
step:1961/3250 train_time:311.658s step_avg:158.93ms
step:1962/3250 train_time:311.818s step_avg:158.93ms
step:1963/3250 train_time:311.980s step_avg:158.93ms
step:1964/3250 train_time:312.140s step_avg:158.93ms
step:1965/3250 train_time:312.301s step_avg:158.93ms
step:1966/3250 train_time:312.461s step_avg:158.93ms
step:1967/3250 train_time:312.620s step_avg:158.93ms
step:1968/3250 train_time:312.781s step_avg:158.93ms
step:1969/3250 train_time:312.940s step_avg:158.93ms
step:1970/3250 train_time:313.101s step_avg:158.93ms
step:1971/3250 train_time:313.261s step_avg:158.94ms
step:1972/3250 train_time:313.422s step_avg:158.94ms
step:1973/3250 train_time:313.581s step_avg:158.94ms
step:1974/3250 train_time:313.741s step_avg:158.94ms
step:1975/3250 train_time:313.902s step_avg:158.94ms
step:1976/3250 train_time:314.061s step_avg:158.94ms
step:1977/3250 train_time:314.222s step_avg:158.94ms
step:1978/3250 train_time:314.381s step_avg:158.94ms
step:1979/3250 train_time:314.542s step_avg:158.94ms
step:1980/3250 train_time:314.702s step_avg:158.94ms
step:1981/3250 train_time:314.861s step_avg:158.94ms
step:1982/3250 train_time:315.023s step_avg:158.94ms
step:1983/3250 train_time:315.183s step_avg:158.94ms
step:1984/3250 train_time:315.344s step_avg:158.94ms
step:1985/3250 train_time:315.505s step_avg:158.94ms
step:1986/3250 train_time:315.664s step_avg:158.94ms
step:1987/3250 train_time:315.825s step_avg:158.95ms
step:1988/3250 train_time:315.984s step_avg:158.95ms
step:1989/3250 train_time:316.147s step_avg:158.95ms
step:1990/3250 train_time:316.307s step_avg:158.95ms
step:1991/3250 train_time:316.467s step_avg:158.95ms
step:1992/3250 train_time:316.628s step_avg:158.95ms
step:1993/3250 train_time:316.789s step_avg:158.95ms
step:1994/3250 train_time:316.950s step_avg:158.95ms
step:1995/3250 train_time:317.111s step_avg:158.95ms
step:1996/3250 train_time:317.272s step_avg:158.95ms
step:1997/3250 train_time:317.433s step_avg:158.95ms
step:1998/3250 train_time:317.597s step_avg:158.96ms
step:1999/3250 train_time:317.759s step_avg:158.96ms
step:2000/3250 train_time:317.919s step_avg:158.96ms
step:2000/3250 val_loss:3.43239 train_time:317.919s step_avg:161.10ms
step:2001/3250 train_time:318.083s step_avg:158.96ms
step:2002/3250 train_time:318.243s step_avg:158.96ms
step:2003/3250 train_time:318.403s step_avg:158.96ms
step:2004/3250 train_time:318.563s step_avg:158.96ms
step:2005/3250 train_time:318.724s step_avg:158.96ms
step:2006/3250 train_time:318.884s step_avg:158.97ms
step:2007/3250 train_time:319.045s step_avg:158.97ms
step:2008/3250 train_time:319.207s step_avg:158.97ms
step:2009/3250 train_time:319.368s step_avg:158.97ms
step:2010/3250 train_time:319.528s step_avg:158.97ms
step:2011/3250 train_time:319.691s step_avg:158.97ms
step:2012/3250 train_time:319.852s step_avg:158.97ms
step:2013/3250 train_time:320.013s step_avg:158.97ms
step:2014/3250 train_time:320.173s step_avg:158.97ms
step:2015/3250 train_time:320.333s step_avg:158.97ms
step:2016/3250 train_time:320.496s step_avg:158.98ms
step:2017/3250 train_time:320.656s step_avg:158.98ms
step:2018/3250 train_time:320.823s step_avg:158.98ms
step:2019/3250 train_time:320.985s step_avg:158.98ms
step:2020/3250 train_time:321.146s step_avg:158.98ms
step:2021/3250 train_time:321.307s step_avg:158.98ms
step:2022/3250 train_time:321.467s step_avg:158.98ms
step:2023/3250 train_time:321.628s step_avg:158.99ms
step:2024/3250 train_time:321.789s step_avg:158.99ms
step:2025/3250 train_time:321.950s step_avg:158.99ms
step:2026/3250 train_time:322.114s step_avg:158.99ms
step:2027/3250 train_time:322.274s step_avg:158.99ms
step:2028/3250 train_time:322.434s step_avg:158.99ms
step:2029/3250 train_time:322.594s step_avg:158.99ms
step:2030/3250 train_time:322.755s step_avg:158.99ms
step:2031/3250 train_time:322.915s step_avg:158.99ms
step:2032/3250 train_time:323.075s step_avg:158.99ms
step:2033/3250 train_time:323.235s step_avg:158.99ms
step:2034/3250 train_time:323.395s step_avg:158.99ms
step:2035/3250 train_time:323.556s step_avg:159.00ms
step:2036/3250 train_time:323.715s step_avg:159.00ms
step:2037/3250 train_time:323.875s step_avg:159.00ms
step:2038/3250 train_time:324.035s step_avg:159.00ms
step:2039/3250 train_time:324.196s step_avg:159.00ms
step:2040/3250 train_time:324.357s step_avg:159.00ms
step:2041/3250 train_time:324.518s step_avg:159.00ms
step:2042/3250 train_time:324.678s step_avg:159.00ms
step:2043/3250 train_time:324.839s step_avg:159.00ms
step:2044/3250 train_time:324.998s step_avg:159.00ms
step:2045/3250 train_time:325.158s step_avg:159.00ms
step:2046/3250 train_time:325.317s step_avg:159.00ms
step:2047/3250 train_time:325.478s step_avg:159.00ms
step:2048/3250 train_time:325.638s step_avg:159.00ms
step:2049/3250 train_time:325.797s step_avg:159.00ms
step:2050/3250 train_time:325.957s step_avg:159.00ms
step:2051/3250 train_time:326.117s step_avg:159.00ms
step:2052/3250 train_time:326.276s step_avg:159.00ms
step:2053/3250 train_time:326.437s step_avg:159.00ms
step:2054/3250 train_time:326.598s step_avg:159.01ms
step:2055/3250 train_time:326.758s step_avg:159.01ms
step:2056/3250 train_time:326.918s step_avg:159.01ms
step:2057/3250 train_time:327.077s step_avg:159.01ms
step:2058/3250 train_time:327.239s step_avg:159.01ms
step:2059/3250 train_time:327.399s step_avg:159.01ms
step:2060/3250 train_time:327.559s step_avg:159.01ms
step:2061/3250 train_time:327.718s step_avg:159.01ms
step:2062/3250 train_time:327.878s step_avg:159.01ms
step:2063/3250 train_time:328.037s step_avg:159.01ms
step:2064/3250 train_time:328.197s step_avg:159.01ms
step:2065/3250 train_time:328.356s step_avg:159.01ms
step:2066/3250 train_time:328.516s step_avg:159.01ms
step:2067/3250 train_time:328.678s step_avg:159.01ms
step:2068/3250 train_time:328.837s step_avg:159.01ms
step:2069/3250 train_time:328.997s step_avg:159.01ms
step:2070/3250 train_time:329.158s step_avg:159.01ms
step:2071/3250 train_time:329.317s step_avg:159.01ms
step:2072/3250 train_time:329.477s step_avg:159.01ms
step:2073/3250 train_time:329.639s step_avg:159.02ms
step:2074/3250 train_time:329.798s step_avg:159.02ms
step:2075/3250 train_time:329.960s step_avg:159.02ms
step:2076/3250 train_time:330.122s step_avg:159.02ms
step:2077/3250 train_time:330.282s step_avg:159.02ms
step:2078/3250 train_time:330.444s step_avg:159.02ms
step:2079/3250 train_time:330.606s step_avg:159.02ms
step:2080/3250 train_time:330.768s step_avg:159.02ms
step:2081/3250 train_time:330.927s step_avg:159.02ms
step:2082/3250 train_time:331.089s step_avg:159.02ms
step:2083/3250 train_time:331.249s step_avg:159.03ms
step:2084/3250 train_time:331.410s step_avg:159.03ms
step:2085/3250 train_time:331.573s step_avg:159.03ms
step:2086/3250 train_time:331.733s step_avg:159.03ms
step:2087/3250 train_time:331.893s step_avg:159.03ms
step:2088/3250 train_time:332.055s step_avg:159.03ms
step:2089/3250 train_time:332.216s step_avg:159.03ms
step:2090/3250 train_time:332.376s step_avg:159.03ms
step:2091/3250 train_time:332.597s step_avg:159.06ms
step:2092/3250 train_time:332.757s step_avg:159.06ms
step:2093/3250 train_time:332.917s step_avg:159.06ms
step:2094/3250 train_time:333.077s step_avg:159.06ms
step:2095/3250 train_time:333.237s step_avg:159.06ms
step:2096/3250 train_time:333.397s step_avg:159.06ms
step:2097/3250 train_time:333.557s step_avg:159.06ms
step:2098/3250 train_time:333.717s step_avg:159.06ms
step:2099/3250 train_time:333.877s step_avg:159.06ms
step:2100/3250 train_time:334.037s step_avg:159.07ms
step:2101/3250 train_time:334.200s step_avg:159.07ms
step:2102/3250 train_time:334.361s step_avg:159.07ms
step:2103/3250 train_time:334.522s step_avg:159.07ms
step:2104/3250 train_time:334.681s step_avg:159.07ms
step:2105/3250 train_time:334.842s step_avg:159.07ms
step:2106/3250 train_time:335.003s step_avg:159.07ms
step:2107/3250 train_time:335.164s step_avg:159.07ms
step:2108/3250 train_time:335.325s step_avg:159.07ms
step:2109/3250 train_time:335.488s step_avg:159.07ms
step:2110/3250 train_time:335.649s step_avg:159.08ms
step:2111/3250 train_time:335.810s step_avg:159.08ms
step:2112/3250 train_time:335.973s step_avg:159.08ms
step:2113/3250 train_time:336.134s step_avg:159.08ms
step:2114/3250 train_time:336.294s step_avg:159.08ms
step:2115/3250 train_time:336.454s step_avg:159.08ms
step:2116/3250 train_time:336.616s step_avg:159.08ms
step:2117/3250 train_time:336.776s step_avg:159.08ms
step:2118/3250 train_time:336.935s step_avg:159.08ms
step:2119/3250 train_time:337.096s step_avg:159.08ms
step:2120/3250 train_time:337.256s step_avg:159.08ms
step:2121/3250 train_time:337.416s step_avg:159.08ms
step:2122/3250 train_time:337.576s step_avg:159.08ms
step:2123/3250 train_time:337.735s step_avg:159.08ms
step:2124/3250 train_time:337.896s step_avg:159.08ms
step:2125/3250 train_time:338.055s step_avg:159.08ms
step:2125/3250 val_loss:3.41425 train_time:338.055s step_avg:161.09ms
step:2126/3250 train_time:338.218s step_avg:159.09ms
step:2127/3250 train_time:338.377s step_avg:159.09ms
step:2128/3250 train_time:338.537s step_avg:159.09ms
step:2129/3250 train_time:338.697s step_avg:159.09ms
step:2130/3250 train_time:338.858s step_avg:159.09ms
step:2131/3250 train_time:339.018s step_avg:159.09ms
step:2132/3250 train_time:339.178s step_avg:159.09ms
step:2133/3250 train_time:339.339s step_avg:159.09ms
step:2134/3250 train_time:339.499s step_avg:159.09ms
step:2135/3250 train_time:339.660s step_avg:159.09ms
step:2136/3250 train_time:339.822s step_avg:159.09ms
step:2137/3250 train_time:339.983s step_avg:159.09ms
step:2138/3250 train_time:340.143s step_avg:159.09ms
step:2139/3250 train_time:340.303s step_avg:159.09ms
step:2140/3250 train_time:340.464s step_avg:159.10ms
step:2141/3250 train_time:340.626s step_avg:159.10ms
step:2142/3250 train_time:340.788s step_avg:159.10ms
step:2143/3250 train_time:340.950s step_avg:159.10ms
step:2144/3250 train_time:341.111s step_avg:159.10ms
step:2145/3250 train_time:341.272s step_avg:159.10ms
step:2146/3250 train_time:341.432s step_avg:159.10ms
step:2147/3250 train_time:341.593s step_avg:159.10ms
step:2148/3250 train_time:341.753s step_avg:159.10ms
step:2149/3250 train_time:341.915s step_avg:159.10ms
step:2150/3250 train_time:342.077s step_avg:159.11ms
step:2151/3250 train_time:342.238s step_avg:159.11ms
step:2152/3250 train_time:342.399s step_avg:159.11ms
step:2153/3250 train_time:342.559s step_avg:159.11ms
step:2154/3250 train_time:342.719s step_avg:159.11ms
step:2155/3250 train_time:342.879s step_avg:159.11ms
step:2156/3250 train_time:343.039s step_avg:159.11ms
step:2157/3250 train_time:343.198s step_avg:159.11ms
step:2158/3250 train_time:343.359s step_avg:159.11ms
step:2159/3250 train_time:343.518s step_avg:159.11ms
step:2160/3250 train_time:343.678s step_avg:159.11ms
step:2161/3250 train_time:343.837s step_avg:159.11ms
step:2162/3250 train_time:343.998s step_avg:159.11ms
step:2163/3250 train_time:344.159s step_avg:159.11ms
step:2164/3250 train_time:344.320s step_avg:159.11ms
step:2165/3250 train_time:344.480s step_avg:159.11ms
step:2166/3250 train_time:344.639s step_avg:159.11ms
step:2167/3250 train_time:344.802s step_avg:159.12ms
step:2168/3250 train_time:344.962s step_avg:159.12ms
step:2169/3250 train_time:345.122s step_avg:159.12ms
step:2170/3250 train_time:345.283s step_avg:159.12ms
step:2171/3250 train_time:345.444s step_avg:159.12ms
step:2172/3250 train_time:345.606s step_avg:159.12ms
step:2173/3250 train_time:345.768s step_avg:159.12ms
step:2174/3250 train_time:345.928s step_avg:159.12ms
step:2175/3250 train_time:346.089s step_avg:159.12ms
step:2176/3250 train_time:346.249s step_avg:159.12ms
step:2177/3250 train_time:346.410s step_avg:159.12ms
step:2178/3250 train_time:346.572s step_avg:159.12ms
step:2179/3250 train_time:346.732s step_avg:159.12ms
step:2180/3250 train_time:346.893s step_avg:159.13ms
step:2181/3250 train_time:347.054s step_avg:159.13ms
step:2182/3250 train_time:347.214s step_avg:159.13ms
step:2183/3250 train_time:347.374s step_avg:159.13ms
step:2184/3250 train_time:347.534s step_avg:159.13ms
step:2185/3250 train_time:347.694s step_avg:159.13ms
step:2186/3250 train_time:347.855s step_avg:159.13ms
step:2187/3250 train_time:348.015s step_avg:159.13ms
step:2188/3250 train_time:348.175s step_avg:159.13ms
step:2189/3250 train_time:348.334s step_avg:159.13ms
step:2190/3250 train_time:348.494s step_avg:159.13ms
step:2191/3250 train_time:348.654s step_avg:159.13ms
step:2192/3250 train_time:348.815s step_avg:159.13ms
step:2193/3250 train_time:348.977s step_avg:159.13ms
step:2194/3250 train_time:349.139s step_avg:159.13ms
step:2195/3250 train_time:349.298s step_avg:159.13ms
step:2196/3250 train_time:349.460s step_avg:159.13ms
step:2197/3250 train_time:349.623s step_avg:159.14ms
step:2198/3250 train_time:349.785s step_avg:159.14ms
step:2199/3250 train_time:349.947s step_avg:159.14ms
step:2200/3250 train_time:350.110s step_avg:159.14ms
step:2201/3250 train_time:350.273s step_avg:159.14ms
step:2202/3250 train_time:350.433s step_avg:159.14ms
step:2203/3250 train_time:350.594s step_avg:159.14ms
step:2204/3250 train_time:350.753s step_avg:159.14ms
step:2205/3250 train_time:350.913s step_avg:159.14ms
step:2206/3250 train_time:351.073s step_avg:159.14ms
step:2207/3250 train_time:351.236s step_avg:159.15ms
step:2208/3250 train_time:351.396s step_avg:159.15ms
step:2209/3250 train_time:351.558s step_avg:159.15ms
step:2210/3250 train_time:351.716s step_avg:159.15ms
step:2211/3250 train_time:351.876s step_avg:159.15ms
step:2212/3250 train_time:352.039s step_avg:159.15ms
step:2213/3250 train_time:352.199s step_avg:159.15ms
step:2214/3250 train_time:352.361s step_avg:159.15ms
step:2215/3250 train_time:352.520s step_avg:159.15ms
step:2216/3250 train_time:352.681s step_avg:159.15ms
step:2217/3250 train_time:352.841s step_avg:159.15ms
step:2218/3250 train_time:353.000s step_avg:159.15ms
step:2219/3250 train_time:353.161s step_avg:159.15ms
step:2220/3250 train_time:353.320s step_avg:159.15ms
step:2221/3250 train_time:353.480s step_avg:159.15ms
step:2222/3250 train_time:353.640s step_avg:159.15ms
step:2223/3250 train_time:353.799s step_avg:159.15ms
step:2224/3250 train_time:353.961s step_avg:159.16ms
step:2225/3250 train_time:354.121s step_avg:159.16ms
step:2226/3250 train_time:354.283s step_avg:159.16ms
step:2227/3250 train_time:354.442s step_avg:159.16ms
step:2228/3250 train_time:354.603s step_avg:159.16ms
step:2229/3250 train_time:354.765s step_avg:159.16ms
step:2230/3250 train_time:354.924s step_avg:159.16ms
step:2231/3250 train_time:355.086s step_avg:159.16ms
step:2232/3250 train_time:355.247s step_avg:159.16ms
step:2233/3250 train_time:355.408s step_avg:159.16ms
step:2234/3250 train_time:355.570s step_avg:159.16ms
step:2235/3250 train_time:355.729s step_avg:159.16ms
step:2236/3250 train_time:355.890s step_avg:159.16ms
step:2237/3250 train_time:356.051s step_avg:159.16ms
step:2238/3250 train_time:356.212s step_avg:159.17ms
step:2239/3250 train_time:356.373s step_avg:159.17ms
step:2240/3250 train_time:356.532s step_avg:159.17ms
step:2241/3250 train_time:356.694s step_avg:159.17ms
step:2242/3250 train_time:356.854s step_avg:159.17ms
step:2243/3250 train_time:357.014s step_avg:159.17ms
step:2244/3250 train_time:357.175s step_avg:159.17ms
step:2245/3250 train_time:357.334s step_avg:159.17ms
step:2246/3250 train_time:357.494s step_avg:159.17ms
step:2247/3250 train_time:357.654s step_avg:159.17ms
step:2248/3250 train_time:357.814s step_avg:159.17ms
step:2249/3250 train_time:357.974s step_avg:159.17ms
step:2250/3250 train_time:358.133s step_avg:159.17ms
step:2250/3250 val_loss:3.39637 train_time:358.134s step_avg:160.63ms
step:2251/3250 train_time:358.298s step_avg:159.17ms
step:2252/3250 train_time:358.458s step_avg:159.17ms
step:2253/3250 train_time:358.620s step_avg:159.17ms
step:2254/3250 train_time:358.779s step_avg:159.17ms
step:2255/3250 train_time:358.939s step_avg:159.17ms
step:2256/3250 train_time:359.098s step_avg:159.17ms
step:2257/3250 train_time:359.258s step_avg:159.18ms
step:2258/3250 train_time:359.418s step_avg:159.18ms
step:2259/3250 train_time:359.578s step_avg:159.18ms
step:2260/3250 train_time:359.738s step_avg:159.18ms
step:2261/3250 train_time:359.897s step_avg:159.18ms
step:2262/3250 train_time:360.057s step_avg:159.18ms
step:2263/3250 train_time:360.217s step_avg:159.18ms
step:2264/3250 train_time:360.376s step_avg:159.18ms
step:2265/3250 train_time:360.536s step_avg:159.18ms
step:2266/3250 train_time:360.697s step_avg:159.18ms
step:2267/3250 train_time:360.858s step_avg:159.18ms
step:2268/3250 train_time:361.018s step_avg:159.18ms
step:2269/3250 train_time:361.178s step_avg:159.18ms
step:2270/3250 train_time:361.338s step_avg:159.18ms
step:2271/3250 train_time:361.497s step_avg:159.18ms
step:2272/3250 train_time:361.658s step_avg:159.18ms
step:2273/3250 train_time:361.818s step_avg:159.18ms
step:2274/3250 train_time:361.980s step_avg:159.18ms
step:2275/3250 train_time:362.140s step_avg:159.18ms
step:2276/3250 train_time:362.301s step_avg:159.18ms
step:2277/3250 train_time:362.462s step_avg:159.18ms
step:2278/3250 train_time:362.621s step_avg:159.18ms
step:2279/3250 train_time:362.781s step_avg:159.18ms
step:2280/3250 train_time:362.941s step_avg:159.18ms
step:2281/3250 train_time:363.165s step_avg:159.21ms
step:2282/3250 train_time:363.324s step_avg:159.21ms
step:2283/3250 train_time:363.486s step_avg:159.21ms
step:2284/3250 train_time:363.647s step_avg:159.21ms
step:2285/3250 train_time:363.808s step_avg:159.22ms
step:2286/3250 train_time:363.969s step_avg:159.22ms
step:2287/3250 train_time:364.130s step_avg:159.22ms
step:2288/3250 train_time:364.291s step_avg:159.22ms
step:2289/3250 train_time:364.453s step_avg:159.22ms
step:2290/3250 train_time:364.615s step_avg:159.22ms
step:2291/3250 train_time:364.775s step_avg:159.22ms
step:2292/3250 train_time:364.936s step_avg:159.22ms
step:2293/3250 train_time:365.096s step_avg:159.22ms
step:2294/3250 train_time:365.258s step_avg:159.22ms
step:2295/3250 train_time:365.417s step_avg:159.22ms
step:2296/3250 train_time:365.577s step_avg:159.22ms
step:2297/3250 train_time:365.737s step_avg:159.22ms
step:2298/3250 train_time:365.899s step_avg:159.22ms
step:2299/3250 train_time:366.058s step_avg:159.22ms
step:2300/3250 train_time:366.218s step_avg:159.23ms
step:2301/3250 train_time:366.377s step_avg:159.23ms
step:2302/3250 train_time:366.537s step_avg:159.23ms
step:2303/3250 train_time:366.697s step_avg:159.23ms
step:2304/3250 train_time:366.856s step_avg:159.23ms
step:2305/3250 train_time:367.016s step_avg:159.23ms
step:2306/3250 train_time:367.175s step_avg:159.23ms
step:2307/3250 train_time:367.335s step_avg:159.23ms
step:2308/3250 train_time:367.496s step_avg:159.23ms
step:2309/3250 train_time:367.656s step_avg:159.23ms
step:2310/3250 train_time:367.817s step_avg:159.23ms
step:2311/3250 train_time:367.978s step_avg:159.23ms
step:2312/3250 train_time:368.137s step_avg:159.23ms
step:2313/3250 train_time:368.298s step_avg:159.23ms
step:2314/3250 train_time:368.458s step_avg:159.23ms
step:2315/3250 train_time:368.619s step_avg:159.23ms
step:2316/3250 train_time:368.778s step_avg:159.23ms
step:2317/3250 train_time:368.939s step_avg:159.23ms
step:2318/3250 train_time:369.099s step_avg:159.23ms
step:2319/3250 train_time:369.259s step_avg:159.23ms
step:2320/3250 train_time:369.418s step_avg:159.23ms
step:2321/3250 train_time:369.578s step_avg:159.23ms
step:2322/3250 train_time:369.738s step_avg:159.23ms
step:2323/3250 train_time:369.898s step_avg:159.23ms
step:2324/3250 train_time:370.057s step_avg:159.23ms
step:2325/3250 train_time:370.217s step_avg:159.23ms
step:2326/3250 train_time:370.376s step_avg:159.23ms
step:2327/3250 train_time:370.537s step_avg:159.23ms
step:2328/3250 train_time:370.697s step_avg:159.23ms
step:2329/3250 train_time:370.857s step_avg:159.23ms
step:2330/3250 train_time:371.017s step_avg:159.23ms
step:2331/3250 train_time:371.179s step_avg:159.24ms
step:2332/3250 train_time:371.339s step_avg:159.24ms
step:2333/3250 train_time:371.499s step_avg:159.24ms
step:2334/3250 train_time:371.660s step_avg:159.24ms
step:2335/3250 train_time:371.819s step_avg:159.24ms
step:2336/3250 train_time:371.978s step_avg:159.24ms
step:2337/3250 train_time:372.139s step_avg:159.24ms
step:2338/3250 train_time:372.298s step_avg:159.24ms
step:2339/3250 train_time:372.458s step_avg:159.24ms
step:2340/3250 train_time:372.617s step_avg:159.24ms
step:2341/3250 train_time:372.777s step_avg:159.24ms
step:2342/3250 train_time:372.937s step_avg:159.24ms
step:2343/3250 train_time:373.097s step_avg:159.24ms
step:2344/3250 train_time:373.256s step_avg:159.24ms
step:2345/3250 train_time:373.415s step_avg:159.24ms
step:2346/3250 train_time:373.576s step_avg:159.24ms
step:2347/3250 train_time:373.735s step_avg:159.24ms
step:2348/3250 train_time:373.895s step_avg:159.24ms
step:2349/3250 train_time:374.055s step_avg:159.24ms
step:2350/3250 train_time:374.215s step_avg:159.24ms
step:2351/3250 train_time:374.375s step_avg:159.24ms
step:2352/3250 train_time:374.534s step_avg:159.24ms
step:2353/3250 train_time:374.695s step_avg:159.24ms
step:2354/3250 train_time:374.855s step_avg:159.24ms
step:2355/3250 train_time:375.017s step_avg:159.24ms
step:2356/3250 train_time:375.176s step_avg:159.24ms
step:2357/3250 train_time:375.336s step_avg:159.24ms
step:2358/3250 train_time:375.498s step_avg:159.24ms
step:2359/3250 train_time:375.657s step_avg:159.24ms
step:2360/3250 train_time:375.817s step_avg:159.24ms
step:2361/3250 train_time:375.978s step_avg:159.25ms
step:2362/3250 train_time:376.137s step_avg:159.25ms
step:2363/3250 train_time:376.298s step_avg:159.25ms
step:2364/3250 train_time:376.458s step_avg:159.25ms
step:2365/3250 train_time:376.617s step_avg:159.25ms
step:2366/3250 train_time:376.779s step_avg:159.25ms
step:2367/3250 train_time:376.938s step_avg:159.25ms
step:2368/3250 train_time:377.098s step_avg:159.25ms
step:2369/3250 train_time:377.258s step_avg:159.25ms
step:2370/3250 train_time:377.418s step_avg:159.25ms
step:2371/3250 train_time:377.579s step_avg:159.25ms
step:2372/3250 train_time:377.740s step_avg:159.25ms
step:2373/3250 train_time:377.900s step_avg:159.25ms
step:2374/3250 train_time:378.061s step_avg:159.25ms
step:2375/3250 train_time:378.222s step_avg:159.25ms
step:2375/3250 val_loss:3.37991 train_time:378.222s step_avg:160.71ms
step:2376/3250 train_time:378.392s step_avg:159.26ms
step:2377/3250 train_time:378.553s step_avg:159.26ms
step:2378/3250 train_time:378.713s step_avg:159.26ms
step:2379/3250 train_time:378.874s step_avg:159.26ms
step:2380/3250 train_time:379.035s step_avg:159.26ms
step:2381/3250 train_time:379.199s step_avg:159.26ms
step:2382/3250 train_time:379.359s step_avg:159.26ms
step:2383/3250 train_time:379.520s step_avg:159.26ms
step:2384/3250 train_time:379.680s step_avg:159.26ms
step:2385/3250 train_time:379.840s step_avg:159.26ms
step:2386/3250 train_time:379.999s step_avg:159.26ms
step:2387/3250 train_time:380.160s step_avg:159.26ms
step:2388/3250 train_time:380.321s step_avg:159.26ms
step:2389/3250 train_time:380.482s step_avg:159.26ms
step:2390/3250 train_time:380.643s step_avg:159.26ms
step:2391/3250 train_time:380.803s step_avg:159.27ms
step:2392/3250 train_time:380.961s step_avg:159.26ms
step:2393/3250 train_time:381.123s step_avg:159.27ms
step:2394/3250 train_time:381.284s step_avg:159.27ms
step:2395/3250 train_time:381.442s step_avg:159.27ms
step:2396/3250 train_time:381.603s step_avg:159.27ms
step:2397/3250 train_time:381.763s step_avg:159.27ms
step:2398/3250 train_time:381.923s step_avg:159.27ms
step:2399/3250 train_time:382.084s step_avg:159.27ms
step:2400/3250 train_time:382.243s step_avg:159.27ms
step:2401/3250 train_time:382.404s step_avg:159.27ms
step:2402/3250 train_time:382.564s step_avg:159.27ms
step:2403/3250 train_time:382.724s step_avg:159.27ms
step:2404/3250 train_time:382.884s step_avg:159.27ms
step:2405/3250 train_time:383.045s step_avg:159.27ms
step:2406/3250 train_time:383.204s step_avg:159.27ms
step:2407/3250 train_time:383.366s step_avg:159.27ms
step:2408/3250 train_time:383.527s step_avg:159.27ms
step:2409/3250 train_time:383.688s step_avg:159.27ms
step:2410/3250 train_time:383.848s step_avg:159.27ms
step:2411/3250 train_time:384.009s step_avg:159.27ms
step:2412/3250 train_time:384.170s step_avg:159.27ms
step:2413/3250 train_time:384.331s step_avg:159.28ms
step:2414/3250 train_time:384.491s step_avg:159.28ms
step:2415/3250 train_time:384.652s step_avg:159.28ms
step:2416/3250 train_time:384.814s step_avg:159.28ms
step:2417/3250 train_time:384.975s step_avg:159.28ms
step:2418/3250 train_time:385.134s step_avg:159.28ms
step:2419/3250 train_time:385.295s step_avg:159.28ms
step:2420/3250 train_time:385.456s step_avg:159.28ms
step:2421/3250 train_time:385.617s step_avg:159.28ms
step:2422/3250 train_time:385.778s step_avg:159.28ms
step:2423/3250 train_time:385.938s step_avg:159.28ms
step:2424/3250 train_time:386.099s step_avg:159.28ms
step:2425/3250 train_time:386.259s step_avg:159.28ms
step:2426/3250 train_time:386.420s step_avg:159.28ms
step:2427/3250 train_time:386.580s step_avg:159.28ms
step:2428/3250 train_time:386.739s step_avg:159.28ms
step:2429/3250 train_time:386.899s step_avg:159.28ms
step:2430/3250 train_time:387.059s step_avg:159.28ms
step:2431/3250 train_time:387.220s step_avg:159.28ms
step:2432/3250 train_time:387.380s step_avg:159.28ms
step:2433/3250 train_time:387.540s step_avg:159.29ms
step:2434/3250 train_time:387.700s step_avg:159.29ms
step:2435/3250 train_time:387.861s step_avg:159.29ms
step:2436/3250 train_time:388.022s step_avg:159.29ms
step:2437/3250 train_time:388.183s step_avg:159.29ms
step:2438/3250 train_time:388.344s step_avg:159.29ms
step:2439/3250 train_time:388.506s step_avg:159.29ms
step:2440/3250 train_time:388.666s step_avg:159.29ms
step:2441/3250 train_time:388.828s step_avg:159.29ms
step:2442/3250 train_time:388.988s step_avg:159.29ms
step:2443/3250 train_time:389.148s step_avg:159.29ms
step:2444/3250 train_time:389.309s step_avg:159.29ms
step:2445/3250 train_time:389.470s step_avg:159.29ms
step:2446/3250 train_time:389.630s step_avg:159.29ms
step:2447/3250 train_time:389.790s step_avg:159.29ms
step:2448/3250 train_time:389.951s step_avg:159.29ms
step:2449/3250 train_time:390.112s step_avg:159.29ms
step:2450/3250 train_time:390.273s step_avg:159.30ms
step:2451/3250 train_time:390.435s step_avg:159.30ms
step:2452/3250 train_time:390.596s step_avg:159.30ms
step:2453/3250 train_time:390.756s step_avg:159.30ms
step:2454/3250 train_time:390.915s step_avg:159.30ms
step:2455/3250 train_time:391.076s step_avg:159.30ms
step:2456/3250 train_time:391.239s step_avg:159.30ms
step:2457/3250 train_time:391.400s step_avg:159.30ms
step:2458/3250 train_time:391.559s step_avg:159.30ms
step:2459/3250 train_time:391.721s step_avg:159.30ms
step:2460/3250 train_time:391.881s step_avg:159.30ms
step:2461/3250 train_time:392.043s step_avg:159.30ms
step:2462/3250 train_time:392.205s step_avg:159.30ms
step:2463/3250 train_time:392.364s step_avg:159.30ms
step:2464/3250 train_time:392.526s step_avg:159.30ms
step:2465/3250 train_time:392.689s step_avg:159.31ms
step:2466/3250 train_time:392.849s step_avg:159.31ms
step:2467/3250 train_time:393.009s step_avg:159.31ms
step:2468/3250 train_time:393.171s step_avg:159.31ms
step:2469/3250 train_time:393.331s step_avg:159.31ms
step:2470/3250 train_time:393.492s step_avg:159.31ms
step:2471/3250 train_time:393.712s step_avg:159.33ms
step:2472/3250 train_time:393.872s step_avg:159.33ms
step:2473/3250 train_time:394.033s step_avg:159.33ms
step:2474/3250 train_time:394.195s step_avg:159.34ms
step:2475/3250 train_time:394.355s step_avg:159.34ms
step:2476/3250 train_time:394.515s step_avg:159.34ms
step:2477/3250 train_time:394.675s step_avg:159.34ms
step:2478/3250 train_time:394.834s step_avg:159.34ms
step:2479/3250 train_time:394.994s step_avg:159.34ms
step:2480/3250 train_time:395.154s step_avg:159.34ms
step:2481/3250 train_time:395.315s step_avg:159.34ms
step:2482/3250 train_time:395.475s step_avg:159.34ms
step:2483/3250 train_time:395.635s step_avg:159.34ms
step:2484/3250 train_time:395.794s step_avg:159.34ms
step:2485/3250 train_time:395.954s step_avg:159.34ms
step:2486/3250 train_time:396.114s step_avg:159.34ms
step:2487/3250 train_time:396.275s step_avg:159.34ms
step:2488/3250 train_time:396.435s step_avg:159.34ms
step:2489/3250 train_time:396.595s step_avg:159.34ms
step:2490/3250 train_time:396.756s step_avg:159.34ms
step:2491/3250 train_time:396.916s step_avg:159.34ms
step:2492/3250 train_time:397.076s step_avg:159.34ms
step:2493/3250 train_time:397.238s step_avg:159.34ms
step:2494/3250 train_time:397.399s step_avg:159.34ms
step:2495/3250 train_time:397.557s step_avg:159.34ms
step:2496/3250 train_time:397.717s step_avg:159.34ms
step:2497/3250 train_time:397.878s step_avg:159.34ms
step:2498/3250 train_time:398.038s step_avg:159.34ms
step:2499/3250 train_time:398.200s step_avg:159.34ms
step:2500/3250 train_time:398.360s step_avg:159.34ms
step:2500/3250 val_loss:3.36369 train_time:398.360s step_avg:161.10ms
step:2501/3250 train_time:398.524s step_avg:159.35ms
step:2502/3250 train_time:398.683s step_avg:159.35ms
step:2503/3250 train_time:398.844s step_avg:159.35ms
step:2504/3250 train_time:399.006s step_avg:159.35ms
step:2505/3250 train_time:399.167s step_avg:159.35ms
step:2506/3250 train_time:399.328s step_avg:159.35ms
step:2507/3250 train_time:399.488s step_avg:159.35ms
step:2508/3250 train_time:399.650s step_avg:159.35ms
step:2509/3250 train_time:399.812s step_avg:159.35ms
step:2510/3250 train_time:399.973s step_avg:159.35ms
step:2511/3250 train_time:400.134s step_avg:159.35ms
step:2512/3250 train_time:400.294s step_avg:159.35ms
step:2513/3250 train_time:400.456s step_avg:159.35ms
step:2514/3250 train_time:400.616s step_avg:159.35ms
step:2515/3250 train_time:400.776s step_avg:159.35ms
step:2516/3250 train_time:400.936s step_avg:159.35ms
step:2517/3250 train_time:401.098s step_avg:159.36ms
step:2518/3250 train_time:401.256s step_avg:159.36ms
step:2519/3250 train_time:401.416s step_avg:159.36ms
step:2520/3250 train_time:401.576s step_avg:159.36ms
step:2521/3250 train_time:401.737s step_avg:159.36ms
step:2522/3250 train_time:401.897s step_avg:159.36ms
step:2523/3250 train_time:402.057s step_avg:159.36ms
step:2524/3250 train_time:402.219s step_avg:159.36ms
step:2525/3250 train_time:402.378s step_avg:159.36ms
step:2526/3250 train_time:402.539s step_avg:159.36ms
step:2527/3250 train_time:402.698s step_avg:159.36ms
step:2528/3250 train_time:402.858s step_avg:159.36ms
step:2529/3250 train_time:403.018s step_avg:159.36ms
step:2530/3250 train_time:403.177s step_avg:159.36ms
step:2531/3250 train_time:403.341s step_avg:159.36ms
step:2532/3250 train_time:403.501s step_avg:159.36ms
step:2533/3250 train_time:403.662s step_avg:159.36ms
step:2534/3250 train_time:403.824s step_avg:159.36ms
step:2535/3250 train_time:403.984s step_avg:159.36ms
step:2536/3250 train_time:404.144s step_avg:159.36ms
step:2537/3250 train_time:404.306s step_avg:159.36ms
step:2538/3250 train_time:404.467s step_avg:159.36ms
step:2539/3250 train_time:404.628s step_avg:159.37ms
step:2540/3250 train_time:404.788s step_avg:159.37ms
step:2541/3250 train_time:404.949s step_avg:159.37ms
step:2542/3250 train_time:405.110s step_avg:159.37ms
step:2543/3250 train_time:405.271s step_avg:159.37ms
step:2544/3250 train_time:405.431s step_avg:159.37ms
step:2545/3250 train_time:405.591s step_avg:159.37ms
step:2546/3250 train_time:405.754s step_avg:159.37ms
step:2547/3250 train_time:405.915s step_avg:159.37ms
step:2548/3250 train_time:406.076s step_avg:159.37ms
step:2549/3250 train_time:406.239s step_avg:159.37ms
step:2550/3250 train_time:406.399s step_avg:159.37ms
step:2551/3250 train_time:406.561s step_avg:159.37ms
step:2552/3250 train_time:406.722s step_avg:159.37ms
step:2553/3250 train_time:406.883s step_avg:159.37ms
step:2554/3250 train_time:407.044s step_avg:159.38ms
step:2555/3250 train_time:407.204s step_avg:159.38ms
step:2556/3250 train_time:407.365s step_avg:159.38ms
step:2557/3250 train_time:407.526s step_avg:159.38ms
step:2558/3250 train_time:407.687s step_avg:159.38ms
step:2559/3250 train_time:407.848s step_avg:159.38ms
step:2560/3250 train_time:408.008s step_avg:159.38ms
step:2561/3250 train_time:408.169s step_avg:159.38ms
step:2562/3250 train_time:408.330s step_avg:159.38ms
step:2563/3250 train_time:408.491s step_avg:159.38ms
step:2564/3250 train_time:408.652s step_avg:159.38ms
step:2565/3250 train_time:408.812s step_avg:159.38ms
step:2566/3250 train_time:408.973s step_avg:159.38ms
step:2567/3250 train_time:409.134s step_avg:159.38ms
step:2568/3250 train_time:409.295s step_avg:159.38ms
step:2569/3250 train_time:409.455s step_avg:159.38ms
step:2570/3250 train_time:409.616s step_avg:159.38ms
step:2571/3250 train_time:409.776s step_avg:159.38ms
step:2572/3250 train_time:409.935s step_avg:159.38ms
step:2573/3250 train_time:410.096s step_avg:159.38ms
step:2574/3250 train_time:410.255s step_avg:159.38ms
step:2575/3250 train_time:410.416s step_avg:159.38ms
step:2576/3250 train_time:410.576s step_avg:159.39ms
step:2577/3250 train_time:410.735s step_avg:159.38ms
step:2578/3250 train_time:410.896s step_avg:159.39ms
step:2579/3250 train_time:411.055s step_avg:159.39ms
step:2580/3250 train_time:411.216s step_avg:159.39ms
step:2581/3250 train_time:411.375s step_avg:159.39ms
step:2582/3250 train_time:411.535s step_avg:159.39ms
step:2583/3250 train_time:411.695s step_avg:159.39ms
step:2584/3250 train_time:411.855s step_avg:159.39ms
step:2585/3250 train_time:412.015s step_avg:159.39ms
step:2586/3250 train_time:412.175s step_avg:159.39ms
step:2587/3250 train_time:412.336s step_avg:159.39ms
step:2588/3250 train_time:412.496s step_avg:159.39ms
step:2589/3250 train_time:412.655s step_avg:159.39ms
step:2590/3250 train_time:412.815s step_avg:159.39ms
step:2591/3250 train_time:412.974s step_avg:159.39ms
step:2592/3250 train_time:413.135s step_avg:159.39ms
step:2593/3250 train_time:413.294s step_avg:159.39ms
step:2594/3250 train_time:413.455s step_avg:159.39ms
step:2595/3250 train_time:413.617s step_avg:159.39ms
step:2596/3250 train_time:413.777s step_avg:159.39ms
step:2597/3250 train_time:413.936s step_avg:159.39ms
step:2598/3250 train_time:414.097s step_avg:159.39ms
step:2599/3250 train_time:414.257s step_avg:159.39ms
step:2600/3250 train_time:414.417s step_avg:159.39ms
step:2601/3250 train_time:414.577s step_avg:159.39ms
step:2602/3250 train_time:414.738s step_avg:159.39ms
step:2603/3250 train_time:414.898s step_avg:159.39ms
step:2604/3250 train_time:415.059s step_avg:159.39ms
step:2605/3250 train_time:415.218s step_avg:159.39ms
step:2606/3250 train_time:415.377s step_avg:159.39ms
step:2607/3250 train_time:415.538s step_avg:159.39ms
step:2608/3250 train_time:415.698s step_avg:159.39ms
step:2609/3250 train_time:415.860s step_avg:159.39ms
step:2610/3250 train_time:416.022s step_avg:159.40ms
step:2611/3250 train_time:416.181s step_avg:159.40ms
step:2612/3250 train_time:416.341s step_avg:159.40ms
step:2613/3250 train_time:416.501s step_avg:159.40ms
step:2614/3250 train_time:416.661s step_avg:159.40ms
step:2615/3250 train_time:416.821s step_avg:159.40ms
step:2616/3250 train_time:416.981s step_avg:159.40ms
step:2617/3250 train_time:417.142s step_avg:159.40ms
step:2618/3250 train_time:417.302s step_avg:159.40ms
step:2619/3250 train_time:417.462s step_avg:159.40ms
step:2620/3250 train_time:417.622s step_avg:159.40ms
step:2621/3250 train_time:417.781s step_avg:159.40ms
step:2622/3250 train_time:417.942s step_avg:159.40ms
step:2623/3250 train_time:418.103s step_avg:159.40ms
step:2624/3250 train_time:418.263s step_avg:159.40ms
step:2625/3250 train_time:418.423s step_avg:159.40ms
step:2625/3250 val_loss:3.34643 train_time:418.423s step_avg:160.50ms
step:2626/3250 train_time:418.586s step_avg:159.40ms
step:2627/3250 train_time:418.748s step_avg:159.40ms
step:2628/3250 train_time:418.910s step_avg:159.40ms
step:2629/3250 train_time:419.072s step_avg:159.40ms
step:2630/3250 train_time:419.232s step_avg:159.40ms
step:2631/3250 train_time:419.394s step_avg:159.40ms
step:2632/3250 train_time:419.554s step_avg:159.41ms
step:2633/3250 train_time:419.715s step_avg:159.41ms
step:2634/3250 train_time:419.875s step_avg:159.41ms
step:2635/3250 train_time:420.036s step_avg:159.41ms
step:2636/3250 train_time:420.197s step_avg:159.41ms
step:2637/3250 train_time:420.357s step_avg:159.41ms
step:2638/3250 train_time:420.517s step_avg:159.41ms
step:2639/3250 train_time:420.677s step_avg:159.41ms
step:2640/3250 train_time:420.837s step_avg:159.41ms
step:2641/3250 train_time:420.998s step_avg:159.41ms
step:2642/3250 train_time:421.158s step_avg:159.41ms
step:2643/3250 train_time:421.318s step_avg:159.41ms
step:2644/3250 train_time:421.478s step_avg:159.41ms
step:2645/3250 train_time:421.639s step_avg:159.41ms
step:2646/3250 train_time:421.798s step_avg:159.41ms
step:2647/3250 train_time:421.958s step_avg:159.41ms
step:2648/3250 train_time:422.118s step_avg:159.41ms
step:2649/3250 train_time:422.278s step_avg:159.41ms
step:2650/3250 train_time:422.438s step_avg:159.41ms
step:2651/3250 train_time:422.598s step_avg:159.41ms
step:2652/3250 train_time:422.759s step_avg:159.41ms
step:2653/3250 train_time:422.919s step_avg:159.41ms
step:2654/3250 train_time:423.078s step_avg:159.41ms
step:2655/3250 train_time:423.238s step_avg:159.41ms
step:2656/3250 train_time:423.397s step_avg:159.41ms
step:2657/3250 train_time:423.557s step_avg:159.41ms
step:2658/3250 train_time:423.717s step_avg:159.41ms
step:2659/3250 train_time:423.877s step_avg:159.41ms
step:2660/3250 train_time:424.036s step_avg:159.41ms
step:2661/3250 train_time:424.259s step_avg:159.44ms
step:2662/3250 train_time:424.420s step_avg:159.44ms
step:2663/3250 train_time:424.580s step_avg:159.44ms
step:2664/3250 train_time:424.739s step_avg:159.44ms
step:2665/3250 train_time:424.901s step_avg:159.44ms
step:2666/3250 train_time:425.063s step_avg:159.44ms
step:2667/3250 train_time:425.224s step_avg:159.44ms
step:2668/3250 train_time:425.384s step_avg:159.44ms
step:2669/3250 train_time:425.545s step_avg:159.44ms
step:2670/3250 train_time:425.707s step_avg:159.44ms
step:2671/3250 train_time:425.869s step_avg:159.44ms
step:2672/3250 train_time:426.030s step_avg:159.44ms
step:2673/3250 train_time:426.192s step_avg:159.44ms
step:2674/3250 train_time:426.353s step_avg:159.44ms
step:2675/3250 train_time:426.514s step_avg:159.44ms
step:2676/3250 train_time:426.675s step_avg:159.45ms
step:2677/3250 train_time:426.836s step_avg:159.45ms
step:2678/3250 train_time:426.995s step_avg:159.45ms
step:2679/3250 train_time:427.156s step_avg:159.45ms
step:2680/3250 train_time:427.316s step_avg:159.45ms
step:2681/3250 train_time:427.476s step_avg:159.45ms
step:2682/3250 train_time:427.637s step_avg:159.45ms
step:2683/3250 train_time:427.797s step_avg:159.45ms
step:2684/3250 train_time:427.956s step_avg:159.45ms
step:2685/3250 train_time:428.116s step_avg:159.45ms
step:2686/3250 train_time:428.276s step_avg:159.45ms
step:2687/3250 train_time:428.436s step_avg:159.45ms
step:2688/3250 train_time:428.597s step_avg:159.45ms
step:2689/3250 train_time:428.758s step_avg:159.45ms
step:2690/3250 train_time:428.917s step_avg:159.45ms
step:2691/3250 train_time:429.077s step_avg:159.45ms
step:2692/3250 train_time:429.237s step_avg:159.45ms
step:2693/3250 train_time:429.396s step_avg:159.45ms
step:2694/3250 train_time:429.558s step_avg:159.45ms
step:2695/3250 train_time:429.718s step_avg:159.45ms
step:2696/3250 train_time:429.878s step_avg:159.45ms
step:2697/3250 train_time:430.037s step_avg:159.45ms
step:2698/3250 train_time:430.197s step_avg:159.45ms
step:2699/3250 train_time:430.358s step_avg:159.45ms
step:2700/3250 train_time:430.518s step_avg:159.45ms
step:2701/3250 train_time:430.677s step_avg:159.45ms
step:2702/3250 train_time:430.837s step_avg:159.45ms
step:2703/3250 train_time:430.997s step_avg:159.45ms
step:2704/3250 train_time:431.157s step_avg:159.45ms
step:2705/3250 train_time:431.316s step_avg:159.45ms
step:2706/3250 train_time:431.476s step_avg:159.45ms
step:2707/3250 train_time:431.636s step_avg:159.45ms
step:2708/3250 train_time:431.796s step_avg:159.45ms
step:2709/3250 train_time:431.956s step_avg:159.45ms
step:2710/3250 train_time:432.117s step_avg:159.45ms
step:2711/3250 train_time:432.277s step_avg:159.45ms
step:2712/3250 train_time:432.437s step_avg:159.45ms
step:2713/3250 train_time:432.598s step_avg:159.45ms
step:2714/3250 train_time:432.757s step_avg:159.45ms
step:2715/3250 train_time:432.917s step_avg:159.45ms
step:2716/3250 train_time:433.078s step_avg:159.45ms
step:2717/3250 train_time:433.239s step_avg:159.46ms
step:2718/3250 train_time:433.399s step_avg:159.46ms
step:2719/3250 train_time:433.558s step_avg:159.46ms
step:2720/3250 train_time:433.718s step_avg:159.46ms
step:2721/3250 train_time:433.877s step_avg:159.46ms
step:2722/3250 train_time:434.038s step_avg:159.46ms
step:2723/3250 train_time:434.198s step_avg:159.46ms
step:2724/3250 train_time:434.358s step_avg:159.46ms
step:2725/3250 train_time:434.517s step_avg:159.46ms
step:2726/3250 train_time:434.676s step_avg:159.46ms
step:2727/3250 train_time:434.836s step_avg:159.46ms
step:2728/3250 train_time:434.996s step_avg:159.46ms
step:2729/3250 train_time:435.158s step_avg:159.46ms
step:2730/3250 train_time:435.319s step_avg:159.46ms
step:2731/3250 train_time:435.483s step_avg:159.46ms
step:2732/3250 train_time:435.645s step_avg:159.46ms
step:2733/3250 train_time:435.807s step_avg:159.46ms
step:2734/3250 train_time:435.970s step_avg:159.46ms
step:2735/3250 train_time:436.132s step_avg:159.46ms
step:2736/3250 train_time:436.293s step_avg:159.46ms
step:2737/3250 train_time:436.457s step_avg:159.47ms
step:2738/3250 train_time:436.617s step_avg:159.47ms
step:2739/3250 train_time:436.778s step_avg:159.47ms
step:2740/3250 train_time:436.938s step_avg:159.47ms
step:2741/3250 train_time:437.097s step_avg:159.47ms
step:2742/3250 train_time:437.267s step_avg:159.47ms
step:2743/3250 train_time:437.429s step_avg:159.47ms
step:2744/3250 train_time:437.590s step_avg:159.47ms
step:2745/3250 train_time:437.750s step_avg:159.47ms
step:2746/3250 train_time:437.910s step_avg:159.47ms
step:2747/3250 train_time:438.072s step_avg:159.47ms
step:2748/3250 train_time:438.233s step_avg:159.47ms
step:2749/3250 train_time:438.395s step_avg:159.47ms
step:2750/3250 train_time:438.555s step_avg:159.47ms
step:2750/3250 val_loss:3.32972 train_time:438.555s step_avg:161.06ms
step:2751/3250 train_time:438.718s step_avg:159.48ms
step:2752/3250 train_time:438.878s step_avg:159.48ms
step:2753/3250 train_time:439.037s step_avg:159.48ms
step:2754/3250 train_time:439.198s step_avg:159.48ms
step:2755/3250 train_time:439.358s step_avg:159.48ms
step:2756/3250 train_time:439.518s step_avg:159.48ms
step:2757/3250 train_time:439.679s step_avg:159.48ms
step:2758/3250 train_time:439.839s step_avg:159.48ms
step:2759/3250 train_time:439.999s step_avg:159.48ms
step:2760/3250 train_time:440.160s step_avg:159.48ms
step:2761/3250 train_time:440.321s step_avg:159.48ms
step:2762/3250 train_time:440.481s step_avg:159.48ms
step:2763/3250 train_time:440.641s step_avg:159.48ms
step:2764/3250 train_time:440.801s step_avg:159.48ms
step:2765/3250 train_time:440.961s step_avg:159.48ms
step:2766/3250 train_time:441.121s step_avg:159.48ms
step:2767/3250 train_time:441.282s step_avg:159.48ms
step:2768/3250 train_time:441.443s step_avg:159.48ms
step:2769/3250 train_time:441.603s step_avg:159.48ms
step:2770/3250 train_time:441.764s step_avg:159.48ms
step:2771/3250 train_time:441.925s step_avg:159.48ms
step:2772/3250 train_time:442.086s step_avg:159.48ms
step:2773/3250 train_time:442.247s step_avg:159.48ms
step:2774/3250 train_time:442.407s step_avg:159.48ms
step:2775/3250 train_time:442.568s step_avg:159.48ms
step:2776/3250 train_time:442.729s step_avg:159.48ms
step:2777/3250 train_time:442.892s step_avg:159.49ms
step:2778/3250 train_time:443.054s step_avg:159.49ms
step:2779/3250 train_time:443.214s step_avg:159.49ms
step:2780/3250 train_time:443.374s step_avg:159.49ms
step:2781/3250 train_time:443.533s step_avg:159.49ms
step:2782/3250 train_time:443.694s step_avg:159.49ms
step:2783/3250 train_time:443.858s step_avg:159.49ms
step:2784/3250 train_time:444.018s step_avg:159.49ms
step:2785/3250 train_time:444.178s step_avg:159.49ms
step:2786/3250 train_time:444.337s step_avg:159.49ms
step:2787/3250 train_time:444.498s step_avg:159.49ms
step:2788/3250 train_time:444.659s step_avg:159.49ms
step:2789/3250 train_time:444.819s step_avg:159.49ms
step:2790/3250 train_time:444.980s step_avg:159.49ms
step:2791/3250 train_time:445.140s step_avg:159.49ms
step:2792/3250 train_time:445.301s step_avg:159.49ms
step:2793/3250 train_time:445.462s step_avg:159.49ms
step:2794/3250 train_time:445.622s step_avg:159.49ms
step:2795/3250 train_time:445.784s step_avg:159.49ms
step:2796/3250 train_time:445.944s step_avg:159.49ms
step:2797/3250 train_time:446.106s step_avg:159.49ms
step:2798/3250 train_time:446.268s step_avg:159.50ms
step:2799/3250 train_time:446.428s step_avg:159.50ms
step:2800/3250 train_time:446.589s step_avg:159.50ms
step:2801/3250 train_time:446.749s step_avg:159.50ms
step:2802/3250 train_time:446.910s step_avg:159.50ms
step:2803/3250 train_time:447.071s step_avg:159.50ms
step:2804/3250 train_time:447.232s step_avg:159.50ms
step:2805/3250 train_time:447.394s step_avg:159.50ms
step:2806/3250 train_time:447.554s step_avg:159.50ms
step:2807/3250 train_time:447.714s step_avg:159.50ms
step:2808/3250 train_time:447.875s step_avg:159.50ms
step:2809/3250 train_time:448.034s step_avg:159.50ms
step:2810/3250 train_time:448.194s step_avg:159.50ms
step:2811/3250 train_time:448.354s step_avg:159.50ms
step:2812/3250 train_time:448.515s step_avg:159.50ms
step:2813/3250 train_time:448.676s step_avg:159.50ms
step:2814/3250 train_time:448.837s step_avg:159.50ms
step:2815/3250 train_time:448.996s step_avg:159.50ms
step:2816/3250 train_time:449.157s step_avg:159.50ms
step:2817/3250 train_time:449.318s step_avg:159.50ms
step:2818/3250 train_time:449.479s step_avg:159.50ms
step:2819/3250 train_time:449.639s step_avg:159.50ms
step:2820/3250 train_time:449.799s step_avg:159.50ms
step:2821/3250 train_time:449.960s step_avg:159.50ms
step:2822/3250 train_time:450.121s step_avg:159.50ms
step:2823/3250 train_time:450.282s step_avg:159.50ms
step:2824/3250 train_time:450.444s step_avg:159.51ms
step:2825/3250 train_time:450.605s step_avg:159.51ms
step:2826/3250 train_time:450.767s step_avg:159.51ms
step:2827/3250 train_time:450.929s step_avg:159.51ms
step:2828/3250 train_time:451.089s step_avg:159.51ms
step:2829/3250 train_time:451.252s step_avg:159.51ms
step:2830/3250 train_time:451.412s step_avg:159.51ms
step:2831/3250 train_time:451.572s step_avg:159.51ms
step:2832/3250 train_time:451.734s step_avg:159.51ms
step:2833/3250 train_time:451.894s step_avg:159.51ms
step:2834/3250 train_time:452.054s step_avg:159.51ms
step:2835/3250 train_time:452.214s step_avg:159.51ms
step:2836/3250 train_time:452.374s step_avg:159.51ms
step:2837/3250 train_time:452.534s step_avg:159.51ms
step:2838/3250 train_time:452.694s step_avg:159.51ms
step:2839/3250 train_time:452.855s step_avg:159.51ms
step:2840/3250 train_time:453.015s step_avg:159.51ms
step:2841/3250 train_time:453.175s step_avg:159.51ms
step:2842/3250 train_time:453.334s step_avg:159.51ms
step:2843/3250 train_time:453.494s step_avg:159.51ms
step:2844/3250 train_time:453.655s step_avg:159.51ms
step:2845/3250 train_time:453.818s step_avg:159.51ms
step:2846/3250 train_time:453.978s step_avg:159.51ms
step:2847/3250 train_time:454.138s step_avg:159.51ms
step:2848/3250 train_time:454.297s step_avg:159.51ms
step:2849/3250 train_time:454.458s step_avg:159.52ms
step:2850/3250 train_time:454.617s step_avg:159.51ms
step:2851/3250 train_time:454.836s step_avg:159.54ms
step:2852/3250 train_time:454.995s step_avg:159.54ms
step:2853/3250 train_time:455.156s step_avg:159.54ms
step:2854/3250 train_time:455.317s step_avg:159.54ms
step:2855/3250 train_time:455.477s step_avg:159.54ms
step:2856/3250 train_time:455.637s step_avg:159.54ms
step:2857/3250 train_time:455.796s step_avg:159.54ms
step:2858/3250 train_time:455.956s step_avg:159.54ms
step:2859/3250 train_time:456.117s step_avg:159.54ms
step:2860/3250 train_time:456.277s step_avg:159.54ms
step:2861/3250 train_time:456.437s step_avg:159.54ms
step:2862/3250 train_time:456.597s step_avg:159.54ms
step:2863/3250 train_time:456.757s step_avg:159.54ms
step:2864/3250 train_time:456.916s step_avg:159.54ms
step:2865/3250 train_time:457.077s step_avg:159.54ms
step:2866/3250 train_time:457.236s step_avg:159.54ms
step:2867/3250 train_time:457.396s step_avg:159.54ms
step:2868/3250 train_time:457.556s step_avg:159.54ms
step:2869/3250 train_time:457.717s step_avg:159.54ms
step:2870/3250 train_time:457.878s step_avg:159.54ms
step:2871/3250 train_time:458.038s step_avg:159.54ms
step:2872/3250 train_time:458.199s step_avg:159.54ms
step:2873/3250 train_time:458.360s step_avg:159.54ms
step:2874/3250 train_time:458.521s step_avg:159.54ms
step:2875/3250 train_time:458.681s step_avg:159.54ms
step:2875/3250 val_loss:3.31328 train_time:458.681s step_avg:161.01ms
step:2876/3250 train_time:458.845s step_avg:159.54ms
step:2877/3250 train_time:459.006s step_avg:159.54ms
step:2878/3250 train_time:459.168s step_avg:159.54ms
step:2879/3250 train_time:459.329s step_avg:159.54ms
step:2880/3250 train_time:459.494s step_avg:159.55ms
step:2881/3250 train_time:459.656s step_avg:159.55ms
step:2882/3250 train_time:459.817s step_avg:159.55ms
step:2883/3250 train_time:459.977s step_avg:159.55ms
step:2884/3250 train_time:460.138s step_avg:159.55ms
step:2885/3250 train_time:460.298s step_avg:159.55ms
step:2886/3250 train_time:460.459s step_avg:159.55ms
step:2887/3250 train_time:460.620s step_avg:159.55ms
step:2888/3250 train_time:460.779s step_avg:159.55ms
step:2889/3250 train_time:460.939s step_avg:159.55ms
step:2890/3250 train_time:461.101s step_avg:159.55ms
step:2891/3250 train_time:461.260s step_avg:159.55ms
step:2892/3250 train_time:461.420s step_avg:159.55ms
step:2893/3250 train_time:461.580s step_avg:159.55ms
step:2894/3250 train_time:461.740s step_avg:159.55ms
step:2895/3250 train_time:461.900s step_avg:159.55ms
step:2896/3250 train_time:462.062s step_avg:159.55ms
step:2897/3250 train_time:462.221s step_avg:159.55ms
step:2898/3250 train_time:462.379s step_avg:159.55ms
step:2899/3250 train_time:462.539s step_avg:159.55ms
step:2900/3250 train_time:462.699s step_avg:159.55ms
step:2900/3250 val_loss:3.30999 train_time:462.699s step_avg:160.73ms
step:2901/3250 train_time:462.864s step_avg:159.55ms
step:2902/3250 train_time:463.024s step_avg:159.55ms
step:2903/3250 train_time:463.186s step_avg:159.55ms
step:2904/3250 train_time:463.346s step_avg:159.55ms
step:2905/3250 train_time:463.507s step_avg:159.55ms
step:2906/3250 train_time:463.667s step_avg:159.56ms
step:2907/3250 train_time:463.828s step_avg:159.56ms
step:2908/3250 train_time:463.988s step_avg:159.56ms
step:2909/3250 train_time:464.149s step_avg:159.56ms
step:2910/3250 train_time:464.312s step_avg:159.56ms
step:2910/3250 val_loss:3.30843 train_time:464.312s step_avg:161.24ms
step:2911/3250 train_time:464.475s step_avg:159.56ms
step:2912/3250 train_time:464.636s step_avg:159.56ms
step:2913/3250 train_time:464.798s step_avg:159.56ms
step:2914/3250 train_time:464.957s step_avg:159.56ms
step:2915/3250 train_time:465.116s step_avg:159.56ms
step:2916/3250 train_time:465.277s step_avg:159.56ms
step:2917/3250 train_time:465.439s step_avg:159.56ms
step:2918/3250 train_time:465.598s step_avg:159.56ms
step:2919/3250 train_time:465.758s step_avg:159.56ms
step:2920/3250 train_time:465.919s step_avg:159.56ms
step:2920/3250 val_loss:3.30723 train_time:465.919s step_avg:160.72ms
step:2921/3250 train_time:466.081s step_avg:159.56ms
step:2922/3250 train_time:466.241s step_avg:159.56ms
step:2923/3250 train_time:466.402s step_avg:159.56ms
step:2924/3250 train_time:466.564s step_avg:159.56ms
step:2925/3250 train_time:466.724s step_avg:159.56ms
step:2925/3250 val_loss:3.30652 train_time:466.725s step_avg:161.23ms
step:2926/3250 train_time:466.892s step_avg:159.57ms
step:2927/3250 train_time:467.053s step_avg:159.57ms
step:2928/3250 train_time:467.213s step_avg:159.57ms
step:2929/3250 train_time:467.374s step_avg:159.57ms
step:2930/3250 train_time:467.533s step_avg:159.57ms
step:2930/3250 val_loss:3.30627 train_time:467.534s step_avg:161.74ms
step:2931/3250 train_time:467.698s step_avg:159.57ms
step:2932/3250 train_time:467.858s step_avg:159.57ms
step:2933/3250 train_time:468.020s step_avg:159.57ms
step:2934/3250 train_time:468.180s step_avg:159.57ms
step:2935/3250 train_time:468.340s step_avg:159.57ms
step:2936/3250 train_time:468.503s step_avg:159.57ms
step:2937/3250 train_time:468.663s step_avg:159.57ms
step:2938/3250 train_time:468.824s step_avg:159.57ms
step:2939/3250 train_time:468.983s step_avg:159.57ms
step:2940/3250 train_time:469.144s step_avg:159.57ms
step:2940/3250 val_loss:3.30478 train_time:469.144s step_avg:160.99ms
step:2941/3250 train_time:469.307s step_avg:159.57ms
step:2942/3250 train_time:469.467s step_avg:159.57ms
step:2943/3250 train_time:469.627s step_avg:159.57ms
step:2944/3250 train_time:469.787s step_avg:159.57ms
step:2945/3250 train_time:469.946s step_avg:159.57ms
step:2946/3250 train_time:470.106s step_avg:159.57ms
step:2947/3250 train_time:470.267s step_avg:159.57ms
step:2948/3250 train_time:470.427s step_avg:159.57ms
step:2949/3250 train_time:470.586s step_avg:159.57ms
step:2950/3250 train_time:470.747s step_avg:159.58ms
step:2950/3250 val_loss:3.30348 train_time:470.747s step_avg:160.34ms
step:2951/3250 train_time:470.912s step_avg:159.58ms
step:2952/3250 train_time:471.073s step_avg:159.58ms
step:2953/3250 train_time:471.233s step_avg:159.58ms
step:2954/3250 train_time:471.394s step_avg:159.58ms
step:2955/3250 train_time:471.553s step_avg:159.58ms
step:2956/3250 train_time:471.715s step_avg:159.58ms
step:2957/3250 train_time:471.876s step_avg:159.58ms
step:2958/3250 train_time:472.038s step_avg:159.58ms
step:2959/3250 train_time:472.199s step_avg:159.58ms
step:2960/3250 train_time:472.359s step_avg:159.58ms
step:2960/3250 val_loss:3.30226 train_time:472.360s step_avg:161.24ms
step:2961/3250 train_time:472.525s step_avg:159.58ms
step:2962/3250 train_time:472.685s step_avg:159.58ms
step:2963/3250 train_time:472.846s step_avg:159.58ms
step:2964/3250 train_time:473.007s step_avg:159.58ms
step:2965/3250 train_time:473.168s step_avg:159.58ms
step:2966/3250 train_time:473.328s step_avg:159.58ms
step:2967/3250 train_time:473.488s step_avg:159.58ms
step:2968/3250 train_time:473.647s step_avg:159.58ms
step:2969/3250 train_time:473.807s step_avg:159.58ms
step:2970/3250 train_time:473.966s step_avg:159.58ms
step:2970/3250 val_loss:3.30092 train_time:473.967s step_avg:160.68ms
step:2971/3250 train_time:474.130s step_avg:159.59ms
step:2972/3250 train_time:474.291s step_avg:159.59ms
step:2973/3250 train_time:474.452s step_avg:159.59ms
step:2974/3250 train_time:474.612s step_avg:159.59ms
step:2975/3250 train_time:474.771s step_avg:159.59ms
step:2975/3250 val_loss:3.30039 train_time:474.771s step_avg:160.94ms
step:2976/3250 train_time:474.934s step_avg:159.59ms
step:2977/3250 train_time:475.097s step_avg:159.59ms
step:2978/3250 train_time:475.257s step_avg:159.59ms
step:2979/3250 train_time:475.418s step_avg:159.59ms
step:2980/3250 train_time:475.579s step_avg:159.59ms
step:2980/3250 val_loss:3.29979 train_time:475.579s step_avg:161.54ms
step:2981/3250 train_time:475.743s step_avg:159.59ms
step:2982/3250 train_time:475.903s step_avg:159.59ms
step:2983/3250 train_time:476.064s step_avg:159.59ms
step:2984/3250 train_time:476.225s step_avg:159.59ms
step:2985/3250 train_time:476.385s step_avg:159.59ms
step:2986/3250 train_time:476.546s step_avg:159.59ms
step:2987/3250 train_time:476.706s step_avg:159.59ms
step:2988/3250 train_time:476.865s step_avg:159.59ms
step:2989/3250 train_time:477.027s step_avg:159.59ms
step:2990/3250 train_time:477.185s step_avg:159.59ms
step:2990/3250 val_loss:3.29885 train_time:477.186s step_avg:160.72ms
step:2991/3250 train_time:477.350s step_avg:159.60ms
step:2992/3250 train_time:477.511s step_avg:159.60ms
step:2993/3250 train_time:477.671s step_avg:159.60ms
step:2994/3250 train_time:477.830s step_avg:159.60ms
step:2995/3250 train_time:477.991s step_avg:159.60ms
step:2996/3250 train_time:478.151s step_avg:159.60ms
step:2997/3250 train_time:478.313s step_avg:159.60ms
step:2998/3250 train_time:478.472s step_avg:159.60ms
step:2999/3250 train_time:478.631s step_avg:159.60ms
step:3000/3250 train_time:478.792s step_avg:159.60ms
step:3000/3250 val_loss:3.29749 train_time:478.793s step_avg:160.71ms
step:3001/3250 train_time:478.958s step_avg:159.60ms
step:3002/3250 train_time:479.119s step_avg:159.60ms
step:3003/3250 train_time:479.280s step_avg:159.60ms
step:3004/3250 train_time:479.441s step_avg:159.60ms
step:3005/3250 train_time:479.601s step_avg:159.60ms
step:3006/3250 train_time:479.762s step_avg:159.60ms
step:3007/3250 train_time:479.923s step_avg:159.60ms
step:3008/3250 train_time:480.087s step_avg:159.60ms
step:3009/3250 train_time:480.249s step_avg:159.60ms
step:3010/3250 train_time:480.411s step_avg:159.60ms
step:3010/3250 val_loss:3.29613 train_time:480.411s step_avg:161.80ms
step:3011/3250 train_time:480.576s step_avg:159.61ms
step:3012/3250 train_time:480.735s step_avg:159.61ms
step:3013/3250 train_time:480.895s step_avg:159.61ms
step:3014/3250 train_time:481.055s step_avg:159.61ms
step:3015/3250 train_time:481.215s step_avg:159.61ms
step:3016/3250 train_time:481.376s step_avg:159.61ms
step:3017/3250 train_time:481.535s step_avg:159.61ms
step:3018/3250 train_time:481.697s step_avg:159.61ms
step:3019/3250 train_time:481.857s step_avg:159.61ms
step:3020/3250 train_time:482.017s step_avg:159.61ms
step:3020/3250 val_loss:3.29469 train_time:482.017s step_avg:160.59ms
step:3021/3250 train_time:482.181s step_avg:159.61ms
step:3022/3250 train_time:482.341s step_avg:159.61ms
step:3023/3250 train_time:482.502s step_avg:159.61ms
step:3024/3250 train_time:482.663s step_avg:159.61ms
step:3025/3250 train_time:482.824s step_avg:159.61ms
step:3025/3250 val_loss:3.29391 train_time:482.824s step_avg:161.44ms
step:3026/3250 train_time:482.992s step_avg:159.61ms
step:3027/3250 train_time:483.153s step_avg:159.61ms
step:3028/3250 train_time:483.313s step_avg:159.61ms
step:3029/3250 train_time:483.474s step_avg:159.62ms
step:3030/3250 train_time:483.636s step_avg:159.62ms
step:3030/3250 val_loss:3.29321 train_time:483.636s step_avg:162.38ms
step:3031/3250 train_time:483.799s step_avg:159.62ms
step:3032/3250 train_time:483.959s step_avg:159.62ms
step:3033/3250 train_time:484.120s step_avg:159.62ms
step:3034/3250 train_time:484.279s step_avg:159.62ms
step:3035/3250 train_time:484.439s step_avg:159.62ms
step:3036/3250 train_time:484.598s step_avg:159.62ms
step:3037/3250 train_time:484.758s step_avg:159.62ms
step:3038/3250 train_time:484.919s step_avg:159.62ms
step:3039/3250 train_time:485.080s step_avg:159.62ms
step:3040/3250 train_time:485.240s step_avg:159.62ms
step:3040/3250 val_loss:3.29206 train_time:485.240s step_avg:160.42ms
step:3041/3250 train_time:485.464s step_avg:159.64ms
step:3042/3250 train_time:485.624s step_avg:159.64ms
step:3043/3250 train_time:485.784s step_avg:159.64ms
step:3044/3250 train_time:485.945s step_avg:159.64ms
step:3045/3250 train_time:486.105s step_avg:159.64ms
step:3046/3250 train_time:486.266s step_avg:159.64ms
step:3047/3250 train_time:486.425s step_avg:159.64ms
step:3048/3250 train_time:486.586s step_avg:159.64ms
step:3049/3250 train_time:486.745s step_avg:159.64ms
step:3050/3250 train_time:486.904s step_avg:159.64ms
step:3050/3250 val_loss:3.29100 train_time:486.904s step_avg:166.38ms
step:3051/3250 train_time:487.069s step_avg:159.64ms
step:3052/3250 train_time:487.229s step_avg:159.64ms
step:3053/3250 train_time:487.390s step_avg:159.64ms
step:3054/3250 train_time:487.553s step_avg:159.64ms
step:3055/3250 train_time:487.714s step_avg:159.64ms
step:3056/3250 train_time:487.876s step_avg:159.65ms
step:3057/3250 train_time:488.036s step_avg:159.65ms
step:3058/3250 train_time:488.197s step_avg:159.65ms
step:3059/3250 train_time:488.358s step_avg:159.65ms
step:3060/3250 train_time:488.518s step_avg:159.65ms
step:3060/3250 val_loss:3.29012 train_time:488.519s step_avg:161.44ms
step:3061/3250 train_time:488.682s step_avg:159.65ms
step:3062/3250 train_time:488.842s step_avg:159.65ms
step:3063/3250 train_time:489.001s step_avg:159.65ms
step:3064/3250 train_time:489.161s step_avg:159.65ms
step:3065/3250 train_time:489.323s step_avg:159.65ms
step:3066/3250 train_time:489.484s step_avg:159.65ms
step:3067/3250 train_time:489.644s step_avg:159.65ms
step:3068/3250 train_time:489.804s step_avg:159.65ms
step:3069/3250 train_time:489.964s step_avg:159.65ms
step:3070/3250 train_time:490.126s step_avg:159.65ms
step:3070/3250 val_loss:3.28887 train_time:490.127s step_avg:160.88ms
step:3071/3250 train_time:490.292s step_avg:159.65ms
step:3072/3250 train_time:490.454s step_avg:159.65ms
step:3073/3250 train_time:490.615s step_avg:159.65ms
step:3074/3250 train_time:490.776s step_avg:159.65ms
step:3075/3250 train_time:490.938s step_avg:159.65ms
step:3075/3250 val_loss:3.28825 train_time:490.939s step_avg:162.25ms
step:3076/3250 train_time:491.102s step_avg:159.66ms
step:3077/3250 train_time:491.262s step_avg:159.66ms
step:3078/3250 train_time:491.423s step_avg:159.66ms
step:3079/3250 train_time:491.584s step_avg:159.66ms
step:3080/3250 train_time:491.746s step_avg:159.66ms
step:3080/3250 val_loss:3.28769 train_time:491.748s step_avg:161.83ms
step:3081/3250 train_time:491.912s step_avg:159.66ms
step:3082/3250 train_time:492.074s step_avg:159.66ms
step:3083/3250 train_time:492.236s step_avg:159.66ms
step:3084/3250 train_time:492.399s step_avg:159.66ms
step:3085/3250 train_time:492.559s step_avg:159.66ms
step:3086/3250 train_time:492.723s step_avg:159.66ms
step:3087/3250 train_time:492.884s step_avg:159.66ms
step:3088/3250 train_time:493.043s step_avg:159.66ms
step:3089/3250 train_time:493.204s step_avg:159.66ms
step:3090/3250 train_time:493.364s step_avg:159.66ms
step:3090/3250 val_loss:3.28684 train_time:493.364s step_avg:161.64ms
step:3091/3250 train_time:493.529s step_avg:159.67ms
step:3092/3250 train_time:493.689s step_avg:159.67ms
step:3093/3250 train_time:493.849s step_avg:159.67ms
step:3094/3250 train_time:494.010s step_avg:159.67ms
step:3095/3250 train_time:494.171s step_avg:159.67ms
step:3096/3250 train_time:494.331s step_avg:159.67ms
step:3097/3250 train_time:494.491s step_avg:159.67ms
step:3098/3250 train_time:494.651s step_avg:159.67ms
step:3099/3250 train_time:494.811s step_avg:159.67ms
step:3100/3250 train_time:494.971s step_avg:159.67ms
step:3100/3250 val_loss:3.28566 train_time:494.972s step_avg:160.74ms
step:3101/3250 train_time:495.136s step_avg:159.67ms
step:3102/3250 train_time:495.297s step_avg:159.67ms
step:3103/3250 train_time:495.458s step_avg:159.67ms
step:3104/3250 train_time:495.618s step_avg:159.67ms
step:3105/3250 train_time:495.779s step_avg:159.67ms
step:3106/3250 train_time:495.940s step_avg:159.67ms
step:3107/3250 train_time:496.104s step_avg:159.67ms
step:3108/3250 train_time:496.266s step_avg:159.67ms
step:3109/3250 train_time:496.427s step_avg:159.67ms
step:3110/3250 train_time:496.589s step_avg:159.67ms
step:3110/3250 val_loss:3.28484 train_time:496.590s step_avg:161.81ms
step:3111/3250 train_time:496.755s step_avg:159.68ms
step:3112/3250 train_time:496.916s step_avg:159.68ms
step:3113/3250 train_time:497.078s step_avg:159.68ms
step:3114/3250 train_time:497.239s step_avg:159.68ms
step:3115/3250 train_time:497.401s step_avg:159.68ms
step:3116/3250 train_time:497.562s step_avg:159.68ms
step:3117/3250 train_time:497.725s step_avg:159.68ms
step:3118/3250 train_time:497.886s step_avg:159.68ms
step:3119/3250 train_time:498.049s step_avg:159.68ms
step:3120/3250 train_time:498.209s step_avg:159.68ms
step:3120/3250 val_loss:3.28382 train_time:498.210s step_avg:161.97ms
step:3121/3250 train_time:498.373s step_avg:159.68ms
step:3122/3250 train_time:498.534s step_avg:159.68ms
step:3123/3250 train_time:498.693s step_avg:159.68ms
step:3124/3250 train_time:498.855s step_avg:159.68ms
step:3125/3250 train_time:499.034s step_avg:159.69ms
step:3125/3250 val_loss:3.28329 train_time:499.035s step_avg:165.00ms
step:3126/3250 train_time:499.202s step_avg:159.69ms
step:3127/3250 train_time:499.364s step_avg:159.69ms
step:3128/3250 train_time:499.525s step_avg:159.69ms
step:3129/3250 train_time:499.687s step_avg:159.70ms
step:3130/3250 train_time:499.848s step_avg:159.70ms
step:3130/3250 val_loss:3.28273 train_time:499.848s step_avg:162.71ms
step:3131/3250 train_time:500.013s step_avg:159.70ms
step:3132/3250 train_time:500.173s step_avg:159.70ms
step:3133/3250 train_time:500.333s step_avg:159.70ms
step:3134/3250 train_time:500.494s step_avg:159.70ms
step:3135/3250 train_time:500.653s step_avg:159.70ms
step:3136/3250 train_time:500.813s step_avg:159.70ms
step:3137/3250 train_time:500.973s step_avg:159.70ms
step:3138/3250 train_time:501.133s step_avg:159.70ms
step:3139/3250 train_time:501.293s step_avg:159.70ms
step:3140/3250 train_time:501.453s step_avg:159.70ms
step:3140/3250 val_loss:3.28174 train_time:501.453s step_avg:160.47ms
step:3141/3250 train_time:501.617s step_avg:159.70ms
step:3142/3250 train_time:501.778s step_avg:159.70ms
step:3143/3250 train_time:501.939s step_avg:159.70ms
step:3144/3250 train_time:502.099s step_avg:159.70ms
step:3145/3250 train_time:502.259s step_avg:159.70ms
step:3146/3250 train_time:502.421s step_avg:159.70ms
step:3147/3250 train_time:502.582s step_avg:159.70ms
step:3148/3250 train_time:502.744s step_avg:159.70ms
step:3149/3250 train_time:502.905s step_avg:159.70ms
step:3150/3250 train_time:503.066s step_avg:159.70ms
step:3150/3250 val_loss:3.28081 train_time:503.066s step_avg:161.32ms
step:3151/3250 train_time:503.230s step_avg:159.70ms
step:3152/3250 train_time:503.390s step_avg:159.71ms
step:3153/3250 train_time:503.552s step_avg:159.71ms
step:3154/3250 train_time:503.712s step_avg:159.71ms
step:3155/3250 train_time:503.875s step_avg:159.71ms
step:3156/3250 train_time:504.035s step_avg:159.71ms
step:3157/3250 train_time:504.194s step_avg:159.71ms
step:3158/3250 train_time:504.353s step_avg:159.71ms
step:3159/3250 train_time:504.514s step_avg:159.71ms
step:3160/3250 train_time:504.673s step_avg:159.71ms
step:3160/3250 val_loss:3.28002 train_time:504.673s step_avg:160.70ms
step:3161/3250 train_time:504.837s step_avg:159.71ms
step:3162/3250 train_time:504.997s step_avg:159.71ms
step:3163/3250 train_time:505.157s step_avg:159.71ms
step:3164/3250 train_time:505.317s step_avg:159.71ms
step:3165/3250 train_time:505.477s step_avg:159.71ms
step:3166/3250 train_time:505.638s step_avg:159.71ms
step:3167/3250 train_time:505.797s step_avg:159.71ms
step:3168/3250 train_time:505.957s step_avg:159.71ms
step:3169/3250 train_time:506.118s step_avg:159.71ms
step:3170/3250 train_time:506.279s step_avg:159.71ms
step:3170/3250 val_loss:3.27928 train_time:506.279s step_avg:160.60ms
step:3171/3250 train_time:506.443s step_avg:159.71ms
step:3172/3250 train_time:506.605s step_avg:159.71ms
step:3173/3250 train_time:506.766s step_avg:159.71ms
step:3174/3250 train_time:506.926s step_avg:159.71ms
step:3175/3250 train_time:507.086s step_avg:159.71ms
step:3175/3250 val_loss:3.27884 train_time:507.087s step_avg:161.57ms
step:3176/3250 train_time:507.249s step_avg:159.71ms
step:3177/3250 train_time:507.410s step_avg:159.71ms
step:3178/3250 train_time:507.573s step_avg:159.71ms
step:3179/3250 train_time:507.732s step_avg:159.71ms
step:3180/3250 train_time:507.892s step_avg:159.71ms
step:3180/3250 val_loss:3.27851 train_time:507.893s step_avg:161.18ms
step:3181/3250 train_time:508.057s step_avg:159.72ms
step:3182/3250 train_time:508.217s step_avg:159.72ms
step:3183/3250 train_time:508.377s step_avg:159.72ms
step:3184/3250 train_time:508.536s step_avg:159.72ms
step:3185/3250 train_time:508.696s step_avg:159.72ms
step:3186/3250 train_time:508.860s step_avg:159.72ms
step:3187/3250 train_time:509.021s step_avg:159.72ms
step:3188/3250 train_time:509.181s step_avg:159.72ms
step:3189/3250 train_time:509.342s step_avg:159.72ms
step:3190/3250 train_time:509.503s step_avg:159.72ms
step:3190/3250 val_loss:3.27778 train_time:509.503s step_avg:161.07ms
step:3191/3250 train_time:509.669s step_avg:159.72ms
step:3192/3250 train_time:509.830s step_avg:159.72ms
step:3193/3250 train_time:509.990s step_avg:159.72ms
step:3194/3250 train_time:510.154s step_avg:159.72ms
step:3195/3250 train_time:510.314s step_avg:159.72ms
step:3196/3250 train_time:510.474s step_avg:159.72ms
step:3197/3250 train_time:510.635s step_avg:159.72ms
step:3198/3250 train_time:510.794s step_avg:159.72ms
step:3199/3250 train_time:510.957s step_avg:159.72ms
step:3200/3250 train_time:511.118s step_avg:159.72ms
step:3200/3250 val_loss:3.27716 train_time:511.118s step_avg:161.48ms
step:3201/3250 train_time:511.283s step_avg:159.73ms
step:3202/3250 train_time:511.445s step_avg:159.73ms
step:3203/3250 train_time:511.605s step_avg:159.73ms
step:3204/3250 train_time:511.765s step_avg:159.73ms
step:3205/3250 train_time:511.925s step_avg:159.73ms
step:3206/3250 train_time:512.086s step_avg:159.73ms
step:3207/3250 train_time:512.246s step_avg:159.73ms
step:3208/3250 train_time:512.407s step_avg:159.73ms
step:3209/3250 train_time:512.567s step_avg:159.73ms
step:3210/3250 train_time:512.727s step_avg:159.73ms
step:3210/3250 val_loss:3.27659 train_time:512.727s step_avg:160.90ms
step:3211/3250 train_time:512.892s step_avg:159.73ms
step:3212/3250 train_time:513.052s step_avg:159.73ms
step:3213/3250 train_time:513.214s step_avg:159.73ms
step:3214/3250 train_time:513.375s step_avg:159.73ms
step:3215/3250 train_time:513.537s step_avg:159.73ms
step:3216/3250 train_time:513.698s step_avg:159.73ms
step:3217/3250 train_time:513.858s step_avg:159.73ms
step:3218/3250 train_time:514.018s step_avg:159.73ms
step:3219/3250 train_time:514.179s step_avg:159.73ms
step:3220/3250 train_time:514.343s step_avg:159.73ms
step:3220/3250 val_loss:3.27608 train_time:514.343s step_avg:161.58ms
step:3221/3250 train_time:514.506s step_avg:159.73ms
step:3222/3250 train_time:514.667s step_avg:159.74ms
step:3223/3250 train_time:514.827s step_avg:159.74ms
step:3224/3250 train_time:514.987s step_avg:159.74ms
step:3225/3250 train_time:515.147s step_avg:159.74ms
step:3225/3250 val_loss:3.27588 train_time:515.148s step_avg:160.90ms
step:3226/3250 train_time:515.312s step_avg:159.74ms
step:3227/3250 train_time:515.473s step_avg:159.74ms
step:3228/3250 train_time:515.634s step_avg:159.74ms
step:3229/3250 train_time:515.795s step_avg:159.74ms
step:3230/3250 train_time:515.956s step_avg:159.74ms
step:3230/3250 val_loss:3.27572 train_time:515.956s step_avg:161.72ms
step:3231/3250 train_time:516.176s step_avg:159.76ms
step:3232/3250 train_time:516.337s step_avg:159.76ms
step:3233/3250 train_time:516.497s step_avg:159.76ms
step:3234/3250 train_time:516.658s step_avg:159.76ms
step:3235/3250 train_time:516.818s step_avg:159.76ms
step:3236/3250 train_time:516.978s step_avg:159.76ms
step:3237/3250 train_time:517.139s step_avg:159.76ms
step:3238/3250 train_time:517.300s step_avg:159.76ms
step:3239/3250 train_time:517.462s step_avg:159.76ms
step:3240/3250 train_time:517.624s step_avg:159.76ms
step:3240/3250 val_loss:3.27545 train_time:517.624s step_avg:166.77ms
step:3241/3250 train_time:517.789s step_avg:159.76ms
step:3242/3250 train_time:517.948s step_avg:159.76ms
step:3243/3250 train_time:518.109s step_avg:159.76ms
step:3244/3250 train_time:518.269s step_avg:159.76ms
step:3245/3250 train_time:518.430s step_avg:159.76ms
step:3246/3250 train_time:518.590s step_avg:159.76ms
step:3247/3250 train_time:518.750s step_avg:159.76ms
step:3248/3250 train_time:518.911s step_avg:159.76ms
step:3249/3250 train_time:519.070s step_avg:159.76ms
step:3250/3250 train_time:519.230s step_avg:159.76ms
step:3250/3250 val_loss:3.27534 train_time:519.230s step_avg:160.63ms
