W0826 23:06:24.552000 10017 torch/distributed/run.py:852] 
W0826 23:06:24.552000 10017 torch/distributed/run.py:852] *****************************************
W0826 23:06:24.552000 10017 torch/distributed/run.py:852] Setting OMP_NUM_THREADS environment variable for each process to be 1 in default, to avoid your system being overloaded, please further tune the variable for optimal performance in your application as needed. 
W0826 23:06:24.552000 10017 torch/distributed/run.py:852] *****************************************
logs/f774cd28-5c5e-469f-9510-3c8dcc23f779.txt
step:0/3250 val_loss:10.82584 train_time:0.000s step_avg:nanms
step:1/3250 train_time:9.702s step_avg:9702.49ms
step:2/3250 train_time:9.839s step_avg:4919.44ms
step:3/3250 train_time:9.990s step_avg:3330.07ms
step:4/3250 train_time:10.143s step_avg:2535.78ms
step:5/3250 train_time:10.298s step_avg:2059.50ms
step:6/3250 train_time:10.451s step_avg:1741.81ms
step:7/3250 train_time:10.605s step_avg:1515.03ms
step:8/3250 train_time:10.760s step_avg:1345.06ms
step:9/3250 train_time:10.915s step_avg:1212.77ms
step:10/3250 train_time:11.069s step_avg:1106.94ms
step:11/3250 train_time:11.225s step_avg:1020.44ms
step:12/3250 train_time:11.379s step_avg:948.21ms
step:13/3250 train_time:11.532s step_avg:887.05ms
step:14/3250 train_time:11.687s step_avg:834.76ms
step:15/3250 train_time:11.841s step_avg:789.42ms
step:16/3250 train_time:11.995s step_avg:749.72ms
step:17/3250 train_time:12.150s step_avg:714.68ms
step:18/3250 train_time:12.305s step_avg:683.61ms
step:19/3250 train_time:12.461s step_avg:655.82ms
step:20/3250 train_time:12.614s step_avg:630.69ms
step:21/3250 train_time:12.769s step_avg:608.05ms
step:22/3250 train_time:12.923s step_avg:587.41ms
step:23/3250 train_time:13.078s step_avg:568.60ms
step:24/3250 train_time:13.232s step_avg:551.32ms
step:25/3250 train_time:13.388s step_avg:535.52ms
step:26/3250 train_time:13.545s step_avg:520.97ms
step:27/3250 train_time:13.700s step_avg:507.43ms
step:28/3250 train_time:13.855s step_avg:494.82ms
step:29/3250 train_time:14.009s step_avg:483.08ms
step:30/3250 train_time:14.164s step_avg:472.13ms
step:31/3250 train_time:14.318s step_avg:461.88ms
step:32/3250 train_time:14.472s step_avg:452.26ms
step:33/3250 train_time:14.627s step_avg:443.26ms
step:34/3250 train_time:14.784s step_avg:434.82ms
step:35/3250 train_time:14.939s step_avg:426.82ms
step:36/3250 train_time:15.094s step_avg:419.28ms
step:37/3250 train_time:15.249s step_avg:412.13ms
step:38/3250 train_time:15.404s step_avg:405.36ms
step:39/3250 train_time:15.558s step_avg:398.93ms
step:40/3250 train_time:15.711s step_avg:392.78ms
step:41/3250 train_time:15.867s step_avg:387.00ms
step:42/3250 train_time:16.024s step_avg:381.52ms
step:43/3250 train_time:16.180s step_avg:376.27ms
step:44/3250 train_time:16.333s step_avg:371.20ms
step:45/3250 train_time:16.487s step_avg:366.38ms
step:46/3250 train_time:16.641s step_avg:361.77ms
step:47/3250 train_time:16.795s step_avg:357.35ms
step:48/3250 train_time:16.950s step_avg:353.11ms
step:49/3250 train_time:17.107s step_avg:349.11ms
step:50/3250 train_time:17.262s step_avg:345.24ms
step:51/3250 train_time:17.417s step_avg:341.51ms
step:52/3250 train_time:17.571s step_avg:337.91ms
step:53/3250 train_time:17.726s step_avg:334.45ms
step:54/3250 train_time:17.881s step_avg:331.12ms
step:55/3250 train_time:18.034s step_avg:327.90ms
step:56/3250 train_time:18.188s step_avg:324.79ms
step:57/3250 train_time:18.344s step_avg:321.83ms
step:58/3250 train_time:18.499s step_avg:318.96ms
step:59/3250 train_time:18.653s step_avg:316.15ms
step:60/3250 train_time:18.808s step_avg:313.46ms
step:61/3250 train_time:18.963s step_avg:310.86ms
step:62/3250 train_time:19.117s step_avg:308.33ms
step:63/3250 train_time:19.270s step_avg:305.88ms
step:64/3250 train_time:19.426s step_avg:303.52ms
step:65/3250 train_time:19.583s step_avg:301.27ms
step:66/3250 train_time:19.738s step_avg:299.05ms
step:67/3250 train_time:19.892s step_avg:296.89ms
step:68/3250 train_time:20.047s step_avg:294.80ms
step:69/3250 train_time:20.202s step_avg:292.79ms
step:70/3250 train_time:20.356s step_avg:290.80ms
step:71/3250 train_time:20.510s step_avg:288.87ms
step:72/3250 train_time:20.666s step_avg:287.03ms
step:73/3250 train_time:20.821s step_avg:285.22ms
step:74/3250 train_time:20.975s step_avg:283.44ms
step:75/3250 train_time:21.129s step_avg:281.72ms
step:76/3250 train_time:21.287s step_avg:280.09ms
step:77/3250 train_time:21.442s step_avg:278.47ms
step:78/3250 train_time:21.596s step_avg:276.87ms
step:79/3250 train_time:21.750s step_avg:275.31ms
step:80/3250 train_time:21.908s step_avg:273.84ms
step:81/3250 train_time:22.063s step_avg:272.38ms
step:82/3250 train_time:22.217s step_avg:270.94ms
step:83/3250 train_time:22.371s step_avg:269.54ms
step:84/3250 train_time:22.526s step_avg:268.16ms
step:85/3250 train_time:22.680s step_avg:266.82ms
step:86/3250 train_time:22.833s step_avg:265.50ms
step:87/3250 train_time:22.987s step_avg:264.22ms
step:88/3250 train_time:23.142s step_avg:262.98ms
step:89/3250 train_time:23.299s step_avg:261.79ms
step:90/3250 train_time:23.453s step_avg:260.59ms
step:91/3250 train_time:23.609s step_avg:259.43ms
step:92/3250 train_time:23.763s step_avg:258.29ms
step:93/3250 train_time:23.917s step_avg:257.18ms
step:94/3250 train_time:24.071s step_avg:256.08ms
step:95/3250 train_time:24.226s step_avg:255.02ms
step:96/3250 train_time:24.382s step_avg:253.98ms
step:97/3250 train_time:24.536s step_avg:252.95ms
step:98/3250 train_time:24.692s step_avg:251.95ms
step:99/3250 train_time:24.846s step_avg:250.97ms
step:100/3250 train_time:25.001s step_avg:250.01ms
step:101/3250 train_time:25.154s step_avg:249.05ms
step:102/3250 train_time:25.308s step_avg:248.12ms
step:103/3250 train_time:25.463s step_avg:247.22ms
step:104/3250 train_time:25.618s step_avg:246.33ms
step:105/3250 train_time:25.772s step_avg:245.45ms
step:106/3250 train_time:25.926s step_avg:244.59ms
step:107/3250 train_time:26.081s step_avg:243.75ms
step:108/3250 train_time:26.235s step_avg:242.91ms
step:109/3250 train_time:26.389s step_avg:242.10ms
step:110/3250 train_time:26.544s step_avg:241.31ms
step:111/3250 train_time:26.698s step_avg:240.52ms
step:112/3250 train_time:26.851s step_avg:239.75ms
step:113/3250 train_time:27.006s step_avg:238.99ms
step:114/3250 train_time:27.161s step_avg:238.26ms
step:115/3250 train_time:27.316s step_avg:237.53ms
step:116/3250 train_time:27.470s step_avg:236.81ms
step:117/3250 train_time:27.624s step_avg:236.10ms
step:118/3250 train_time:27.779s step_avg:235.42ms
step:119/3250 train_time:27.932s step_avg:234.73ms
step:120/3250 train_time:28.088s step_avg:234.06ms
step:121/3250 train_time:28.243s step_avg:233.41ms
step:122/3250 train_time:28.398s step_avg:232.77ms
step:123/3250 train_time:28.551s step_avg:232.12ms
step:124/3250 train_time:28.706s step_avg:231.50ms
step:125/3250 train_time:28.861s step_avg:230.89ms
step:125/3250 val_loss:4.57732 train_time:28.873s step_avg:230.98ms
step:126/3250 train_time:29.016s step_avg:230.29ms
step:127/3250 train_time:29.171s step_avg:229.69ms
step:128/3250 train_time:29.327s step_avg:229.12ms
step:129/3250 train_time:29.482s step_avg:228.54ms
step:130/3250 train_time:29.635s step_avg:227.96ms
step:131/3250 train_time:29.789s step_avg:227.39ms
step:132/3250 train_time:29.944s step_avg:226.85ms
step:133/3250 train_time:30.098s step_avg:226.30ms
step:134/3250 train_time:30.252s step_avg:225.76ms
step:135/3250 train_time:30.408s step_avg:225.24ms
step:136/3250 train_time:30.562s step_avg:224.72ms
step:137/3250 train_time:30.716s step_avg:224.20ms
step:138/3250 train_time:30.870s step_avg:223.70ms
step:139/3250 train_time:31.027s step_avg:223.21ms
step:140/3250 train_time:31.181s step_avg:222.72ms
step:141/3250 train_time:31.334s step_avg:222.23ms
step:142/3250 train_time:31.489s step_avg:221.75ms
step:143/3250 train_time:31.646s step_avg:221.30ms
step:144/3250 train_time:31.801s step_avg:220.84ms
step:145/3250 train_time:31.954s step_avg:220.37ms
step:146/3250 train_time:32.108s step_avg:219.92ms
step:147/3250 train_time:32.262s step_avg:219.47ms
step:148/3250 train_time:32.415s step_avg:219.02ms
step:149/3250 train_time:32.569s step_avg:218.59ms
step:150/3250 train_time:32.725s step_avg:218.17ms
step:151/3250 train_time:32.880s step_avg:217.75ms
step:152/3250 train_time:33.033s step_avg:217.33ms
step:153/3250 train_time:33.188s step_avg:216.91ms
step:154/3250 train_time:33.343s step_avg:216.51ms
step:155/3250 train_time:33.497s step_avg:216.11ms
step:156/3250 train_time:33.650s step_avg:215.71ms
step:157/3250 train_time:33.806s step_avg:215.32ms
step:158/3250 train_time:33.960s step_avg:214.93ms
step:159/3250 train_time:34.113s step_avg:214.55ms
step:160/3250 train_time:34.268s step_avg:214.17ms
step:161/3250 train_time:34.423s step_avg:213.81ms
step:162/3250 train_time:34.577s step_avg:213.44ms
step:163/3250 train_time:34.731s step_avg:213.08ms
step:164/3250 train_time:34.886s step_avg:212.72ms
step:165/3250 train_time:35.040s step_avg:212.37ms
step:166/3250 train_time:35.195s step_avg:212.02ms
step:167/3250 train_time:35.350s step_avg:211.67ms
step:168/3250 train_time:35.505s step_avg:211.34ms
step:169/3250 train_time:35.660s step_avg:211.00ms
step:170/3250 train_time:35.813s step_avg:210.66ms
step:171/3250 train_time:35.967s step_avg:210.33ms
step:172/3250 train_time:36.122s step_avg:210.01ms
step:173/3250 train_time:36.276s step_avg:209.69ms
step:174/3250 train_time:36.430s step_avg:209.37ms
step:175/3250 train_time:36.585s step_avg:209.05ms
step:176/3250 train_time:36.739s step_avg:208.74ms
step:177/3250 train_time:36.894s step_avg:208.44ms
step:178/3250 train_time:37.049s step_avg:208.14ms
step:179/3250 train_time:37.203s step_avg:207.84ms
step:180/3250 train_time:37.357s step_avg:207.54ms
step:181/3250 train_time:37.511s step_avg:207.24ms
step:182/3250 train_time:37.666s step_avg:206.95ms
step:183/3250 train_time:37.821s step_avg:206.67ms
step:184/3250 train_time:37.974s step_avg:206.38ms
step:185/3250 train_time:38.128s step_avg:206.10ms
step:186/3250 train_time:38.283s step_avg:205.82ms
step:187/3250 train_time:38.438s step_avg:205.55ms
step:188/3250 train_time:38.593s step_avg:205.28ms
step:189/3250 train_time:38.748s step_avg:205.02ms
step:190/3250 train_time:38.902s step_avg:204.75ms
step:191/3250 train_time:39.195s step_avg:205.21ms
step:192/3250 train_time:39.350s step_avg:204.95ms
step:193/3250 train_time:39.504s step_avg:204.69ms
step:194/3250 train_time:39.657s step_avg:204.42ms
step:195/3250 train_time:39.812s step_avg:204.16ms
step:196/3250 train_time:39.966s step_avg:203.91ms
step:197/3250 train_time:40.122s step_avg:203.66ms
step:198/3250 train_time:40.275s step_avg:203.41ms
step:199/3250 train_time:40.430s step_avg:203.17ms
step:200/3250 train_time:40.586s step_avg:202.93ms
step:201/3250 train_time:40.741s step_avg:202.69ms
step:202/3250 train_time:40.894s step_avg:202.44ms
step:203/3250 train_time:41.049s step_avg:202.21ms
step:204/3250 train_time:41.204s step_avg:201.98ms
step:205/3250 train_time:41.359s step_avg:201.75ms
step:206/3250 train_time:41.513s step_avg:201.52ms
step:207/3250 train_time:41.669s step_avg:201.30ms
step:208/3250 train_time:41.825s step_avg:201.08ms
step:209/3250 train_time:41.980s step_avg:200.86ms
step:210/3250 train_time:42.133s step_avg:200.63ms
step:211/3250 train_time:42.288s step_avg:200.42ms
step:212/3250 train_time:42.444s step_avg:200.21ms
step:213/3250 train_time:42.600s step_avg:200.00ms
step:214/3250 train_time:42.754s step_avg:199.78ms
step:215/3250 train_time:42.909s step_avg:199.58ms
step:216/3250 train_time:43.063s step_avg:199.37ms
step:217/3250 train_time:43.217s step_avg:199.16ms
step:218/3250 train_time:43.370s step_avg:198.95ms
step:219/3250 train_time:43.526s step_avg:198.75ms
step:220/3250 train_time:43.681s step_avg:198.55ms
step:221/3250 train_time:43.835s step_avg:198.35ms
step:222/3250 train_time:43.989s step_avg:198.15ms
step:223/3250 train_time:44.143s step_avg:197.95ms
step:224/3250 train_time:44.297s step_avg:197.76ms
step:225/3250 train_time:44.453s step_avg:197.57ms
step:226/3250 train_time:44.609s step_avg:197.38ms
step:227/3250 train_time:44.763s step_avg:197.19ms
step:228/3250 train_time:44.917s step_avg:197.01ms
step:229/3250 train_time:45.071s step_avg:196.82ms
step:230/3250 train_time:45.227s step_avg:196.64ms
step:231/3250 train_time:45.382s step_avg:196.46ms
step:232/3250 train_time:45.536s step_avg:196.28ms
step:233/3250 train_time:45.691s step_avg:196.10ms
step:234/3250 train_time:45.846s step_avg:195.92ms
step:235/3250 train_time:46.001s step_avg:195.75ms
step:236/3250 train_time:46.155s step_avg:195.57ms
step:237/3250 train_time:46.309s step_avg:195.40ms
step:238/3250 train_time:46.465s step_avg:195.23ms
step:239/3250 train_time:46.620s step_avg:195.06ms
step:240/3250 train_time:46.773s step_avg:194.89ms
step:241/3250 train_time:46.929s step_avg:194.73ms
step:242/3250 train_time:47.084s step_avg:194.56ms
step:243/3250 train_time:47.239s step_avg:194.40ms
step:244/3250 train_time:47.393s step_avg:194.23ms
step:245/3250 train_time:47.549s step_avg:194.08ms
step:246/3250 train_time:47.705s step_avg:193.92ms
step:247/3250 train_time:47.861s step_avg:193.77ms
step:248/3250 train_time:48.014s step_avg:193.61ms
step:249/3250 train_time:48.170s step_avg:193.45ms
step:250/3250 train_time:48.326s step_avg:193.31ms
step:250/3250 val_loss:4.09427 train_time:48.339s step_avg:155.72ms
step:251/3250 train_time:48.483s step_avg:193.16ms
step:252/3250 train_time:48.638s step_avg:193.01ms
step:253/3250 train_time:48.791s step_avg:192.85ms
step:254/3250 train_time:48.946s step_avg:192.70ms
step:255/3250 train_time:49.101s step_avg:192.55ms
step:256/3250 train_time:49.255s step_avg:192.40ms
step:257/3250 train_time:49.410s step_avg:192.26ms
step:258/3250 train_time:49.568s step_avg:192.12ms
step:259/3250 train_time:49.723s step_avg:191.98ms
step:260/3250 train_time:49.878s step_avg:191.84ms
step:261/3250 train_time:50.032s step_avg:191.69ms
step:262/3250 train_time:50.187s step_avg:191.56ms
step:263/3250 train_time:50.343s step_avg:191.42ms
step:264/3250 train_time:50.497s step_avg:191.28ms
step:265/3250 train_time:50.651s step_avg:191.13ms
step:266/3250 train_time:50.805s step_avg:191.00ms
step:267/3250 train_time:50.961s step_avg:190.86ms
step:268/3250 train_time:51.114s step_avg:190.72ms
step:269/3250 train_time:51.269s step_avg:190.59ms
step:270/3250 train_time:51.424s step_avg:190.46ms
step:271/3250 train_time:51.579s step_avg:190.33ms
step:272/3250 train_time:51.733s step_avg:190.19ms
step:273/3250 train_time:51.888s step_avg:190.07ms
step:274/3250 train_time:52.044s step_avg:189.94ms
step:275/3250 train_time:52.199s step_avg:189.82ms
step:276/3250 train_time:52.352s step_avg:189.68ms
step:277/3250 train_time:52.507s step_avg:189.55ms
step:278/3250 train_time:52.663s step_avg:189.43ms
step:279/3250 train_time:52.818s step_avg:189.31ms
step:280/3250 train_time:52.972s step_avg:189.18ms
step:281/3250 train_time:53.127s step_avg:189.07ms
step:282/3250 train_time:53.282s step_avg:188.94ms
step:283/3250 train_time:53.437s step_avg:188.82ms
step:284/3250 train_time:53.591s step_avg:188.70ms
step:285/3250 train_time:53.746s step_avg:188.58ms
step:286/3250 train_time:53.904s step_avg:188.48ms
step:287/3250 train_time:54.060s step_avg:188.36ms
step:288/3250 train_time:54.213s step_avg:188.24ms
step:289/3250 train_time:54.368s step_avg:188.12ms
step:290/3250 train_time:54.523s step_avg:188.01ms
step:291/3250 train_time:54.678s step_avg:187.90ms
step:292/3250 train_time:54.831s step_avg:187.78ms
step:293/3250 train_time:54.988s step_avg:187.67ms
step:294/3250 train_time:55.144s step_avg:187.57ms
step:295/3250 train_time:55.300s step_avg:187.46ms
step:296/3250 train_time:55.454s step_avg:187.35ms
step:297/3250 train_time:55.609s step_avg:187.24ms
step:298/3250 train_time:55.764s step_avg:187.13ms
step:299/3250 train_time:55.920s step_avg:187.02ms
step:300/3250 train_time:56.074s step_avg:186.91ms
step:301/3250 train_time:56.229s step_avg:186.81ms
step:302/3250 train_time:56.384s step_avg:186.70ms
step:303/3250 train_time:56.539s step_avg:186.60ms
step:304/3250 train_time:56.692s step_avg:186.49ms
step:305/3250 train_time:56.847s step_avg:186.38ms
step:306/3250 train_time:57.003s step_avg:186.28ms
step:307/3250 train_time:57.157s step_avg:186.18ms
step:308/3250 train_time:57.311s step_avg:186.08ms
step:309/3250 train_time:57.466s step_avg:185.97ms
step:310/3250 train_time:57.623s step_avg:185.88ms
step:311/3250 train_time:57.776s step_avg:185.78ms
step:312/3250 train_time:57.931s step_avg:185.67ms
step:313/3250 train_time:58.085s step_avg:185.58ms
step:314/3250 train_time:58.241s step_avg:185.48ms
step:315/3250 train_time:58.395s step_avg:185.38ms
step:316/3250 train_time:58.549s step_avg:185.28ms
step:317/3250 train_time:58.704s step_avg:185.19ms
step:318/3250 train_time:58.859s step_avg:185.09ms
step:319/3250 train_time:59.013s step_avg:184.99ms
step:320/3250 train_time:59.169s step_avg:184.90ms
step:321/3250 train_time:59.325s step_avg:184.81ms
step:322/3250 train_time:59.481s step_avg:184.72ms
step:323/3250 train_time:59.635s step_avg:184.63ms
step:324/3250 train_time:59.789s step_avg:184.53ms
step:325/3250 train_time:59.944s step_avg:184.44ms
step:326/3250 train_time:60.099s step_avg:184.35ms
step:327/3250 train_time:60.253s step_avg:184.26ms
step:328/3250 train_time:60.407s step_avg:184.17ms
step:329/3250 train_time:60.565s step_avg:184.09ms
step:330/3250 train_time:60.720s step_avg:184.00ms
step:331/3250 train_time:60.874s step_avg:183.91ms
step:332/3250 train_time:61.028s step_avg:183.82ms
step:333/3250 train_time:61.183s step_avg:183.73ms
step:334/3250 train_time:61.338s step_avg:183.65ms
step:335/3250 train_time:61.492s step_avg:183.56ms
step:336/3250 train_time:61.648s step_avg:183.48ms
step:337/3250 train_time:61.804s step_avg:183.39ms
step:338/3250 train_time:61.959s step_avg:183.31ms
step:339/3250 train_time:62.113s step_avg:183.22ms
step:340/3250 train_time:62.269s step_avg:183.14ms
step:341/3250 train_time:62.424s step_avg:183.06ms
step:342/3250 train_time:62.579s step_avg:182.98ms
step:343/3250 train_time:62.733s step_avg:182.89ms
step:344/3250 train_time:62.888s step_avg:182.81ms
step:345/3250 train_time:63.043s step_avg:182.73ms
step:346/3250 train_time:63.198s step_avg:182.65ms
step:347/3250 train_time:63.352s step_avg:182.57ms
step:348/3250 train_time:63.510s step_avg:182.50ms
step:349/3250 train_time:63.667s step_avg:182.43ms
step:350/3250 train_time:63.821s step_avg:182.35ms
step:351/3250 train_time:63.977s step_avg:182.27ms
step:352/3250 train_time:64.131s step_avg:182.19ms
step:353/3250 train_time:64.285s step_avg:182.11ms
step:354/3250 train_time:64.440s step_avg:182.03ms
step:355/3250 train_time:64.595s step_avg:181.96ms
step:356/3250 train_time:64.750s step_avg:181.88ms
step:357/3250 train_time:64.905s step_avg:181.81ms
step:358/3250 train_time:65.061s step_avg:181.74ms
step:359/3250 train_time:65.215s step_avg:181.66ms
step:360/3250 train_time:65.369s step_avg:181.58ms
step:361/3250 train_time:65.524s step_avg:181.51ms
step:362/3250 train_time:65.679s step_avg:181.43ms
step:363/3250 train_time:65.833s step_avg:181.36ms
step:364/3250 train_time:65.989s step_avg:181.29ms
step:365/3250 train_time:66.144s step_avg:181.22ms
step:366/3250 train_time:66.299s step_avg:181.15ms
step:367/3250 train_time:66.453s step_avg:181.07ms
step:368/3250 train_time:66.607s step_avg:181.00ms
step:369/3250 train_time:66.763s step_avg:180.93ms
step:370/3250 train_time:66.919s step_avg:180.86ms
step:371/3250 train_time:67.073s step_avg:180.79ms
step:372/3250 train_time:67.228s step_avg:180.72ms
step:373/3250 train_time:67.383s step_avg:180.65ms
step:374/3250 train_time:67.537s step_avg:180.58ms
step:375/3250 train_time:67.691s step_avg:180.51ms
step:375/3250 val_loss:3.92318 train_time:67.703s step_avg:154.92ms
step:376/3250 train_time:67.847s step_avg:180.44ms
step:377/3250 train_time:68.003s step_avg:180.38ms
step:378/3250 train_time:68.158s step_avg:180.31ms
step:379/3250 train_time:68.312s step_avg:180.24ms
step:380/3250 train_time:68.467s step_avg:180.18ms
step:381/3250 train_time:68.666s step_avg:180.23ms
step:382/3250 train_time:68.821s step_avg:180.16ms
step:383/3250 train_time:68.976s step_avg:180.10ms
step:384/3250 train_time:69.130s step_avg:180.03ms
step:385/3250 train_time:69.285s step_avg:179.96ms
step:386/3250 train_time:69.442s step_avg:179.90ms
step:387/3250 train_time:69.598s step_avg:179.84ms
step:388/3250 train_time:69.752s step_avg:179.77ms
step:389/3250 train_time:69.906s step_avg:179.71ms
step:390/3250 train_time:70.062s step_avg:179.65ms
step:391/3250 train_time:70.217s step_avg:179.58ms
step:392/3250 train_time:70.371s step_avg:179.52ms
step:393/3250 train_time:70.526s step_avg:179.45ms
step:394/3250 train_time:70.682s step_avg:179.40ms
step:395/3250 train_time:70.838s step_avg:179.34ms
step:396/3250 train_time:70.993s step_avg:179.28ms
step:397/3250 train_time:71.147s step_avg:179.21ms
step:398/3250 train_time:71.302s step_avg:179.15ms
step:399/3250 train_time:71.458s step_avg:179.09ms
step:400/3250 train_time:71.613s step_avg:179.03ms
step:401/3250 train_time:71.767s step_avg:178.97ms
step:402/3250 train_time:71.921s step_avg:178.91ms
step:403/3250 train_time:72.077s step_avg:178.85ms
step:404/3250 train_time:72.230s step_avg:178.79ms
step:405/3250 train_time:72.385s step_avg:178.73ms
step:406/3250 train_time:72.542s step_avg:178.67ms
step:407/3250 train_time:72.697s step_avg:178.62ms
step:408/3250 train_time:72.851s step_avg:178.56ms
step:409/3250 train_time:73.006s step_avg:178.50ms
step:410/3250 train_time:73.162s step_avg:178.44ms
step:411/3250 train_time:73.318s step_avg:178.39ms
step:412/3250 train_time:73.473s step_avg:178.33ms
step:413/3250 train_time:73.627s step_avg:178.27ms
step:414/3250 train_time:73.783s step_avg:178.22ms
step:415/3250 train_time:73.939s step_avg:178.17ms
step:416/3250 train_time:74.093s step_avg:178.11ms
step:417/3250 train_time:74.248s step_avg:178.05ms
step:418/3250 train_time:74.405s step_avg:178.00ms
step:419/3250 train_time:74.562s step_avg:177.95ms
step:420/3250 train_time:74.717s step_avg:177.90ms
step:421/3250 train_time:74.871s step_avg:177.84ms
step:422/3250 train_time:75.026s step_avg:177.79ms
step:423/3250 train_time:75.182s step_avg:177.73ms
step:424/3250 train_time:75.337s step_avg:177.68ms
step:425/3250 train_time:75.491s step_avg:177.62ms
step:426/3250 train_time:75.646s step_avg:177.57ms
step:427/3250 train_time:75.801s step_avg:177.52ms
step:428/3250 train_time:75.957s step_avg:177.47ms
step:429/3250 train_time:76.112s step_avg:177.42ms
step:430/3250 train_time:76.266s step_avg:177.36ms
step:431/3250 train_time:76.421s step_avg:177.31ms
step:432/3250 train_time:76.576s step_avg:177.26ms
step:433/3250 train_time:76.730s step_avg:177.21ms
step:434/3250 train_time:76.886s step_avg:177.16ms
step:435/3250 train_time:77.042s step_avg:177.11ms
step:436/3250 train_time:77.197s step_avg:177.06ms
step:437/3250 train_time:77.351s step_avg:177.01ms
step:438/3250 train_time:77.506s step_avg:176.95ms
step:439/3250 train_time:77.661s step_avg:176.90ms
step:440/3250 train_time:77.818s step_avg:176.86ms
step:441/3250 train_time:77.973s step_avg:176.81ms
step:442/3250 train_time:78.127s step_avg:176.76ms
step:443/3250 train_time:78.283s step_avg:176.71ms
step:444/3250 train_time:78.438s step_avg:176.66ms
step:445/3250 train_time:78.592s step_avg:176.61ms
step:446/3250 train_time:78.747s step_avg:176.56ms
step:447/3250 train_time:78.902s step_avg:176.52ms
step:448/3250 train_time:79.058s step_avg:176.47ms
step:449/3250 train_time:79.213s step_avg:176.42ms
step:450/3250 train_time:79.367s step_avg:176.37ms
step:451/3250 train_time:79.522s step_avg:176.32ms
step:452/3250 train_time:79.678s step_avg:176.28ms
step:453/3250 train_time:79.831s step_avg:176.23ms
step:454/3250 train_time:79.986s step_avg:176.18ms
step:455/3250 train_time:80.142s step_avg:176.14ms
step:456/3250 train_time:80.298s step_avg:176.09ms
step:457/3250 train_time:80.452s step_avg:176.04ms
step:458/3250 train_time:80.606s step_avg:176.00ms
step:459/3250 train_time:80.761s step_avg:175.95ms
step:460/3250 train_time:80.917s step_avg:175.91ms
step:461/3250 train_time:81.071s step_avg:175.86ms
step:462/3250 train_time:81.226s step_avg:175.81ms
step:463/3250 train_time:81.382s step_avg:175.77ms
step:464/3250 train_time:81.538s step_avg:175.73ms
step:465/3250 train_time:81.692s step_avg:175.68ms
step:466/3250 train_time:81.847s step_avg:175.64ms
step:467/3250 train_time:82.003s step_avg:175.59ms
step:468/3250 train_time:82.158s step_avg:175.55ms
step:469/3250 train_time:82.314s step_avg:175.51ms
step:470/3250 train_time:82.468s step_avg:175.46ms
step:471/3250 train_time:82.622s step_avg:175.42ms
step:472/3250 train_time:82.779s step_avg:175.38ms
step:473/3250 train_time:82.933s step_avg:175.33ms
step:474/3250 train_time:83.087s step_avg:175.29ms
step:475/3250 train_time:83.243s step_avg:175.25ms
step:476/3250 train_time:83.398s step_avg:175.21ms
step:477/3250 train_time:83.552s step_avg:175.16ms
step:478/3250 train_time:83.707s step_avg:175.12ms
step:479/3250 train_time:83.862s step_avg:175.08ms
step:480/3250 train_time:84.018s step_avg:175.04ms
step:481/3250 train_time:84.172s step_avg:174.99ms
step:482/3250 train_time:84.327s step_avg:174.95ms
step:483/3250 train_time:84.482s step_avg:174.91ms
step:484/3250 train_time:84.639s step_avg:174.87ms
step:485/3250 train_time:84.792s step_avg:174.83ms
step:486/3250 train_time:84.948s step_avg:174.79ms
step:487/3250 train_time:85.103s step_avg:174.75ms
step:488/3250 train_time:85.259s step_avg:174.71ms
step:489/3250 train_time:85.413s step_avg:174.67ms
step:490/3250 train_time:85.567s step_avg:174.63ms
step:491/3250 train_time:85.722s step_avg:174.59ms
step:492/3250 train_time:85.878s step_avg:174.55ms
step:493/3250 train_time:86.032s step_avg:174.51ms
step:494/3250 train_time:86.186s step_avg:174.47ms
step:495/3250 train_time:86.342s step_avg:174.43ms
step:496/3250 train_time:86.498s step_avg:174.39ms
step:497/3250 train_time:86.653s step_avg:174.35ms
step:498/3250 train_time:86.808s step_avg:174.31ms
step:499/3250 train_time:86.963s step_avg:174.28ms
step:500/3250 train_time:87.119s step_avg:174.24ms
step:500/3250 val_loss:3.82880 train_time:87.131s step_avg:155.42ms
step:501/3250 train_time:87.277s step_avg:174.21ms
step:502/3250 train_time:87.431s step_avg:174.17ms
step:503/3250 train_time:87.585s step_avg:174.13ms
step:504/3250 train_time:87.739s step_avg:174.09ms
step:505/3250 train_time:87.896s step_avg:174.05ms
step:506/3250 train_time:88.051s step_avg:174.01ms
step:507/3250 train_time:88.206s step_avg:173.98ms
step:508/3250 train_time:88.361s step_avg:173.94ms
step:509/3250 train_time:88.517s step_avg:173.90ms
step:510/3250 train_time:88.673s step_avg:173.87ms
step:511/3250 train_time:88.827s step_avg:173.83ms
step:512/3250 train_time:88.981s step_avg:173.79ms
step:513/3250 train_time:89.136s step_avg:173.75ms
step:514/3250 train_time:89.292s step_avg:173.72ms
step:515/3250 train_time:89.448s step_avg:173.68ms
step:516/3250 train_time:89.601s step_avg:173.65ms
step:517/3250 train_time:89.756s step_avg:173.61ms
step:518/3250 train_time:89.911s step_avg:173.57ms
step:519/3250 train_time:90.067s step_avg:173.54ms
step:520/3250 train_time:90.222s step_avg:173.50ms
step:521/3250 train_time:90.378s step_avg:173.47ms
step:522/3250 train_time:90.533s step_avg:173.44ms
step:523/3250 train_time:90.690s step_avg:173.40ms
step:524/3250 train_time:90.844s step_avg:173.37ms
step:525/3250 train_time:90.998s step_avg:173.33ms
step:526/3250 train_time:91.154s step_avg:173.30ms
step:527/3250 train_time:91.310s step_avg:173.26ms
step:528/3250 train_time:91.464s step_avg:173.23ms
step:529/3250 train_time:91.619s step_avg:173.19ms
step:530/3250 train_time:91.775s step_avg:173.16ms
step:531/3250 train_time:91.931s step_avg:173.13ms
step:532/3250 train_time:92.085s step_avg:173.09ms
step:533/3250 train_time:92.239s step_avg:173.06ms
step:534/3250 train_time:92.396s step_avg:173.03ms
step:535/3250 train_time:92.552s step_avg:173.00ms
step:536/3250 train_time:92.707s step_avg:172.96ms
step:537/3250 train_time:92.860s step_avg:172.92ms
step:538/3250 train_time:93.018s step_avg:172.90ms
step:539/3250 train_time:93.173s step_avg:172.86ms
step:540/3250 train_time:93.329s step_avg:172.83ms
step:541/3250 train_time:93.484s step_avg:172.80ms
step:542/3250 train_time:93.639s step_avg:172.76ms
step:543/3250 train_time:93.795s step_avg:172.73ms
step:544/3250 train_time:93.951s step_avg:172.70ms
step:545/3250 train_time:94.105s step_avg:172.67ms
step:546/3250 train_time:94.259s step_avg:172.64ms
step:547/3250 train_time:94.414s step_avg:172.60ms
step:548/3250 train_time:94.571s step_avg:172.57ms
step:549/3250 train_time:94.726s step_avg:172.54ms
step:550/3250 train_time:94.880s step_avg:172.51ms
step:551/3250 train_time:95.034s step_avg:172.48ms
step:552/3250 train_time:95.189s step_avg:172.44ms
step:553/3250 train_time:95.342s step_avg:172.41ms
step:554/3250 train_time:95.499s step_avg:172.38ms
step:555/3250 train_time:95.654s step_avg:172.35ms
step:556/3250 train_time:95.808s step_avg:172.32ms
step:557/3250 train_time:95.962s step_avg:172.28ms
step:558/3250 train_time:96.119s step_avg:172.26ms
step:559/3250 train_time:96.274s step_avg:172.23ms
step:560/3250 train_time:96.429s step_avg:172.19ms
step:561/3250 train_time:96.583s step_avg:172.16ms
step:562/3250 train_time:96.738s step_avg:172.13ms
step:563/3250 train_time:96.894s step_avg:172.10ms
step:564/3250 train_time:97.050s step_avg:172.07ms
step:565/3250 train_time:97.204s step_avg:172.04ms
step:566/3250 train_time:97.359s step_avg:172.01ms
step:567/3250 train_time:97.514s step_avg:171.98ms
step:568/3250 train_time:97.670s step_avg:171.96ms
step:569/3250 train_time:97.824s step_avg:171.92ms
step:570/3250 train_time:97.979s step_avg:171.89ms
step:571/3250 train_time:98.175s step_avg:171.94ms
step:572/3250 train_time:98.329s step_avg:171.90ms
step:573/3250 train_time:98.483s step_avg:171.87ms
step:574/3250 train_time:98.638s step_avg:171.84ms
step:575/3250 train_time:98.793s step_avg:171.81ms
step:576/3250 train_time:98.949s step_avg:171.79ms
step:577/3250 train_time:99.103s step_avg:171.76ms
step:578/3250 train_time:99.258s step_avg:171.73ms
step:579/3250 train_time:99.413s step_avg:171.70ms
step:580/3250 train_time:99.567s step_avg:171.67ms
step:581/3250 train_time:99.721s step_avg:171.64ms
step:582/3250 train_time:99.877s step_avg:171.61ms
step:583/3250 train_time:100.034s step_avg:171.58ms
step:584/3250 train_time:100.190s step_avg:171.56ms
step:585/3250 train_time:100.344s step_avg:171.53ms
step:586/3250 train_time:100.499s step_avg:171.50ms
step:587/3250 train_time:100.654s step_avg:171.47ms
step:588/3250 train_time:100.810s step_avg:171.44ms
step:589/3250 train_time:100.963s step_avg:171.41ms
step:590/3250 train_time:101.118s step_avg:171.39ms
step:591/3250 train_time:101.275s step_avg:171.36ms
step:592/3250 train_time:101.431s step_avg:171.34ms
step:593/3250 train_time:101.586s step_avg:171.31ms
step:594/3250 train_time:101.740s step_avg:171.28ms
step:595/3250 train_time:101.896s step_avg:171.25ms
step:596/3250 train_time:102.051s step_avg:171.23ms
step:597/3250 train_time:102.206s step_avg:171.20ms
step:598/3250 train_time:102.360s step_avg:171.17ms
step:599/3250 train_time:102.516s step_avg:171.15ms
step:600/3250 train_time:102.675s step_avg:171.13ms
step:601/3250 train_time:102.831s step_avg:171.10ms
step:602/3250 train_time:102.986s step_avg:171.07ms
step:603/3250 train_time:103.140s step_avg:171.04ms
step:604/3250 train_time:103.295s step_avg:171.02ms
step:605/3250 train_time:103.450s step_avg:170.99ms
step:606/3250 train_time:103.604s step_avg:170.96ms
step:607/3250 train_time:103.759s step_avg:170.94ms
step:608/3250 train_time:103.915s step_avg:170.91ms
step:609/3250 train_time:104.072s step_avg:170.89ms
step:610/3250 train_time:104.226s step_avg:170.86ms
step:611/3250 train_time:104.380s step_avg:170.84ms
step:612/3250 train_time:104.535s step_avg:170.81ms
step:613/3250 train_time:104.691s step_avg:170.79ms
step:614/3250 train_time:104.847s step_avg:170.76ms
step:615/3250 train_time:105.001s step_avg:170.73ms
step:616/3250 train_time:105.157s step_avg:170.71ms
step:617/3250 train_time:105.312s step_avg:170.68ms
step:618/3250 train_time:105.466s step_avg:170.66ms
step:619/3250 train_time:105.620s step_avg:170.63ms
step:620/3250 train_time:105.774s step_avg:170.60ms
step:621/3250 train_time:105.931s step_avg:170.58ms
step:622/3250 train_time:106.085s step_avg:170.55ms
step:623/3250 train_time:106.239s step_avg:170.53ms
step:624/3250 train_time:106.397s step_avg:170.51ms
step:625/3250 train_time:106.553s step_avg:170.48ms
step:625/3250 val_loss:3.76254 train_time:106.565s step_avg:155.47ms
step:626/3250 train_time:106.711s step_avg:170.47ms
step:627/3250 train_time:106.867s step_avg:170.44ms
step:628/3250 train_time:107.021s step_avg:170.42ms
step:629/3250 train_time:107.175s step_avg:170.39ms
step:630/3250 train_time:107.331s step_avg:170.37ms
step:631/3250 train_time:107.487s step_avg:170.34ms
step:632/3250 train_time:107.643s step_avg:170.32ms
step:633/3250 train_time:107.797s step_avg:170.30ms
step:634/3250 train_time:107.952s step_avg:170.27ms
step:635/3250 train_time:108.107s step_avg:170.25ms
step:636/3250 train_time:108.262s step_avg:170.22ms
step:637/3250 train_time:108.416s step_avg:170.20ms
step:638/3250 train_time:108.572s step_avg:170.18ms
step:639/3250 train_time:108.727s step_avg:170.15ms
step:640/3250 train_time:108.882s step_avg:170.13ms
step:641/3250 train_time:109.036s step_avg:170.10ms
step:642/3250 train_time:109.191s step_avg:170.08ms
step:643/3250 train_time:109.347s step_avg:170.06ms
step:644/3250 train_time:109.501s step_avg:170.03ms
step:645/3250 train_time:109.656s step_avg:170.01ms
step:646/3250 train_time:109.812s step_avg:169.99ms
step:647/3250 train_time:109.969s step_avg:169.97ms
step:648/3250 train_time:110.125s step_avg:169.95ms
step:649/3250 train_time:110.279s step_avg:169.92ms
step:650/3250 train_time:110.433s step_avg:169.90ms
step:651/3250 train_time:110.590s step_avg:169.88ms
step:652/3250 train_time:110.746s step_avg:169.86ms
step:653/3250 train_time:110.901s step_avg:169.83ms
step:654/3250 train_time:111.055s step_avg:169.81ms
step:655/3250 train_time:111.211s step_avg:169.79ms
step:656/3250 train_time:111.367s step_avg:169.77ms
step:657/3250 train_time:111.522s step_avg:169.74ms
step:658/3250 train_time:111.675s step_avg:169.72ms
step:659/3250 train_time:111.830s step_avg:169.70ms
step:660/3250 train_time:111.987s step_avg:169.68ms
step:661/3250 train_time:112.142s step_avg:169.65ms
step:662/3250 train_time:112.296s step_avg:169.63ms
step:663/3250 train_time:112.450s step_avg:169.61ms
step:664/3250 train_time:112.608s step_avg:169.59ms
step:665/3250 train_time:112.763s step_avg:169.57ms
step:666/3250 train_time:112.917s step_avg:169.54ms
step:667/3250 train_time:113.071s step_avg:169.52ms
step:668/3250 train_time:113.227s step_avg:169.50ms
step:669/3250 train_time:113.384s step_avg:169.48ms
step:670/3250 train_time:113.538s step_avg:169.46ms
step:671/3250 train_time:113.693s step_avg:169.44ms
step:672/3250 train_time:113.848s step_avg:169.42ms
step:673/3250 train_time:114.004s step_avg:169.40ms
step:674/3250 train_time:114.159s step_avg:169.38ms
step:675/3250 train_time:114.314s step_avg:169.35ms
step:676/3250 train_time:114.470s step_avg:169.33ms
step:677/3250 train_time:114.624s step_avg:169.31ms
step:678/3250 train_time:114.778s step_avg:169.29ms
step:679/3250 train_time:114.933s step_avg:169.27ms
step:680/3250 train_time:115.088s step_avg:169.25ms
step:681/3250 train_time:115.244s step_avg:169.23ms
step:682/3250 train_time:115.400s step_avg:169.21ms
step:683/3250 train_time:115.554s step_avg:169.19ms
step:684/3250 train_time:115.709s step_avg:169.17ms
step:685/3250 train_time:115.865s step_avg:169.15ms
step:686/3250 train_time:116.019s step_avg:169.12ms
step:687/3250 train_time:116.174s step_avg:169.10ms
step:688/3250 train_time:116.329s step_avg:169.08ms
step:689/3250 train_time:116.485s step_avg:169.06ms
step:690/3250 train_time:116.639s step_avg:169.04ms
step:691/3250 train_time:116.793s step_avg:169.02ms
step:692/3250 train_time:116.948s step_avg:169.00ms
step:693/3250 train_time:117.104s step_avg:168.98ms
step:694/3250 train_time:117.258s step_avg:168.96ms
step:695/3250 train_time:117.413s step_avg:168.94ms
step:696/3250 train_time:117.568s step_avg:168.92ms
step:697/3250 train_time:117.724s step_avg:168.90ms
step:698/3250 train_time:117.878s step_avg:168.88ms
step:699/3250 train_time:118.033s step_avg:168.86ms
step:700/3250 train_time:118.189s step_avg:168.84ms
step:701/3250 train_time:118.345s step_avg:168.82ms
step:702/3250 train_time:118.499s step_avg:168.80ms
step:703/3250 train_time:118.653s step_avg:168.78ms
step:704/3250 train_time:118.808s step_avg:168.76ms
step:705/3250 train_time:118.965s step_avg:168.74ms
step:706/3250 train_time:119.118s step_avg:168.72ms
step:707/3250 train_time:119.272s step_avg:168.70ms
step:708/3250 train_time:119.427s step_avg:168.68ms
step:709/3250 train_time:119.583s step_avg:168.66ms
step:710/3250 train_time:119.737s step_avg:168.64ms
step:711/3250 train_time:119.892s step_avg:168.62ms
step:712/3250 train_time:120.047s step_avg:168.61ms
step:713/3250 train_time:120.202s step_avg:168.59ms
step:714/3250 train_time:120.355s step_avg:168.57ms
step:715/3250 train_time:120.513s step_avg:168.55ms
step:716/3250 train_time:120.668s step_avg:168.53ms
step:717/3250 train_time:120.824s step_avg:168.51ms
step:718/3250 train_time:120.977s step_avg:168.49ms
step:719/3250 train_time:121.133s step_avg:168.47ms
step:720/3250 train_time:121.289s step_avg:168.46ms
step:721/3250 train_time:121.444s step_avg:168.44ms
step:722/3250 train_time:121.598s step_avg:168.42ms
step:723/3250 train_time:121.753s step_avg:168.40ms
step:724/3250 train_time:121.910s step_avg:168.38ms
step:725/3250 train_time:122.066s step_avg:168.37ms
step:726/3250 train_time:122.219s step_avg:168.35ms
step:727/3250 train_time:122.374s step_avg:168.33ms
step:728/3250 train_time:122.529s step_avg:168.31ms
step:729/3250 train_time:122.685s step_avg:168.29ms
step:730/3250 train_time:122.839s step_avg:168.27ms
step:731/3250 train_time:122.993s step_avg:168.25ms
step:732/3250 train_time:123.148s step_avg:168.24ms
step:733/3250 train_time:123.304s step_avg:168.22ms
step:734/3250 train_time:123.458s step_avg:168.20ms
step:735/3250 train_time:123.613s step_avg:168.18ms
step:736/3250 train_time:123.768s step_avg:168.16ms
step:737/3250 train_time:123.923s step_avg:168.15ms
step:738/3250 train_time:124.078s step_avg:168.13ms
step:739/3250 train_time:124.233s step_avg:168.11ms
step:740/3250 train_time:124.389s step_avg:168.09ms
step:741/3250 train_time:124.544s step_avg:168.08ms
step:742/3250 train_time:124.698s step_avg:168.06ms
step:743/3250 train_time:124.852s step_avg:168.04ms
step:744/3250 train_time:125.009s step_avg:168.02ms
step:745/3250 train_time:125.167s step_avg:168.01ms
step:746/3250 train_time:125.321s step_avg:167.99ms
step:747/3250 train_time:125.477s step_avg:167.97ms
step:748/3250 train_time:125.633s step_avg:167.96ms
step:749/3250 train_time:125.787s step_avg:167.94ms
step:750/3250 train_time:125.943s step_avg:167.92ms
step:750/3250 val_loss:3.72187 train_time:125.955s step_avg:155.12ms
step:751/3250 train_time:126.102s step_avg:167.91ms
step:752/3250 train_time:126.257s step_avg:167.89ms
step:753/3250 train_time:126.411s step_avg:167.88ms
step:754/3250 train_time:126.565s step_avg:167.86ms
step:755/3250 train_time:126.721s step_avg:167.84ms
step:756/3250 train_time:126.877s step_avg:167.83ms
step:757/3250 train_time:127.031s step_avg:167.81ms
step:758/3250 train_time:127.187s step_avg:167.79ms
step:759/3250 train_time:127.341s step_avg:167.77ms
step:760/3250 train_time:127.497s step_avg:167.76ms
step:761/3250 train_time:127.694s step_avg:167.80ms
step:762/3250 train_time:127.847s step_avg:167.78ms
step:763/3250 train_time:128.002s step_avg:167.76ms
step:764/3250 train_time:128.157s step_avg:167.74ms
step:765/3250 train_time:128.310s step_avg:167.73ms
step:766/3250 train_time:128.466s step_avg:167.71ms
step:767/3250 train_time:128.623s step_avg:167.70ms
step:768/3250 train_time:128.779s step_avg:167.68ms
step:769/3250 train_time:128.934s step_avg:167.66ms
step:770/3250 train_time:129.087s step_avg:167.65ms
step:771/3250 train_time:129.242s step_avg:167.63ms
step:772/3250 train_time:129.398s step_avg:167.61ms
step:773/3250 train_time:129.552s step_avg:167.60ms
step:774/3250 train_time:129.707s step_avg:167.58ms
step:775/3250 train_time:129.862s step_avg:167.56ms
step:776/3250 train_time:130.019s step_avg:167.55ms
step:777/3250 train_time:130.172s step_avg:167.53ms
step:778/3250 train_time:130.327s step_avg:167.52ms
step:779/3250 train_time:130.482s step_avg:167.50ms
step:780/3250 train_time:130.637s step_avg:167.48ms
step:781/3250 train_time:130.792s step_avg:167.47ms
step:782/3250 train_time:130.946s step_avg:167.45ms
step:783/3250 train_time:131.103s step_avg:167.44ms
step:784/3250 train_time:131.259s step_avg:167.42ms
step:785/3250 train_time:131.413s step_avg:167.41ms
step:786/3250 train_time:131.567s step_avg:167.39ms
step:787/3250 train_time:131.722s step_avg:167.37ms
step:788/3250 train_time:131.877s step_avg:167.36ms
step:789/3250 train_time:132.030s step_avg:167.34ms
step:790/3250 train_time:132.185s step_avg:167.32ms
step:791/3250 train_time:132.341s step_avg:167.31ms
step:792/3250 train_time:132.496s step_avg:167.29ms
step:793/3250 train_time:132.650s step_avg:167.28ms
step:794/3250 train_time:132.805s step_avg:167.26ms
step:795/3250 train_time:132.960s step_avg:167.25ms
step:796/3250 train_time:133.116s step_avg:167.23ms
step:797/3250 train_time:133.269s step_avg:167.21ms
step:798/3250 train_time:133.425s step_avg:167.20ms
step:799/3250 train_time:133.581s step_avg:167.19ms
step:800/3250 train_time:133.736s step_avg:167.17ms
step:801/3250 train_time:133.891s step_avg:167.15ms
step:802/3250 train_time:134.046s step_avg:167.14ms
step:803/3250 train_time:134.202s step_avg:167.13ms
step:804/3250 train_time:134.357s step_avg:167.11ms
step:805/3250 train_time:134.512s step_avg:167.10ms
step:806/3250 train_time:134.667s step_avg:167.08ms
step:807/3250 train_time:134.822s step_avg:167.07ms
step:808/3250 train_time:134.978s step_avg:167.05ms
step:809/3250 train_time:135.132s step_avg:167.04ms
step:810/3250 train_time:135.288s step_avg:167.02ms
step:811/3250 train_time:135.443s step_avg:167.01ms
step:812/3250 train_time:135.599s step_avg:166.99ms
step:813/3250 train_time:135.753s step_avg:166.98ms
step:814/3250 train_time:135.907s step_avg:166.96ms
step:815/3250 train_time:136.062s step_avg:166.95ms
step:816/3250 train_time:136.217s step_avg:166.93ms
step:817/3250 train_time:136.371s step_avg:166.92ms
step:818/3250 train_time:136.526s step_avg:166.90ms
step:819/3250 train_time:136.681s step_avg:166.89ms
step:820/3250 train_time:136.836s step_avg:166.87ms
step:821/3250 train_time:136.990s step_avg:166.86ms
step:822/3250 train_time:137.145s step_avg:166.84ms
step:823/3250 train_time:137.301s step_avg:166.83ms
step:824/3250 train_time:137.456s step_avg:166.82ms
step:825/3250 train_time:137.609s step_avg:166.80ms
step:826/3250 train_time:137.764s step_avg:166.78ms
step:827/3250 train_time:137.920s step_avg:166.77ms
step:828/3250 train_time:138.075s step_avg:166.76ms
step:829/3250 train_time:138.229s step_avg:166.74ms
step:830/3250 train_time:138.384s step_avg:166.73ms
step:831/3250 train_time:138.540s step_avg:166.71ms
step:832/3250 train_time:138.694s step_avg:166.70ms
step:833/3250 train_time:138.848s step_avg:166.68ms
step:834/3250 train_time:139.004s step_avg:166.67ms
step:835/3250 train_time:139.160s step_avg:166.66ms
step:836/3250 train_time:139.315s step_avg:166.64ms
step:837/3250 train_time:139.468s step_avg:166.63ms
step:838/3250 train_time:139.625s step_avg:166.62ms
step:839/3250 train_time:139.780s step_avg:166.60ms
step:840/3250 train_time:139.935s step_avg:166.59ms
step:841/3250 train_time:140.089s step_avg:166.57ms
step:842/3250 train_time:140.244s step_avg:166.56ms
step:843/3250 train_time:140.400s step_avg:166.55ms
step:844/3250 train_time:140.554s step_avg:166.53ms
step:845/3250 train_time:140.708s step_avg:166.52ms
step:846/3250 train_time:140.863s step_avg:166.50ms
step:847/3250 train_time:141.019s step_avg:166.49ms
step:848/3250 train_time:141.173s step_avg:166.48ms
step:849/3250 train_time:141.327s step_avg:166.46ms
step:850/3250 train_time:141.482s step_avg:166.45ms
step:851/3250 train_time:141.638s step_avg:166.44ms
step:852/3250 train_time:141.792s step_avg:166.42ms
step:853/3250 train_time:141.947s step_avg:166.41ms
step:854/3250 train_time:142.103s step_avg:166.40ms
step:855/3250 train_time:142.258s step_avg:166.38ms
step:856/3250 train_time:142.413s step_avg:166.37ms
step:857/3250 train_time:142.567s step_avg:166.36ms
step:858/3250 train_time:142.723s step_avg:166.34ms
step:859/3250 train_time:142.879s step_avg:166.33ms
step:860/3250 train_time:143.033s step_avg:166.32ms
step:861/3250 train_time:143.187s step_avg:166.30ms
step:862/3250 train_time:143.342s step_avg:166.29ms
step:863/3250 train_time:143.498s step_avg:166.28ms
step:864/3250 train_time:143.652s step_avg:166.26ms
step:865/3250 train_time:143.807s step_avg:166.25ms
step:866/3250 train_time:143.961s step_avg:166.24ms
step:867/3250 train_time:144.118s step_avg:166.23ms
step:868/3250 train_time:144.271s step_avg:166.21ms
step:869/3250 train_time:144.426s step_avg:166.20ms
step:870/3250 train_time:144.581s step_avg:166.19ms
step:871/3250 train_time:144.736s step_avg:166.17ms
step:872/3250 train_time:144.890s step_avg:166.16ms
step:873/3250 train_time:145.046s step_avg:166.15ms
step:874/3250 train_time:145.201s step_avg:166.13ms
step:875/3250 train_time:145.357s step_avg:166.12ms
step:875/3250 val_loss:3.68545 train_time:145.369s step_avg:155.31ms
step:876/3250 train_time:145.515s step_avg:166.11ms
step:877/3250 train_time:145.669s step_avg:166.10ms
step:878/3250 train_time:145.823s step_avg:166.08ms
step:879/3250 train_time:145.977s step_avg:166.07ms
step:880/3250 train_time:146.132s step_avg:166.06ms
step:881/3250 train_time:146.286s step_avg:166.05ms
step:882/3250 train_time:146.442s step_avg:166.03ms
step:883/3250 train_time:146.598s step_avg:166.02ms
step:884/3250 train_time:146.753s step_avg:166.01ms
step:885/3250 train_time:146.907s step_avg:166.00ms
step:886/3250 train_time:147.061s step_avg:165.98ms
step:887/3250 train_time:147.217s step_avg:165.97ms
step:888/3250 train_time:147.373s step_avg:165.96ms
step:889/3250 train_time:147.527s step_avg:165.95ms
step:890/3250 train_time:147.683s step_avg:165.94ms
step:891/3250 train_time:147.838s step_avg:165.92ms
step:892/3250 train_time:147.994s step_avg:165.91ms
step:893/3250 train_time:148.148s step_avg:165.90ms
step:894/3250 train_time:148.302s step_avg:165.89ms
step:895/3250 train_time:148.458s step_avg:165.87ms
step:896/3250 train_time:148.614s step_avg:165.86ms
step:897/3250 train_time:148.769s step_avg:165.85ms
step:898/3250 train_time:148.924s step_avg:165.84ms
step:899/3250 train_time:149.079s step_avg:165.83ms
step:900/3250 train_time:149.235s step_avg:165.82ms
step:901/3250 train_time:149.389s step_avg:165.80ms
step:902/3250 train_time:149.543s step_avg:165.79ms
step:903/3250 train_time:149.699s step_avg:165.78ms
step:904/3250 train_time:149.855s step_avg:165.77ms
step:905/3250 train_time:150.010s step_avg:165.76ms
step:906/3250 train_time:150.164s step_avg:165.74ms
step:907/3250 train_time:150.320s step_avg:165.73ms
step:908/3250 train_time:150.475s step_avg:165.72ms
step:909/3250 train_time:150.630s step_avg:165.71ms
step:910/3250 train_time:150.784s step_avg:165.70ms
step:911/3250 train_time:150.940s step_avg:165.69ms
step:912/3250 train_time:151.096s step_avg:165.68ms
step:913/3250 train_time:151.251s step_avg:165.66ms
step:914/3250 train_time:151.405s step_avg:165.65ms
step:915/3250 train_time:151.560s step_avg:165.64ms
step:916/3250 train_time:151.716s step_avg:165.63ms
step:917/3250 train_time:151.872s step_avg:165.62ms
step:918/3250 train_time:152.026s step_avg:165.61ms
step:919/3250 train_time:152.181s step_avg:165.59ms
step:920/3250 train_time:152.336s step_avg:165.58ms
step:921/3250 train_time:152.492s step_avg:165.57ms
step:922/3250 train_time:152.646s step_avg:165.56ms
step:923/3250 train_time:152.801s step_avg:165.55ms
step:924/3250 train_time:152.957s step_avg:165.54ms
step:925/3250 train_time:153.112s step_avg:165.53ms
step:926/3250 train_time:153.266s step_avg:165.51ms
step:927/3250 train_time:153.421s step_avg:165.50ms
step:928/3250 train_time:153.576s step_avg:165.49ms
step:929/3250 train_time:153.731s step_avg:165.48ms
step:930/3250 train_time:153.885s step_avg:165.47ms
step:931/3250 train_time:154.041s step_avg:165.46ms
step:932/3250 train_time:154.196s step_avg:165.45ms
step:933/3250 train_time:154.352s step_avg:165.44ms
step:934/3250 train_time:154.506s step_avg:165.42ms
step:935/3250 train_time:154.661s step_avg:165.41ms
step:936/3250 train_time:154.817s step_avg:165.40ms
step:937/3250 train_time:154.973s step_avg:165.39ms
step:938/3250 train_time:155.128s step_avg:165.38ms
step:939/3250 train_time:155.282s step_avg:165.37ms
step:940/3250 train_time:155.438s step_avg:165.36ms
step:941/3250 train_time:155.594s step_avg:165.35ms
step:942/3250 train_time:155.749s step_avg:165.34ms
step:943/3250 train_time:155.903s step_avg:165.33ms
step:944/3250 train_time:156.059s step_avg:165.32ms
step:945/3250 train_time:156.216s step_avg:165.31ms
step:946/3250 train_time:156.372s step_avg:165.30ms
step:947/3250 train_time:156.526s step_avg:165.29ms
step:948/3250 train_time:156.681s step_avg:165.27ms
step:949/3250 train_time:156.837s step_avg:165.27ms
step:950/3250 train_time:156.993s step_avg:165.26ms
step:951/3250 train_time:157.186s step_avg:165.28ms
step:952/3250 train_time:157.340s step_avg:165.27ms
step:953/3250 train_time:157.496s step_avg:165.26ms
step:954/3250 train_time:157.650s step_avg:165.25ms
step:955/3250 train_time:157.804s step_avg:165.24ms
step:956/3250 train_time:157.959s step_avg:165.23ms
step:957/3250 train_time:158.118s step_avg:165.22ms
step:958/3250 train_time:158.274s step_avg:165.21ms
step:959/3250 train_time:158.428s step_avg:165.20ms
step:960/3250 train_time:158.583s step_avg:165.19ms
step:961/3250 train_time:158.738s step_avg:165.18ms
step:962/3250 train_time:158.894s step_avg:165.17ms
step:963/3250 train_time:159.049s step_avg:165.16ms
step:964/3250 train_time:159.204s step_avg:165.15ms
step:965/3250 train_time:159.359s step_avg:165.14ms
step:966/3250 train_time:159.516s step_avg:165.13ms
step:967/3250 train_time:159.671s step_avg:165.12ms
step:968/3250 train_time:159.824s step_avg:165.11ms
step:969/3250 train_time:159.979s step_avg:165.10ms
step:970/3250 train_time:160.136s step_avg:165.09ms
step:971/3250 train_time:160.292s step_avg:165.08ms
step:972/3250 train_time:160.447s step_avg:165.07ms
step:973/3250 train_time:160.601s step_avg:165.06ms
step:974/3250 train_time:160.758s step_avg:165.05ms
step:975/3250 train_time:160.914s step_avg:165.04ms
step:976/3250 train_time:161.069s step_avg:165.03ms
step:977/3250 train_time:161.222s step_avg:165.02ms
step:978/3250 train_time:161.377s step_avg:165.01ms
step:979/3250 train_time:161.533s step_avg:165.00ms
step:980/3250 train_time:161.689s step_avg:164.99ms
step:981/3250 train_time:161.843s step_avg:164.98ms
step:982/3250 train_time:161.998s step_avg:164.97ms
step:983/3250 train_time:162.154s step_avg:164.96ms
step:984/3250 train_time:162.308s step_avg:164.95ms
step:985/3250 train_time:162.463s step_avg:164.94ms
step:986/3250 train_time:162.618s step_avg:164.93ms
step:987/3250 train_time:162.773s step_avg:164.92ms
step:988/3250 train_time:162.927s step_avg:164.91ms
step:989/3250 train_time:163.081s step_avg:164.90ms
step:990/3250 train_time:163.238s step_avg:164.89ms
step:991/3250 train_time:163.393s step_avg:164.88ms
step:992/3250 train_time:163.549s step_avg:164.87ms
step:993/3250 train_time:163.703s step_avg:164.86ms
step:994/3250 train_time:163.859s step_avg:164.85ms
step:995/3250 train_time:164.016s step_avg:164.84ms
step:996/3250 train_time:164.171s step_avg:164.83ms
step:997/3250 train_time:164.325s step_avg:164.82ms
step:998/3250 train_time:164.481s step_avg:164.81ms
step:999/3250 train_time:164.637s step_avg:164.80ms
step:1000/3250 train_time:164.792s step_avg:164.79ms
step:1000/3250 val_loss:3.65392 train_time:164.804s step_avg:155.48ms
step:1001/3250 train_time:164.950s step_avg:164.79ms
step:1002/3250 train_time:173.660s step_avg:173.31ms
step:1003/3250 train_time:173.822s step_avg:173.30ms
step:1004/3250 train_time:173.984s step_avg:173.29ms
step:1005/3250 train_time:174.147s step_avg:173.28ms
step:1006/3250 train_time:174.309s step_avg:173.27ms
step:1007/3250 train_time:174.474s step_avg:173.26ms
step:1008/3250 train_time:174.634s step_avg:173.25ms
step:1009/3250 train_time:174.796s step_avg:173.24ms
step:1010/3250 train_time:174.957s step_avg:173.23ms
step:1011/3250 train_time:175.119s step_avg:173.21ms
step:1012/3250 train_time:175.282s step_avg:173.20ms
step:1013/3250 train_time:175.443s step_avg:173.19ms
step:1014/3250 train_time:175.605s step_avg:173.18ms
step:1015/3250 train_time:175.768s step_avg:173.17ms
step:1016/3250 train_time:175.932s step_avg:173.16ms
step:1017/3250 train_time:176.095s step_avg:173.15ms
step:1018/3250 train_time:176.258s step_avg:173.14ms
step:1019/3250 train_time:176.419s step_avg:173.13ms
step:1020/3250 train_time:176.584s step_avg:173.12ms
step:1021/3250 train_time:176.746s step_avg:173.11ms
step:1022/3250 train_time:176.909s step_avg:173.10ms
step:1023/3250 train_time:177.073s step_avg:173.09ms
step:1024/3250 train_time:177.235s step_avg:173.08ms
step:1025/3250 train_time:177.396s step_avg:173.07ms
step:1026/3250 train_time:177.558s step_avg:173.06ms
step:1027/3250 train_time:177.721s step_avg:173.05ms
step:1028/3250 train_time:177.882s step_avg:173.04ms
step:1029/3250 train_time:178.044s step_avg:173.03ms
step:1030/3250 train_time:178.209s step_avg:173.02ms
step:1031/3250 train_time:178.373s step_avg:173.01ms
step:1032/3250 train_time:178.534s step_avg:173.00ms
step:1033/3250 train_time:178.696s step_avg:172.99ms
step:1034/3250 train_time:178.858s step_avg:172.98ms
step:1035/3250 train_time:179.021s step_avg:172.97ms
step:1036/3250 train_time:179.185s step_avg:172.96ms
step:1037/3250 train_time:179.351s step_avg:172.95ms
step:1038/3250 train_time:179.512s step_avg:172.94ms
step:1039/3250 train_time:179.673s step_avg:172.93ms
step:1040/3250 train_time:179.835s step_avg:172.92ms
step:1041/3250 train_time:179.996s step_avg:172.91ms
step:1042/3250 train_time:180.158s step_avg:172.90ms
step:1043/3250 train_time:180.319s step_avg:172.89ms
step:1044/3250 train_time:180.482s step_avg:172.88ms
step:1045/3250 train_time:180.643s step_avg:172.86ms
step:1046/3250 train_time:180.806s step_avg:172.85ms
step:1047/3250 train_time:180.970s step_avg:172.85ms
step:1048/3250 train_time:181.132s step_avg:172.84ms
step:1049/3250 train_time:181.293s step_avg:172.82ms
step:1050/3250 train_time:181.455s step_avg:172.81ms
step:1051/3250 train_time:181.617s step_avg:172.80ms
step:1052/3250 train_time:181.777s step_avg:172.79ms
step:1053/3250 train_time:181.939s step_avg:172.78ms
step:1054/3250 train_time:182.101s step_avg:172.77ms
step:1055/3250 train_time:182.264s step_avg:172.76ms
step:1056/3250 train_time:182.426s step_avg:172.75ms
step:1057/3250 train_time:182.589s step_avg:172.74ms
step:1058/3250 train_time:182.753s step_avg:172.73ms
step:1059/3250 train_time:182.915s step_avg:172.72ms
step:1060/3250 train_time:183.077s step_avg:172.71ms
step:1061/3250 train_time:183.240s step_avg:172.70ms
step:1062/3250 train_time:183.402s step_avg:172.70ms
step:1063/3250 train_time:183.566s step_avg:172.69ms
step:1064/3250 train_time:183.728s step_avg:172.68ms
step:1065/3250 train_time:183.890s step_avg:172.67ms
step:1066/3250 train_time:184.053s step_avg:172.66ms
step:1067/3250 train_time:184.215s step_avg:172.65ms
step:1068/3250 train_time:184.376s step_avg:172.64ms
step:1069/3250 train_time:184.537s step_avg:172.63ms
step:1070/3250 train_time:184.699s step_avg:172.62ms
step:1071/3250 train_time:184.861s step_avg:172.61ms
step:1072/3250 train_time:185.023s step_avg:172.60ms
step:1073/3250 train_time:185.185s step_avg:172.59ms
step:1074/3250 train_time:185.348s step_avg:172.58ms
step:1075/3250 train_time:185.510s step_avg:172.57ms
step:1076/3250 train_time:185.673s step_avg:172.56ms
step:1077/3250 train_time:185.835s step_avg:172.55ms
step:1078/3250 train_time:185.997s step_avg:172.54ms
step:1079/3250 train_time:186.160s step_avg:172.53ms
step:1080/3250 train_time:186.322s step_avg:172.52ms
step:1081/3250 train_time:186.485s step_avg:172.51ms
step:1082/3250 train_time:186.648s step_avg:172.50ms
step:1083/3250 train_time:186.810s step_avg:172.49ms
step:1084/3250 train_time:186.973s step_avg:172.48ms
step:1085/3250 train_time:187.135s step_avg:172.47ms
step:1086/3250 train_time:187.296s step_avg:172.46ms
step:1087/3250 train_time:187.458s step_avg:172.45ms
step:1088/3250 train_time:187.620s step_avg:172.45ms
step:1089/3250 train_time:187.782s step_avg:172.44ms
step:1090/3250 train_time:187.944s step_avg:172.43ms
step:1091/3250 train_time:188.108s step_avg:172.42ms
step:1092/3250 train_time:188.272s step_avg:172.41ms
step:1093/3250 train_time:188.434s step_avg:172.40ms
step:1094/3250 train_time:188.598s step_avg:172.39ms
step:1095/3250 train_time:188.759s step_avg:172.38ms
step:1096/3250 train_time:188.922s step_avg:172.37ms
step:1097/3250 train_time:189.085s step_avg:172.37ms
step:1098/3250 train_time:189.249s step_avg:172.36ms
step:1099/3250 train_time:189.412s step_avg:172.35ms
step:1100/3250 train_time:189.573s step_avg:172.34ms
step:1101/3250 train_time:189.737s step_avg:172.33ms
step:1102/3250 train_time:189.898s step_avg:172.32ms
step:1103/3250 train_time:190.060s step_avg:172.31ms
step:1104/3250 train_time:190.222s step_avg:172.30ms
step:1105/3250 train_time:190.384s step_avg:172.29ms
step:1106/3250 train_time:190.547s step_avg:172.28ms
step:1107/3250 train_time:190.708s step_avg:172.27ms
step:1108/3250 train_time:190.871s step_avg:172.27ms
step:1109/3250 train_time:191.033s step_avg:172.26ms
step:1110/3250 train_time:191.194s step_avg:172.25ms
step:1111/3250 train_time:191.357s step_avg:172.24ms
step:1112/3250 train_time:191.519s step_avg:172.23ms
step:1113/3250 train_time:191.680s step_avg:172.22ms
step:1114/3250 train_time:191.841s step_avg:172.21ms
step:1115/3250 train_time:192.003s step_avg:172.20ms
step:1116/3250 train_time:192.166s step_avg:172.19ms
step:1117/3250 train_time:192.330s step_avg:172.18ms
step:1118/3250 train_time:192.494s step_avg:172.18ms
step:1119/3250 train_time:192.656s step_avg:172.17ms
step:1120/3250 train_time:192.818s step_avg:172.16ms
step:1121/3250 train_time:192.978s step_avg:172.15ms
step:1122/3250 train_time:193.142s step_avg:172.14ms
step:1123/3250 train_time:193.305s step_avg:172.13ms
step:1124/3250 train_time:193.472s step_avg:172.13ms
step:1125/3250 train_time:193.634s step_avg:172.12ms
step:1125/3250 val_loss:3.65845 train_time:193.634s step_avg:230.65ms
probe_ema: n=84934656 align=-0.49865,-0.45485,-0.41146,-0.36924,-0.32869,-0.28937,-0.25052,-0.20955 rel_mse=1.06138,1.04226,1.02875,1.01939,1.01297,1.00861,1.00565,1.00361
step:1126/3250 train_time:193.796s step_avg:172.11ms
step:1127/3250 train_time:193.958s step_avg:172.10ms
step:1128/3250 train_time:194.119s step_avg:172.09ms
step:1129/3250 train_time:194.283s step_avg:172.08ms
step:1130/3250 train_time:194.446s step_avg:172.08ms
step:1131/3250 train_time:194.607s step_avg:172.07ms
step:1132/3250 train_time:194.769s step_avg:172.06ms
step:1133/3250 train_time:194.931s step_avg:172.05ms
step:1134/3250 train_time:195.093s step_avg:172.04ms
step:1135/3250 train_time:195.256s step_avg:172.03ms
step:1136/3250 train_time:195.417s step_avg:172.02ms
step:1137/3250 train_time:195.579s step_avg:172.01ms
step:1138/3250 train_time:195.741s step_avg:172.00ms
step:1139/3250 train_time:195.903s step_avg:172.00ms
step:1140/3250 train_time:196.065s step_avg:171.99ms
step:1141/3250 train_time:196.282s step_avg:172.03ms
step:1142/3250 train_time:196.443s step_avg:172.02ms
step:1143/3250 train_time:196.604s step_avg:172.01ms
step:1144/3250 train_time:196.767s step_avg:172.00ms
step:1145/3250 train_time:196.928s step_avg:171.99ms
step:1146/3250 train_time:197.089s step_avg:171.98ms
step:1147/3250 train_time:197.252s step_avg:171.97ms
step:1148/3250 train_time:197.415s step_avg:171.96ms
step:1149/3250 train_time:197.580s step_avg:171.96ms
step:1150/3250 train_time:197.743s step_avg:171.95ms
step:1151/3250 train_time:197.905s step_avg:171.94ms
step:1152/3250 train_time:198.068s step_avg:171.93ms
step:1153/3250 train_time:198.230s step_avg:171.93ms
step:1154/3250 train_time:198.393s step_avg:171.92ms
step:1155/3250 train_time:198.557s step_avg:171.91ms
step:1156/3250 train_time:198.719s step_avg:171.90ms
step:1157/3250 train_time:198.881s step_avg:171.89ms
step:1158/3250 train_time:199.042s step_avg:171.88ms
step:1159/3250 train_time:199.205s step_avg:171.88ms
step:1160/3250 train_time:199.366s step_avg:171.87ms
step:1161/3250 train_time:199.528s step_avg:171.86ms
step:1162/3250 train_time:199.691s step_avg:171.85ms
step:1163/3250 train_time:199.855s step_avg:171.84ms
step:1164/3250 train_time:200.016s step_avg:171.83ms
step:1165/3250 train_time:200.178s step_avg:171.83ms
step:1166/3250 train_time:200.340s step_avg:171.82ms
step:1167/3250 train_time:200.504s step_avg:171.81ms
step:1168/3250 train_time:200.666s step_avg:171.80ms
step:1169/3250 train_time:200.828s step_avg:171.79ms
step:1170/3250 train_time:200.992s step_avg:171.79ms
step:1171/3250 train_time:201.154s step_avg:171.78ms
step:1172/3250 train_time:201.316s step_avg:171.77ms
step:1173/3250 train_time:201.478s step_avg:171.76ms
step:1174/3250 train_time:201.641s step_avg:171.76ms
step:1175/3250 train_time:201.804s step_avg:171.75ms
step:1176/3250 train_time:201.965s step_avg:171.74ms
step:1177/3250 train_time:202.127s step_avg:171.73ms
step:1178/3250 train_time:202.287s step_avg:171.72ms
step:1179/3250 train_time:202.449s step_avg:171.71ms
step:1180/3250 train_time:202.612s step_avg:171.71ms
step:1181/3250 train_time:202.775s step_avg:171.70ms
step:1182/3250 train_time:202.937s step_avg:171.69ms
step:1183/3250 train_time:203.099s step_avg:171.68ms
step:1184/3250 train_time:203.262s step_avg:171.67ms
step:1185/3250 train_time:203.423s step_avg:171.66ms
step:1186/3250 train_time:203.584s step_avg:171.66ms
step:1187/3250 train_time:203.745s step_avg:171.65ms
step:1188/3250 train_time:203.906s step_avg:171.64ms
step:1189/3250 train_time:204.067s step_avg:171.63ms
step:1190/3250 train_time:204.228s step_avg:171.62ms
step:1191/3250 train_time:204.390s step_avg:171.61ms
step:1192/3250 train_time:204.552s step_avg:171.60ms
step:1193/3250 train_time:204.714s step_avg:171.60ms
step:1194/3250 train_time:204.877s step_avg:171.59ms
step:1195/3250 train_time:205.040s step_avg:171.58ms
step:1196/3250 train_time:205.201s step_avg:171.57ms
step:1197/3250 train_time:205.364s step_avg:171.57ms
step:1198/3250 train_time:205.526s step_avg:171.56ms
step:1199/3250 train_time:205.688s step_avg:171.55ms
step:1200/3250 train_time:205.849s step_avg:171.54ms
step:1201/3250 train_time:206.012s step_avg:171.53ms
step:1202/3250 train_time:206.175s step_avg:171.53ms
step:1203/3250 train_time:206.339s step_avg:171.52ms
step:1204/3250 train_time:206.502s step_avg:171.51ms
step:1205/3250 train_time:206.663s step_avg:171.50ms
step:1206/3250 train_time:206.824s step_avg:171.50ms
step:1207/3250 train_time:206.986s step_avg:171.49ms
step:1208/3250 train_time:207.152s step_avg:171.48ms
step:1209/3250 train_time:207.313s step_avg:171.48ms
step:1210/3250 train_time:207.478s step_avg:171.47ms
step:1211/3250 train_time:207.640s step_avg:171.46ms
step:1212/3250 train_time:207.802s step_avg:171.45ms
step:1213/3250 train_time:207.964s step_avg:171.45ms
step:1214/3250 train_time:208.126s step_avg:171.44ms
step:1215/3250 train_time:208.287s step_avg:171.43ms
step:1216/3250 train_time:208.448s step_avg:171.42ms
step:1217/3250 train_time:208.609s step_avg:171.41ms
step:1218/3250 train_time:208.773s step_avg:171.41ms
step:1219/3250 train_time:208.935s step_avg:171.40ms
step:1220/3250 train_time:209.097s step_avg:171.39ms
step:1221/3250 train_time:209.262s step_avg:171.39ms
step:1222/3250 train_time:209.423s step_avg:171.38ms
step:1223/3250 train_time:209.588s step_avg:171.37ms
step:1224/3250 train_time:209.749s step_avg:171.36ms
step:1225/3250 train_time:209.913s step_avg:171.36ms
step:1226/3250 train_time:210.078s step_avg:171.35ms
step:1227/3250 train_time:210.240s step_avg:171.34ms
step:1228/3250 train_time:210.403s step_avg:171.34ms
step:1229/3250 train_time:210.565s step_avg:171.33ms
step:1230/3250 train_time:210.727s step_avg:171.32ms
step:1231/3250 train_time:210.890s step_avg:171.32ms
step:1232/3250 train_time:211.052s step_avg:171.31ms
step:1233/3250 train_time:211.214s step_avg:171.30ms
step:1234/3250 train_time:211.377s step_avg:171.29ms
step:1235/3250 train_time:211.541s step_avg:171.29ms
step:1236/3250 train_time:211.703s step_avg:171.28ms
step:1237/3250 train_time:211.865s step_avg:171.27ms
step:1238/3250 train_time:212.026s step_avg:171.27ms
step:1239/3250 train_time:212.189s step_avg:171.26ms
step:1240/3250 train_time:212.350s step_avg:171.25ms
step:1241/3250 train_time:212.513s step_avg:171.24ms
step:1242/3250 train_time:212.676s step_avg:171.24ms
step:1243/3250 train_time:212.840s step_avg:171.23ms
step:1244/3250 train_time:213.005s step_avg:171.23ms
step:1245/3250 train_time:213.166s step_avg:171.22ms
step:1246/3250 train_time:213.328s step_avg:171.21ms
step:1247/3250 train_time:213.490s step_avg:171.20ms
step:1248/3250 train_time:213.652s step_avg:171.20ms
step:1249/3250 train_time:213.816s step_avg:171.19ms
step:1250/3250 train_time:213.979s step_avg:171.18ms
step:1250/3250 val_loss:3.60316 train_time:213.980s step_avg:162.76ms
probe_ema: n=84934656 align=-0.52078,-0.47496,-0.43158,-0.39079,-0.35205,-0.31451,-0.27661,-0.23507 rel_mse=1.06311,1.04312,1.02916,1.01957,1.01303,1.00861,1.00564,1.00363
step:1251/3250 train_time:214.145s step_avg:171.18ms
step:1252/3250 train_time:214.308s step_avg:171.17ms
step:1253/3250 train_time:214.471s step_avg:171.17ms
step:1254/3250 train_time:214.633s step_avg:171.16ms
step:1255/3250 train_time:214.796s step_avg:171.15ms
step:1256/3250 train_time:214.959s step_avg:171.15ms
step:1257/3250 train_time:215.122s step_avg:171.14ms
step:1258/3250 train_time:215.284s step_avg:171.13ms
step:1259/3250 train_time:215.446s step_avg:171.12ms
step:1260/3250 train_time:215.608s step_avg:171.12ms
step:1261/3250 train_time:215.771s step_avg:171.11ms
step:1262/3250 train_time:215.935s step_avg:171.11ms
step:1263/3250 train_time:216.097s step_avg:171.10ms
step:1264/3250 train_time:216.260s step_avg:171.09ms
step:1265/3250 train_time:216.424s step_avg:171.09ms
step:1266/3250 train_time:216.586s step_avg:171.08ms
step:1267/3250 train_time:216.748s step_avg:171.07ms
step:1268/3250 train_time:216.909s step_avg:171.06ms
step:1269/3250 train_time:217.073s step_avg:171.06ms
step:1270/3250 train_time:217.235s step_avg:171.05ms
step:1271/3250 train_time:217.398s step_avg:171.05ms
step:1272/3250 train_time:217.561s step_avg:171.04ms
step:1273/3250 train_time:217.723s step_avg:171.03ms
step:1274/3250 train_time:217.885s step_avg:171.02ms
step:1275/3250 train_time:218.046s step_avg:171.02ms
step:1276/3250 train_time:218.209s step_avg:171.01ms
step:1277/3250 train_time:218.371s step_avg:171.00ms
step:1278/3250 train_time:218.534s step_avg:171.00ms
step:1279/3250 train_time:218.701s step_avg:170.99ms
step:1280/3250 train_time:218.862s step_avg:170.99ms
step:1281/3250 train_time:219.023s step_avg:170.98ms
step:1282/3250 train_time:219.187s step_avg:170.97ms
step:1283/3250 train_time:219.349s step_avg:170.97ms
step:1284/3250 train_time:219.513s step_avg:170.96ms
step:1285/3250 train_time:219.677s step_avg:170.95ms
step:1286/3250 train_time:219.841s step_avg:170.95ms
step:1287/3250 train_time:220.004s step_avg:170.94ms
step:1288/3250 train_time:220.166s step_avg:170.94ms
step:1289/3250 train_time:220.327s step_avg:170.93ms
step:1290/3250 train_time:220.490s step_avg:170.92ms
step:1291/3250 train_time:220.658s step_avg:170.92ms
step:1292/3250 train_time:220.821s step_avg:170.91ms
step:1293/3250 train_time:220.983s step_avg:170.91ms
step:1294/3250 train_time:221.146s step_avg:170.90ms
step:1295/3250 train_time:221.311s step_avg:170.90ms
step:1296/3250 train_time:221.472s step_avg:170.89ms
step:1297/3250 train_time:221.634s step_avg:170.88ms
step:1298/3250 train_time:221.797s step_avg:170.88ms
step:1299/3250 train_time:221.959s step_avg:170.87ms
step:1300/3250 train_time:222.123s step_avg:170.86ms
step:1301/3250 train_time:222.285s step_avg:170.86ms
step:1302/3250 train_time:222.446s step_avg:170.85ms
step:1303/3250 train_time:222.609s step_avg:170.84ms
step:1304/3250 train_time:222.771s step_avg:170.84ms
step:1305/3250 train_time:222.934s step_avg:170.83ms
step:1306/3250 train_time:223.098s step_avg:170.83ms
step:1307/3250 train_time:223.261s step_avg:170.82ms
step:1308/3250 train_time:223.424s step_avg:170.81ms
step:1309/3250 train_time:223.585s step_avg:170.81ms
step:1310/3250 train_time:223.748s step_avg:170.80ms
step:1311/3250 train_time:223.909s step_avg:170.79ms
step:1312/3250 train_time:224.071s step_avg:170.79ms
step:1313/3250 train_time:224.235s step_avg:170.78ms
step:1314/3250 train_time:224.397s step_avg:170.77ms
step:1315/3250 train_time:224.559s step_avg:170.77ms
step:1316/3250 train_time:224.721s step_avg:170.76ms
step:1317/3250 train_time:224.883s step_avg:170.75ms
step:1318/3250 train_time:225.046s step_avg:170.75ms
step:1319/3250 train_time:225.207s step_avg:170.74ms
step:1320/3250 train_time:225.370s step_avg:170.73ms
step:1321/3250 train_time:225.534s step_avg:170.73ms
step:1322/3250 train_time:225.697s step_avg:170.72ms
step:1323/3250 train_time:225.860s step_avg:170.72ms
step:1324/3250 train_time:226.023s step_avg:170.71ms
step:1325/3250 train_time:226.184s step_avg:170.70ms
step:1326/3250 train_time:226.347s step_avg:170.70ms
step:1327/3250 train_time:226.508s step_avg:170.69ms
step:1328/3250 train_time:226.672s step_avg:170.69ms
step:1329/3250 train_time:226.834s step_avg:170.68ms
step:1330/3250 train_time:226.997s step_avg:170.67ms
step:1331/3250 train_time:227.208s step_avg:170.70ms
step:1332/3250 train_time:227.370s step_avg:170.70ms
step:1333/3250 train_time:227.532s step_avg:170.69ms
step:1334/3250 train_time:227.696s step_avg:170.69ms
step:1335/3250 train_time:227.859s step_avg:170.68ms
step:1336/3250 train_time:228.022s step_avg:170.68ms
step:1337/3250 train_time:228.184s step_avg:170.67ms
step:1338/3250 train_time:228.345s step_avg:170.66ms
step:1339/3250 train_time:228.506s step_avg:170.65ms
step:1340/3250 train_time:228.670s step_avg:170.65ms
step:1341/3250 train_time:228.830s step_avg:170.64ms
step:1342/3250 train_time:228.992s step_avg:170.64ms
step:1343/3250 train_time:229.155s step_avg:170.63ms
step:1344/3250 train_time:229.320s step_avg:170.62ms
step:1345/3250 train_time:229.482s step_avg:170.62ms
step:1346/3250 train_time:229.644s step_avg:170.61ms
step:1347/3250 train_time:229.805s step_avg:170.61ms
step:1348/3250 train_time:229.966s step_avg:170.60ms
step:1349/3250 train_time:230.127s step_avg:170.59ms
step:1350/3250 train_time:230.290s step_avg:170.59ms
step:1351/3250 train_time:230.453s step_avg:170.58ms
step:1352/3250 train_time:230.615s step_avg:170.57ms
step:1353/3250 train_time:230.777s step_avg:170.57ms
step:1354/3250 train_time:230.940s step_avg:170.56ms
step:1355/3250 train_time:231.102s step_avg:170.56ms
step:1356/3250 train_time:231.264s step_avg:170.55ms
step:1357/3250 train_time:231.426s step_avg:170.54ms
step:1358/3250 train_time:231.588s step_avg:170.54ms
step:1359/3250 train_time:231.750s step_avg:170.53ms
step:1360/3250 train_time:231.914s step_avg:170.52ms
step:1361/3250 train_time:232.076s step_avg:170.52ms
step:1362/3250 train_time:232.240s step_avg:170.51ms
step:1363/3250 train_time:232.403s step_avg:170.51ms
step:1364/3250 train_time:232.564s step_avg:170.50ms
step:1365/3250 train_time:232.727s step_avg:170.50ms
step:1366/3250 train_time:232.889s step_avg:170.49ms
step:1367/3250 train_time:233.052s step_avg:170.48ms
step:1368/3250 train_time:233.219s step_avg:170.48ms
step:1369/3250 train_time:233.383s step_avg:170.48ms
step:1370/3250 train_time:233.545s step_avg:170.47ms
step:1371/3250 train_time:233.707s step_avg:170.46ms
step:1372/3250 train_time:233.869s step_avg:170.46ms
step:1373/3250 train_time:234.031s step_avg:170.45ms
step:1374/3250 train_time:234.193s step_avg:170.45ms
step:1375/3250 train_time:234.356s step_avg:170.44ms
step:1375/3250 val_loss:3.56805 train_time:234.356s step_avg:163.01ms
probe_ema: n=84934656 align=-0.51169,-0.46557,-0.42170,-0.38251,-0.34810,-0.31672,-0.28558,-0.25153 rel_mse=1.06441,1.04515,1.03104,1.02102,1.01406,1.00932,1.00612,1.00396
step:1376/3250 train_time:234.519s step_avg:170.44ms
step:1377/3250 train_time:234.683s step_avg:170.43ms
step:1378/3250 train_time:234.846s step_avg:170.43ms
step:1379/3250 train_time:235.008s step_avg:170.42ms
step:1380/3250 train_time:235.170s step_avg:170.41ms
step:1381/3250 train_time:235.333s step_avg:170.41ms
step:1382/3250 train_time:235.495s step_avg:170.40ms
step:1383/3250 train_time:235.659s step_avg:170.40ms
step:1384/3250 train_time:235.819s step_avg:170.39ms
step:1385/3250 train_time:235.982s step_avg:170.38ms
step:1386/3250 train_time:236.146s step_avg:170.38ms
step:1387/3250 train_time:236.309s step_avg:170.37ms
step:1388/3250 train_time:236.473s step_avg:170.37ms
step:1389/3250 train_time:236.635s step_avg:170.36ms
step:1390/3250 train_time:236.798s step_avg:170.36ms
step:1391/3250 train_time:236.960s step_avg:170.35ms
step:1392/3250 train_time:237.120s step_avg:170.35ms
step:1393/3250 train_time:237.282s step_avg:170.34ms
step:1394/3250 train_time:237.443s step_avg:170.33ms
step:1395/3250 train_time:237.605s step_avg:170.33ms
step:1396/3250 train_time:237.768s step_avg:170.32ms
step:1397/3250 train_time:237.930s step_avg:170.31ms
step:1398/3250 train_time:238.093s step_avg:170.31ms
step:1399/3250 train_time:238.256s step_avg:170.30ms
step:1400/3250 train_time:238.417s step_avg:170.30ms
step:1401/3250 train_time:238.580s step_avg:170.29ms
step:1402/3250 train_time:238.741s step_avg:170.29ms
step:1403/3250 train_time:238.903s step_avg:170.28ms
step:1404/3250 train_time:239.065s step_avg:170.27ms
step:1405/3250 train_time:239.228s step_avg:170.27ms
step:1406/3250 train_time:239.394s step_avg:170.27ms
step:1407/3250 train_time:239.557s step_avg:170.26ms
step:1408/3250 train_time:239.719s step_avg:170.26ms
step:1409/3250 train_time:239.882s step_avg:170.25ms
step:1410/3250 train_time:240.044s step_avg:170.24ms
step:1411/3250 train_time:240.208s step_avg:170.24ms
step:1412/3250 train_time:240.370s step_avg:170.23ms
step:1413/3250 train_time:240.533s step_avg:170.23ms
step:1414/3250 train_time:240.697s step_avg:170.22ms
step:1415/3250 train_time:240.858s step_avg:170.22ms
step:1416/3250 train_time:241.021s step_avg:170.21ms
step:1417/3250 train_time:241.183s step_avg:170.21ms
step:1418/3250 train_time:241.345s step_avg:170.20ms
step:1419/3250 train_time:241.507s step_avg:170.20ms
step:1420/3250 train_time:241.669s step_avg:170.19ms
step:1421/3250 train_time:241.832s step_avg:170.18ms
step:1422/3250 train_time:241.994s step_avg:170.18ms
step:1423/3250 train_time:242.156s step_avg:170.17ms
step:1424/3250 train_time:242.319s step_avg:170.17ms
step:1425/3250 train_time:242.480s step_avg:170.16ms
step:1426/3250 train_time:242.643s step_avg:170.16ms
step:1427/3250 train_time:242.806s step_avg:170.15ms
step:1428/3250 train_time:242.967s step_avg:170.14ms
step:1429/3250 train_time:243.131s step_avg:170.14ms
step:1430/3250 train_time:243.294s step_avg:170.14ms
step:1431/3250 train_time:243.457s step_avg:170.13ms
step:1432/3250 train_time:243.620s step_avg:170.13ms
step:1433/3250 train_time:243.781s step_avg:170.12ms
step:1434/3250 train_time:243.942s step_avg:170.11ms
step:1435/3250 train_time:244.104s step_avg:170.11ms
step:1436/3250 train_time:244.266s step_avg:170.10ms
step:1437/3250 train_time:244.429s step_avg:170.10ms
step:1438/3250 train_time:244.591s step_avg:170.09ms
step:1439/3250 train_time:244.754s step_avg:170.09ms
step:1440/3250 train_time:244.917s step_avg:170.08ms
step:1441/3250 train_time:245.080s step_avg:170.08ms
step:1442/3250 train_time:245.242s step_avg:170.07ms
step:1443/3250 train_time:245.406s step_avg:170.07ms
step:1444/3250 train_time:245.570s step_avg:170.06ms
step:1445/3250 train_time:245.734s step_avg:170.06ms
step:1446/3250 train_time:245.896s step_avg:170.05ms
step:1447/3250 train_time:246.058s step_avg:170.05ms
step:1448/3250 train_time:246.219s step_avg:170.04ms
step:1449/3250 train_time:246.381s step_avg:170.04ms
step:1450/3250 train_time:246.544s step_avg:170.03ms
step:1451/3250 train_time:246.706s step_avg:170.02ms
step:1452/3250 train_time:246.870s step_avg:170.02ms
step:1453/3250 train_time:247.031s step_avg:170.01ms
step:1454/3250 train_time:247.193s step_avg:170.01ms
step:1455/3250 train_time:247.357s step_avg:170.00ms
step:1456/3250 train_time:247.518s step_avg:170.00ms
step:1457/3250 train_time:247.680s step_avg:169.99ms
step:1458/3250 train_time:247.846s step_avg:169.99ms
step:1459/3250 train_time:248.008s step_avg:169.98ms
step:1460/3250 train_time:248.171s step_avg:169.98ms
step:1461/3250 train_time:248.334s step_avg:169.98ms
step:1462/3250 train_time:248.496s step_avg:169.97ms
step:1463/3250 train_time:248.659s step_avg:169.96ms
step:1464/3250 train_time:248.819s step_avg:169.96ms
step:1465/3250 train_time:248.983s step_avg:169.95ms
step:1466/3250 train_time:249.145s step_avg:169.95ms
step:1467/3250 train_time:249.308s step_avg:169.94ms
step:1468/3250 train_time:249.471s step_avg:169.94ms
step:1469/3250 train_time:249.634s step_avg:169.93ms
step:1470/3250 train_time:249.797s step_avg:169.93ms
step:1471/3250 train_time:249.958s step_avg:169.92ms
step:1472/3250 train_time:250.120s step_avg:169.92ms
step:1473/3250 train_time:250.284s step_avg:169.91ms
step:1474/3250 train_time:250.448s step_avg:169.91ms
step:1475/3250 train_time:250.612s step_avg:169.91ms
step:1476/3250 train_time:250.776s step_avg:169.90ms
step:1477/3250 train_time:250.937s step_avg:169.90ms
step:1478/3250 train_time:251.101s step_avg:169.89ms
step:1479/3250 train_time:251.263s step_avg:169.89ms
step:1480/3250 train_time:251.426s step_avg:169.88ms
step:1481/3250 train_time:251.592s step_avg:169.88ms
step:1482/3250 train_time:251.755s step_avg:169.88ms
step:1483/3250 train_time:251.918s step_avg:169.87ms
step:1484/3250 train_time:252.079s step_avg:169.86ms
step:1485/3250 train_time:252.241s step_avg:169.86ms
step:1486/3250 train_time:252.404s step_avg:169.85ms
step:1487/3250 train_time:252.565s step_avg:169.85ms
step:1488/3250 train_time:252.728s step_avg:169.84ms
step:1489/3250 train_time:252.890s step_avg:169.84ms
step:1490/3250 train_time:253.052s step_avg:169.83ms
step:1491/3250 train_time:253.215s step_avg:169.83ms
step:1492/3250 train_time:253.377s step_avg:169.82ms
step:1493/3250 train_time:253.540s step_avg:169.82ms
step:1494/3250 train_time:253.701s step_avg:169.81ms
step:1495/3250 train_time:253.862s step_avg:169.81ms
step:1496/3250 train_time:254.025s step_avg:169.80ms
step:1497/3250 train_time:254.187s step_avg:169.80ms
step:1498/3250 train_time:254.352s step_avg:169.79ms
step:1499/3250 train_time:254.514s step_avg:169.79ms
step:1500/3250 train_time:254.677s step_avg:169.78ms
step:1500/3250 val_loss:3.53310 train_time:254.677s step_avg:162.57ms
probe_ema: n=84934656 align=-0.45908,-0.42465,-0.39084,-0.35878,-0.32925,-0.30226,-0.27702,-0.25185 rel_mse=1.05342,1.03695,1.02522,1.01707,1.01151,1.00775,1.00521,1.00351
step:1501/3250 train_time:254.845s step_avg:169.78ms
step:1502/3250 train_time:255.008s step_avg:169.78ms
step:1503/3250 train_time:255.172s step_avg:169.77ms
step:1504/3250 train_time:255.332s step_avg:169.77ms
step:1505/3250 train_time:255.494s step_avg:169.76ms
step:1506/3250 train_time:255.657s step_avg:169.76ms
step:1507/3250 train_time:255.818s step_avg:169.75ms
step:1508/3250 train_time:255.982s step_avg:169.75ms
step:1509/3250 train_time:256.145s step_avg:169.74ms
step:1510/3250 train_time:256.308s step_avg:169.74ms
step:1511/3250 train_time:256.470s step_avg:169.74ms
step:1512/3250 train_time:256.632s step_avg:169.73ms
step:1513/3250 train_time:256.794s step_avg:169.73ms
step:1514/3250 train_time:256.957s step_avg:169.72ms
step:1515/3250 train_time:257.120s step_avg:169.72ms
step:1516/3250 train_time:257.286s step_avg:169.71ms
step:1517/3250 train_time:257.448s step_avg:169.71ms
step:1518/3250 train_time:257.610s step_avg:169.70ms
step:1519/3250 train_time:257.772s step_avg:169.70ms
step:1520/3250 train_time:257.934s step_avg:169.69ms
step:1521/3250 train_time:258.150s step_avg:169.72ms
step:1522/3250 train_time:258.312s step_avg:169.72ms
step:1523/3250 train_time:258.474s step_avg:169.71ms
step:1524/3250 train_time:258.635s step_avg:169.71ms
step:1525/3250 train_time:258.798s step_avg:169.70ms
step:1526/3250 train_time:258.960s step_avg:169.70ms
step:1527/3250 train_time:259.123s step_avg:169.69ms
step:1528/3250 train_time:259.286s step_avg:169.69ms
step:1529/3250 train_time:259.448s step_avg:169.68ms
step:1530/3250 train_time:259.611s step_avg:169.68ms
step:1531/3250 train_time:259.774s step_avg:169.68ms
step:1532/3250 train_time:259.935s step_avg:169.67ms
step:1533/3250 train_time:260.099s step_avg:169.67ms
step:1534/3250 train_time:260.264s step_avg:169.66ms
step:1535/3250 train_time:260.427s step_avg:169.66ms
step:1536/3250 train_time:260.588s step_avg:169.65ms
step:1537/3250 train_time:260.749s step_avg:169.65ms
step:1538/3250 train_time:260.911s step_avg:169.64ms
step:1539/3250 train_time:261.072s step_avg:169.64ms
step:1540/3250 train_time:261.233s step_avg:169.63ms
step:1541/3250 train_time:261.395s step_avg:169.63ms
step:1542/3250 train_time:261.557s step_avg:169.62ms
step:1543/3250 train_time:261.719s step_avg:169.62ms
step:1544/3250 train_time:261.882s step_avg:169.61ms
step:1545/3250 train_time:262.046s step_avg:169.61ms
step:1546/3250 train_time:262.209s step_avg:169.60ms
step:1547/3250 train_time:262.370s step_avg:169.60ms
step:1548/3250 train_time:262.532s step_avg:169.59ms
step:1549/3250 train_time:262.693s step_avg:169.59ms
step:1550/3250 train_time:262.856s step_avg:169.58ms
step:1551/3250 train_time:263.018s step_avg:169.58ms
step:1552/3250 train_time:263.180s step_avg:169.57ms
step:1553/3250 train_time:263.342s step_avg:169.57ms
step:1554/3250 train_time:263.506s step_avg:169.57ms
step:1555/3250 train_time:263.668s step_avg:169.56ms
step:1556/3250 train_time:263.831s step_avg:169.56ms
step:1557/3250 train_time:263.992s step_avg:169.55ms
step:1558/3250 train_time:264.152s step_avg:169.55ms
step:1559/3250 train_time:264.314s step_avg:169.54ms
step:1560/3250 train_time:264.476s step_avg:169.54ms
step:1561/3250 train_time:264.638s step_avg:169.53ms
step:1562/3250 train_time:264.800s step_avg:169.53ms
step:1563/3250 train_time:264.965s step_avg:169.52ms
step:1564/3250 train_time:265.127s step_avg:169.52ms
step:1565/3250 train_time:265.289s step_avg:169.51ms
step:1566/3250 train_time:265.450s step_avg:169.51ms
step:1567/3250 train_time:265.612s step_avg:169.50ms
step:1568/3250 train_time:265.775s step_avg:169.50ms
step:1569/3250 train_time:265.937s step_avg:169.49ms
step:1570/3250 train_time:266.104s step_avg:169.49ms
step:1571/3250 train_time:266.268s step_avg:169.49ms
step:1572/3250 train_time:266.431s step_avg:169.49ms
step:1573/3250 train_time:266.593s step_avg:169.48ms
step:1574/3250 train_time:266.756s step_avg:169.48ms
step:1575/3250 train_time:266.922s step_avg:169.47ms
step:1576/3250 train_time:267.085s step_avg:169.47ms
step:1577/3250 train_time:267.247s step_avg:169.47ms
step:1578/3250 train_time:267.408s step_avg:169.46ms
step:1579/3250 train_time:267.570s step_avg:169.46ms
step:1580/3250 train_time:267.731s step_avg:169.45ms
step:1581/3250 train_time:267.895s step_avg:169.45ms
step:1582/3250 train_time:268.058s step_avg:169.44ms
step:1583/3250 train_time:268.220s step_avg:169.44ms
step:1584/3250 train_time:268.384s step_avg:169.43ms
step:1585/3250 train_time:268.548s step_avg:169.43ms
step:1586/3250 train_time:268.710s step_avg:169.43ms
step:1587/3250 train_time:268.872s step_avg:169.42ms
step:1588/3250 train_time:269.033s step_avg:169.42ms
step:1589/3250 train_time:269.195s step_avg:169.41ms
step:1590/3250 train_time:269.358s step_avg:169.41ms
step:1591/3250 train_time:269.520s step_avg:169.40ms
step:1592/3250 train_time:269.681s step_avg:169.40ms
step:1593/3250 train_time:269.845s step_avg:169.39ms
step:1594/3250 train_time:270.009s step_avg:169.39ms
step:1595/3250 train_time:270.170s step_avg:169.39ms
step:1596/3250 train_time:270.332s step_avg:169.38ms
step:1597/3250 train_time:270.494s step_avg:169.38ms
step:1598/3250 train_time:270.654s step_avg:169.37ms
step:1599/3250 train_time:270.818s step_avg:169.37ms
step:1600/3250 train_time:270.981s step_avg:169.36ms
step:1601/3250 train_time:271.143s step_avg:169.36ms
step:1602/3250 train_time:271.307s step_avg:169.35ms
step:1603/3250 train_time:271.468s step_avg:169.35ms
step:1604/3250 train_time:271.629s step_avg:169.34ms
step:1605/3250 train_time:271.792s step_avg:169.34ms
step:1606/3250 train_time:271.954s step_avg:169.34ms
step:1607/3250 train_time:272.116s step_avg:169.33ms
step:1608/3250 train_time:272.280s step_avg:169.33ms
step:1609/3250 train_time:272.443s step_avg:169.32ms
step:1610/3250 train_time:272.607s step_avg:169.32ms
step:1611/3250 train_time:272.769s step_avg:169.32ms
step:1612/3250 train_time:272.932s step_avg:169.31ms
step:1613/3250 train_time:273.093s step_avg:169.31ms
step:1614/3250 train_time:273.254s step_avg:169.30ms
step:1615/3250 train_time:273.417s step_avg:169.30ms
step:1616/3250 train_time:273.580s step_avg:169.29ms
step:1617/3250 train_time:273.741s step_avg:169.29ms
step:1618/3250 train_time:273.904s step_avg:169.29ms
step:1619/3250 train_time:274.067s step_avg:169.28ms
step:1620/3250 train_time:274.232s step_avg:169.28ms
step:1621/3250 train_time:274.393s step_avg:169.27ms
step:1622/3250 train_time:274.556s step_avg:169.27ms
step:1623/3250 train_time:274.719s step_avg:169.27ms
step:1624/3250 train_time:274.882s step_avg:169.26ms
step:1625/3250 train_time:275.046s step_avg:169.26ms
step:1625/3250 val_loss:3.50629 train_time:275.046s step_avg:162.95ms
probe_ema: n=84934656 align=-0.41891,-0.38382,-0.35271,-0.32519,-0.30010,-0.27690,-0.25519,-0.23399 rel_mse=1.05601,1.03902,1.02700,1.01863,1.01280,1.00875,1.00595,1.00403
step:1626/3250 train_time:275.211s step_avg:169.26ms
step:1627/3250 train_time:275.374s step_avg:169.25ms
step:1628/3250 train_time:275.536s step_avg:169.25ms
step:1629/3250 train_time:275.700s step_avg:169.24ms
step:1630/3250 train_time:275.862s step_avg:169.24ms
step:1631/3250 train_time:276.027s step_avg:169.24ms
step:1632/3250 train_time:276.189s step_avg:169.23ms
step:1633/3250 train_time:276.350s step_avg:169.23ms
step:1634/3250 train_time:276.513s step_avg:169.22ms
step:1635/3250 train_time:276.675s step_avg:169.22ms
step:1636/3250 train_time:276.837s step_avg:169.22ms
step:1637/3250 train_time:277.000s step_avg:169.21ms
step:1638/3250 train_time:277.161s step_avg:169.21ms
step:1639/3250 train_time:277.325s step_avg:169.20ms
step:1640/3250 train_time:277.488s step_avg:169.20ms
step:1641/3250 train_time:277.650s step_avg:169.20ms
step:1642/3250 train_time:277.811s step_avg:169.19ms
step:1643/3250 train_time:277.974s step_avg:169.19ms
step:1644/3250 train_time:278.136s step_avg:169.18ms
step:1645/3250 train_time:278.298s step_avg:169.18ms
step:1646/3250 train_time:278.461s step_avg:169.17ms
step:1647/3250 train_time:278.624s step_avg:169.17ms
step:1648/3250 train_time:278.787s step_avg:169.17ms
step:1649/3250 train_time:278.951s step_avg:169.16ms
step:1650/3250 train_time:279.112s step_avg:169.16ms
step:1651/3250 train_time:279.273s step_avg:169.15ms
step:1652/3250 train_time:279.435s step_avg:169.15ms
step:1653/3250 train_time:279.597s step_avg:169.14ms
step:1654/3250 train_time:279.758s step_avg:169.14ms
step:1655/3250 train_time:279.920s step_avg:169.14ms
step:1656/3250 train_time:280.086s step_avg:169.13ms
step:1657/3250 train_time:280.249s step_avg:169.13ms
step:1658/3250 train_time:280.414s step_avg:169.13ms
step:1659/3250 train_time:280.575s step_avg:169.12ms
step:1660/3250 train_time:280.737s step_avg:169.12ms
step:1661/3250 train_time:280.902s step_avg:169.12ms
step:1662/3250 train_time:281.065s step_avg:169.11ms
step:1663/3250 train_time:281.230s step_avg:169.11ms
step:1664/3250 train_time:281.391s step_avg:169.11ms
step:1665/3250 train_time:281.555s step_avg:169.10ms
step:1666/3250 train_time:281.718s step_avg:169.10ms
step:1667/3250 train_time:281.879s step_avg:169.09ms
step:1668/3250 train_time:282.043s step_avg:169.09ms
step:1669/3250 train_time:282.207s step_avg:169.09ms
step:1670/3250 train_time:282.368s step_avg:169.08ms
step:1671/3250 train_time:282.530s step_avg:169.08ms
step:1672/3250 train_time:282.692s step_avg:169.07ms
step:1673/3250 train_time:282.854s step_avg:169.07ms
step:1674/3250 train_time:283.016s step_avg:169.07ms
step:1675/3250 train_time:283.178s step_avg:169.06ms
step:1676/3250 train_time:283.342s step_avg:169.06ms
step:1677/3250 train_time:283.505s step_avg:169.05ms
step:1678/3250 train_time:283.668s step_avg:169.05ms
step:1679/3250 train_time:283.829s step_avg:169.05ms
step:1680/3250 train_time:283.991s step_avg:169.04ms
step:1681/3250 train_time:284.152s step_avg:169.04ms
step:1682/3250 train_time:284.313s step_avg:169.03ms
step:1683/3250 train_time:284.474s step_avg:169.03ms
step:1684/3250 train_time:284.636s step_avg:169.02ms
step:1685/3250 train_time:284.797s step_avg:169.02ms
step:1686/3250 train_time:284.959s step_avg:169.02ms
step:1687/3250 train_time:285.122s step_avg:169.01ms
step:1688/3250 train_time:285.286s step_avg:169.01ms
step:1689/3250 train_time:285.449s step_avg:169.00ms
step:1690/3250 train_time:285.611s step_avg:169.00ms
step:1691/3250 train_time:285.774s step_avg:169.00ms
step:1692/3250 train_time:285.936s step_avg:168.99ms
step:1693/3250 train_time:286.098s step_avg:168.99ms
step:1694/3250 train_time:286.260s step_avg:168.98ms
step:1695/3250 train_time:286.423s step_avg:168.98ms
step:1696/3250 train_time:286.586s step_avg:168.98ms
step:1697/3250 train_time:286.749s step_avg:168.97ms
step:1698/3250 train_time:286.910s step_avg:168.97ms
step:1699/3250 train_time:287.071s step_avg:168.96ms
step:1700/3250 train_time:287.233s step_avg:168.96ms
step:1701/3250 train_time:287.394s step_avg:168.96ms
step:1702/3250 train_time:287.556s step_avg:168.95ms
step:1703/3250 train_time:287.717s step_avg:168.95ms
step:1704/3250 train_time:287.881s step_avg:168.94ms
step:1705/3250 train_time:288.043s step_avg:168.94ms
step:1706/3250 train_time:288.205s step_avg:168.94ms
step:1707/3250 train_time:288.366s step_avg:168.93ms
step:1708/3250 train_time:288.529s step_avg:168.93ms
step:1709/3250 train_time:288.692s step_avg:168.92ms
step:1710/3250 train_time:288.853s step_avg:168.92ms
step:1711/3250 train_time:289.063s step_avg:168.94ms
step:1712/3250 train_time:289.227s step_avg:168.94ms
step:1713/3250 train_time:289.391s step_avg:168.94ms
step:1714/3250 train_time:289.553s step_avg:168.93ms
step:1715/3250 train_time:289.714s step_avg:168.93ms
step:1716/3250 train_time:289.876s step_avg:168.93ms
step:1717/3250 train_time:290.038s step_avg:168.92ms
step:1718/3250 train_time:290.201s step_avg:168.92ms
step:1719/3250 train_time:290.363s step_avg:168.91ms
step:1720/3250 train_time:290.525s step_avg:168.91ms
step:1721/3250 train_time:290.688s step_avg:168.91ms
step:1722/3250 train_time:290.850s step_avg:168.90ms
step:1723/3250 train_time:291.012s step_avg:168.90ms
step:1724/3250 train_time:291.173s step_avg:168.89ms
step:1725/3250 train_time:291.334s step_avg:168.89ms
step:1726/3250 train_time:291.494s step_avg:168.88ms
step:1727/3250 train_time:291.657s step_avg:168.88ms
step:1728/3250 train_time:291.818s step_avg:168.88ms
step:1729/3250 train_time:291.984s step_avg:168.87ms
step:1730/3250 train_time:292.148s step_avg:168.87ms
step:1731/3250 train_time:292.310s step_avg:168.87ms
step:1732/3250 train_time:292.472s step_avg:168.86ms
step:1733/3250 train_time:292.634s step_avg:168.86ms
step:1734/3250 train_time:292.795s step_avg:168.86ms
step:1735/3250 train_time:292.956s step_avg:168.85ms
step:1736/3250 train_time:293.119s step_avg:168.85ms
step:1737/3250 train_time:293.281s step_avg:168.84ms
step:1738/3250 train_time:293.443s step_avg:168.84ms
step:1739/3250 train_time:293.606s step_avg:168.84ms
step:1740/3250 train_time:293.770s step_avg:168.83ms
step:1741/3250 train_time:293.931s step_avg:168.83ms
step:1742/3250 train_time:294.091s step_avg:168.82ms
step:1743/3250 train_time:294.254s step_avg:168.82ms
step:1744/3250 train_time:294.416s step_avg:168.82ms
step:1745/3250 train_time:294.579s step_avg:168.81ms
step:1746/3250 train_time:294.741s step_avg:168.81ms
step:1747/3250 train_time:294.904s step_avg:168.81ms
step:1748/3250 train_time:295.066s step_avg:168.80ms
step:1749/3250 train_time:295.230s step_avg:168.80ms
step:1750/3250 train_time:295.392s step_avg:168.80ms
step:1750/3250 val_loss:3.48113 train_time:295.392s step_avg:162.77ms
probe_ema: n=84934656 align=-0.43827,-0.40397,-0.37049,-0.33881,-0.30901,-0.28050,-0.25241,-0.22346 rel_mse=1.06414,1.04461,1.03064,1.02086,1.01409,1.00944,1.00627,1.00410
step:1751/3250 train_time:295.559s step_avg:168.79ms
step:1752/3250 train_time:295.722s step_avg:168.79ms
step:1753/3250 train_time:295.887s step_avg:168.79ms
step:1754/3250 train_time:296.049s step_avg:168.79ms
step:1755/3250 train_time:296.211s step_avg:168.78ms
step:1756/3250 train_time:296.373s step_avg:168.78ms
step:1757/3250 train_time:296.535s step_avg:168.77ms
step:1758/3250 train_time:296.698s step_avg:168.77ms
step:1759/3250 train_time:296.860s step_avg:168.77ms
step:1760/3250 train_time:297.022s step_avg:168.76ms
step:1761/3250 train_time:297.183s step_avg:168.76ms
step:1762/3250 train_time:297.345s step_avg:168.75ms
step:1763/3250 train_time:297.507s step_avg:168.75ms
step:1764/3250 train_time:297.669s step_avg:168.75ms
step:1765/3250 train_time:297.831s step_avg:168.74ms
step:1766/3250 train_time:297.992s step_avg:168.74ms
step:1767/3250 train_time:298.155s step_avg:168.74ms
step:1768/3250 train_time:298.317s step_avg:168.73ms
step:1769/3250 train_time:298.479s step_avg:168.73ms
step:1770/3250 train_time:298.643s step_avg:168.72ms
step:1771/3250 train_time:298.805s step_avg:168.72ms
step:1772/3250 train_time:298.965s step_avg:168.72ms
step:1773/3250 train_time:299.127s step_avg:168.71ms
step:1774/3250 train_time:299.290s step_avg:168.71ms
step:1775/3250 train_time:299.454s step_avg:168.71ms
step:1776/3250 train_time:299.617s step_avg:168.70ms
step:1777/3250 train_time:299.780s step_avg:168.70ms
step:1778/3250 train_time:299.941s step_avg:168.70ms
step:1779/3250 train_time:300.103s step_avg:168.69ms
step:1780/3250 train_time:300.265s step_avg:168.69ms
step:1781/3250 train_time:300.427s step_avg:168.68ms
step:1782/3250 train_time:300.589s step_avg:168.68ms
step:1783/3250 train_time:300.750s step_avg:168.68ms
step:1784/3250 train_time:300.913s step_avg:168.67ms
step:1785/3250 train_time:301.075s step_avg:168.67ms
step:1786/3250 train_time:301.238s step_avg:168.67ms
step:1787/3250 train_time:301.399s step_avg:168.66ms
step:1788/3250 train_time:301.561s step_avg:168.66ms
step:1789/3250 train_time:301.723s step_avg:168.65ms
step:1790/3250 train_time:301.884s step_avg:168.65ms
step:1791/3250 train_time:302.046s step_avg:168.65ms
step:1792/3250 train_time:302.212s step_avg:168.65ms
step:1793/3250 train_time:302.375s step_avg:168.64ms
step:1794/3250 train_time:302.540s step_avg:168.64ms
step:1795/3250 train_time:302.702s step_avg:168.64ms
step:1796/3250 train_time:302.863s step_avg:168.63ms
step:1797/3250 train_time:303.024s step_avg:168.63ms
step:1798/3250 train_time:303.187s step_avg:168.62ms
step:1799/3250 train_time:303.349s step_avg:168.62ms
step:1800/3250 train_time:303.510s step_avg:168.62ms
step:1801/3250 train_time:303.673s step_avg:168.61ms
step:1802/3250 train_time:303.836s step_avg:168.61ms
step:1803/3250 train_time:303.998s step_avg:168.61ms
step:1804/3250 train_time:304.161s step_avg:168.60ms
step:1805/3250 train_time:304.322s step_avg:168.60ms
step:1806/3250 train_time:304.483s step_avg:168.60ms
step:1807/3250 train_time:304.646s step_avg:168.59ms
step:1808/3250 train_time:304.808s step_avg:168.59ms
step:1809/3250 train_time:304.971s step_avg:168.59ms
step:1810/3250 train_time:305.133s step_avg:168.58ms
step:1811/3250 train_time:305.294s step_avg:168.58ms
step:1812/3250 train_time:305.458s step_avg:168.57ms
step:1813/3250 train_time:305.620s step_avg:168.57ms
step:1814/3250 train_time:305.783s step_avg:168.57ms
step:1815/3250 train_time:305.946s step_avg:168.57ms
step:1816/3250 train_time:306.108s step_avg:168.56ms
step:1817/3250 train_time:306.270s step_avg:168.56ms
step:1818/3250 train_time:306.434s step_avg:168.56ms
step:1819/3250 train_time:306.595s step_avg:168.55ms
step:1820/3250 train_time:306.760s step_avg:168.55ms
step:1821/3250 train_time:306.923s step_avg:168.55ms
step:1822/3250 train_time:307.085s step_avg:168.54ms
step:1823/3250 train_time:307.246s step_avg:168.54ms
step:1824/3250 train_time:307.406s step_avg:168.53ms
step:1825/3250 train_time:307.567s step_avg:168.53ms
step:1826/3250 train_time:307.728s step_avg:168.53ms
step:1827/3250 train_time:307.891s step_avg:168.52ms
step:1828/3250 train_time:308.053s step_avg:168.52ms
step:1829/3250 train_time:308.215s step_avg:168.52ms
step:1830/3250 train_time:308.379s step_avg:168.51ms
step:1831/3250 train_time:308.541s step_avg:168.51ms
step:1832/3250 train_time:308.703s step_avg:168.51ms
step:1833/3250 train_time:308.866s step_avg:168.50ms
step:1834/3250 train_time:309.028s step_avg:168.50ms
step:1835/3250 train_time:309.190s step_avg:168.50ms
step:1836/3250 train_time:309.353s step_avg:168.49ms
step:1837/3250 train_time:309.516s step_avg:168.49ms
step:1838/3250 train_time:309.680s step_avg:168.49ms
step:1839/3250 train_time:309.843s step_avg:168.48ms
step:1840/3250 train_time:310.004s step_avg:168.48ms
step:1841/3250 train_time:310.166s step_avg:168.48ms
step:1842/3250 train_time:310.327s step_avg:168.47ms
step:1843/3250 train_time:310.490s step_avg:168.47ms
step:1844/3250 train_time:310.653s step_avg:168.47ms
step:1845/3250 train_time:310.816s step_avg:168.46ms
step:1846/3250 train_time:310.979s step_avg:168.46ms
step:1847/3250 train_time:311.142s step_avg:168.46ms
step:1848/3250 train_time:311.303s step_avg:168.45ms
step:1849/3250 train_time:311.466s step_avg:168.45ms
step:1850/3250 train_time:311.627s step_avg:168.45ms
step:1851/3250 train_time:311.788s step_avg:168.44ms
step:1852/3250 train_time:311.949s step_avg:168.44ms
step:1853/3250 train_time:312.112s step_avg:168.44ms
step:1854/3250 train_time:312.274s step_avg:168.43ms
step:1855/3250 train_time:312.440s step_avg:168.43ms
step:1856/3250 train_time:312.602s step_avg:168.43ms
step:1857/3250 train_time:312.764s step_avg:168.42ms
step:1858/3250 train_time:312.926s step_avg:168.42ms
step:1859/3250 train_time:313.087s step_avg:168.42ms
step:1860/3250 train_time:313.250s step_avg:168.41ms
step:1861/3250 train_time:313.413s step_avg:168.41ms
step:1862/3250 train_time:313.575s step_avg:168.41ms
step:1863/3250 train_time:313.738s step_avg:168.40ms
step:1864/3250 train_time:313.900s step_avg:168.40ms
step:1865/3250 train_time:314.062s step_avg:168.40ms
step:1866/3250 train_time:314.224s step_avg:168.39ms
step:1867/3250 train_time:314.386s step_avg:168.39ms
step:1868/3250 train_time:314.548s step_avg:168.39ms
step:1869/3250 train_time:314.709s step_avg:168.38ms
step:1870/3250 train_time:314.871s step_avg:168.38ms
step:1871/3250 train_time:315.036s step_avg:168.38ms
step:1872/3250 train_time:315.197s step_avg:168.37ms
step:1873/3250 train_time:315.361s step_avg:168.37ms
step:1874/3250 train_time:315.523s step_avg:168.37ms
step:1875/3250 train_time:315.685s step_avg:168.37ms
step:1875/3250 val_loss:3.45972 train_time:315.685s step_avg:162.34ms
probe_ema: n=84934656 align=-0.43012,-0.39840,-0.36780,-0.33909,-0.31257,-0.28810,-0.26517,-0.24301 rel_mse=1.06093,1.04275,1.02963,1.02038,1.01392,1.00947,1.00641,1.00434
step:1876/3250 train_time:315.849s step_avg:168.36ms
step:1877/3250 train_time:316.012s step_avg:168.36ms
step:1878/3250 train_time:316.175s step_avg:168.36ms
step:1879/3250 train_time:316.337s step_avg:168.35ms
step:1880/3250 train_time:316.498s step_avg:168.35ms
step:1881/3250 train_time:316.661s step_avg:168.35ms
step:1882/3250 train_time:316.824s step_avg:168.34ms
step:1883/3250 train_time:316.990s step_avg:168.34ms
step:1884/3250 train_time:317.152s step_avg:168.34ms
step:1885/3250 train_time:317.315s step_avg:168.34ms
step:1886/3250 train_time:317.476s step_avg:168.33ms
step:1887/3250 train_time:317.637s step_avg:168.33ms
step:1888/3250 train_time:317.800s step_avg:168.33ms
step:1889/3250 train_time:317.962s step_avg:168.32ms
step:1890/3250 train_time:318.125s step_avg:168.32ms
step:1891/3250 train_time:318.287s step_avg:168.32ms
step:1892/3250 train_time:318.451s step_avg:168.31ms
step:1893/3250 train_time:318.613s step_avg:168.31ms
step:1894/3250 train_time:318.774s step_avg:168.31ms
step:1895/3250 train_time:318.934s step_avg:168.30ms
step:1896/3250 train_time:319.096s step_avg:168.30ms
step:1897/3250 train_time:319.258s step_avg:168.30ms
step:1898/3250 train_time:319.421s step_avg:168.29ms
step:1899/3250 train_time:319.582s step_avg:168.29ms
step:1900/3250 train_time:319.746s step_avg:168.29ms
step:1901/3250 train_time:319.962s step_avg:168.31ms
step:1902/3250 train_time:320.124s step_avg:168.31ms
step:1903/3250 train_time:320.287s step_avg:168.31ms
step:1904/3250 train_time:320.450s step_avg:168.30ms
step:1905/3250 train_time:320.614s step_avg:168.30ms
step:1906/3250 train_time:320.777s step_avg:168.30ms
step:1907/3250 train_time:320.938s step_avg:168.29ms
step:1908/3250 train_time:321.100s step_avg:168.29ms
step:1909/3250 train_time:321.262s step_avg:168.29ms
step:1910/3250 train_time:321.425s step_avg:168.29ms
step:1911/3250 train_time:321.589s step_avg:168.28ms
step:1912/3250 train_time:321.752s step_avg:168.28ms
step:1913/3250 train_time:321.913s step_avg:168.28ms
step:1914/3250 train_time:322.075s step_avg:168.27ms
step:1915/3250 train_time:322.237s step_avg:168.27ms
step:1916/3250 train_time:322.400s step_avg:168.27ms
step:1917/3250 train_time:322.563s step_avg:168.26ms
step:1918/3250 train_time:322.725s step_avg:168.26ms
step:1919/3250 train_time:322.887s step_avg:168.26ms
step:1920/3250 train_time:323.051s step_avg:168.26ms
step:1921/3250 train_time:323.213s step_avg:168.25ms
step:1922/3250 train_time:323.375s step_avg:168.25ms
step:1923/3250 train_time:323.537s step_avg:168.25ms
step:1924/3250 train_time:323.699s step_avg:168.24ms
step:1925/3250 train_time:323.862s step_avg:168.24ms
step:1926/3250 train_time:324.027s step_avg:168.24ms
step:1927/3250 train_time:324.192s step_avg:168.24ms
step:1928/3250 train_time:324.354s step_avg:168.23ms
step:1929/3250 train_time:324.515s step_avg:168.23ms
step:1930/3250 train_time:324.680s step_avg:168.23ms
step:1931/3250 train_time:324.843s step_avg:168.23ms
step:1932/3250 train_time:325.006s step_avg:168.22ms
step:1933/3250 train_time:325.168s step_avg:168.22ms
step:1934/3250 train_time:325.330s step_avg:168.22ms
step:1935/3250 train_time:325.491s step_avg:168.21ms
step:1936/3250 train_time:325.653s step_avg:168.21ms
step:1937/3250 train_time:325.815s step_avg:168.21ms
step:1938/3250 train_time:325.977s step_avg:168.20ms
step:1939/3250 train_time:326.137s step_avg:168.20ms
step:1940/3250 train_time:326.299s step_avg:168.20ms
step:1941/3250 train_time:326.460s step_avg:168.19ms
step:1942/3250 train_time:326.622s step_avg:168.19ms
step:1943/3250 train_time:326.784s step_avg:168.19ms
step:1944/3250 train_time:326.947s step_avg:168.18ms
step:1945/3250 train_time:327.111s step_avg:168.18ms
step:1946/3250 train_time:327.273s step_avg:168.18ms
step:1947/3250 train_time:327.438s step_avg:168.18ms
step:1948/3250 train_time:327.600s step_avg:168.17ms
step:1949/3250 train_time:327.763s step_avg:168.17ms
step:1950/3250 train_time:327.926s step_avg:168.17ms
step:1951/3250 train_time:328.089s step_avg:168.16ms
step:1952/3250 train_time:328.252s step_avg:168.16ms
step:1953/3250 train_time:328.412s step_avg:168.16ms
step:1954/3250 train_time:328.573s step_avg:168.15ms
step:1955/3250 train_time:328.736s step_avg:168.15ms
step:1956/3250 train_time:328.898s step_avg:168.15ms
step:1957/3250 train_time:329.059s step_avg:168.14ms
step:1958/3250 train_time:329.221s step_avg:168.14ms
step:1959/3250 train_time:329.383s step_avg:168.14ms
step:1960/3250 train_time:329.548s step_avg:168.14ms
step:1961/3250 train_time:329.710s step_avg:168.13ms
step:1962/3250 train_time:329.872s step_avg:168.13ms
step:1963/3250 train_time:330.034s step_avg:168.13ms
step:1964/3250 train_time:330.198s step_avg:168.13ms
step:1965/3250 train_time:330.360s step_avg:168.12ms
step:1966/3250 train_time:330.523s step_avg:168.12ms
step:1967/3250 train_time:330.686s step_avg:168.12ms
step:1968/3250 train_time:330.848s step_avg:168.11ms
step:1969/3250 train_time:331.012s step_avg:168.11ms
step:1970/3250 train_time:331.172s step_avg:168.11ms
step:1971/3250 train_time:331.335s step_avg:168.10ms
step:1972/3250 train_time:331.497s step_avg:168.10ms
step:1973/3250 train_time:331.660s step_avg:168.10ms
step:1974/3250 train_time:331.822s step_avg:168.10ms
step:1975/3250 train_time:331.983s step_avg:168.09ms
step:1976/3250 train_time:332.146s step_avg:168.09ms
step:1977/3250 train_time:332.308s step_avg:168.09ms
step:1978/3250 train_time:332.471s step_avg:168.08ms
step:1979/3250 train_time:332.632s step_avg:168.08ms
step:1980/3250 train_time:332.793s step_avg:168.08ms
step:1981/3250 train_time:332.954s step_avg:168.07ms
step:1982/3250 train_time:333.116s step_avg:168.07ms
step:1983/3250 train_time:333.279s step_avg:168.07ms
step:1984/3250 train_time:333.440s step_avg:168.06ms
step:1985/3250 train_time:333.602s step_avg:168.06ms
step:1986/3250 train_time:333.766s step_avg:168.06ms
step:1987/3250 train_time:333.928s step_avg:168.06ms
step:1988/3250 train_time:334.091s step_avg:168.05ms
step:1989/3250 train_time:334.254s step_avg:168.05ms
step:1990/3250 train_time:334.417s step_avg:168.05ms
step:1991/3250 train_time:334.579s step_avg:168.05ms
step:1992/3250 train_time:334.741s step_avg:168.04ms
step:1993/3250 train_time:334.903s step_avg:168.04ms
step:1994/3250 train_time:335.066s step_avg:168.04ms
step:1995/3250 train_time:335.228s step_avg:168.03ms
step:1996/3250 train_time:335.391s step_avg:168.03ms
step:1997/3250 train_time:335.553s step_avg:168.03ms
step:1998/3250 train_time:335.715s step_avg:168.03ms
step:1999/3250 train_time:335.876s step_avg:168.02ms
step:2000/3250 train_time:336.037s step_avg:168.02ms
step:2000/3250 val_loss:3.43787 train_time:336.037s step_avg:162.82ms
probe_ema: n=84934656 align=-0.38985,-0.35974,-0.33146,-0.30509,-0.28022,-0.25608,-0.23162,-0.20569 rel_mse=1.06174,1.04330,1.03007,1.02070,1.01413,1.00955,1.00637,1.00419
step:2001/3250 train_time:336.201s step_avg:168.02ms
step:2002/3250 train_time:336.365s step_avg:168.01ms
step:2003/3250 train_time:336.529s step_avg:168.01ms
step:2004/3250 train_time:336.692s step_avg:168.01ms
step:2005/3250 train_time:336.855s step_avg:168.01ms
step:2006/3250 train_time:337.019s step_avg:168.01ms
step:2007/3250 train_time:337.181s step_avg:168.00ms
step:2008/3250 train_time:337.344s step_avg:168.00ms
step:2009/3250 train_time:337.506s step_avg:168.00ms
step:2010/3250 train_time:337.667s step_avg:167.99ms
step:2011/3250 train_time:337.830s step_avg:167.99ms
step:2012/3250 train_time:337.992s step_avg:167.99ms
step:2013/3250 train_time:338.153s step_avg:167.98ms
step:2014/3250 train_time:338.316s step_avg:167.98ms
step:2015/3250 train_time:338.478s step_avg:167.98ms
step:2016/3250 train_time:338.641s step_avg:167.98ms
step:2017/3250 train_time:338.803s step_avg:167.97ms
step:2018/3250 train_time:338.966s step_avg:167.97ms
step:2019/3250 train_time:339.128s step_avg:167.97ms
step:2020/3250 train_time:339.290s step_avg:167.97ms
step:2021/3250 train_time:339.450s step_avg:167.96ms
step:2022/3250 train_time:339.614s step_avg:167.96ms
step:2023/3250 train_time:339.775s step_avg:167.96ms
step:2024/3250 train_time:339.938s step_avg:167.95ms
step:2025/3250 train_time:340.101s step_avg:167.95ms
step:2026/3250 train_time:340.262s step_avg:167.95ms
step:2027/3250 train_time:340.425s step_avg:167.95ms
step:2028/3250 train_time:340.587s step_avg:167.94ms
step:2029/3250 train_time:340.749s step_avg:167.94ms
step:2030/3250 train_time:340.911s step_avg:167.94ms
step:2031/3250 train_time:341.073s step_avg:167.93ms
step:2032/3250 train_time:341.237s step_avg:167.93ms
step:2033/3250 train_time:341.398s step_avg:167.93ms
step:2034/3250 train_time:341.561s step_avg:167.93ms
step:2035/3250 train_time:341.724s step_avg:167.92ms
step:2036/3250 train_time:341.887s step_avg:167.92ms
step:2037/3250 train_time:342.049s step_avg:167.92ms
step:2038/3250 train_time:342.210s step_avg:167.91ms
step:2039/3250 train_time:342.371s step_avg:167.91ms
step:2040/3250 train_time:342.535s step_avg:167.91ms
step:2041/3250 train_time:342.698s step_avg:167.91ms
step:2042/3250 train_time:342.860s step_avg:167.90ms
step:2043/3250 train_time:343.022s step_avg:167.90ms
step:2044/3250 train_time:343.184s step_avg:167.90ms
step:2045/3250 train_time:343.347s step_avg:167.90ms
step:2046/3250 train_time:343.509s step_avg:167.89ms
step:2047/3250 train_time:343.670s step_avg:167.89ms
step:2048/3250 train_time:343.832s step_avg:167.89ms
step:2049/3250 train_time:343.995s step_avg:167.88ms
step:2050/3250 train_time:344.158s step_avg:167.88ms
step:2051/3250 train_time:344.321s step_avg:167.88ms
step:2052/3250 train_time:344.483s step_avg:167.88ms
step:2053/3250 train_time:344.653s step_avg:167.88ms
step:2054/3250 train_time:344.819s step_avg:167.88ms
step:2055/3250 train_time:344.981s step_avg:167.87ms
step:2056/3250 train_time:345.143s step_avg:167.87ms
step:2057/3250 train_time:345.306s step_avg:167.87ms
step:2058/3250 train_time:345.468s step_avg:167.87ms
step:2059/3250 train_time:345.630s step_avg:167.86ms
step:2060/3250 train_time:345.791s step_avg:167.86ms
step:2061/3250 train_time:345.955s step_avg:167.86ms
step:2062/3250 train_time:346.120s step_avg:167.86ms
step:2063/3250 train_time:346.281s step_avg:167.85ms
step:2064/3250 train_time:346.444s step_avg:167.85ms
step:2065/3250 train_time:346.606s step_avg:167.85ms
step:2066/3250 train_time:346.767s step_avg:167.84ms
step:2067/3250 train_time:346.929s step_avg:167.84ms
step:2068/3250 train_time:347.090s step_avg:167.84ms
step:2069/3250 train_time:347.253s step_avg:167.84ms
step:2070/3250 train_time:347.414s step_avg:167.83ms
step:2071/3250 train_time:347.576s step_avg:167.83ms
step:2072/3250 train_time:347.739s step_avg:167.83ms
step:2073/3250 train_time:347.902s step_avg:167.83ms
step:2074/3250 train_time:348.063s step_avg:167.82ms
step:2075/3250 train_time:348.225s step_avg:167.82ms
step:2076/3250 train_time:348.389s step_avg:167.82ms
step:2077/3250 train_time:348.551s step_avg:167.81ms
step:2078/3250 train_time:348.712s step_avg:167.81ms
step:2079/3250 train_time:348.874s step_avg:167.81ms
step:2080/3250 train_time:349.037s step_avg:167.81ms
step:2081/3250 train_time:349.200s step_avg:167.80ms
step:2082/3250 train_time:349.362s step_avg:167.80ms
step:2083/3250 train_time:349.524s step_avg:167.80ms
step:2084/3250 train_time:349.685s step_avg:167.79ms
step:2085/3250 train_time:349.848s step_avg:167.79ms
step:2086/3250 train_time:350.009s step_avg:167.79ms
step:2087/3250 train_time:350.171s step_avg:167.79ms
step:2088/3250 train_time:350.333s step_avg:167.78ms
step:2089/3250 train_time:350.495s step_avg:167.78ms
step:2090/3250 train_time:350.659s step_avg:167.78ms
step:2091/3250 train_time:350.872s step_avg:167.80ms
step:2092/3250 train_time:351.035s step_avg:167.80ms
step:2093/3250 train_time:351.196s step_avg:167.80ms
step:2094/3250 train_time:351.359s step_avg:167.79ms
step:2095/3250 train_time:351.524s step_avg:167.79ms
step:2096/3250 train_time:351.687s step_avg:167.79ms
step:2097/3250 train_time:351.849s step_avg:167.79ms
step:2098/3250 train_time:352.011s step_avg:167.78ms
step:2099/3250 train_time:352.173s step_avg:167.78ms
step:2100/3250 train_time:352.335s step_avg:167.78ms
step:2101/3250 train_time:352.499s step_avg:167.78ms
step:2102/3250 train_time:352.661s step_avg:167.77ms
step:2103/3250 train_time:352.823s step_avg:167.77ms
step:2104/3250 train_time:352.985s step_avg:167.77ms
step:2105/3250 train_time:353.147s step_avg:167.77ms
step:2106/3250 train_time:353.308s step_avg:167.76ms
step:2107/3250 train_time:353.469s step_avg:167.76ms
step:2108/3250 train_time:353.632s step_avg:167.76ms
step:2109/3250 train_time:353.795s step_avg:167.75ms
step:2110/3250 train_time:353.957s step_avg:167.75ms
step:2111/3250 train_time:354.119s step_avg:167.75ms
step:2112/3250 train_time:354.283s step_avg:167.75ms
step:2113/3250 train_time:354.445s step_avg:167.74ms
step:2114/3250 train_time:354.607s step_avg:167.74ms
step:2115/3250 train_time:354.769s step_avg:167.74ms
step:2116/3250 train_time:354.929s step_avg:167.74ms
step:2117/3250 train_time:355.092s step_avg:167.73ms
step:2118/3250 train_time:355.254s step_avg:167.73ms
step:2119/3250 train_time:355.416s step_avg:167.73ms
step:2120/3250 train_time:355.581s step_avg:167.73ms
step:2121/3250 train_time:355.744s step_avg:167.72ms
step:2122/3250 train_time:355.907s step_avg:167.72ms
step:2123/3250 train_time:356.068s step_avg:167.72ms
step:2124/3250 train_time:356.231s step_avg:167.72ms
step:2125/3250 train_time:356.393s step_avg:167.71ms
step:2125/3250 val_loss:3.41829 train_time:356.394s step_avg:162.86ms
probe_ema: n=84934656 align=-0.31737,-0.29451,-0.27410,-0.25552,-0.23825,-0.22204,-0.20648,-0.19080 rel_mse=1.05752,1.04088,1.02881,1.02016,1.01403,1.00971,1.00667,1.00456
step:2126/3250 train_time:356.560s step_avg:167.71ms
step:2127/3250 train_time:356.722s step_avg:167.71ms
step:2128/3250 train_time:356.883s step_avg:167.71ms
step:2129/3250 train_time:357.045s step_avg:167.71ms
step:2130/3250 train_time:357.207s step_avg:167.70ms
step:2131/3250 train_time:357.370s step_avg:167.70ms
step:2132/3250 train_time:357.533s step_avg:167.70ms
step:2133/3250 train_time:357.697s step_avg:167.70ms
step:2134/3250 train_time:357.860s step_avg:167.69ms
step:2135/3250 train_time:358.020s step_avg:167.69ms
step:2136/3250 train_time:358.181s step_avg:167.69ms
step:2137/3250 train_time:358.343s step_avg:167.68ms
step:2138/3250 train_time:358.505s step_avg:167.68ms
step:2139/3250 train_time:358.666s step_avg:167.68ms
step:2140/3250 train_time:358.829s step_avg:167.68ms
step:2141/3250 train_time:358.990s step_avg:167.67ms
step:2142/3250 train_time:359.152s step_avg:167.67ms
step:2143/3250 train_time:359.315s step_avg:167.67ms
step:2144/3250 train_time:359.479s step_avg:167.67ms
step:2145/3250 train_time:359.641s step_avg:167.66ms
step:2146/3250 train_time:359.802s step_avg:167.66ms
step:2147/3250 train_time:359.965s step_avg:167.66ms
step:2148/3250 train_time:360.128s step_avg:167.66ms
step:2149/3250 train_time:360.290s step_avg:167.65ms
step:2150/3250 train_time:360.453s step_avg:167.65ms
step:2151/3250 train_time:360.615s step_avg:167.65ms
step:2152/3250 train_time:360.778s step_avg:167.65ms
step:2153/3250 train_time:360.940s step_avg:167.65ms
step:2154/3250 train_time:361.102s step_avg:167.64ms
step:2155/3250 train_time:361.264s step_avg:167.64ms
step:2156/3250 train_time:361.426s step_avg:167.64ms
step:2157/3250 train_time:361.589s step_avg:167.64ms
step:2158/3250 train_time:361.752s step_avg:167.63ms
step:2159/3250 train_time:361.914s step_avg:167.63ms
step:2160/3250 train_time:362.078s step_avg:167.63ms
step:2161/3250 train_time:362.240s step_avg:167.63ms
step:2162/3250 train_time:362.402s step_avg:167.62ms
step:2163/3250 train_time:362.563s step_avg:167.62ms
step:2164/3250 train_time:362.724s step_avg:167.62ms
step:2165/3250 train_time:362.885s step_avg:167.61ms
step:2166/3250 train_time:363.048s step_avg:167.61ms
step:2167/3250 train_time:363.211s step_avg:167.61ms
step:2168/3250 train_time:363.374s step_avg:167.61ms
step:2169/3250 train_time:363.537s step_avg:167.61ms
step:2170/3250 train_time:363.699s step_avg:167.60ms
step:2171/3250 train_time:363.862s step_avg:167.60ms
step:2172/3250 train_time:364.026s step_avg:167.60ms
step:2173/3250 train_time:364.187s step_avg:167.60ms
step:2174/3250 train_time:364.349s step_avg:167.59ms
step:2175/3250 train_time:364.513s step_avg:167.59ms
step:2176/3250 train_time:364.676s step_avg:167.59ms
step:2177/3250 train_time:364.839s step_avg:167.59ms
step:2178/3250 train_time:365.001s step_avg:167.59ms
step:2179/3250 train_time:365.165s step_avg:167.58ms
step:2180/3250 train_time:365.327s step_avg:167.58ms
step:2181/3250 train_time:365.490s step_avg:167.58ms
step:2182/3250 train_time:365.653s step_avg:167.58ms
step:2183/3250 train_time:365.816s step_avg:167.57ms
step:2184/3250 train_time:365.979s step_avg:167.57ms
step:2185/3250 train_time:366.142s step_avg:167.57ms
step:2186/3250 train_time:366.303s step_avg:167.57ms
step:2187/3250 train_time:366.463s step_avg:167.56ms
step:2188/3250 train_time:366.625s step_avg:167.56ms
step:2189/3250 train_time:366.787s step_avg:167.56ms
step:2190/3250 train_time:366.951s step_avg:167.56ms
step:2191/3250 train_time:367.115s step_avg:167.56ms
step:2192/3250 train_time:367.279s step_avg:167.55ms
step:2193/3250 train_time:367.441s step_avg:167.55ms
step:2194/3250 train_time:367.603s step_avg:167.55ms
step:2195/3250 train_time:367.765s step_avg:167.55ms
step:2196/3250 train_time:367.927s step_avg:167.54ms
step:2197/3250 train_time:368.089s step_avg:167.54ms
step:2198/3250 train_time:368.253s step_avg:167.54ms
step:2199/3250 train_time:368.416s step_avg:167.54ms
step:2200/3250 train_time:368.579s step_avg:167.54ms
step:2201/3250 train_time:368.741s step_avg:167.53ms
step:2202/3250 train_time:368.903s step_avg:167.53ms
step:2203/3250 train_time:369.066s step_avg:167.53ms
step:2204/3250 train_time:369.228s step_avg:167.53ms
step:2205/3250 train_time:369.390s step_avg:167.52ms
step:2206/3250 train_time:369.554s step_avg:167.52ms
step:2207/3250 train_time:369.718s step_avg:167.52ms
step:2208/3250 train_time:369.880s step_avg:167.52ms
step:2209/3250 train_time:370.042s step_avg:167.52ms
step:2210/3250 train_time:370.204s step_avg:167.51ms
step:2211/3250 train_time:370.366s step_avg:167.51ms
step:2212/3250 train_time:370.528s step_avg:167.51ms
step:2213/3250 train_time:370.689s step_avg:167.51ms
step:2214/3250 train_time:370.853s step_avg:167.50ms
step:2215/3250 train_time:371.016s step_avg:167.50ms
step:2216/3250 train_time:371.179s step_avg:167.50ms
step:2217/3250 train_time:371.341s step_avg:167.50ms
step:2218/3250 train_time:371.502s step_avg:167.49ms
step:2219/3250 train_time:371.664s step_avg:167.49ms
step:2220/3250 train_time:371.826s step_avg:167.49ms
step:2221/3250 train_time:371.991s step_avg:167.49ms
step:2222/3250 train_time:372.154s step_avg:167.49ms
step:2223/3250 train_time:372.316s step_avg:167.48ms
step:2224/3250 train_time:372.480s step_avg:167.48ms
step:2225/3250 train_time:372.641s step_avg:167.48ms
step:2226/3250 train_time:372.803s step_avg:167.48ms
step:2227/3250 train_time:372.966s step_avg:167.47ms
step:2228/3250 train_time:373.129s step_avg:167.47ms
step:2229/3250 train_time:373.290s step_avg:167.47ms
step:2230/3250 train_time:373.454s step_avg:167.47ms
step:2231/3250 train_time:373.617s step_avg:167.47ms
step:2232/3250 train_time:373.781s step_avg:167.46ms
step:2233/3250 train_time:373.944s step_avg:167.46ms
step:2234/3250 train_time:374.106s step_avg:167.46ms
step:2235/3250 train_time:374.268s step_avg:167.46ms
step:2236/3250 train_time:374.429s step_avg:167.45ms
step:2237/3250 train_time:374.592s step_avg:167.45ms
step:2238/3250 train_time:374.756s step_avg:167.45ms
step:2239/3250 train_time:374.919s step_avg:167.45ms
step:2240/3250 train_time:375.080s step_avg:167.45ms
step:2241/3250 train_time:375.243s step_avg:167.44ms
step:2242/3250 train_time:375.404s step_avg:167.44ms
step:2243/3250 train_time:375.564s step_avg:167.44ms
step:2244/3250 train_time:375.726s step_avg:167.44ms
step:2245/3250 train_time:375.889s step_avg:167.43ms
step:2246/3250 train_time:376.052s step_avg:167.43ms
step:2247/3250 train_time:376.215s step_avg:167.43ms
step:2248/3250 train_time:376.377s step_avg:167.43ms
step:2249/3250 train_time:376.539s step_avg:167.43ms
step:2250/3250 train_time:376.700s step_avg:167.42ms
step:2250/3250 val_loss:3.39972 train_time:376.701s step_avg:162.45ms
probe_ema: n=84934656 align=-0.29377,-0.27592,-0.26058,-0.24706,-0.23456,-0.22248,-0.21042,-0.19812 rel_mse=1.05498,1.03944,1.02810,1.01993,1.01406,1.00985,1.00687,1.00476
step:2251/3250 train_time:376.868s step_avg:167.42ms
step:2252/3250 train_time:377.030s step_avg:167.42ms
step:2253/3250 train_time:377.193s step_avg:167.42ms
step:2254/3250 train_time:377.356s step_avg:167.42ms
step:2255/3250 train_time:377.518s step_avg:167.41ms
step:2256/3250 train_time:377.681s step_avg:167.41ms
step:2257/3250 train_time:377.844s step_avg:167.41ms
step:2258/3250 train_time:378.008s step_avg:167.41ms
step:2259/3250 train_time:378.170s step_avg:167.41ms
step:2260/3250 train_time:378.332s step_avg:167.40ms
step:2261/3250 train_time:378.493s step_avg:167.40ms
step:2262/3250 train_time:378.655s step_avg:167.40ms
step:2263/3250 train_time:378.818s step_avg:167.40ms
step:2264/3250 train_time:378.980s step_avg:167.39ms
step:2265/3250 train_time:379.144s step_avg:167.39ms
step:2266/3250 train_time:379.308s step_avg:167.39ms
step:2267/3250 train_time:379.471s step_avg:167.39ms
step:2268/3250 train_time:379.633s step_avg:167.39ms
step:2269/3250 train_time:379.795s step_avg:167.38ms
step:2270/3250 train_time:379.958s step_avg:167.38ms
step:2271/3250 train_time:380.121s step_avg:167.38ms
step:2272/3250 train_time:380.283s step_avg:167.38ms
step:2273/3250 train_time:380.446s step_avg:167.38ms
step:2274/3250 train_time:380.608s step_avg:167.37ms
step:2275/3250 train_time:380.771s step_avg:167.37ms
step:2276/3250 train_time:380.933s step_avg:167.37ms
step:2277/3250 train_time:381.094s step_avg:167.37ms
step:2278/3250 train_time:381.256s step_avg:167.36ms
step:2279/3250 train_time:381.419s step_avg:167.36ms
step:2280/3250 train_time:381.582s step_avg:167.36ms
step:2281/3250 train_time:381.798s step_avg:167.38ms
step:2282/3250 train_time:381.961s step_avg:167.38ms
step:2283/3250 train_time:382.124s step_avg:167.38ms
step:2284/3250 train_time:382.287s step_avg:167.38ms
step:2285/3250 train_time:382.449s step_avg:167.37ms
step:2286/3250 train_time:382.613s step_avg:167.37ms
step:2287/3250 train_time:382.775s step_avg:167.37ms
step:2288/3250 train_time:382.938s step_avg:167.37ms
step:2289/3250 train_time:383.101s step_avg:167.37ms
step:2290/3250 train_time:383.263s step_avg:167.36ms
step:2291/3250 train_time:383.426s step_avg:167.36ms
step:2292/3250 train_time:383.590s step_avg:167.36ms
step:2293/3250 train_time:383.752s step_avg:167.36ms
step:2294/3250 train_time:383.912s step_avg:167.36ms
step:2295/3250 train_time:384.074s step_avg:167.35ms
step:2296/3250 train_time:384.236s step_avg:167.35ms
step:2297/3250 train_time:384.400s step_avg:167.35ms
step:2298/3250 train_time:384.564s step_avg:167.35ms
step:2299/3250 train_time:384.728s step_avg:167.35ms
step:2300/3250 train_time:384.890s step_avg:167.34ms
step:2301/3250 train_time:385.051s step_avg:167.34ms
step:2302/3250 train_time:385.212s step_avg:167.34ms
step:2303/3250 train_time:385.374s step_avg:167.34ms
step:2304/3250 train_time:385.536s step_avg:167.33ms
step:2305/3250 train_time:385.698s step_avg:167.33ms
step:2306/3250 train_time:385.861s step_avg:167.33ms
step:2307/3250 train_time:386.023s step_avg:167.33ms
step:2308/3250 train_time:386.186s step_avg:167.32ms
step:2309/3250 train_time:386.348s step_avg:167.32ms
step:2310/3250 train_time:386.509s step_avg:167.32ms
step:2311/3250 train_time:386.671s step_avg:167.32ms
step:2312/3250 train_time:386.833s step_avg:167.32ms
step:2313/3250 train_time:386.994s step_avg:167.31ms
step:2314/3250 train_time:387.157s step_avg:167.31ms
step:2315/3250 train_time:387.318s step_avg:167.31ms
step:2316/3250 train_time:387.482s step_avg:167.31ms
step:2317/3250 train_time:387.645s step_avg:167.30ms
step:2318/3250 train_time:387.808s step_avg:167.30ms
step:2319/3250 train_time:387.970s step_avg:167.30ms
step:2320/3250 train_time:388.131s step_avg:167.30ms
step:2321/3250 train_time:388.292s step_avg:167.30ms
step:2322/3250 train_time:388.454s step_avg:167.29ms
step:2323/3250 train_time:388.615s step_avg:167.29ms
step:2324/3250 train_time:388.779s step_avg:167.29ms
step:2325/3250 train_time:388.940s step_avg:167.29ms
step:2326/3250 train_time:389.103s step_avg:167.28ms
step:2327/3250 train_time:389.268s step_avg:167.28ms
step:2328/3250 train_time:389.430s step_avg:167.28ms
step:2329/3250 train_time:389.593s step_avg:167.28ms
step:2330/3250 train_time:389.755s step_avg:167.28ms
step:2331/3250 train_time:389.917s step_avg:167.27ms
step:2332/3250 train_time:390.079s step_avg:167.27ms
step:2333/3250 train_time:390.242s step_avg:167.27ms
step:2334/3250 train_time:390.405s step_avg:167.27ms
step:2335/3250 train_time:390.567s step_avg:167.27ms
step:2336/3250 train_time:390.729s step_avg:167.26ms
step:2337/3250 train_time:390.893s step_avg:167.26ms
step:2338/3250 train_time:391.054s step_avg:167.26ms
step:2339/3250 train_time:391.216s step_avg:167.26ms
step:2340/3250 train_time:391.378s step_avg:167.26ms
step:2341/3250 train_time:391.539s step_avg:167.25ms
step:2342/3250 train_time:391.702s step_avg:167.25ms
step:2343/3250 train_time:391.865s step_avg:167.25ms
step:2344/3250 train_time:392.029s step_avg:167.25ms
step:2345/3250 train_time:392.190s step_avg:167.25ms
step:2346/3250 train_time:392.351s step_avg:167.24ms
step:2347/3250 train_time:392.513s step_avg:167.24ms
step:2348/3250 train_time:392.674s step_avg:167.24ms
step:2349/3250 train_time:392.836s step_avg:167.24ms
step:2350/3250 train_time:392.999s step_avg:167.23ms
step:2351/3250 train_time:393.162s step_avg:167.23ms
step:2352/3250 train_time:393.325s step_avg:167.23ms
step:2353/3250 train_time:393.488s step_avg:167.23ms
step:2354/3250 train_time:393.650s step_avg:167.23ms
step:2355/3250 train_time:393.811s step_avg:167.22ms
step:2356/3250 train_time:393.973s step_avg:167.22ms
step:2357/3250 train_time:394.136s step_avg:167.22ms
step:2358/3250 train_time:394.299s step_avg:167.22ms
step:2359/3250 train_time:394.461s step_avg:167.22ms
step:2360/3250 train_time:394.624s step_avg:167.21ms
step:2361/3250 train_time:394.787s step_avg:167.21ms
step:2362/3250 train_time:394.948s step_avg:167.21ms
step:2363/3250 train_time:395.110s step_avg:167.21ms
step:2364/3250 train_time:395.272s step_avg:167.20ms
step:2365/3250 train_time:395.436s step_avg:167.20ms
step:2366/3250 train_time:395.599s step_avg:167.20ms
step:2367/3250 train_time:395.762s step_avg:167.20ms
step:2368/3250 train_time:395.925s step_avg:167.20ms
step:2369/3250 train_time:396.086s step_avg:167.20ms
step:2370/3250 train_time:396.250s step_avg:167.19ms
step:2371/3250 train_time:396.412s step_avg:167.19ms
step:2372/3250 train_time:396.572s step_avg:167.19ms
step:2373/3250 train_time:396.734s step_avg:167.19ms
step:2374/3250 train_time:396.896s step_avg:167.18ms
step:2375/3250 train_time:397.059s step_avg:167.18ms
step:2375/3250 val_loss:3.38244 train_time:397.059s step_avg:162.87ms
probe_ema: n=84934656 align=-0.30020,-0.28033,-0.26293,-0.24659,-0.23058,-0.21444,-0.19762,-0.17953 rel_mse=1.05790,1.04127,1.02925,1.02060,1.01439,1.00994,1.00679,1.00456
step:2376/3250 train_time:397.226s step_avg:167.18ms
step:2377/3250 train_time:397.387s step_avg:167.18ms
step:2378/3250 train_time:397.550s step_avg:167.18ms
step:2379/3250 train_time:397.713s step_avg:167.18ms
step:2380/3250 train_time:397.875s step_avg:167.17ms
step:2381/3250 train_time:398.038s step_avg:167.17ms
step:2382/3250 train_time:398.201s step_avg:167.17ms
step:2383/3250 train_time:398.363s step_avg:167.17ms
step:2384/3250 train_time:398.525s step_avg:167.17ms
step:2385/3250 train_time:398.686s step_avg:167.16ms
step:2386/3250 train_time:398.848s step_avg:167.16ms
step:2387/3250 train_time:399.011s step_avg:167.16ms
step:2388/3250 train_time:399.173s step_avg:167.16ms
step:2389/3250 train_time:399.337s step_avg:167.16ms
step:2390/3250 train_time:399.499s step_avg:167.15ms
step:2391/3250 train_time:399.662s step_avg:167.15ms
step:2392/3250 train_time:399.823s step_avg:167.15ms
step:2393/3250 train_time:399.985s step_avg:167.15ms
step:2394/3250 train_time:400.146s step_avg:167.15ms
step:2395/3250 train_time:400.307s step_avg:167.14ms
step:2396/3250 train_time:400.468s step_avg:167.14ms
step:2397/3250 train_time:400.630s step_avg:167.14ms
step:2398/3250 train_time:400.792s step_avg:167.14ms
step:2399/3250 train_time:400.953s step_avg:167.13ms
step:2400/3250 train_time:401.117s step_avg:167.13ms
step:2401/3250 train_time:401.280s step_avg:167.13ms
step:2402/3250 train_time:401.444s step_avg:167.13ms
step:2403/3250 train_time:401.606s step_avg:167.13ms
step:2404/3250 train_time:401.767s step_avg:167.12ms
step:2405/3250 train_time:401.928s step_avg:167.12ms
step:2406/3250 train_time:402.090s step_avg:167.12ms
step:2407/3250 train_time:402.252s step_avg:167.12ms
step:2408/3250 train_time:402.416s step_avg:167.12ms
step:2409/3250 train_time:402.578s step_avg:167.11ms
step:2410/3250 train_time:402.742s step_avg:167.11ms
step:2411/3250 train_time:402.903s step_avg:167.11ms
step:2412/3250 train_time:403.064s step_avg:167.11ms
step:2413/3250 train_time:403.226s step_avg:167.11ms
step:2414/3250 train_time:403.388s step_avg:167.10ms
step:2415/3250 train_time:403.552s step_avg:167.10ms
step:2416/3250 train_time:403.715s step_avg:167.10ms
step:2417/3250 train_time:403.878s step_avg:167.10ms
step:2418/3250 train_time:404.038s step_avg:167.10ms
step:2419/3250 train_time:404.201s step_avg:167.09ms
step:2420/3250 train_time:404.364s step_avg:167.09ms
step:2421/3250 train_time:404.525s step_avg:167.09ms
step:2422/3250 train_time:404.687s step_avg:167.09ms
step:2423/3250 train_time:404.849s step_avg:167.09ms
step:2424/3250 train_time:405.010s step_avg:167.08ms
step:2425/3250 train_time:405.172s step_avg:167.08ms
step:2426/3250 train_time:405.336s step_avg:167.08ms
step:2427/3250 train_time:405.498s step_avg:167.08ms
step:2428/3250 train_time:405.660s step_avg:167.08ms
step:2429/3250 train_time:405.823s step_avg:167.07ms
step:2430/3250 train_time:405.986s step_avg:167.07ms
step:2431/3250 train_time:406.148s step_avg:167.07ms
step:2432/3250 train_time:406.310s step_avg:167.07ms
step:2433/3250 train_time:406.473s step_avg:167.07ms
step:2434/3250 train_time:406.635s step_avg:167.06ms
step:2435/3250 train_time:406.798s step_avg:167.06ms
step:2436/3250 train_time:406.960s step_avg:167.06ms
step:2437/3250 train_time:407.123s step_avg:167.06ms
step:2438/3250 train_time:407.284s step_avg:167.06ms
step:2439/3250 train_time:407.445s step_avg:167.05ms
step:2440/3250 train_time:407.607s step_avg:167.05ms
step:2441/3250 train_time:407.769s step_avg:167.05ms
step:2442/3250 train_time:407.931s step_avg:167.05ms
step:2443/3250 train_time:408.093s step_avg:167.05ms
step:2444/3250 train_time:408.255s step_avg:167.04ms
step:2445/3250 train_time:408.418s step_avg:167.04ms
step:2446/3250 train_time:408.580s step_avg:167.04ms
step:2447/3250 train_time:408.742s step_avg:167.04ms
step:2448/3250 train_time:408.904s step_avg:167.04ms
step:2449/3250 train_time:409.066s step_avg:167.03ms
step:2450/3250 train_time:409.227s step_avg:167.03ms
step:2451/3250 train_time:409.388s step_avg:167.03ms
step:2452/3250 train_time:409.550s step_avg:167.03ms
step:2453/3250 train_time:409.712s step_avg:167.03ms
step:2454/3250 train_time:409.877s step_avg:167.02ms
step:2455/3250 train_time:410.038s step_avg:167.02ms
step:2456/3250 train_time:410.202s step_avg:167.02ms
step:2457/3250 train_time:410.363s step_avg:167.02ms
step:2458/3250 train_time:410.525s step_avg:167.02ms
step:2459/3250 train_time:410.686s step_avg:167.01ms
step:2460/3250 train_time:410.849s step_avg:167.01ms
step:2461/3250 train_time:411.014s step_avg:167.01ms
step:2462/3250 train_time:411.176s step_avg:167.01ms
step:2463/3250 train_time:411.338s step_avg:167.01ms
step:2464/3250 train_time:411.501s step_avg:167.01ms
step:2465/3250 train_time:411.662s step_avg:167.00ms
step:2466/3250 train_time:411.825s step_avg:167.00ms
step:2467/3250 train_time:411.986s step_avg:167.00ms
step:2468/3250 train_time:412.148s step_avg:167.00ms
step:2469/3250 train_time:412.310s step_avg:166.99ms
step:2470/3250 train_time:412.472s step_avg:166.99ms
step:2471/3250 train_time:412.685s step_avg:167.01ms
step:2472/3250 train_time:412.847s step_avg:167.01ms
step:2473/3250 train_time:413.009s step_avg:167.01ms
step:2474/3250 train_time:413.171s step_avg:167.01ms
step:2475/3250 train_time:413.335s step_avg:167.00ms
step:2476/3250 train_time:413.496s step_avg:167.00ms
step:2477/3250 train_time:413.659s step_avg:167.00ms
step:2478/3250 train_time:413.821s step_avg:167.00ms
step:2479/3250 train_time:413.983s step_avg:167.00ms
step:2480/3250 train_time:414.146s step_avg:166.99ms
step:2481/3250 train_time:414.308s step_avg:166.99ms
step:2482/3250 train_time:414.471s step_avg:166.99ms
step:2483/3250 train_time:414.633s step_avg:166.99ms
step:2484/3250 train_time:414.796s step_avg:166.99ms
step:2485/3250 train_time:414.958s step_avg:166.99ms
step:2486/3250 train_time:415.121s step_avg:166.98ms
step:2487/3250 train_time:415.284s step_avg:166.98ms
step:2488/3250 train_time:415.446s step_avg:166.98ms
step:2489/3250 train_time:415.607s step_avg:166.98ms
step:2490/3250 train_time:415.767s step_avg:166.97ms
step:2491/3250 train_time:415.930s step_avg:166.97ms
step:2492/3250 train_time:416.092s step_avg:166.97ms
step:2493/3250 train_time:416.255s step_avg:166.97ms
step:2494/3250 train_time:416.419s step_avg:166.97ms
step:2495/3250 train_time:416.581s step_avg:166.97ms
step:2496/3250 train_time:416.742s step_avg:166.96ms
step:2497/3250 train_time:416.904s step_avg:166.96ms
step:2498/3250 train_time:417.068s step_avg:166.96ms
step:2499/3250 train_time:417.230s step_avg:166.96ms
step:2500/3250 train_time:417.393s step_avg:166.96ms
step:2500/3250 val_loss:3.36462 train_time:417.393s step_avg:162.67ms
probe_ema: n=84934656 align=-0.24859,-0.24099,-0.23312,-0.22441,-0.21455,-0.20321,-0.19028,-0.17582 rel_mse=1.05807,1.04234,1.03053,1.02177,1.01535,1.01068,1.00734,1.00498
step:2501/3250 train_time:417.559s step_avg:166.96ms
step:2502/3250 train_time:417.723s step_avg:166.96ms
step:2503/3250 train_time:417.885s step_avg:166.95ms
step:2504/3250 train_time:418.048s step_avg:166.95ms
step:2505/3250 train_time:418.213s step_avg:166.95ms
step:2506/3250 train_time:418.377s step_avg:166.95ms
step:2507/3250 train_time:418.538s step_avg:166.95ms
step:2508/3250 train_time:418.700s step_avg:166.95ms
step:2509/3250 train_time:418.862s step_avg:166.94ms
step:2510/3250 train_time:419.026s step_avg:166.94ms
step:2511/3250 train_time:419.189s step_avg:166.94ms
step:2512/3250 train_time:419.354s step_avg:166.94ms
step:2513/3250 train_time:419.521s step_avg:166.94ms
step:2514/3250 train_time:419.682s step_avg:166.94ms
step:2515/3250 train_time:419.844s step_avg:166.94ms
step:2516/3250 train_time:420.006s step_avg:166.93ms
step:2517/3250 train_time:420.169s step_avg:166.93ms
step:2518/3250 train_time:420.333s step_avg:166.93ms
step:2519/3250 train_time:420.495s step_avg:166.93ms
step:2520/3250 train_time:420.657s step_avg:166.93ms
step:2521/3250 train_time:420.820s step_avg:166.93ms
step:2522/3250 train_time:420.982s step_avg:166.92ms
step:2523/3250 train_time:421.145s step_avg:166.92ms
step:2524/3250 train_time:421.308s step_avg:166.92ms
step:2525/3250 train_time:421.470s step_avg:166.92ms
step:2526/3250 train_time:421.634s step_avg:166.92ms
step:2527/3250 train_time:421.795s step_avg:166.92ms
step:2528/3250 train_time:421.958s step_avg:166.91ms
step:2529/3250 train_time:422.119s step_avg:166.91ms
step:2530/3250 train_time:422.282s step_avg:166.91ms
step:2531/3250 train_time:422.444s step_avg:166.91ms
step:2532/3250 train_time:422.606s step_avg:166.91ms
step:2533/3250 train_time:422.767s step_avg:166.90ms
step:2534/3250 train_time:422.931s step_avg:166.90ms
step:2535/3250 train_time:423.093s step_avg:166.90ms
step:2536/3250 train_time:423.257s step_avg:166.90ms
step:2537/3250 train_time:423.418s step_avg:166.90ms
step:2538/3250 train_time:423.582s step_avg:166.90ms
step:2539/3250 train_time:423.743s step_avg:166.89ms
step:2540/3250 train_time:423.906s step_avg:166.89ms
step:2541/3250 train_time:424.069s step_avg:166.89ms
step:2542/3250 train_time:424.234s step_avg:166.89ms
step:2543/3250 train_time:424.397s step_avg:166.89ms
step:2544/3250 train_time:424.559s step_avg:166.89ms
step:2545/3250 train_time:424.721s step_avg:166.88ms
step:2546/3250 train_time:424.883s step_avg:166.88ms
step:2547/3250 train_time:425.047s step_avg:166.88ms
step:2548/3250 train_time:425.209s step_avg:166.88ms
step:2549/3250 train_time:425.373s step_avg:166.88ms
step:2550/3250 train_time:425.535s step_avg:166.88ms
step:2551/3250 train_time:425.697s step_avg:166.87ms
step:2552/3250 train_time:425.860s step_avg:166.87ms
step:2553/3250 train_time:426.022s step_avg:166.87ms
step:2554/3250 train_time:426.186s step_avg:166.87ms
step:2555/3250 train_time:426.347s step_avg:166.87ms
step:2556/3250 train_time:426.512s step_avg:166.87ms
step:2557/3250 train_time:426.675s step_avg:166.87ms
step:2558/3250 train_time:426.837s step_avg:166.86ms
step:2559/3250 train_time:427.000s step_avg:166.86ms
step:2560/3250 train_time:427.161s step_avg:166.86ms
step:2561/3250 train_time:427.323s step_avg:166.86ms
step:2562/3250 train_time:427.486s step_avg:166.86ms
step:2563/3250 train_time:427.653s step_avg:166.86ms
step:2564/3250 train_time:427.817s step_avg:166.86ms
step:2565/3250 train_time:427.978s step_avg:166.85ms
step:2566/3250 train_time:428.141s step_avg:166.85ms
step:2567/3250 train_time:428.304s step_avg:166.85ms
step:2568/3250 train_time:428.467s step_avg:166.85ms
step:2569/3250 train_time:428.632s step_avg:166.85ms
step:2570/3250 train_time:428.796s step_avg:166.85ms
step:2571/3250 train_time:428.958s step_avg:166.84ms
step:2572/3250 train_time:429.119s step_avg:166.84ms
step:2573/3250 train_time:429.283s step_avg:166.84ms
step:2574/3250 train_time:429.447s step_avg:166.84ms
step:2575/3250 train_time:429.611s step_avg:166.84ms
step:2576/3250 train_time:429.772s step_avg:166.84ms
step:2577/3250 train_time:429.936s step_avg:166.84ms
step:2578/3250 train_time:430.098s step_avg:166.83ms
step:2579/3250 train_time:430.260s step_avg:166.83ms
step:2580/3250 train_time:430.422s step_avg:166.83ms
step:2581/3250 train_time:430.583s step_avg:166.83ms
step:2582/3250 train_time:430.743s step_avg:166.83ms
step:2583/3250 train_time:430.905s step_avg:166.82ms
step:2584/3250 train_time:431.066s step_avg:166.82ms
step:2585/3250 train_time:431.230s step_avg:166.82ms
step:2586/3250 train_time:431.393s step_avg:166.82ms
step:2587/3250 train_time:431.557s step_avg:166.82ms
step:2588/3250 train_time:431.718s step_avg:166.82ms
step:2589/3250 train_time:431.880s step_avg:166.81ms
step:2590/3250 train_time:432.042s step_avg:166.81ms
step:2591/3250 train_time:432.206s step_avg:166.81ms
step:2592/3250 train_time:432.368s step_avg:166.81ms
step:2593/3250 train_time:432.532s step_avg:166.81ms
step:2594/3250 train_time:432.694s step_avg:166.81ms
step:2595/3250 train_time:432.856s step_avg:166.80ms
step:2596/3250 train_time:433.017s step_avg:166.80ms
step:2597/3250 train_time:433.179s step_avg:166.80ms
step:2598/3250 train_time:433.341s step_avg:166.80ms
step:2599/3250 train_time:433.501s step_avg:166.80ms
step:2600/3250 train_time:433.663s step_avg:166.79ms
step:2601/3250 train_time:433.824s step_avg:166.79ms
step:2602/3250 train_time:433.986s step_avg:166.79ms
step:2603/3250 train_time:434.149s step_avg:166.79ms
step:2604/3250 train_time:434.314s step_avg:166.79ms
step:2605/3250 train_time:434.479s step_avg:166.79ms
step:2606/3250 train_time:434.641s step_avg:166.78ms
step:2607/3250 train_time:434.802s step_avg:166.78ms
step:2608/3250 train_time:434.964s step_avg:166.78ms
step:2609/3250 train_time:435.125s step_avg:166.78ms
step:2610/3250 train_time:435.289s step_avg:166.78ms
step:2611/3250 train_time:435.452s step_avg:166.78ms
step:2612/3250 train_time:435.615s step_avg:166.77ms
step:2613/3250 train_time:435.779s step_avg:166.77ms
step:2614/3250 train_time:435.941s step_avg:166.77ms
step:2615/3250 train_time:436.103s step_avg:166.77ms
step:2616/3250 train_time:436.266s step_avg:166.77ms
step:2617/3250 train_time:436.429s step_avg:166.77ms
step:2618/3250 train_time:436.591s step_avg:166.77ms
step:2619/3250 train_time:436.754s step_avg:166.76ms
step:2620/3250 train_time:436.916s step_avg:166.76ms
step:2621/3250 train_time:437.078s step_avg:166.76ms
step:2622/3250 train_time:437.240s step_avg:166.76ms
step:2623/3250 train_time:437.403s step_avg:166.76ms
step:2624/3250 train_time:437.565s step_avg:166.75ms
step:2625/3250 train_time:437.727s step_avg:166.75ms
step:2625/3250 val_loss:3.34652 train_time:437.728s step_avg:162.68ms
probe_ema: n=84934656 align=-0.20306,-0.19757,-0.19281,-0.18766,-0.18140,-0.17382,-0.16497,-0.15448 rel_mse=1.05019,1.03697,1.02707,1.01966,1.01414,1.01005,1.00706,1.00490
step:2626/3250 train_time:437.896s step_avg:166.75ms
step:2627/3250 train_time:438.058s step_avg:166.75ms
step:2628/3250 train_time:438.221s step_avg:166.75ms
step:2629/3250 train_time:438.384s step_avg:166.75ms
step:2630/3250 train_time:438.548s step_avg:166.75ms
step:2631/3250 train_time:438.710s step_avg:166.75ms
step:2632/3250 train_time:438.873s step_avg:166.75ms
step:2633/3250 train_time:439.035s step_avg:166.74ms
step:2634/3250 train_time:439.197s step_avg:166.74ms
step:2635/3250 train_time:439.358s step_avg:166.74ms
step:2636/3250 train_time:439.520s step_avg:166.74ms
step:2637/3250 train_time:439.681s step_avg:166.74ms
step:2638/3250 train_time:439.845s step_avg:166.73ms
step:2639/3250 train_time:440.007s step_avg:166.73ms
step:2640/3250 train_time:440.170s step_avg:166.73ms
step:2641/3250 train_time:440.334s step_avg:166.73ms
step:2642/3250 train_time:440.495s step_avg:166.73ms
step:2643/3250 train_time:440.656s step_avg:166.73ms
step:2644/3250 train_time:440.817s step_avg:166.72ms
step:2645/3250 train_time:440.979s step_avg:166.72ms
step:2646/3250 train_time:441.142s step_avg:166.72ms
step:2647/3250 train_time:441.304s step_avg:166.72ms
step:2648/3250 train_time:441.467s step_avg:166.72ms
step:2649/3250 train_time:441.628s step_avg:166.72ms
step:2650/3250 train_time:441.792s step_avg:166.71ms
step:2651/3250 train_time:441.953s step_avg:166.71ms
step:2652/3250 train_time:442.117s step_avg:166.71ms
step:2653/3250 train_time:442.279s step_avg:166.71ms
step:2654/3250 train_time:442.440s step_avg:166.71ms
step:2655/3250 train_time:442.602s step_avg:166.71ms
step:2656/3250 train_time:442.766s step_avg:166.70ms
step:2657/3250 train_time:442.928s step_avg:166.70ms
step:2658/3250 train_time:443.092s step_avg:166.70ms
step:2659/3250 train_time:443.254s step_avg:166.70ms
step:2660/3250 train_time:443.416s step_avg:166.70ms
step:2661/3250 train_time:443.634s step_avg:166.72ms
step:2662/3250 train_time:443.797s step_avg:166.72ms
step:2663/3250 train_time:443.960s step_avg:166.71ms
step:2664/3250 train_time:444.122s step_avg:166.71ms
step:2665/3250 train_time:444.285s step_avg:166.71ms
step:2666/3250 train_time:444.449s step_avg:166.71ms
step:2667/3250 train_time:444.613s step_avg:166.71ms
step:2668/3250 train_time:444.775s step_avg:166.71ms
step:2669/3250 train_time:444.937s step_avg:166.71ms
step:2670/3250 train_time:445.099s step_avg:166.70ms
step:2671/3250 train_time:445.261s step_avg:166.70ms
step:2672/3250 train_time:445.424s step_avg:166.70ms
step:2673/3250 train_time:445.588s step_avg:166.70ms
step:2674/3250 train_time:445.751s step_avg:166.70ms
step:2675/3250 train_time:445.913s step_avg:166.70ms
step:2676/3250 train_time:446.075s step_avg:166.69ms
step:2677/3250 train_time:446.236s step_avg:166.69ms
step:2678/3250 train_time:446.399s step_avg:166.69ms
step:2679/3250 train_time:446.560s step_avg:166.69ms
step:2680/3250 train_time:446.723s step_avg:166.69ms
step:2681/3250 train_time:446.887s step_avg:166.69ms
step:2682/3250 train_time:447.050s step_avg:166.69ms
step:2683/3250 train_time:447.213s step_avg:166.68ms
step:2684/3250 train_time:447.376s step_avg:166.68ms
step:2685/3250 train_time:447.537s step_avg:166.68ms
step:2686/3250 train_time:447.699s step_avg:166.68ms
step:2687/3250 train_time:447.862s step_avg:166.68ms
step:2688/3250 train_time:448.023s step_avg:166.68ms
step:2689/3250 train_time:448.187s step_avg:166.67ms
step:2690/3250 train_time:448.349s step_avg:166.67ms
step:2691/3250 train_time:448.513s step_avg:166.67ms
step:2692/3250 train_time:448.675s step_avg:166.67ms
step:2693/3250 train_time:448.837s step_avg:166.67ms
step:2694/3250 train_time:448.999s step_avg:166.67ms
step:2695/3250 train_time:449.161s step_avg:166.66ms
step:2696/3250 train_time:449.323s step_avg:166.66ms
step:2697/3250 train_time:449.485s step_avg:166.66ms
step:2698/3250 train_time:449.647s step_avg:166.66ms
step:2699/3250 train_time:449.811s step_avg:166.66ms
step:2700/3250 train_time:449.973s step_avg:166.66ms
step:2701/3250 train_time:450.134s step_avg:166.65ms
step:2702/3250 train_time:450.296s step_avg:166.65ms
step:2703/3250 train_time:450.457s step_avg:166.65ms
step:2704/3250 train_time:450.619s step_avg:166.65ms
step:2705/3250 train_time:450.780s step_avg:166.65ms
step:2706/3250 train_time:450.942s step_avg:166.65ms
step:2707/3250 train_time:451.103s step_avg:166.64ms
step:2708/3250 train_time:451.267s step_avg:166.64ms
step:2709/3250 train_time:451.431s step_avg:166.64ms
step:2710/3250 train_time:451.594s step_avg:166.64ms
step:2711/3250 train_time:451.755s step_avg:166.64ms
step:2712/3250 train_time:451.918s step_avg:166.64ms
step:2713/3250 train_time:452.080s step_avg:166.63ms
step:2714/3250 train_time:452.242s step_avg:166.63ms
step:2715/3250 train_time:452.405s step_avg:166.63ms
step:2716/3250 train_time:452.566s step_avg:166.63ms
step:2717/3250 train_time:452.729s step_avg:166.63ms
step:2718/3250 train_time:452.892s step_avg:166.63ms
step:2719/3250 train_time:453.054s step_avg:166.63ms
step:2720/3250 train_time:453.215s step_avg:166.62ms
step:2721/3250 train_time:453.377s step_avg:166.62ms
step:2722/3250 train_time:453.540s step_avg:166.62ms
step:2723/3250 train_time:453.702s step_avg:166.62ms
step:2724/3250 train_time:453.864s step_avg:166.62ms
step:2725/3250 train_time:454.027s step_avg:166.62ms
step:2726/3250 train_time:454.189s step_avg:166.61ms
step:2727/3250 train_time:454.353s step_avg:166.61ms
step:2728/3250 train_time:454.516s step_avg:166.61ms
step:2729/3250 train_time:454.678s step_avg:166.61ms
step:2730/3250 train_time:454.840s step_avg:166.61ms
step:2731/3250 train_time:455.001s step_avg:166.61ms
step:2732/3250 train_time:455.164s step_avg:166.60ms
step:2733/3250 train_time:455.327s step_avg:166.60ms
step:2734/3250 train_time:455.490s step_avg:166.60ms
step:2735/3250 train_time:455.653s step_avg:166.60ms
step:2736/3250 train_time:455.814s step_avg:166.60ms
step:2737/3250 train_time:455.980s step_avg:166.60ms
step:2738/3250 train_time:456.142s step_avg:166.60ms
step:2739/3250 train_time:456.305s step_avg:166.60ms
step:2740/3250 train_time:456.471s step_avg:166.60ms
step:2741/3250 train_time:456.632s step_avg:166.59ms
step:2742/3250 train_time:456.794s step_avg:166.59ms
step:2743/3250 train_time:456.957s step_avg:166.59ms
step:2744/3250 train_time:457.118s step_avg:166.59ms
step:2745/3250 train_time:457.282s step_avg:166.59ms
step:2746/3250 train_time:457.444s step_avg:166.59ms
step:2747/3250 train_time:457.605s step_avg:166.58ms
step:2748/3250 train_time:457.770s step_avg:166.58ms
step:2749/3250 train_time:457.932s step_avg:166.58ms
step:2750/3250 train_time:458.097s step_avg:166.58ms
step:2750/3250 val_loss:3.32911 train_time:458.097s step_avg:162.95ms
probe_ema: n=84934656 align=-0.18281,-0.18247,-0.18116,-0.17852,-0.17433,-0.16847,-0.16073,-0.15133 rel_mse=1.04837,1.03644,1.02706,1.01983,1.01436,1.01028,1.00727,1.00508
step:2751/3250 train_time:458.263s step_avg:166.58ms
step:2752/3250 train_time:458.428s step_avg:166.58ms
step:2753/3250 train_time:458.591s step_avg:166.58ms
step:2754/3250 train_time:458.752s step_avg:166.58ms
step:2755/3250 train_time:458.914s step_avg:166.57ms
step:2756/3250 train_time:459.076s step_avg:166.57ms
step:2757/3250 train_time:459.240s step_avg:166.57ms
step:2758/3250 train_time:459.402s step_avg:166.57ms
step:2759/3250 train_time:459.564s step_avg:166.57ms
step:2760/3250 train_time:459.726s step_avg:166.57ms
step:2761/3250 train_time:459.887s step_avg:166.57ms
step:2762/3250 train_time:460.051s step_avg:166.56ms
step:2763/3250 train_time:460.212s step_avg:166.56ms
step:2764/3250 train_time:460.373s step_avg:166.56ms
step:2765/3250 train_time:460.535s step_avg:166.56ms
step:2766/3250 train_time:460.699s step_avg:166.56ms
step:2767/3250 train_time:460.861s step_avg:166.56ms
step:2768/3250 train_time:461.025s step_avg:166.56ms
step:2769/3250 train_time:461.186s step_avg:166.55ms
step:2770/3250 train_time:461.349s step_avg:166.55ms
step:2771/3250 train_time:461.512s step_avg:166.55ms
step:2772/3250 train_time:461.675s step_avg:166.55ms
step:2773/3250 train_time:461.838s step_avg:166.55ms
step:2774/3250 train_time:462.002s step_avg:166.55ms
step:2775/3250 train_time:462.166s step_avg:166.55ms
step:2776/3250 train_time:462.328s step_avg:166.54ms
step:2777/3250 train_time:462.490s step_avg:166.54ms
step:2778/3250 train_time:462.653s step_avg:166.54ms
step:2779/3250 train_time:462.816s step_avg:166.54ms
step:2780/3250 train_time:462.979s step_avg:166.54ms
step:2781/3250 train_time:463.142s step_avg:166.54ms
step:2782/3250 train_time:463.304s step_avg:166.54ms
step:2783/3250 train_time:463.466s step_avg:166.53ms
step:2784/3250 train_time:463.628s step_avg:166.53ms
step:2785/3250 train_time:463.789s step_avg:166.53ms
step:2786/3250 train_time:463.952s step_avg:166.53ms
step:2787/3250 train_time:464.113s step_avg:166.53ms
step:2788/3250 train_time:464.275s step_avg:166.53ms
step:2789/3250 train_time:464.438s step_avg:166.52ms
step:2790/3250 train_time:464.602s step_avg:166.52ms
step:2791/3250 train_time:464.766s step_avg:166.52ms
step:2792/3250 train_time:464.928s step_avg:166.52ms
step:2793/3250 train_time:465.091s step_avg:166.52ms
step:2794/3250 train_time:465.251s step_avg:166.52ms
step:2795/3250 train_time:465.412s step_avg:166.52ms
step:2796/3250 train_time:465.574s step_avg:166.51ms
step:2797/3250 train_time:465.736s step_avg:166.51ms
step:2798/3250 train_time:465.901s step_avg:166.51ms
step:2799/3250 train_time:466.063s step_avg:166.51ms
step:2800/3250 train_time:466.226s step_avg:166.51ms
step:2801/3250 train_time:466.390s step_avg:166.51ms
step:2802/3250 train_time:466.552s step_avg:166.51ms
step:2803/3250 train_time:466.716s step_avg:166.51ms
step:2804/3250 train_time:466.880s step_avg:166.50ms
step:2805/3250 train_time:467.042s step_avg:166.50ms
step:2806/3250 train_time:467.206s step_avg:166.50ms
step:2807/3250 train_time:467.367s step_avg:166.50ms
step:2808/3250 train_time:467.530s step_avg:166.50ms
step:2809/3250 train_time:467.692s step_avg:166.50ms
step:2810/3250 train_time:467.853s step_avg:166.50ms
step:2811/3250 train_time:468.016s step_avg:166.49ms
step:2812/3250 train_time:468.177s step_avg:166.49ms
step:2813/3250 train_time:468.340s step_avg:166.49ms
step:2814/3250 train_time:468.502s step_avg:166.49ms
step:2815/3250 train_time:468.664s step_avg:166.49ms
step:2816/3250 train_time:468.829s step_avg:166.49ms
step:2817/3250 train_time:468.989s step_avg:166.49ms
step:2818/3250 train_time:469.150s step_avg:166.48ms
step:2819/3250 train_time:469.313s step_avg:166.48ms
step:2820/3250 train_time:469.473s step_avg:166.48ms
step:2821/3250 train_time:469.635s step_avg:166.48ms
step:2822/3250 train_time:469.800s step_avg:166.48ms
step:2823/3250 train_time:469.964s step_avg:166.48ms
step:2824/3250 train_time:470.129s step_avg:166.48ms
step:2825/3250 train_time:470.289s step_avg:166.47ms
step:2826/3250 train_time:470.453s step_avg:166.47ms
step:2827/3250 train_time:470.615s step_avg:166.47ms
step:2828/3250 train_time:470.778s step_avg:166.47ms
step:2829/3250 train_time:470.941s step_avg:166.47ms
step:2830/3250 train_time:471.103s step_avg:166.47ms
step:2831/3250 train_time:471.266s step_avg:166.47ms
step:2832/3250 train_time:471.427s step_avg:166.46ms
step:2833/3250 train_time:471.589s step_avg:166.46ms
step:2834/3250 train_time:471.751s step_avg:166.46ms
step:2835/3250 train_time:471.912s step_avg:166.46ms
step:2836/3250 train_time:472.073s step_avg:166.46ms
step:2837/3250 train_time:472.235s step_avg:166.46ms
step:2838/3250 train_time:472.397s step_avg:166.45ms
step:2839/3250 train_time:472.560s step_avg:166.45ms
step:2840/3250 train_time:472.723s step_avg:166.45ms
step:2841/3250 train_time:472.885s step_avg:166.45ms
step:2842/3250 train_time:473.048s step_avg:166.45ms
step:2843/3250 train_time:473.211s step_avg:166.45ms
step:2844/3250 train_time:473.373s step_avg:166.45ms
step:2845/3250 train_time:473.536s step_avg:166.45ms
step:2846/3250 train_time:473.700s step_avg:166.44ms
step:2847/3250 train_time:473.863s step_avg:166.44ms
step:2848/3250 train_time:474.027s step_avg:166.44ms
step:2849/3250 train_time:474.190s step_avg:166.44ms
step:2850/3250 train_time:474.351s step_avg:166.44ms
step:2851/3250 train_time:474.567s step_avg:166.46ms
step:2852/3250 train_time:474.729s step_avg:166.45ms
step:2853/3250 train_time:474.891s step_avg:166.45ms
step:2854/3250 train_time:475.052s step_avg:166.45ms
step:2855/3250 train_time:475.215s step_avg:166.45ms
step:2856/3250 train_time:475.378s step_avg:166.45ms
step:2857/3250 train_time:475.540s step_avg:166.45ms
step:2858/3250 train_time:475.706s step_avg:166.45ms
step:2859/3250 train_time:475.868s step_avg:166.45ms
step:2860/3250 train_time:476.033s step_avg:166.45ms
step:2861/3250 train_time:476.194s step_avg:166.44ms
step:2862/3250 train_time:476.357s step_avg:166.44ms
step:2863/3250 train_time:476.522s step_avg:166.44ms
step:2864/3250 train_time:476.687s step_avg:166.44ms
step:2865/3250 train_time:476.849s step_avg:166.44ms
step:2866/3250 train_time:477.012s step_avg:166.44ms
step:2867/3250 train_time:477.173s step_avg:166.44ms
step:2868/3250 train_time:477.336s step_avg:166.44ms
step:2869/3250 train_time:477.500s step_avg:166.43ms
step:2870/3250 train_time:477.664s step_avg:166.43ms
step:2871/3250 train_time:477.828s step_avg:166.43ms
step:2872/3250 train_time:477.991s step_avg:166.43ms
step:2873/3250 train_time:478.153s step_avg:166.43ms
step:2874/3250 train_time:478.316s step_avg:166.43ms
step:2875/3250 train_time:478.480s step_avg:166.43ms
step:2875/3250 val_loss:3.31172 train_time:478.480s step_avg:163.06ms
probe_ema: n=84934656 align=-0.10671,-0.11938,-0.12974,-0.13715,-0.14131,-0.14220,-0.13995,-0.13498 rel_mse=1.04082,1.03243,1.02530,1.01937,1.01453,1.01068,1.00770,1.00545
step:2876/3250 train_time:478.648s step_avg:166.43ms
step:2877/3250 train_time:478.810s step_avg:166.43ms
step:2878/3250 train_time:478.974s step_avg:166.43ms
step:2879/3250 train_time:479.138s step_avg:166.43ms
step:2880/3250 train_time:479.300s step_avg:166.42ms
step:2881/3250 train_time:479.463s step_avg:166.42ms
step:2882/3250 train_time:479.625s step_avg:166.42ms
step:2883/3250 train_time:479.787s step_avg:166.42ms
step:2884/3250 train_time:479.950s step_avg:166.42ms
step:2885/3250 train_time:480.112s step_avg:166.42ms
step:2886/3250 train_time:480.274s step_avg:166.42ms
step:2887/3250 train_time:480.438s step_avg:166.41ms
step:2888/3250 train_time:480.600s step_avg:166.41ms
step:2889/3250 train_time:480.764s step_avg:166.41ms
step:2890/3250 train_time:480.926s step_avg:166.41ms
step:2891/3250 train_time:481.090s step_avg:166.41ms
step:2892/3250 train_time:481.252s step_avg:166.41ms
step:2893/3250 train_time:481.416s step_avg:166.41ms
step:2894/3250 train_time:481.579s step_avg:166.41ms
step:2895/3250 train_time:481.742s step_avg:166.40ms
step:2896/3250 train_time:481.903s step_avg:166.40ms
step:2897/3250 train_time:482.066s step_avg:166.40ms
step:2898/3250 train_time:482.227s step_avg:166.40ms
step:2899/3250 train_time:482.388s step_avg:166.40ms
step:2900/3250 train_time:482.550s step_avg:166.40ms
step:2900/3250 val_loss:3.30820 train_time:482.550s step_avg:162.79ms
probe_ema: n=84934656 align=-0.05879,-0.07975,-0.09733,-0.11074,-0.11970,-0.12432,-0.12494,-0.12213 rel_mse=1.03096,1.02622,1.02149,1.01705,1.01314,1.00985,1.00720,1.00515
step:2901/3250 train_time:482.717s step_avg:166.40ms
step:2902/3250 train_time:482.881s step_avg:166.40ms
step:2903/3250 train_time:483.045s step_avg:166.40ms
step:2904/3250 train_time:483.209s step_avg:166.39ms
step:2905/3250 train_time:483.373s step_avg:166.39ms
step:2906/3250 train_time:483.534s step_avg:166.39ms
step:2907/3250 train_time:483.697s step_avg:166.39ms
step:2908/3250 train_time:483.859s step_avg:166.39ms
step:2909/3250 train_time:484.022s step_avg:166.39ms
step:2910/3250 train_time:484.185s step_avg:166.39ms
step:2910/3250 val_loss:3.30655 train_time:484.185s step_avg:163.53ms
probe_ema: n=84934656 align=-0.08842,-0.09806,-0.10727,-0.11490,-0.11991,-0.12179,-0.12054,-0.11640 rel_mse=1.03658,1.02839,1.02197,1.01688,1.01278,1.00948,1.00689,1.00490
step:2911/3250 train_time:484.351s step_avg:166.39ms
step:2912/3250 train_time:484.515s step_avg:166.39ms
step:2913/3250 train_time:484.677s step_avg:166.38ms
step:2914/3250 train_time:484.839s step_avg:166.38ms
step:2915/3250 train_time:485.002s step_avg:166.38ms
step:2916/3250 train_time:485.164s step_avg:166.38ms
step:2917/3250 train_time:485.327s step_avg:166.38ms
step:2918/3250 train_time:485.491s step_avg:166.38ms
step:2919/3250 train_time:485.654s step_avg:166.38ms
step:2920/3250 train_time:485.817s step_avg:166.38ms
step:2920/3250 val_loss:3.30529 train_time:485.817s step_avg:163.23ms
probe_ema: n=84934656 align=-0.10645,-0.11491,-0.12256,-0.12859,-0.13229,-0.13318,-0.13118,-0.12655 rel_mse=1.04373,1.03374,1.02574,1.01942,1.01447,1.01062,1.00766,1.00544
step:2921/3250 train_time:485.989s step_avg:166.38ms
step:2922/3250 train_time:486.152s step_avg:166.38ms
step:2923/3250 train_time:486.315s step_avg:166.38ms
step:2924/3250 train_time:486.478s step_avg:166.37ms
step:2925/3250 train_time:486.642s step_avg:166.37ms
step:2925/3250 val_loss:3.30462 train_time:486.643s step_avg:165.03ms
probe_ema: n=84934656 align=-0.10171,-0.11191,-0.12079,-0.12732,-0.13114,-0.13206,-0.13007,-0.12536 rel_mse=1.04109,1.03194,1.02460,1.01870,1.01400,1.01031,1.00746,1.00531
step:2926/3250 train_time:486.808s step_avg:166.37ms
step:2927/3250 train_time:486.973s step_avg:166.37ms
step:2928/3250 train_time:487.136s step_avg:166.37ms
step:2929/3250 train_time:487.298s step_avg:166.37ms
step:2930/3250 train_time:487.462s step_avg:166.37ms
step:2930/3250 val_loss:3.30433 train_time:487.462s step_avg:163.83ms
probe_ema: n=84934656 align=-0.12479,-0.13393,-0.14060,-0.14448,-0.14557,-0.14407,-0.14017,-0.13416 rel_mse=1.04247,1.03306,1.02526,1.01894,1.01396,1.01013,1.00725,1.00512
step:2931/3250 train_time:487.628s step_avg:166.37ms
step:2932/3250 train_time:487.792s step_avg:166.37ms
step:2933/3250 train_time:487.954s step_avg:166.37ms
step:2934/3250 train_time:488.117s step_avg:166.37ms
step:2935/3250 train_time:488.280s step_avg:166.36ms
step:2936/3250 train_time:488.442s step_avg:166.36ms
step:2937/3250 train_time:488.606s step_avg:166.36ms
step:2938/3250 train_time:488.770s step_avg:166.36ms
step:2939/3250 train_time:488.932s step_avg:166.36ms
step:2940/3250 train_time:489.094s step_avg:166.36ms
step:2940/3250 val_loss:3.30291 train_time:489.094s step_avg:163.24ms
probe_ema: n=84934656 align=-0.05836,-0.07586,-0.09192,-0.10468,-0.11316,-0.11731,-0.11756,-0.11452 rel_mse=1.03257,1.02640,1.02121,1.01673,1.01288,1.00965,1.00705,1.00504
step:2941/3250 train_time:489.261s step_avg:166.36ms
step:2942/3250 train_time:489.425s step_avg:166.36ms
step:2943/3250 train_time:489.589s step_avg:166.36ms
step:2944/3250 train_time:489.754s step_avg:166.36ms
step:2945/3250 train_time:489.917s step_avg:166.36ms
step:2946/3250 train_time:490.079s step_avg:166.35ms
step:2947/3250 train_time:490.243s step_avg:166.35ms
step:2948/3250 train_time:490.405s step_avg:166.35ms
step:2949/3250 train_time:490.567s step_avg:166.35ms
step:2950/3250 train_time:490.729s step_avg:166.35ms
step:2950/3250 val_loss:3.30153 train_time:490.730s step_avg:163.64ms
probe_ema: n=84934656 align=-0.11213,-0.12009,-0.12642,-0.13086,-0.13307,-0.13277,-0.12994,-0.12473 rel_mse=1.04166,1.03224,1.02460,1.01854,1.01379,1.01010,1.00728,1.00516
step:2951/3250 train_time:490.897s step_avg:166.35ms
step:2952/3250 train_time:491.062s step_avg:166.35ms
step:2953/3250 train_time:491.226s step_avg:166.35ms
step:2954/3250 train_time:491.389s step_avg:166.35ms
step:2955/3250 train_time:491.551s step_avg:166.35ms
step:2956/3250 train_time:491.713s step_avg:166.34ms
step:2957/3250 train_time:491.877s step_avg:166.34ms
step:2958/3250 train_time:492.038s step_avg:166.34ms
step:2959/3250 train_time:492.200s step_avg:166.34ms
step:2960/3250 train_time:492.362s step_avg:166.34ms
step:2960/3250 val_loss:3.30022 train_time:492.362s step_avg:163.14ms
probe_ema: n=84934656 align=-0.08405,-0.09578,-0.10619,-0.11424,-0.11926,-0.12108,-0.11987,-0.11599 rel_mse=1.03582,1.02820,1.02197,1.01687,1.01274,1.00943,1.00685,1.00488
step:2961/3250 train_time:492.528s step_avg:166.34ms
step:2962/3250 train_time:492.690s step_avg:166.34ms
step:2963/3250 train_time:492.854s step_avg:166.34ms
step:2964/3250 train_time:493.019s step_avg:166.34ms
step:2965/3250 train_time:493.182s step_avg:166.33ms
step:2966/3250 train_time:493.345s step_avg:166.33ms
step:2967/3250 train_time:493.506s step_avg:166.33ms
step:2968/3250 train_time:493.667s step_avg:166.33ms
step:2969/3250 train_time:493.829s step_avg:166.33ms
step:2970/3250 train_time:493.992s step_avg:166.33ms
step:2970/3250 val_loss:3.29891 train_time:493.992s step_avg:163.04ms
probe_ema: n=84934656 align=-0.06025,-0.07516,-0.08824,-0.09859,-0.10569,-0.10933,-0.10964,-0.10695 rel_mse=1.03373,1.02676,1.02101,1.01627,1.01237,1.00922,1.00672,1.00480
step:2971/3250 train_time:494.159s step_avg:166.33ms
step:2972/3250 train_time:494.324s step_avg:166.33ms
step:2973/3250 train_time:494.487s step_avg:166.33ms
step:2974/3250 train_time:494.650s step_avg:166.32ms
step:2975/3250 train_time:494.814s step_avg:166.32ms
step:2975/3250 val_loss:3.29850 train_time:494.815s step_avg:164.45ms
probe_ema: n=84934656 align=-0.07300,-0.08988,-0.10282,-0.11189,-0.11734,-0.11939,-0.11836,-0.11462 rel_mse=1.03529,1.02900,1.02305,1.01780,1.01341,1.00988,1.00714,1.00507
step:2976/3250 train_time:494.979s step_avg:166.32ms
step:2977/3250 train_time:495.143s step_avg:166.32ms
step:2978/3250 train_time:495.308s step_avg:166.32ms
step:2979/3250 train_time:495.471s step_avg:166.32ms
step:2980/3250 train_time:495.633s step_avg:166.32ms
step:2980/3250 val_loss:3.29782 train_time:495.633s step_avg:163.75ms
probe_ema: n=84934656 align=-0.07497,-0.08865,-0.10044,-0.10945,-0.11528,-0.11787,-0.11741,-0.11423 rel_mse=1.03612,1.02877,1.02267,1.01758,1.01336,1.00994,1.00724,1.00517
step:2981/3250 train_time:495.799s step_avg:166.32ms
step:2982/3250 train_time:495.963s step_avg:166.32ms
step:2983/3250 train_time:496.125s step_avg:166.32ms
step:2984/3250 train_time:496.288s step_avg:166.32ms
step:2985/3250 train_time:496.450s step_avg:166.32ms
step:2986/3250 train_time:496.614s step_avg:166.31ms
step:2987/3250 train_time:496.775s step_avg:166.31ms
step:2988/3250 train_time:496.938s step_avg:166.31ms
step:2989/3250 train_time:497.102s step_avg:166.31ms
step:2990/3250 train_time:497.264s step_avg:166.31ms
step:2990/3250 val_loss:3.29675 train_time:497.264s step_avg:163.10ms
probe_ema: n=84934656 align=-0.15609,-0.15922,-0.16228,-0.16414,-0.16387,-0.16109,-0.15595,-0.14880 rel_mse=1.06784,1.04949,1.03587,1.02585,1.01851,1.01314,1.00924,1.00643
step:2991/3250 train_time:497.428s step_avg:166.31ms
step:2992/3250 train_time:497.591s step_avg:166.31ms
step:2993/3250 train_time:497.754s step_avg:166.31ms
step:2994/3250 train_time:497.916s step_avg:166.30ms
step:2995/3250 train_time:498.079s step_avg:166.30ms
step:2996/3250 train_time:498.242s step_avg:166.30ms
step:2997/3250 train_time:498.405s step_avg:166.30ms
step:2998/3250 train_time:498.569s step_avg:166.30ms
step:2999/3250 train_time:498.731s step_avg:166.30ms
step:3000/3250 train_time:498.893s step_avg:166.30ms
step:3000/3250 val_loss:3.29553 train_time:498.894s step_avg:162.92ms
probe_ema: n=84934656 align=-0.04587,-0.06321,-0.07952,-0.09305,-0.10270,-0.10825,-0.11004,-0.10870 rel_mse=1.03085,1.02552,1.02093,1.01682,1.01313,1.00994,1.00733,1.00528
step:3001/3250 train_time:499.059s step_avg:166.30ms
step:3002/3250 train_time:499.221s step_avg:166.30ms
step:3003/3250 train_time:499.387s step_avg:166.30ms
step:3004/3250 train_time:499.550s step_avg:166.30ms
step:3005/3250 train_time:499.713s step_avg:166.29ms
step:3006/3250 train_time:499.875s step_avg:166.29ms
step:3007/3250 train_time:500.037s step_avg:166.29ms
step:3008/3250 train_time:500.201s step_avg:166.29ms
step:3009/3250 train_time:500.363s step_avg:166.29ms
step:3010/3250 train_time:500.524s step_avg:166.29ms
step:3010/3250 val_loss:3.29420 train_time:500.525s step_avg:163.10ms
probe_ema: n=84934656 align=-0.08310,-0.09453,-0.10419,-0.11177,-0.11675,-0.11872,-0.11767,-0.11396 rel_mse=1.04052,1.03186,1.02467,1.01883,1.01416,1.01045,1.00756,1.00536
step:3011/3250 train_time:500.693s step_avg:166.29ms
step:3012/3250 train_time:500.857s step_avg:166.29ms
step:3013/3250 train_time:501.020s step_avg:166.29ms
step:3014/3250 train_time:501.182s step_avg:166.28ms
step:3015/3250 train_time:501.345s step_avg:166.28ms
step:3016/3250 train_time:501.507s step_avg:166.28ms
step:3017/3250 train_time:501.669s step_avg:166.28ms
step:3018/3250 train_time:501.834s step_avg:166.28ms
step:3019/3250 train_time:501.995s step_avg:166.28ms
step:3020/3250 train_time:502.157s step_avg:166.28ms
step:3020/3250 val_loss:3.29256 train_time:502.157s step_avg:163.29ms
probe_ema: n=84934656 align=-0.07931,-0.09111,-0.10167,-0.10983,-0.11497,-0.11693,-0.11596,-0.11258 rel_mse=1.03857,1.03027,1.02349,1.01799,1.01356,1.01005,1.00731,1.00523
step:3021/3250 train_time:502.324s step_avg:166.28ms
step:3022/3250 train_time:502.488s step_avg:166.28ms
step:3023/3250 train_time:502.651s step_avg:166.28ms
step:3024/3250 train_time:502.813s step_avg:166.27ms
step:3025/3250 train_time:502.975s step_avg:166.27ms
step:3025/3250 val_loss:3.29179 train_time:502.975s step_avg:163.57ms
probe_ema: n=84934656 align=-0.10111,-0.10805,-0.11501,-0.12058,-0.12377,-0.12414,-0.12182,-0.11724 rel_mse=1.04317,1.03320,1.02540,1.01924,1.01438,1.01057,1.00763,1.00542
step:3026/3250 train_time:503.140s step_avg:166.27ms
step:3027/3250 train_time:503.304s step_avg:166.27ms
step:3028/3250 train_time:503.466s step_avg:166.27ms
step:3029/3250 train_time:503.632s step_avg:166.27ms
step:3030/3250 train_time:503.795s step_avg:166.27ms
step:3030/3250 val_loss:3.29121 train_time:503.795s step_avg:164.01ms
probe_ema: n=84934656 align=-0.08291,-0.09619,-0.10687,-0.11440,-0.11855,-0.11942,-0.11741,-0.11307 rel_mse=1.03843,1.03069,1.02404,1.01844,1.01385,1.01020,1.00737,1.00523
step:3031/3250 train_time:503.959s step_avg:166.27ms
step:3032/3250 train_time:504.122s step_avg:166.27ms
step:3033/3250 train_time:504.286s step_avg:166.27ms
step:3034/3250 train_time:504.449s step_avg:166.27ms
step:3035/3250 train_time:504.613s step_avg:166.26ms
step:3036/3250 train_time:504.775s step_avg:166.26ms
step:3037/3250 train_time:504.937s step_avg:166.26ms
step:3038/3250 train_time:505.099s step_avg:166.26ms
step:3039/3250 train_time:505.262s step_avg:166.26ms
step:3040/3250 train_time:505.425s step_avg:166.26ms
step:3040/3250 val_loss:3.28990 train_time:505.425s step_avg:162.95ms
probe_ema: n=84934656 align=-0.02487,-0.04252,-0.05926,-0.07348,-0.08400,-0.09036,-0.09283,-0.09207 rel_mse=1.02937,1.02393,1.01943,1.01554,1.01215,1.00924,1.00685,1.00496
step:3041/3250 train_time:505.644s step_avg:166.28ms
step:3042/3250 train_time:505.806s step_avg:166.27ms
step:3043/3250 train_time:505.969s step_avg:166.27ms
step:3044/3250 train_time:506.133s step_avg:166.27ms
step:3045/3250 train_time:506.295s step_avg:166.27ms
step:3046/3250 train_time:506.457s step_avg:166.27ms
step:3047/3250 train_time:506.619s step_avg:166.27ms
step:3048/3250 train_time:506.782s step_avg:166.27ms
step:3049/3250 train_time:506.945s step_avg:166.27ms
step:3050/3250 train_time:507.107s step_avg:166.26ms
step:3050/3250 val_loss:3.28886 train_time:507.108s step_avg:168.32ms
probe_ema: n=84934656 align=-0.13246,-0.13660,-0.14045,-0.14306,-0.14356,-0.14151,-0.13700,-0.13051 rel_mse=1.06191,1.04501,1.03272,1.02374,1.01712,1.01224,1.00865,1.00605
step:3051/3250 train_time:507.273s step_avg:166.26ms
step:3052/3250 train_time:507.435s step_avg:166.26ms
step:3053/3250 train_time:507.596s step_avg:166.26ms
step:3054/3250 train_time:507.760s step_avg:166.26ms
step:3055/3250 train_time:507.921s step_avg:166.26ms
step:3056/3250 train_time:508.084s step_avg:166.26ms
step:3057/3250 train_time:508.245s step_avg:166.26ms
step:3058/3250 train_time:508.408s step_avg:166.26ms
step:3059/3250 train_time:508.570s step_avg:166.25ms
step:3060/3250 train_time:508.733s step_avg:166.25ms
step:3060/3250 val_loss:3.28791 train_time:508.733s step_avg:162.47ms
probe_ema: n=84934656 align=0.02177,-0.01216,-0.04120,-0.06355,-0.07894,-0.08803,-0.09198,-0.09211 rel_mse=1.01432,1.01597,1.01567,1.01394,1.01151,1.00899,1.00673,1.00490
step:3061/3250 train_time:508.901s step_avg:166.25ms
step:3062/3250 train_time:509.064s step_avg:166.25ms
step:3063/3250 train_time:509.227s step_avg:166.25ms
step:3064/3250 train_time:509.389s step_avg:166.25ms
step:3065/3250 train_time:509.551s step_avg:166.25ms
step:3066/3250 train_time:509.715s step_avg:166.25ms
step:3067/3250 train_time:509.880s step_avg:166.25ms
step:3068/3250 train_time:510.043s step_avg:166.25ms
step:3069/3250 train_time:510.204s step_avg:166.24ms
step:3070/3250 train_time:510.369s step_avg:166.24ms
step:3070/3250 val_loss:3.28668 train_time:510.371s step_avg:163.83ms
probe_ema: n=84934656 align=-0.07762,-0.08660,-0.09559,-0.10377,-0.10979,-0.11262,-0.11215,-0.10897 rel_mse=1.03760,1.02908,1.02245,1.01729,1.01318,1.00985,1.00720,1.00515
step:3071/3250 train_time:510.535s step_avg:166.24ms
step:3072/3250 train_time:510.698s step_avg:166.24ms
step:3073/3250 train_time:510.861s step_avg:166.24ms
step:3074/3250 train_time:511.023s step_avg:166.24ms
step:3075/3250 train_time:511.186s step_avg:166.24ms
step:3075/3250 val_loss:3.28607 train_time:511.187s step_avg:163.12ms
probe_ema: n=84934656 align=-0.05828,-0.07155,-0.08316,-0.09279,-0.09987,-0.10376,-0.10438,-0.10221 rel_mse=1.03643,1.02909,1.02291,1.01778,1.01358,1.01016,1.00744,1.00533
step:3076/3250 train_time:511.352s step_avg:166.24ms
step:3077/3250 train_time:511.516s step_avg:166.24ms
step:3078/3250 train_time:511.679s step_avg:166.24ms
step:3079/3250 train_time:511.839s step_avg:166.24ms
step:3080/3250 train_time:512.001s step_avg:166.23ms
step:3080/3250 val_loss:3.28553 train_time:512.002s step_avg:162.98ms
probe_ema: n=84934656 align=-0.01399,-0.03787,-0.05802,-0.07376,-0.08505,-0.09191,-0.09466,-0.09404 rel_mse=1.02527,1.02214,1.01867,1.01519,1.01197,1.00914,1.00678,1.00490
step:3081/3250 train_time:512.169s step_avg:166.23ms
step:3082/3250 train_time:512.332s step_avg:166.23ms
step:3083/3250 train_time:512.493s step_avg:166.23ms
step:3084/3250 train_time:512.655s step_avg:166.23ms
step:3085/3250 train_time:512.816s step_avg:166.23ms
step:3086/3250 train_time:512.979s step_avg:166.23ms
step:3087/3250 train_time:513.143s step_avg:166.23ms
step:3088/3250 train_time:513.307s step_avg:166.23ms
step:3089/3250 train_time:513.470s step_avg:166.23ms
step:3090/3250 train_time:513.632s step_avg:166.22ms
step:3090/3250 val_loss:3.28452 train_time:513.633s step_avg:163.10ms
probe_ema: n=84934656 align=-0.10937,-0.11890,-0.12605,-0.13047,-0.13213,-0.13101,-0.12717,-0.12103 rel_mse=1.05333,1.04020,1.02990,1.02198,1.01599,1.01149,1.00814,1.00568
step:3091/3250 train_time:513.799s step_avg:166.22ms
step:3092/3250 train_time:513.963s step_avg:166.22ms
step:3093/3250 train_time:514.125s step_avg:166.22ms
step:3094/3250 train_time:514.286s step_avg:166.22ms
step:3095/3250 train_time:514.448s step_avg:166.22ms
step:3096/3250 train_time:514.610s step_avg:166.22ms
step:3097/3250 train_time:514.772s step_avg:166.22ms
step:3098/3250 train_time:514.936s step_avg:166.22ms
step:3099/3250 train_time:515.099s step_avg:166.21ms
step:3100/3250 train_time:515.261s step_avg:166.21ms
step:3100/3250 val_loss:3.28335 train_time:515.261s step_avg:162.86ms
probe_ema: n=84934656 align=0.02176,-0.00477,-0.02925,-0.04926,-0.06406,-0.07384,-0.07917,-0.08079 rel_mse=1.01782,1.01687,1.01540,1.01331,1.01091,1.00855,1.00647,1.00474
step:3101/3250 train_time:515.426s step_avg:166.21ms
step:3102/3250 train_time:515.592s step_avg:166.21ms
step:3103/3250 train_time:515.754s step_avg:166.21ms
step:3104/3250 train_time:515.916s step_avg:166.21ms
step:3105/3250 train_time:516.078s step_avg:166.21ms
step:3106/3250 train_time:516.239s step_avg:166.21ms
step:3107/3250 train_time:516.402s step_avg:166.21ms
step:3108/3250 train_time:516.564s step_avg:166.20ms
step:3109/3250 train_time:516.726s step_avg:166.20ms
step:3110/3250 train_time:516.890s step_avg:166.20ms
step:3110/3250 val_loss:3.28241 train_time:516.890s step_avg:162.89ms
probe_ema: n=84934656 align=-0.01884,-0.04271,-0.06329,-0.07921,-0.08997,-0.09586,-0.09760,-0.09611 rel_mse=1.02816,1.02486,1.02110,1.01719,1.01347,1.01019,1.00748,1.00535
step:3111/3250 train_time:517.054s step_avg:166.20ms
step:3112/3250 train_time:517.218s step_avg:166.20ms
step:3113/3250 train_time:517.384s step_avg:166.20ms
step:3114/3250 train_time:517.548s step_avg:166.20ms
step:3115/3250 train_time:517.710s step_avg:166.20ms
step:3116/3250 train_time:517.873s step_avg:166.20ms
step:3117/3250 train_time:518.036s step_avg:166.20ms
step:3118/3250 train_time:518.197s step_avg:166.20ms
step:3119/3250 train_time:518.360s step_avg:166.19ms
step:3120/3250 train_time:518.522s step_avg:166.19ms
step:3120/3250 val_loss:3.28147 train_time:518.522s step_avg:163.19ms
probe_ema: n=84934656 align=-0.01000,-0.03294,-0.05295,-0.06867,-0.07969,-0.08625,-0.08893,-0.08850 rel_mse=1.02734,1.02369,1.01994,1.01618,1.01268,1.00963,1.00712,1.00513
step:3121/3250 train_time:518.689s step_avg:166.19ms
step:3122/3250 train_time:518.852s step_avg:166.19ms
step:3123/3250 train_time:519.015s step_avg:166.19ms
step:3124/3250 train_time:519.178s step_avg:166.19ms
step:3125/3250 train_time:519.341s step_avg:166.19ms
step:3125/3250 val_loss:3.28098 train_time:519.341s step_avg:163.82ms
probe_ema: n=84934656 align=-0.02714,-0.04493,-0.06222,-0.07635,-0.08606,-0.09136,-0.09285,-0.09132 rel_mse=1.03009,1.02483,1.02050,1.01657,1.01299,1.00987,1.00728,1.00523
step:3126/3250 train_time:519.507s step_avg:166.19ms
step:3127/3250 train_time:519.670s step_avg:166.19ms
step:3128/3250 train_time:519.834s step_avg:166.19ms
step:3129/3250 train_time:519.996s step_avg:166.19ms
step:3130/3250 train_time:520.159s step_avg:166.18ms
step:3130/3250 val_loss:3.28042 train_time:520.159s step_avg:163.59ms
probe_ema: n=84934656 align=-0.01546,-0.03457,-0.05073,-0.06372,-0.07325,-0.07908,-0.08127,-0.08034 rel_mse=1.02543,1.02161,1.01784,1.01436,1.01129,1.00864,1.00642,1.00463
step:3131/3250 train_time:520.322s step_avg:166.18ms
step:3132/3250 train_time:520.485s step_avg:166.18ms
step:3133/3250 train_time:520.648s step_avg:166.18ms
step:3134/3250 train_time:520.811s step_avg:166.18ms
step:3135/3250 train_time:520.975s step_avg:166.18ms
step:3136/3250 train_time:521.139s step_avg:166.18ms
step:3137/3250 train_time:521.301s step_avg:166.18ms
step:3138/3250 train_time:521.463s step_avg:166.18ms
step:3139/3250 train_time:521.624s step_avg:166.18ms
step:3140/3250 train_time:521.788s step_avg:166.17ms
step:3140/3250 val_loss:3.27949 train_time:521.788s step_avg:162.90ms
probe_ema: n=84934656 align=-0.00766,-0.02263,-0.03824,-0.05228,-0.06332,-0.07067,-0.07432,-0.07477 rel_mse=1.02421,1.01948,1.01597,1.01301,1.01037,1.00803,1.00603,1.00440
step:3141/3250 train_time:521.952s step_avg:166.17ms
step:3142/3250 train_time:522.116s step_avg:166.17ms
step:3143/3250 train_time:522.278s step_avg:166.17ms
step:3144/3250 train_time:522.439s step_avg:166.17ms
step:3145/3250 train_time:522.602s step_avg:166.17ms
step:3146/3250 train_time:522.767s step_avg:166.17ms
step:3147/3250 train_time:522.929s step_avg:166.17ms
step:3148/3250 train_time:523.091s step_avg:166.17ms
step:3149/3250 train_time:523.253s step_avg:166.16ms
step:3150/3250 train_time:523.413s step_avg:166.16ms
step:3150/3250 val_loss:3.27852 train_time:523.414s step_avg:162.57ms
probe_ema: n=84934656 align=-0.00688,-0.02096,-0.03406,-0.04564,-0.05515,-0.06191,-0.06552,-0.06614 rel_mse=1.02661,1.02122,1.01683,1.01326,1.01032,1.00789,1.00589,1.00427
step:3151/3250 train_time:523.578s step_avg:166.16ms
step:3152/3250 train_time:523.743s step_avg:166.16ms
step:3153/3250 train_time:523.904s step_avg:166.16ms
step:3154/3250 train_time:524.067s step_avg:166.16ms
step:3155/3250 train_time:524.228s step_avg:166.16ms
step:3156/3250 train_time:524.390s step_avg:166.16ms
step:3157/3250 train_time:524.553s step_avg:166.16ms
step:3158/3250 train_time:524.715s step_avg:166.15ms
step:3159/3250 train_time:524.879s step_avg:166.15ms
step:3160/3250 train_time:525.041s step_avg:166.15ms
step:3160/3250 val_loss:3.27766 train_time:525.041s step_avg:162.78ms
probe_ema: n=84934656 align=0.05746,0.03169,0.00757,-0.01262,-0.02823,-0.03940,-0.04654,-0.05022 rel_mse=1.00763,1.00872,1.00902,1.00843,1.00727,1.00593,1.00461,1.00346
step:3161/3250 train_time:525.205s step_avg:166.15ms
step:3162/3250 train_time:525.369s step_avg:166.15ms
step:3163/3250 train_time:525.535s step_avg:166.15ms
step:3164/3250 train_time:525.699s step_avg:166.15ms
step:3165/3250 train_time:525.863s step_avg:166.15ms
step:3166/3250 train_time:526.025s step_avg:166.15ms
step:3167/3250 train_time:526.187s step_avg:166.15ms
step:3168/3250 train_time:526.349s step_avg:166.15ms
step:3169/3250 train_time:526.511s step_avg:166.14ms
step:3170/3250 train_time:526.673s step_avg:166.14ms
step:3170/3250 val_loss:3.27693 train_time:526.673s step_avg:163.20ms
probe_ema: n=84934656 align=0.00056,-0.01634,-0.03190,-0.04478,-0.05438,-0.06067,-0.06389,-0.06445 rel_mse=1.02305,1.01915,1.01580,1.01275,1.01000,1.00762,1.00566,1.00410
step:3171/3250 train_time:526.838s step_avg:166.14ms
step:3172/3250 train_time:527.001s step_avg:166.14ms
step:3173/3250 train_time:527.165s step_avg:166.14ms
step:3174/3250 train_time:527.327s step_avg:166.14ms
step:3175/3250 train_time:527.489s step_avg:166.14ms
step:3175/3250 val_loss:3.27651 train_time:527.490s step_avg:163.24ms
probe_ema: n=84934656 align=0.03335,0.01210,-0.00837,-0.02541,-0.03810,-0.04669,-0.05178,-0.05400 rel_mse=1.01503,1.01357,1.01219,1.01048,1.00857,1.00672,1.00508,1.00373
step:3176/3250 train_time:527.655s step_avg:166.14ms
step:3177/3250 train_time:527.820s step_avg:166.14ms
step:3178/3250 train_time:527.981s step_avg:166.14ms
step:3179/3250 train_time:528.143s step_avg:166.13ms
step:3180/3250 train_time:528.306s step_avg:166.13ms
step:3180/3250 val_loss:3.27619 train_time:528.306s step_avg:163.28ms
probe_ema: n=84934656 align=-0.03375,-0.04432,-0.05487,-0.06399,-0.07054,-0.07421,-0.07528,-0.07419 rel_mse=1.03328,1.02611,1.02043,1.01583,1.01205,1.00898,1.00655,1.00469
step:3181/3250 train_time:528.471s step_avg:166.13ms
step:3182/3250 train_time:528.634s step_avg:166.13ms
step:3183/3250 train_time:528.798s step_avg:166.13ms
step:3184/3250 train_time:528.962s step_avg:166.13ms
step:3185/3250 train_time:529.124s step_avg:166.13ms
step:3186/3250 train_time:529.287s step_avg:166.13ms
step:3187/3250 train_time:529.449s step_avg:166.13ms
step:3188/3250 train_time:529.611s step_avg:166.13ms
step:3189/3250 train_time:529.774s step_avg:166.13ms
step:3190/3250 train_time:529.936s step_avg:166.12ms
step:3190/3250 val_loss:3.27546 train_time:529.936s step_avg:163.04ms
probe_ema: n=84934656 align=-0.01252,-0.02571,-0.03859,-0.04930,-0.05714,-0.06198,-0.06403,-0.06382 rel_mse=1.02621,1.02102,1.01688,1.01332,1.01026,1.00772,1.00568,1.00409
step:3191/3250 train_time:530.103s step_avg:166.12ms
step:3192/3250 train_time:530.266s step_avg:166.12ms
step:3193/3250 train_time:530.429s step_avg:166.12ms
step:3194/3250 train_time:530.592s step_avg:166.12ms
step:3195/3250 train_time:530.757s step_avg:166.12ms
step:3196/3250 train_time:530.921s step_avg:166.12ms
step:3197/3250 train_time:531.083s step_avg:166.12ms
step:3198/3250 train_time:531.244s step_avg:166.12ms
step:3199/3250 train_time:531.407s step_avg:166.12ms
step:3200/3250 train_time:531.570s step_avg:166.12ms
step:3200/3250 val_loss:3.27481 train_time:531.570s step_avg:163.35ms
probe_ema: n=84934656 align=0.04606,0.02868,0.00973,-0.00796,-0.02245,-0.03303,-0.03988,-0.04361 rel_mse=1.01121,1.00963,1.00881,1.00794,1.00681,1.00554,1.00431,1.00322
step:3201/3250 train_time:531.734s step_avg:166.11ms
step:3202/3250 train_time:531.896s step_avg:166.11ms
step:3203/3250 train_time:532.058s step_avg:166.11ms
step:3204/3250 train_time:532.220s step_avg:166.11ms
step:3205/3250 train_time:532.382s step_avg:166.11ms
step:3206/3250 train_time:532.544s step_avg:166.11ms
step:3207/3250 train_time:532.706s step_avg:166.11ms
step:3208/3250 train_time:532.869s step_avg:166.11ms
step:3209/3250 train_time:533.036s step_avg:166.11ms
step:3210/3250 train_time:533.199s step_avg:166.11ms
step:3210/3250 val_loss:3.27425 train_time:533.199s step_avg:162.88ms
probe_ema: n=84934656 align=0.04865,0.02748,0.00663,-0.01098,-0.02432,-0.03352,-0.03918,-0.04206 rel_mse=1.01053,1.00994,1.00942,1.00844,1.00710,1.00566,1.00432,1.00319
step:3211/3250 train_time:533.364s step_avg:166.11ms
step:3212/3250 train_time:533.529s step_avg:166.10ms
step:3213/3250 train_time:533.691s step_avg:166.10ms
step:3214/3250 train_time:533.852s step_avg:166.10ms
step:3215/3250 train_time:534.013s step_avg:166.10ms
step:3216/3250 train_time:534.174s step_avg:166.10ms
step:3217/3250 train_time:534.337s step_avg:166.10ms
step:3218/3250 train_time:534.499s step_avg:166.10ms
step:3219/3250 train_time:534.662s step_avg:166.10ms
step:3220/3250 train_time:534.824s step_avg:166.09ms
step:3220/3250 val_loss:3.27371 train_time:534.824s step_avg:162.52ms
probe_ema: n=84934656 align=0.01267,0.01023,0.00497,-0.00249,-0.01075,-0.01837,-0.02444,-0.02864 rel_mse=1.02311,1.01600,1.01149,1.00855,1.00650,1.00495,1.00372,1.00275
step:3221/3250 train_time:534.989s step_avg:166.09ms
step:3222/3250 train_time:535.153s step_avg:166.09ms
step:3223/3250 train_time:535.318s step_avg:166.09ms
step:3224/3250 train_time:535.482s step_avg:166.09ms
step:3225/3250 train_time:535.644s step_avg:166.09ms
step:3225/3250 val_loss:3.27352 train_time:535.644s step_avg:164.07ms
probe_ema: n=84934656 align=0.01609,0.00917,0.00203,-0.00537,-0.01278,-0.01949,-0.02487,-0.02867 rel_mse=1.02148,1.01557,1.01146,1.00862,1.00656,1.00498,1.00372,1.00273
step:3226/3250 train_time:535.808s step_avg:166.09ms
step:3227/3250 train_time:535.971s step_avg:166.09ms
step:3228/3250 train_time:536.135s step_avg:166.09ms
step:3229/3250 train_time:536.298s step_avg:166.09ms
step:3230/3250 train_time:536.462s step_avg:166.09ms
step:3230/3250 val_loss:3.27339 train_time:536.462s step_avg:163.56ms
probe_ema: n=84934656 align=0.05847,0.03959,0.02246,0.00831,-0.00306,-0.01201,-0.01873,-0.02343 rel_mse=1.00783,1.00743,1.00689,1.00605,1.00506,1.00407,1.00315,1.00236
step:3231/3250 train_time:536.673s step_avg:166.10ms
step:3232/3250 train_time:536.835s step_avg:166.10ms
step:3233/3250 train_time:536.997s step_avg:166.10ms
step:3234/3250 train_time:537.161s step_avg:166.10ms
step:3235/3250 train_time:537.323s step_avg:166.10ms
step:3236/3250 train_time:537.484s step_avg:166.10ms
step:3237/3250 train_time:537.647s step_avg:166.09ms
step:3238/3250 train_time:537.809s step_avg:166.09ms
step:3239/3250 train_time:537.971s step_avg:166.09ms
step:3240/3250 train_time:538.133s step_avg:166.09ms
step:3240/3250 val_loss:3.27311 train_time:538.133s step_avg:167.09ms
probe_ema: n=84934656 align=0.01134,0.01186,0.00990,0.00597,0.00078,-0.00488,-0.01022,-0.01472 rel_mse=1.02257,1.01495,1.00994,1.00674,1.00475,1.00346,1.00257,1.00190
step:3241/3250 train_time:538.300s step_avg:166.09ms
step:3242/3250 train_time:538.463s step_avg:166.09ms
step:3243/3250 train_time:538.626s step_avg:166.09ms
step:3244/3250 train_time:538.789s step_avg:166.09ms
step:3245/3250 train_time:538.950s step_avg:166.09ms
step:3246/3250 train_time:539.113s step_avg:166.09ms
step:3247/3250 train_time:539.277s step_avg:166.08ms
step:3248/3250 train_time:539.439s step_avg:166.08ms
step:3249/3250 train_time:539.603s step_avg:166.08ms
step:3250/3250 train_time:539.765s step_avg:166.08ms
step:3250/3250 val_loss:3.27299 train_time:539.765s step_avg:163.19ms
probe_ema: n=84934656 align=0.09763,0.10256,0.10210,0.09634,0.08649,0.07430,0.06160,0.04978 rel_mse=0.99702,0.99200,0.99047,0.99122,0.99302,0.99500,0.99667,0.99790
