fork	assignment	step	name	weight_frob
1500	0	1750	blocks.0.attn.q.weight	56.596595764160156
1500	0	1750	blocks.0.attn.k.weight	55.74065399169922
1500	0	1750	blocks.0.attn.v.weight	56.288795471191406
1500	0	1750	blocks.0.attn.proj.weight	49.499454498291016
1500	0	1750	blocks.0.mlp.fc.weight	117.9622802734375
1500	0	1750	blocks.0.mlp.proj.weight	72.35684967041016
1500	0	1750	blocks.1.attn.q.weight	66.9581527709961
1500	0	1750	blocks.1.attn.k.weight	65.0028076171875
1500	0	1750	blocks.1.attn.v.weight	49.82929229736328
1500	0	1750	blocks.1.attn.proj.weight	59.70874786376953
1500	0	1750	blocks.1.mlp.fc.weight	118.35079956054688
1500	0	1750	blocks.1.mlp.proj.weight	75.7037582397461
1500	0	1750	blocks.2.attn.q.weight	56.74812316894531
1500	0	1750	blocks.2.attn.k.weight	52.8099479675293
1500	0	1750	blocks.2.attn.v.weight	59.349002838134766
1500	0	1750	blocks.2.attn.proj.weight	57.59360122680664
1500	0	1750	blocks.2.mlp.fc.weight	119.3933334350586
1500	0	1750	blocks.2.mlp.proj.weight	63.642189025878906
1500	0	1750	blocks.3.attn.q.weight	49.82323455810547
1500	0	1750	blocks.3.attn.k.weight	51.62948226928711
1500	0	1750	blocks.3.attn.v.weight	54.578819274902344
1500	0	1750	blocks.3.attn.proj.weight	56.37064743041992
1500	0	1750	blocks.3.mlp.fc.weight	120.28209686279297
1500	0	1750	blocks.3.mlp.proj.weight	64.07930755615234
1500	0	1750	blocks.4.attn.q.weight	51.0756950378418
1500	0	1750	blocks.4.attn.k.weight	54.99275207519531
1500	0	1750	blocks.4.attn.v.weight	56.246421813964844
1500	0	1750	blocks.4.attn.proj.weight	66.69034576416016
1500	0	1750	blocks.4.mlp.fc.weight	128.20669555664062
1500	0	1750	blocks.4.mlp.proj.weight	77.51653289794922
1500	0	1750	blocks.5.attn.q.weight	65.09447479248047
1500	0	1750	blocks.5.attn.k.weight	50.408912658691406
1500	0	1750	blocks.5.attn.v.weight	70.68090057373047
1500	0	1750	blocks.5.attn.proj.weight	52.48280334472656
1500	0	1750	blocks.5.mlp.fc.weight	152.6826629638672
1500	0	1750	blocks.5.mlp.proj.weight	60.93946075439453
1500	0	1750	blocks.6.attn.q.weight	52.404422760009766
1500	0	1750	blocks.6.attn.k.weight	64.8818588256836
1500	0	1750	blocks.6.attn.v.weight	65.7293472290039
1500	0	1750	blocks.6.attn.proj.weight	60.60960006713867
1500	0	1750	blocks.6.mlp.fc.weight	128.9165802001953
1500	0	1750	blocks.6.mlp.proj.weight	61.49932861328125
1500	0	1750	blocks.7.attn.q.weight	54.6276969909668
1500	0	1750	blocks.7.attn.k.weight	51.37390899658203
1500	0	1750	blocks.7.attn.v.weight	64.24845886230469
1500	0	1750	blocks.7.attn.proj.weight	69.87945556640625
1500	0	1750	blocks.7.mlp.fc.weight	129.08998107910156
1500	0	1750	blocks.7.mlp.proj.weight	78.80204772949219
1500	0	1750	blocks.8.attn.q.weight	50.375999450683594
1500	0	1750	blocks.8.attn.k.weight	65.662109375
1500	0	1750	blocks.8.attn.v.weight	77.4305191040039
1500	0	1750	blocks.8.attn.proj.weight	60.35879135131836
1500	0	1750	blocks.8.mlp.fc.weight	153.37307739257812
1500	0	1750	blocks.8.mlp.proj.weight	66.41615295410156
1500	0	1750	blocks.9.attn.q.weight	64.44398498535156
1500	0	1750	blocks.9.attn.k.weight	53.746036529541016
1500	0	1750	blocks.9.attn.v.weight	71.1656494140625
1500	0	1750	blocks.9.attn.proj.weight	67.9150619506836
1500	0	1750	blocks.9.mlp.fc.weight	152.73306274414062
1500	0	1750	blocks.9.mlp.proj.weight	63.306068420410156
1500	0	1750	blocks.10.attn.q.weight	65.31903839111328
1500	0	1750	blocks.10.attn.k.weight	53.45835494995117
1500	0	1750	blocks.10.attn.v.weight	80.85218811035156
1500	0	1750	blocks.10.attn.proj.weight	60.594581604003906
1500	0	1750	blocks.10.mlp.fc.weight	122.29777526855469
1500	0	1750	blocks.10.mlp.proj.weight	63.952430725097656
1500	0	1750	blocks.11.attn.q.weight	49.95330047607422
1500	0	1750	blocks.11.attn.k.weight	64.61738586425781
1500	0	1750	blocks.11.attn.v.weight	73.02954864501953
1500	0	1750	blocks.11.attn.proj.weight	65.71350860595703
1500	0	1750	blocks.11.mlp.fc.weight	150.0853729248047
1500	0	1750	blocks.11.mlp.proj.weight	68.09615325927734
1500	0	1875	blocks.0.attn.q.weight	56.90599822998047
1500	0	1875	blocks.0.attn.k.weight	56.055660247802734
1500	0	1875	blocks.0.attn.v.weight	57.09363555908203
1500	0	1875	blocks.0.attn.proj.weight	48.518898010253906
1500	0	1875	blocks.0.mlp.fc.weight	118.67334747314453
1500	0	1875	blocks.0.mlp.proj.weight	75.53044891357422
1500	0	1875	blocks.1.attn.q.weight	69.7525634765625
1500	0	1875	blocks.1.attn.k.weight	67.95726776123047
1500	0	1875	blocks.1.attn.v.weight	49.91541290283203
1500	0	1875	blocks.1.attn.proj.weight	62.140113830566406
1500	0	1875	blocks.1.mlp.fc.weight	115.33881378173828
1500	0	1875	blocks.1.mlp.proj.weight	78.9035873413086
1500	0	1875	blocks.2.attn.q.weight	57.261905670166016
1500	0	1875	blocks.2.attn.k.weight	51.76039123535156
1500	0	1875	blocks.2.attn.v.weight	61.47562026977539
1500	0	1875	blocks.2.attn.proj.weight	59.38937759399414
1500	0	1875	blocks.2.mlp.fc.weight	116.2775650024414
1500	0	1875	blocks.2.mlp.proj.weight	63.87344741821289
1500	0	1875	blocks.3.attn.q.weight	48.546573638916016
1500	0	1875	blocks.3.attn.k.weight	50.247676849365234
1500	0	1875	blocks.3.attn.v.weight	53.461830139160156
1500	0	1875	blocks.3.attn.proj.weight	56.93817138671875
1500	0	1875	blocks.3.mlp.fc.weight	117.21728515625
1500	0	1875	blocks.3.mlp.proj.weight	64.25425720214844
1500	0	1875	blocks.4.attn.q.weight	49.79349136352539
1500	0	1875	blocks.4.attn.k.weight	55.25487518310547
1500	0	1875	blocks.4.attn.v.weight	54.46569061279297
1500	0	1875	blocks.4.attn.proj.weight	68.8191909790039
1500	0	1875	blocks.4.mlp.fc.weight	128.50453186035156
1500	0	1875	blocks.4.mlp.proj.weight	80.40740966796875
1500	0	1875	blocks.5.attn.q.weight	67.5843505859375
1500	0	1875	blocks.5.attn.k.weight	48.95753479003906
1500	0	1875	blocks.5.attn.v.weight	73.0591049194336
1500	0	1875	blocks.5.attn.proj.weight	50.79301452636719
1500	0	1875	blocks.5.mlp.fc.weight	158.9176483154297
1500	0	1875	blocks.5.mlp.proj.weight	59.29483413696289
1500	0	1875	blocks.6.attn.q.weight	52.50374984741211
1500	0	1875	blocks.6.attn.k.weight	67.3868637084961
1500	0	1875	blocks.6.attn.v.weight	65.06423950195312
1500	0	1875	blocks.6.attn.proj.weight	59.932167053222656
1500	0	1875	blocks.6.mlp.fc.weight	129.19998168945312
1500	0	1875	blocks.6.mlp.proj.weight	59.860198974609375
1500	0	1875	blocks.7.attn.q.weight	54.96424865722656
1500	0	1875	blocks.7.attn.k.weight	50.11211395263672
1500	0	1875	blocks.7.attn.v.weight	63.56140899658203
1500	0	1875	blocks.7.attn.proj.weight	71.6290054321289
1500	0	1875	blocks.7.mlp.fc.weight	129.42095947265625
1500	0	1875	blocks.7.mlp.proj.weight	81.73661041259766
1500	0	1875	blocks.8.attn.q.weight	49.07209396362305
1500	0	1875	blocks.8.attn.k.weight	68.22895050048828
1500	0	1875	blocks.8.attn.v.weight	78.94657135009766
1500	0	1875	blocks.8.attn.proj.weight	59.329986572265625
1500	0	1875	blocks.8.mlp.fc.weight	159.63560485839844
1500	0	1875	blocks.8.mlp.proj.weight	66.51738739013672
1500	0	1875	blocks.9.attn.q.weight	66.8441162109375
1500	0	1875	blocks.9.attn.k.weight	53.930850982666016
1500	0	1875	blocks.9.attn.v.weight	70.11915588378906
1500	0	1875	blocks.9.attn.proj.weight	68.36064910888672
1500	0	1875	blocks.9.mlp.fc.weight	158.93112182617188
1500	0	1875	blocks.9.mlp.proj.weight	61.62681198120117
1500	0	1875	blocks.10.attn.q.weight	67.9454345703125
1500	0	1875	blocks.10.attn.k.weight	53.65932846069336
1500	0	1875	blocks.10.attn.v.weight	83.19147491455078
1500	0	1875	blocks.10.attn.proj.weight	58.65021896362305
1500	0	1875	blocks.10.mlp.fc.weight	119.26702880859375
1500	0	1875	blocks.10.mlp.proj.weight	62.306671142578125
1500	0	1875	blocks.11.attn.q.weight	48.545780181884766
1500	0	1875	blocks.11.attn.k.weight	67.27954864501953
1500	0	1875	blocks.11.attn.v.weight	72.94384765625
1500	0	1875	blocks.11.attn.proj.weight	65.6133804321289
1500	0	1875	blocks.11.mlp.fc.weight	156.0054931640625
1500	0	1875	blocks.11.mlp.proj.weight	68.11640930175781
1500	0	2000	blocks.0.attn.q.weight	57.135467529296875
1500	0	2000	blocks.0.attn.k.weight	56.210113525390625
1500	0	2000	blocks.0.attn.v.weight	57.51936721801758
1500	0	2000	blocks.0.attn.proj.weight	47.661624908447266
1500	0	2000	blocks.0.mlp.fc.weight	119.3060531616211
1500	0	2000	blocks.0.mlp.proj.weight	77.22709655761719
1500	0	2000	blocks.1.attn.q.weight	71.20280456542969
1500	0	2000	blocks.1.attn.k.weight	69.58018493652344
1500	0	2000	blocks.1.attn.v.weight	50.12681579589844
1500	0	2000	blocks.1.attn.proj.weight	63.46886444091797
1500	0	2000	blocks.1.mlp.fc.weight	112.80562591552734
1500	0	2000	blocks.1.mlp.proj.weight	80.65563201904297
1500	0	2000	blocks.2.attn.q.weight	57.6659049987793
1500	0	2000	blocks.2.attn.k.weight	50.946434020996094
1500	0	2000	blocks.2.attn.v.weight	62.93616485595703
1500	0	2000	blocks.2.attn.proj.weight	60.697418212890625
1500	0	2000	blocks.2.mlp.fc.weight	113.69342041015625
1500	0	2000	blocks.2.mlp.proj.weight	64.06790161132812
1500	0	2000	blocks.3.attn.q.weight	47.45458984375
1500	0	2000	blocks.3.attn.k.weight	49.13329315185547
1500	0	2000	blocks.3.attn.v.weight	52.47758865356445
1500	0	2000	blocks.3.attn.proj.weight	57.23439025878906
1500	0	2000	blocks.3.mlp.fc.weight	114.62995910644531
1500	0	2000	blocks.3.mlp.proj.weight	64.3969955444336
1500	0	2000	blocks.4.attn.q.weight	48.72895050048828
1500	0	2000	blocks.4.attn.k.weight	55.38294219970703
1500	0	2000	blocks.4.attn.v.weight	53.04732131958008
1500	0	2000	blocks.4.attn.proj.weight	70.09324645996094
1500	0	2000	blocks.4.mlp.fc.weight	128.9663543701172
1500	0	2000	blocks.4.mlp.proj.weight	82.0311508178711
1500	0	2000	blocks.5.attn.q.weight	68.89497375488281
1500	0	2000	blocks.5.attn.k.weight	47.807579040527344
1500	0	2000	blocks.5.attn.v.weight	74.40699768066406
1500	0	2000	blocks.5.attn.proj.weight	49.492313385009766
1500	0	2000	blocks.5.mlp.fc.weight	162.5581817626953
1500	0	2000	blocks.5.mlp.proj.weight	57.93262481689453
1500	0	2000	blocks.6.attn.q.weight	52.58929443359375
1500	0	2000	blocks.6.attn.k.weight	68.7817153930664
1500	0	2000	blocks.6.attn.v.weight	64.28626251220703
1500	0	2000	blocks.6.attn.proj.weight	59.149784088134766
1500	0	2000	blocks.6.mlp.fc.weight	129.49374389648438
1500	0	2000	blocks.6.mlp.proj.weight	58.48262023925781
1500	0	2000	blocks.7.attn.q.weight	55.168975830078125
1500	0	2000	blocks.7.attn.k.weight	49.0544548034668
1500	0	2000	blocks.7.attn.v.weight	63.07574462890625
1500	0	2000	blocks.7.attn.proj.weight	72.53739166259766
1500	0	2000	blocks.7.mlp.fc.weight	129.77696228027344
1500	0	2000	blocks.7.mlp.proj.weight	83.36646270751953
1500	0	2000	blocks.8.attn.q.weight	48.01781463623047
1500	0	2000	blocks.8.attn.k.weight	69.68451690673828
1500	0	2000	blocks.8.attn.v.weight	79.66736602783203
1500	0	2000	blocks.8.attn.proj.weight	58.54532241821289
1500	0	2000	blocks.8.mlp.fc.weight	163.36109924316406
1500	0	2000	blocks.8.mlp.proj.weight	66.64710235595703
1500	0	2000	blocks.9.attn.q.weight	68.16472625732422
1500	0	2000	blocks.9.attn.k.weight	54.06458282470703
1500	0	2000	blocks.9.attn.v.weight	69.15062713623047
1500	0	2000	blocks.9.attn.proj.weight	68.59723663330078
1500	0	2000	blocks.9.mlp.fc.weight	162.57769775390625
1500	0	2000	blocks.9.mlp.proj.weight	60.228363037109375
1500	0	2000	blocks.10.attn.q.weight	69.24271392822266
1500	0	2000	blocks.10.attn.k.weight	53.803009033203125
1500	0	2000	blocks.10.attn.v.weight	84.64730834960938
1500	0	2000	blocks.10.attn.proj.weight	57.08297348022461
1500	0	2000	blocks.10.mlp.fc.weight	116.66743469238281
1500	0	2000	blocks.10.mlp.proj.weight	60.912742614746094
1500	0	2000	blocks.11.attn.q.weight	47.37874221801758
1500	0	2000	blocks.11.attn.k.weight	68.62850952148438
1500	0	2000	blocks.11.attn.v.weight	72.68977355957031
1500	0	2000	blocks.11.attn.proj.weight	65.35784912109375
1500	0	2000	blocks.11.mlp.fc.weight	159.43563842773438
1500	0	2000	blocks.11.mlp.proj.weight	68.18810272216797
1500	0	2125	blocks.0.attn.q.weight	57.24763870239258
1500	0	2125	blocks.0.attn.k.weight	56.31006622314453
1500	0	2125	blocks.0.attn.v.weight	57.69527816772461
1500	0	2125	blocks.0.attn.proj.weight	46.90646743774414
1500	0	2125	blocks.0.mlp.fc.weight	119.72650146484375
1500	0	2125	blocks.0.mlp.proj.weight	78.06932830810547
1500	0	2125	blocks.1.attn.q.weight	71.79645538330078
1500	0	2125	blocks.1.attn.k.weight	70.2554702758789
1500	0	2125	blocks.1.attn.v.weight	50.32884216308594
1500	0	2125	blocks.1.attn.proj.weight	64.1700210571289
1500	0	2125	blocks.1.mlp.fc.weight	110.69032287597656
1500	0	2125	blocks.1.mlp.proj.weight	81.59546661376953
1500	0	2125	blocks.2.attn.q.weight	57.94572067260742
1500	0	2125	blocks.2.attn.k.weight	50.244319915771484
1500	0	2125	blocks.2.attn.v.weight	63.877655029296875
1500	0	2125	blocks.2.attn.proj.weight	61.68242645263672
1500	0	2125	blocks.2.mlp.fc.weight	111.54191589355469
1500	0	2125	blocks.2.mlp.proj.weight	64.20940399169922
1500	0	2125	blocks.3.attn.q.weight	46.627681732177734
1500	0	2125	blocks.3.attn.k.weight	48.21977615356445
1500	0	2125	blocks.3.attn.v.weight	51.58465576171875
1500	0	2125	blocks.3.attn.proj.weight	57.2982063293457
1500	0	2125	blocks.3.mlp.fc.weight	112.43926239013672
1500	0	2125	blocks.3.mlp.proj.weight	64.50016021728516
1500	0	2125	blocks.4.attn.q.weight	47.8341178894043
1500	0	2125	blocks.4.attn.k.weight	55.51477813720703
1500	0	2125	blocks.4.attn.v.weight	51.84871292114258
1500	0	2125	blocks.4.attn.proj.weight	70.66117858886719
1500	0	2125	blocks.4.mlp.fc.weight	129.3222198486328
1500	0	2125	blocks.4.mlp.proj.weight	82.86821746826172
1500	0	2125	blocks.5.attn.q.weight	69.58356475830078
1500	0	2125	blocks.5.attn.k.weight	46.84304428100586
1500	0	2125	blocks.5.attn.v.weight	75.11650085449219
1500	0	2125	blocks.5.attn.proj.weight	48.45526885986328
1500	0	2125	blocks.5.mlp.fc.weight	164.62286376953125
1500	0	2125	blocks.5.mlp.proj.weight	56.7923583984375
1500	0	2125	blocks.6.attn.q.weight	52.63078689575195
1500	0	2125	blocks.6.attn.k.weight	69.43365478515625
1500	0	2125	blocks.6.attn.v.weight	63.537357330322266
1500	0	2125	blocks.6.attn.proj.weight	58.38545608520508
1500	0	2125	blocks.6.mlp.fc.weight	129.6211700439453
1500	0	2125	blocks.6.mlp.proj.weight	57.316627502441406
1500	0	2125	blocks.7.attn.q.weight	55.36808395385742
1500	0	2125	blocks.7.attn.k.weight	48.14374923706055
1500	0	2125	blocks.7.attn.v.weight	62.66431427001953
1500	0	2125	blocks.7.attn.proj.weight	72.91404724121094
1500	0	2125	blocks.7.mlp.fc.weight	130.02491760253906
1500	0	2125	blocks.7.mlp.proj.weight	84.18885040283203
1500	0	2125	blocks.8.attn.q.weight	47.125213623046875
1500	0	2125	blocks.8.attn.k.weight	70.3603286743164
1500	0	2125	blocks.8.attn.v.weight	79.82305908203125
1500	0	2125	blocks.8.attn.proj.weight	57.92578887939453
1500	0	2125	blocks.8.mlp.fc.weight	165.48687744140625
1500	0	2125	blocks.8.mlp.proj.weight	66.75227355957031
1500	0	2125	blocks.9.attn.q.weight	68.68649291992188
1500	0	2125	blocks.9.attn.k.weight	54.08723068237305
1500	0	2125	blocks.9.attn.v.weight	68.15050506591797
1500	0	2125	blocks.9.attn.proj.weight	68.54180908203125
1500	0	2125	blocks.9.mlp.fc.weight	164.61587524414062
1500	0	2125	blocks.9.mlp.proj.weight	59.05949401855469
1500	0	2125	blocks.10.attn.q.weight	69.80706787109375
1500	0	2125	blocks.10.attn.k.weight	53.83380889892578
1500	0	2125	blocks.10.attn.v.weight	85.37370300292969
1500	0	2125	blocks.10.attn.proj.weight	55.79155349731445
1500	0	2125	blocks.10.mlp.fc.weight	114.36119842529297
1500	0	2125	blocks.10.mlp.proj.weight	59.71208953857422
1500	0	2125	blocks.11.attn.q.weight	46.42512130737305
1500	0	2125	blocks.11.attn.k.weight	69.21379852294922
1500	0	2125	blocks.11.attn.v.weight	72.22848510742188
1500	0	2125	blocks.11.attn.proj.weight	64.95258331298828
1500	0	2125	blocks.11.mlp.fc.weight	161.50765991210938
1500	0	2125	blocks.11.mlp.proj.weight	68.25404357910156
1500	0	2250	blocks.0.attn.q.weight	57.335784912109375
1500	0	2250	blocks.0.attn.k.weight	56.360626220703125
1500	0	2250	blocks.0.attn.v.weight	57.68067169189453
1500	0	2250	blocks.0.attn.proj.weight	46.217491149902344
1500	0	2250	blocks.0.mlp.fc.weight	120.06947326660156
1500	0	2250	blocks.0.mlp.proj.weight	78.51497650146484
1500	0	2250	blocks.1.attn.q.weight	72.1533432006836
1500	0	2250	blocks.1.attn.k.weight	70.57300567626953
1500	0	2250	blocks.1.attn.v.weight	50.44886016845703
1500	0	2250	blocks.1.attn.proj.weight	64.5071792602539
1500	0	2250	blocks.1.mlp.fc.weight	108.89568328857422
1500	0	2250	blocks.1.mlp.proj.weight	82.02986145019531
1500	0	2250	blocks.2.attn.q.weight	58.13215637207031
1500	0	2250	blocks.2.attn.k.weight	49.62096405029297
1500	0	2250	blocks.2.attn.v.weight	64.4674301147461
1500	0	2250	blocks.2.attn.proj.weight	62.21775817871094
1500	0	2250	blocks.2.mlp.fc.weight	109.69353485107422
1500	0	2250	blocks.2.mlp.proj.weight	64.2712631225586
1500	0	2250	blocks.3.attn.q.weight	45.94480514526367
1500	0	2250	blocks.3.attn.k.weight	47.45633316040039
1500	0	2250	blocks.3.attn.v.weight	50.7552490234375
1500	0	2250	blocks.3.attn.proj.weight	57.17442321777344
1500	0	2250	blocks.3.mlp.fc.weight	110.51513671875
1500	0	2250	blocks.3.mlp.proj.weight	64.53047943115234
1500	0	2250	blocks.4.attn.q.weight	47.06085205078125
1500	0	2250	blocks.4.attn.k.weight	55.51770782470703
1500	0	2250	blocks.4.attn.v.weight	50.86039733886719
1500	0	2250	blocks.4.attn.proj.weight	70.95539093017578
1500	0	2250	blocks.4.mlp.fc.weight	129.58267211914062
1500	0	2250	blocks.4.mlp.proj.weight	83.30854034423828
1500	0	2250	blocks.5.attn.q.weight	69.88450622558594
1500	0	2250	blocks.5.attn.k.weight	46.058326721191406
1500	0	2250	blocks.5.attn.v.weight	75.43370819091797
1500	0	2250	blocks.5.attn.proj.weight	47.61370086669922
1500	0	2250	blocks.5.mlp.fc.weight	165.70289611816406
1500	0	2250	blocks.5.mlp.proj.weight	55.82297134399414
1500	0	2250	blocks.6.attn.q.weight	52.580318450927734
1500	0	2250	blocks.6.attn.k.weight	69.7027587890625
1500	0	2250	blocks.6.attn.v.weight	62.75421905517578
1500	0	2250	blocks.6.attn.proj.weight	57.603118896484375
1500	0	2250	blocks.6.mlp.fc.weight	129.63717651367188
1500	0	2250	blocks.6.mlp.proj.weight	56.31797409057617
1500	0	2250	blocks.7.attn.q.weight	55.44745635986328
1500	0	2250	blocks.7.attn.k.weight	47.369041442871094
1500	0	2250	blocks.7.attn.v.weight	62.33767318725586
1500	0	2250	blocks.7.attn.proj.weight	73.0936050415039
1500	0	2250	blocks.7.mlp.fc.weight	130.2118682861328
1500	0	2250	blocks.7.mlp.proj.weight	84.59451293945312
1500	0	2250	blocks.8.attn.q.weight	46.39997863769531
1500	0	2250	blocks.8.attn.k.weight	70.76858520507812
1500	0	2250	blocks.8.attn.v.weight	79.75946807861328
1500	0	2250	blocks.8.attn.proj.weight	57.43892288208008
1500	0	2250	blocks.8.mlp.fc.weight	166.77415466308594
1500	0	2250	blocks.8.mlp.proj.weight	66.83012390136719
1500	0	2250	blocks.9.attn.q.weight	68.97398376464844
1500	0	2250	blocks.9.attn.k.weight	54.05154037475586
1500	0	2250	blocks.9.attn.v.weight	67.21289825439453
1500	0	2250	blocks.9.attn.proj.weight	68.37049102783203
1500	0	2250	blocks.9.mlp.fc.weight	165.8112335205078
1500	0	2250	blocks.9.mlp.proj.weight	58.08102798461914
1500	0	2250	blocks.10.attn.q.weight	70.12787628173828
1500	0	2250	blocks.10.attn.k.weight	53.825199127197266
1500	0	2250	blocks.10.attn.v.weight	85.61219024658203
1500	0	2250	blocks.10.attn.proj.weight	54.6478157043457
1500	0	2250	blocks.10.mlp.fc.weight	112.3656005859375
1500	0	2250	blocks.10.mlp.proj.weight	58.6842155456543
1500	0	2250	blocks.11.attn.q.weight	45.62248229980469
1500	0	2250	blocks.11.attn.k.weight	69.45093536376953
1500	0	2250	blocks.11.attn.v.weight	71.78082275390625
1500	0	2250	blocks.11.attn.proj.weight	64.5495376586914
1500	0	2250	blocks.11.mlp.fc.weight	162.5831756591797
1500	0	2250	blocks.11.mlp.proj.weight	68.33633422851562
1500	1	1750	blocks.0.attn.q.weight	68.01742553710938
1500	1	1750	blocks.0.attn.k.weight	67.2309341430664
1500	1	1750	blocks.0.attn.v.weight	64.35752868652344
1500	1	1750	blocks.0.attn.proj.weight	50.284080505371094
1500	1	1750	blocks.0.mlp.fc.weight	142.3266143798828
1500	1	1750	blocks.0.mlp.proj.weight	56.32979965209961
1500	1	1750	blocks.1.attn.q.weight	52.98761749267578
1500	1	1750	blocks.1.attn.k.weight	51.61376190185547
1500	1	1750	blocks.1.attn.v.weight	63.13536071777344
1500	1	1750	blocks.1.attn.proj.weight	46.403812408447266
1500	1	1750	blocks.1.mlp.fc.weight	126.54434967041016
1500	1	1750	blocks.1.mlp.proj.weight	59.2230224609375
1500	1	1750	blocks.2.attn.q.weight	66.46205139160156
1500	1	1750	blocks.2.attn.k.weight	55.423954010009766
1500	1	1750	blocks.2.attn.v.weight	52.35417938232422
1500	1	1750	blocks.2.attn.proj.weight	50.201988220214844
1500	1	1750	blocks.2.mlp.fc.weight	127.8437271118164
1500	1	1750	blocks.2.mlp.proj.weight	76.88500213623047
1500	1	1750	blocks.3.attn.q.weight	53.89456558227539
1500	1	1750	blocks.3.attn.k.weight	55.49673843383789
1500	1	1750	blocks.3.attn.v.weight	54.98688507080078
1500	1	1750	blocks.3.attn.proj.weight	62.97252655029297
1500	1	1750	blocks.3.mlp.fc.weight	127.74384307861328
1500	1	1750	blocks.3.mlp.proj.weight	77.134033203125
1500	1	1750	blocks.4.attn.q.weight	54.2334098815918
1500	1	1750	blocks.4.attn.k.weight	65.37762451171875
1500	1	1750	blocks.4.attn.v.weight	61.34330749511719
1500	1	1750	blocks.4.attn.proj.weight	53.125152587890625
1500	1	1750	blocks.4.mlp.fc.weight	151.97569274902344
1500	1	1750	blocks.4.mlp.proj.weight	60.54046630859375
1500	1	1750	blocks.5.attn.q.weight	51.05440902709961
1500	1	1750	blocks.5.attn.k.weight	54.06533432006836
1500	1	1750	blocks.5.attn.v.weight	58.33916091918945
1500	1	1750	blocks.5.attn.proj.weight	58.7391357421875
1500	1	1750	blocks.5.mlp.fc.weight	121.897216796875
1500	1	1750	blocks.5.mlp.proj.weight	64.7957534790039
1500	1	1750	blocks.6.attn.q.weight	63.263282775878906
1500	1	1750	blocks.6.attn.k.weight	50.989681243896484
1500	1	1750	blocks.6.attn.v.weight	67.75678253173828
1500	1	1750	blocks.6.attn.proj.weight	62.366275787353516
1500	1	1750	blocks.6.mlp.fc.weight	153.20889282226562
1500	1	1750	blocks.6.mlp.proj.weight	65.3531723022461
1500	1	1750	blocks.7.attn.q.weight	65.4891586303711
1500	1	1750	blocks.7.attn.k.weight	54.478084564208984
1500	1	1750	blocks.7.attn.v.weight	75.53770446777344
1500	1	1750	blocks.7.attn.proj.weight	56.23312759399414
1500	1	1750	blocks.7.mlp.fc.weight	152.7132110595703
1500	1	1750	blocks.7.mlp.proj.weight	61.96711730957031
1500	1	1750	blocks.8.attn.q.weight	54.091896057128906
1500	1	1750	blocks.8.attn.k.weight	51.236480712890625
1500	1	1750	blocks.8.attn.v.weight	66.32901000976562
1500	1	1750	blocks.8.attn.proj.weight	73.57228088378906
1500	1	1750	blocks.8.mlp.fc.weight	122.11143493652344
1500	1	1750	blocks.8.mlp.proj.weight	79.34701538085938
1500	1	1750	blocks.9.attn.q.weight	50.21931076049805
1500	1	1750	blocks.9.attn.k.weight	65.42098999023438
1500	1	1750	blocks.9.attn.v.weight	71.26464080810547
1500	1	1750	blocks.9.attn.proj.weight	74.3211898803711
1500	1	1750	blocks.9.mlp.fc.weight	122.2225341796875
1500	1	1750	blocks.9.mlp.proj.weight	67.24435424804688
1500	1	1750	blocks.10.attn.q.weight	50.090110778808594
1500	1	1750	blocks.10.attn.k.weight	64.51873016357422
1500	1	1750	blocks.10.attn.v.weight	69.29142761230469
1500	1	1750	blocks.10.attn.proj.weight	66.71238708496094
1500	1	1750	blocks.10.mlp.fc.weight	129.27392578125
1500	1	1750	blocks.10.mlp.proj.weight	67.6518783569336
1500	1	1750	blocks.11.attn.q.weight	54.185935974121094
1500	1	1750	blocks.11.attn.k.weight	50.200828552246094
1500	1	1750	blocks.11.attn.v.weight	77.80835723876953
1500	1	1750	blocks.11.attn.proj.weight	70.43109893798828
1500	1	1750	blocks.11.mlp.fc.weight	119.48541259765625
1500	1	1750	blocks.11.mlp.proj.weight	81.43791198730469
1500	1	1875	blocks.0.attn.q.weight	70.82926940917969
1500	1	1875	blocks.0.attn.k.weight	70.13572692871094
1500	1	1875	blocks.0.attn.v.weight	66.50756072998047
1500	1	1875	blocks.0.attn.proj.weight	50.01955795288086
1500	1	1875	blocks.0.mlp.fc.weight	148.37986755371094
1500	1	1875	blocks.0.mlp.proj.weight	54.77195739746094
1500	1	1875	blocks.1.attn.q.weight	51.82472610473633
1500	1	1875	blocks.1.attn.k.weight	50.474945068359375
1500	1	1875	blocks.1.attn.v.weight	65.69757080078125
1500	1	1875	blocks.1.attn.proj.weight	44.94242858886719
1500	1	1875	blocks.1.mlp.fc.weight	127.07179260253906
1500	1	1875	blocks.1.mlp.proj.weight	57.693233489990234
1500	1	1875	blocks.2.attn.q.weight	68.9666748046875
1500	1	1875	blocks.2.attn.k.weight	55.46713638305664
1500	1	1875	blocks.2.attn.v.weight	51.9259033203125
1500	1	1875	blocks.2.attn.proj.weight	49.632083892822266
1500	1	1875	blocks.2.mlp.fc.weight	128.34744262695312
1500	1	1875	blocks.2.mlp.proj.weight	79.83590698242188
1500	1	1875	blocks.3.attn.q.weight	54.1981201171875
1500	1	1875	blocks.3.attn.k.weight	55.78276062011719
1500	1	1875	blocks.3.attn.v.weight	54.34486389160156
1500	1	1875	blocks.3.attn.proj.weight	64.62068939208984
1500	1	1875	blocks.3.mlp.fc.weight	128.1721649169922
1500	1	1875	blocks.3.mlp.proj.weight	80.03730773925781
1500	1	1875	blocks.4.attn.q.weight	54.38581085205078
1500	1	1875	blocks.4.attn.k.weight	67.83509826660156
1500	1	1875	blocks.4.attn.v.weight	61.83930587768555
1500	1	1875	blocks.4.attn.proj.weight	51.945106506347656
1500	1	1875	blocks.4.mlp.fc.weight	158.3144989013672
1500	1	1875	blocks.4.mlp.proj.weight	58.89317321777344
1500	1	1875	blocks.5.attn.q.weight	49.722171783447266
1500	1	1875	blocks.5.attn.k.weight	54.26358413696289
1500	1	1875	blocks.5.attn.v.weight	57.29584503173828
1500	1	1875	blocks.5.attn.proj.weight	59.2573127746582
1500	1	1875	blocks.5.mlp.fc.weight	118.90243530273438
1500	1	1875	blocks.5.mlp.proj.weight	64.9587173461914
1500	1	1875	blocks.6.attn.q.weight	65.5595474243164
1500	1	1875	blocks.6.attn.k.weight	49.619319915771484
1500	1	1875	blocks.6.attn.v.weight	67.84844207763672
1500	1	1875	blocks.6.attn.proj.weight	62.36276626586914
1500	1	1875	blocks.6.mlp.fc.weight	159.37220764160156
1500	1	1875	blocks.6.mlp.proj.weight	65.46743774414062
1500	1	1875	blocks.7.attn.q.weight	68.04654693603516
1500	1	1875	blocks.7.attn.k.weight	54.64854049682617
1500	1	1875	blocks.7.attn.v.weight	77.97781372070312
1500	1	1875	blocks.7.attn.proj.weight	54.41523361206055
1500	1	1875	blocks.7.mlp.fc.weight	159.04559326171875
1500	1	1875	blocks.7.mlp.proj.weight	60.29692077636719
1500	1	1875	blocks.8.attn.q.weight	54.335350036621094
1500	1	1875	blocks.8.attn.k.weight	49.91108703613281
1500	1	1875	blocks.8.attn.v.weight	64.6700668334961
1500	1	1875	blocks.8.attn.proj.weight	75.78926849365234
1500	1	1875	blocks.8.mlp.fc.weight	119.0709228515625
1500	1	1875	blocks.8.mlp.proj.weight	82.35650634765625
1500	1	1875	blocks.9.attn.q.weight	48.91065216064453
1500	1	1875	blocks.9.attn.k.weight	68.01557159423828
1500	1	1875	blocks.9.attn.v.weight	70.47096252441406
1500	1	1875	blocks.9.attn.proj.weight	76.06822967529297
1500	1	1875	blocks.9.mlp.fc.weight	119.20326232910156
1500	1	1875	blocks.9.mlp.proj.weight	67.40680694580078
1500	1	1875	blocks.10.attn.q.weight	48.65876770019531
1500	1	1875	blocks.10.attn.k.weight	67.08671569824219
1500	1	1875	blocks.10.attn.v.weight	68.2227783203125
1500	1	1875	blocks.10.attn.proj.weight	67.23461151123047
1500	1	1875	blocks.10.mlp.fc.weight	129.5574951171875
1500	1	1875	blocks.10.mlp.proj.weight	67.7413101196289
1500	1	1875	blocks.11.attn.q.weight	54.47728729248047
1500	1	1875	blocks.11.attn.k.weight	48.86259460449219
1500	1	1875	blocks.11.attn.v.weight	78.7777328491211
1500	1	1875	blocks.11.attn.proj.weight	71.4314956665039
1500	1	1875	blocks.11.mlp.fc.weight	116.38521575927734
1500	1	1875	blocks.11.mlp.proj.weight	84.65421295166016
1500	1	2000	blocks.0.attn.q.weight	72.4434814453125
1500	1	2000	blocks.0.attn.k.weight	71.76683044433594
1500	1	2000	blocks.0.attn.v.weight	67.69573211669922
1500	1	2000	blocks.0.attn.proj.weight	49.979347229003906
1500	1	2000	blocks.0.mlp.fc.weight	151.80728149414062
1500	1	2000	blocks.0.mlp.proj.weight	53.514625549316406
1500	1	2000	blocks.1.attn.q.weight	50.78802490234375
1500	1	2000	blocks.1.attn.k.weight	49.48383331298828
1500	1	2000	blocks.1.attn.v.weight	67.13992309570312
1500	1	2000	blocks.1.attn.proj.weight	43.849918365478516
1500	1	2000	blocks.1.mlp.fc.weight	127.4427719116211
1500	1	2000	blocks.1.mlp.proj.weight	56.42172622680664
1500	1	2000	blocks.2.attn.q.weight	70.32269287109375
1500	1	2000	blocks.2.attn.k.weight	55.5841064453125
1500	1	2000	blocks.2.attn.v.weight	51.46072006225586
1500	1	2000	blocks.2.attn.proj.weight	49.06391525268555
1500	1	2000	blocks.2.mlp.fc.weight	128.7892608642578
1500	1	2000	blocks.2.mlp.proj.weight	81.40847778320312
1500	1	2000	blocks.3.attn.q.weight	54.37572479248047
1500	1	2000	blocks.3.attn.k.weight	56.01426315307617
1500	1	2000	blocks.3.attn.v.weight	54.0577278137207
1500	1	2000	blocks.3.attn.proj.weight	65.51789093017578
1500	1	2000	blocks.3.mlp.fc.weight	128.57044982910156
1500	1	2000	blocks.3.mlp.proj.weight	81.57611846923828
1500	1	2000	blocks.4.attn.q.weight	54.49935531616211
1500	1	2000	blocks.4.attn.k.weight	69.11515045166016
1500	1	2000	blocks.4.attn.v.weight	62.11561965942383
1500	1	2000	blocks.4.attn.proj.weight	50.9078369140625
1500	1	2000	blocks.4.mlp.fc.weight	161.92857360839844
1500	1	2000	blocks.4.mlp.proj.weight	57.52947998046875
1500	1	2000	blocks.5.attn.q.weight	48.580535888671875
1500	1	2000	blocks.5.attn.k.weight	54.358543395996094
1500	1	2000	blocks.5.attn.v.weight	56.30591583251953
1500	1	2000	blocks.5.attn.proj.weight	59.454681396484375
1500	1	2000	blocks.5.mlp.fc.weight	116.31317901611328
1500	1	2000	blocks.5.mlp.proj.weight	65.08183288574219
1500	1	2000	blocks.6.attn.q.weight	66.84247589111328
1500	1	2000	blocks.6.attn.k.weight	48.50706481933594
1500	1	2000	blocks.6.attn.v.weight	67.5949935913086
1500	1	2000	blocks.6.attn.proj.weight	62.076717376708984
1500	1	2000	blocks.6.mlp.fc.weight	162.95350646972656
1500	1	2000	blocks.6.mlp.proj.weight	65.60250091552734
1500	1	2000	blocks.7.attn.q.weight	69.34539031982422
1500	1	2000	blocks.7.attn.k.weight	54.772159576416016
1500	1	2000	blocks.7.attn.v.weight	79.30843353271484
1500	1	2000	blocks.7.attn.proj.weight	52.96131896972656
1500	1	2000	blocks.7.mlp.fc.weight	162.63894653320312
1500	1	2000	blocks.7.mlp.proj.weight	58.91596984863281
1500	1	2000	blocks.8.attn.q.weight	54.451358795166016
1500	1	2000	blocks.8.attn.k.weight	48.80012893676758
1500	1	2000	blocks.8.attn.v.weight	63.221317291259766
1500	1	2000	blocks.8.attn.proj.weight	76.85961151123047
1500	1	2000	blocks.8.mlp.fc.weight	116.47261047363281
1500	1	2000	blocks.8.mlp.proj.weight	83.92696380615234
1500	1	2000	blocks.9.attn.q.weight	47.88962936401367
1500	1	2000	blocks.9.attn.k.weight	69.42756652832031
1500	1	2000	blocks.9.attn.v.weight	69.95037078857422
1500	1	2000	blocks.9.attn.proj.weight	77.1511001586914
1500	1	2000	blocks.9.mlp.fc.weight	116.56266784667969
1500	1	2000	blocks.9.mlp.proj.weight	67.46080780029297
1500	1	2000	blocks.10.attn.q.weight	47.50246810913086
1500	1	2000	blocks.10.attn.k.weight	68.3158950805664
1500	1	2000	blocks.10.attn.v.weight	67.20526123046875
1500	1	2000	blocks.10.attn.proj.weight	67.46888732910156
1500	1	2000	blocks.10.mlp.fc.weight	129.7303466796875
1500	1	2000	blocks.10.mlp.proj.weight	67.80674743652344
1500	1	2000	blocks.11.attn.q.weight	54.64185333251953
1500	1	2000	blocks.11.attn.k.weight	47.728633880615234
1500	1	2000	blocks.11.attn.v.weight	79.4329833984375
1500	1	2000	blocks.11.attn.proj.weight	72.07675170898438
1500	1	2000	blocks.11.mlp.fc.weight	113.79261016845703
1500	1	2000	blocks.11.mlp.proj.weight	86.3581771850586
1500	1	2125	blocks.0.attn.q.weight	73.37910461425781
1500	1	2125	blocks.0.attn.k.weight	72.81640625
1500	1	2125	blocks.0.attn.v.weight	68.33404541015625
1500	1	2125	blocks.0.attn.proj.weight	49.98902130126953
1500	1	2125	blocks.0.mlp.fc.weight	153.8072967529297
1500	1	2125	blocks.0.mlp.proj.weight	52.50357437133789
1500	1	2125	blocks.1.attn.q.weight	49.941017150878906
1500	1	2125	blocks.1.attn.k.weight	48.66037368774414
1500	1	2125	blocks.1.attn.v.weight	67.94532775878906
1500	1	2125	blocks.1.attn.proj.weight	43.01298904418945
1500	1	2125	blocks.1.mlp.fc.weight	127.74657440185547
1500	1	2125	blocks.1.mlp.proj.weight	55.37916946411133
1500	1	2125	blocks.2.attn.q.weight	71.06140899658203
1500	1	2125	blocks.2.attn.k.weight	55.64391326904297
1500	1	2125	blocks.2.attn.v.weight	50.99209213256836
1500	1	2125	blocks.2.attn.proj.weight	48.52633285522461
1500	1	2125	blocks.2.mlp.fc.weight	129.22073364257812
1500	1	2125	blocks.2.mlp.proj.weight	82.3121566772461
1500	1	2125	blocks.3.attn.q.weight	54.58765411376953
1500	1	2125	blocks.3.attn.k.weight	56.172096252441406
1500	1	2125	blocks.3.attn.v.weight	53.93265151977539
1500	1	2125	blocks.3.attn.proj.weight	66.08500671386719
1500	1	2125	blocks.3.mlp.fc.weight	128.94309997558594
1500	1	2125	blocks.3.mlp.proj.weight	82.43461608886719
1500	1	2125	blocks.4.attn.q.weight	54.5771598815918
1500	1	2125	blocks.4.attn.k.weight	69.81022644042969
1500	1	2125	blocks.4.attn.v.weight	62.184932708740234
1500	1	2125	blocks.4.attn.proj.weight	50.00099182128906
1500	1	2125	blocks.4.mlp.fc.weight	164.0832977294922
1500	1	2125	blocks.4.mlp.proj.weight	56.39141845703125
1500	1	2125	blocks.5.attn.q.weight	47.66984558105469
1500	1	2125	blocks.5.attn.k.weight	54.4666862487793
1500	1	2125	blocks.5.attn.v.weight	55.42533874511719
1500	1	2125	blocks.5.attn.proj.weight	59.539554595947266
1500	1	2125	blocks.5.mlp.fc.weight	114.06082916259766
1500	1	2125	blocks.5.mlp.proj.weight	65.16352844238281
1500	1	2125	blocks.6.attn.q.weight	67.50968170166016
1500	1	2125	blocks.6.attn.k.weight	47.53519058227539
1500	1	2125	blocks.6.attn.v.weight	67.30780792236328
1500	1	2125	blocks.6.attn.proj.weight	61.7509765625
1500	1	2125	blocks.6.mlp.fc.weight	165.05140686035156
1500	1	2125	blocks.6.mlp.proj.weight	65.71317291259766
1500	1	2125	blocks.7.attn.q.weight	69.9109878540039
1500	1	2125	blocks.7.attn.k.weight	54.78240966796875
1500	1	2125	blocks.7.attn.v.weight	79.97724914550781
1500	1	2125	blocks.7.attn.proj.weight	51.796878814697266
1500	1	2125	blocks.7.mlp.fc.weight	164.63113403320312
1500	1	2125	blocks.7.mlp.proj.weight	57.74753952026367
1500	1	2125	blocks.8.attn.q.weight	54.46870040893555
1500	1	2125	blocks.8.attn.k.weight	47.84189224243164
1500	1	2125	blocks.8.attn.v.weight	61.939231872558594
1500	1	2125	blocks.8.attn.proj.weight	77.2904281616211
1500	1	2125	blocks.8.mlp.fc.weight	114.2868423461914
1500	1	2125	blocks.8.mlp.proj.weight	84.74934387207031
1500	1	2125	blocks.9.attn.q.weight	46.986366271972656
1500	1	2125	blocks.9.attn.k.weight	70.02322387695312
1500	1	2125	blocks.9.attn.v.weight	69.49807739257812
1500	1	2125	blocks.9.attn.proj.weight	77.69235229492188
1500	1	2125	blocks.9.mlp.fc.weight	114.30677032470703
1500	1	2125	blocks.9.mlp.proj.weight	67.48041534423828
1500	1	2125	blocks.10.attn.q.weight	46.55465316772461
1500	1	2125	blocks.10.attn.k.weight	68.94105529785156
1500	1	2125	blocks.10.attn.v.weight	66.21319580078125
1500	1	2125	blocks.10.attn.proj.weight	67.46436309814453
1500	1	2125	blocks.10.mlp.fc.weight	129.79730224609375
1500	1	2125	blocks.10.mlp.proj.weight	67.8208236694336
1500	1	2125	blocks.11.attn.q.weight	54.728511810302734
1500	1	2125	blocks.11.attn.k.weight	46.774627685546875
1500	1	2125	blocks.11.attn.v.weight	79.69763946533203
1500	1	2125	blocks.11.attn.proj.weight	72.36931610107422
1500	1	2125	blocks.11.mlp.fc.weight	111.65522003173828
1500	1	2125	blocks.11.mlp.proj.weight	87.26345825195312
1500	1	2250	blocks.0.attn.q.weight	73.80532836914062
1500	1	2250	blocks.0.attn.k.weight	73.33295440673828
1500	1	2250	blocks.0.attn.v.weight	68.47994232177734
1500	1	2250	blocks.0.attn.proj.weight	49.94889450073242
1500	1	2250	blocks.0.mlp.fc.weight	154.77386474609375
1500	1	2250	blocks.0.mlp.proj.weight	51.654258728027344
1500	1	2250	blocks.1.attn.q.weight	49.22208023071289
1500	1	2250	blocks.1.attn.k.weight	47.941287994384766
1500	1	2250	blocks.1.attn.v.weight	68.26728820800781
1500	1	2250	blocks.1.attn.proj.weight	42.31449890136719
1500	1	2250	blocks.1.mlp.fc.weight	127.86272430419922
1500	1	2250	blocks.1.mlp.proj.weight	54.4842414855957
1500	1	2250	blocks.2.attn.q.weight	71.43988800048828
1500	1	2250	blocks.2.attn.k.weight	55.658470153808594
1500	1	2250	blocks.2.attn.v.weight	50.52220153808594
1500	1	2250	blocks.2.attn.proj.weight	47.999351501464844
1500	1	2250	blocks.2.mlp.fc.weight	129.45228576660156
1500	1	2250	blocks.2.mlp.proj.weight	82.77641296386719
1500	1	2250	blocks.3.attn.q.weight	54.658912658691406
1500	1	2250	blocks.3.attn.k.weight	56.30744552612305
1500	1	2250	blocks.3.attn.v.weight	53.932952880859375
1500	1	2250	blocks.3.attn.proj.weight	66.3907699584961
1500	1	2250	blocks.3.mlp.fc.weight	129.15699768066406
1500	1	2250	blocks.3.mlp.proj.weight	82.83438110351562
1500	1	2250	blocks.4.attn.q.weight	54.57346725463867
1500	1	2250	blocks.4.attn.k.weight	70.08296966552734
1500	1	2250	blocks.4.attn.v.weight	62.11373519897461
1500	1	2250	blocks.4.attn.proj.weight	49.18703079223633
1500	1	2250	blocks.4.mlp.fc.weight	165.13754272460938
1500	1	2250	blocks.4.mlp.proj.weight	55.42534637451172
1500	1	2250	blocks.5.attn.q.weight	46.85814666748047
1500	1	2250	blocks.5.attn.k.weight	54.48963165283203
1500	1	2250	blocks.5.attn.v.weight	54.59868621826172
1500	1	2250	blocks.5.attn.proj.weight	59.470523834228516
1500	1	2250	blocks.5.mlp.fc.weight	112.11029052734375
1500	1	2250	blocks.5.mlp.proj.weight	65.18659210205078
1500	1	2250	blocks.6.attn.q.weight	67.76676177978516
1500	1	2250	blocks.6.attn.k.weight	46.73111343383789
1500	1	2250	blocks.6.attn.v.weight	66.95068359375
1500	1	2250	blocks.6.attn.proj.weight	61.389530181884766
1500	1	2250	blocks.6.mlp.fc.weight	166.2177734375
1500	1	2250	blocks.6.mlp.proj.weight	65.80042266845703
1500	1	2250	blocks.7.attn.q.weight	70.1439208984375
1500	1	2250	blocks.7.attn.k.weight	54.772422790527344
1500	1	2250	blocks.7.attn.v.weight	80.33995819091797
1500	1	2250	blocks.7.attn.proj.weight	50.86369705200195
1500	1	2250	blocks.7.mlp.fc.weight	165.75486755371094
1500	1	2250	blocks.7.mlp.proj.weight	56.755130767822266
1500	1	2250	blocks.8.attn.q.weight	54.51902770996094
1500	1	2250	blocks.8.attn.k.weight	47.04057312011719
1500	1	2250	blocks.8.attn.v.weight	60.81692123413086
1500	1	2250	blocks.8.attn.proj.weight	77.44865417480469
1500	1	2250	blocks.8.mlp.fc.weight	112.45098876953125
1500	1	2250	blocks.8.mlp.proj.weight	85.22454833984375
1500	1	2250	blocks.9.attn.q.weight	46.254783630371094
1500	1	2250	blocks.9.attn.k.weight	70.3082275390625
1500	1	2250	blocks.9.attn.v.weight	69.14990997314453
1500	1	2250	blocks.9.attn.proj.weight	77.97885131835938
1500	1	2250	blocks.9.mlp.fc.weight	112.39495086669922
1500	1	2250	blocks.9.mlp.proj.weight	67.48283386230469
1500	1	2250	blocks.10.attn.q.weight	45.752418518066406
1500	1	2250	blocks.10.attn.k.weight	69.26610565185547
1500	1	2250	blocks.10.attn.v.weight	65.25589752197266
1500	1	2250	blocks.10.attn.proj.weight	67.28411865234375
1500	1	2250	blocks.10.mlp.fc.weight	129.8865203857422
1500	1	2250	blocks.10.mlp.proj.weight	67.83163452148438
1500	1	2250	blocks.11.attn.q.weight	54.743717193603516
1500	1	2250	blocks.11.attn.k.weight	46.000831604003906
1500	1	2250	blocks.11.attn.v.weight	79.91422271728516
1500	1	2250	blocks.11.attn.proj.weight	72.65401458740234
1500	1	2250	blocks.11.mlp.fc.weight	109.80154418945312
1500	1	2250	blocks.11.mlp.proj.weight	87.78472900390625
1500	2	1750	blocks.0.attn.q.weight	54.0101318359375
1500	2	1750	blocks.0.attn.k.weight	53.33924102783203
1500	2	1750	blocks.0.attn.v.weight	49.96017837524414
1500	2	1750	blocks.0.attn.proj.weight	62.35887908935547
1500	2	1750	blocks.0.mlp.fc.weight	111.31068420410156
1500	2	1750	blocks.0.mlp.proj.weight	60.26383590698242
1500	2	1750	blocks.1.attn.q.weight	55.54200744628906
1500	2	1750	blocks.1.attn.k.weight	54.119911193847656
1500	2	1750	blocks.1.attn.v.weight	49.409690856933594
1500	2	1750	blocks.1.attn.proj.weight	52.48834228515625
1500	2	1750	blocks.1.mlp.fc.weight	151.16212463378906
1500	2	1750	blocks.1.mlp.proj.weight	63.117713928222656
1500	2	1750	blocks.2.attn.q.weight	52.523929595947266
1500	2	1750	blocks.2.attn.k.weight	66.37854766845703
1500	2	1750	blocks.2.attn.v.weight	54.33953857421875
1500	2	1750	blocks.2.attn.proj.weight	52.09028244018555
1500	2	1750	blocks.2.mlp.fc.weight	151.0511932373047
1500	2	1750	blocks.2.mlp.proj.weight	59.684871673583984
1500	2	1750	blocks.3.attn.q.weight	64.34184265136719
1500	2	1750	blocks.3.attn.k.weight	66.11006164550781
1500	2	1750	blocks.3.attn.v.weight	68.2466812133789
1500	2	1750	blocks.3.attn.proj.weight	49.89561462402344
1500	2	1750	blocks.3.mlp.fc.weight	151.7394256591797
1500	2	1750	blocks.3.mlp.proj.weight	60.24039840698242
1500	2	1750	blocks.4.attn.q.weight	65.4664306640625
1500	2	1750	blocks.4.attn.k.weight	51.65814971923828
1500	2	1750	blocks.4.attn.v.weight	70.08109283447266
1500	2	1750	blocks.4.attn.proj.weight	54.14997482299805
1500	2	1750	blocks.4.mlp.fc.weight	121.52859497070312
1500	2	1750	blocks.4.mlp.proj.weight	64.5324935913086
1500	2	1750	blocks.5.attn.q.weight	54.59006881713867
1500	2	1750	blocks.5.attn.k.weight	65.28740692138672
1500	2	1750	blocks.5.attn.v.weight	59.01380920410156
1500	2	1750	blocks.5.attn.proj.weight	65.7984390258789
1500	2	1750	blocks.5.mlp.fc.weight	128.9980926513672
1500	2	1750	blocks.5.mlp.proj.weight	78.10346221923828
1500	2	1750	blocks.6.attn.q.weight	49.439239501953125
1500	2	1750	blocks.6.attn.k.weight	54.96981430053711
1500	2	1750	blocks.6.attn.v.weight	72.42000579833984
1500	2	1750	blocks.6.attn.proj.weight	66.87223052978516
1500	2	1750	blocks.6.mlp.fc.weight	121.05601501464844
1500	2	1750	blocks.6.mlp.proj.weight	78.20100402832031
1500	2	1750	blocks.7.attn.q.weight	50.3689079284668
1500	2	1750	blocks.7.attn.k.weight	65.3067626953125
1500	2	1750	blocks.7.attn.v.weight	63.22453308105469
1500	2	1750	blocks.7.attn.proj.weight	62.58311462402344
1500	2	1750	blocks.7.mlp.fc.weight	121.6766586303711
1500	2	1750	blocks.7.mlp.proj.weight	65.88697052001953
1500	2	1750	blocks.8.attn.q.weight	64.44762420654297
1500	2	1750	blocks.8.attn.k.weight	54.12625503540039
1500	2	1750	blocks.8.attn.v.weight	70.86092376708984
1500	2	1750	blocks.8.attn.proj.weight	60.523258209228516
1500	2	1750	blocks.8.mlp.fc.weight	129.30194091796875
1500	2	1750	blocks.8.mlp.proj.weight	62.72007369995117
1500	2	1750	blocks.9.attn.q.weight	53.870933532714844
1500	2	1750	blocks.9.attn.k.weight	50.6328239440918
1500	2	1750	blocks.9.attn.v.weight	83.96454620361328
1500	2	1750	blocks.9.attn.proj.weight	62.889015197753906
1500	2	1750	blocks.9.mlp.fc.weight	129.64151000976562
1500	2	1750	blocks.9.mlp.proj.weight	80.35826110839844
1500	2	1750	blocks.10.attn.q.weight	54.575347900390625
1500	2	1750	blocks.10.attn.k.weight	50.397098541259766
1500	2	1750	blocks.10.attn.v.weight	70.21627044677734
1500	2	1750	blocks.10.attn.proj.weight	74.26295471191406
1500	2	1750	blocks.10.mlp.fc.weight	153.97312927246094
1500	2	1750	blocks.10.mlp.proj.weight	81.12372589111328
1500	2	1750	blocks.11.attn.q.weight	64.97691345214844
1500	2	1750	blocks.11.attn.k.weight	53.22464370727539
1500	2	1750	blocks.11.attn.v.weight	70.92326354980469
1500	2	1750	blocks.11.attn.proj.weight	63.664669036865234
1500	2	1750	blocks.11.mlp.fc.weight	127.03230285644531
1500	2	1750	blocks.11.mlp.proj.weight	64.78482818603516
1500	2	1875	blocks.0.attn.q.weight	52.79412841796875
1500	2	1875	blocks.0.attn.k.weight	52.18608856201172
1500	2	1875	blocks.0.attn.v.weight	48.17181396484375
1500	2	1875	blocks.0.attn.proj.weight	64.5809555053711
1500	2	1875	blocks.0.mlp.fc.weight	108.34225463867188
1500	2	1875	blocks.0.mlp.proj.weight	60.54741668701172
1500	2	1875	blocks.1.attn.q.weight	55.66545486450195
1500	2	1875	blocks.1.attn.k.weight	54.15419006347656
1500	2	1875	blocks.1.attn.v.weight	48.399627685546875
1500	2	1875	blocks.1.attn.proj.weight	53.02418518066406
1500	2	1875	blocks.1.mlp.fc.weight	157.41078186035156
1500	2	1875	blocks.1.mlp.proj.weight	63.34554672241211
1500	2	1875	blocks.2.attn.q.weight	51.109161376953125
1500	2	1875	blocks.2.attn.k.weight	68.88313293457031
1500	2	1875	blocks.2.attn.v.weight	54.56707000732422
1500	2	1875	blocks.2.attn.proj.weight	52.23215866088867
1500	2	1875	blocks.2.mlp.fc.weight	157.2576904296875
1500	2	1875	blocks.2.mlp.proj.weight	58.06575012207031
1500	2	1875	blocks.3.attn.q.weight	66.8453598022461
1500	2	1875	blocks.3.attn.k.weight	68.62843322753906
1500	2	1875	blocks.3.attn.v.weight	71.08902740478516
1500	2	1875	blocks.3.attn.proj.weight	48.33121109008789
1500	2	1875	blocks.3.mlp.fc.weight	158.05130004882812
1500	2	1875	blocks.3.mlp.proj.weight	58.62432861328125
1500	2	1875	blocks.4.attn.q.weight	68.08535766601562
1500	2	1875	blocks.4.attn.k.weight	50.34917068481445
1500	2	1875	blocks.4.attn.v.weight	72.14655303955078
1500	2	1875	blocks.4.attn.proj.weight	53.63821792602539
1500	2	1875	blocks.4.mlp.fc.weight	118.57535552978516
1500	2	1875	blocks.4.mlp.proj.weight	64.702392578125
1500	2	1875	blocks.5.attn.q.weight	54.80603790283203
1500	2	1875	blocks.5.attn.k.weight	67.91935729980469
1500	2	1875	blocks.5.attn.v.weight	58.501468658447266
1500	2	1875	blocks.5.attn.proj.weight	67.6832046508789
1500	2	1875	blocks.5.mlp.fc.weight	129.39942932128906
1500	2	1875	blocks.5.mlp.proj.weight	81.01311492919922
1500	2	1875	blocks.6.attn.q.weight	48.17626190185547
1500	2	1875	blocks.6.attn.k.weight	55.28369903564453
1500	2	1875	blocks.6.attn.v.weight	73.50548553466797
1500	2	1875	blocks.6.attn.proj.weight	67.79676055908203
1500	2	1875	blocks.6.mlp.fc.weight	117.90824890136719
1500	2	1875	blocks.6.mlp.proj.weight	81.14132690429688
1500	2	1875	blocks.7.attn.q.weight	48.961727142333984
1500	2	1875	blocks.7.attn.k.weight	67.91883850097656
1500	2	1875	blocks.7.attn.v.weight	62.085845947265625
1500	2	1875	blocks.7.attn.proj.weight	63.16596221923828
1500	2	1875	blocks.7.mlp.fc.weight	118.64203643798828
1500	2	1875	blocks.7.mlp.proj.weight	66.04060363769531
1500	2	1875	blocks.8.attn.q.weight	66.89217376708984
1500	2	1875	blocks.8.attn.k.weight	54.22926712036133
1500	2	1875	blocks.8.attn.v.weight	71.1603775024414
1500	2	1875	blocks.8.attn.proj.weight	59.33088684082031
1500	2	1875	blocks.8.mlp.fc.weight	129.6508026123047
1500	2	1875	blocks.8.mlp.proj.weight	61.072086334228516
1500	2	1875	blocks.9.attn.q.weight	54.05032730102539
1500	2	1875	blocks.9.attn.k.weight	49.30848693847656
1500	2	1875	blocks.9.attn.v.weight	86.55985260009766
1500	2	1875	blocks.9.attn.proj.weight	61.31168746948242
1500	2	1875	blocks.9.mlp.fc.weight	130.02650451660156
1500	2	1875	blocks.9.mlp.proj.weight	83.38417053222656
1500	2	1875	blocks.10.attn.q.weight	54.951107025146484
1500	2	1875	blocks.10.attn.k.weight	49.09468460083008
1500	2	1875	blocks.10.attn.v.weight	69.58735656738281
1500	2	1875	blocks.10.attn.proj.weight	76.19080352783203
1500	2	1875	blocks.10.mlp.fc.weight	160.28187561035156
1500	2	1875	blocks.10.mlp.proj.weight	84.08965301513672
1500	2	1875	blocks.11.attn.q.weight	67.46220397949219
1500	2	1875	blocks.11.attn.k.weight	53.34578323364258
1500	2	1875	blocks.11.attn.v.weight	70.29068756103516
1500	2	1875	blocks.11.attn.proj.weight	62.95291519165039
1500	2	1875	blocks.11.mlp.fc.weight	127.11103057861328
1500	2	1875	blocks.11.mlp.proj.weight	63.134727478027344
1500	2	2000	blocks.0.attn.q.weight	51.796077728271484
1500	2	2000	blocks.0.attn.k.weight	51.22126007080078
1500	2	2000	blocks.0.attn.v.weight	46.772037506103516
1500	2	2000	blocks.0.attn.proj.weight	65.88313293457031
1500	2	2000	blocks.0.mlp.fc.weight	105.92285919189453
1500	2	2000	blocks.0.mlp.proj.weight	60.83982467651367
1500	2	2000	blocks.1.attn.q.weight	55.76634979248047
1500	2	2000	blocks.1.attn.k.weight	54.2750244140625
1500	2	2000	blocks.1.attn.v.weight	47.492374420166016
1500	2	2000	blocks.1.attn.proj.weight	53.3043098449707
1500	2	2000	blocks.1.mlp.fc.weight	160.94351196289062
1500	2	2000	blocks.1.mlp.proj.weight	63.59819793701172
1500	2	2000	blocks.2.attn.q.weight	49.95988082885742
1500	2	2000	blocks.2.attn.k.weight	70.3615951538086
1500	2	2000	blocks.2.attn.v.weight	54.71147537231445
1500	2	2000	blocks.2.attn.proj.weight	52.32809829711914
1500	2	2000	blocks.2.mlp.fc.weight	160.84507751464844
1500	2	2000	blocks.2.mlp.proj.weight	56.75223159790039
1500	2	2000	blocks.3.attn.q.weight	68.08953094482422
1500	2	2000	blocks.3.attn.k.weight	69.9900131225586
1500	2	2000	blocks.3.attn.v.weight	72.76575469970703
1500	2	2000	blocks.3.attn.proj.weight	47.156246185302734
1500	2	2000	blocks.3.mlp.fc.weight	161.6334686279297
1500	2	2000	blocks.3.mlp.proj.weight	57.29421615600586
1500	2	2000	blocks.4.attn.q.weight	69.46690368652344
1500	2	2000	blocks.4.attn.k.weight	49.270118713378906
1500	2	2000	blocks.4.attn.v.weight	73.27922058105469
1500	2	2000	blocks.4.attn.proj.weight	53.39311218261719
1500	2	2000	blocks.4.mlp.fc.weight	116.05050659179688
1500	2	2000	blocks.4.mlp.proj.weight	64.83975219726562
1500	2	2000	blocks.5.attn.q.weight	54.926761627197266
1500	2	2000	blocks.5.attn.k.weight	69.2386474609375
1500	2	2000	blocks.5.attn.v.weight	58.192726135253906
1500	2	2000	blocks.5.attn.proj.weight	68.70262908935547
1500	2	2000	blocks.5.mlp.fc.weight	129.7791290283203
1500	2	2000	blocks.5.mlp.proj.weight	82.5450668334961
1500	2	2000	blocks.6.attn.q.weight	47.19979476928711
1500	2	2000	blocks.6.attn.k.weight	55.52200698852539
1500	2	2000	blocks.6.attn.v.weight	74.04846954345703
1500	2	2000	blocks.6.attn.proj.weight	68.27469635009766
1500	2	2000	blocks.6.mlp.fc.weight	115.33313751220703
1500	2	2000	blocks.6.mlp.proj.weight	82.7268295288086
1500	2	2000	blocks.7.attn.q.weight	47.79319763183594
1500	2	2000	blocks.7.attn.k.weight	69.24744415283203
1500	2	2000	blocks.7.attn.v.weight	61.015316009521484
1500	2	2000	blocks.7.attn.proj.weight	63.42267608642578
1500	2	2000	blocks.7.mlp.fc.weight	116.05584716796875
1500	2	2000	blocks.7.mlp.proj.weight	66.14366149902344
1500	2	2000	blocks.8.attn.q.weight	68.0799789428711
1500	2	2000	blocks.8.attn.k.weight	54.310482025146484
1500	2	2000	blocks.8.attn.v.weight	71.22134399414062
1500	2	2000	blocks.8.attn.proj.weight	58.2280387878418
1500	2	2000	blocks.8.mlp.fc.weight	129.90090942382812
1500	2	2000	blocks.8.mlp.proj.weight	59.6619758605957
1500	2	2000	blocks.9.attn.q.weight	54.29707717895508
1500	2	2000	blocks.9.attn.k.weight	48.23015213012695
1500	2	2000	blocks.9.attn.v.weight	88.14380645751953
1500	2	2000	blocks.9.attn.proj.weight	60.036468505859375
1500	2	2000	blocks.9.mlp.fc.weight	130.352783203125
1500	2	2000	blocks.9.mlp.proj.weight	84.93030548095703
1500	2	2000	blocks.10.attn.q.weight	55.24293518066406
1500	2	2000	blocks.10.attn.k.weight	48.029029846191406
1500	2	2000	blocks.10.attn.v.weight	69.0916748046875
1500	2	2000	blocks.10.attn.proj.weight	77.21746063232422
1500	2	2000	blocks.10.mlp.fc.weight	164.08482360839844
1500	2	2000	blocks.10.mlp.proj.weight	85.74237060546875
1500	2	2000	blocks.11.attn.q.weight	68.75292205810547
1500	2	2000	blocks.11.attn.k.weight	53.3908576965332
1500	2	2000	blocks.11.attn.v.weight	69.63034057617188
1500	2	2000	blocks.11.attn.proj.weight	62.1998176574707
1500	2	2000	blocks.11.mlp.fc.weight	127.15391540527344
1500	2	2000	blocks.11.mlp.proj.weight	61.7181282043457
1500	2	2125	blocks.0.attn.q.weight	50.912445068359375
1500	2	2125	blocks.0.attn.k.weight	50.36332702636719
1500	2	2125	blocks.0.attn.v.weight	45.693111419677734
1500	2	2125	blocks.0.attn.proj.weight	66.59605407714844
1500	2	2125	blocks.0.mlp.fc.weight	103.9058609008789
1500	2	2125	blocks.0.mlp.proj.weight	61.04563903808594
1500	2	2125	blocks.1.attn.q.weight	55.80086135864258
1500	2	2125	blocks.1.attn.k.weight	54.3044548034668
1500	2	2125	blocks.1.attn.v.weight	46.74798583984375
1500	2	2125	blocks.1.attn.proj.weight	53.47349548339844
1500	2	2125	blocks.1.mlp.fc.weight	162.9473114013672
1500	2	2125	blocks.1.mlp.proj.weight	63.803829193115234
1500	2	2125	blocks.2.attn.q.weight	48.98258590698242
1500	2	2125	blocks.2.attn.k.weight	71.06743621826172
1500	2	2125	blocks.2.attn.v.weight	54.79547119140625
1500	2	2125	blocks.2.attn.proj.weight	52.38092803955078
1500	2	2125	blocks.2.mlp.fc.weight	163.03878784179688
1500	2	2125	blocks.2.mlp.proj.weight	55.66621780395508
1500	2	2125	blocks.3.attn.q.weight	68.70311737060547
1500	2	2125	blocks.3.attn.k.weight	70.68989562988281
1500	2	2125	blocks.3.attn.v.weight	73.6694107055664
1500	2	2125	blocks.3.attn.proj.weight	46.2489128112793
1500	2	2125	blocks.3.mlp.fc.weight	163.71807861328125
1500	2	2125	blocks.3.mlp.proj.weight	56.18753433227539
1500	2	2125	blocks.4.attn.q.weight	70.24307250976562
1500	2	2125	blocks.4.attn.k.weight	48.3842658996582
1500	2	2125	blocks.4.attn.v.weight	73.81086730957031
1500	2	2125	blocks.4.attn.proj.weight	53.21018981933594
1500	2	2125	blocks.4.mlp.fc.weight	113.840576171875
1500	2	2125	blocks.4.mlp.proj.weight	64.91653442382812
1500	2	2125	blocks.5.attn.q.weight	55.00093078613281
1500	2	2125	blocks.5.attn.k.weight	69.9335708618164
1500	2	2125	blocks.5.attn.v.weight	57.99604415893555
1500	2	2125	blocks.5.attn.proj.weight	69.28143310546875
1500	2	2125	blocks.5.mlp.fc.weight	130.05520629882812
1500	2	2125	blocks.5.mlp.proj.weight	83.3425064086914
1500	2	2125	blocks.6.attn.q.weight	46.33973693847656
1500	2	2125	blocks.6.attn.k.weight	55.62543487548828
1500	2	2125	blocks.6.attn.v.weight	74.39601135253906
1500	2	2125	blocks.6.attn.proj.weight	68.57315063476562
1500	2	2125	blocks.6.mlp.fc.weight	113.16925048828125
1500	2	2125	blocks.6.mlp.proj.weight	83.51295471191406
1500	2	2125	blocks.7.attn.q.weight	46.86893081665039
1500	2	2125	blocks.7.attn.k.weight	69.8634033203125
1500	2	2125	blocks.7.attn.v.weight	59.979732513427734
1500	2	2125	blocks.7.attn.proj.weight	63.41521453857422
1500	2	2125	blocks.7.mlp.fc.weight	113.81986236572266
1500	2	2125	blocks.7.mlp.proj.weight	66.16650390625
1500	2	2125	blocks.8.attn.q.weight	68.63678741455078
1500	2	2125	blocks.8.attn.k.weight	54.34198760986328
1500	2	2125	blocks.8.attn.v.weight	71.00550842285156
1500	2	2125	blocks.8.attn.proj.weight	57.17332458496094
1500	2	2125	blocks.8.mlp.fc.weight	129.9857177734375
1500	2	2125	blocks.8.mlp.proj.weight	58.45771789550781
1500	2	2125	blocks.9.attn.q.weight	54.35867691040039
1500	2	2125	blocks.9.attn.k.weight	47.324649810791016
1500	2	2125	blocks.9.attn.v.weight	88.7674331665039
1500	2	2125	blocks.9.attn.proj.weight	58.89085388183594
1500	2	2125	blocks.9.mlp.fc.weight	130.587158203125
1500	2	2125	blocks.9.mlp.proj.weight	85.70043182373047
1500	2	2125	blocks.10.attn.q.weight	55.34629821777344
1500	2	2125	blocks.10.attn.k.weight	47.10004425048828
1500	2	2125	blocks.10.attn.v.weight	68.67789459228516
1500	2	2125	blocks.10.attn.proj.weight	77.73025512695312
1500	2	2125	blocks.10.mlp.fc.weight	166.260009765625
1500	2	2125	blocks.10.mlp.proj.weight	86.62733459472656
1500	2	2125	blocks.11.attn.q.weight	69.28890991210938
1500	2	2125	blocks.11.attn.k.weight	53.377559661865234
1500	2	2125	blocks.11.attn.v.weight	68.88909912109375
1500	2	2125	blocks.11.attn.proj.weight	61.40708541870117
1500	2	2125	blocks.11.mlp.fc.weight	127.13446044921875
1500	2	2125	blocks.11.mlp.proj.weight	60.5073127746582
1500	2	2250	blocks.0.attn.q.weight	50.18960189819336
1500	2	2250	blocks.0.attn.k.weight	49.6010856628418
1500	2	2250	blocks.0.attn.v.weight	44.81023025512695
1500	2	2250	blocks.0.attn.proj.weight	66.89083862304688
1500	2	2250	blocks.0.mlp.fc.weight	102.2101058959961
1500	2	2250	blocks.0.mlp.proj.weight	61.20195007324219
1500	2	2250	blocks.1.attn.q.weight	55.87209701538086
1500	2	2250	blocks.1.attn.k.weight	54.3946418762207
1500	2	2250	blocks.1.attn.v.weight	46.07286071777344
1500	2	2250	blocks.1.attn.proj.weight	53.48781967163086
1500	2	2250	blocks.1.mlp.fc.weight	163.9875946044922
1500	2	2250	blocks.1.mlp.proj.weight	63.933353424072266
1500	2	2250	blocks.2.attn.q.weight	48.162139892578125
1500	2	2250	blocks.2.attn.k.weight	71.39698028564453
1500	2	2250	blocks.2.attn.v.weight	54.792118072509766
1500	2	2250	blocks.2.attn.proj.weight	52.37006378173828
1500	2	2250	blocks.2.mlp.fc.weight	164.11878967285156
1500	2	2250	blocks.2.mlp.proj.weight	54.764381408691406
1500	2	2250	blocks.3.attn.q.weight	69.03251647949219
1500	2	2250	blocks.3.attn.k.weight	70.99715423583984
1500	2	2250	blocks.3.attn.v.weight	74.14947509765625
1500	2	2250	blocks.3.attn.proj.weight	45.53244400024414
1500	2	2250	blocks.3.mlp.fc.weight	164.67042541503906
1500	2	2250	blocks.3.mlp.proj.weight	55.25664520263672
1500	2	2250	blocks.4.attn.q.weight	70.54342651367188
1500	2	2250	blocks.4.attn.k.weight	47.60254669189453
1500	2	2250	blocks.4.attn.v.weight	74.1202621459961
1500	2	2250	blocks.4.attn.proj.weight	53.1174430847168
1500	2	2250	blocks.4.mlp.fc.weight	111.913330078125
1500	2	2250	blocks.4.mlp.proj.weight	64.93463134765625
1500	2	2250	blocks.5.attn.q.weight	54.99802780151367
1500	2	2250	blocks.5.attn.k.weight	70.3074722290039
1500	2	2250	blocks.5.attn.v.weight	57.91788864135742
1500	2	2250	blocks.5.attn.proj.weight	69.63246154785156
1500	2	2250	blocks.5.mlp.fc.weight	130.24917602539062
1500	2	2250	blocks.5.mlp.proj.weight	83.74732971191406
1500	2	2250	blocks.6.attn.q.weight	45.63225555419922
1500	2	2250	blocks.6.attn.k.weight	55.6895751953125
1500	2	2250	blocks.6.attn.v.weight	74.60175323486328
1500	2	2250	blocks.6.attn.proj.weight	68.74390411376953
1500	2	2250	blocks.6.mlp.fc.weight	111.3548812866211
1500	2	2250	blocks.6.mlp.proj.weight	83.92034912109375
1500	2	2250	blocks.7.attn.q.weight	46.08595275878906
1500	2	2250	blocks.7.attn.k.weight	70.09042358398438
1500	2	2250	blocks.7.attn.v.weight	59.010868072509766
1500	2	2250	blocks.7.attn.proj.weight	63.29075241088867
1500	2	2250	blocks.7.mlp.fc.weight	111.91503143310547
1500	2	2250	blocks.7.mlp.proj.weight	66.16084289550781
1500	2	2250	blocks.8.attn.q.weight	68.97724151611328
1500	2	2250	blocks.8.attn.k.weight	54.32778549194336
1500	2	2250	blocks.8.attn.v.weight	70.71194458007812
1500	2	2250	blocks.8.attn.proj.weight	56.214630126953125
1500	2	2250	blocks.8.mlp.fc.weight	130.05589294433594
1500	2	2250	blocks.8.mlp.proj.weight	57.4359245300293
1500	2	2250	blocks.9.attn.q.weight	54.404029846191406
1500	2	2250	blocks.9.attn.k.weight	46.54827880859375
1500	2	2250	blocks.9.attn.v.weight	89.03092956542969
1500	2	2250	blocks.9.attn.proj.weight	57.89223098754883
1500	2	2250	blocks.9.mlp.fc.weight	130.81045532226562
1500	2	2250	blocks.9.mlp.proj.weight	86.14554595947266
1500	2	2250	blocks.10.attn.q.weight	55.42461395263672
1500	2	2250	blocks.10.attn.k.weight	46.33906173706055
1500	2	2250	blocks.10.attn.v.weight	68.31220245361328
1500	2	2250	blocks.10.attn.proj.weight	77.89947509765625
1500	2	2250	blocks.10.mlp.fc.weight	167.61634826660156
1500	2	2250	blocks.10.mlp.proj.weight	87.13782501220703
1500	2	2250	blocks.11.attn.q.weight	69.49227905273438
1500	2	2250	blocks.11.attn.k.weight	53.364376068115234
1500	2	2250	blocks.11.attn.v.weight	68.17509460449219
1500	2	2250	blocks.11.attn.proj.weight	60.65237808227539
1500	2	2250	blocks.11.mlp.fc.weight	126.94918823242188
1500	2	2250	blocks.11.mlp.proj.weight	59.47030258178711
2000	0	2250	blocks.0.attn.q.weight	54.1042366027832
2000	0	2250	blocks.0.attn.k.weight	53.32534408569336
2000	0	2250	blocks.0.attn.v.weight	53.8693733215332
2000	0	2250	blocks.0.attn.proj.weight	46.14923095703125
2000	0	2250	blocks.0.mlp.fc.weight	112.51737213134766
2000	0	2250	blocks.0.mlp.proj.weight	71.18917083740234
2000	0	2250	blocks.1.attn.q.weight	65.7789306640625
2000	0	2250	blocks.1.attn.k.weight	63.97758483886719
2000	0	2250	blocks.1.attn.v.weight	47.56147766113281
2000	0	2250	blocks.1.attn.proj.weight	58.45428466796875
2000	0	2250	blocks.1.mlp.fc.weight	110.40445709228516
2000	0	2250	blocks.1.mlp.proj.weight	74.41880798339844
2000	0	2250	blocks.2.attn.q.weight	54.25360870361328
2000	0	2250	blocks.2.attn.k.weight	49.522396087646484
2000	0	2250	blocks.2.attn.v.weight	58.061126708984375
2000	0	2250	blocks.2.attn.proj.weight	56.38664245605469
2000	0	2250	blocks.2.mlp.fc.weight	111.40975189208984
2000	0	2250	blocks.2.mlp.proj.weight	60.6092529296875
2000	0	2250	blocks.3.attn.q.weight	46.40324401855469
2000	0	2250	blocks.3.attn.k.weight	48.08256149291992
2000	0	2250	blocks.3.attn.v.weight	50.95608139038086
2000	0	2250	blocks.3.attn.proj.weight	53.92329788208008
2000	0	2250	blocks.3.mlp.fc.weight	112.12742614746094
2000	0	2250	blocks.3.mlp.proj.weight	60.948272705078125
2000	0	2250	blocks.4.attn.q.weight	47.473384857177734
2000	0	2250	blocks.4.attn.k.weight	52.2188720703125
2000	0	2250	blocks.4.attn.v.weight	52.02854537963867
2000	0	2250	blocks.4.attn.proj.weight	65.30408477783203
2000	0	2250	blocks.4.mlp.fc.weight	121.93733215332031
2000	0	2250	blocks.4.mlp.proj.weight	75.99134063720703
2000	0	2250	blocks.5.attn.q.weight	63.623619079589844
2000	0	2250	blocks.5.attn.k.weight	46.89382553100586
2000	0	2250	blocks.5.attn.v.weight	69.1789779663086
2000	0	2250	blocks.5.attn.proj.weight	48.489341735839844
2000	0	2250	blocks.5.mlp.fc.weight	149.3077850341797
2000	0	2250	blocks.5.mlp.proj.weight	56.44318389892578
2000	0	2250	blocks.6.attn.q.weight	49.6986198425293
2000	0	2250	blocks.6.attn.k.weight	63.44618606567383
2000	0	2250	blocks.6.attn.v.weight	61.10443115234375
2000	0	2250	blocks.6.attn.proj.weight	56.118629455566406
2000	0	2250	blocks.6.mlp.fc.weight	122.7759017944336
2000	0	2250	blocks.6.mlp.proj.weight	56.98375701904297
2000	0	2250	blocks.7.attn.q.weight	51.99294662475586
2000	0	2250	blocks.7.attn.k.weight	47.80091857910156
2000	0	2250	blocks.7.attn.v.weight	60.38911437988281
2000	0	2250	blocks.7.attn.proj.weight	67.98174285888672
2000	0	2250	blocks.7.mlp.fc.weight	122.71914672851562
2000	0	2250	blocks.7.mlp.proj.weight	77.1470947265625
2000	0	2250	blocks.8.attn.q.weight	46.77034378051758
2000	0	2250	blocks.8.attn.k.weight	64.11786651611328
2000	0	2250	blocks.8.attn.v.weight	74.66999816894531
2000	0	2250	blocks.8.attn.proj.weight	56.15034103393555
2000	0	2250	blocks.8.mlp.fc.weight	150.08616638183594
2000	0	2250	blocks.8.mlp.proj.weight	62.917903900146484
2000	0	2250	blocks.9.attn.q.weight	62.94846725463867
2000	0	2250	blocks.9.attn.k.weight	51.007171630859375
2000	0	2250	blocks.9.attn.v.weight	66.44056701660156
2000	0	2250	blocks.9.attn.proj.weight	64.63702392578125
2000	0	2250	blocks.9.mlp.fc.weight	149.3389892578125
2000	0	2250	blocks.9.mlp.proj.weight	58.61179733276367
2000	0	2250	blocks.10.attn.q.weight	64.0670166015625
2000	0	2250	blocks.10.attn.k.weight	50.80326843261719
2000	0	2250	blocks.10.attn.v.weight	78.60558319091797
2000	0	2250	blocks.10.attn.proj.weight	55.923404693603516
2000	0	2250	blocks.10.mlp.fc.weight	113.94019317626953
2000	0	2250	blocks.10.mlp.proj.weight	59.38374710083008
2000	0	2250	blocks.11.attn.q.weight	46.34006881713867
2000	0	2250	blocks.11.attn.k.weight	63.100196838378906
2000	0	2250	blocks.11.attn.v.weight	69.30355834960938
2000	0	2250	blocks.11.attn.proj.weight	62.085819244384766
2000	0	2250	blocks.11.mlp.fc.weight	145.90475463867188
2000	0	2250	blocks.11.mlp.proj.weight	64.4769058227539
2000	0	2375	blocks.0.attn.q.weight	55.05966567993164
2000	0	2375	blocks.0.attn.k.weight	54.110530853271484
2000	0	2375	blocks.0.attn.v.weight	55.134788513183594
2000	0	2375	blocks.0.attn.proj.weight	45.63084411621094
2000	0	2375	blocks.0.mlp.fc.weight	114.70210266113281
2000	0	2375	blocks.0.mlp.proj.weight	74.87043762207031
2000	0	2375	blocks.1.attn.q.weight	68.93639373779297
2000	0	2375	blocks.1.attn.k.weight	67.17215728759766
2000	0	2375	blocks.1.attn.v.weight	48.175872802734375
2000	0	2375	blocks.1.attn.proj.weight	61.248294830322266
2000	0	2375	blocks.1.mlp.fc.weight	108.54243469238281
2000	0	2375	blocks.1.mlp.proj.weight	78.1978530883789
2000	0	2375	blocks.2.attn.q.weight	55.52206802368164
2000	0	2375	blocks.2.attn.k.weight	49.084476470947266
2000	0	2375	blocks.2.attn.v.weight	60.40803146362305
2000	0	2375	blocks.2.attn.proj.weight	58.64894104003906
2000	0	2375	blocks.2.mlp.fc.weight	109.54932403564453
2000	0	2375	blocks.2.mlp.proj.weight	61.742286682128906
2000	0	2375	blocks.3.attn.q.weight	45.666046142578125
2000	0	2375	blocks.3.attn.k.weight	47.26154327392578
2000	0	2375	blocks.3.attn.v.weight	50.39027786254883
2000	0	2375	blocks.3.attn.proj.weight	55.1585693359375
2000	0	2375	blocks.3.mlp.fc.weight	110.30613708496094
2000	0	2375	blocks.3.mlp.proj.weight	62.02678680419922
2000	0	2375	blocks.4.attn.q.weight	46.75876998901367
2000	0	2375	blocks.4.attn.k.weight	53.1854248046875
2000	0	2375	blocks.4.attn.v.weight	50.880496978759766
2000	0	2375	blocks.4.attn.proj.weight	68.06829071044922
2000	0	2375	blocks.4.mlp.fc.weight	124.025634765625
2000	0	2375	blocks.4.mlp.proj.weight	79.57735443115234
2000	0	2375	blocks.5.attn.q.weight	66.72915649414062
2000	0	2375	blocks.5.attn.k.weight	46.01288604736328
2000	0	2375	blocks.5.attn.v.weight	72.10575103759766
2000	0	2375	blocks.5.attn.proj.weight	47.42716598510742
2000	0	2375	blocks.5.mlp.fc.weight	157.13978576660156
2000	0	2375	blocks.5.mlp.proj.weight	55.479148864746094
2000	0	2375	blocks.6.attn.q.weight	50.497398376464844
2000	0	2375	blocks.6.attn.k.weight	66.49054718017578
2000	0	2375	blocks.6.attn.v.weight	61.224212646484375
2000	0	2375	blocks.6.attn.proj.weight	56.18684768676758
2000	0	2375	blocks.6.mlp.fc.weight	124.82433319091797
2000	0	2375	blocks.6.mlp.proj.weight	56.01408386230469
2000	0	2375	blocks.7.attn.q.weight	53.057952880859375
2000	0	2375	blocks.7.attn.k.weight	47.043609619140625
2000	0	2375	blocks.7.attn.v.weight	60.52678298950195
2000	0	2375	blocks.7.attn.proj.weight	70.310546875
2000	0	2375	blocks.7.mlp.fc.weight	124.73535919189453
2000	0	2375	blocks.7.mlp.proj.weight	80.73249053955078
2000	0	2375	blocks.8.attn.q.weight	46.0702018737793
2000	0	2375	blocks.8.attn.k.weight	67.3781967163086
2000	0	2375	blocks.8.attn.v.weight	76.91626739501953
2000	0	2375	blocks.8.attn.proj.weight	55.994964599609375
2000	0	2375	blocks.8.mlp.fc.weight	157.7969512939453
2000	0	2375	blocks.8.mlp.proj.weight	63.93478012084961
2000	0	2375	blocks.9.attn.q.weight	65.99571228027344
2000	0	2375	blocks.9.attn.k.weight	51.88715362548828
2000	0	2375	blocks.9.attn.v.weight	66.11544036865234
2000	0	2375	blocks.9.attn.proj.weight	66.05584716796875
2000	0	2375	blocks.9.mlp.fc.weight	157.02694702148438
2000	0	2375	blocks.9.mlp.proj.weight	57.61677932739258
2000	0	2375	blocks.10.attn.q.weight	67.1500015258789
2000	0	2375	blocks.10.attn.k.weight	51.67795181274414
2000	0	2375	blocks.10.attn.v.weight	81.87092590332031
2000	0	2375	blocks.10.attn.proj.weight	54.66043472290039
2000	0	2375	blocks.10.mlp.fc.weight	112.23223876953125
2000	0	2375	blocks.10.mlp.proj.weight	58.43918228149414
2000	0	2375	blocks.11.attn.q.weight	45.48236083984375
2000	0	2375	blocks.11.attn.k.weight	66.26338195800781
2000	0	2375	blocks.11.attn.v.weight	69.93595886230469
2000	0	2375	blocks.11.attn.proj.weight	62.732845306396484
2000	0	2375	blocks.11.mlp.fc.weight	153.3584747314453
2000	0	2375	blocks.11.mlp.proj.weight	65.43085479736328
2000	0	2500	blocks.0.attn.q.weight	55.7411003112793
2000	0	2500	blocks.0.attn.k.weight	54.74200439453125
2000	0	2500	blocks.0.attn.v.weight	55.971778869628906
2000	0	2500	blocks.0.attn.proj.weight	45.1967887878418
2000	0	2500	blocks.0.mlp.fc.weight	116.49113464355469
2000	0	2500	blocks.0.mlp.proj.weight	76.8948745727539
2000	0	2500	blocks.1.attn.q.weight	70.72331237792969
2000	0	2500	blocks.1.attn.k.weight	69.0069808959961
2000	0	2500	blocks.1.attn.v.weight	48.841739654541016
2000	0	2500	blocks.1.attn.proj.weight	62.92845153808594
2000	0	2500	blocks.1.mlp.fc.weight	107.10978698730469
2000	0	2500	blocks.1.mlp.proj.weight	80.34034729003906
2000	0	2500	blocks.2.attn.q.weight	56.54275131225586
2000	0	2500	blocks.2.attn.k.weight	48.756324768066406
2000	0	2500	blocks.2.attn.v.weight	62.26026153564453
2000	0	2500	blocks.2.attn.proj.weight	60.35499572753906
2000	0	2500	blocks.2.mlp.fc.weight	108.0494384765625
2000	0	2500	blocks.2.mlp.proj.weight	62.57313537597656
2000	0	2500	blocks.3.attn.q.weight	45.14803695678711
2000	0	2500	blocks.3.attn.k.weight	46.659873962402344
2000	0	2500	blocks.3.attn.v.weight	49.867393493652344
2000	0	2500	blocks.3.attn.proj.weight	55.89772415161133
2000	0	2500	blocks.3.mlp.fc.weight	108.80447387695312
2000	0	2500	blocks.3.mlp.proj.weight	62.8188362121582
2000	0	2500	blocks.4.attn.q.weight	46.19889831542969
2000	0	2500	blocks.4.attn.k.weight	53.91904830932617
2000	0	2500	blocks.4.attn.v.weight	50.004478454589844
2000	0	2500	blocks.4.attn.proj.weight	69.60194396972656
2000	0	2500	blocks.4.mlp.fc.weight	125.79570007324219
2000	0	2500	blocks.4.mlp.proj.weight	81.58658599853516
2000	0	2500	blocks.5.attn.q.weight	68.4346694946289
2000	0	2500	blocks.5.attn.k.weight	45.34331512451172
2000	0	2500	blocks.5.attn.v.weight	73.83934783935547
2000	0	2500	blocks.5.attn.proj.weight	46.700321197509766
2000	0	2500	blocks.5.mlp.fc.weight	161.80690002441406
2000	0	2500	blocks.5.mlp.proj.weight	54.73255920410156
2000	0	2500	blocks.6.attn.q.weight	51.10074234008789
2000	0	2500	blocks.6.attn.k.weight	68.19271087646484
2000	0	2500	blocks.6.attn.v.weight	61.130130767822266
2000	0	2500	blocks.6.attn.proj.weight	56.06748962402344
2000	0	2500	blocks.6.mlp.fc.weight	126.30549621582031
2000	0	2500	blocks.6.mlp.proj.weight	55.22787094116211
2000	0	2500	blocks.7.attn.q.weight	53.82603073120117
2000	0	2500	blocks.7.attn.k.weight	46.47876739501953
2000	0	2500	blocks.7.attn.v.weight	60.697784423828125
2000	0	2500	blocks.7.attn.proj.weight	71.57997131347656
2000	0	2500	blocks.7.mlp.fc.weight	126.38652038574219
2000	0	2500	blocks.7.mlp.proj.weight	82.74064636230469
2000	0	2500	blocks.8.attn.q.weight	45.56674575805664
2000	0	2500	blocks.8.attn.k.weight	69.25477600097656
2000	0	2500	blocks.8.attn.v.weight	78.11259460449219
2000	0	2500	blocks.8.attn.proj.weight	55.9571647644043
2000	0	2500	blocks.8.mlp.fc.weight	162.34507751464844
2000	0	2500	blocks.8.mlp.proj.weight	64.7526626586914
2000	0	2500	blocks.9.attn.q.weight	67.63126373291016
2000	0	2500	blocks.9.attn.k.weight	52.55487060546875
2000	0	2500	blocks.9.attn.v.weight	65.6811294555664
2000	0	2500	blocks.9.attn.proj.weight	66.9117660522461
2000	0	2500	blocks.9.mlp.fc.weight	161.58847045898438
2000	0	2500	blocks.9.mlp.proj.weight	56.827789306640625
2000	0	2500	blocks.10.attn.q.weight	68.79048156738281
2000	0	2500	blocks.10.attn.k.weight	52.31864547729492
2000	0	2500	blocks.10.attn.v.weight	83.74148559570312
2000	0	2500	blocks.10.attn.proj.weight	53.678096771240234
2000	0	2500	blocks.10.mlp.fc.weight	110.71280670166016
2000	0	2500	blocks.10.mlp.proj.weight	57.62382888793945
2000	0	2500	blocks.11.attn.q.weight	44.84478759765625
2000	0	2500	blocks.11.attn.k.weight	67.9889907836914
2000	0	2500	blocks.11.attn.v.weight	70.20292663574219
2000	0	2500	blocks.11.attn.proj.weight	63.0235595703125
2000	0	2500	blocks.11.mlp.fc.weight	157.8820343017578
2000	0	2500	blocks.11.mlp.proj.weight	66.19832611083984
2000	0	2625	blocks.0.attn.q.weight	56.32737731933594
2000	0	2625	blocks.0.attn.k.weight	55.33419418334961
2000	0	2625	blocks.0.attn.v.weight	56.60773849487305
2000	0	2625	blocks.0.attn.proj.weight	44.89885330200195
2000	0	2625	blocks.0.mlp.fc.weight	118.10887145996094
2000	0	2625	blocks.0.mlp.proj.weight	78.25550842285156
2000	0	2625	blocks.1.attn.q.weight	71.75504302978516
2000	0	2625	blocks.1.attn.k.weight	70.09485626220703
2000	0	2625	blocks.1.attn.v.weight	49.56196975708008
2000	0	2625	blocks.1.attn.proj.weight	64.13983154296875
2000	0	2625	blocks.1.mlp.fc.weight	106.06071472167969
2000	0	2625	blocks.1.mlp.proj.weight	81.6683578491211
2000	0	2625	blocks.2.attn.q.weight	57.24408721923828
2000	0	2625	blocks.2.attn.k.weight	48.508419036865234
2000	0	2625	blocks.2.attn.v.weight	63.76568603515625
2000	0	2625	blocks.2.attn.proj.weight	61.72113800048828
2000	0	2625	blocks.2.mlp.fc.weight	106.90003204345703
2000	0	2625	blocks.2.mlp.proj.weight	63.252742767333984
2000	0	2625	blocks.3.attn.q.weight	44.7097282409668
2000	0	2625	blocks.3.attn.k.weight	46.18620300292969
2000	0	2625	blocks.3.attn.v.weight	49.4478874206543
2000	0	2625	blocks.3.attn.proj.weight	56.438350677490234
2000	0	2625	blocks.3.mlp.fc.weight	107.6352310180664
2000	0	2625	blocks.3.mlp.proj.weight	63.461055755615234
2000	0	2625	blocks.4.attn.q.weight	45.77608871459961
2000	0	2625	blocks.4.attn.k.weight	54.4683723449707
2000	0	2625	blocks.4.attn.v.weight	49.350318908691406
2000	0	2625	blocks.4.attn.proj.weight	70.61387634277344
2000	0	2625	blocks.4.mlp.fc.weight	127.28990936279297
2000	0	2625	blocks.4.mlp.proj.weight	82.79745483398438
2000	0	2625	blocks.5.attn.q.weight	69.44398498535156
2000	0	2625	blocks.5.attn.k.weight	44.844268798828125
2000	0	2625	blocks.5.attn.v.weight	75.0046157836914
2000	0	2625	blocks.5.attn.proj.weight	46.230770111083984
2000	0	2625	blocks.5.mlp.fc.weight	164.78541564941406
2000	0	2625	blocks.5.mlp.proj.weight	54.15641784667969
2000	0	2625	blocks.6.attn.q.weight	51.621742248535156
2000	0	2625	blocks.6.attn.k.weight	69.24565124511719
2000	0	2625	blocks.6.attn.v.weight	60.909950256347656
2000	0	2625	blocks.6.attn.proj.weight	55.83072280883789
2000	0	2625	blocks.6.mlp.fc.weight	127.46968841552734
2000	0	2625	blocks.6.mlp.proj.weight	54.60545349121094
2000	0	2625	blocks.7.attn.q.weight	54.54373550415039
2000	0	2625	blocks.7.attn.k.weight	46.059837341308594
2000	0	2625	blocks.7.attn.v.weight	60.94054412841797
2000	0	2625	blocks.7.attn.proj.weight	72.4972152709961
2000	0	2625	blocks.7.mlp.fc.weight	127.81253814697266
2000	0	2625	blocks.7.mlp.proj.weight	83.928955078125
2000	0	2625	blocks.8.attn.q.weight	45.18341827392578
2000	0	2625	blocks.8.attn.k.weight	70.45458221435547
2000	0	2625	blocks.8.attn.v.weight	78.98155975341797
2000	0	2625	blocks.8.attn.proj.weight	56.03958511352539
2000	0	2625	blocks.8.mlp.fc.weight	165.43331909179688
2000	0	2625	blocks.8.mlp.proj.weight	65.42970275878906
2000	0	2625	blocks.9.attn.q.weight	68.62603759765625
2000	0	2625	blocks.9.attn.k.weight	53.077701568603516
2000	0	2625	blocks.9.attn.v.weight	65.2523422241211
2000	0	2625	blocks.9.attn.proj.weight	67.44017791748047
2000	0	2625	blocks.9.mlp.fc.weight	164.4580841064453
2000	0	2625	blocks.9.mlp.proj.weight	56.21774673461914
2000	0	2625	blocks.10.attn.q.weight	69.66654968261719
2000	0	2625	blocks.10.attn.k.weight	52.804256439208984
2000	0	2625	blocks.10.attn.v.weight	84.90730285644531
2000	0	2625	blocks.10.attn.proj.weight	52.90205383300781
2000	0	2625	blocks.10.mlp.fc.weight	109.44518280029297
2000	0	2625	blocks.10.mlp.proj.weight	56.96433639526367
2000	0	2625	blocks.11.attn.q.weight	44.3304328918457
2000	0	2625	blocks.11.attn.k.weight	69.0680923461914
2000	0	2625	blocks.11.attn.v.weight	70.36997985839844
2000	0	2625	blocks.11.attn.proj.weight	63.20417785644531
2000	0	2625	blocks.11.mlp.fc.weight	160.67733764648438
2000	0	2625	blocks.11.mlp.proj.weight	66.814208984375
2000	0	2750	blocks.0.attn.q.weight	56.791500091552734
2000	0	2750	blocks.0.attn.k.weight	55.801719665527344
2000	0	2750	blocks.0.attn.v.weight	56.95734405517578
2000	0	2750	blocks.0.attn.proj.weight	44.61655044555664
2000	0	2750	blocks.0.mlp.fc.weight	119.27931213378906
2000	0	2750	blocks.0.mlp.proj.weight	79.0143814086914
2000	0	2750	blocks.1.attn.q.weight	72.36663818359375
2000	0	2750	blocks.1.attn.k.weight	70.58076477050781
2000	0	2750	blocks.1.attn.v.weight	50.077781677246094
2000	0	2750	blocks.1.attn.proj.weight	64.80924987792969
2000	0	2750	blocks.1.mlp.fc.weight	105.18819427490234
2000	0	2750	blocks.1.mlp.proj.weight	82.32550048828125
2000	0	2750	blocks.2.attn.q.weight	57.81593704223633
2000	0	2750	blocks.2.attn.k.weight	48.28469467163086
2000	0	2750	blocks.2.attn.v.weight	64.78639221191406
2000	0	2750	blocks.2.attn.proj.weight	62.581111907958984
2000	0	2750	blocks.2.mlp.fc.weight	105.92436218261719
2000	0	2750	blocks.2.mlp.proj.weight	63.71393585205078
2000	0	2750	blocks.3.attn.q.weight	44.409732818603516
2000	0	2750	blocks.3.attn.k.weight	45.798770904541016
2000	0	2750	blocks.3.attn.v.weight	49.01354217529297
2000	0	2750	blocks.3.attn.proj.weight	56.70879364013672
2000	0	2750	blocks.3.mlp.fc.weight	106.61392211914062
2000	0	2750	blocks.3.mlp.proj.weight	63.891754150390625
2000	0	2750	blocks.4.attn.q.weight	45.38299560546875
2000	0	2750	blocks.4.attn.k.weight	54.8890495300293
2000	0	2750	blocks.4.attn.v.weight	48.85387420654297
2000	0	2750	blocks.4.attn.proj.weight	71.25726318359375
2000	0	2750	blocks.4.mlp.fc.weight	128.32752990722656
2000	0	2750	blocks.4.mlp.proj.weight	83.40404510498047
2000	0	2750	blocks.5.attn.q.weight	69.90953063964844
2000	0	2750	blocks.5.attn.k.weight	44.42607116699219
2000	0	2750	blocks.5.attn.v.weight	75.61514282226562
2000	0	2750	blocks.5.attn.proj.weight	45.88344955444336
2000	0	2750	blocks.5.mlp.fc.weight	166.2869415283203
2000	0	2750	blocks.5.mlp.proj.weight	53.67771530151367
2000	0	2750	blocks.6.attn.q.weight	51.93248748779297
2000	0	2750	blocks.6.attn.k.weight	69.71421813964844
2000	0	2750	blocks.6.attn.v.weight	60.5813102722168
2000	0	2750	blocks.6.attn.proj.weight	55.51188278198242
2000	0	2750	blocks.6.mlp.fc.weight	128.30767822265625
2000	0	2750	blocks.6.mlp.proj.weight	54.08647537231445
2000	0	2750	blocks.7.attn.q.weight	55.00391387939453
2000	0	2750	blocks.7.attn.k.weight	45.682044982910156
2000	0	2750	blocks.7.attn.v.weight	61.068580627441406
2000	0	2750	blocks.7.attn.proj.weight	72.97438049316406
2000	0	2750	blocks.7.mlp.fc.weight	128.90878295898438
2000	0	2750	blocks.7.mlp.proj.weight	84.5774154663086
2000	0	2750	blocks.8.attn.q.weight	44.83580780029297
2000	0	2750	blocks.8.attn.k.weight	70.97053527832031
2000	0	2750	blocks.8.attn.v.weight	79.2724609375
2000	0	2750	blocks.8.attn.proj.weight	56.08333969116211
2000	0	2750	blocks.8.mlp.fc.weight	167.09832763671875
2000	0	2750	blocks.8.mlp.proj.weight	65.9028091430664
2000	0	2750	blocks.9.attn.q.weight	69.13727569580078
2000	0	2750	blocks.9.attn.k.weight	53.4573860168457
2000	0	2750	blocks.9.attn.v.weight	64.73350524902344
2000	0	2750	blocks.9.attn.proj.weight	67.67227172851562
2000	0	2750	blocks.9.mlp.fc.weight	166.116455078125
2000	0	2750	blocks.9.mlp.proj.weight	55.70948791503906
2000	0	2750	blocks.10.attn.q.weight	70.01275634765625
2000	0	2750	blocks.10.attn.k.weight	53.07890319824219
2000	0	2750	blocks.10.attn.v.weight	85.32099151611328
2000	0	2750	blocks.10.attn.proj.weight	52.23227310180664
2000	0	2750	blocks.10.mlp.fc.weight	108.33314514160156
2000	0	2750	blocks.10.mlp.proj.weight	56.378257751464844
2000	0	2750	blocks.11.attn.q.weight	43.91157150268555
2000	0	2750	blocks.11.attn.k.weight	69.51970672607422
2000	0	2750	blocks.11.attn.v.weight	70.24589538574219
2000	0	2750	blocks.11.attn.proj.weight	63.1613655090332
2000	0	2750	blocks.11.mlp.fc.weight	162.34803771972656
2000	0	2750	blocks.11.mlp.proj.weight	67.28680419921875
2000	1	2250	blocks.0.attn.q.weight	66.80037689208984
2000	1	2250	blocks.0.attn.k.weight	65.8697738647461
2000	1	2250	blocks.0.attn.v.weight	62.50239181518555
2000	1	2250	blocks.0.attn.proj.weight	47.487510681152344
2000	1	2250	blocks.0.mlp.fc.weight	139.47084045410156
2000	1	2250	blocks.0.mlp.proj.weight	52.417850494384766
2000	1	2250	blocks.1.attn.q.weight	49.59413528442383
2000	1	2250	blocks.1.attn.k.weight	48.297767639160156
2000	1	2250	blocks.1.attn.v.weight	62.18791961669922
2000	1	2250	blocks.1.attn.proj.weight	43.197696685791016
2000	1	2250	blocks.1.mlp.fc.weight	120.6510238647461
2000	1	2250	blocks.1.mlp.proj.weight	55.170223236083984
2000	1	2250	blocks.2.attn.q.weight	64.8843765258789
2000	1	2250	blocks.2.attn.k.weight	52.73856735229492
2000	1	2250	blocks.2.attn.v.weight	49.50748825073242
2000	1	2250	blocks.2.attn.proj.weight	47.126285552978516
2000	1	2250	blocks.2.mlp.fc.weight	121.61072540283203
2000	1	2250	blocks.2.mlp.proj.weight	75.33521270751953
2000	1	2250	blocks.3.attn.q.weight	51.3458366394043
2000	1	2250	blocks.3.attn.k.weight	52.857723236083984
2000	1	2250	blocks.3.attn.v.weight	51.963096618652344
2000	1	2250	blocks.3.attn.proj.weight	61.439247131347656
2000	1	2250	blocks.3.mlp.fc.weight	121.47703552246094
2000	1	2250	blocks.3.mlp.proj.weight	75.55615997314453
2000	1	2250	blocks.4.attn.q.weight	51.51152420043945
2000	1	2250	blocks.4.attn.k.weight	63.81257247924805
2000	1	2250	blocks.4.attn.v.weight	58.475215911865234
2000	1	2250	blocks.4.attn.proj.weight	49.18606948852539
2000	1	2250	blocks.4.mlp.fc.weight	148.60658264160156
2000	1	2250	blocks.4.mlp.proj.weight	56.06608581542969
2000	1	2250	blocks.5.attn.q.weight	47.37700653076172
2000	1	2250	blocks.5.attn.k.weight	51.35462951660156
2000	1	2250	blocks.5.attn.v.weight	54.31515121459961
2000	1	2250	blocks.5.attn.proj.weight	56.194305419921875
2000	1	2250	blocks.5.mlp.fc.weight	113.55240631103516
2000	1	2250	blocks.5.mlp.proj.weight	61.57175827026367
2000	1	2250	blocks.6.attn.q.weight	61.595088958740234
2000	1	2250	blocks.6.attn.k.weight	47.34593963623047
2000	1	2250	blocks.6.attn.v.weight	64.06366729736328
2000	1	2250	blocks.6.attn.proj.weight	58.77381896972656
2000	1	2250	blocks.6.mlp.fc.weight	149.87710571289062
2000	1	2250	blocks.6.mlp.proj.weight	61.950660705566406
2000	1	2250	blocks.7.attn.q.weight	64.08588409423828
2000	1	2250	blocks.7.attn.k.weight	51.71175765991211
2000	1	2250	blocks.7.attn.v.weight	73.65504455566406
2000	1	2250	blocks.7.attn.proj.weight	51.92964172363281
2000	1	2250	blocks.7.mlp.fc.weight	149.43869018554688
2000	1	2250	blocks.7.mlp.proj.weight	57.35100173950195
2000	1	2250	blocks.8.attn.q.weight	51.31635284423828
2000	1	2250	blocks.8.attn.k.weight	47.523658752441406
2000	1	2250	blocks.8.attn.v.weight	60.9034309387207
2000	1	2250	blocks.8.attn.proj.weight	71.3874740600586
2000	1	2250	blocks.8.mlp.fc.weight	113.61864471435547
2000	1	2250	blocks.8.mlp.proj.weight	77.6535873413086
2000	1	2250	blocks.9.attn.q.weight	46.65133285522461
2000	1	2250	blocks.9.attn.k.weight	63.84095001220703
2000	1	2250	blocks.9.attn.v.weight	67.22937774658203
2000	1	2250	blocks.9.attn.proj.weight	72.16243743896484
2000	1	2250	blocks.9.mlp.fc.weight	113.84456634521484
2000	1	2250	blocks.9.mlp.proj.weight	63.87058639526367
2000	1	2250	blocks.10.attn.q.weight	46.52634811401367
2000	1	2250	blocks.10.attn.k.weight	62.998172760009766
2000	1	2250	blocks.10.attn.v.weight	64.65234375
2000	1	2250	blocks.10.attn.proj.weight	63.46662139892578
2000	1	2250	blocks.10.mlp.fc.weight	122.875732421875
2000	1	2250	blocks.10.mlp.proj.weight	64.19805145263672
2000	1	2250	blocks.11.attn.q.weight	51.511558532714844
2000	1	2250	blocks.11.attn.k.weight	46.54781723022461
2000	1	2250	blocks.11.attn.v.weight	74.92032623291016
2000	1	2250	blocks.11.attn.proj.weight	67.68453979492188
2000	1	2250	blocks.11.mlp.fc.weight	110.79177856445312
2000	1	2250	blocks.11.mlp.proj.weight	79.74388122558594
2000	1	2375	blocks.0.attn.q.weight	70.36283874511719
2000	1	2375	blocks.0.attn.k.weight	69.53082275390625
2000	1	2375	blocks.0.attn.v.weight	65.28826904296875
2000	1	2375	blocks.0.attn.proj.weight	47.97951126098633
2000	1	2375	blocks.0.mlp.fc.weight	147.1742401123047
2000	1	2375	blocks.0.mlp.proj.weight	51.52141189575195
2000	1	2375	blocks.1.attn.q.weight	48.972537994384766
2000	1	2375	blocks.1.attn.k.weight	47.692909240722656
2000	1	2375	blocks.1.attn.v.weight	65.16866302490234
2000	1	2375	blocks.1.attn.proj.weight	42.27299118041992
2000	1	2375	blocks.1.mlp.fc.weight	122.86395263671875
2000	1	2375	blocks.1.mlp.proj.weight	54.30463790893555
2000	1	2375	blocks.2.attn.q.weight	68.06982421875
2000	1	2375	blocks.2.attn.k.weight	53.55509948730469
2000	1	2375	blocks.2.attn.v.weight	49.598079681396484
2000	1	2375	blocks.2.attn.proj.weight	47.124427795410156
2000	1	2375	blocks.2.mlp.fc.weight	123.84933471679688
2000	1	2375	blocks.2.mlp.proj.weight	79.02958679199219
2000	1	2375	blocks.3.attn.q.weight	52.41756820678711
2000	1	2375	blocks.3.attn.k.weight	53.902000427246094
2000	1	2375	blocks.3.attn.v.weight	52.18406295776367
2000	1	2375	blocks.3.attn.proj.weight	63.74332046508789
2000	1	2375	blocks.3.mlp.fc.weight	123.61290740966797
2000	1	2375	blocks.3.mlp.proj.weight	79.15910339355469
2000	1	2375	blocks.4.attn.q.weight	52.41022872924805
2000	1	2375	blocks.4.attn.k.weight	66.95858001708984
2000	1	2375	blocks.4.attn.v.weight	59.793731689453125
2000	1	2375	blocks.4.attn.proj.weight	48.6515998840332
2000	1	2375	blocks.4.mlp.fc.weight	156.57098388671875
2000	1	2375	blocks.4.mlp.proj.weight	55.10499572753906
2000	1	2375	blocks.5.attn.q.weight	46.60292434692383
2000	1	2375	blocks.5.attn.k.weight	52.27682876586914
2000	1	2375	blocks.5.attn.v.weight	53.86857986450195
2000	1	2375	blocks.5.attn.proj.weight	57.457183837890625
2000	1	2375	blocks.5.mlp.fc.weight	111.86306762695312
2000	1	2375	blocks.5.mlp.proj.weight	62.669517517089844
2000	1	2375	blocks.6.attn.q.weight	64.59645080566406
2000	1	2375	blocks.6.attn.k.weight	46.5265998840332
2000	1	2375	blocks.6.attn.v.weight	64.92811584472656
2000	1	2375	blocks.6.attn.proj.weight	59.54269027709961
2000	1	2375	blocks.6.mlp.fc.weight	157.67674255371094
2000	1	2375	blocks.6.mlp.proj.weight	62.97939682006836
2000	1	2375	blocks.7.attn.q.weight	67.14075469970703
2000	1	2375	blocks.7.attn.k.weight	52.59269714355469
2000	1	2375	blocks.7.attn.v.weight	76.92809295654297
2000	1	2375	blocks.7.attn.proj.weight	50.76692199707031
2000	1	2375	blocks.7.mlp.fc.weight	157.19625854492188
2000	1	2375	blocks.7.mlp.proj.weight	56.35537338256836
2000	1	2375	blocks.8.attn.q.weight	52.287925720214844
2000	1	2375	blocks.8.attn.k.weight	46.74183654785156
2000	1	2375	blocks.8.attn.v.weight	59.926612854003906
2000	1	2375	blocks.8.attn.proj.weight	74.38679504394531
2000	1	2375	blocks.8.mlp.fc.weight	111.88407135009766
2000	1	2375	blocks.8.mlp.proj.weight	81.39575958251953
2000	1	2375	blocks.9.attn.q.weight	45.941200256347656
2000	1	2375	blocks.9.attn.k.weight	67.02660369873047
2000	1	2375	blocks.9.attn.v.weight	67.3467788696289
2000	1	2375	blocks.9.attn.proj.weight	74.85130310058594
2000	1	2375	blocks.9.mlp.fc.weight	112.09855651855469
2000	1	2375	blocks.9.mlp.proj.weight	64.95140838623047
2000	1	2375	blocks.10.attn.q.weight	45.66721725463867
2000	1	2375	blocks.10.attn.k.weight	66.11669921875
2000	1	2375	blocks.10.attn.v.weight	64.27814483642578
2000	1	2375	blocks.10.attn.proj.weight	64.93045043945312
2000	1	2375	blocks.10.mlp.fc.weight	124.89833068847656
2000	1	2375	blocks.10.mlp.proj.weight	65.2217025756836
2000	1	2375	blocks.11.attn.q.weight	52.51104736328125
2000	1	2375	blocks.11.attn.k.weight	45.776485443115234
2000	1	2375	blocks.11.attn.v.weight	76.53065490722656
2000	1	2375	blocks.11.attn.proj.weight	69.40560913085938
2000	1	2375	blocks.11.mlp.fc.weight	109.01329803466797
2000	1	2375	blocks.11.mlp.proj.weight	83.7458724975586
2000	1	2500	blocks.0.attn.q.weight	72.25948333740234
2000	1	2500	blocks.0.attn.k.weight	71.46598052978516
2000	1	2500	blocks.0.attn.v.weight	66.7610855102539
2000	1	2500	blocks.0.attn.proj.weight	48.44553756713867
2000	1	2500	blocks.0.mlp.fc.weight	151.43838500976562
2000	1	2500	blocks.0.mlp.proj.weight	50.84136962890625
2000	1	2500	blocks.1.attn.q.weight	48.46097946166992
2000	1	2500	blocks.1.attn.k.weight	47.18796157836914
2000	1	2500	blocks.1.attn.v.weight	66.77356719970703
2000	1	2500	blocks.1.attn.proj.weight	41.63484191894531
2000	1	2500	blocks.1.mlp.fc.weight	124.45032501220703
2000	1	2500	blocks.1.mlp.proj.weight	53.60722351074219
2000	1	2500	blocks.2.attn.q.weight	69.8185043334961
2000	1	2500	blocks.2.attn.k.weight	54.144168853759766
2000	1	2500	blocks.2.attn.v.weight	49.52822494506836
2000	1	2500	blocks.2.attn.proj.weight	46.97630310058594
2000	1	2500	blocks.2.mlp.fc.weight	125.59009552001953
2000	1	2500	blocks.2.mlp.proj.weight	81.00164794921875
2000	1	2500	blocks.3.attn.q.weight	53.2358283996582
2000	1	2500	blocks.3.attn.k.weight	54.74091339111328
2000	1	2500	blocks.3.attn.v.weight	52.502628326416016
2000	1	2500	blocks.3.attn.proj.weight	65.0322494506836
2000	1	2500	blocks.3.mlp.fc.weight	125.35879516601562
2000	1	2500	blocks.3.mlp.proj.weight	81.10316467285156
2000	1	2500	blocks.4.attn.q.weight	53.10752487182617
2000	1	2500	blocks.4.attn.k.weight	68.6453857421875
2000	1	2500	blocks.4.attn.v.weight	60.616790771484375
2000	1	2500	blocks.4.attn.proj.weight	48.1737060546875
2000	1	2500	blocks.4.mlp.fc.weight	161.10977172851562
2000	1	2500	blocks.4.mlp.proj.weight	54.34471893310547
2000	1	2500	blocks.5.attn.q.weight	45.98067092895508
2000	1	2500	blocks.5.attn.k.weight	52.94203186035156
2000	1	2500	blocks.5.attn.v.weight	53.39778518676758
2000	1	2500	blocks.5.attn.proj.weight	58.207332611083984
2000	1	2500	blocks.5.mlp.fc.weight	110.37620544433594
2000	1	2500	blocks.5.mlp.proj.weight	63.454566955566406
2000	1	2500	blocks.6.attn.q.weight	66.22622680664062
2000	1	2500	blocks.6.attn.k.weight	45.883304595947266
2000	1	2500	blocks.6.attn.v.weight	65.4204330444336
2000	1	2500	blocks.6.attn.proj.weight	59.97854995727539
2000	1	2500	blocks.6.mlp.fc.weight	162.08270263671875
2000	1	2500	blocks.6.mlp.proj.weight	63.80369567871094
2000	1	2500	blocks.7.attn.q.weight	68.73837280273438
2000	1	2500	blocks.7.attn.k.weight	53.26158142089844
2000	1	2500	blocks.7.attn.v.weight	78.69889831542969
2000	1	2500	blocks.7.attn.proj.weight	49.90987014770508
2000	1	2500	blocks.7.mlp.fc.weight	161.66644287109375
2000	1	2500	blocks.7.mlp.proj.weight	55.57973098754883
2000	1	2500	blocks.8.attn.q.weight	52.99797439575195
2000	1	2500	blocks.8.attn.k.weight	46.130001068115234
2000	1	2500	blocks.8.attn.v.weight	59.08869552612305
2000	1	2500	blocks.8.attn.proj.weight	75.95267486572266
2000	1	2500	blocks.8.mlp.fc.weight	110.41023254394531
2000	1	2500	blocks.8.mlp.proj.weight	83.34224700927734
2000	1	2500	blocks.9.attn.q.weight	45.41059875488281
2000	1	2500	blocks.9.attn.k.weight	68.771240234375
2000	1	2500	blocks.9.attn.v.weight	67.5385513305664
2000	1	2500	blocks.9.attn.proj.weight	76.40802001953125
2000	1	2500	blocks.9.mlp.fc.weight	110.57948303222656
2000	1	2500	blocks.9.mlp.proj.weight	65.69711303710938
2000	1	2500	blocks.10.attn.q.weight	44.98579025268555
2000	1	2500	blocks.10.attn.k.weight	67.70516967773438
2000	1	2500	blocks.10.attn.v.weight	63.84260940551758
2000	1	2500	blocks.10.attn.proj.weight	65.79712677001953
2000	1	2500	blocks.10.mlp.fc.weight	126.361572265625
2000	1	2500	blocks.10.mlp.proj.weight	65.95240020751953
2000	1	2500	blocks.11.attn.q.weight	53.22459030151367
2000	1	2500	blocks.11.attn.k.weight	45.1899528503418
2000	1	2500	blocks.11.attn.v.weight	77.66468811035156
2000	1	2500	blocks.11.attn.proj.weight	70.54981231689453
2000	1	2500	blocks.11.mlp.fc.weight	107.56271362304688
2000	1	2500	blocks.11.mlp.proj.weight	85.86678314208984
2000	1	2625	blocks.0.attn.q.weight	73.46044158935547
2000	1	2625	blocks.0.attn.k.weight	72.81178283691406
2000	1	2625	blocks.0.attn.v.weight	67.8745346069336
2000	1	2625	blocks.0.attn.proj.weight	49.028106689453125
2000	1	2625	blocks.0.mlp.fc.weight	154.29898071289062
2000	1	2625	blocks.0.mlp.proj.weight	50.35371017456055
2000	1	2625	blocks.1.attn.q.weight	48.02493667602539
2000	1	2625	blocks.1.attn.k.weight	46.74738693237305
2000	1	2625	blocks.1.attn.v.weight	67.89512634277344
2000	1	2625	blocks.1.attn.proj.weight	41.241973876953125
2000	1	2625	blocks.1.mlp.fc.weight	125.7835464477539
2000	1	2625	blocks.1.mlp.proj.weight	53.09306335449219
2000	1	2625	blocks.2.attn.q.weight	70.77940368652344
2000	1	2625	blocks.2.attn.k.weight	54.61703872680664
2000	1	2625	blocks.2.attn.v.weight	49.46208572387695
2000	1	2625	blocks.2.attn.proj.weight	46.864723205566406
2000	1	2625	blocks.2.mlp.fc.weight	127.10210418701172
2000	1	2625	blocks.2.mlp.proj.weight	82.31175994873047
2000	1	2625	blocks.3.attn.q.weight	53.81358337402344
2000	1	2625	blocks.3.attn.k.weight	55.354652404785156
2000	1	2625	blocks.3.attn.v.weight	53.01972198486328
2000	1	2625	blocks.3.attn.proj.weight	66.10548400878906
2000	1	2625	blocks.3.mlp.fc.weight	126.87398529052734
2000	1	2625	blocks.3.mlp.proj.weight	82.33700561523438
2000	1	2625	blocks.4.attn.q.weight	53.665748596191406
2000	1	2625	blocks.4.attn.k.weight	69.6137924194336
2000	1	2625	blocks.4.attn.v.weight	61.231163024902344
2000	1	2625	blocks.4.attn.proj.weight	47.81267547607422
2000	1	2625	blocks.4.mlp.fc.weight	164.00401306152344
2000	1	2625	blocks.4.mlp.proj.weight	53.75794982910156
2000	1	2625	blocks.5.attn.q.weight	45.49936294555664
2000	1	2625	blocks.5.attn.k.weight	53.51898956298828
2000	1	2625	blocks.5.attn.v.weight	53.004058837890625
2000	1	2625	blocks.5.attn.proj.weight	58.78228759765625
2000	1	2625	blocks.5.mlp.fc.weight	109.20487213134766
2000	1	2625	blocks.5.mlp.proj.weight	64.0791015625
2000	1	2625	blocks.6.attn.q.weight	67.32899475097656
2000	1	2625	blocks.6.attn.k.weight	45.40107345581055
2000	1	2625	blocks.6.attn.v.weight	65.78138732910156
2000	1	2625	blocks.6.attn.proj.weight	60.286006927490234
2000	1	2625	blocks.6.mlp.fc.weight	164.99395751953125
2000	1	2625	blocks.6.mlp.proj.weight	64.49928283691406
2000	1	2625	blocks.7.attn.q.weight	69.87024688720703
2000	1	2625	blocks.7.attn.k.weight	53.863319396972656
2000	1	2625	blocks.7.attn.v.weight	79.88902282714844
2000	1	2625	blocks.7.attn.proj.weight	49.316043853759766
2000	1	2625	blocks.7.mlp.fc.weight	164.6880340576172
2000	1	2625	blocks.7.mlp.proj.weight	54.987945556640625
2000	1	2625	blocks.8.attn.q.weight	53.64427947998047
2000	1	2625	blocks.8.attn.k.weight	45.66731643676758
2000	1	2625	blocks.8.attn.v.weight	58.433650970458984
2000	1	2625	blocks.8.attn.proj.weight	76.96839141845703
2000	1	2625	blocks.8.mlp.fc.weight	109.32515716552734
2000	1	2625	blocks.8.mlp.proj.weight	84.54566955566406
2000	1	2625	blocks.9.attn.q.weight	44.976898193359375
2000	1	2625	blocks.9.attn.k.weight	69.91439819335938
2000	1	2625	blocks.9.attn.v.weight	67.80989074707031
2000	1	2625	blocks.9.attn.proj.weight	77.48692321777344
2000	1	2625	blocks.9.mlp.fc.weight	109.36907958984375
2000	1	2625	blocks.9.mlp.proj.weight	66.26946258544922
2000	1	2625	blocks.10.attn.q.weight	44.48613357543945
2000	1	2625	blocks.10.attn.k.weight	68.65889739990234
2000	1	2625	blocks.10.attn.v.weight	63.38600540161133
2000	1	2625	blocks.10.attn.proj.weight	66.31132507324219
2000	1	2625	blocks.10.mlp.fc.weight	127.5928955078125
2000	1	2625	blocks.10.mlp.proj.weight	66.52369689941406
2000	1	2625	blocks.11.attn.q.weight	53.77859115600586
2000	1	2625	blocks.11.attn.k.weight	44.761024475097656
2000	1	2625	blocks.11.attn.v.weight	78.57048034667969
2000	1	2625	blocks.11.attn.proj.weight	71.43534088134766
2000	1	2625	blocks.11.mlp.fc.weight	106.44683837890625
2000	1	2625	blocks.11.mlp.proj.weight	87.08270263671875
2000	1	2750	blocks.0.attn.q.weight	74.0941162109375
2000	1	2750	blocks.0.attn.k.weight	73.50723266601562
2000	1	2750	blocks.0.attn.v.weight	68.30768585205078
2000	1	2750	blocks.0.attn.proj.weight	49.37270736694336
2000	1	2750	blocks.0.mlp.fc.weight	155.69039916992188
2000	1	2750	blocks.0.mlp.proj.weight	49.94626998901367
2000	1	2750	blocks.1.attn.q.weight	47.64125442504883
2000	1	2750	blocks.1.attn.k.weight	46.326900482177734
2000	1	2750	blocks.1.attn.v.weight	68.34119415283203
2000	1	2750	blocks.1.attn.proj.weight	40.89450454711914
2000	1	2750	blocks.1.mlp.fc.weight	126.59455108642578
2000	1	2750	blocks.1.mlp.proj.weight	52.62962341308594
2000	1	2750	blocks.2.attn.q.weight	71.39706420898438
2000	1	2750	blocks.2.attn.k.weight	54.981231689453125
2000	1	2750	blocks.2.attn.v.weight	49.238216400146484
2000	1	2750	blocks.2.attn.proj.weight	46.616485595703125
2000	1	2750	blocks.2.mlp.fc.weight	128.1100311279297
2000	1	2750	blocks.2.mlp.proj.weight	82.90558624267578
2000	1	2750	blocks.3.attn.q.weight	54.2422981262207
2000	1	2750	blocks.3.attn.k.weight	55.76106643676758
2000	1	2750	blocks.3.attn.v.weight	53.41709518432617
2000	1	2750	blocks.3.attn.proj.weight	66.75567626953125
2000	1	2750	blocks.3.mlp.fc.weight	127.86495208740234
2000	1	2750	blocks.3.mlp.proj.weight	82.91863250732422
2000	1	2750	blocks.4.attn.q.weight	53.99982833862305
2000	1	2750	blocks.4.attn.k.weight	70.10700225830078
2000	1	2750	blocks.4.attn.v.weight	61.524295806884766
2000	1	2750	blocks.4.attn.proj.weight	47.44348907470703
2000	1	2750	blocks.4.mlp.fc.weight	165.41220092773438
2000	1	2750	blocks.4.mlp.proj.weight	53.24321365356445
2000	1	2750	blocks.5.attn.q.weight	45.06491470336914
2000	1	2750	blocks.5.attn.k.weight	53.836463928222656
2000	1	2750	blocks.5.attn.v.weight	52.53456497192383
2000	1	2750	blocks.5.attn.proj.weight	58.99904251098633
2000	1	2750	blocks.5.mlp.fc.weight	108.09014129638672
2000	1	2750	blocks.5.mlp.proj.weight	64.4413070678711
2000	1	2750	blocks.6.attn.q.weight	67.72108459472656
2000	1	2750	blocks.6.attn.k.weight	44.97536849975586
2000	1	2750	blocks.6.attn.v.weight	65.77743530273438
2000	1	2750	blocks.6.attn.proj.weight	60.32067108154297
2000	1	2750	blocks.6.mlp.fc.weight	166.4661865234375
2000	1	2750	blocks.6.mlp.proj.weight	64.94872283935547
2000	1	2750	blocks.7.attn.q.weight	70.3644027709961
2000	1	2750	blocks.7.attn.k.weight	54.238155364990234
2000	1	2750	blocks.7.attn.v.weight	80.3078842163086
2000	1	2750	blocks.7.attn.proj.weight	48.80894470214844
2000	1	2750	blocks.7.mlp.fc.weight	166.07106018066406
2000	1	2750	blocks.7.mlp.proj.weight	54.45193099975586
2000	1	2750	blocks.8.attn.q.weight	53.947959899902344
2000	1	2750	blocks.8.attn.k.weight	45.24394226074219
2000	1	2750	blocks.8.attn.v.weight	57.74182891845703
2000	1	2750	blocks.8.attn.proj.weight	77.24478912353516
2000	1	2750	blocks.8.mlp.fc.weight	108.28652954101562
2000	1	2750	blocks.8.mlp.proj.weight	85.04615783691406
2000	1	2750	blocks.9.attn.q.weight	44.6433219909668
2000	1	2750	blocks.9.attn.k.weight	70.42220306396484
2000	1	2750	blocks.9.attn.v.weight	67.91707611083984
2000	1	2750	blocks.9.attn.proj.weight	78.07859802246094
2000	1	2750	blocks.9.mlp.fc.weight	108.24951171875
2000	1	2750	blocks.9.mlp.proj.weight	66.59383392333984
2000	1	2750	blocks.10.attn.q.weight	44.07141876220703
2000	1	2750	blocks.10.attn.k.weight	68.9986801147461
2000	1	2750	blocks.10.attn.v.weight	62.82008743286133
2000	1	2750	blocks.10.attn.proj.weight	66.44769287109375
2000	1	2750	blocks.10.mlp.fc.weight	128.342529296875
2000	1	2750	blocks.10.mlp.proj.weight	66.88270568847656
2000	1	2750	blocks.11.attn.q.weight	54.10377502441406
2000	1	2750	blocks.11.attn.k.weight	44.32841491699219
2000	1	2750	blocks.11.attn.v.weight	79.04864501953125
2000	1	2750	blocks.11.attn.proj.weight	71.93889617919922
2000	1	2750	blocks.11.mlp.fc.weight	105.40048217773438
2000	1	2750	blocks.11.mlp.proj.weight	87.65741729736328
2000	2	2250	blocks.0.attn.q.weight	50.59762954711914
2000	2	2250	blocks.0.attn.k.weight	50.10011291503906
2000	2	2250	blocks.0.attn.v.weight	46.31343460083008
2000	2	2250	blocks.0.attn.proj.weight	60.65057373046875
2000	2	2250	blocks.0.mlp.fc.weight	103.82640838623047
2000	2	2250	blocks.0.mlp.proj.weight	57.52295684814453
2000	2	2250	blocks.1.attn.q.weight	52.861793518066406
2000	2	2250	blocks.1.attn.k.weight	51.500709533691406
2000	2	2250	blocks.1.attn.v.weight	46.595489501953125
2000	2	2250	blocks.1.attn.proj.weight	50.39890670776367
2000	2	2250	blocks.1.mlp.fc.weight	148.08697509765625
2000	2	2250	blocks.1.mlp.proj.weight	60.14863204956055
2000	2	2250	blocks.2.attn.q.weight	48.9588737487793
2000	2	2250	blocks.2.attn.k.weight	64.9308090209961
2000	2	2250	blocks.2.attn.v.weight	52.21138381958008
2000	2	2250	blocks.2.attn.proj.weight	49.83982467651367
2000	2	2250	blocks.2.mlp.fc.weight	147.93881225585938
2000	2	2250	blocks.2.mlp.proj.weight	55.420406341552734
2000	2	2250	blocks.3.attn.q.weight	63.08576965332031
2000	2	2250	blocks.3.attn.k.weight	64.66876220703125
2000	2	2250	blocks.3.attn.v.weight	67.12152099609375
2000	2	2250	blocks.3.attn.proj.weight	46.02814865112305
2000	2	2250	blocks.3.mlp.fc.weight	148.56761169433594
2000	2	2250	blocks.3.mlp.proj.weight	55.858970642089844
2000	2	2250	blocks.4.attn.q.weight	64.01929473876953
2000	2	2250	blocks.4.attn.k.weight	48.06338119506836
2000	2	2250	blocks.4.attn.v.weight	68.38607025146484
2000	2	2250	blocks.4.attn.proj.weight	51.081581115722656
2000	2	2250	blocks.4.mlp.fc.weight	113.31935119628906
2000	2	2250	blocks.4.mlp.proj.weight	61.37382125854492
2000	2	2250	blocks.5.attn.q.weight	51.90877914428711
2000	2	2250	blocks.5.attn.k.weight	63.91920471191406
2000	2	2250	blocks.5.attn.v.weight	55.694618225097656
2000	2	2250	blocks.5.attn.proj.weight	64.25025177001953
2000	2	2250	blocks.5.mlp.fc.weight	122.6583480834961
2000	2	2250	blocks.5.mlp.proj.weight	76.53040313720703
2000	2	2250	blocks.6.attn.q.weight	45.87245178222656
2000	2	2250	blocks.6.attn.k.weight	52.318260192871094
2000	2	2250	blocks.6.attn.v.weight	69.84918212890625
2000	2	2250	blocks.6.attn.proj.weight	64.3205337524414
2000	2	2250	blocks.6.mlp.fc.weight	112.55690002441406
2000	2	2250	blocks.6.mlp.proj.weight	76.62627410888672
2000	2	2250	blocks.7.attn.q.weight	46.753028869628906
2000	2	2250	blocks.7.attn.k.weight	63.81217956542969
2000	2	2250	blocks.7.attn.v.weight	58.69773483276367
2000	2	2250	blocks.7.attn.proj.weight	59.75332260131836
2000	2	2250	blocks.7.mlp.fc.weight	113.33267211914062
2000	2	2250	blocks.7.mlp.proj.weight	62.58633041381836
2000	2	2250	blocks.8.attn.q.weight	62.84903335571289
2000	2	2250	blocks.8.attn.k.weight	51.214027404785156
2000	2	2250	blocks.8.attn.v.weight	66.93226623535156
2000	2	2250	blocks.8.attn.proj.weight	55.60179901123047
2000	2	2250	blocks.8.mlp.fc.weight	123.15581512451172
2000	2	2250	blocks.8.mlp.proj.weight	58.112892150878906
2000	2	2250	blocks.9.attn.q.weight	51.18335723876953
2000	2	2250	blocks.9.attn.k.weight	47.033592224121094
2000	2	2250	blocks.9.attn.v.weight	81.96654510498047
2000	2	2250	blocks.9.attn.proj.weight	58.21986389160156
2000	2	2250	blocks.9.mlp.fc.weight	123.20149230957031
2000	2	2250	blocks.9.mlp.proj.weight	78.55853271484375
2000	2	2250	blocks.10.attn.q.weight	51.97005081176758
2000	2	2250	blocks.10.attn.k.weight	46.80030059814453
2000	2	2250	blocks.10.attn.v.weight	66.12937927246094
2000	2	2250	blocks.10.attn.proj.weight	71.85260772705078
2000	2	2250	blocks.10.mlp.fc.weight	150.23660278320312
2000	2	2250	blocks.10.mlp.proj.weight	79.2733154296875
2000	2	2250	blocks.11.attn.q.weight	63.44157028198242
2000	2	2250	blocks.11.attn.k.weight	50.41630554199219
2000	2	2250	blocks.11.attn.v.weight	66.4088363647461
2000	2	2250	blocks.11.attn.proj.weight	59.216365814208984
2000	2	2250	blocks.11.mlp.fc.weight	120.58934020996094
2000	2	2250	blocks.11.mlp.proj.weight	60.175376892089844
2000	2	2375	blocks.0.attn.q.weight	49.987239837646484
2000	2	2375	blocks.0.attn.k.weight	49.47441482543945
2000	2	2375	blocks.0.attn.v.weight	44.99559020996094
2000	2	2375	blocks.0.attn.proj.weight	63.56342315673828
2000	2	2375	blocks.0.mlp.fc.weight	102.11477661132812
2000	2	2375	blocks.0.mlp.proj.weight	58.71467971801758
2000	2	2375	blocks.1.attn.q.weight	53.71263122558594
2000	2	2375	blocks.1.attn.k.weight	52.3101921081543
2000	2	2375	blocks.1.attn.v.weight	46.0528450012207
2000	2	2375	blocks.1.attn.proj.weight	51.5578727722168
2000	2	2375	blocks.1.mlp.fc.weight	155.96986389160156
2000	2	2375	blocks.1.mlp.proj.weight	61.28254699707031
2000	2	2375	blocks.2.attn.q.weight	48.13418197631836
2000	2	2375	blocks.2.attn.k.weight	68.22343444824219
2000	2	2375	blocks.2.attn.v.weight	53.1020393371582
2000	2	2375	blocks.2.attn.proj.weight	50.681846618652344
2000	2	2375	blocks.2.mlp.fc.weight	155.73831176757812
2000	2	2375	blocks.2.mlp.proj.weight	54.48247146606445
2000	2	2375	blocks.3.attn.q.weight	66.19544219970703
2000	2	2375	blocks.3.attn.k.weight	67.82841491699219
2000	2	2375	blocks.3.attn.v.weight	70.59791564941406
2000	2	2375	blocks.3.attn.proj.weight	45.1367073059082
2000	2	2375	blocks.3.mlp.fc.weight	156.34327697753906
2000	2	2375	blocks.3.mlp.proj.weight	54.91839599609375
2000	2	2375	blocks.4.attn.q.weight	67.32481384277344
2000	2	2375	blocks.4.attn.k.weight	47.32683181762695
2000	2	2375	blocks.4.attn.v.weight	71.0407485961914
2000	2	2375	blocks.4.attn.proj.weight	51.36283874511719
2000	2	2375	blocks.4.mlp.fc.weight	111.66677856445312
2000	2	2375	blocks.4.mlp.proj.weight	62.481163024902344
2000	2	2375	blocks.5.attn.q.weight	52.871482849121094
2000	2	2375	blocks.5.attn.k.weight	67.08675384521484
2000	2	2375	blocks.5.attn.v.weight	55.98502731323242
2000	2	2375	blocks.5.attn.proj.weight	66.70117950439453
2000	2	2375	blocks.5.mlp.fc.weight	124.85301971435547
2000	2	2375	blocks.5.mlp.proj.weight	80.16104888916016
2000	2	2375	blocks.6.attn.q.weight	45.236351013183594
2000	2	2375	blocks.6.attn.k.weight	53.34143829345703
2000	2	2375	blocks.6.attn.v.weight	71.51872253417969
2000	2	2375	blocks.6.attn.proj.weight	65.85675811767578
2000	2	2375	blocks.6.mlp.fc.weight	110.81011199951172
2000	2	2375	blocks.6.mlp.proj.weight	80.28433990478516
2000	2	2375	blocks.7.attn.q.weight	45.932044982910156
2000	2	2375	blocks.7.attn.k.weight	66.86751556396484
2000	2	2375	blocks.7.attn.v.weight	58.19764709472656
2000	2	2375	blocks.7.attn.proj.weight	61.11383819580078
2000	2	2375	blocks.7.mlp.fc.weight	111.5982894897461
2000	2	2375	blocks.7.mlp.proj.weight	63.668392181396484
2000	2	2375	blocks.8.attn.q.weight	65.91548919677734
2000	2	2375	blocks.8.attn.k.weight	52.059959411621094
2000	2	2375	blocks.8.attn.v.weight	68.23821258544922
2000	2	2375	blocks.8.attn.proj.weight	55.1096076965332
2000	2	2375	blocks.8.mlp.fc.weight	125.27942657470703
2000	2	2375	blocks.8.mlp.proj.weight	57.15818405151367
2000	2	2375	blocks.9.attn.q.weight	52.178489685058594
2000	2	2375	blocks.9.attn.k.weight	46.27006912231445
2000	2	2375	blocks.9.attn.v.weight	85.53801727294922
2000	2	2375	blocks.9.attn.proj.weight	57.35807418823242
2000	2	2375	blocks.9.mlp.fc.weight	125.28706359863281
2000	2	2375	blocks.9.mlp.proj.weight	82.30394744873047
2000	2	2375	blocks.10.attn.q.weight	53.061153411865234
2000	2	2375	blocks.10.attn.k.weight	46.022804260253906
2000	2	2375	blocks.10.attn.v.weight	66.31053161621094
2000	2	2375	blocks.10.attn.proj.weight	74.60679626464844
2000	2	2375	blocks.10.mlp.fc.weight	158.12696838378906
2000	2	2375	blocks.10.mlp.proj.weight	83.00042724609375
2000	2	2375	blocks.11.attn.q.weight	66.51210021972656
2000	2	2375	blocks.11.attn.k.weight	51.276947021484375
2000	2	2375	blocks.11.attn.v.weight	66.47403717041016
2000	2	2375	blocks.11.attn.proj.weight	59.170860290527344
2000	2	2375	blocks.11.mlp.fc.weight	122.41680145263672
2000	2	2375	blocks.11.mlp.proj.weight	59.19983673095703
2000	2	2500	blocks.0.attn.q.weight	49.450008392333984
2000	2	2500	blocks.0.attn.k.weight	48.938079833984375
2000	2	2500	blocks.0.attn.v.weight	44.05788803100586
2000	2	2500	blocks.0.attn.proj.weight	65.13525390625
2000	2	2500	blocks.0.mlp.fc.weight	100.75149536132812
2000	2	2500	blocks.0.mlp.proj.weight	59.605587005615234
2000	2	2500	blocks.1.attn.q.weight	54.405616760253906
2000	2	2500	blocks.1.attn.k.weight	52.95811462402344
2000	2	2500	blocks.1.attn.v.weight	45.54490661621094
2000	2	2500	blocks.1.attn.proj.weight	52.26741409301758
2000	2	2500	blocks.1.mlp.fc.weight	160.41961669921875
2000	2	2500	blocks.1.mlp.proj.weight	62.19217300415039
2000	2	2500	blocks.2.attn.q.weight	47.501468658447266
2000	2	2500	blocks.2.attn.k.weight	69.92859649658203
2000	2	2500	blocks.2.attn.v.weight	53.62835693359375
2000	2	2500	blocks.2.attn.proj.weight	51.20051574707031
2000	2	2500	blocks.2.mlp.fc.weight	160.25509643554688
2000	2	2500	blocks.2.mlp.proj.weight	53.76496887207031
2000	2	2500	blocks.3.attn.q.weight	67.88874816894531
2000	2	2500	blocks.3.attn.k.weight	69.58873748779297
2000	2	2500	blocks.3.attn.v.weight	72.5435791015625
2000	2	2500	blocks.3.attn.proj.weight	44.55154800415039
2000	2	2500	blocks.3.mlp.fc.weight	160.83123779296875
2000	2	2500	blocks.3.mlp.proj.weight	54.187294006347656
2000	2	2500	blocks.4.attn.q.weight	69.17020416259766
2000	2	2500	blocks.4.attn.k.weight	46.78392791748047
2000	2	2500	blocks.4.attn.v.weight	72.48772430419922
2000	2	2500	blocks.4.attn.proj.weight	51.700340270996094
2000	2	2500	blocks.4.mlp.fc.weight	110.243408203125
2000	2	2500	blocks.4.mlp.proj.weight	63.26918029785156
2000	2	2500	blocks.5.attn.q.weight	53.589237213134766
2000	2	2500	blocks.5.attn.k.weight	68.85218811035156
2000	2	2500	blocks.5.attn.v.weight	56.32766342163086
2000	2	2500	blocks.5.attn.proj.weight	68.15778350830078
2000	2	2500	blocks.5.mlp.fc.weight	126.59092712402344
2000	2	2500	blocks.5.mlp.proj.weight	82.08848571777344
2000	2	2500	blocks.6.attn.q.weight	44.72575759887695
2000	2	2500	blocks.6.attn.k.weight	54.09930419921875
2000	2	2500	blocks.6.attn.v.weight	72.60504913330078
2000	2	2500	blocks.6.attn.proj.weight	66.90850067138672
2000	2	2500	blocks.6.mlp.fc.weight	109.37902069091797
2000	2	2500	blocks.6.mlp.proj.weight	82.23555755615234
2000	2	2500	blocks.7.attn.q.weight	45.28266143798828
2000	2	2500	blocks.7.attn.k.weight	68.62230682373047
2000	2	2500	blocks.7.attn.v.weight	57.643009185791016
2000	2	2500	blocks.7.attn.proj.weight	61.88872146606445
2000	2	2500	blocks.7.mlp.fc.weight	110.13130187988281
2000	2	2500	blocks.7.mlp.proj.weight	64.42359924316406
2000	2	2500	blocks.8.attn.q.weight	67.54302978515625
2000	2	2500	blocks.8.attn.k.weight	52.77027130126953
2000	2	2500	blocks.8.attn.v.weight	68.94134521484375
2000	2	2500	blocks.8.attn.proj.weight	54.579708099365234
2000	2	2500	blocks.8.mlp.fc.weight	126.72297668457031
2000	2	2500	blocks.8.mlp.proj.weight	56.33441162109375
2000	2	2500	blocks.9.attn.q.weight	52.900856018066406
2000	2	2500	blocks.9.attn.k.weight	45.68840789794922
2000	2	2500	blocks.9.attn.v.weight	87.47819519042969
2000	2	2500	blocks.9.attn.proj.weight	56.64237594604492
2000	2	2500	blocks.9.mlp.fc.weight	126.93916320800781
2000	2	2500	blocks.9.mlp.proj.weight	84.27227783203125
2000	2	2500	blocks.10.attn.q.weight	53.8182258605957
2000	2	2500	blocks.10.attn.k.weight	45.415584564208984
2000	2	2500	blocks.10.attn.v.weight	66.4644775390625
2000	2	2500	blocks.10.attn.proj.weight	76.06514739990234
2000	2	2500	blocks.10.mlp.fc.weight	162.89479064941406
2000	2	2500	blocks.10.mlp.proj.weight	85.06855773925781
2000	2	2500	blocks.11.attn.q.weight	68.02910614013672
2000	2	2500	blocks.11.attn.k.weight	51.93837356567383
2000	2	2500	blocks.11.attn.v.weight	66.35346984863281
2000	2	2500	blocks.11.attn.proj.weight	58.97429275512695
2000	2	2500	blocks.11.mlp.fc.weight	123.64940643310547
2000	2	2500	blocks.11.mlp.proj.weight	58.349853515625
2000	2	2625	blocks.0.attn.q.weight	49.01316833496094
2000	2	2625	blocks.0.attn.k.weight	48.52357864379883
2000	2	2625	blocks.0.attn.v.weight	43.432289123535156
2000	2	2625	blocks.0.attn.proj.weight	66.35479736328125
2000	2	2625	blocks.0.mlp.fc.weight	99.74639129638672
2000	2	2625	blocks.0.mlp.proj.weight	60.38539123535156
2000	2	2625	blocks.1.attn.q.weight	54.939842224121094
2000	2	2625	blocks.1.attn.k.weight	53.416133880615234
2000	2	2625	blocks.1.attn.v.weight	45.18696212768555
2000	2	2625	blocks.1.attn.proj.weight	52.88346862792969
2000	2	2625	blocks.1.mlp.fc.weight	163.17953491210938
2000	2	2625	blocks.1.mlp.proj.weight	62.96266174316406
2000	2	2625	blocks.2.attn.q.weight	47.00676727294922
2000	2	2625	blocks.2.attn.k.weight	70.94103240966797
2000	2	2625	blocks.2.attn.v.weight	54.201778411865234
2000	2	2625	blocks.2.attn.proj.weight	51.793418884277344
2000	2	2625	blocks.2.mlp.fc.weight	163.1902618408203
2000	2	2625	blocks.2.mlp.proj.weight	53.25048828125
2000	2	2625	blocks.3.attn.q.weight	68.87287139892578
2000	2	2625	blocks.3.attn.k.weight	70.6561279296875
2000	2	2625	blocks.3.attn.v.weight	73.98717498779297
2000	2	2625	blocks.3.attn.proj.weight	44.25201416015625
2000	2	2625	blocks.3.mlp.fc.weight	163.63404846191406
2000	2	2625	blocks.3.mlp.proj.weight	53.64452362060547
2000	2	2625	blocks.4.attn.q.weight	70.27984619140625
2000	2	2625	blocks.4.attn.k.weight	46.30303192138672
2000	2	2625	blocks.4.attn.v.weight	73.65449523925781
2000	2	2625	blocks.4.attn.proj.weight	52.19582748413086
2000	2	2625	blocks.4.mlp.fc.weight	109.07263946533203
2000	2	2625	blocks.4.mlp.proj.weight	63.87776184082031
2000	2	2625	blocks.5.attn.q.weight	54.09242630004883
2000	2	2625	blocks.5.attn.k.weight	69.8836898803711
2000	2	2625	blocks.5.attn.v.weight	56.82221603393555
2000	2	2625	blocks.5.attn.proj.weight	69.35623168945312
2000	2	2625	blocks.5.mlp.fc.weight	128.09693908691406
2000	2	2625	blocks.5.mlp.proj.weight	83.28264617919922
2000	2	2625	blocks.6.attn.q.weight	44.38499069213867
2000	2	2625	blocks.6.attn.k.weight	54.72830581665039
2000	2	2625	blocks.6.attn.v.weight	73.75580596923828
2000	2	2625	blocks.6.attn.proj.weight	68.02513885498047
2000	2	2625	blocks.6.mlp.fc.weight	108.36634826660156
2000	2	2625	blocks.6.mlp.proj.weight	83.48612976074219
2000	2	2625	blocks.7.attn.q.weight	44.83401870727539
2000	2	2625	blocks.7.attn.k.weight	69.77643585205078
2000	2	2625	blocks.7.attn.v.weight	57.1796760559082
2000	2	2625	blocks.7.attn.proj.weight	62.45679473876953
2000	2	2625	blocks.7.mlp.fc.weight	108.98445129394531
2000	2	2625	blocks.7.mlp.proj.weight	65.02205657958984
2000	2	2625	blocks.8.attn.q.weight	68.69145202636719
2000	2	2625	blocks.8.attn.k.weight	53.37177276611328
2000	2	2625	blocks.8.attn.v.weight	69.48052215576172
2000	2	2625	blocks.8.attn.proj.weight	54.13591003417969
2000	2	2625	blocks.8.mlp.fc.weight	127.95624542236328
2000	2	2625	blocks.8.mlp.proj.weight	55.68206024169922
2000	2	2625	blocks.9.attn.q.weight	53.46864318847656
2000	2	2625	blocks.9.attn.k.weight	45.245174407958984
2000	2	2625	blocks.9.attn.v.weight	88.84683227539062
2000	2	2625	blocks.9.attn.proj.weight	56.112030029296875
2000	2	2625	blocks.9.mlp.fc.weight	128.36463928222656
2000	2	2625	blocks.9.mlp.proj.weight	85.47388458251953
2000	2	2625	blocks.10.attn.q.weight	54.4076042175293
2000	2	2625	blocks.10.attn.k.weight	44.96159744262695
2000	2	2625	blocks.10.attn.v.weight	66.67094421386719
2000	2	2625	blocks.10.attn.proj.weight	77.03746032714844
2000	2	2625	blocks.10.mlp.fc.weight	166.08181762695312
2000	2	2625	blocks.10.mlp.proj.weight	86.36869049072266
2000	2	2625	blocks.11.attn.q.weight	68.95142364501953
2000	2	2625	blocks.11.attn.k.weight	52.42019271850586
2000	2	2625	blocks.11.attn.v.weight	66.17167663574219
2000	2	2625	blocks.11.attn.proj.weight	58.73479080200195
2000	2	2625	blocks.11.mlp.fc.weight	124.66353607177734
2000	2	2625	blocks.11.mlp.proj.weight	57.65654754638672
2000	2	2750	blocks.0.attn.q.weight	48.65650939941406
2000	2	2750	blocks.0.attn.k.weight	48.14775848388672
2000	2	2750	blocks.0.attn.v.weight	42.941375732421875
2000	2	2750	blocks.0.attn.proj.weight	67.0356216430664
2000	2	2750	blocks.0.mlp.fc.weight	98.9433364868164
2000	2	2750	blocks.0.mlp.proj.weight	60.957767486572266
2000	2	2750	blocks.1.attn.q.weight	55.26166915893555
2000	2	2750	blocks.1.attn.k.weight	53.73564910888672
2000	2	2750	blocks.1.attn.v.weight	44.796993255615234
2000	2	2750	blocks.1.attn.proj.weight	53.16188430786133
2000	2	2750	blocks.1.mlp.fc.weight	164.6715545654297
2000	2	2750	blocks.1.mlp.proj.weight	63.484344482421875
2000	2	2750	blocks.2.attn.q.weight	46.61430740356445
2000	2	2750	blocks.2.attn.k.weight	71.66683197021484
2000	2	2750	blocks.2.attn.v.weight	54.539058685302734
2000	2	2750	blocks.2.attn.proj.weight	52.105648040771484
2000	2	2750	blocks.2.mlp.fc.weight	164.7554931640625
2000	2	2750	blocks.2.mlp.proj.weight	52.81082534790039
2000	2	2750	blocks.3.attn.q.weight	69.39414978027344
2000	2	2750	blocks.3.attn.k.weight	71.23246002197266
2000	2	2750	blocks.3.attn.v.weight	74.64798736572266
2000	2	2750	blocks.3.attn.proj.weight	44.00117492675781
2000	2	2750	blocks.3.mlp.fc.weight	165.12420654296875
2000	2	2750	blocks.3.mlp.proj.weight	53.18514633178711
2000	2	2750	blocks.4.attn.q.weight	70.82770538330078
2000	2	2750	blocks.4.attn.k.weight	45.919273376464844
2000	2	2750	blocks.4.attn.v.weight	74.20735931396484
2000	2	2750	blocks.4.attn.proj.weight	52.55730438232422
2000	2	2750	blocks.4.mlp.fc.weight	107.9754867553711
2000	2	2750	blocks.4.mlp.proj.weight	64.25028991699219
2000	2	2750	blocks.5.attn.q.weight	54.46015548706055
2000	2	2750	blocks.5.attn.k.weight	70.48017120361328
2000	2	2750	blocks.5.attn.v.weight	57.134281158447266
2000	2	2750	blocks.5.attn.proj.weight	69.91959381103516
2000	2	2750	blocks.5.mlp.fc.weight	129.08876037597656
2000	2	2750	blocks.5.mlp.proj.weight	83.96450805664062
2000	2	2750	blocks.6.attn.q.weight	44.07258987426758
2000	2	2750	blocks.6.attn.k.weight	55.21781539916992
2000	2	2750	blocks.6.attn.v.weight	74.46565246582031
2000	2	2750	blocks.6.attn.proj.weight	68.71141815185547
2000	2	2750	blocks.6.mlp.fc.weight	107.43787384033203
2000	2	2750	blocks.6.mlp.proj.weight	84.05294799804688
2000	2	2750	blocks.7.attn.q.weight	44.51528549194336
2000	2	2750	blocks.7.attn.k.weight	70.31306457519531
2000	2	2750	blocks.7.attn.v.weight	56.597347259521484
2000	2	2750	blocks.7.attn.proj.weight	62.6298828125
2000	2	2750	blocks.7.mlp.fc.weight	107.9249496459961
2000	2	2750	blocks.7.mlp.proj.weight	65.37157440185547
2000	2	2750	blocks.8.attn.q.weight	69.17853546142578
2000	2	2750	blocks.8.attn.k.weight	53.76113510131836
2000	2	2750	blocks.8.attn.v.weight	69.5753402709961
2000	2	2750	blocks.8.attn.proj.weight	53.63113021850586
2000	2	2750	blocks.8.mlp.fc.weight	128.66390991210938
2000	2	2750	blocks.8.mlp.proj.weight	55.10097885131836
2000	2	2750	blocks.9.attn.q.weight	53.90152359008789
2000	2	2750	blocks.9.attn.k.weight	44.86086654663086
2000	2	2750	blocks.9.attn.v.weight	89.3507308959961
2000	2	2750	blocks.9.attn.proj.weight	55.61741256713867
2000	2	2750	blocks.9.mlp.fc.weight	129.2921600341797
2000	2	2750	blocks.9.mlp.proj.weight	86.0436019897461
2000	2	2750	blocks.10.attn.q.weight	54.76487731933594
2000	2	2750	blocks.10.attn.k.weight	44.54487991333008
2000	2	2750	blocks.10.attn.v.weight	66.7139663696289
2000	2	2750	blocks.10.attn.proj.weight	77.44707489013672
2000	2	2750	blocks.10.mlp.fc.weight	167.86483764648438
2000	2	2750	blocks.10.mlp.proj.weight	87.08128356933594
2000	2	2750	blocks.11.attn.q.weight	69.32778930664062
2000	2	2750	blocks.11.attn.k.weight	52.73759841918945
2000	2	2750	blocks.11.attn.v.weight	65.80912780761719
2000	2	2750	blocks.11.attn.proj.weight	58.356510162353516
2000	2	2750	blocks.11.mlp.fc.weight	125.2278060913086
2000	2	2750	blocks.11.mlp.proj.weight	57.066856384277344
