=== n8 ctrl seed 1: train_gpt_muonh_fast_slow_decay.py ===
W0827 07:42:35.001000 19568 torch/distributed/run.py:852] 
W0827 07:42:35.001000 19568 torch/distributed/run.py:852] *****************************************
W0827 07:42:35.001000 19568 torch/distributed/run.py:852] Setting OMP_NUM_THREADS environment variable for each process to be 1 in default, to avoid your system being overloaded, please further tune the variable for optimal performance in your application as needed. 
W0827 07:42:35.001000 19568 torch/distributed/run.py:852] *****************************************
logs/muonh_fast_slow_decay_warm100_plateauEnd200_peak0.03_fastEnd1750_floor0.006_slowlinear_exp0.6_steps3125_seed1.txt
step:0/3125 val_loss:10.99622 train_time:0.000s step_avg:nanms
step:1/3125 train_time:2.886s step_avg:2885.81ms
step:2/3125 train_time:3.032s step_avg:1516.07ms
step:3/3125 train_time:3.186s step_avg:1061.95ms
step:4/3125 train_time:3.338s step_avg:834.59ms
step:5/3125 train_time:3.492s step_avg:698.47ms
step:6/3125 train_time:3.646s step_avg:607.74ms
step:7/3125 train_time:3.800s step_avg:542.88ms
step:8/3125 train_time:3.955s step_avg:494.31ms
step:9/3125 train_time:4.109s step_avg:456.54ms
step:10/3125 train_time:4.263s step_avg:426.32ms
step:11/3125 train_time:4.417s step_avg:401.51ms
step:12/3125 train_time:4.570s step_avg:380.84ms
step:13/3125 train_time:4.725s step_avg:363.46ms
step:14/3125 train_time:4.879s step_avg:348.51ms
step:15/3125 train_time:5.035s step_avg:335.64ms
step:16/3125 train_time:5.189s step_avg:324.30ms
step:17/3125 train_time:5.343s step_avg:314.32ms
step:18/3125 train_time:5.498s step_avg:305.46ms
step:19/3125 train_time:5.652s step_avg:297.47ms
step:20/3125 train_time:5.807s step_avg:290.37ms
step:21/3125 train_time:5.961s step_avg:283.85ms
step:22/3125 train_time:6.115s step_avg:277.96ms
step:23/3125 train_time:6.269s step_avg:272.56ms
step:24/3125 train_time:6.424s step_avg:267.66ms
step:25/3125 train_time:6.577s step_avg:263.08ms
step:26/3125 train_time:6.732s step_avg:258.94ms
step:27/3125 train_time:6.886s step_avg:255.05ms
step:28/3125 train_time:7.040s step_avg:251.42ms
step:29/3125 train_time:7.194s step_avg:248.06ms
step:30/3125 train_time:7.350s step_avg:245.00ms
step:31/3125 train_time:7.507s step_avg:242.15ms
step:32/3125 train_time:7.661s step_avg:239.41ms
step:33/3125 train_time:7.815s step_avg:236.81ms
step:34/3125 train_time:7.969s step_avg:234.38ms
step:35/3125 train_time:8.125s step_avg:232.13ms
step:36/3125 train_time:8.279s step_avg:229.98ms
step:37/3125 train_time:8.434s step_avg:227.95ms
step:38/3125 train_time:8.589s step_avg:226.04ms
step:39/3125 train_time:8.745s step_avg:224.23ms
step:40/3125 train_time:8.898s step_avg:222.46ms
step:41/3125 train_time:9.053s step_avg:220.80ms
step:42/3125 train_time:9.207s step_avg:219.22ms
step:43/3125 train_time:9.361s step_avg:217.70ms
step:44/3125 train_time:9.516s step_avg:216.26ms
step:45/3125 train_time:9.670s step_avg:214.88ms
step:46/3125 train_time:9.825s step_avg:213.58ms
step:47/3125 train_time:9.979s step_avg:212.31ms
step:48/3125 train_time:10.132s step_avg:211.09ms
step:49/3125 train_time:10.288s step_avg:209.96ms
step:50/3125 train_time:10.442s step_avg:208.84ms
step:51/3125 train_time:10.596s step_avg:207.77ms
step:52/3125 train_time:10.750s step_avg:206.73ms
step:53/3125 train_time:10.905s step_avg:205.76ms
step:54/3125 train_time:11.060s step_avg:204.81ms
step:55/3125 train_time:11.215s step_avg:203.90ms
step:56/3125 train_time:11.369s step_avg:203.01ms
step:57/3125 train_time:11.524s step_avg:202.17ms
step:58/3125 train_time:11.677s step_avg:201.33ms
step:59/3125 train_time:11.832s step_avg:200.54ms
step:60/3125 train_time:11.986s step_avg:199.76ms
step:61/3125 train_time:12.140s step_avg:199.01ms
step:62/3125 train_time:12.294s step_avg:198.29ms
step:63/3125 train_time:12.448s step_avg:197.59ms
step:64/3125 train_time:12.603s step_avg:196.92ms
step:65/3125 train_time:12.757s step_avg:196.26ms
step:66/3125 train_time:12.911s step_avg:195.62ms
step:67/3125 train_time:13.066s step_avg:195.01ms
step:68/3125 train_time:13.220s step_avg:194.42ms
step:69/3125 train_time:13.375s step_avg:193.85ms
step:70/3125 train_time:13.530s step_avg:193.28ms
step:71/3125 train_time:13.684s step_avg:192.73ms
step:72/3125 train_time:13.840s step_avg:192.23ms
step:73/3125 train_time:13.995s step_avg:191.71ms
step:74/3125 train_time:14.150s step_avg:191.21ms
step:75/3125 train_time:14.305s step_avg:190.74ms
step:76/3125 train_time:14.458s step_avg:190.24ms
step:77/3125 train_time:14.614s step_avg:189.79ms
step:78/3125 train_time:14.769s step_avg:189.34ms
step:79/3125 train_time:14.925s step_avg:188.92ms
step:80/3125 train_time:15.080s step_avg:188.51ms
step:81/3125 train_time:15.234s step_avg:188.08ms
step:82/3125 train_time:15.387s step_avg:187.65ms
step:83/3125 train_time:15.541s step_avg:187.24ms
step:84/3125 train_time:15.696s step_avg:186.86ms
step:85/3125 train_time:15.850s step_avg:186.47ms
step:86/3125 train_time:16.004s step_avg:186.09ms
step:87/3125 train_time:16.157s step_avg:185.72ms
step:88/3125 train_time:16.311s step_avg:185.36ms
step:89/3125 train_time:16.465s step_avg:185.00ms
step:90/3125 train_time:16.619s step_avg:184.65ms
step:91/3125 train_time:16.773s step_avg:184.32ms
step:92/3125 train_time:16.928s step_avg:184.00ms
step:93/3125 train_time:17.082s step_avg:183.68ms
step:94/3125 train_time:17.236s step_avg:183.37ms
step:95/3125 train_time:17.391s step_avg:183.06ms
step:96/3125 train_time:17.547s step_avg:182.78ms
step:97/3125 train_time:17.700s step_avg:182.48ms
step:98/3125 train_time:17.855s step_avg:182.19ms
step:99/3125 train_time:18.009s step_avg:181.91ms
step:100/3125 train_time:18.162s step_avg:181.62ms
step:101/3125 train_time:18.316s step_avg:181.34ms
step:102/3125 train_time:18.469s step_avg:181.07ms
step:103/3125 train_time:18.623s step_avg:180.81ms
step:104/3125 train_time:18.777s step_avg:180.55ms
step:105/3125 train_time:18.932s step_avg:180.30ms
step:106/3125 train_time:19.086s step_avg:180.06ms
step:107/3125 train_time:19.240s step_avg:179.82ms
step:108/3125 train_time:19.394s step_avg:179.58ms
step:109/3125 train_time:19.548s step_avg:179.34ms
step:110/3125 train_time:19.703s step_avg:179.12ms
step:111/3125 train_time:19.856s step_avg:178.88ms
step:112/3125 train_time:20.010s step_avg:178.66ms
step:113/3125 train_time:20.164s step_avg:178.45ms
step:114/3125 train_time:20.317s step_avg:178.22ms
step:115/3125 train_time:20.471s step_avg:178.01ms
step:116/3125 train_time:20.627s step_avg:177.82ms
step:117/3125 train_time:20.780s step_avg:177.60ms
step:118/3125 train_time:20.935s step_avg:177.41ms
step:119/3125 train_time:21.088s step_avg:177.21ms
step:120/3125 train_time:21.243s step_avg:177.02ms
step:121/3125 train_time:21.396s step_avg:176.83ms
step:122/3125 train_time:21.550s step_avg:176.64ms
step:123/3125 train_time:21.705s step_avg:176.47ms
step:124/3125 train_time:21.859s step_avg:176.28ms
step:125/3125 train_time:22.014s step_avg:176.11ms
step:125/3125 val_loss:4.89809 train_time:22.022s step_avg:176.17ms
step:126/3125 train_time:22.171s step_avg:175.96ms
step:127/3125 train_time:22.327s step_avg:175.80ms
step:128/3125 train_time:22.478s step_avg:175.61ms
step:129/3125 train_time:22.633s step_avg:175.45ms
step:130/3125 train_time:22.787s step_avg:175.28ms
step:131/3125 train_time:22.940s step_avg:175.12ms
step:132/3125 train_time:23.095s step_avg:174.96ms
step:133/3125 train_time:23.251s step_avg:174.82ms
step:134/3125 train_time:23.404s step_avg:174.66ms
step:135/3125 train_time:23.560s step_avg:174.52ms
step:136/3125 train_time:23.713s step_avg:174.36ms
step:137/3125 train_time:23.867s step_avg:174.21ms
step:138/3125 train_time:24.020s step_avg:174.06ms
step:139/3125 train_time:24.174s step_avg:173.92ms
step:140/3125 train_time:24.328s step_avg:173.77ms
step:141/3125 train_time:24.482s step_avg:173.63ms
step:142/3125 train_time:24.635s step_avg:173.49ms
step:143/3125 train_time:24.788s step_avg:173.34ms
step:144/3125 train_time:24.942s step_avg:173.21ms
step:145/3125 train_time:25.095s step_avg:173.07ms
step:146/3125 train_time:25.251s step_avg:172.95ms
step:147/3125 train_time:25.405s step_avg:172.82ms
step:148/3125 train_time:25.559s step_avg:172.69ms
step:149/3125 train_time:25.712s step_avg:172.56ms
step:150/3125 train_time:25.866s step_avg:172.44ms
step:151/3125 train_time:26.019s step_avg:172.31ms
step:152/3125 train_time:26.173s step_avg:172.19ms
step:153/3125 train_time:26.327s step_avg:172.07ms
step:154/3125 train_time:26.482s step_avg:171.96ms
step:155/3125 train_time:26.636s step_avg:171.85ms
step:156/3125 train_time:26.790s step_avg:171.73ms
step:157/3125 train_time:26.944s step_avg:171.62ms
step:158/3125 train_time:27.099s step_avg:171.51ms
step:159/3125 train_time:27.253s step_avg:171.40ms
step:160/3125 train_time:27.406s step_avg:171.29ms
step:161/3125 train_time:27.559s step_avg:171.17ms
step:162/3125 train_time:27.712s step_avg:171.06ms
step:163/3125 train_time:27.866s step_avg:170.96ms
step:164/3125 train_time:28.019s step_avg:170.85ms
step:165/3125 train_time:28.173s step_avg:170.74ms
step:166/3125 train_time:28.327s step_avg:170.65ms
step:167/3125 train_time:28.481s step_avg:170.55ms
step:168/3125 train_time:28.635s step_avg:170.45ms
step:169/3125 train_time:28.789s step_avg:170.35ms
step:170/3125 train_time:28.942s step_avg:170.25ms
step:171/3125 train_time:29.096s step_avg:170.15ms
step:172/3125 train_time:29.250s step_avg:170.06ms
step:173/3125 train_time:29.403s step_avg:169.96ms
step:174/3125 train_time:29.558s step_avg:169.87ms
step:175/3125 train_time:29.711s step_avg:169.78ms
step:176/3125 train_time:29.865s step_avg:169.69ms
step:177/3125 train_time:30.018s step_avg:169.60ms
step:178/3125 train_time:30.172s step_avg:169.51ms
step:179/3125 train_time:30.327s step_avg:169.42ms
step:180/3125 train_time:30.480s step_avg:169.33ms
step:181/3125 train_time:30.634s step_avg:169.25ms
step:182/3125 train_time:30.789s step_avg:169.17ms
step:183/3125 train_time:30.942s step_avg:169.08ms
step:184/3125 train_time:31.095s step_avg:169.00ms
step:185/3125 train_time:31.249s step_avg:168.92ms
step:186/3125 train_time:31.404s step_avg:168.84ms
step:187/3125 train_time:31.558s step_avg:168.76ms
step:188/3125 train_time:31.711s step_avg:168.67ms
step:189/3125 train_time:31.865s step_avg:168.60ms
step:190/3125 train_time:32.019s step_avg:168.52ms
step:191/3125 train_time:32.318s step_avg:169.21ms
step:192/3125 train_time:32.473s step_avg:169.13ms
step:193/3125 train_time:32.627s step_avg:169.05ms
step:194/3125 train_time:32.780s step_avg:168.97ms
step:195/3125 train_time:32.933s step_avg:168.88ms
step:196/3125 train_time:33.086s step_avg:168.81ms
step:197/3125 train_time:33.241s step_avg:168.73ms
step:198/3125 train_time:33.394s step_avg:168.66ms
step:199/3125 train_time:33.548s step_avg:168.58ms
step:200/3125 train_time:33.701s step_avg:168.50ms
step:201/3125 train_time:33.856s step_avg:168.44ms
step:202/3125 train_time:34.011s step_avg:168.37ms
step:203/3125 train_time:34.165s step_avg:168.30ms
step:204/3125 train_time:34.319s step_avg:168.23ms
step:205/3125 train_time:34.473s step_avg:168.16ms
step:206/3125 train_time:34.627s step_avg:168.09ms
step:207/3125 train_time:34.781s step_avg:168.02ms
step:208/3125 train_time:34.934s step_avg:167.95ms
step:209/3125 train_time:35.088s step_avg:167.88ms
step:210/3125 train_time:35.242s step_avg:167.82ms
step:211/3125 train_time:35.395s step_avg:167.75ms
step:212/3125 train_time:35.551s step_avg:167.69ms
step:213/3125 train_time:35.704s step_avg:167.62ms
step:214/3125 train_time:35.858s step_avg:167.56ms
step:215/3125 train_time:36.011s step_avg:167.49ms
step:216/3125 train_time:36.165s step_avg:167.43ms
step:217/3125 train_time:36.318s step_avg:167.37ms
step:218/3125 train_time:36.474s step_avg:167.31ms
step:219/3125 train_time:36.630s step_avg:167.26ms
step:220/3125 train_time:36.783s step_avg:167.20ms
step:221/3125 train_time:36.936s step_avg:167.13ms
step:222/3125 train_time:37.090s step_avg:167.07ms
step:223/3125 train_time:37.243s step_avg:167.01ms
step:224/3125 train_time:37.398s step_avg:166.95ms
step:225/3125 train_time:37.552s step_avg:166.90ms
step:226/3125 train_time:37.706s step_avg:166.84ms
step:227/3125 train_time:37.860s step_avg:166.78ms
step:228/3125 train_time:38.012s step_avg:166.72ms
step:229/3125 train_time:38.166s step_avg:166.66ms
step:230/3125 train_time:38.319s step_avg:166.61ms
step:231/3125 train_time:38.473s step_avg:166.55ms
step:232/3125 train_time:38.628s step_avg:166.50ms
step:233/3125 train_time:38.781s step_avg:166.44ms
step:234/3125 train_time:38.935s step_avg:166.39ms
step:235/3125 train_time:39.089s step_avg:166.33ms
step:236/3125 train_time:39.241s step_avg:166.28ms
step:237/3125 train_time:39.395s step_avg:166.22ms
step:238/3125 train_time:39.549s step_avg:166.17ms
step:239/3125 train_time:39.704s step_avg:166.13ms
step:240/3125 train_time:39.859s step_avg:166.08ms
step:241/3125 train_time:40.012s step_avg:166.02ms
step:242/3125 train_time:40.165s step_avg:165.97ms
step:243/3125 train_time:40.318s step_avg:165.92ms
step:244/3125 train_time:40.472s step_avg:165.87ms
step:245/3125 train_time:40.627s step_avg:165.82ms
step:246/3125 train_time:40.780s step_avg:165.77ms
step:247/3125 train_time:40.933s step_avg:165.72ms
step:248/3125 train_time:41.088s step_avg:165.68ms
step:249/3125 train_time:41.241s step_avg:165.63ms
step:250/3125 train_time:41.394s step_avg:165.58ms
step:250/3125 val_loss:4.23014 train_time:41.403s step_avg:155.05ms
step:251/3125 train_time:41.550s step_avg:165.54ms
step:252/3125 train_time:41.705s step_avg:165.50ms
step:253/3125 train_time:41.859s step_avg:165.45ms
step:254/3125 train_time:42.012s step_avg:165.40ms
step:255/3125 train_time:42.165s step_avg:165.35ms
step:256/3125 train_time:42.318s step_avg:165.31ms
step:257/3125 train_time:42.472s step_avg:165.26ms
step:258/3125 train_time:42.625s step_avg:165.21ms
step:259/3125 train_time:42.779s step_avg:165.17ms
step:260/3125 train_time:42.933s step_avg:165.13ms
step:261/3125 train_time:43.086s step_avg:165.08ms
step:262/3125 train_time:43.239s step_avg:165.03ms
step:263/3125 train_time:43.394s step_avg:165.00ms
step:264/3125 train_time:43.547s step_avg:164.95ms
step:265/3125 train_time:43.700s step_avg:164.91ms
step:266/3125 train_time:43.855s step_avg:164.87ms
step:267/3125 train_time:44.009s step_avg:164.83ms
step:268/3125 train_time:44.162s step_avg:164.78ms
step:269/3125 train_time:44.315s step_avg:164.74ms
step:270/3125 train_time:44.469s step_avg:164.70ms
step:271/3125 train_time:44.623s step_avg:164.66ms
step:272/3125 train_time:44.777s step_avg:164.62ms
step:273/3125 train_time:44.931s step_avg:164.58ms
step:274/3125 train_time:45.085s step_avg:164.55ms
step:275/3125 train_time:45.239s step_avg:164.51ms
step:276/3125 train_time:45.393s step_avg:164.47ms
step:277/3125 train_time:45.546s step_avg:164.43ms
step:278/3125 train_time:45.701s step_avg:164.39ms
step:279/3125 train_time:45.855s step_avg:164.36ms
step:280/3125 train_time:46.009s step_avg:164.32ms
step:281/3125 train_time:46.163s step_avg:164.28ms
step:282/3125 train_time:46.316s step_avg:164.24ms
step:283/3125 train_time:46.470s step_avg:164.21ms
step:284/3125 train_time:46.624s step_avg:164.17ms
step:285/3125 train_time:46.778s step_avg:164.13ms
step:286/3125 train_time:46.932s step_avg:164.10ms
step:287/3125 train_time:47.085s step_avg:164.06ms
step:288/3125 train_time:47.238s step_avg:164.02ms
step:289/3125 train_time:47.392s step_avg:163.99ms
step:290/3125 train_time:47.546s step_avg:163.95ms
step:291/3125 train_time:47.699s step_avg:163.91ms
step:292/3125 train_time:47.852s step_avg:163.88ms
step:293/3125 train_time:48.006s step_avg:163.84ms
step:294/3125 train_time:48.159s step_avg:163.81ms
step:295/3125 train_time:48.313s step_avg:163.77ms
step:296/3125 train_time:48.466s step_avg:163.74ms
step:297/3125 train_time:48.619s step_avg:163.70ms
step:298/3125 train_time:48.773s step_avg:163.67ms
step:299/3125 train_time:48.926s step_avg:163.63ms
step:300/3125 train_time:49.080s step_avg:163.60ms
step:301/3125 train_time:49.234s step_avg:163.57ms
step:302/3125 train_time:49.387s step_avg:163.53ms
step:303/3125 train_time:49.540s step_avg:163.50ms
step:304/3125 train_time:49.696s step_avg:163.47ms
step:305/3125 train_time:49.849s step_avg:163.44ms
step:306/3125 train_time:50.004s step_avg:163.41ms
step:307/3125 train_time:50.157s step_avg:163.38ms
step:308/3125 train_time:50.311s step_avg:163.35ms
step:309/3125 train_time:50.465s step_avg:163.32ms
step:310/3125 train_time:50.618s step_avg:163.28ms
step:311/3125 train_time:50.771s step_avg:163.25ms
step:312/3125 train_time:50.925s step_avg:163.22ms
step:313/3125 train_time:51.078s step_avg:163.19ms
step:314/3125 train_time:51.231s step_avg:163.16ms
step:315/3125 train_time:51.385s step_avg:163.13ms
step:316/3125 train_time:51.538s step_avg:163.10ms
step:317/3125 train_time:51.691s step_avg:163.06ms
step:318/3125 train_time:51.845s step_avg:163.03ms
step:319/3125 train_time:52.000s step_avg:163.01ms
step:320/3125 train_time:52.154s step_avg:162.98ms
step:321/3125 train_time:52.307s step_avg:162.95ms
step:322/3125 train_time:52.461s step_avg:162.92ms
step:323/3125 train_time:52.614s step_avg:162.89ms
step:324/3125 train_time:52.767s step_avg:162.86ms
step:325/3125 train_time:52.921s step_avg:162.83ms
step:326/3125 train_time:53.076s step_avg:162.81ms
step:327/3125 train_time:53.229s step_avg:162.78ms
step:328/3125 train_time:53.383s step_avg:162.75ms
step:329/3125 train_time:53.536s step_avg:162.72ms
step:330/3125 train_time:53.689s step_avg:162.69ms
step:331/3125 train_time:53.843s step_avg:162.67ms
step:332/3125 train_time:53.997s step_avg:162.64ms
step:333/3125 train_time:54.150s step_avg:162.61ms
step:334/3125 train_time:54.303s step_avg:162.58ms
step:335/3125 train_time:54.456s step_avg:162.56ms
step:336/3125 train_time:54.610s step_avg:162.53ms
step:337/3125 train_time:54.764s step_avg:162.51ms
step:338/3125 train_time:54.917s step_avg:162.48ms
step:339/3125 train_time:55.071s step_avg:162.45ms
step:340/3125 train_time:55.224s step_avg:162.42ms
step:341/3125 train_time:55.377s step_avg:162.40ms
step:342/3125 train_time:55.531s step_avg:162.37ms
step:343/3125 train_time:55.684s step_avg:162.34ms
step:344/3125 train_time:55.837s step_avg:162.32ms
step:345/3125 train_time:55.990s step_avg:162.29ms
step:346/3125 train_time:56.144s step_avg:162.26ms
step:347/3125 train_time:56.297s step_avg:162.24ms
step:348/3125 train_time:56.450s step_avg:162.21ms
step:349/3125 train_time:56.604s step_avg:162.19ms
step:350/3125 train_time:56.758s step_avg:162.16ms
step:351/3125 train_time:56.913s step_avg:162.14ms
step:352/3125 train_time:57.066s step_avg:162.12ms
step:353/3125 train_time:57.219s step_avg:162.09ms
step:354/3125 train_time:57.372s step_avg:162.07ms
step:355/3125 train_time:57.525s step_avg:162.04ms
step:356/3125 train_time:57.679s step_avg:162.02ms
step:357/3125 train_time:57.832s step_avg:162.00ms
step:358/3125 train_time:57.986s step_avg:161.97ms
step:359/3125 train_time:58.139s step_avg:161.95ms
step:360/3125 train_time:58.293s step_avg:161.92ms
step:361/3125 train_time:58.445s step_avg:161.90ms
step:362/3125 train_time:58.598s step_avg:161.87ms
step:363/3125 train_time:58.752s step_avg:161.85ms
step:364/3125 train_time:58.905s step_avg:161.83ms
step:365/3125 train_time:59.059s step_avg:161.81ms
step:366/3125 train_time:59.214s step_avg:161.79ms
step:367/3125 train_time:59.366s step_avg:161.76ms
step:368/3125 train_time:59.520s step_avg:161.74ms
step:369/3125 train_time:59.675s step_avg:161.72ms
step:370/3125 train_time:59.828s step_avg:161.70ms
step:371/3125 train_time:59.981s step_avg:161.67ms
step:372/3125 train_time:60.135s step_avg:161.65ms
step:373/3125 train_time:60.288s step_avg:161.63ms
step:374/3125 train_time:60.442s step_avg:161.61ms
step:375/3125 train_time:60.596s step_avg:161.59ms
step:375/3125 val_loss:4.03716 train_time:60.604s step_avg:153.61ms
step:376/3125 train_time:60.753s step_avg:161.58ms
step:377/3125 train_time:60.906s step_avg:161.56ms
step:378/3125 train_time:61.059s step_avg:161.53ms
step:379/3125 train_time:61.213s step_avg:161.51ms
step:380/3125 train_time:61.366s step_avg:161.49ms
step:381/3125 train_time:61.574s step_avg:161.61ms
step:382/3125 train_time:61.727s step_avg:161.59ms
step:383/3125 train_time:61.881s step_avg:161.57ms
step:384/3125 train_time:62.034s step_avg:161.55ms
step:385/3125 train_time:62.188s step_avg:161.53ms
step:386/3125 train_time:62.342s step_avg:161.51ms
step:387/3125 train_time:62.495s step_avg:161.49ms
step:388/3125 train_time:62.648s step_avg:161.46ms
step:389/3125 train_time:62.802s step_avg:161.45ms
step:390/3125 train_time:62.957s step_avg:161.43ms
step:391/3125 train_time:63.110s step_avg:161.41ms
step:392/3125 train_time:63.264s step_avg:161.39ms
step:393/3125 train_time:63.418s step_avg:161.37ms
step:394/3125 train_time:63.572s step_avg:161.35ms
step:395/3125 train_time:63.726s step_avg:161.33ms
step:396/3125 train_time:63.880s step_avg:161.31ms
step:397/3125 train_time:64.034s step_avg:161.30ms
step:398/3125 train_time:64.188s step_avg:161.28ms
step:399/3125 train_time:64.342s step_avg:161.26ms
step:400/3125 train_time:64.495s step_avg:161.24ms
step:401/3125 train_time:64.648s step_avg:161.22ms
step:402/3125 train_time:64.802s step_avg:161.20ms
step:403/3125 train_time:64.955s step_avg:161.18ms
step:404/3125 train_time:65.110s step_avg:161.16ms
step:405/3125 train_time:65.264s step_avg:161.15ms
step:406/3125 train_time:65.417s step_avg:161.13ms
step:407/3125 train_time:65.570s step_avg:161.11ms
step:408/3125 train_time:65.725s step_avg:161.09ms
step:409/3125 train_time:65.878s step_avg:161.07ms
step:410/3125 train_time:66.033s step_avg:161.06ms
step:411/3125 train_time:66.187s step_avg:161.04ms
step:412/3125 train_time:66.340s step_avg:161.02ms
step:413/3125 train_time:66.493s step_avg:161.00ms
step:414/3125 train_time:66.646s step_avg:160.98ms
step:415/3125 train_time:66.798s step_avg:160.96ms
step:416/3125 train_time:66.953s step_avg:160.94ms
step:417/3125 train_time:67.107s step_avg:160.93ms
step:418/3125 train_time:67.261s step_avg:160.91ms
step:419/3125 train_time:67.415s step_avg:160.89ms
step:420/3125 train_time:67.567s step_avg:160.87ms
step:421/3125 train_time:67.721s step_avg:160.86ms
step:422/3125 train_time:67.874s step_avg:160.84ms
step:423/3125 train_time:68.028s step_avg:160.82ms
step:424/3125 train_time:68.182s step_avg:160.81ms
step:425/3125 train_time:68.335s step_avg:160.79ms
step:426/3125 train_time:68.489s step_avg:160.77ms
step:427/3125 train_time:68.642s step_avg:160.76ms
step:428/3125 train_time:68.795s step_avg:160.74ms
step:429/3125 train_time:68.948s step_avg:160.72ms
step:430/3125 train_time:69.104s step_avg:160.71ms
step:431/3125 train_time:69.257s step_avg:160.69ms
step:432/3125 train_time:69.410s step_avg:160.67ms
step:433/3125 train_time:69.564s step_avg:160.66ms
step:434/3125 train_time:69.717s step_avg:160.64ms
step:435/3125 train_time:69.872s step_avg:160.62ms
step:436/3125 train_time:70.025s step_avg:160.61ms
step:437/3125 train_time:70.178s step_avg:160.59ms
step:438/3125 train_time:70.332s step_avg:160.57ms
step:439/3125 train_time:70.485s step_avg:160.56ms
step:440/3125 train_time:70.638s step_avg:160.54ms
step:441/3125 train_time:70.792s step_avg:160.53ms
step:442/3125 train_time:70.945s step_avg:160.51ms
step:443/3125 train_time:71.098s step_avg:160.49ms
step:444/3125 train_time:71.254s step_avg:160.48ms
step:445/3125 train_time:71.407s step_avg:160.47ms
step:446/3125 train_time:71.560s step_avg:160.45ms
step:447/3125 train_time:71.714s step_avg:160.43ms
step:448/3125 train_time:71.867s step_avg:160.42ms
step:449/3125 train_time:72.020s step_avg:160.40ms
step:450/3125 train_time:72.174s step_avg:160.39ms
step:451/3125 train_time:72.327s step_avg:160.37ms
step:452/3125 train_time:72.481s step_avg:160.36ms
step:453/3125 train_time:72.634s step_avg:160.34ms
step:454/3125 train_time:72.788s step_avg:160.33ms
step:455/3125 train_time:72.942s step_avg:160.31ms
step:456/3125 train_time:73.095s step_avg:160.30ms
step:457/3125 train_time:73.249s step_avg:160.28ms
step:458/3125 train_time:73.403s step_avg:160.27ms
step:459/3125 train_time:73.556s step_avg:160.25ms
step:460/3125 train_time:73.709s step_avg:160.24ms
step:461/3125 train_time:73.862s step_avg:160.22ms
step:462/3125 train_time:74.015s step_avg:160.21ms
step:463/3125 train_time:74.168s step_avg:160.19ms
step:464/3125 train_time:74.323s step_avg:160.18ms
step:465/3125 train_time:74.477s step_avg:160.17ms
step:466/3125 train_time:74.630s step_avg:160.15ms
step:467/3125 train_time:74.784s step_avg:160.14ms
step:468/3125 train_time:74.938s step_avg:160.12ms
step:469/3125 train_time:75.092s step_avg:160.11ms
step:470/3125 train_time:75.245s step_avg:160.09ms
step:471/3125 train_time:75.397s step_avg:160.08ms
step:472/3125 train_time:75.553s step_avg:160.07ms
step:473/3125 train_time:75.706s step_avg:160.06ms
step:474/3125 train_time:75.859s step_avg:160.04ms
step:475/3125 train_time:76.014s step_avg:160.03ms
step:476/3125 train_time:76.166s step_avg:160.01ms
step:477/3125 train_time:76.319s step_avg:160.00ms
step:478/3125 train_time:76.473s step_avg:159.98ms
step:479/3125 train_time:76.627s step_avg:159.97ms
step:480/3125 train_time:76.780s step_avg:159.96ms
step:481/3125 train_time:76.935s step_avg:159.95ms
step:482/3125 train_time:77.088s step_avg:159.93ms
step:483/3125 train_time:77.242s step_avg:159.92ms
step:484/3125 train_time:77.395s step_avg:159.91ms
step:485/3125 train_time:77.548s step_avg:159.89ms
step:486/3125 train_time:77.702s step_avg:159.88ms
step:487/3125 train_time:77.855s step_avg:159.87ms
step:488/3125 train_time:78.010s step_avg:159.86ms
step:489/3125 train_time:78.163s step_avg:159.84ms
step:490/3125 train_time:78.316s step_avg:159.83ms
step:491/3125 train_time:78.468s step_avg:159.81ms
step:492/3125 train_time:78.621s step_avg:159.80ms
step:493/3125 train_time:78.775s step_avg:159.79ms
step:494/3125 train_time:78.929s step_avg:159.77ms
step:495/3125 train_time:79.083s step_avg:159.76ms
step:496/3125 train_time:79.236s step_avg:159.75ms
step:497/3125 train_time:79.388s step_avg:159.74ms
step:498/3125 train_time:79.542s step_avg:159.72ms
step:499/3125 train_time:79.695s step_avg:159.71ms
step:500/3125 train_time:79.849s step_avg:159.70ms
step:500/3125 val_loss:3.91881 train_time:79.857s step_avg:154.03ms
step:501/3125 train_time:80.004s step_avg:159.69ms
step:502/3125 train_time:80.159s step_avg:159.68ms
step:503/3125 train_time:80.312s step_avg:159.67ms
step:504/3125 train_time:80.465s step_avg:159.65ms
step:505/3125 train_time:80.618s step_avg:159.64ms
step:506/3125 train_time:80.771s step_avg:159.63ms
step:507/3125 train_time:80.924s step_avg:159.61ms
step:508/3125 train_time:81.079s step_avg:159.60ms
step:509/3125 train_time:81.233s step_avg:159.59ms
step:510/3125 train_time:81.386s step_avg:159.58ms
step:511/3125 train_time:81.541s step_avg:159.57ms
step:512/3125 train_time:81.693s step_avg:159.56ms
step:513/3125 train_time:81.847s step_avg:159.54ms
step:514/3125 train_time:82.000s step_avg:159.53ms
step:515/3125 train_time:82.153s step_avg:159.52ms
step:516/3125 train_time:82.307s step_avg:159.51ms
step:517/3125 train_time:82.461s step_avg:159.50ms
step:518/3125 train_time:82.614s step_avg:159.49ms
step:519/3125 train_time:82.768s step_avg:159.48ms
step:520/3125 train_time:82.922s step_avg:159.47ms
step:521/3125 train_time:83.075s step_avg:159.45ms
step:522/3125 train_time:83.229s step_avg:159.44ms
step:523/3125 train_time:83.382s step_avg:159.43ms
step:524/3125 train_time:83.536s step_avg:159.42ms
step:525/3125 train_time:83.690s step_avg:159.41ms
step:526/3125 train_time:83.843s step_avg:159.40ms
step:527/3125 train_time:83.996s step_avg:159.39ms
step:528/3125 train_time:84.149s step_avg:159.37ms
step:529/3125 train_time:84.302s step_avg:159.36ms
step:530/3125 train_time:84.455s step_avg:159.35ms
step:531/3125 train_time:84.610s step_avg:159.34ms
step:532/3125 train_time:84.763s step_avg:159.33ms
step:533/3125 train_time:84.917s step_avg:159.32ms
step:534/3125 train_time:85.070s step_avg:159.31ms
step:535/3125 train_time:85.223s step_avg:159.29ms
step:536/3125 train_time:85.375s step_avg:159.28ms
step:537/3125 train_time:85.529s step_avg:159.27ms
step:538/3125 train_time:85.683s step_avg:159.26ms
step:539/3125 train_time:85.837s step_avg:159.25ms
step:540/3125 train_time:85.990s step_avg:159.24ms
step:541/3125 train_time:86.143s step_avg:159.23ms
step:542/3125 train_time:86.297s step_avg:159.22ms
step:543/3125 train_time:86.451s step_avg:159.21ms
step:544/3125 train_time:86.604s step_avg:159.20ms
step:545/3125 train_time:86.759s step_avg:159.19ms
step:546/3125 train_time:86.913s step_avg:159.18ms
step:547/3125 train_time:87.066s step_avg:159.17ms
step:548/3125 train_time:87.219s step_avg:159.16ms
step:549/3125 train_time:87.372s step_avg:159.15ms
step:550/3125 train_time:87.525s step_avg:159.14ms
step:551/3125 train_time:87.679s step_avg:159.13ms
step:552/3125 train_time:87.832s step_avg:159.12ms
step:553/3125 train_time:87.986s step_avg:159.11ms
step:554/3125 train_time:88.139s step_avg:159.10ms
step:555/3125 train_time:88.292s step_avg:159.08ms
step:556/3125 train_time:88.445s step_avg:159.07ms
step:557/3125 train_time:88.599s step_avg:159.07ms
step:558/3125 train_time:88.753s step_avg:159.05ms
step:559/3125 train_time:88.905s step_avg:159.04ms
step:560/3125 train_time:89.059s step_avg:159.03ms
step:561/3125 train_time:89.213s step_avg:159.03ms
step:562/3125 train_time:89.367s step_avg:159.02ms
step:563/3125 train_time:89.520s step_avg:159.01ms
step:564/3125 train_time:89.673s step_avg:158.99ms
step:565/3125 train_time:89.827s step_avg:158.99ms
step:566/3125 train_time:89.981s step_avg:158.98ms
step:567/3125 train_time:90.133s step_avg:158.97ms
step:568/3125 train_time:90.288s step_avg:158.96ms
step:569/3125 train_time:90.441s step_avg:158.95ms
step:570/3125 train_time:90.594s step_avg:158.94ms
step:571/3125 train_time:90.797s step_avg:159.01ms
step:572/3125 train_time:90.951s step_avg:159.01ms
step:573/3125 train_time:91.104s step_avg:158.99ms
step:574/3125 train_time:91.258s step_avg:158.99ms
step:575/3125 train_time:91.412s step_avg:158.98ms
step:576/3125 train_time:91.565s step_avg:158.97ms
step:577/3125 train_time:91.719s step_avg:158.96ms
step:578/3125 train_time:91.871s step_avg:158.95ms
step:579/3125 train_time:92.024s step_avg:158.94ms
step:580/3125 train_time:92.178s step_avg:158.93ms
step:581/3125 train_time:92.332s step_avg:158.92ms
step:582/3125 train_time:92.484s step_avg:158.91ms
step:583/3125 train_time:92.639s step_avg:158.90ms
step:584/3125 train_time:92.793s step_avg:158.89ms
step:585/3125 train_time:92.946s step_avg:158.88ms
step:586/3125 train_time:93.100s step_avg:158.87ms
step:587/3125 train_time:93.254s step_avg:158.86ms
step:588/3125 train_time:93.408s step_avg:158.86ms
step:589/3125 train_time:93.562s step_avg:158.85ms
step:590/3125 train_time:93.715s step_avg:158.84ms
step:591/3125 train_time:93.869s step_avg:158.83ms
step:592/3125 train_time:94.022s step_avg:158.82ms
step:593/3125 train_time:94.175s step_avg:158.81ms
step:594/3125 train_time:94.329s step_avg:158.80ms
step:595/3125 train_time:94.482s step_avg:158.79ms
step:596/3125 train_time:94.636s step_avg:158.79ms
step:597/3125 train_time:94.790s step_avg:158.78ms
step:598/3125 train_time:94.944s step_avg:158.77ms
step:599/3125 train_time:95.097s step_avg:158.76ms
step:600/3125 train_time:95.251s step_avg:158.75ms
step:601/3125 train_time:95.404s step_avg:158.74ms
step:602/3125 train_time:95.557s step_avg:158.73ms
step:603/3125 train_time:95.711s step_avg:158.72ms
step:604/3125 train_time:95.865s step_avg:158.72ms
step:605/3125 train_time:96.018s step_avg:158.71ms
step:606/3125 train_time:96.171s step_avg:158.70ms
step:607/3125 train_time:96.325s step_avg:158.69ms
step:608/3125 train_time:96.479s step_avg:158.68ms
step:609/3125 train_time:96.632s step_avg:158.67ms
step:610/3125 train_time:96.786s step_avg:158.67ms
step:611/3125 train_time:96.940s step_avg:158.66ms
step:612/3125 train_time:97.093s step_avg:158.65ms
step:613/3125 train_time:97.246s step_avg:158.64ms
step:614/3125 train_time:97.399s step_avg:158.63ms
step:615/3125 train_time:97.552s step_avg:158.62ms
step:616/3125 train_time:97.706s step_avg:158.61ms
step:617/3125 train_time:97.860s step_avg:158.61ms
step:618/3125 train_time:98.013s step_avg:158.60ms
step:619/3125 train_time:98.168s step_avg:158.59ms
step:620/3125 train_time:98.321s step_avg:158.58ms
step:621/3125 train_time:98.474s step_avg:158.57ms
step:622/3125 train_time:98.627s step_avg:158.57ms
step:623/3125 train_time:98.781s step_avg:158.56ms
step:624/3125 train_time:98.935s step_avg:158.55ms
step:625/3125 train_time:99.089s step_avg:158.54ms
step:625/3125 val_loss:3.84656 train_time:99.097s step_avg:153.92ms
step:626/3125 train_time:99.246s step_avg:158.54ms
step:627/3125 train_time:99.398s step_avg:158.53ms
step:628/3125 train_time:99.551s step_avg:158.52ms
step:629/3125 train_time:99.704s step_avg:158.51ms
step:630/3125 train_time:99.858s step_avg:158.51ms
step:631/3125 train_time:100.012s step_avg:158.50ms
step:632/3125 train_time:100.166s step_avg:158.49ms
step:633/3125 train_time:100.318s step_avg:158.48ms
step:634/3125 train_time:100.471s step_avg:158.47ms
step:635/3125 train_time:100.625s step_avg:158.46ms
step:636/3125 train_time:100.779s step_avg:158.46ms
step:637/3125 train_time:100.932s step_avg:158.45ms
step:638/3125 train_time:101.085s step_avg:158.44ms
step:639/3125 train_time:101.239s step_avg:158.43ms
step:640/3125 train_time:101.392s step_avg:158.42ms
step:641/3125 train_time:101.545s step_avg:158.42ms
step:642/3125 train_time:101.698s step_avg:158.41ms
step:643/3125 train_time:101.851s step_avg:158.40ms
step:644/3125 train_time:102.004s step_avg:158.39ms
step:645/3125 train_time:102.158s step_avg:158.38ms
step:646/3125 train_time:102.312s step_avg:158.38ms
step:647/3125 train_time:102.466s step_avg:158.37ms
step:648/3125 train_time:102.619s step_avg:158.36ms
step:649/3125 train_time:102.772s step_avg:158.35ms
step:650/3125 train_time:102.927s step_avg:158.35ms
step:651/3125 train_time:103.081s step_avg:158.34ms
step:652/3125 train_time:103.235s step_avg:158.34ms
step:653/3125 train_time:103.389s step_avg:158.33ms
step:654/3125 train_time:103.542s step_avg:158.32ms
step:655/3125 train_time:103.696s step_avg:158.31ms
step:656/3125 train_time:103.849s step_avg:158.31ms
step:657/3125 train_time:104.001s step_avg:158.30ms
step:658/3125 train_time:104.156s step_avg:158.29ms
step:659/3125 train_time:104.309s step_avg:158.28ms
step:660/3125 train_time:104.463s step_avg:158.28ms
step:661/3125 train_time:104.617s step_avg:158.27ms
step:662/3125 train_time:104.770s step_avg:158.26ms
step:663/3125 train_time:104.922s step_avg:158.25ms
step:664/3125 train_time:105.075s step_avg:158.25ms
step:665/3125 train_time:105.228s step_avg:158.24ms
step:666/3125 train_time:105.382s step_avg:158.23ms
step:667/3125 train_time:105.535s step_avg:158.22ms
step:668/3125 train_time:105.689s step_avg:158.22ms
step:669/3125 train_time:105.842s step_avg:158.21ms
step:670/3125 train_time:105.997s step_avg:158.20ms
step:671/3125 train_time:106.150s step_avg:158.20ms
step:672/3125 train_time:106.303s step_avg:158.19ms
step:673/3125 train_time:106.456s step_avg:158.18ms
step:674/3125 train_time:106.609s step_avg:158.17ms
step:675/3125 train_time:106.762s step_avg:158.17ms
step:676/3125 train_time:106.915s step_avg:158.16ms
step:677/3125 train_time:107.068s step_avg:158.15ms
step:678/3125 train_time:107.221s step_avg:158.14ms
step:679/3125 train_time:107.375s step_avg:158.14ms
step:680/3125 train_time:107.527s step_avg:158.13ms
step:681/3125 train_time:107.681s step_avg:158.12ms
step:682/3125 train_time:107.834s step_avg:158.11ms
step:683/3125 train_time:107.988s step_avg:158.11ms
step:684/3125 train_time:108.141s step_avg:158.10ms
step:685/3125 train_time:108.293s step_avg:158.09ms
step:686/3125 train_time:108.447s step_avg:158.09ms
step:687/3125 train_time:108.600s step_avg:158.08ms
step:688/3125 train_time:108.754s step_avg:158.07ms
step:689/3125 train_time:108.907s step_avg:158.07ms
step:690/3125 train_time:109.061s step_avg:158.06ms
step:691/3125 train_time:109.215s step_avg:158.05ms
step:692/3125 train_time:109.369s step_avg:158.05ms
step:693/3125 train_time:109.521s step_avg:158.04ms
step:694/3125 train_time:109.675s step_avg:158.03ms
step:695/3125 train_time:109.829s step_avg:158.03ms
step:696/3125 train_time:109.983s step_avg:158.02ms
step:697/3125 train_time:110.137s step_avg:158.02ms
step:698/3125 train_time:110.290s step_avg:158.01ms
step:699/3125 train_time:110.443s step_avg:158.00ms
step:700/3125 train_time:110.596s step_avg:157.99ms
step:701/3125 train_time:110.749s step_avg:157.99ms
step:702/3125 train_time:110.902s step_avg:157.98ms
step:703/3125 train_time:111.056s step_avg:157.97ms
step:704/3125 train_time:111.209s step_avg:157.97ms
step:705/3125 train_time:111.362s step_avg:157.96ms
step:706/3125 train_time:111.516s step_avg:157.95ms
step:707/3125 train_time:111.669s step_avg:157.95ms
step:708/3125 train_time:111.822s step_avg:157.94ms
step:709/3125 train_time:111.975s step_avg:157.93ms
step:710/3125 train_time:112.129s step_avg:157.93ms
step:711/3125 train_time:112.282s step_avg:157.92ms
step:712/3125 train_time:112.436s step_avg:157.92ms
step:713/3125 train_time:112.589s step_avg:157.91ms
step:714/3125 train_time:112.741s step_avg:157.90ms
step:715/3125 train_time:112.894s step_avg:157.89ms
step:716/3125 train_time:113.049s step_avg:157.89ms
step:717/3125 train_time:113.201s step_avg:157.88ms
step:718/3125 train_time:113.356s step_avg:157.88ms
step:719/3125 train_time:113.509s step_avg:157.87ms
step:720/3125 train_time:113.661s step_avg:157.86ms
step:721/3125 train_time:113.814s step_avg:157.86ms
step:722/3125 train_time:113.967s step_avg:157.85ms
step:723/3125 train_time:114.120s step_avg:157.84ms
step:724/3125 train_time:114.273s step_avg:157.84ms
step:725/3125 train_time:114.427s step_avg:157.83ms
step:726/3125 train_time:114.580s step_avg:157.82ms
step:727/3125 train_time:114.733s step_avg:157.82ms
step:728/3125 train_time:114.887s step_avg:157.81ms
step:729/3125 train_time:115.040s step_avg:157.81ms
step:730/3125 train_time:115.193s step_avg:157.80ms
step:731/3125 train_time:115.347s step_avg:157.79ms
step:732/3125 train_time:115.500s step_avg:157.79ms
step:733/3125 train_time:115.653s step_avg:157.78ms
step:734/3125 train_time:115.806s step_avg:157.77ms
step:735/3125 train_time:115.960s step_avg:157.77ms
step:736/3125 train_time:116.114s step_avg:157.76ms
step:737/3125 train_time:116.267s step_avg:157.76ms
step:738/3125 train_time:116.419s step_avg:157.75ms
step:739/3125 train_time:116.573s step_avg:157.74ms
step:740/3125 train_time:116.726s step_avg:157.74ms
step:741/3125 train_time:116.881s step_avg:157.73ms
step:742/3125 train_time:117.034s step_avg:157.73ms
step:743/3125 train_time:117.188s step_avg:157.72ms
step:744/3125 train_time:117.341s step_avg:157.72ms
step:745/3125 train_time:117.495s step_avg:157.71ms
step:746/3125 train_time:117.648s step_avg:157.71ms
step:747/3125 train_time:117.801s step_avg:157.70ms
step:748/3125 train_time:117.954s step_avg:157.69ms
step:749/3125 train_time:118.107s step_avg:157.69ms
step:750/3125 train_time:118.261s step_avg:157.68ms
step:750/3125 val_loss:3.78546 train_time:118.269s step_avg:153.38ms
step:751/3125 train_time:118.418s step_avg:157.68ms
step:752/3125 train_time:118.571s step_avg:157.67ms
step:753/3125 train_time:118.724s step_avg:157.67ms
step:754/3125 train_time:118.877s step_avg:157.66ms
step:755/3125 train_time:119.029s step_avg:157.65ms
step:756/3125 train_time:119.184s step_avg:157.65ms
step:757/3125 train_time:119.338s step_avg:157.65ms
step:758/3125 train_time:119.490s step_avg:157.64ms
step:759/3125 train_time:119.643s step_avg:157.63ms
step:760/3125 train_time:119.796s step_avg:157.63ms
step:761/3125 train_time:120.001s step_avg:157.69ms
step:762/3125 train_time:120.154s step_avg:157.68ms
step:763/3125 train_time:120.308s step_avg:157.68ms
step:764/3125 train_time:120.460s step_avg:157.67ms
step:765/3125 train_time:120.614s step_avg:157.67ms
step:766/3125 train_time:120.769s step_avg:157.66ms
step:767/3125 train_time:120.923s step_avg:157.66ms
step:768/3125 train_time:121.078s step_avg:157.65ms
step:769/3125 train_time:121.231s step_avg:157.65ms
step:770/3125 train_time:121.386s step_avg:157.64ms
step:771/3125 train_time:121.538s step_avg:157.64ms
step:772/3125 train_time:121.693s step_avg:157.63ms
step:773/3125 train_time:121.846s step_avg:157.63ms
step:774/3125 train_time:122.000s step_avg:157.62ms
step:775/3125 train_time:122.153s step_avg:157.62ms
step:776/3125 train_time:122.307s step_avg:157.61ms
step:777/3125 train_time:122.460s step_avg:157.61ms
step:778/3125 train_time:122.614s step_avg:157.60ms
step:779/3125 train_time:122.767s step_avg:157.60ms
step:780/3125 train_time:122.920s step_avg:157.59ms
step:781/3125 train_time:123.072s step_avg:157.58ms
step:782/3125 train_time:123.226s step_avg:157.58ms
step:783/3125 train_time:123.379s step_avg:157.57ms
step:784/3125 train_time:123.532s step_avg:157.57ms
step:785/3125 train_time:123.686s step_avg:157.56ms
step:786/3125 train_time:123.838s step_avg:157.55ms
step:787/3125 train_time:123.993s step_avg:157.55ms
step:788/3125 train_time:124.147s step_avg:157.55ms
step:789/3125 train_time:124.299s step_avg:157.54ms
step:790/3125 train_time:124.451s step_avg:157.53ms
step:791/3125 train_time:124.606s step_avg:157.53ms
step:792/3125 train_time:124.759s step_avg:157.52ms
step:793/3125 train_time:124.912s step_avg:157.52ms
step:794/3125 train_time:125.066s step_avg:157.51ms
step:795/3125 train_time:125.218s step_avg:157.51ms
step:796/3125 train_time:125.371s step_avg:157.50ms
step:797/3125 train_time:125.525s step_avg:157.50ms
step:798/3125 train_time:125.678s step_avg:157.49ms
step:799/3125 train_time:125.831s step_avg:157.49ms
step:800/3125 train_time:125.985s step_avg:157.48ms
step:801/3125 train_time:126.138s step_avg:157.48ms
step:802/3125 train_time:126.291s step_avg:157.47ms
step:803/3125 train_time:126.446s step_avg:157.47ms
step:804/3125 train_time:126.598s step_avg:157.46ms
step:805/3125 train_time:126.751s step_avg:157.45ms
step:806/3125 train_time:126.904s step_avg:157.45ms
step:807/3125 train_time:127.058s step_avg:157.44ms
step:808/3125 train_time:127.211s step_avg:157.44ms
step:809/3125 train_time:127.365s step_avg:157.43ms
step:810/3125 train_time:127.518s step_avg:157.43ms
step:811/3125 train_time:127.672s step_avg:157.43ms
step:812/3125 train_time:127.826s step_avg:157.42ms
step:813/3125 train_time:127.979s step_avg:157.42ms
step:814/3125 train_time:128.132s step_avg:157.41ms
step:815/3125 train_time:128.286s step_avg:157.41ms
step:816/3125 train_time:128.439s step_avg:157.40ms
step:817/3125 train_time:128.593s step_avg:157.40ms
step:818/3125 train_time:128.746s step_avg:157.39ms
step:819/3125 train_time:128.899s step_avg:157.39ms
step:820/3125 train_time:129.051s step_avg:157.38ms
step:821/3125 train_time:129.204s step_avg:157.37ms
step:822/3125 train_time:129.358s step_avg:157.37ms
step:823/3125 train_time:129.511s step_avg:157.36ms
step:824/3125 train_time:129.665s step_avg:157.36ms
step:825/3125 train_time:129.818s step_avg:157.36ms
step:826/3125 train_time:129.971s step_avg:157.35ms
step:827/3125 train_time:130.125s step_avg:157.35ms
step:828/3125 train_time:130.277s step_avg:157.34ms
step:829/3125 train_time:130.430s step_avg:157.33ms
step:830/3125 train_time:130.586s step_avg:157.33ms
step:831/3125 train_time:130.739s step_avg:157.33ms
step:832/3125 train_time:130.892s step_avg:157.32ms
step:833/3125 train_time:131.046s step_avg:157.32ms
step:834/3125 train_time:131.199s step_avg:157.31ms
step:835/3125 train_time:131.351s step_avg:157.31ms
step:836/3125 train_time:131.506s step_avg:157.30ms
step:837/3125 train_time:131.659s step_avg:157.30ms
step:838/3125 train_time:131.812s step_avg:157.29ms
step:839/3125 train_time:131.966s step_avg:157.29ms
step:840/3125 train_time:132.118s step_avg:157.28ms
step:841/3125 train_time:132.271s step_avg:157.28ms
step:842/3125 train_time:132.424s step_avg:157.27ms
step:843/3125 train_time:132.576s step_avg:157.27ms
step:844/3125 train_time:132.729s step_avg:157.26ms
step:845/3125 train_time:132.882s step_avg:157.26ms
step:846/3125 train_time:133.037s step_avg:157.25ms
step:847/3125 train_time:133.190s step_avg:157.25ms
step:848/3125 train_time:133.344s step_avg:157.24ms
step:849/3125 train_time:133.497s step_avg:157.24ms
step:850/3125 train_time:133.649s step_avg:157.23ms
step:851/3125 train_time:133.802s step_avg:157.23ms
step:852/3125 train_time:133.955s step_avg:157.22ms
step:853/3125 train_time:134.109s step_avg:157.22ms
step:854/3125 train_time:134.262s step_avg:157.22ms
step:855/3125 train_time:134.416s step_avg:157.21ms
step:856/3125 train_time:134.569s step_avg:157.21ms
step:857/3125 train_time:134.722s step_avg:157.20ms
step:858/3125 train_time:134.879s step_avg:157.20ms
step:859/3125 train_time:135.032s step_avg:157.20ms
step:860/3125 train_time:135.187s step_avg:157.19ms
step:861/3125 train_time:135.339s step_avg:157.19ms
step:862/3125 train_time:135.492s step_avg:157.18ms
step:863/3125 train_time:135.646s step_avg:157.18ms
step:864/3125 train_time:135.799s step_avg:157.17ms
step:865/3125 train_time:135.951s step_avg:157.17ms
step:866/3125 train_time:136.104s step_avg:157.16ms
step:867/3125 train_time:136.257s step_avg:157.16ms
step:868/3125 train_time:136.410s step_avg:157.15ms
step:869/3125 train_time:136.564s step_avg:157.15ms
step:870/3125 train_time:136.717s step_avg:157.15ms
step:871/3125 train_time:136.871s step_avg:157.14ms
step:872/3125 train_time:137.024s step_avg:157.14ms
step:873/3125 train_time:137.177s step_avg:157.13ms
step:874/3125 train_time:137.330s step_avg:157.13ms
step:875/3125 train_time:137.482s step_avg:157.12ms
step:875/3125 val_loss:3.73151 train_time:137.491s step_avg:153.77ms
step:876/3125 train_time:137.639s step_avg:157.12ms
step:877/3125 train_time:137.793s step_avg:157.12ms
step:878/3125 train_time:137.945s step_avg:157.11ms
step:879/3125 train_time:138.098s step_avg:157.11ms
step:880/3125 train_time:138.252s step_avg:157.10ms
step:881/3125 train_time:138.405s step_avg:157.10ms
step:882/3125 train_time:138.559s step_avg:157.10ms
step:883/3125 train_time:138.713s step_avg:157.09ms
step:884/3125 train_time:138.866s step_avg:157.09ms
step:885/3125 train_time:139.019s step_avg:157.08ms
step:886/3125 train_time:139.172s step_avg:157.08ms
step:887/3125 train_time:139.327s step_avg:157.08ms
step:888/3125 train_time:139.480s step_avg:157.07ms
step:889/3125 train_time:139.634s step_avg:157.07ms
step:890/3125 train_time:139.788s step_avg:157.06ms
step:891/3125 train_time:139.941s step_avg:157.06ms
step:892/3125 train_time:140.094s step_avg:157.06ms
step:893/3125 train_time:140.247s step_avg:157.05ms
step:894/3125 train_time:140.400s step_avg:157.05ms
step:895/3125 train_time:140.553s step_avg:157.04ms
step:896/3125 train_time:140.706s step_avg:157.04ms
step:897/3125 train_time:140.860s step_avg:157.03ms
step:898/3125 train_time:141.014s step_avg:157.03ms
step:899/3125 train_time:141.167s step_avg:157.03ms
step:900/3125 train_time:141.321s step_avg:157.02ms
step:901/3125 train_time:141.473s step_avg:157.02ms
step:902/3125 train_time:141.626s step_avg:157.01ms
step:903/3125 train_time:141.779s step_avg:157.01ms
step:904/3125 train_time:141.933s step_avg:157.01ms
step:905/3125 train_time:142.086s step_avg:157.00ms
step:906/3125 train_time:142.241s step_avg:157.00ms
step:907/3125 train_time:142.395s step_avg:157.00ms
step:908/3125 train_time:142.548s step_avg:156.99ms
step:909/3125 train_time:142.702s step_avg:156.99ms
step:910/3125 train_time:142.854s step_avg:156.98ms
step:911/3125 train_time:143.008s step_avg:156.98ms
step:912/3125 train_time:143.161s step_avg:156.97ms
step:913/3125 train_time:143.314s step_avg:156.97ms
step:914/3125 train_time:143.467s step_avg:156.97ms
step:915/3125 train_time:143.620s step_avg:156.96ms
step:916/3125 train_time:143.773s step_avg:156.96ms
step:917/3125 train_time:143.926s step_avg:156.95ms
step:918/3125 train_time:144.079s step_avg:156.95ms
step:919/3125 train_time:144.234s step_avg:156.95ms
step:920/3125 train_time:144.387s step_avg:156.94ms
step:921/3125 train_time:144.540s step_avg:156.94ms
step:922/3125 train_time:144.694s step_avg:156.94ms
step:923/3125 train_time:144.847s step_avg:156.93ms
step:924/3125 train_time:145.000s step_avg:156.93ms
step:925/3125 train_time:145.153s step_avg:156.92ms
step:926/3125 train_time:145.307s step_avg:156.92ms
step:927/3125 train_time:145.461s step_avg:156.92ms
step:928/3125 train_time:145.615s step_avg:156.91ms
step:929/3125 train_time:145.768s step_avg:156.91ms
step:930/3125 train_time:145.922s step_avg:156.91ms
step:931/3125 train_time:146.074s step_avg:156.90ms
step:932/3125 train_time:146.229s step_avg:156.90ms
step:933/3125 train_time:146.382s step_avg:156.89ms
step:934/3125 train_time:146.535s step_avg:156.89ms
step:935/3125 train_time:146.688s step_avg:156.89ms
step:936/3125 train_time:146.842s step_avg:156.88ms
step:937/3125 train_time:146.995s step_avg:156.88ms
step:938/3125 train_time:147.149s step_avg:156.88ms
step:939/3125 train_time:147.301s step_avg:156.87ms
step:940/3125 train_time:147.455s step_avg:156.87ms
step:941/3125 train_time:147.608s step_avg:156.86ms
step:942/3125 train_time:147.763s step_avg:156.86ms
step:943/3125 train_time:147.916s step_avg:156.86ms
step:944/3125 train_time:148.069s step_avg:156.85ms
step:945/3125 train_time:148.223s step_avg:156.85ms
step:946/3125 train_time:148.375s step_avg:156.85ms
step:947/3125 train_time:148.528s step_avg:156.84ms
step:948/3125 train_time:148.681s step_avg:156.84ms
step:949/3125 train_time:148.835s step_avg:156.83ms
step:950/3125 train_time:148.989s step_avg:156.83ms
step:951/3125 train_time:149.190s step_avg:156.88ms
step:952/3125 train_time:149.342s step_avg:156.87ms
step:953/3125 train_time:149.494s step_avg:156.87ms
step:954/3125 train_time:149.648s step_avg:156.86ms
step:955/3125 train_time:149.801s step_avg:156.86ms
step:956/3125 train_time:149.955s step_avg:156.86ms
step:957/3125 train_time:150.110s step_avg:156.85ms
step:958/3125 train_time:150.264s step_avg:156.85ms
step:959/3125 train_time:150.419s step_avg:156.85ms
step:960/3125 train_time:150.572s step_avg:156.85ms
step:961/3125 train_time:150.725s step_avg:156.84ms
step:962/3125 train_time:150.877s step_avg:156.84ms
step:963/3125 train_time:151.032s step_avg:156.83ms
step:964/3125 train_time:151.184s step_avg:156.83ms
step:965/3125 train_time:151.338s step_avg:156.83ms
step:966/3125 train_time:151.492s step_avg:156.82ms
step:967/3125 train_time:151.644s step_avg:156.82ms
step:968/3125 train_time:151.798s step_avg:156.82ms
step:969/3125 train_time:151.952s step_avg:156.81ms
step:970/3125 train_time:152.104s step_avg:156.81ms
step:971/3125 train_time:152.258s step_avg:156.80ms
step:972/3125 train_time:152.411s step_avg:156.80ms
step:973/3125 train_time:152.564s step_avg:156.80ms
step:974/3125 train_time:152.719s step_avg:156.80ms
step:975/3125 train_time:152.871s step_avg:156.79ms
step:976/3125 train_time:153.024s step_avg:156.79ms
step:977/3125 train_time:153.177s step_avg:156.78ms
step:978/3125 train_time:153.332s step_avg:156.78ms
step:979/3125 train_time:153.485s step_avg:156.78ms
step:980/3125 train_time:153.639s step_avg:156.77ms
step:981/3125 train_time:153.792s step_avg:156.77ms
step:982/3125 train_time:153.945s step_avg:156.77ms
step:983/3125 train_time:154.098s step_avg:156.76ms
step:984/3125 train_time:154.252s step_avg:156.76ms
step:985/3125 train_time:154.405s step_avg:156.76ms
step:986/3125 train_time:154.558s step_avg:156.75ms
step:987/3125 train_time:154.712s step_avg:156.75ms
step:988/3125 train_time:154.867s step_avg:156.75ms
step:989/3125 train_time:155.020s step_avg:156.74ms
step:990/3125 train_time:155.173s step_avg:156.74ms
step:991/3125 train_time:155.325s step_avg:156.74ms
step:992/3125 train_time:155.478s step_avg:156.73ms
step:993/3125 train_time:155.632s step_avg:156.73ms
step:994/3125 train_time:155.785s step_avg:156.73ms
step:995/3125 train_time:155.938s step_avg:156.72ms
step:996/3125 train_time:156.093s step_avg:156.72ms
step:997/3125 train_time:156.245s step_avg:156.72ms
step:998/3125 train_time:156.399s step_avg:156.71ms
step:999/3125 train_time:156.552s step_avg:156.71ms
step:1000/3125 train_time:156.705s step_avg:156.71ms
step:1000/3125 val_loss:3.68852 train_time:156.713s step_avg:153.78ms
step:1001/3125 train_time:156.861s step_avg:156.70ms
step:1002/3125 train_time:157.015s step_avg:156.70ms
step:1003/3125 train_time:157.168s step_avg:156.70ms
step:1004/3125 train_time:157.321s step_avg:156.69ms
step:1005/3125 train_time:157.474s step_avg:156.69ms
step:1006/3125 train_time:157.627s step_avg:156.69ms
step:1007/3125 train_time:157.780s step_avg:156.68ms
step:1008/3125 train_time:157.933s step_avg:156.68ms
step:1009/3125 train_time:158.088s step_avg:156.68ms
step:1010/3125 train_time:158.241s step_avg:156.67ms
step:1011/3125 train_time:158.393s step_avg:156.67ms
step:1012/3125 train_time:158.547s step_avg:156.67ms
step:1013/3125 train_time:158.700s step_avg:156.66ms
step:1014/3125 train_time:158.853s step_avg:156.66ms
step:1015/3125 train_time:159.006s step_avg:156.66ms
step:1016/3125 train_time:159.160s step_avg:156.65ms
step:1017/3125 train_time:159.312s step_avg:156.65ms
step:1018/3125 train_time:159.466s step_avg:156.65ms
step:1019/3125 train_time:159.620s step_avg:156.64ms
step:1020/3125 train_time:159.774s step_avg:156.64ms
step:1021/3125 train_time:159.927s step_avg:156.64ms
step:1022/3125 train_time:160.080s step_avg:156.63ms
step:1023/3125 train_time:160.233s step_avg:156.63ms
step:1024/3125 train_time:160.387s step_avg:156.63ms
step:1025/3125 train_time:160.540s step_avg:156.62ms
step:1026/3125 train_time:160.693s step_avg:156.62ms
step:1027/3125 train_time:160.846s step_avg:156.62ms
step:1028/3125 train_time:160.999s step_avg:156.61ms
step:1029/3125 train_time:161.151s step_avg:156.61ms
step:1030/3125 train_time:161.304s step_avg:156.61ms
step:1031/3125 train_time:161.459s step_avg:156.60ms
step:1032/3125 train_time:161.611s step_avg:156.60ms
step:1033/3125 train_time:161.765s step_avg:156.60ms
step:1034/3125 train_time:161.919s step_avg:156.59ms
step:1035/3125 train_time:162.071s step_avg:156.59ms
step:1036/3125 train_time:162.224s step_avg:156.59ms
step:1037/3125 train_time:162.377s step_avg:156.58ms
step:1038/3125 train_time:162.531s step_avg:156.58ms
step:1039/3125 train_time:162.683s step_avg:156.58ms
step:1040/3125 train_time:162.837s step_avg:156.57ms
step:1041/3125 train_time:162.990s step_avg:156.57ms
step:1042/3125 train_time:163.143s step_avg:156.57ms
step:1043/3125 train_time:163.297s step_avg:156.56ms
step:1044/3125 train_time:163.449s step_avg:156.56ms
step:1045/3125 train_time:163.602s step_avg:156.56ms
step:1046/3125 train_time:163.755s step_avg:156.55ms
step:1047/3125 train_time:163.909s step_avg:156.55ms
step:1048/3125 train_time:164.061s step_avg:156.55ms
step:1049/3125 train_time:164.214s step_avg:156.54ms
step:1050/3125 train_time:164.368s step_avg:156.54ms
step:1051/3125 train_time:164.522s step_avg:156.54ms
step:1052/3125 train_time:164.675s step_avg:156.53ms
step:1053/3125 train_time:164.828s step_avg:156.53ms
step:1054/3125 train_time:164.981s step_avg:156.53ms
step:1055/3125 train_time:165.134s step_avg:156.52ms
step:1056/3125 train_time:165.287s step_avg:156.52ms
step:1057/3125 train_time:165.441s step_avg:156.52ms
step:1058/3125 train_time:165.593s step_avg:156.52ms
step:1059/3125 train_time:165.748s step_avg:156.51ms
step:1060/3125 train_time:165.901s step_avg:156.51ms
step:1061/3125 train_time:166.054s step_avg:156.51ms
step:1062/3125 train_time:166.208s step_avg:156.50ms
step:1063/3125 train_time:166.361s step_avg:156.50ms
step:1064/3125 train_time:166.514s step_avg:156.50ms
step:1065/3125 train_time:166.668s step_avg:156.50ms
step:1066/3125 train_time:166.821s step_avg:156.49ms
step:1067/3125 train_time:166.974s step_avg:156.49ms
step:1068/3125 train_time:167.128s step_avg:156.49ms
step:1069/3125 train_time:167.281s step_avg:156.48ms
step:1070/3125 train_time:167.433s step_avg:156.48ms
step:1071/3125 train_time:167.587s step_avg:156.48ms
step:1072/3125 train_time:167.741s step_avg:156.48ms
step:1073/3125 train_time:167.895s step_avg:156.47ms
step:1074/3125 train_time:168.048s step_avg:156.47ms
step:1075/3125 train_time:168.201s step_avg:156.47ms
step:1076/3125 train_time:168.355s step_avg:156.46ms
step:1077/3125 train_time:168.509s step_avg:156.46ms
step:1078/3125 train_time:168.662s step_avg:156.46ms
step:1079/3125 train_time:168.816s step_avg:156.46ms
step:1080/3125 train_time:168.969s step_avg:156.45ms
step:1081/3125 train_time:169.122s step_avg:156.45ms
step:1082/3125 train_time:169.274s step_avg:156.45ms
step:1083/3125 train_time:169.427s step_avg:156.44ms
step:1084/3125 train_time:169.579s step_avg:156.44ms
step:1085/3125 train_time:169.732s step_avg:156.44ms
step:1086/3125 train_time:169.886s step_avg:156.43ms
step:1087/3125 train_time:170.040s step_avg:156.43ms
step:1088/3125 train_time:170.192s step_avg:156.43ms
step:1089/3125 train_time:170.346s step_avg:156.42ms
step:1090/3125 train_time:170.499s step_avg:156.42ms
step:1091/3125 train_time:170.651s step_avg:156.42ms
step:1092/3125 train_time:170.804s step_avg:156.41ms
step:1093/3125 train_time:170.958s step_avg:156.41ms
step:1094/3125 train_time:171.110s step_avg:156.41ms
step:1095/3125 train_time:171.264s step_avg:156.41ms
step:1096/3125 train_time:171.417s step_avg:156.40ms
step:1097/3125 train_time:171.570s step_avg:156.40ms
step:1098/3125 train_time:171.723s step_avg:156.40ms
step:1099/3125 train_time:171.876s step_avg:156.39ms
step:1100/3125 train_time:172.029s step_avg:156.39ms
step:1101/3125 train_time:172.182s step_avg:156.39ms
step:1102/3125 train_time:172.335s step_avg:156.38ms
step:1103/3125 train_time:172.488s step_avg:156.38ms
step:1104/3125 train_time:172.641s step_avg:156.38ms
step:1105/3125 train_time:172.795s step_avg:156.38ms
step:1106/3125 train_time:172.948s step_avg:156.37ms
step:1107/3125 train_time:173.101s step_avg:156.37ms
step:1108/3125 train_time:173.255s step_avg:156.37ms
step:1109/3125 train_time:173.408s step_avg:156.36ms
step:1110/3125 train_time:173.562s step_avg:156.36ms
step:1111/3125 train_time:173.715s step_avg:156.36ms
step:1112/3125 train_time:173.869s step_avg:156.36ms
step:1113/3125 train_time:174.021s step_avg:156.35ms
step:1114/3125 train_time:174.174s step_avg:156.35ms
step:1115/3125 train_time:174.327s step_avg:156.35ms
step:1116/3125 train_time:174.480s step_avg:156.34ms
step:1117/3125 train_time:174.632s step_avg:156.34ms
step:1118/3125 train_time:174.787s step_avg:156.34ms
step:1119/3125 train_time:174.941s step_avg:156.34ms
step:1120/3125 train_time:175.093s step_avg:156.33ms
step:1121/3125 train_time:175.246s step_avg:156.33ms
step:1122/3125 train_time:175.400s step_avg:156.33ms
step:1123/3125 train_time:175.553s step_avg:156.32ms
step:1124/3125 train_time:175.705s step_avg:156.32ms
step:1125/3125 train_time:175.859s step_avg:156.32ms
step:1125/3125 val_loss:3.65161 train_time:175.868s step_avg:153.23ms
step:1126/3125 train_time:176.017s step_avg:156.32ms
step:1127/3125 train_time:176.170s step_avg:156.32ms
step:1128/3125 train_time:176.323s step_avg:156.31ms
step:1129/3125 train_time:176.476s step_avg:156.31ms
step:1130/3125 train_time:176.628s step_avg:156.31ms
step:1131/3125 train_time:176.781s step_avg:156.31ms
step:1132/3125 train_time:176.934s step_avg:156.30ms
step:1133/3125 train_time:177.088s step_avg:156.30ms
step:1134/3125 train_time:177.242s step_avg:156.30ms
step:1135/3125 train_time:177.395s step_avg:156.30ms
step:1136/3125 train_time:177.549s step_avg:156.29ms
step:1137/3125 train_time:177.702s step_avg:156.29ms
step:1138/3125 train_time:177.855s step_avg:156.29ms
step:1139/3125 train_time:178.007s step_avg:156.28ms
step:1140/3125 train_time:178.161s step_avg:156.28ms
step:1141/3125 train_time:178.368s step_avg:156.33ms
step:1142/3125 train_time:178.521s step_avg:156.32ms
step:1143/3125 train_time:178.673s step_avg:156.32ms
step:1144/3125 train_time:178.826s step_avg:156.32ms
step:1145/3125 train_time:178.979s step_avg:156.31ms
step:1146/3125 train_time:179.131s step_avg:156.31ms
step:1147/3125 train_time:179.285s step_avg:156.31ms
step:1148/3125 train_time:179.438s step_avg:156.31ms
step:1149/3125 train_time:179.593s step_avg:156.30ms
step:1150/3125 train_time:179.747s step_avg:156.30ms
step:1151/3125 train_time:179.900s step_avg:156.30ms
step:1152/3125 train_time:180.053s step_avg:156.30ms
step:1153/3125 train_time:180.206s step_avg:156.29ms
step:1154/3125 train_time:180.359s step_avg:156.29ms
step:1155/3125 train_time:180.513s step_avg:156.29ms
step:1156/3125 train_time:180.668s step_avg:156.29ms
step:1157/3125 train_time:180.822s step_avg:156.28ms
step:1158/3125 train_time:180.975s step_avg:156.28ms
step:1159/3125 train_time:181.127s step_avg:156.28ms
step:1160/3125 train_time:181.280s step_avg:156.28ms
step:1161/3125 train_time:181.434s step_avg:156.27ms
step:1162/3125 train_time:181.589s step_avg:156.27ms
step:1163/3125 train_time:181.742s step_avg:156.27ms
step:1164/3125 train_time:181.895s step_avg:156.27ms
step:1165/3125 train_time:182.048s step_avg:156.26ms
step:1166/3125 train_time:182.201s step_avg:156.26ms
step:1167/3125 train_time:182.354s step_avg:156.26ms
step:1168/3125 train_time:182.507s step_avg:156.26ms
step:1169/3125 train_time:182.660s step_avg:156.25ms
step:1170/3125 train_time:182.814s step_avg:156.25ms
step:1171/3125 train_time:182.967s step_avg:156.25ms
step:1172/3125 train_time:183.120s step_avg:156.25ms
step:1173/3125 train_time:183.273s step_avg:156.24ms
step:1174/3125 train_time:183.427s step_avg:156.24ms
step:1175/3125 train_time:183.580s step_avg:156.24ms
step:1176/3125 train_time:183.733s step_avg:156.24ms
step:1177/3125 train_time:183.886s step_avg:156.23ms
step:1178/3125 train_time:184.039s step_avg:156.23ms
step:1179/3125 train_time:184.193s step_avg:156.23ms
step:1180/3125 train_time:184.347s step_avg:156.23ms
step:1181/3125 train_time:184.499s step_avg:156.22ms
step:1182/3125 train_time:184.653s step_avg:156.22ms
step:1183/3125 train_time:184.806s step_avg:156.22ms
step:1184/3125 train_time:184.959s step_avg:156.22ms
step:1185/3125 train_time:185.111s step_avg:156.21ms
step:1186/3125 train_time:185.266s step_avg:156.21ms
step:1187/3125 train_time:185.419s step_avg:156.21ms
step:1188/3125 train_time:185.574s step_avg:156.21ms
step:1189/3125 train_time:185.726s step_avg:156.20ms
step:1190/3125 train_time:185.880s step_avg:156.20ms
step:1191/3125 train_time:186.033s step_avg:156.20ms
step:1192/3125 train_time:186.187s step_avg:156.20ms
step:1193/3125 train_time:186.339s step_avg:156.19ms
step:1194/3125 train_time:186.493s step_avg:156.19ms
step:1195/3125 train_time:186.647s step_avg:156.19ms
step:1196/3125 train_time:186.801s step_avg:156.19ms
step:1197/3125 train_time:186.955s step_avg:156.19ms
step:1198/3125 train_time:187.108s step_avg:156.18ms
step:1199/3125 train_time:187.262s step_avg:156.18ms
step:1200/3125 train_time:187.416s step_avg:156.18ms
step:1201/3125 train_time:187.570s step_avg:156.18ms
step:1202/3125 train_time:187.723s step_avg:156.18ms
step:1203/3125 train_time:187.877s step_avg:156.17ms
step:1204/3125 train_time:188.030s step_avg:156.17ms
step:1205/3125 train_time:188.183s step_avg:156.17ms
step:1206/3125 train_time:188.335s step_avg:156.17ms
step:1207/3125 train_time:188.488s step_avg:156.16ms
step:1208/3125 train_time:188.643s step_avg:156.16ms
step:1209/3125 train_time:188.796s step_avg:156.16ms
step:1210/3125 train_time:188.949s step_avg:156.16ms
step:1211/3125 train_time:189.103s step_avg:156.15ms
step:1212/3125 train_time:189.255s step_avg:156.15ms
step:1213/3125 train_time:189.409s step_avg:156.15ms
step:1214/3125 train_time:189.562s step_avg:156.15ms
step:1215/3125 train_time:189.715s step_avg:156.14ms
step:1216/3125 train_time:189.868s step_avg:156.14ms
step:1217/3125 train_time:190.022s step_avg:156.14ms
step:1218/3125 train_time:190.175s step_avg:156.14ms
step:1219/3125 train_time:190.328s step_avg:156.13ms
step:1220/3125 train_time:190.481s step_avg:156.13ms
step:1221/3125 train_time:190.635s step_avg:156.13ms
step:1222/3125 train_time:190.789s step_avg:156.13ms
step:1223/3125 train_time:190.943s step_avg:156.13ms
step:1224/3125 train_time:191.096s step_avg:156.12ms
step:1225/3125 train_time:191.249s step_avg:156.12ms
step:1226/3125 train_time:191.403s step_avg:156.12ms
step:1227/3125 train_time:191.556s step_avg:156.12ms
step:1228/3125 train_time:191.708s step_avg:156.11ms
step:1229/3125 train_time:191.862s step_avg:156.11ms
step:1230/3125 train_time:192.016s step_avg:156.11ms
step:1231/3125 train_time:192.169s step_avg:156.11ms
step:1232/3125 train_time:192.322s step_avg:156.11ms
step:1233/3125 train_time:192.476s step_avg:156.10ms
step:1234/3125 train_time:192.628s step_avg:156.10ms
step:1235/3125 train_time:192.781s step_avg:156.10ms
step:1236/3125 train_time:192.935s step_avg:156.10ms
step:1237/3125 train_time:193.088s step_avg:156.09ms
step:1238/3125 train_time:193.242s step_avg:156.09ms
step:1239/3125 train_time:193.396s step_avg:156.09ms
step:1240/3125 train_time:193.549s step_avg:156.09ms
step:1241/3125 train_time:193.703s step_avg:156.09ms
step:1242/3125 train_time:193.856s step_avg:156.08ms
step:1243/3125 train_time:194.009s step_avg:156.08ms
step:1244/3125 train_time:194.163s step_avg:156.08ms
step:1245/3125 train_time:194.315s step_avg:156.08ms
step:1246/3125 train_time:194.469s step_avg:156.07ms
step:1247/3125 train_time:194.622s step_avg:156.07ms
step:1248/3125 train_time:194.776s step_avg:156.07ms
step:1249/3125 train_time:194.929s step_avg:156.07ms
step:1250/3125 train_time:195.082s step_avg:156.07ms
step:1250/3125 val_loss:3.61044 train_time:195.090s step_avg:153.78ms
step:1251/3125 train_time:195.239s step_avg:156.07ms
step:1252/3125 train_time:195.392s step_avg:156.06ms
step:1253/3125 train_time:195.547s step_avg:156.06ms
step:1254/3125 train_time:195.700s step_avg:156.06ms
step:1255/3125 train_time:195.854s step_avg:156.06ms
step:1256/3125 train_time:196.006s step_avg:156.06ms
step:1257/3125 train_time:196.159s step_avg:156.05ms
step:1258/3125 train_time:196.311s step_avg:156.05ms
step:1259/3125 train_time:196.464s step_avg:156.05ms
step:1260/3125 train_time:196.618s step_avg:156.05ms
step:1261/3125 train_time:196.771s step_avg:156.04ms
step:1262/3125 train_time:196.925s step_avg:156.04ms
step:1263/3125 train_time:197.077s step_avg:156.04ms
step:1264/3125 train_time:197.230s step_avg:156.04ms
step:1265/3125 train_time:197.383s step_avg:156.03ms
step:1266/3125 train_time:197.536s step_avg:156.03ms
step:1267/3125 train_time:197.690s step_avg:156.03ms
step:1268/3125 train_time:197.843s step_avg:156.03ms
step:1269/3125 train_time:197.997s step_avg:156.03ms
step:1270/3125 train_time:198.151s step_avg:156.02ms
step:1271/3125 train_time:198.304s step_avg:156.02ms
step:1272/3125 train_time:198.457s step_avg:156.02ms
step:1273/3125 train_time:198.610s step_avg:156.02ms
step:1274/3125 train_time:198.763s step_avg:156.02ms
step:1275/3125 train_time:198.917s step_avg:156.01ms
step:1276/3125 train_time:199.070s step_avg:156.01ms
step:1277/3125 train_time:199.224s step_avg:156.01ms
step:1278/3125 train_time:199.378s step_avg:156.01ms
step:1279/3125 train_time:199.531s step_avg:156.01ms
step:1280/3125 train_time:199.684s step_avg:156.00ms
step:1281/3125 train_time:199.837s step_avg:156.00ms
step:1282/3125 train_time:199.990s step_avg:156.00ms
step:1283/3125 train_time:200.145s step_avg:156.00ms
step:1284/3125 train_time:200.298s step_avg:156.00ms
step:1285/3125 train_time:200.451s step_avg:155.99ms
step:1286/3125 train_time:200.604s step_avg:155.99ms
step:1287/3125 train_time:200.757s step_avg:155.99ms
step:1288/3125 train_time:200.911s step_avg:155.99ms
step:1289/3125 train_time:201.064s step_avg:155.98ms
step:1290/3125 train_time:201.218s step_avg:155.98ms
step:1291/3125 train_time:201.373s step_avg:155.98ms
step:1292/3125 train_time:201.526s step_avg:155.98ms
step:1293/3125 train_time:201.679s step_avg:155.98ms
step:1294/3125 train_time:201.833s step_avg:155.98ms
step:1295/3125 train_time:201.985s step_avg:155.97ms
step:1296/3125 train_time:202.138s step_avg:155.97ms
step:1297/3125 train_time:202.293s step_avg:155.97ms
step:1298/3125 train_time:202.447s step_avg:155.97ms
step:1299/3125 train_time:202.601s step_avg:155.97ms
step:1300/3125 train_time:202.755s step_avg:155.97ms
step:1301/3125 train_time:202.907s step_avg:155.96ms
step:1302/3125 train_time:203.060s step_avg:155.96ms
step:1303/3125 train_time:203.214s step_avg:155.96ms
step:1304/3125 train_time:203.366s step_avg:155.96ms
step:1305/3125 train_time:203.520s step_avg:155.95ms
step:1306/3125 train_time:203.673s step_avg:155.95ms
step:1307/3125 train_time:203.826s step_avg:155.95ms
step:1308/3125 train_time:203.979s step_avg:155.95ms
step:1309/3125 train_time:204.132s step_avg:155.94ms
step:1310/3125 train_time:204.285s step_avg:155.94ms
step:1311/3125 train_time:204.437s step_avg:155.94ms
step:1312/3125 train_time:204.591s step_avg:155.94ms
step:1313/3125 train_time:204.745s step_avg:155.94ms
step:1314/3125 train_time:204.899s step_avg:155.94ms
step:1315/3125 train_time:205.053s step_avg:155.93ms
step:1316/3125 train_time:205.206s step_avg:155.93ms
step:1317/3125 train_time:205.359s step_avg:155.93ms
step:1318/3125 train_time:205.512s step_avg:155.93ms
step:1319/3125 train_time:205.665s step_avg:155.93ms
step:1320/3125 train_time:205.819s step_avg:155.92ms
step:1321/3125 train_time:205.973s step_avg:155.92ms
step:1322/3125 train_time:206.126s step_avg:155.92ms
step:1323/3125 train_time:206.279s step_avg:155.92ms
step:1324/3125 train_time:206.433s step_avg:155.92ms
step:1325/3125 train_time:206.585s step_avg:155.91ms
step:1326/3125 train_time:206.738s step_avg:155.91ms
step:1327/3125 train_time:206.891s step_avg:155.91ms
step:1328/3125 train_time:207.046s step_avg:155.91ms
step:1329/3125 train_time:207.199s step_avg:155.91ms
step:1330/3125 train_time:207.352s step_avg:155.90ms
step:1331/3125 train_time:207.554s step_avg:155.94ms
step:1332/3125 train_time:207.707s step_avg:155.94ms
step:1333/3125 train_time:207.859s step_avg:155.93ms
step:1334/3125 train_time:208.013s step_avg:155.93ms
step:1335/3125 train_time:208.166s step_avg:155.93ms
step:1336/3125 train_time:208.319s step_avg:155.93ms
step:1337/3125 train_time:208.473s step_avg:155.93ms
step:1338/3125 train_time:208.626s step_avg:155.92ms
step:1339/3125 train_time:208.779s step_avg:155.92ms
step:1340/3125 train_time:208.933s step_avg:155.92ms
step:1341/3125 train_time:209.086s step_avg:155.92ms
step:1342/3125 train_time:209.238s step_avg:155.92ms
step:1343/3125 train_time:209.392s step_avg:155.91ms
step:1344/3125 train_time:209.546s step_avg:155.91ms
step:1345/3125 train_time:209.699s step_avg:155.91ms
step:1346/3125 train_time:209.853s step_avg:155.91ms
step:1347/3125 train_time:210.006s step_avg:155.91ms
step:1348/3125 train_time:210.158s step_avg:155.90ms
step:1349/3125 train_time:210.312s step_avg:155.90ms
step:1350/3125 train_time:210.465s step_avg:155.90ms
step:1351/3125 train_time:210.618s step_avg:155.90ms
step:1352/3125 train_time:210.771s step_avg:155.90ms
step:1353/3125 train_time:210.924s step_avg:155.89ms
step:1354/3125 train_time:211.077s step_avg:155.89ms
step:1355/3125 train_time:211.230s step_avg:155.89ms
step:1356/3125 train_time:211.384s step_avg:155.89ms
step:1357/3125 train_time:211.536s step_avg:155.89ms
step:1358/3125 train_time:211.690s step_avg:155.88ms
step:1359/3125 train_time:211.844s step_avg:155.88ms
step:1360/3125 train_time:211.997s step_avg:155.88ms
step:1361/3125 train_time:212.150s step_avg:155.88ms
step:1362/3125 train_time:212.304s step_avg:155.88ms
step:1363/3125 train_time:212.456s step_avg:155.87ms
step:1364/3125 train_time:212.609s step_avg:155.87ms
step:1365/3125 train_time:212.763s step_avg:155.87ms
step:1366/3125 train_time:212.916s step_avg:155.87ms
step:1367/3125 train_time:213.069s step_avg:155.87ms
step:1368/3125 train_time:213.224s step_avg:155.87ms
step:1369/3125 train_time:213.377s step_avg:155.86ms
step:1370/3125 train_time:213.530s step_avg:155.86ms
step:1371/3125 train_time:213.685s step_avg:155.86ms
step:1372/3125 train_time:213.837s step_avg:155.86ms
step:1373/3125 train_time:213.991s step_avg:155.86ms
step:1374/3125 train_time:214.144s step_avg:155.85ms
step:1375/3125 train_time:214.297s step_avg:155.85ms
step:1375/3125 val_loss:3.57317 train_time:214.305s step_avg:153.72ms
step:1376/3125 train_time:214.454s step_avg:155.85ms
step:1377/3125 train_time:214.607s step_avg:155.85ms
step:1378/3125 train_time:214.760s step_avg:155.85ms
step:1379/3125 train_time:214.913s step_avg:155.85ms
step:1380/3125 train_time:215.065s step_avg:155.84ms
step:1381/3125 train_time:215.218s step_avg:155.84ms
step:1382/3125 train_time:215.373s step_avg:155.84ms
step:1383/3125 train_time:215.526s step_avg:155.84ms
step:1384/3125 train_time:215.679s step_avg:155.84ms
step:1385/3125 train_time:215.832s step_avg:155.84ms
step:1386/3125 train_time:215.985s step_avg:155.83ms
step:1387/3125 train_time:216.138s step_avg:155.83ms
step:1388/3125 train_time:216.291s step_avg:155.83ms
step:1389/3125 train_time:216.444s step_avg:155.83ms
step:1390/3125 train_time:216.597s step_avg:155.83ms
step:1391/3125 train_time:216.751s step_avg:155.82ms
step:1392/3125 train_time:216.905s step_avg:155.82ms
step:1393/3125 train_time:217.057s step_avg:155.82ms
step:1394/3125 train_time:217.210s step_avg:155.82ms
step:1395/3125 train_time:217.363s step_avg:155.82ms
step:1396/3125 train_time:217.517s step_avg:155.81ms
step:1397/3125 train_time:217.670s step_avg:155.81ms
step:1398/3125 train_time:217.824s step_avg:155.81ms
step:1399/3125 train_time:217.977s step_avg:155.81ms
step:1400/3125 train_time:218.130s step_avg:155.81ms
step:1401/3125 train_time:218.282s step_avg:155.80ms
step:1402/3125 train_time:218.435s step_avg:155.80ms
step:1403/3125 train_time:218.588s step_avg:155.80ms
step:1404/3125 train_time:218.741s step_avg:155.80ms
step:1405/3125 train_time:218.895s step_avg:155.80ms
step:1406/3125 train_time:219.048s step_avg:155.79ms
step:1407/3125 train_time:219.201s step_avg:155.79ms
step:1408/3125 train_time:219.354s step_avg:155.79ms
step:1409/3125 train_time:219.508s step_avg:155.79ms
step:1410/3125 train_time:219.661s step_avg:155.79ms
step:1411/3125 train_time:219.814s step_avg:155.79ms
step:1412/3125 train_time:219.966s step_avg:155.78ms
step:1413/3125 train_time:220.120s step_avg:155.78ms
step:1414/3125 train_time:220.273s step_avg:155.78ms
step:1415/3125 train_time:220.427s step_avg:155.78ms
step:1416/3125 train_time:220.580s step_avg:155.78ms
step:1417/3125 train_time:220.734s step_avg:155.78ms
step:1418/3125 train_time:220.887s step_avg:155.77ms
step:1419/3125 train_time:221.040s step_avg:155.77ms
step:1420/3125 train_time:221.193s step_avg:155.77ms
step:1421/3125 train_time:221.346s step_avg:155.77ms
step:1422/3125 train_time:221.501s step_avg:155.77ms
step:1423/3125 train_time:221.654s step_avg:155.76ms
step:1424/3125 train_time:221.807s step_avg:155.76ms
step:1425/3125 train_time:221.960s step_avg:155.76ms
step:1426/3125 train_time:222.113s step_avg:155.76ms
step:1427/3125 train_time:222.265s step_avg:155.76ms
step:1428/3125 train_time:222.419s step_avg:155.76ms
step:1429/3125 train_time:222.572s step_avg:155.75ms
step:1430/3125 train_time:222.725s step_avg:155.75ms
step:1431/3125 train_time:222.879s step_avg:155.75ms
step:1432/3125 train_time:223.032s step_avg:155.75ms
step:1433/3125 train_time:223.185s step_avg:155.75ms
step:1434/3125 train_time:223.338s step_avg:155.74ms
step:1435/3125 train_time:223.491s step_avg:155.74ms
step:1436/3125 train_time:223.644s step_avg:155.74ms
step:1437/3125 train_time:223.797s step_avg:155.74ms
step:1438/3125 train_time:223.951s step_avg:155.74ms
step:1439/3125 train_time:224.104s step_avg:155.74ms
step:1440/3125 train_time:224.258s step_avg:155.73ms
step:1441/3125 train_time:224.412s step_avg:155.73ms
step:1442/3125 train_time:224.564s step_avg:155.73ms
step:1443/3125 train_time:224.717s step_avg:155.73ms
step:1444/3125 train_time:224.870s step_avg:155.73ms
step:1445/3125 train_time:225.024s step_avg:155.73ms
step:1446/3125 train_time:225.177s step_avg:155.72ms
step:1447/3125 train_time:225.331s step_avg:155.72ms
step:1448/3125 train_time:225.483s step_avg:155.72ms
step:1449/3125 train_time:225.636s step_avg:155.72ms
step:1450/3125 train_time:225.791s step_avg:155.72ms
step:1451/3125 train_time:225.945s step_avg:155.72ms
step:1452/3125 train_time:226.098s step_avg:155.72ms
step:1453/3125 train_time:226.252s step_avg:155.71ms
step:1454/3125 train_time:226.405s step_avg:155.71ms
step:1455/3125 train_time:226.557s step_avg:155.71ms
step:1456/3125 train_time:226.712s step_avg:155.71ms
step:1457/3125 train_time:226.865s step_avg:155.71ms
step:1458/3125 train_time:227.018s step_avg:155.71ms
step:1459/3125 train_time:227.172s step_avg:155.70ms
step:1460/3125 train_time:227.325s step_avg:155.70ms
step:1461/3125 train_time:227.477s step_avg:155.70ms
step:1462/3125 train_time:227.631s step_avg:155.70ms
step:1463/3125 train_time:227.784s step_avg:155.70ms
step:1464/3125 train_time:227.937s step_avg:155.69ms
step:1465/3125 train_time:228.090s step_avg:155.69ms
step:1466/3125 train_time:228.244s step_avg:155.69ms
step:1467/3125 train_time:228.397s step_avg:155.69ms
step:1468/3125 train_time:228.552s step_avg:155.69ms
step:1469/3125 train_time:228.705s step_avg:155.69ms
step:1470/3125 train_time:228.859s step_avg:155.69ms
step:1471/3125 train_time:229.012s step_avg:155.68ms
step:1472/3125 train_time:229.165s step_avg:155.68ms
step:1473/3125 train_time:229.317s step_avg:155.68ms
step:1474/3125 train_time:229.471s step_avg:155.68ms
step:1475/3125 train_time:229.624s step_avg:155.68ms
step:1476/3125 train_time:229.777s step_avg:155.68ms
step:1477/3125 train_time:229.930s step_avg:155.67ms
step:1478/3125 train_time:230.083s step_avg:155.67ms
step:1479/3125 train_time:230.237s step_avg:155.67ms
step:1480/3125 train_time:230.390s step_avg:155.67ms
step:1481/3125 train_time:230.544s step_avg:155.67ms
step:1482/3125 train_time:230.696s step_avg:155.67ms
step:1483/3125 train_time:230.850s step_avg:155.66ms
step:1484/3125 train_time:231.004s step_avg:155.66ms
step:1485/3125 train_time:231.156s step_avg:155.66ms
step:1486/3125 train_time:231.310s step_avg:155.66ms
step:1487/3125 train_time:231.463s step_avg:155.66ms
step:1488/3125 train_time:231.616s step_avg:155.66ms
step:1489/3125 train_time:231.769s step_avg:155.65ms
step:1490/3125 train_time:231.923s step_avg:155.65ms
step:1491/3125 train_time:232.077s step_avg:155.65ms
step:1492/3125 train_time:232.230s step_avg:155.65ms
step:1493/3125 train_time:232.383s step_avg:155.65ms
step:1494/3125 train_time:232.536s step_avg:155.65ms
step:1495/3125 train_time:232.689s step_avg:155.65ms
step:1496/3125 train_time:232.843s step_avg:155.64ms
step:1497/3125 train_time:232.996s step_avg:155.64ms
step:1498/3125 train_time:233.150s step_avg:155.64ms
step:1499/3125 train_time:233.304s step_avg:155.64ms
step:1500/3125 train_time:233.457s step_avg:155.64ms
step:1500/3125 val_loss:3.53492 train_time:233.465s step_avg:153.28ms
step:1501/3125 train_time:233.612s step_avg:155.64ms
step:1502/3125 train_time:233.764s step_avg:155.64ms
step:1503/3125 train_time:233.917s step_avg:155.63ms
step:1504/3125 train_time:234.071s step_avg:155.63ms
step:1505/3125 train_time:234.224s step_avg:155.63ms
step:1506/3125 train_time:234.378s step_avg:155.63ms
step:1507/3125 train_time:234.532s step_avg:155.63ms
step:1508/3125 train_time:234.684s step_avg:155.63ms
step:1509/3125 train_time:234.839s step_avg:155.63ms
step:1510/3125 train_time:234.991s step_avg:155.62ms
step:1511/3125 train_time:235.144s step_avg:155.62ms
step:1512/3125 train_time:235.298s step_avg:155.62ms
step:1513/3125 train_time:235.452s step_avg:155.62ms
step:1514/3125 train_time:235.604s step_avg:155.62ms
step:1515/3125 train_time:235.758s step_avg:155.62ms
step:1516/3125 train_time:235.911s step_avg:155.61ms
step:1517/3125 train_time:236.064s step_avg:155.61ms
step:1518/3125 train_time:236.217s step_avg:155.61ms
step:1519/3125 train_time:236.371s step_avg:155.61ms
step:1520/3125 train_time:236.524s step_avg:155.61ms
step:1521/3125 train_time:236.727s step_avg:155.64ms
step:1522/3125 train_time:236.880s step_avg:155.64ms
step:1523/3125 train_time:237.033s step_avg:155.64ms
step:1524/3125 train_time:237.186s step_avg:155.63ms
step:1525/3125 train_time:237.339s step_avg:155.63ms
step:1526/3125 train_time:237.493s step_avg:155.63ms
step:1527/3125 train_time:237.647s step_avg:155.63ms
step:1528/3125 train_time:237.801s step_avg:155.63ms
step:1529/3125 train_time:237.954s step_avg:155.63ms
step:1530/3125 train_time:238.108s step_avg:155.63ms
step:1531/3125 train_time:238.262s step_avg:155.62ms
step:1532/3125 train_time:238.414s step_avg:155.62ms
step:1533/3125 train_time:238.568s step_avg:155.62ms
step:1534/3125 train_time:238.721s step_avg:155.62ms
step:1535/3125 train_time:238.875s step_avg:155.62ms
step:1536/3125 train_time:239.028s step_avg:155.62ms
step:1537/3125 train_time:239.181s step_avg:155.62ms
step:1538/3125 train_time:239.333s step_avg:155.61ms
step:1539/3125 train_time:239.487s step_avg:155.61ms
step:1540/3125 train_time:239.641s step_avg:155.61ms
step:1541/3125 train_time:239.793s step_avg:155.61ms
step:1542/3125 train_time:239.946s step_avg:155.61ms
step:1543/3125 train_time:240.100s step_avg:155.61ms
step:1544/3125 train_time:240.253s step_avg:155.60ms
step:1545/3125 train_time:240.405s step_avg:155.60ms
step:1546/3125 train_time:240.559s step_avg:155.60ms
step:1547/3125 train_time:240.712s step_avg:155.60ms
step:1548/3125 train_time:240.865s step_avg:155.60ms
step:1549/3125 train_time:241.019s step_avg:155.60ms
step:1550/3125 train_time:241.172s step_avg:155.59ms
step:1551/3125 train_time:241.325s step_avg:155.59ms
step:1552/3125 train_time:241.479s step_avg:155.59ms
step:1553/3125 train_time:241.632s step_avg:155.59ms
step:1554/3125 train_time:241.785s step_avg:155.59ms
step:1555/3125 train_time:241.938s step_avg:155.59ms
step:1556/3125 train_time:242.090s step_avg:155.59ms
step:1557/3125 train_time:242.244s step_avg:155.58ms
step:1558/3125 train_time:242.398s step_avg:155.58ms
step:1559/3125 train_time:242.552s step_avg:155.58ms
step:1560/3125 train_time:242.705s step_avg:155.58ms
step:1561/3125 train_time:242.858s step_avg:155.58ms
step:1562/3125 train_time:243.011s step_avg:155.58ms
step:1563/3125 train_time:243.164s step_avg:155.58ms
step:1564/3125 train_time:243.317s step_avg:155.57ms
step:1565/3125 train_time:243.471s step_avg:155.57ms
step:1566/3125 train_time:243.624s step_avg:155.57ms
step:1567/3125 train_time:243.778s step_avg:155.57ms
step:1568/3125 train_time:243.931s step_avg:155.57ms
step:1569/3125 train_time:244.086s step_avg:155.57ms
step:1570/3125 train_time:244.239s step_avg:155.57ms
step:1571/3125 train_time:244.391s step_avg:155.56ms
step:1572/3125 train_time:244.544s step_avg:155.56ms
step:1573/3125 train_time:244.700s step_avg:155.56ms
step:1574/3125 train_time:244.853s step_avg:155.56ms
step:1575/3125 train_time:245.005s step_avg:155.56ms
step:1576/3125 train_time:245.158s step_avg:155.56ms
step:1577/3125 train_time:245.311s step_avg:155.56ms
step:1578/3125 train_time:245.465s step_avg:155.55ms
step:1579/3125 train_time:245.616s step_avg:155.55ms
step:1580/3125 train_time:245.771s step_avg:155.55ms
step:1581/3125 train_time:245.923s step_avg:155.55ms
step:1582/3125 train_time:246.077s step_avg:155.55ms
step:1583/3125 train_time:246.231s step_avg:155.55ms
step:1584/3125 train_time:246.384s step_avg:155.55ms
step:1585/3125 train_time:246.537s step_avg:155.54ms
step:1586/3125 train_time:246.690s step_avg:155.54ms
step:1587/3125 train_time:246.844s step_avg:155.54ms
step:1588/3125 train_time:246.998s step_avg:155.54ms
step:1589/3125 train_time:247.151s step_avg:155.54ms
step:1590/3125 train_time:247.304s step_avg:155.54ms
step:1591/3125 train_time:247.460s step_avg:155.54ms
step:1592/3125 train_time:247.612s step_avg:155.54ms
step:1593/3125 train_time:247.765s step_avg:155.53ms
step:1594/3125 train_time:247.919s step_avg:155.53ms
step:1595/3125 train_time:248.072s step_avg:155.53ms
step:1596/3125 train_time:248.225s step_avg:155.53ms
step:1597/3125 train_time:248.379s step_avg:155.53ms
step:1598/3125 train_time:248.532s step_avg:155.53ms
step:1599/3125 train_time:248.684s step_avg:155.52ms
step:1600/3125 train_time:248.837s step_avg:155.52ms
step:1601/3125 train_time:248.991s step_avg:155.52ms
step:1602/3125 train_time:249.143s step_avg:155.52ms
step:1603/3125 train_time:249.298s step_avg:155.52ms
step:1604/3125 train_time:249.452s step_avg:155.52ms
step:1605/3125 train_time:249.604s step_avg:155.52ms
step:1606/3125 train_time:249.758s step_avg:155.52ms
step:1607/3125 train_time:249.910s step_avg:155.51ms
step:1608/3125 train_time:250.063s step_avg:155.51ms
step:1609/3125 train_time:250.215s step_avg:155.51ms
step:1610/3125 train_time:250.370s step_avg:155.51ms
step:1611/3125 train_time:250.523s step_avg:155.51ms
step:1612/3125 train_time:250.676s step_avg:155.51ms
step:1613/3125 train_time:250.830s step_avg:155.51ms
step:1614/3125 train_time:250.983s step_avg:155.50ms
step:1615/3125 train_time:251.136s step_avg:155.50ms
step:1616/3125 train_time:251.289s step_avg:155.50ms
step:1617/3125 train_time:251.442s step_avg:155.50ms
step:1618/3125 train_time:251.594s step_avg:155.50ms
step:1619/3125 train_time:251.748s step_avg:155.50ms
step:1620/3125 train_time:251.901s step_avg:155.49ms
step:1621/3125 train_time:252.055s step_avg:155.49ms
step:1622/3125 train_time:252.208s step_avg:155.49ms
step:1623/3125 train_time:252.360s step_avg:155.49ms
step:1624/3125 train_time:252.512s step_avg:155.49ms
step:1625/3125 train_time:252.666s step_avg:155.49ms
step:1625/3125 val_loss:3.50542 train_time:252.674s step_avg:153.67ms
step:1626/3125 train_time:252.822s step_avg:155.49ms
step:1627/3125 train_time:252.975s step_avg:155.49ms
step:1628/3125 train_time:253.129s step_avg:155.48ms
step:1629/3125 train_time:253.281s step_avg:155.48ms
step:1630/3125 train_time:253.434s step_avg:155.48ms
step:1631/3125 train_time:253.588s step_avg:155.48ms
step:1632/3125 train_time:253.742s step_avg:155.48ms
step:1633/3125 train_time:253.896s step_avg:155.48ms
step:1634/3125 train_time:254.049s step_avg:155.48ms
step:1635/3125 train_time:254.202s step_avg:155.48ms
step:1636/3125 train_time:254.355s step_avg:155.47ms
step:1637/3125 train_time:254.508s step_avg:155.47ms
step:1638/3125 train_time:254.661s step_avg:155.47ms
step:1639/3125 train_time:254.815s step_avg:155.47ms
step:1640/3125 train_time:254.967s step_avg:155.47ms
step:1641/3125 train_time:255.120s step_avg:155.47ms
step:1642/3125 train_time:255.273s step_avg:155.46ms
step:1643/3125 train_time:255.425s step_avg:155.46ms
step:1644/3125 train_time:255.579s step_avg:155.46ms
step:1645/3125 train_time:255.732s step_avg:155.46ms
step:1646/3125 train_time:255.887s step_avg:155.46ms
step:1647/3125 train_time:256.040s step_avg:155.46ms
step:1648/3125 train_time:256.193s step_avg:155.46ms
step:1649/3125 train_time:256.347s step_avg:155.46ms
step:1650/3125 train_time:256.500s step_avg:155.45ms
step:1651/3125 train_time:256.652s step_avg:155.45ms
step:1652/3125 train_time:256.805s step_avg:155.45ms
step:1653/3125 train_time:256.959s step_avg:155.45ms
step:1654/3125 train_time:257.111s step_avg:155.45ms
step:1655/3125 train_time:257.265s step_avg:155.45ms
step:1656/3125 train_time:257.418s step_avg:155.45ms
step:1657/3125 train_time:257.571s step_avg:155.44ms
step:1658/3125 train_time:257.724s step_avg:155.44ms
step:1659/3125 train_time:257.880s step_avg:155.44ms
step:1660/3125 train_time:258.033s step_avg:155.44ms
step:1661/3125 train_time:258.187s step_avg:155.44ms
step:1662/3125 train_time:258.339s step_avg:155.44ms
step:1663/3125 train_time:258.492s step_avg:155.44ms
step:1664/3125 train_time:258.645s step_avg:155.44ms
step:1665/3125 train_time:258.801s step_avg:155.44ms
step:1666/3125 train_time:258.953s step_avg:155.43ms
step:1667/3125 train_time:259.107s step_avg:155.43ms
step:1668/3125 train_time:259.260s step_avg:155.43ms
step:1669/3125 train_time:259.412s step_avg:155.43ms
step:1670/3125 train_time:259.565s step_avg:155.43ms
step:1671/3125 train_time:259.718s step_avg:155.43ms
step:1672/3125 train_time:259.871s step_avg:155.42ms
step:1673/3125 train_time:260.024s step_avg:155.42ms
step:1674/3125 train_time:260.179s step_avg:155.42ms
step:1675/3125 train_time:260.331s step_avg:155.42ms
step:1676/3125 train_time:260.485s step_avg:155.42ms
step:1677/3125 train_time:260.639s step_avg:155.42ms
step:1678/3125 train_time:260.793s step_avg:155.42ms
step:1679/3125 train_time:260.945s step_avg:155.42ms
step:1680/3125 train_time:261.099s step_avg:155.42ms
step:1681/3125 train_time:261.251s step_avg:155.41ms
step:1682/3125 train_time:261.406s step_avg:155.41ms
step:1683/3125 train_time:261.560s step_avg:155.41ms
step:1684/3125 train_time:261.713s step_avg:155.41ms
step:1685/3125 train_time:261.866s step_avg:155.41ms
step:1686/3125 train_time:262.019s step_avg:155.41ms
step:1687/3125 train_time:262.172s step_avg:155.41ms
step:1688/3125 train_time:262.329s step_avg:155.41ms
step:1689/3125 train_time:262.482s step_avg:155.41ms
step:1690/3125 train_time:262.635s step_avg:155.41ms
step:1691/3125 train_time:262.788s step_avg:155.40ms
step:1692/3125 train_time:262.940s step_avg:155.40ms
step:1693/3125 train_time:263.093s step_avg:155.40ms
step:1694/3125 train_time:263.247s step_avg:155.40ms
step:1695/3125 train_time:263.401s step_avg:155.40ms
step:1696/3125 train_time:263.553s step_avg:155.40ms
step:1697/3125 train_time:263.707s step_avg:155.40ms
step:1698/3125 train_time:263.860s step_avg:155.39ms
step:1699/3125 train_time:264.013s step_avg:155.39ms
step:1700/3125 train_time:264.166s step_avg:155.39ms
step:1701/3125 train_time:264.318s step_avg:155.39ms
step:1702/3125 train_time:264.471s step_avg:155.39ms
step:1703/3125 train_time:264.624s step_avg:155.39ms
step:1704/3125 train_time:264.779s step_avg:155.39ms
step:1705/3125 train_time:264.932s step_avg:155.39ms
step:1706/3125 train_time:265.087s step_avg:155.38ms
step:1707/3125 train_time:265.240s step_avg:155.38ms
step:1708/3125 train_time:265.393s step_avg:155.38ms
step:1709/3125 train_time:265.546s step_avg:155.38ms
step:1710/3125 train_time:265.700s step_avg:155.38ms
step:1711/3125 train_time:265.903s step_avg:155.41ms
step:1712/3125 train_time:266.056s step_avg:155.41ms
step:1713/3125 train_time:266.208s step_avg:155.40ms
step:1714/3125 train_time:266.361s step_avg:155.40ms
step:1715/3125 train_time:266.513s step_avg:155.40ms
step:1716/3125 train_time:266.667s step_avg:155.40ms
step:1717/3125 train_time:266.820s step_avg:155.40ms
step:1718/3125 train_time:266.973s step_avg:155.40ms
step:1719/3125 train_time:267.127s step_avg:155.40ms
step:1720/3125 train_time:267.280s step_avg:155.40ms
step:1721/3125 train_time:267.433s step_avg:155.39ms
step:1722/3125 train_time:267.587s step_avg:155.39ms
step:1723/3125 train_time:267.741s step_avg:155.39ms
step:1724/3125 train_time:267.894s step_avg:155.39ms
step:1725/3125 train_time:268.047s step_avg:155.39ms
step:1726/3125 train_time:268.201s step_avg:155.39ms
step:1727/3125 train_time:268.354s step_avg:155.39ms
step:1728/3125 train_time:268.507s step_avg:155.39ms
step:1729/3125 train_time:268.660s step_avg:155.38ms
step:1730/3125 train_time:268.813s step_avg:155.38ms
step:1731/3125 train_time:268.969s step_avg:155.38ms
step:1732/3125 train_time:269.122s step_avg:155.38ms
step:1733/3125 train_time:269.275s step_avg:155.38ms
step:1734/3125 train_time:269.429s step_avg:155.38ms
step:1735/3125 train_time:269.582s step_avg:155.38ms
step:1736/3125 train_time:269.734s step_avg:155.38ms
step:1737/3125 train_time:269.887s step_avg:155.38ms
step:1738/3125 train_time:270.040s step_avg:155.37ms
step:1739/3125 train_time:270.192s step_avg:155.37ms
step:1740/3125 train_time:270.346s step_avg:155.37ms
step:1741/3125 train_time:270.499s step_avg:155.37ms
step:1742/3125 train_time:270.651s step_avg:155.37ms
step:1743/3125 train_time:270.804s step_avg:155.37ms
step:1744/3125 train_time:270.958s step_avg:155.37ms
step:1745/3125 train_time:271.112s step_avg:155.37ms
step:1746/3125 train_time:271.267s step_avg:155.37ms
step:1747/3125 train_time:271.419s step_avg:155.36ms
step:1748/3125 train_time:271.571s step_avg:155.36ms
step:1749/3125 train_time:271.724s step_avg:155.36ms
step:1750/3125 train_time:271.880s step_avg:155.36ms
step:1750/3125 val_loss:3.47178 train_time:271.888s step_avg:153.71ms
step:1751/3125 train_time:272.036s step_avg:155.36ms
step:1752/3125 train_time:272.189s step_avg:155.36ms
step:1753/3125 train_time:272.342s step_avg:155.36ms
step:1754/3125 train_time:272.495s step_avg:155.36ms
step:1755/3125 train_time:272.648s step_avg:155.35ms
step:1756/3125 train_time:272.802s step_avg:155.35ms
step:1757/3125 train_time:272.955s step_avg:155.35ms
step:1758/3125 train_time:273.108s step_avg:155.35ms
step:1759/3125 train_time:273.261s step_avg:155.35ms
step:1760/3125 train_time:273.413s step_avg:155.35ms
step:1761/3125 train_time:273.566s step_avg:155.35ms
step:1762/3125 train_time:273.720s step_avg:155.35ms
step:1763/3125 train_time:273.872s step_avg:155.34ms
step:1764/3125 train_time:274.026s step_avg:155.34ms
step:1765/3125 train_time:274.179s step_avg:155.34ms
step:1766/3125 train_time:274.332s step_avg:155.34ms
step:1767/3125 train_time:274.488s step_avg:155.34ms
step:1768/3125 train_time:274.642s step_avg:155.34ms
step:1769/3125 train_time:274.794s step_avg:155.34ms
step:1770/3125 train_time:274.946s step_avg:155.34ms
step:1771/3125 train_time:275.099s step_avg:155.34ms
step:1772/3125 train_time:275.253s step_avg:155.33ms
step:1773/3125 train_time:275.406s step_avg:155.33ms
step:1774/3125 train_time:275.559s step_avg:155.33ms
step:1775/3125 train_time:275.713s step_avg:155.33ms
step:1776/3125 train_time:275.866s step_avg:155.33ms
step:1777/3125 train_time:276.019s step_avg:155.33ms
step:1778/3125 train_time:276.172s step_avg:155.33ms
step:1779/3125 train_time:276.326s step_avg:155.33ms
step:1780/3125 train_time:276.478s step_avg:155.32ms
step:1781/3125 train_time:276.633s step_avg:155.32ms
step:1782/3125 train_time:276.787s step_avg:155.32ms
step:1783/3125 train_time:276.939s step_avg:155.32ms
step:1784/3125 train_time:277.094s step_avg:155.32ms
step:1785/3125 train_time:277.246s step_avg:155.32ms
step:1786/3125 train_time:277.399s step_avg:155.32ms
step:1787/3125 train_time:277.552s step_avg:155.32ms
step:1788/3125 train_time:277.706s step_avg:155.32ms
step:1789/3125 train_time:277.859s step_avg:155.32ms
step:1790/3125 train_time:278.015s step_avg:155.32ms
step:1791/3125 train_time:278.167s step_avg:155.31ms
step:1792/3125 train_time:278.321s step_avg:155.31ms
step:1793/3125 train_time:278.474s step_avg:155.31ms
step:1794/3125 train_time:278.628s step_avg:155.31ms
step:1795/3125 train_time:278.780s step_avg:155.31ms
step:1796/3125 train_time:278.934s step_avg:155.31ms
step:1797/3125 train_time:279.086s step_avg:155.31ms
step:1798/3125 train_time:279.241s step_avg:155.31ms
step:1799/3125 train_time:279.394s step_avg:155.31ms
step:1800/3125 train_time:279.548s step_avg:155.30ms
step:1801/3125 train_time:279.701s step_avg:155.30ms
step:1802/3125 train_time:279.855s step_avg:155.30ms
step:1803/3125 train_time:280.008s step_avg:155.30ms
step:1804/3125 train_time:280.162s step_avg:155.30ms
step:1805/3125 train_time:280.314s step_avg:155.30ms
step:1806/3125 train_time:280.467s step_avg:155.30ms
step:1807/3125 train_time:280.620s step_avg:155.30ms
step:1808/3125 train_time:280.773s step_avg:155.29ms
step:1809/3125 train_time:280.927s step_avg:155.29ms
step:1810/3125 train_time:281.080s step_avg:155.29ms
step:1811/3125 train_time:281.234s step_avg:155.29ms
step:1812/3125 train_time:281.387s step_avg:155.29ms
step:1813/3125 train_time:281.539s step_avg:155.29ms
step:1814/3125 train_time:281.692s step_avg:155.29ms
step:1815/3125 train_time:281.845s step_avg:155.29ms
step:1816/3125 train_time:281.999s step_avg:155.29ms
step:1817/3125 train_time:282.153s step_avg:155.29ms
step:1818/3125 train_time:282.307s step_avg:155.28ms
step:1819/3125 train_time:282.460s step_avg:155.28ms
step:1820/3125 train_time:282.614s step_avg:155.28ms
step:1821/3125 train_time:282.766s step_avg:155.28ms
step:1822/3125 train_time:282.920s step_avg:155.28ms
step:1823/3125 train_time:283.073s step_avg:155.28ms
step:1824/3125 train_time:283.226s step_avg:155.28ms
step:1825/3125 train_time:283.380s step_avg:155.28ms
step:1826/3125 train_time:283.534s step_avg:155.28ms
step:1827/3125 train_time:283.687s step_avg:155.27ms
step:1828/3125 train_time:283.839s step_avg:155.27ms
step:1829/3125 train_time:283.993s step_avg:155.27ms
step:1830/3125 train_time:284.147s step_avg:155.27ms
step:1831/3125 train_time:284.301s step_avg:155.27ms
step:1832/3125 train_time:284.454s step_avg:155.27ms
step:1833/3125 train_time:284.608s step_avg:155.27ms
step:1834/3125 train_time:284.760s step_avg:155.27ms
step:1835/3125 train_time:284.914s step_avg:155.27ms
step:1836/3125 train_time:285.067s step_avg:155.27ms
step:1837/3125 train_time:285.220s step_avg:155.26ms
step:1838/3125 train_time:285.373s step_avg:155.26ms
step:1839/3125 train_time:285.528s step_avg:155.26ms
step:1840/3125 train_time:285.681s step_avg:155.26ms
step:1841/3125 train_time:285.834s step_avg:155.26ms
step:1842/3125 train_time:285.987s step_avg:155.26ms
step:1843/3125 train_time:286.140s step_avg:155.26ms
step:1844/3125 train_time:286.293s step_avg:155.26ms
step:1845/3125 train_time:286.446s step_avg:155.26ms
step:1846/3125 train_time:286.599s step_avg:155.25ms
step:1847/3125 train_time:286.755s step_avg:155.25ms
step:1848/3125 train_time:286.908s step_avg:155.25ms
step:1849/3125 train_time:287.062s step_avg:155.25ms
step:1850/3125 train_time:287.215s step_avg:155.25ms
step:1851/3125 train_time:287.367s step_avg:155.25ms
step:1852/3125 train_time:287.521s step_avg:155.25ms
step:1853/3125 train_time:287.674s step_avg:155.25ms
step:1854/3125 train_time:287.828s step_avg:155.25ms
step:1855/3125 train_time:287.982s step_avg:155.25ms
step:1856/3125 train_time:288.135s step_avg:155.25ms
step:1857/3125 train_time:288.287s step_avg:155.24ms
step:1858/3125 train_time:288.441s step_avg:155.24ms
step:1859/3125 train_time:288.595s step_avg:155.24ms
step:1860/3125 train_time:288.747s step_avg:155.24ms
step:1861/3125 train_time:288.901s step_avg:155.24ms
step:1862/3125 train_time:289.055s step_avg:155.24ms
step:1863/3125 train_time:289.209s step_avg:155.24ms
step:1864/3125 train_time:289.362s step_avg:155.24ms
step:1865/3125 train_time:289.515s step_avg:155.24ms
step:1866/3125 train_time:289.668s step_avg:155.23ms
step:1867/3125 train_time:289.822s step_avg:155.23ms
step:1868/3125 train_time:289.975s step_avg:155.23ms
step:1869/3125 train_time:290.129s step_avg:155.23ms
step:1870/3125 train_time:290.283s step_avg:155.23ms
step:1871/3125 train_time:290.435s step_avg:155.23ms
step:1872/3125 train_time:290.590s step_avg:155.23ms
step:1873/3125 train_time:290.743s step_avg:155.23ms
step:1874/3125 train_time:290.895s step_avg:155.23ms
step:1875/3125 train_time:291.048s step_avg:155.23ms
step:1875/3125 val_loss:3.44727 train_time:291.056s step_avg:153.34ms
step:1876/3125 train_time:291.204s step_avg:155.23ms
step:1877/3125 train_time:291.357s step_avg:155.22ms
step:1878/3125 train_time:291.511s step_avg:155.22ms
step:1879/3125 train_time:291.663s step_avg:155.22ms
step:1880/3125 train_time:291.816s step_avg:155.22ms
step:1881/3125 train_time:291.969s step_avg:155.22ms
step:1882/3125 train_time:292.122s step_avg:155.22ms
step:1883/3125 train_time:292.276s step_avg:155.22ms
step:1884/3125 train_time:292.430s step_avg:155.22ms
step:1885/3125 train_time:292.584s step_avg:155.22ms
step:1886/3125 train_time:292.737s step_avg:155.22ms
step:1887/3125 train_time:292.891s step_avg:155.22ms
step:1888/3125 train_time:293.044s step_avg:155.21ms
step:1889/3125 train_time:293.197s step_avg:155.21ms
step:1890/3125 train_time:293.351s step_avg:155.21ms
step:1891/3125 train_time:293.504s step_avg:155.21ms
step:1892/3125 train_time:293.659s step_avg:155.21ms
step:1893/3125 train_time:293.812s step_avg:155.21ms
step:1894/3125 train_time:293.965s step_avg:155.21ms
step:1895/3125 train_time:294.120s step_avg:155.21ms
step:1896/3125 train_time:294.273s step_avg:155.21ms
step:1897/3125 train_time:294.427s step_avg:155.21ms
step:1898/3125 train_time:294.582s step_avg:155.21ms
step:1899/3125 train_time:294.736s step_avg:155.21ms
step:1900/3125 train_time:294.890s step_avg:155.21ms
step:1901/3125 train_time:295.096s step_avg:155.23ms
step:1902/3125 train_time:295.249s step_avg:155.23ms
step:1903/3125 train_time:295.403s step_avg:155.23ms
step:1904/3125 train_time:295.556s step_avg:155.23ms
step:1905/3125 train_time:295.710s step_avg:155.23ms
step:1906/3125 train_time:295.864s step_avg:155.23ms
step:1907/3125 train_time:296.018s step_avg:155.23ms
step:1908/3125 train_time:296.171s step_avg:155.23ms
step:1909/3125 train_time:296.324s step_avg:155.22ms
step:1910/3125 train_time:296.477s step_avg:155.22ms
step:1911/3125 train_time:296.631s step_avg:155.22ms
step:1912/3125 train_time:296.784s step_avg:155.22ms
step:1913/3125 train_time:296.938s step_avg:155.22ms
step:1914/3125 train_time:297.093s step_avg:155.22ms
step:1915/3125 train_time:297.246s step_avg:155.22ms
step:1916/3125 train_time:297.400s step_avg:155.22ms
step:1917/3125 train_time:297.555s step_avg:155.22ms
step:1918/3125 train_time:297.708s step_avg:155.22ms
step:1919/3125 train_time:297.861s step_avg:155.22ms
step:1920/3125 train_time:298.015s step_avg:155.22ms
step:1921/3125 train_time:298.168s step_avg:155.21ms
step:1922/3125 train_time:298.321s step_avg:155.21ms
step:1923/3125 train_time:298.474s step_avg:155.21ms
step:1924/3125 train_time:298.627s step_avg:155.21ms
step:1925/3125 train_time:298.781s step_avg:155.21ms
step:1926/3125 train_time:298.934s step_avg:155.21ms
step:1927/3125 train_time:299.087s step_avg:155.21ms
step:1928/3125 train_time:299.241s step_avg:155.21ms
step:1929/3125 train_time:299.393s step_avg:155.21ms
step:1930/3125 train_time:299.547s step_avg:155.21ms
step:1931/3125 train_time:299.700s step_avg:155.20ms
step:1932/3125 train_time:299.854s step_avg:155.20ms
step:1933/3125 train_time:300.006s step_avg:155.20ms
step:1934/3125 train_time:300.160s step_avg:155.20ms
step:1935/3125 train_time:300.313s step_avg:155.20ms
step:1936/3125 train_time:300.465s step_avg:155.20ms
step:1937/3125 train_time:300.619s step_avg:155.20ms
step:1938/3125 train_time:300.772s step_avg:155.20ms
step:1939/3125 train_time:300.925s step_avg:155.20ms
step:1940/3125 train_time:301.080s step_avg:155.20ms
step:1941/3125 train_time:301.233s step_avg:155.19ms
step:1942/3125 train_time:301.386s step_avg:155.19ms
step:1943/3125 train_time:301.539s step_avg:155.19ms
step:1944/3125 train_time:301.692s step_avg:155.19ms
step:1945/3125 train_time:301.845s step_avg:155.19ms
step:1946/3125 train_time:301.998s step_avg:155.19ms
step:1947/3125 train_time:302.156s step_avg:155.19ms
step:1948/3125 train_time:302.309s step_avg:155.19ms
step:1949/3125 train_time:302.462s step_avg:155.19ms
step:1950/3125 train_time:302.615s step_avg:155.19ms
step:1951/3125 train_time:302.770s step_avg:155.19ms
step:1952/3125 train_time:302.923s step_avg:155.19ms
step:1953/3125 train_time:303.075s step_avg:155.18ms
step:1954/3125 train_time:303.229s step_avg:155.18ms
step:1955/3125 train_time:303.382s step_avg:155.18ms
step:1956/3125 train_time:303.535s step_avg:155.18ms
step:1957/3125 train_time:303.688s step_avg:155.18ms
step:1958/3125 train_time:303.841s step_avg:155.18ms
step:1959/3125 train_time:303.994s step_avg:155.18ms
step:1960/3125 train_time:304.148s step_avg:155.18ms
step:1961/3125 train_time:304.301s step_avg:155.18ms
step:1962/3125 train_time:304.456s step_avg:155.18ms
step:1963/3125 train_time:304.610s step_avg:155.18ms
step:1964/3125 train_time:304.762s step_avg:155.17ms
step:1965/3125 train_time:304.915s step_avg:155.17ms
step:1966/3125 train_time:305.068s step_avg:155.17ms
step:1967/3125 train_time:305.221s step_avg:155.17ms
step:1968/3125 train_time:305.374s step_avg:155.17ms
step:1969/3125 train_time:305.527s step_avg:155.17ms
step:1970/3125 train_time:305.681s step_avg:155.17ms
step:1971/3125 train_time:305.834s step_avg:155.17ms
step:1972/3125 train_time:305.987s step_avg:155.17ms
step:1973/3125 train_time:306.140s step_avg:155.16ms
step:1974/3125 train_time:306.293s step_avg:155.16ms
step:1975/3125 train_time:306.446s step_avg:155.16ms
step:1976/3125 train_time:306.600s step_avg:155.16ms
step:1977/3125 train_time:306.753s step_avg:155.16ms
step:1978/3125 train_time:306.905s step_avg:155.16ms
step:1979/3125 train_time:307.059s step_avg:155.16ms
step:1980/3125 train_time:307.213s step_avg:155.16ms
step:1981/3125 train_time:307.367s step_avg:155.16ms
step:1982/3125 train_time:307.520s step_avg:155.16ms
step:1983/3125 train_time:307.673s step_avg:155.16ms
step:1984/3125 train_time:307.826s step_avg:155.15ms
step:1985/3125 train_time:307.979s step_avg:155.15ms
step:1986/3125 train_time:308.133s step_avg:155.15ms
step:1987/3125 train_time:308.286s step_avg:155.15ms
step:1988/3125 train_time:308.439s step_avg:155.15ms
step:1989/3125 train_time:308.592s step_avg:155.15ms
step:1990/3125 train_time:308.745s step_avg:155.15ms
step:1991/3125 train_time:308.898s step_avg:155.15ms
step:1992/3125 train_time:309.052s step_avg:155.15ms
step:1993/3125 train_time:309.204s step_avg:155.15ms
step:1994/3125 train_time:309.357s step_avg:155.14ms
step:1995/3125 train_time:309.511s step_avg:155.14ms
step:1996/3125 train_time:309.663s step_avg:155.14ms
step:1997/3125 train_time:309.816s step_avg:155.14ms
step:1998/3125 train_time:309.969s step_avg:155.14ms
step:1999/3125 train_time:310.122s step_avg:155.14ms
step:2000/3125 train_time:310.275s step_avg:155.14ms
step:2000/3125 val_loss:3.42445 train_time:310.283s step_avg:153.82ms
step:2001/3125 train_time:310.431s step_avg:155.14ms
step:2002/3125 train_time:310.584s step_avg:155.14ms
step:2003/3125 train_time:310.738s step_avg:155.14ms
step:2004/3125 train_time:310.891s step_avg:155.14ms
step:2005/3125 train_time:311.043s step_avg:155.13ms
step:2006/3125 train_time:311.196s step_avg:155.13ms
step:2007/3125 train_time:311.351s step_avg:155.13ms
step:2008/3125 train_time:311.503s step_avg:155.13ms
step:2009/3125 train_time:311.657s step_avg:155.13ms
step:2010/3125 train_time:311.810s step_avg:155.13ms
step:2011/3125 train_time:311.963s step_avg:155.13ms
step:2012/3125 train_time:312.115s step_avg:155.13ms
step:2013/3125 train_time:312.269s step_avg:155.13ms
step:2014/3125 train_time:312.422s step_avg:155.13ms
step:2015/3125 train_time:312.576s step_avg:155.12ms
step:2016/3125 train_time:312.729s step_avg:155.12ms
step:2017/3125 train_time:312.883s step_avg:155.12ms
step:2018/3125 train_time:313.037s step_avg:155.12ms
step:2019/3125 train_time:313.190s step_avg:155.12ms
step:2020/3125 train_time:313.343s step_avg:155.12ms
step:2021/3125 train_time:313.498s step_avg:155.12ms
step:2022/3125 train_time:313.650s step_avg:155.12ms
step:2023/3125 train_time:313.803s step_avg:155.12ms
step:2024/3125 train_time:313.955s step_avg:155.12ms
step:2025/3125 train_time:314.108s step_avg:155.12ms
step:2026/3125 train_time:314.261s step_avg:155.11ms
step:2027/3125 train_time:314.413s step_avg:155.11ms
step:2028/3125 train_time:314.567s step_avg:155.11ms
step:2029/3125 train_time:314.721s step_avg:155.11ms
step:2030/3125 train_time:314.873s step_avg:155.11ms
step:2031/3125 train_time:315.026s step_avg:155.11ms
step:2032/3125 train_time:315.180s step_avg:155.11ms
step:2033/3125 train_time:315.332s step_avg:155.11ms
step:2034/3125 train_time:315.485s step_avg:155.11ms
step:2035/3125 train_time:315.638s step_avg:155.10ms
step:2036/3125 train_time:315.791s step_avg:155.10ms
step:2037/3125 train_time:315.945s step_avg:155.10ms
step:2038/3125 train_time:316.098s step_avg:155.10ms
step:2039/3125 train_time:316.251s step_avg:155.10ms
step:2040/3125 train_time:316.404s step_avg:155.10ms
step:2041/3125 train_time:316.558s step_avg:155.10ms
step:2042/3125 train_time:316.711s step_avg:155.10ms
step:2043/3125 train_time:316.864s step_avg:155.10ms
step:2044/3125 train_time:317.017s step_avg:155.10ms
step:2045/3125 train_time:317.170s step_avg:155.10ms
step:2046/3125 train_time:317.322s step_avg:155.09ms
step:2047/3125 train_time:317.476s step_avg:155.09ms
step:2048/3125 train_time:317.629s step_avg:155.09ms
step:2049/3125 train_time:317.782s step_avg:155.09ms
step:2050/3125 train_time:317.936s step_avg:155.09ms
step:2051/3125 train_time:318.090s step_avg:155.09ms
step:2052/3125 train_time:318.242s step_avg:155.09ms
step:2053/3125 train_time:318.395s step_avg:155.09ms
step:2054/3125 train_time:318.549s step_avg:155.09ms
step:2055/3125 train_time:318.702s step_avg:155.09ms
step:2056/3125 train_time:318.855s step_avg:155.08ms
step:2057/3125 train_time:319.007s step_avg:155.08ms
step:2058/3125 train_time:319.161s step_avg:155.08ms
step:2059/3125 train_time:319.314s step_avg:155.08ms
step:2060/3125 train_time:319.467s step_avg:155.08ms
step:2061/3125 train_time:319.621s step_avg:155.08ms
step:2062/3125 train_time:319.774s step_avg:155.08ms
step:2063/3125 train_time:319.927s step_avg:155.08ms
step:2064/3125 train_time:320.081s step_avg:155.08ms
step:2065/3125 train_time:320.234s step_avg:155.08ms
step:2066/3125 train_time:320.388s step_avg:155.08ms
step:2067/3125 train_time:320.543s step_avg:155.08ms
step:2068/3125 train_time:320.695s step_avg:155.07ms
step:2069/3125 train_time:320.849s step_avg:155.07ms
step:2070/3125 train_time:321.002s step_avg:155.07ms
step:2071/3125 train_time:321.156s step_avg:155.07ms
step:2072/3125 train_time:321.309s step_avg:155.07ms
step:2073/3125 train_time:321.462s step_avg:155.07ms
step:2074/3125 train_time:321.614s step_avg:155.07ms
step:2075/3125 train_time:321.768s step_avg:155.07ms
step:2076/3125 train_time:321.922s step_avg:155.07ms
step:2077/3125 train_time:322.074s step_avg:155.07ms
step:2078/3125 train_time:322.227s step_avg:155.07ms
step:2079/3125 train_time:322.381s step_avg:155.07ms
step:2080/3125 train_time:322.533s step_avg:155.06ms
step:2081/3125 train_time:322.686s step_avg:155.06ms
step:2082/3125 train_time:322.840s step_avg:155.06ms
step:2083/3125 train_time:322.993s step_avg:155.06ms
step:2084/3125 train_time:323.146s step_avg:155.06ms
step:2085/3125 train_time:323.299s step_avg:155.06ms
step:2086/3125 train_time:323.452s step_avg:155.06ms
step:2087/3125 train_time:323.605s step_avg:155.06ms
step:2088/3125 train_time:323.759s step_avg:155.06ms
step:2089/3125 train_time:323.911s step_avg:155.06ms
step:2090/3125 train_time:324.064s step_avg:155.05ms
step:2091/3125 train_time:324.264s step_avg:155.08ms
step:2092/3125 train_time:324.417s step_avg:155.08ms
step:2093/3125 train_time:324.570s step_avg:155.07ms
step:2094/3125 train_time:324.722s step_avg:155.07ms
step:2095/3125 train_time:324.875s step_avg:155.07ms
step:2096/3125 train_time:325.028s step_avg:155.07ms
step:2097/3125 train_time:325.181s step_avg:155.07ms
step:2098/3125 train_time:325.335s step_avg:155.07ms
step:2099/3125 train_time:325.488s step_avg:155.07ms
step:2100/3125 train_time:325.642s step_avg:155.07ms
step:2101/3125 train_time:325.795s step_avg:155.07ms
step:2102/3125 train_time:325.949s step_avg:155.07ms
step:2103/3125 train_time:326.102s step_avg:155.07ms
step:2104/3125 train_time:326.255s step_avg:155.06ms
step:2105/3125 train_time:326.409s step_avg:155.06ms
step:2106/3125 train_time:326.562s step_avg:155.06ms
step:2107/3125 train_time:326.715s step_avg:155.06ms
step:2108/3125 train_time:326.869s step_avg:155.06ms
step:2109/3125 train_time:327.022s step_avg:155.06ms
step:2110/3125 train_time:327.174s step_avg:155.06ms
step:2111/3125 train_time:327.327s step_avg:155.06ms
step:2112/3125 train_time:327.481s step_avg:155.06ms
step:2113/3125 train_time:327.633s step_avg:155.06ms
step:2114/3125 train_time:327.787s step_avg:155.06ms
step:2115/3125 train_time:327.941s step_avg:155.05ms
step:2116/3125 train_time:328.093s step_avg:155.05ms
step:2117/3125 train_time:328.246s step_avg:155.05ms
step:2118/3125 train_time:328.399s step_avg:155.05ms
step:2119/3125 train_time:328.551s step_avg:155.05ms
step:2120/3125 train_time:328.703s step_avg:155.05ms
step:2121/3125 train_time:328.857s step_avg:155.05ms
step:2122/3125 train_time:329.012s step_avg:155.05ms
step:2123/3125 train_time:329.165s step_avg:155.05ms
step:2124/3125 train_time:329.321s step_avg:155.05ms
step:2125/3125 train_time:329.474s step_avg:155.05ms
step:2125/3125 val_loss:3.40544 train_time:329.482s step_avg:153.59ms
step:2126/3125 train_time:329.630s step_avg:155.05ms
step:2127/3125 train_time:329.782s step_avg:155.05ms
step:2128/3125 train_time:329.936s step_avg:155.04ms
step:2129/3125 train_time:330.089s step_avg:155.04ms
step:2130/3125 train_time:330.242s step_avg:155.04ms
step:2131/3125 train_time:330.395s step_avg:155.04ms
step:2132/3125 train_time:330.548s step_avg:155.04ms
step:2133/3125 train_time:330.700s step_avg:155.04ms
step:2134/3125 train_time:330.853s step_avg:155.04ms
step:2135/3125 train_time:331.007s step_avg:155.04ms
step:2136/3125 train_time:331.160s step_avg:155.04ms
step:2137/3125 train_time:331.314s step_avg:155.04ms
step:2138/3125 train_time:331.468s step_avg:155.04ms
step:2139/3125 train_time:331.621s step_avg:155.04ms
step:2140/3125 train_time:331.774s step_avg:155.03ms
step:2141/3125 train_time:331.929s step_avg:155.03ms
step:2142/3125 train_time:332.081s step_avg:155.03ms
step:2143/3125 train_time:332.235s step_avg:155.03ms
step:2144/3125 train_time:332.387s step_avg:155.03ms
step:2145/3125 train_time:332.540s step_avg:155.03ms
step:2146/3125 train_time:332.694s step_avg:155.03ms
step:2147/3125 train_time:332.847s step_avg:155.03ms
step:2148/3125 train_time:333.000s step_avg:155.03ms
step:2149/3125 train_time:333.153s step_avg:155.03ms
step:2150/3125 train_time:333.309s step_avg:155.03ms
step:2151/3125 train_time:333.462s step_avg:155.03ms
step:2152/3125 train_time:333.617s step_avg:155.03ms
step:2153/3125 train_time:333.770s step_avg:155.03ms
step:2154/3125 train_time:333.924s step_avg:155.02ms
step:2155/3125 train_time:334.077s step_avg:155.02ms
step:2156/3125 train_time:334.232s step_avg:155.02ms
step:2157/3125 train_time:334.386s step_avg:155.02ms
step:2158/3125 train_time:334.539s step_avg:155.02ms
step:2159/3125 train_time:334.692s step_avg:155.02ms
step:2160/3125 train_time:334.847s step_avg:155.02ms
step:2161/3125 train_time:334.999s step_avg:155.02ms
step:2162/3125 train_time:335.152s step_avg:155.02ms
step:2163/3125 train_time:335.306s step_avg:155.02ms
step:2164/3125 train_time:335.459s step_avg:155.02ms
step:2165/3125 train_time:335.613s step_avg:155.02ms
step:2166/3125 train_time:335.766s step_avg:155.02ms
step:2167/3125 train_time:335.919s step_avg:155.02ms
step:2168/3125 train_time:336.072s step_avg:155.01ms
step:2169/3125 train_time:336.225s step_avg:155.01ms
step:2170/3125 train_time:336.378s step_avg:155.01ms
step:2171/3125 train_time:336.532s step_avg:155.01ms
step:2172/3125 train_time:336.686s step_avg:155.01ms
step:2173/3125 train_time:336.839s step_avg:155.01ms
step:2174/3125 train_time:336.993s step_avg:155.01ms
step:2175/3125 train_time:337.146s step_avg:155.01ms
step:2176/3125 train_time:337.299s step_avg:155.01ms
step:2177/3125 train_time:337.451s step_avg:155.01ms
step:2178/3125 train_time:337.604s step_avg:155.01ms
step:2179/3125 train_time:337.757s step_avg:155.01ms
step:2180/3125 train_time:337.911s step_avg:155.01ms
step:2181/3125 train_time:338.066s step_avg:155.00ms
step:2182/3125 train_time:338.218s step_avg:155.00ms
step:2183/3125 train_time:338.371s step_avg:155.00ms
step:2184/3125 train_time:338.525s step_avg:155.00ms
step:2185/3125 train_time:338.677s step_avg:155.00ms
step:2186/3125 train_time:338.830s step_avg:155.00ms
step:2187/3125 train_time:338.983s step_avg:155.00ms
step:2188/3125 train_time:339.137s step_avg:155.00ms
step:2189/3125 train_time:339.291s step_avg:155.00ms
step:2190/3125 train_time:339.443s step_avg:155.00ms
step:2191/3125 train_time:339.596s step_avg:155.00ms
step:2192/3125 train_time:339.749s step_avg:155.00ms
step:2193/3125 train_time:339.903s step_avg:154.99ms
step:2194/3125 train_time:340.056s step_avg:154.99ms
step:2195/3125 train_time:340.209s step_avg:154.99ms
step:2196/3125 train_time:340.362s step_avg:154.99ms
step:2197/3125 train_time:340.515s step_avg:154.99ms
step:2198/3125 train_time:340.670s step_avg:154.99ms
step:2199/3125 train_time:340.823s step_avg:154.99ms
step:2200/3125 train_time:340.976s step_avg:154.99ms
step:2201/3125 train_time:341.129s step_avg:154.99ms
step:2202/3125 train_time:341.283s step_avg:154.99ms
step:2203/3125 train_time:341.437s step_avg:154.99ms
step:2204/3125 train_time:341.590s step_avg:154.99ms
step:2205/3125 train_time:341.744s step_avg:154.99ms
step:2206/3125 train_time:341.897s step_avg:154.99ms
step:2207/3125 train_time:342.050s step_avg:154.98ms
step:2208/3125 train_time:342.203s step_avg:154.98ms
step:2209/3125 train_time:342.357s step_avg:154.98ms
step:2210/3125 train_time:342.510s step_avg:154.98ms
step:2211/3125 train_time:342.664s step_avg:154.98ms
step:2212/3125 train_time:342.816s step_avg:154.98ms
step:2213/3125 train_time:342.969s step_avg:154.98ms
step:2214/3125 train_time:343.122s step_avg:154.98ms
step:2215/3125 train_time:343.275s step_avg:154.98ms
step:2216/3125 train_time:343.428s step_avg:154.98ms
step:2217/3125 train_time:343.581s step_avg:154.98ms
step:2218/3125 train_time:343.734s step_avg:154.97ms
step:2219/3125 train_time:343.888s step_avg:154.97ms
step:2220/3125 train_time:344.041s step_avg:154.97ms
step:2221/3125 train_time:344.195s step_avg:154.97ms
step:2222/3125 train_time:344.348s step_avg:154.97ms
step:2223/3125 train_time:344.501s step_avg:154.97ms
step:2224/3125 train_time:344.653s step_avg:154.97ms
step:2225/3125 train_time:344.808s step_avg:154.97ms
step:2226/3125 train_time:344.962s step_avg:154.97ms
step:2227/3125 train_time:345.116s step_avg:154.97ms
step:2228/3125 train_time:345.269s step_avg:154.97ms
step:2229/3125 train_time:345.421s step_avg:154.97ms
step:2230/3125 train_time:345.574s step_avg:154.97ms
step:2231/3125 train_time:345.727s step_avg:154.96ms
step:2232/3125 train_time:345.879s step_avg:154.96ms
step:2233/3125 train_time:346.033s step_avg:154.96ms
step:2234/3125 train_time:346.187s step_avg:154.96ms
step:2235/3125 train_time:346.339s step_avg:154.96ms
step:2236/3125 train_time:346.493s step_avg:154.96ms
step:2237/3125 train_time:346.647s step_avg:154.96ms
step:2238/3125 train_time:346.799s step_avg:154.96ms
step:2239/3125 train_time:346.951s step_avg:154.96ms
step:2240/3125 train_time:347.105s step_avg:154.96ms
step:2241/3125 train_time:347.258s step_avg:154.96ms
step:2242/3125 train_time:347.411s step_avg:154.96ms
step:2243/3125 train_time:347.565s step_avg:154.96ms
step:2244/3125 train_time:347.717s step_avg:154.95ms
step:2245/3125 train_time:347.869s step_avg:154.95ms
step:2246/3125 train_time:348.022s step_avg:154.95ms
step:2247/3125 train_time:348.176s step_avg:154.95ms
step:2248/3125 train_time:348.329s step_avg:154.95ms
step:2249/3125 train_time:348.482s step_avg:154.95ms
step:2250/3125 train_time:348.636s step_avg:154.95ms
step:2250/3125 val_loss:3.38561 train_time:348.644s step_avg:153.29ms
step:2251/3125 train_time:348.790s step_avg:154.95ms
step:2252/3125 train_time:348.943s step_avg:154.95ms
step:2253/3125 train_time:349.095s step_avg:154.95ms
step:2254/3125 train_time:349.248s step_avg:154.95ms
step:2255/3125 train_time:349.400s step_avg:154.94ms
step:2256/3125 train_time:349.553s step_avg:154.94ms
step:2257/3125 train_time:349.706s step_avg:154.94ms
step:2258/3125 train_time:349.863s step_avg:154.94ms
step:2259/3125 train_time:350.017s step_avg:154.94ms
step:2260/3125 train_time:350.170s step_avg:154.94ms
step:2261/3125 train_time:350.322s step_avg:154.94ms
step:2262/3125 train_time:350.475s step_avg:154.94ms
step:2263/3125 train_time:350.627s step_avg:154.94ms
step:2264/3125 train_time:350.780s step_avg:154.94ms
step:2265/3125 train_time:350.934s step_avg:154.94ms
step:2266/3125 train_time:351.089s step_avg:154.94ms
step:2267/3125 train_time:351.244s step_avg:154.94ms
step:2268/3125 train_time:351.396s step_avg:154.94ms
step:2269/3125 train_time:351.549s step_avg:154.94ms
step:2270/3125 train_time:351.702s step_avg:154.93ms
step:2271/3125 train_time:351.855s step_avg:154.93ms
step:2272/3125 train_time:352.007s step_avg:154.93ms
step:2273/3125 train_time:352.162s step_avg:154.93ms
step:2274/3125 train_time:352.315s step_avg:154.93ms
step:2275/3125 train_time:352.467s step_avg:154.93ms
step:2276/3125 train_time:352.622s step_avg:154.93ms
step:2277/3125 train_time:352.775s step_avg:154.93ms
step:2278/3125 train_time:352.927s step_avg:154.93ms
step:2279/3125 train_time:353.080s step_avg:154.93ms
step:2280/3125 train_time:353.234s step_avg:154.93ms
step:2281/3125 train_time:353.438s step_avg:154.95ms
step:2282/3125 train_time:353.592s step_avg:154.95ms
step:2283/3125 train_time:353.747s step_avg:154.95ms
step:2284/3125 train_time:353.899s step_avg:154.95ms
step:2285/3125 train_time:354.052s step_avg:154.95ms
step:2286/3125 train_time:354.205s step_avg:154.95ms
step:2287/3125 train_time:354.359s step_avg:154.94ms
step:2288/3125 train_time:354.512s step_avg:154.94ms
step:2289/3125 train_time:354.664s step_avg:154.94ms
step:2290/3125 train_time:354.817s step_avg:154.94ms
step:2291/3125 train_time:354.972s step_avg:154.94ms
step:2292/3125 train_time:355.124s step_avg:154.94ms
step:2293/3125 train_time:355.277s step_avg:154.94ms
step:2294/3125 train_time:355.431s step_avg:154.94ms
step:2295/3125 train_time:355.584s step_avg:154.94ms
step:2296/3125 train_time:355.737s step_avg:154.94ms
step:2297/3125 train_time:355.891s step_avg:154.94ms
step:2298/3125 train_time:356.044s step_avg:154.94ms
step:2299/3125 train_time:356.197s step_avg:154.94ms
step:2300/3125 train_time:356.351s step_avg:154.94ms
step:2301/3125 train_time:356.504s step_avg:154.93ms
step:2302/3125 train_time:356.656s step_avg:154.93ms
step:2303/3125 train_time:356.810s step_avg:154.93ms
step:2304/3125 train_time:356.962s step_avg:154.93ms
step:2305/3125 train_time:357.116s step_avg:154.93ms
step:2306/3125 train_time:357.269s step_avg:154.93ms
step:2307/3125 train_time:357.423s step_avg:154.93ms
step:2308/3125 train_time:357.576s step_avg:154.93ms
step:2309/3125 train_time:357.729s step_avg:154.93ms
step:2310/3125 train_time:357.883s step_avg:154.93ms
step:2311/3125 train_time:358.036s step_avg:154.93ms
step:2312/3125 train_time:358.189s step_avg:154.93ms
step:2313/3125 train_time:358.342s step_avg:154.93ms
step:2314/3125 train_time:358.496s step_avg:154.92ms
step:2315/3125 train_time:358.649s step_avg:154.92ms
step:2316/3125 train_time:358.803s step_avg:154.92ms
step:2317/3125 train_time:358.955s step_avg:154.92ms
step:2318/3125 train_time:359.109s step_avg:154.92ms
step:2319/3125 train_time:359.262s step_avg:154.92ms
step:2320/3125 train_time:359.416s step_avg:154.92ms
step:2321/3125 train_time:359.569s step_avg:154.92ms
step:2322/3125 train_time:359.722s step_avg:154.92ms
step:2323/3125 train_time:359.875s step_avg:154.92ms
step:2324/3125 train_time:360.028s step_avg:154.92ms
step:2325/3125 train_time:360.182s step_avg:154.92ms
step:2326/3125 train_time:360.335s step_avg:154.92ms
step:2327/3125 train_time:360.488s step_avg:154.92ms
step:2328/3125 train_time:360.642s step_avg:154.91ms
step:2329/3125 train_time:360.795s step_avg:154.91ms
step:2330/3125 train_time:360.949s step_avg:154.91ms
step:2331/3125 train_time:361.100s step_avg:154.91ms
step:2332/3125 train_time:361.253s step_avg:154.91ms
step:2333/3125 train_time:361.407s step_avg:154.91ms
step:2334/3125 train_time:361.560s step_avg:154.91ms
step:2335/3125 train_time:361.714s step_avg:154.91ms
step:2336/3125 train_time:361.867s step_avg:154.91ms
step:2337/3125 train_time:362.021s step_avg:154.91ms
step:2338/3125 train_time:362.175s step_avg:154.91ms
step:2339/3125 train_time:362.328s step_avg:154.91ms
step:2340/3125 train_time:362.483s step_avg:154.91ms
step:2341/3125 train_time:362.635s step_avg:154.91ms
step:2342/3125 train_time:362.788s step_avg:154.91ms
step:2343/3125 train_time:362.941s step_avg:154.90ms
step:2344/3125 train_time:363.095s step_avg:154.90ms
step:2345/3125 train_time:363.247s step_avg:154.90ms
step:2346/3125 train_time:363.402s step_avg:154.90ms
step:2347/3125 train_time:363.555s step_avg:154.90ms
step:2348/3125 train_time:363.708s step_avg:154.90ms
step:2349/3125 train_time:363.862s step_avg:154.90ms
step:2350/3125 train_time:364.015s step_avg:154.90ms
step:2351/3125 train_time:364.167s step_avg:154.90ms
step:2352/3125 train_time:364.322s step_avg:154.90ms
step:2353/3125 train_time:364.475s step_avg:154.90ms
step:2354/3125 train_time:364.628s step_avg:154.90ms
step:2355/3125 train_time:364.782s step_avg:154.90ms
step:2356/3125 train_time:364.936s step_avg:154.90ms
step:2357/3125 train_time:365.090s step_avg:154.90ms
step:2358/3125 train_time:365.243s step_avg:154.90ms
step:2359/3125 train_time:365.396s step_avg:154.89ms
step:2360/3125 train_time:365.549s step_avg:154.89ms
step:2361/3125 train_time:365.702s step_avg:154.89ms
step:2362/3125 train_time:365.855s step_avg:154.89ms
step:2363/3125 train_time:366.007s step_avg:154.89ms
step:2364/3125 train_time:366.163s step_avg:154.89ms
step:2365/3125 train_time:366.316s step_avg:154.89ms
step:2366/3125 train_time:366.471s step_avg:154.89ms
step:2367/3125 train_time:366.624s step_avg:154.89ms
step:2368/3125 train_time:366.776s step_avg:154.89ms
step:2369/3125 train_time:366.929s step_avg:154.89ms
step:2370/3125 train_time:367.083s step_avg:154.89ms
step:2371/3125 train_time:367.236s step_avg:154.89ms
step:2372/3125 train_time:367.389s step_avg:154.89ms
step:2373/3125 train_time:367.542s step_avg:154.89ms
step:2374/3125 train_time:367.696s step_avg:154.88ms
step:2375/3125 train_time:367.848s step_avg:154.88ms
step:2375/3125 val_loss:3.36719 train_time:367.856s step_avg:153.70ms
step:2376/3125 train_time:368.005s step_avg:154.88ms
step:2377/3125 train_time:368.158s step_avg:154.88ms
step:2378/3125 train_time:368.312s step_avg:154.88ms
step:2379/3125 train_time:368.464s step_avg:154.88ms
step:2380/3125 train_time:368.617s step_avg:154.88ms
step:2381/3125 train_time:368.771s step_avg:154.88ms
step:2382/3125 train_time:368.924s step_avg:154.88ms
step:2383/3125 train_time:369.077s step_avg:154.88ms
step:2384/3125 train_time:369.230s step_avg:154.88ms
step:2385/3125 train_time:369.383s step_avg:154.88ms
step:2386/3125 train_time:369.535s step_avg:154.88ms
step:2387/3125 train_time:369.688s step_avg:154.88ms
step:2388/3125 train_time:369.842s step_avg:154.88ms
step:2389/3125 train_time:369.994s step_avg:154.87ms
step:2390/3125 train_time:370.147s step_avg:154.87ms
step:2391/3125 train_time:370.301s step_avg:154.87ms
step:2392/3125 train_time:370.453s step_avg:154.87ms
step:2393/3125 train_time:370.605s step_avg:154.87ms
step:2394/3125 train_time:370.758s step_avg:154.87ms
step:2395/3125 train_time:370.912s step_avg:154.87ms
step:2396/3125 train_time:371.065s step_avg:154.87ms
step:2397/3125 train_time:371.218s step_avg:154.87ms
step:2398/3125 train_time:371.371s step_avg:154.87ms
step:2399/3125 train_time:371.525s step_avg:154.87ms
step:2400/3125 train_time:371.679s step_avg:154.87ms
step:2401/3125 train_time:371.832s step_avg:154.87ms
step:2402/3125 train_time:371.985s step_avg:154.86ms
step:2403/3125 train_time:372.138s step_avg:154.86ms
step:2404/3125 train_time:372.292s step_avg:154.86ms
step:2405/3125 train_time:372.445s step_avg:154.86ms
step:2406/3125 train_time:372.597s step_avg:154.86ms
step:2407/3125 train_time:372.750s step_avg:154.86ms
step:2408/3125 train_time:372.903s step_avg:154.86ms
step:2409/3125 train_time:373.056s step_avg:154.86ms
step:2410/3125 train_time:373.209s step_avg:154.86ms
step:2411/3125 train_time:373.363s step_avg:154.86ms
step:2412/3125 train_time:373.517s step_avg:154.86ms
step:2413/3125 train_time:373.670s step_avg:154.86ms
step:2414/3125 train_time:373.823s step_avg:154.86ms
step:2415/3125 train_time:373.976s step_avg:154.86ms
step:2416/3125 train_time:374.129s step_avg:154.85ms
step:2417/3125 train_time:374.282s step_avg:154.85ms
step:2418/3125 train_time:374.435s step_avg:154.85ms
step:2419/3125 train_time:374.589s step_avg:154.85ms
step:2420/3125 train_time:374.744s step_avg:154.85ms
step:2421/3125 train_time:374.896s step_avg:154.85ms
step:2422/3125 train_time:375.050s step_avg:154.85ms
step:2423/3125 train_time:375.203s step_avg:154.85ms
step:2424/3125 train_time:375.356s step_avg:154.85ms
step:2425/3125 train_time:375.508s step_avg:154.85ms
step:2426/3125 train_time:375.662s step_avg:154.85ms
step:2427/3125 train_time:375.815s step_avg:154.85ms
step:2428/3125 train_time:375.970s step_avg:154.85ms
step:2429/3125 train_time:376.123s step_avg:154.85ms
step:2430/3125 train_time:376.276s step_avg:154.85ms
step:2431/3125 train_time:376.429s step_avg:154.85ms
step:2432/3125 train_time:376.582s step_avg:154.84ms
step:2433/3125 train_time:376.735s step_avg:154.84ms
step:2434/3125 train_time:376.889s step_avg:154.84ms
step:2435/3125 train_time:377.042s step_avg:154.84ms
step:2436/3125 train_time:377.196s step_avg:154.84ms
step:2437/3125 train_time:377.350s step_avg:154.84ms
step:2438/3125 train_time:377.503s step_avg:154.84ms
step:2439/3125 train_time:377.656s step_avg:154.84ms
step:2440/3125 train_time:377.808s step_avg:154.84ms
step:2441/3125 train_time:377.962s step_avg:154.84ms
step:2442/3125 train_time:378.115s step_avg:154.84ms
step:2443/3125 train_time:378.271s step_avg:154.84ms
step:2444/3125 train_time:378.424s step_avg:154.84ms
step:2445/3125 train_time:378.577s step_avg:154.84ms
step:2446/3125 train_time:378.729s step_avg:154.84ms
step:2447/3125 train_time:378.882s step_avg:154.84ms
step:2448/3125 train_time:379.036s step_avg:154.83ms
step:2449/3125 train_time:379.191s step_avg:154.84ms
step:2450/3125 train_time:379.345s step_avg:154.83ms
step:2451/3125 train_time:379.498s step_avg:154.83ms
step:2452/3125 train_time:379.651s step_avg:154.83ms
step:2453/3125 train_time:379.804s step_avg:154.83ms
step:2454/3125 train_time:379.957s step_avg:154.83ms
step:2455/3125 train_time:380.109s step_avg:154.83ms
step:2456/3125 train_time:380.264s step_avg:154.83ms
step:2457/3125 train_time:380.417s step_avg:154.83ms
step:2458/3125 train_time:380.571s step_avg:154.83ms
step:2459/3125 train_time:380.725s step_avg:154.83ms
step:2460/3125 train_time:380.879s step_avg:154.83ms
step:2461/3125 train_time:381.033s step_avg:154.83ms
step:2462/3125 train_time:381.185s step_avg:154.83ms
step:2463/3125 train_time:381.339s step_avg:154.83ms
step:2464/3125 train_time:381.492s step_avg:154.83ms
step:2465/3125 train_time:381.646s step_avg:154.83ms
step:2466/3125 train_time:381.800s step_avg:154.83ms
step:2467/3125 train_time:381.952s step_avg:154.82ms
step:2468/3125 train_time:382.105s step_avg:154.82ms
step:2469/3125 train_time:382.259s step_avg:154.82ms
step:2470/3125 train_time:382.412s step_avg:154.82ms
step:2471/3125 train_time:382.611s step_avg:154.84ms
step:2472/3125 train_time:382.765s step_avg:154.84ms
step:2473/3125 train_time:382.917s step_avg:154.84ms
step:2474/3125 train_time:383.071s step_avg:154.84ms
step:2475/3125 train_time:383.224s step_avg:154.84ms
step:2476/3125 train_time:383.377s step_avg:154.84ms
step:2477/3125 train_time:383.530s step_avg:154.84ms
step:2478/3125 train_time:383.683s step_avg:154.84ms
step:2479/3125 train_time:383.836s step_avg:154.84ms
step:2480/3125 train_time:383.988s step_avg:154.83ms
step:2481/3125 train_time:384.142s step_avg:154.83ms
step:2482/3125 train_time:384.295s step_avg:154.83ms
step:2483/3125 train_time:384.450s step_avg:154.83ms
step:2484/3125 train_time:384.603s step_avg:154.83ms
step:2485/3125 train_time:384.755s step_avg:154.83ms
step:2486/3125 train_time:384.907s step_avg:154.83ms
step:2487/3125 train_time:385.061s step_avg:154.83ms
step:2488/3125 train_time:385.214s step_avg:154.83ms
step:2489/3125 train_time:385.368s step_avg:154.83ms
step:2490/3125 train_time:385.522s step_avg:154.83ms
step:2491/3125 train_time:385.674s step_avg:154.83ms
step:2492/3125 train_time:385.830s step_avg:154.83ms
step:2493/3125 train_time:385.982s step_avg:154.83ms
step:2494/3125 train_time:386.136s step_avg:154.83ms
step:2495/3125 train_time:386.290s step_avg:154.83ms
step:2496/3125 train_time:386.444s step_avg:154.83ms
step:2497/3125 train_time:386.596s step_avg:154.82ms
step:2498/3125 train_time:386.750s step_avg:154.82ms
step:2499/3125 train_time:386.903s step_avg:154.82ms
step:2500/3125 train_time:387.056s step_avg:154.82ms
step:2500/3125 val_loss:3.34902 train_time:387.065s step_avg:153.67ms
step:2501/3125 train_time:387.214s step_avg:154.82ms
step:2502/3125 train_time:387.368s step_avg:154.82ms
step:2503/3125 train_time:387.520s step_avg:154.82ms
step:2504/3125 train_time:387.673s step_avg:154.82ms
step:2505/3125 train_time:387.825s step_avg:154.82ms
step:2506/3125 train_time:387.978s step_avg:154.82ms
step:2507/3125 train_time:388.131s step_avg:154.82ms
step:2508/3125 train_time:388.284s step_avg:154.82ms
step:2509/3125 train_time:388.437s step_avg:154.82ms
step:2510/3125 train_time:388.592s step_avg:154.82ms
step:2511/3125 train_time:388.744s step_avg:154.82ms
step:2512/3125 train_time:388.897s step_avg:154.82ms
step:2513/3125 train_time:389.050s step_avg:154.82ms
step:2514/3125 train_time:389.204s step_avg:154.81ms
step:2515/3125 train_time:389.357s step_avg:154.81ms
step:2516/3125 train_time:389.510s step_avg:154.81ms
step:2517/3125 train_time:389.663s step_avg:154.81ms
step:2518/3125 train_time:389.815s step_avg:154.81ms
step:2519/3125 train_time:389.970s step_avg:154.81ms
step:2520/3125 train_time:390.123s step_avg:154.81ms
step:2521/3125 train_time:390.276s step_avg:154.81ms
step:2522/3125 train_time:390.430s step_avg:154.81ms
step:2523/3125 train_time:390.583s step_avg:154.81ms
step:2524/3125 train_time:390.736s step_avg:154.81ms
step:2525/3125 train_time:390.890s step_avg:154.81ms
step:2526/3125 train_time:391.042s step_avg:154.81ms
step:2527/3125 train_time:391.197s step_avg:154.81ms
step:2528/3125 train_time:391.350s step_avg:154.81ms
step:2529/3125 train_time:391.502s step_avg:154.81ms
step:2530/3125 train_time:391.656s step_avg:154.80ms
step:2531/3125 train_time:391.809s step_avg:154.80ms
step:2532/3125 train_time:391.961s step_avg:154.80ms
step:2533/3125 train_time:392.114s step_avg:154.80ms
step:2534/3125 train_time:392.268s step_avg:154.80ms
step:2535/3125 train_time:392.422s step_avg:154.80ms
step:2536/3125 train_time:392.576s step_avg:154.80ms
step:2537/3125 train_time:392.729s step_avg:154.80ms
step:2538/3125 train_time:392.882s step_avg:154.80ms
step:2539/3125 train_time:393.035s step_avg:154.80ms
step:2540/3125 train_time:393.188s step_avg:154.80ms
step:2541/3125 train_time:393.342s step_avg:154.80ms
step:2542/3125 train_time:393.494s step_avg:154.80ms
step:2543/3125 train_time:393.648s step_avg:154.80ms
step:2544/3125 train_time:393.801s step_avg:154.80ms
step:2545/3125 train_time:393.954s step_avg:154.80ms
step:2546/3125 train_time:394.108s step_avg:154.79ms
step:2547/3125 train_time:394.260s step_avg:154.79ms
step:2548/3125 train_time:394.412s step_avg:154.79ms
step:2549/3125 train_time:394.565s step_avg:154.79ms
step:2550/3125 train_time:394.719s step_avg:154.79ms
step:2551/3125 train_time:394.872s step_avg:154.79ms
step:2552/3125 train_time:395.025s step_avg:154.79ms
step:2553/3125 train_time:395.178s step_avg:154.79ms
step:2554/3125 train_time:395.331s step_avg:154.79ms
step:2555/3125 train_time:395.486s step_avg:154.79ms
step:2556/3125 train_time:395.639s step_avg:154.79ms
step:2557/3125 train_time:395.792s step_avg:154.79ms
step:2558/3125 train_time:395.945s step_avg:154.79ms
step:2559/3125 train_time:396.099s step_avg:154.79ms
step:2560/3125 train_time:396.252s step_avg:154.79ms
step:2561/3125 train_time:396.404s step_avg:154.78ms
step:2562/3125 train_time:396.557s step_avg:154.78ms
step:2563/3125 train_time:396.711s step_avg:154.78ms
step:2564/3125 train_time:396.864s step_avg:154.78ms
step:2565/3125 train_time:397.017s step_avg:154.78ms
step:2566/3125 train_time:397.171s step_avg:154.78ms
step:2567/3125 train_time:397.324s step_avg:154.78ms
step:2568/3125 train_time:397.479s step_avg:154.78ms
step:2569/3125 train_time:397.632s step_avg:154.78ms
step:2570/3125 train_time:397.785s step_avg:154.78ms
step:2571/3125 train_time:397.937s step_avg:154.78ms
step:2572/3125 train_time:398.091s step_avg:154.78ms
step:2573/3125 train_time:398.244s step_avg:154.78ms
step:2574/3125 train_time:398.398s step_avg:154.78ms
step:2575/3125 train_time:398.552s step_avg:154.78ms
step:2576/3125 train_time:398.704s step_avg:154.78ms
step:2577/3125 train_time:398.858s step_avg:154.78ms
step:2578/3125 train_time:399.011s step_avg:154.78ms
step:2579/3125 train_time:399.163s step_avg:154.77ms
step:2580/3125 train_time:399.316s step_avg:154.77ms
step:2581/3125 train_time:399.470s step_avg:154.77ms
step:2582/3125 train_time:399.622s step_avg:154.77ms
step:2583/3125 train_time:399.775s step_avg:154.77ms
step:2584/3125 train_time:399.929s step_avg:154.77ms
step:2585/3125 train_time:400.082s step_avg:154.77ms
step:2586/3125 train_time:400.234s step_avg:154.77ms
step:2587/3125 train_time:400.388s step_avg:154.77ms
step:2588/3125 train_time:400.541s step_avg:154.77ms
step:2589/3125 train_time:400.694s step_avg:154.77ms
step:2590/3125 train_time:400.849s step_avg:154.77ms
step:2591/3125 train_time:401.001s step_avg:154.77ms
step:2592/3125 train_time:401.156s step_avg:154.77ms
step:2593/3125 train_time:401.310s step_avg:154.77ms
step:2594/3125 train_time:401.463s step_avg:154.77ms
step:2595/3125 train_time:401.617s step_avg:154.77ms
step:2596/3125 train_time:401.771s step_avg:154.77ms
step:2597/3125 train_time:401.923s step_avg:154.76ms
step:2598/3125 train_time:402.077s step_avg:154.76ms
step:2599/3125 train_time:402.230s step_avg:154.76ms
step:2600/3125 train_time:402.383s step_avg:154.76ms
step:2601/3125 train_time:402.535s step_avg:154.76ms
step:2602/3125 train_time:402.689s step_avg:154.76ms
step:2603/3125 train_time:402.842s step_avg:154.76ms
step:2604/3125 train_time:402.996s step_avg:154.76ms
step:2605/3125 train_time:403.150s step_avg:154.76ms
step:2606/3125 train_time:403.303s step_avg:154.76ms
step:2607/3125 train_time:403.456s step_avg:154.76ms
step:2608/3125 train_time:403.609s step_avg:154.76ms
step:2609/3125 train_time:403.762s step_avg:154.76ms
step:2610/3125 train_time:403.914s step_avg:154.76ms
step:2611/3125 train_time:404.067s step_avg:154.76ms
step:2612/3125 train_time:404.222s step_avg:154.76ms
step:2613/3125 train_time:404.376s step_avg:154.76ms
step:2614/3125 train_time:404.530s step_avg:154.76ms
step:2615/3125 train_time:404.683s step_avg:154.75ms
step:2616/3125 train_time:404.835s step_avg:154.75ms
step:2617/3125 train_time:404.989s step_avg:154.75ms
step:2618/3125 train_time:405.142s step_avg:154.75ms
step:2619/3125 train_time:405.295s step_avg:154.75ms
step:2620/3125 train_time:405.449s step_avg:154.75ms
step:2621/3125 train_time:405.602s step_avg:154.75ms
step:2622/3125 train_time:405.755s step_avg:154.75ms
step:2623/3125 train_time:405.908s step_avg:154.75ms
step:2624/3125 train_time:406.060s step_avg:154.75ms
step:2625/3125 train_time:406.214s step_avg:154.75ms
step:2625/3125 val_loss:3.33074 train_time:406.222s step_avg:153.26ms
step:2626/3125 train_time:406.370s step_avg:154.75ms
step:2627/3125 train_time:406.523s step_avg:154.75ms
step:2628/3125 train_time:406.677s step_avg:154.75ms
step:2629/3125 train_time:406.830s step_avg:154.75ms
step:2630/3125 train_time:406.983s step_avg:154.75ms
step:2631/3125 train_time:407.136s step_avg:154.75ms
step:2632/3125 train_time:407.289s step_avg:154.75ms
step:2633/3125 train_time:407.442s step_avg:154.74ms
step:2634/3125 train_time:407.596s step_avg:154.74ms
step:2635/3125 train_time:407.748s step_avg:154.74ms
step:2636/3125 train_time:407.902s step_avg:154.74ms
step:2637/3125 train_time:408.056s step_avg:154.74ms
step:2638/3125 train_time:408.208s step_avg:154.74ms
step:2639/3125 train_time:408.360s step_avg:154.74ms
step:2640/3125 train_time:408.514s step_avg:154.74ms
step:2641/3125 train_time:408.667s step_avg:154.74ms
step:2642/3125 train_time:408.820s step_avg:154.74ms
step:2643/3125 train_time:408.973s step_avg:154.74ms
step:2644/3125 train_time:409.127s step_avg:154.74ms
step:2645/3125 train_time:409.280s step_avg:154.74ms
step:2646/3125 train_time:409.433s step_avg:154.74ms
step:2647/3125 train_time:409.586s step_avg:154.74ms
step:2648/3125 train_time:409.739s step_avg:154.74ms
step:2649/3125 train_time:409.891s step_avg:154.73ms
step:2650/3125 train_time:410.044s step_avg:154.73ms
step:2651/3125 train_time:410.199s step_avg:154.73ms
step:2652/3125 train_time:410.353s step_avg:154.73ms
step:2653/3125 train_time:410.506s step_avg:154.73ms
step:2654/3125 train_time:410.659s step_avg:154.73ms
step:2655/3125 train_time:410.812s step_avg:154.73ms
step:2656/3125 train_time:410.964s step_avg:154.73ms
step:2657/3125 train_time:411.119s step_avg:154.73ms
step:2658/3125 train_time:411.271s step_avg:154.73ms
step:2659/3125 train_time:411.425s step_avg:154.73ms
step:2660/3125 train_time:411.579s step_avg:154.73ms
step:2661/3125 train_time:411.778s step_avg:154.75ms
step:2662/3125 train_time:411.930s step_avg:154.74ms
step:2663/3125 train_time:412.084s step_avg:154.74ms
step:2664/3125 train_time:412.237s step_avg:154.74ms
step:2665/3125 train_time:412.389s step_avg:154.74ms
step:2666/3125 train_time:412.543s step_avg:154.74ms
step:2667/3125 train_time:412.698s step_avg:154.74ms
step:2668/3125 train_time:412.851s step_avg:154.74ms
step:2669/3125 train_time:413.004s step_avg:154.74ms
step:2670/3125 train_time:413.158s step_avg:154.74ms
step:2671/3125 train_time:413.311s step_avg:154.74ms
step:2672/3125 train_time:413.464s step_avg:154.74ms
step:2673/3125 train_time:413.620s step_avg:154.74ms
step:2674/3125 train_time:413.774s step_avg:154.74ms
step:2675/3125 train_time:413.927s step_avg:154.74ms
step:2676/3125 train_time:414.081s step_avg:154.74ms
step:2677/3125 train_time:414.235s step_avg:154.74ms
step:2678/3125 train_time:414.387s step_avg:154.74ms
step:2679/3125 train_time:414.539s step_avg:154.74ms
step:2680/3125 train_time:414.693s step_avg:154.74ms
step:2681/3125 train_time:414.846s step_avg:154.74ms
step:2682/3125 train_time:415.000s step_avg:154.74ms
step:2683/3125 train_time:415.155s step_avg:154.74ms
step:2684/3125 train_time:415.308s step_avg:154.73ms
step:2685/3125 train_time:415.462s step_avg:154.73ms
step:2686/3125 train_time:415.615s step_avg:154.73ms
step:2687/3125 train_time:415.767s step_avg:154.73ms
step:2688/3125 train_time:415.920s step_avg:154.73ms
step:2689/3125 train_time:416.075s step_avg:154.73ms
step:2690/3125 train_time:416.228s step_avg:154.73ms
step:2691/3125 train_time:416.381s step_avg:154.73ms
step:2692/3125 train_time:416.535s step_avg:154.73ms
step:2693/3125 train_time:416.688s step_avg:154.73ms
step:2694/3125 train_time:416.841s step_avg:154.73ms
step:2695/3125 train_time:416.995s step_avg:154.73ms
step:2696/3125 train_time:417.148s step_avg:154.73ms
step:2697/3125 train_time:417.302s step_avg:154.73ms
step:2698/3125 train_time:417.455s step_avg:154.73ms
step:2699/3125 train_time:417.608s step_avg:154.73ms
step:2700/3125 train_time:417.760s step_avg:154.73ms
step:2701/3125 train_time:417.913s step_avg:154.73ms
step:2702/3125 train_time:418.067s step_avg:154.72ms
step:2703/3125 train_time:418.220s step_avg:154.72ms
step:2704/3125 train_time:418.373s step_avg:154.72ms
step:2705/3125 train_time:418.527s step_avg:154.72ms
step:2706/3125 train_time:418.680s step_avg:154.72ms
step:2707/3125 train_time:418.833s step_avg:154.72ms
step:2708/3125 train_time:418.986s step_avg:154.72ms
step:2709/3125 train_time:419.139s step_avg:154.72ms
step:2710/3125 train_time:419.292s step_avg:154.72ms
step:2711/3125 train_time:419.446s step_avg:154.72ms
step:2712/3125 train_time:419.600s step_avg:154.72ms
step:2713/3125 train_time:419.753s step_avg:154.72ms
step:2714/3125 train_time:419.906s step_avg:154.72ms
step:2715/3125 train_time:420.059s step_avg:154.72ms
step:2716/3125 train_time:420.212s step_avg:154.72ms
step:2717/3125 train_time:420.366s step_avg:154.72ms
step:2718/3125 train_time:420.520s step_avg:154.72ms
step:2719/3125 train_time:420.672s step_avg:154.72ms
step:2720/3125 train_time:420.825s step_avg:154.72ms
step:2721/3125 train_time:420.981s step_avg:154.72ms
step:2722/3125 train_time:421.134s step_avg:154.71ms
step:2723/3125 train_time:421.287s step_avg:154.71ms
step:2724/3125 train_time:421.440s step_avg:154.71ms
step:2725/3125 train_time:421.593s step_avg:154.71ms
step:2726/3125 train_time:421.746s step_avg:154.71ms
step:2727/3125 train_time:421.899s step_avg:154.71ms
step:2728/3125 train_time:422.053s step_avg:154.71ms
step:2729/3125 train_time:422.206s step_avg:154.71ms
step:2730/3125 train_time:422.359s step_avg:154.71ms
step:2731/3125 train_time:422.513s step_avg:154.71ms
step:2732/3125 train_time:422.667s step_avg:154.71ms
step:2733/3125 train_time:422.820s step_avg:154.71ms
step:2734/3125 train_time:422.974s step_avg:154.71ms
step:2735/3125 train_time:423.128s step_avg:154.71ms
step:2736/3125 train_time:423.281s step_avg:154.71ms
step:2737/3125 train_time:423.435s step_avg:154.71ms
step:2738/3125 train_time:423.587s step_avg:154.71ms
step:2739/3125 train_time:423.740s step_avg:154.71ms
step:2740/3125 train_time:423.893s step_avg:154.71ms
step:2741/3125 train_time:424.047s step_avg:154.71ms
step:2742/3125 train_time:424.200s step_avg:154.70ms
step:2743/3125 train_time:424.354s step_avg:154.70ms
step:2744/3125 train_time:424.506s step_avg:154.70ms
step:2745/3125 train_time:424.659s step_avg:154.70ms
step:2746/3125 train_time:424.813s step_avg:154.70ms
step:2747/3125 train_time:424.965s step_avg:154.70ms
step:2748/3125 train_time:425.119s step_avg:154.70ms
step:2749/3125 train_time:425.271s step_avg:154.70ms
step:2750/3125 train_time:425.426s step_avg:154.70ms
step:2750/3125 val_loss:3.31435 train_time:425.434s step_avg:153.69ms
step:2751/3125 train_time:425.581s step_avg:154.70ms
step:2752/3125 train_time:425.733s step_avg:154.70ms
step:2753/3125 train_time:425.886s step_avg:154.70ms
step:2754/3125 train_time:426.038s step_avg:154.70ms
step:2755/3125 train_time:426.191s step_avg:154.70ms
step:2756/3125 train_time:426.346s step_avg:154.70ms
step:2757/3125 train_time:426.498s step_avg:154.70ms
step:2758/3125 train_time:426.653s step_avg:154.70ms
step:2759/3125 train_time:426.807s step_avg:154.70ms
step:2760/3125 train_time:426.963s step_avg:154.70ms
step:2761/3125 train_time:427.116s step_avg:154.70ms
step:2762/3125 train_time:427.268s step_avg:154.70ms
step:2763/3125 train_time:427.422s step_avg:154.69ms
step:2764/3125 train_time:427.574s step_avg:154.69ms
step:2765/3125 train_time:427.728s step_avg:154.69ms
step:2766/3125 train_time:427.882s step_avg:154.69ms
step:2767/3125 train_time:428.035s step_avg:154.69ms
step:2768/3125 train_time:428.189s step_avg:154.69ms
step:2769/3125 train_time:428.343s step_avg:154.69ms
step:2770/3125 train_time:428.495s step_avg:154.69ms
step:2771/3125 train_time:428.648s step_avg:154.69ms
step:2772/3125 train_time:428.801s step_avg:154.69ms
step:2773/3125 train_time:428.955s step_avg:154.69ms
step:2774/3125 train_time:429.108s step_avg:154.69ms
step:2775/3125 train_time:429.261s step_avg:154.69ms
step:2776/3125 train_time:429.414s step_avg:154.69ms
step:2777/3125 train_time:429.568s step_avg:154.69ms
step:2778/3125 train_time:429.721s step_avg:154.69ms
step:2779/3125 train_time:429.874s step_avg:154.69ms
step:2780/3125 train_time:430.028s step_avg:154.69ms
step:2781/3125 train_time:430.181s step_avg:154.69ms
step:2782/3125 train_time:430.334s step_avg:154.69ms
step:2783/3125 train_time:430.487s step_avg:154.68ms
step:2784/3125 train_time:430.641s step_avg:154.68ms
step:2785/3125 train_time:430.794s step_avg:154.68ms
step:2786/3125 train_time:430.948s step_avg:154.68ms
step:2787/3125 train_time:431.102s step_avg:154.68ms
step:2788/3125 train_time:431.255s step_avg:154.68ms
step:2789/3125 train_time:431.408s step_avg:154.68ms
step:2790/3125 train_time:431.561s step_avg:154.68ms
step:2791/3125 train_time:431.716s step_avg:154.68ms
step:2792/3125 train_time:431.869s step_avg:154.68ms
step:2793/3125 train_time:432.022s step_avg:154.68ms
step:2794/3125 train_time:432.175s step_avg:154.68ms
step:2795/3125 train_time:432.328s step_avg:154.68ms
step:2796/3125 train_time:432.483s step_avg:154.68ms
step:2797/3125 train_time:432.636s step_avg:154.68ms
step:2798/3125 train_time:432.788s step_avg:154.68ms
step:2799/3125 train_time:432.942s step_avg:154.68ms
step:2800/3125 train_time:433.096s step_avg:154.68ms
step:2801/3125 train_time:433.250s step_avg:154.68ms
step:2802/3125 train_time:433.404s step_avg:154.68ms
step:2803/3125 train_time:433.557s step_avg:154.68ms
step:2804/3125 train_time:433.710s step_avg:154.68ms
step:2805/3125 train_time:433.864s step_avg:154.68ms
step:2806/3125 train_time:434.017s step_avg:154.67ms
step:2807/3125 train_time:434.170s step_avg:154.67ms
step:2808/3125 train_time:434.324s step_avg:154.67ms
step:2809/3125 train_time:434.478s step_avg:154.67ms
step:2810/3125 train_time:434.632s step_avg:154.67ms
step:2811/3125 train_time:434.786s step_avg:154.67ms
step:2812/3125 train_time:434.941s step_avg:154.67ms
step:2813/3125 train_time:435.094s step_avg:154.67ms
step:2814/3125 train_time:435.247s step_avg:154.67ms
step:2815/3125 train_time:435.401s step_avg:154.67ms
step:2816/3125 train_time:435.554s step_avg:154.67ms
step:2817/3125 train_time:435.707s step_avg:154.67ms
step:2818/3125 train_time:435.861s step_avg:154.67ms
step:2819/3125 train_time:436.014s step_avg:154.67ms
step:2820/3125 train_time:436.167s step_avg:154.67ms
step:2821/3125 train_time:436.321s step_avg:154.67ms
step:2822/3125 train_time:436.475s step_avg:154.67ms
step:2823/3125 train_time:436.628s step_avg:154.67ms
step:2824/3125 train_time:436.781s step_avg:154.67ms
step:2825/3125 train_time:436.934s step_avg:154.67ms
step:2826/3125 train_time:437.087s step_avg:154.67ms
step:2827/3125 train_time:437.240s step_avg:154.67ms
step:2828/3125 train_time:437.393s step_avg:154.67ms
step:2829/3125 train_time:437.548s step_avg:154.67ms
step:2830/3125 train_time:437.701s step_avg:154.66ms
step:2831/3125 train_time:437.854s step_avg:154.66ms
step:2832/3125 train_time:438.007s step_avg:154.66ms
step:2833/3125 train_time:438.160s step_avg:154.66ms
step:2834/3125 train_time:438.313s step_avg:154.66ms
step:2835/3125 train_time:438.466s step_avg:154.66ms
step:2836/3125 train_time:438.619s step_avg:154.66ms
step:2837/3125 train_time:438.773s step_avg:154.66ms
step:2838/3125 train_time:438.926s step_avg:154.66ms
step:2839/3125 train_time:439.080s step_avg:154.66ms
step:2840/3125 train_time:439.234s step_avg:154.66ms
step:2841/3125 train_time:439.387s step_avg:154.66ms
step:2842/3125 train_time:439.540s step_avg:154.66ms
step:2843/3125 train_time:439.693s step_avg:154.66ms
step:2844/3125 train_time:439.847s step_avg:154.66ms
step:2845/3125 train_time:440.001s step_avg:154.66ms
step:2846/3125 train_time:440.154s step_avg:154.66ms
step:2847/3125 train_time:440.307s step_avg:154.66ms
step:2848/3125 train_time:440.460s step_avg:154.66ms
step:2849/3125 train_time:440.614s step_avg:154.66ms
step:2850/3125 train_time:440.766s step_avg:154.65ms
step:2851/3125 train_time:440.965s step_avg:154.67ms
step:2852/3125 train_time:441.118s step_avg:154.67ms
step:2853/3125 train_time:441.270s step_avg:154.67ms
step:2854/3125 train_time:441.424s step_avg:154.67ms
step:2855/3125 train_time:441.577s step_avg:154.67ms
step:2856/3125 train_time:441.730s step_avg:154.67ms
step:2857/3125 train_time:441.884s step_avg:154.67ms
step:2858/3125 train_time:442.037s step_avg:154.67ms
step:2859/3125 train_time:442.190s step_avg:154.67ms
step:2860/3125 train_time:442.344s step_avg:154.67ms
step:2861/3125 train_time:442.497s step_avg:154.67ms
step:2862/3125 train_time:442.650s step_avg:154.66ms
step:2863/3125 train_time:442.804s step_avg:154.66ms
step:2864/3125 train_time:442.956s step_avg:154.66ms
step:2865/3125 train_time:443.110s step_avg:154.66ms
step:2866/3125 train_time:443.263s step_avg:154.66ms
step:2867/3125 train_time:443.416s step_avg:154.66ms
step:2868/3125 train_time:443.568s step_avg:154.66ms
step:2869/3125 train_time:443.721s step_avg:154.66ms
step:2870/3125 train_time:443.875s step_avg:154.66ms
step:2871/3125 train_time:444.028s step_avg:154.66ms
step:2872/3125 train_time:444.181s step_avg:154.66ms
step:2873/3125 train_time:444.336s step_avg:154.66ms
step:2874/3125 train_time:444.488s step_avg:154.66ms
step:2875/3125 train_time:444.642s step_avg:154.66ms
step:2875/3125 val_loss:3.29906 train_time:444.650s step_avg:153.73ms
step:2876/3125 train_time:444.799s step_avg:154.66ms
step:2877/3125 train_time:444.951s step_avg:154.66ms
step:2878/3125 train_time:445.105s step_avg:154.66ms
step:2879/3125 train_time:445.258s step_avg:154.66ms
step:2880/3125 train_time:445.410s step_avg:154.66ms
step:2881/3125 train_time:445.563s step_avg:154.66ms
step:2882/3125 train_time:445.717s step_avg:154.66ms
step:2883/3125 train_time:445.870s step_avg:154.65ms
step:2884/3125 train_time:446.024s step_avg:154.65ms
step:2885/3125 train_time:446.177s step_avg:154.65ms
step:2886/3125 train_time:446.330s step_avg:154.65ms
step:2887/3125 train_time:446.484s step_avg:154.65ms
step:2888/3125 train_time:446.637s step_avg:154.65ms
step:2889/3125 train_time:446.790s step_avg:154.65ms
step:2890/3125 train_time:446.944s step_avg:154.65ms
step:2891/3125 train_time:447.097s step_avg:154.65ms
step:2892/3125 train_time:447.250s step_avg:154.65ms
step:2893/3125 train_time:447.403s step_avg:154.65ms
step:2894/3125 train_time:447.557s step_avg:154.65ms
step:2895/3125 train_time:447.709s step_avg:154.65ms
step:2896/3125 train_time:447.864s step_avg:154.65ms
step:2897/3125 train_time:448.017s step_avg:154.65ms
step:2898/3125 train_time:448.170s step_avg:154.65ms
step:2899/3125 train_time:448.323s step_avg:154.65ms
step:2900/3125 train_time:448.476s step_avg:154.65ms
step:2901/3125 train_time:448.629s step_avg:154.65ms
step:2902/3125 train_time:448.782s step_avg:154.65ms
step:2903/3125 train_time:448.935s step_avg:154.65ms
step:2904/3125 train_time:449.088s step_avg:154.64ms
step:2905/3125 train_time:449.241s step_avg:154.64ms
step:2906/3125 train_time:449.395s step_avg:154.64ms
step:2907/3125 train_time:449.549s step_avg:154.64ms
step:2908/3125 train_time:449.702s step_avg:154.64ms
step:2909/3125 train_time:449.856s step_avg:154.64ms
step:2910/3125 train_time:450.008s step_avg:154.64ms
step:2911/3125 train_time:450.160s step_avg:154.64ms
step:2912/3125 train_time:450.313s step_avg:154.64ms
step:2913/3125 train_time:450.468s step_avg:154.64ms
step:2914/3125 train_time:450.620s step_avg:154.64ms
step:2915/3125 train_time:450.775s step_avg:154.64ms
step:2916/3125 train_time:450.929s step_avg:154.64ms
step:2917/3125 train_time:451.083s step_avg:154.64ms
step:2918/3125 train_time:451.237s step_avg:154.64ms
step:2919/3125 train_time:451.390s step_avg:154.64ms
step:2920/3125 train_time:451.543s step_avg:154.64ms
step:2921/3125 train_time:451.697s step_avg:154.64ms
step:2922/3125 train_time:451.850s step_avg:154.64ms
step:2923/3125 train_time:452.004s step_avg:154.64ms
step:2924/3125 train_time:452.157s step_avg:154.64ms
step:2925/3125 train_time:452.309s step_avg:154.64ms
step:2926/3125 train_time:452.461s step_avg:154.63ms
step:2927/3125 train_time:452.615s step_avg:154.63ms
step:2928/3125 train_time:452.769s step_avg:154.63ms
step:2929/3125 train_time:452.923s step_avg:154.63ms
step:2930/3125 train_time:453.076s step_avg:154.63ms
step:2931/3125 train_time:453.230s step_avg:154.63ms
step:2932/3125 train_time:453.382s step_avg:154.63ms
step:2933/3125 train_time:453.535s step_avg:154.63ms
step:2934/3125 train_time:453.688s step_avg:154.63ms
step:2935/3125 train_time:453.841s step_avg:154.63ms
step:2936/3125 train_time:453.994s step_avg:154.63ms
step:2937/3125 train_time:454.149s step_avg:154.63ms
step:2938/3125 train_time:454.304s step_avg:154.63ms
step:2939/3125 train_time:454.457s step_avg:154.63ms
step:2940/3125 train_time:454.610s step_avg:154.63ms
step:2941/3125 train_time:454.763s step_avg:154.63ms
step:2942/3125 train_time:454.916s step_avg:154.63ms
step:2943/3125 train_time:455.069s step_avg:154.63ms
step:2944/3125 train_time:455.223s step_avg:154.63ms
step:2945/3125 train_time:455.377s step_avg:154.63ms
step:2946/3125 train_time:455.530s step_avg:154.63ms
step:2947/3125 train_time:455.683s step_avg:154.63ms
step:2948/3125 train_time:455.835s step_avg:154.63ms
step:2949/3125 train_time:455.988s step_avg:154.62ms
step:2950/3125 train_time:456.141s step_avg:154.62ms
step:2951/3125 train_time:456.299s step_avg:154.63ms
step:2952/3125 train_time:456.452s step_avg:154.62ms
step:2953/3125 train_time:456.606s step_avg:154.62ms
step:2954/3125 train_time:456.758s step_avg:154.62ms
step:2955/3125 train_time:456.910s step_avg:154.62ms
step:2956/3125 train_time:457.064s step_avg:154.62ms
step:2957/3125 train_time:457.216s step_avg:154.62ms
step:2958/3125 train_time:457.370s step_avg:154.62ms
step:2959/3125 train_time:457.522s step_avg:154.62ms
step:2960/3125 train_time:457.677s step_avg:154.62ms
step:2961/3125 train_time:457.830s step_avg:154.62ms
step:2962/3125 train_time:457.982s step_avg:154.62ms
step:2963/3125 train_time:458.136s step_avg:154.62ms
step:2964/3125 train_time:458.289s step_avg:154.62ms
step:2965/3125 train_time:458.443s step_avg:154.62ms
step:2966/3125 train_time:458.597s step_avg:154.62ms
step:2967/3125 train_time:458.750s step_avg:154.62ms
step:2968/3125 train_time:458.903s step_avg:154.62ms
step:2969/3125 train_time:459.056s step_avg:154.62ms
step:2970/3125 train_time:459.208s step_avg:154.62ms
step:2971/3125 train_time:459.361s step_avg:154.62ms
step:2972/3125 train_time:459.514s step_avg:154.61ms
step:2973/3125 train_time:459.668s step_avg:154.61ms
step:2974/3125 train_time:459.821s step_avg:154.61ms
step:2975/3125 train_time:459.975s step_avg:154.61ms
step:2976/3125 train_time:460.128s step_avg:154.61ms
step:2977/3125 train_time:460.283s step_avg:154.61ms
step:2978/3125 train_time:460.436s step_avg:154.61ms
step:2979/3125 train_time:460.588s step_avg:154.61ms
step:2980/3125 train_time:460.742s step_avg:154.61ms
step:2981/3125 train_time:460.896s step_avg:154.61ms
step:2982/3125 train_time:461.050s step_avg:154.61ms
step:2983/3125 train_time:461.203s step_avg:154.61ms
step:2984/3125 train_time:461.356s step_avg:154.61ms
step:2985/3125 train_time:461.508s step_avg:154.61ms
step:2986/3125 train_time:461.661s step_avg:154.61ms
step:2987/3125 train_time:461.813s step_avg:154.61ms
step:2988/3125 train_time:461.968s step_avg:154.61ms
step:2989/3125 train_time:462.120s step_avg:154.61ms
step:2990/3125 train_time:462.275s step_avg:154.61ms
step:2991/3125 train_time:462.428s step_avg:154.61ms
step:2992/3125 train_time:462.581s step_avg:154.61ms
step:2993/3125 train_time:462.734s step_avg:154.61ms
step:2994/3125 train_time:462.887s step_avg:154.60ms
step:2995/3125 train_time:463.039s step_avg:154.60ms
step:2996/3125 train_time:463.193s step_avg:154.60ms
step:2997/3125 train_time:463.348s step_avg:154.60ms
step:2998/3125 train_time:463.501s step_avg:154.60ms
step:2999/3125 train_time:463.655s step_avg:154.60ms
step:3000/3125 train_time:463.808s step_avg:154.60ms
step:3000/3125 val_loss:3.28615 train_time:463.816s step_avg:153.33ms
step:3001/3125 train_time:463.964s step_avg:154.60ms
step:3002/3125 train_time:464.117s step_avg:154.60ms
step:3003/3125 train_time:464.269s step_avg:154.60ms
step:3004/3125 train_time:464.423s step_avg:154.60ms
step:3005/3125 train_time:464.577s step_avg:154.60ms
step:3006/3125 train_time:464.730s step_avg:154.60ms
step:3007/3125 train_time:464.884s step_avg:154.60ms
step:3008/3125 train_time:465.037s step_avg:154.60ms
step:3009/3125 train_time:465.190s step_avg:154.60ms
step:3010/3125 train_time:465.343s step_avg:154.60ms
step:3011/3125 train_time:465.496s step_avg:154.60ms
step:3012/3125 train_time:465.649s step_avg:154.60ms
step:3013/3125 train_time:465.803s step_avg:154.60ms
step:3014/3125 train_time:465.958s step_avg:154.60ms
step:3015/3125 train_time:466.111s step_avg:154.60ms
step:3016/3125 train_time:466.264s step_avg:154.60ms
step:3017/3125 train_time:466.417s step_avg:154.60ms
step:3018/3125 train_time:466.570s step_avg:154.60ms
step:3019/3125 train_time:466.724s step_avg:154.60ms
step:3020/3125 train_time:466.877s step_avg:154.60ms
step:3021/3125 train_time:467.030s step_avg:154.59ms
step:3022/3125 train_time:467.183s step_avg:154.59ms
step:3023/3125 train_time:467.337s step_avg:154.59ms
step:3024/3125 train_time:467.489s step_avg:154.59ms
step:3025/3125 train_time:467.643s step_avg:154.59ms
step:3026/3125 train_time:467.796s step_avg:154.59ms
step:3027/3125 train_time:467.949s step_avg:154.59ms
step:3028/3125 train_time:468.102s step_avg:154.59ms
step:3029/3125 train_time:468.256s step_avg:154.59ms
step:3030/3125 train_time:468.412s step_avg:154.59ms
step:3031/3125 train_time:468.565s step_avg:154.59ms
step:3032/3125 train_time:468.717s step_avg:154.59ms
step:3033/3125 train_time:468.871s step_avg:154.59ms
step:3034/3125 train_time:469.025s step_avg:154.59ms
step:3035/3125 train_time:469.178s step_avg:154.59ms
step:3036/3125 train_time:469.331s step_avg:154.59ms
step:3037/3125 train_time:469.485s step_avg:154.59ms
step:3038/3125 train_time:469.637s step_avg:154.59ms
step:3039/3125 train_time:469.790s step_avg:154.59ms
step:3040/3125 train_time:469.942s step_avg:154.59ms
step:3041/3125 train_time:470.141s step_avg:154.60ms
step:3042/3125 train_time:470.294s step_avg:154.60ms
step:3043/3125 train_time:470.446s step_avg:154.60ms
step:3044/3125 train_time:470.600s step_avg:154.60ms
step:3045/3125 train_time:470.754s step_avg:154.60ms
step:3046/3125 train_time:470.906s step_avg:154.60ms
step:3047/3125 train_time:471.060s step_avg:154.60ms
step:3048/3125 train_time:471.213s step_avg:154.60ms
step:3049/3125 train_time:471.366s step_avg:154.60ms
step:3050/3125 train_time:471.519s step_avg:154.60ms
step:3051/3125 train_time:471.674s step_avg:154.60ms
step:3052/3125 train_time:471.827s step_avg:154.60ms
step:3053/3125 train_time:471.980s step_avg:154.60ms
step:3054/3125 train_time:472.134s step_avg:154.60ms
step:3055/3125 train_time:472.286s step_avg:154.59ms
step:3056/3125 train_time:472.440s step_avg:154.59ms
step:3057/3125 train_time:472.593s step_avg:154.59ms
step:3058/3125 train_time:472.747s step_avg:154.59ms
step:3059/3125 train_time:472.900s step_avg:154.59ms
step:3060/3125 train_time:473.054s step_avg:154.59ms
step:3061/3125 train_time:473.207s step_avg:154.59ms
step:3062/3125 train_time:473.359s step_avg:154.59ms
step:3063/3125 train_time:473.513s step_avg:154.59ms
step:3064/3125 train_time:473.666s step_avg:154.59ms
step:3065/3125 train_time:473.818s step_avg:154.59ms
step:3066/3125 train_time:473.972s step_avg:154.59ms
step:3067/3125 train_time:474.125s step_avg:154.59ms
step:3068/3125 train_time:474.278s step_avg:154.59ms
step:3069/3125 train_time:474.432s step_avg:154.59ms
step:3070/3125 train_time:474.585s step_avg:154.59ms
step:3071/3125 train_time:474.737s step_avg:154.59ms
step:3072/3125 train_time:474.890s step_avg:154.59ms
step:3073/3125 train_time:475.044s step_avg:154.59ms
step:3074/3125 train_time:475.197s step_avg:154.59ms
step:3075/3125 train_time:475.350s step_avg:154.59ms
step:3076/3125 train_time:475.504s step_avg:154.59ms
step:3077/3125 train_time:475.658s step_avg:154.58ms
step:3078/3125 train_time:475.811s step_avg:154.58ms
step:3079/3125 train_time:475.963s step_avg:154.58ms
step:3080/3125 train_time:476.117s step_avg:154.58ms
step:3081/3125 train_time:476.270s step_avg:154.58ms
step:3082/3125 train_time:476.423s step_avg:154.58ms
step:3083/3125 train_time:476.577s step_avg:154.58ms
step:3084/3125 train_time:476.730s step_avg:154.58ms
step:3085/3125 train_time:476.883s step_avg:154.58ms
step:3086/3125 train_time:477.036s step_avg:154.58ms
step:3087/3125 train_time:477.190s step_avg:154.58ms
step:3088/3125 train_time:477.343s step_avg:154.58ms
step:3089/3125 train_time:477.497s step_avg:154.58ms
step:3090/3125 train_time:477.650s step_avg:154.58ms
step:3091/3125 train_time:477.803s step_avg:154.58ms
step:3092/3125 train_time:477.957s step_avg:154.58ms
step:3093/3125 train_time:478.109s step_avg:154.58ms
step:3094/3125 train_time:478.263s step_avg:154.58ms
step:3095/3125 train_time:478.415s step_avg:154.58ms
step:3096/3125 train_time:478.569s step_avg:154.58ms
step:3097/3125 train_time:478.722s step_avg:154.58ms
step:3098/3125 train_time:478.878s step_avg:154.58ms
step:3099/3125 train_time:479.032s step_avg:154.58ms
step:3100/3125 train_time:479.184s step_avg:154.58ms
step:3101/3125 train_time:479.338s step_avg:154.58ms
step:3102/3125 train_time:479.489s step_avg:154.57ms
step:3103/3125 train_time:479.642s step_avg:154.57ms
step:3104/3125 train_time:479.797s step_avg:154.57ms
step:3105/3125 train_time:479.950s step_avg:154.57ms
step:3106/3125 train_time:480.103s step_avg:154.57ms
step:3107/3125 train_time:480.257s step_avg:154.57ms
step:3108/3125 train_time:480.409s step_avg:154.57ms
step:3109/3125 train_time:480.563s step_avg:154.57ms
step:3110/3125 train_time:480.716s step_avg:154.57ms
step:3111/3125 train_time:480.870s step_avg:154.57ms
step:3112/3125 train_time:481.024s step_avg:154.57ms
step:3113/3125 train_time:481.178s step_avg:154.57ms
step:3114/3125 train_time:481.331s step_avg:154.57ms
step:3115/3125 train_time:481.484s step_avg:154.57ms
step:3116/3125 train_time:481.637s step_avg:154.57ms
step:3117/3125 train_time:481.790s step_avg:154.57ms
step:3118/3125 train_time:481.942s step_avg:154.57ms
step:3119/3125 train_time:482.096s step_avg:154.57ms
step:3120/3125 train_time:482.249s step_avg:154.57ms
step:3121/3125 train_time:482.403s step_avg:154.57ms
step:3122/3125 train_time:482.556s step_avg:154.57ms
step:3123/3125 train_time:482.711s step_avg:154.57ms
step:3124/3125 train_time:482.864s step_avg:154.57ms
step:3125/3125 train_time:483.017s step_avg:154.57ms
step:3125/3125 val_loss:3.27873 train_time:483.025s step_avg:153.67ms
