=== n8 ctrl seed 6: train_gpt_muonh_fast_slow_decay.py ===
W0827 08:26:38.513000 24167 torch/distributed/run.py:852] 
W0827 08:26:38.513000 24167 torch/distributed/run.py:852] *****************************************
W0827 08:26:38.513000 24167 torch/distributed/run.py:852] Setting OMP_NUM_THREADS environment variable for each process to be 1 in default, to avoid your system being overloaded, please further tune the variable for optimal performance in your application as needed. 
W0827 08:26:38.513000 24167 torch/distributed/run.py:852] *****************************************
logs/muonh_fast_slow_decay_warm100_plateauEnd200_peak0.03_fastEnd1750_floor0.006_slowlinear_exp0.6_steps3125_seed6.txt
step:0/3125 val_loss:10.97591 train_time:0.000s step_avg:nanms
step:1/3125 train_time:2.841s step_avg:2841.50ms
step:2/3125 train_time:2.983s step_avg:1491.44ms
step:3/3125 train_time:3.137s step_avg:1045.82ms
step:4/3125 train_time:3.291s step_avg:822.86ms
step:5/3125 train_time:3.444s step_avg:688.86ms
step:6/3125 train_time:3.599s step_avg:599.86ms
step:7/3125 train_time:3.754s step_avg:536.25ms
step:8/3125 train_time:3.908s step_avg:488.51ms
step:9/3125 train_time:4.061s step_avg:451.18ms
step:10/3125 train_time:4.215s step_avg:421.51ms
step:11/3125 train_time:4.370s step_avg:397.26ms
step:12/3125 train_time:4.523s step_avg:376.94ms
step:13/3125 train_time:4.678s step_avg:359.86ms
step:14/3125 train_time:4.834s step_avg:345.29ms
step:15/3125 train_time:4.989s step_avg:332.60ms
step:16/3125 train_time:5.142s step_avg:321.39ms
step:17/3125 train_time:5.297s step_avg:311.59ms
step:18/3125 train_time:5.451s step_avg:302.82ms
step:19/3125 train_time:5.604s step_avg:294.96ms
step:20/3125 train_time:5.758s step_avg:287.88ms
step:21/3125 train_time:5.912s step_avg:281.52ms
step:22/3125 train_time:6.065s step_avg:275.70ms
step:23/3125 train_time:6.221s step_avg:270.49ms
step:24/3125 train_time:6.376s step_avg:265.66ms
step:25/3125 train_time:6.529s step_avg:261.17ms
step:26/3125 train_time:6.683s step_avg:257.04ms
step:27/3125 train_time:6.837s step_avg:253.23ms
step:28/3125 train_time:6.992s step_avg:249.73ms
step:29/3125 train_time:7.146s step_avg:246.41ms
step:30/3125 train_time:7.300s step_avg:243.33ms
step:31/3125 train_time:7.454s step_avg:240.45ms
step:32/3125 train_time:7.608s step_avg:237.74ms
step:33/3125 train_time:7.762s step_avg:235.20ms
step:34/3125 train_time:7.917s step_avg:232.84ms
step:35/3125 train_time:8.072s step_avg:230.63ms
step:36/3125 train_time:8.226s step_avg:228.50ms
step:37/3125 train_time:8.379s step_avg:226.46ms
step:38/3125 train_time:8.538s step_avg:224.69ms
step:39/3125 train_time:8.693s step_avg:222.91ms
step:40/3125 train_time:8.847s step_avg:221.16ms
step:41/3125 train_time:9.001s step_avg:219.55ms
step:42/3125 train_time:9.157s step_avg:218.03ms
step:43/3125 train_time:9.312s step_avg:216.55ms
step:44/3125 train_time:9.466s step_avg:215.13ms
step:45/3125 train_time:9.621s step_avg:213.79ms
step:46/3125 train_time:9.775s step_avg:212.50ms
step:47/3125 train_time:9.930s step_avg:211.28ms
step:48/3125 train_time:10.085s step_avg:210.09ms
step:49/3125 train_time:10.239s step_avg:208.96ms
step:50/3125 train_time:10.392s step_avg:207.84ms
step:51/3125 train_time:10.545s step_avg:206.77ms
step:52/3125 train_time:10.700s step_avg:205.76ms
step:53/3125 train_time:10.854s step_avg:204.80ms
step:54/3125 train_time:11.010s step_avg:203.89ms
step:55/3125 train_time:11.164s step_avg:202.97ms
step:56/3125 train_time:11.319s step_avg:202.12ms
step:57/3125 train_time:11.473s step_avg:201.29ms
step:58/3125 train_time:11.628s step_avg:200.48ms
step:59/3125 train_time:11.782s step_avg:199.69ms
step:60/3125 train_time:11.936s step_avg:198.93ms
step:61/3125 train_time:12.090s step_avg:198.19ms
step:62/3125 train_time:12.244s step_avg:197.48ms
step:63/3125 train_time:12.399s step_avg:196.80ms
step:64/3125 train_time:12.553s step_avg:196.14ms
step:65/3125 train_time:12.708s step_avg:195.50ms
step:66/3125 train_time:12.861s step_avg:194.86ms
step:67/3125 train_time:13.017s step_avg:194.28ms
step:68/3125 train_time:13.172s step_avg:193.71ms
step:69/3125 train_time:13.326s step_avg:193.13ms
step:70/3125 train_time:13.479s step_avg:192.56ms
step:71/3125 train_time:13.637s step_avg:192.06ms
step:72/3125 train_time:13.790s step_avg:191.53ms
step:73/3125 train_time:13.945s step_avg:191.02ms
step:74/3125 train_time:14.098s step_avg:190.51ms
step:75/3125 train_time:14.251s step_avg:190.02ms
step:76/3125 train_time:14.405s step_avg:189.54ms
step:77/3125 train_time:14.558s step_avg:189.07ms
step:78/3125 train_time:14.714s step_avg:188.64ms
step:79/3125 train_time:14.869s step_avg:188.21ms
step:80/3125 train_time:15.023s step_avg:187.78ms
step:81/3125 train_time:15.179s step_avg:187.39ms
step:82/3125 train_time:15.334s step_avg:186.99ms
step:83/3125 train_time:15.488s step_avg:186.60ms
step:84/3125 train_time:15.642s step_avg:186.21ms
step:85/3125 train_time:15.797s step_avg:185.84ms
step:86/3125 train_time:15.951s step_avg:185.48ms
step:87/3125 train_time:16.105s step_avg:185.12ms
step:88/3125 train_time:16.258s step_avg:184.75ms
step:89/3125 train_time:16.413s step_avg:184.41ms
step:90/3125 train_time:16.565s step_avg:184.06ms
step:91/3125 train_time:16.720s step_avg:183.73ms
step:92/3125 train_time:16.874s step_avg:183.41ms
step:93/3125 train_time:17.027s step_avg:183.09ms
step:94/3125 train_time:17.182s step_avg:182.78ms
step:95/3125 train_time:17.336s step_avg:182.49ms
step:96/3125 train_time:17.491s step_avg:182.20ms
step:97/3125 train_time:17.644s step_avg:181.90ms
step:98/3125 train_time:17.799s step_avg:181.62ms
step:99/3125 train_time:17.953s step_avg:181.34ms
step:100/3125 train_time:18.106s step_avg:181.06ms
step:101/3125 train_time:18.259s step_avg:180.79ms
step:102/3125 train_time:18.415s step_avg:180.54ms
step:103/3125 train_time:18.570s step_avg:180.29ms
step:104/3125 train_time:18.724s step_avg:180.04ms
step:105/3125 train_time:18.877s step_avg:179.79ms
step:106/3125 train_time:19.032s step_avg:179.55ms
step:107/3125 train_time:19.186s step_avg:179.31ms
step:108/3125 train_time:19.340s step_avg:179.07ms
step:109/3125 train_time:19.494s step_avg:178.84ms
step:110/3125 train_time:19.647s step_avg:178.60ms
step:111/3125 train_time:19.800s step_avg:178.38ms
step:112/3125 train_time:19.954s step_avg:178.16ms
step:113/3125 train_time:20.109s step_avg:177.95ms
step:114/3125 train_time:20.262s step_avg:177.74ms
step:115/3125 train_time:20.417s step_avg:177.54ms
step:116/3125 train_time:20.571s step_avg:177.33ms
step:117/3125 train_time:20.724s step_avg:177.13ms
step:118/3125 train_time:20.878s step_avg:176.93ms
step:119/3125 train_time:21.033s step_avg:176.75ms
step:120/3125 train_time:21.188s step_avg:176.57ms
step:121/3125 train_time:21.341s step_avg:176.38ms
step:122/3125 train_time:21.496s step_avg:176.20ms
step:123/3125 train_time:21.650s step_avg:176.02ms
step:124/3125 train_time:21.804s step_avg:175.84ms
step:125/3125 train_time:21.958s step_avg:175.66ms
step:125/3125 val_loss:4.89633 train_time:21.966s step_avg:175.73ms
step:126/3125 train_time:22.115s step_avg:175.52ms
step:127/3125 train_time:22.268s step_avg:175.34ms
step:128/3125 train_time:22.423s step_avg:175.18ms
step:129/3125 train_time:22.576s step_avg:175.01ms
step:130/3125 train_time:22.730s step_avg:174.84ms
step:131/3125 train_time:22.883s step_avg:174.68ms
step:132/3125 train_time:23.038s step_avg:174.53ms
step:133/3125 train_time:23.191s step_avg:174.37ms
step:134/3125 train_time:23.345s step_avg:174.22ms
step:135/3125 train_time:23.499s step_avg:174.07ms
step:136/3125 train_time:23.654s step_avg:173.92ms
step:137/3125 train_time:23.807s step_avg:173.77ms
step:138/3125 train_time:23.961s step_avg:173.63ms
step:139/3125 train_time:24.116s step_avg:173.49ms
step:140/3125 train_time:24.269s step_avg:173.35ms
step:141/3125 train_time:24.422s step_avg:173.21ms
step:142/3125 train_time:24.577s step_avg:173.08ms
step:143/3125 train_time:24.731s step_avg:172.94ms
step:144/3125 train_time:24.884s step_avg:172.81ms
step:145/3125 train_time:25.039s step_avg:172.68ms
step:146/3125 train_time:25.193s step_avg:172.56ms
step:147/3125 train_time:25.347s step_avg:172.43ms
step:148/3125 train_time:25.502s step_avg:172.31ms
step:149/3125 train_time:25.655s step_avg:172.18ms
step:150/3125 train_time:25.809s step_avg:172.06ms
step:151/3125 train_time:25.962s step_avg:171.93ms
step:152/3125 train_time:26.118s step_avg:171.83ms
step:153/3125 train_time:26.270s step_avg:171.70ms
step:154/3125 train_time:26.424s step_avg:171.59ms
step:155/3125 train_time:26.579s step_avg:171.48ms
step:156/3125 train_time:26.733s step_avg:171.36ms
step:157/3125 train_time:26.887s step_avg:171.25ms
step:158/3125 train_time:27.041s step_avg:171.14ms
step:159/3125 train_time:27.195s step_avg:171.04ms
step:160/3125 train_time:27.348s step_avg:170.93ms
step:161/3125 train_time:27.503s step_avg:170.82ms
step:162/3125 train_time:27.657s step_avg:170.72ms
step:163/3125 train_time:27.812s step_avg:170.62ms
step:164/3125 train_time:27.965s step_avg:170.52ms
step:165/3125 train_time:28.120s step_avg:170.43ms
step:166/3125 train_time:28.274s step_avg:170.32ms
step:167/3125 train_time:28.427s step_avg:170.22ms
step:168/3125 train_time:28.581s step_avg:170.13ms
step:169/3125 train_time:28.736s step_avg:170.03ms
step:170/3125 train_time:28.889s step_avg:169.94ms
step:171/3125 train_time:29.043s step_avg:169.84ms
step:172/3125 train_time:29.197s step_avg:169.75ms
step:173/3125 train_time:29.350s step_avg:169.65ms
step:174/3125 train_time:29.503s step_avg:169.56ms
step:175/3125 train_time:29.659s step_avg:169.48ms
step:176/3125 train_time:29.813s step_avg:169.39ms
step:177/3125 train_time:29.966s step_avg:169.30ms
step:178/3125 train_time:30.121s step_avg:169.22ms
step:179/3125 train_time:30.274s step_avg:169.13ms
step:180/3125 train_time:30.428s step_avg:169.05ms
step:181/3125 train_time:30.582s step_avg:168.96ms
step:182/3125 train_time:30.736s step_avg:168.88ms
step:183/3125 train_time:30.891s step_avg:168.80ms
step:184/3125 train_time:31.045s step_avg:168.72ms
step:185/3125 train_time:31.199s step_avg:168.64ms
step:186/3125 train_time:31.352s step_avg:168.56ms
step:187/3125 train_time:31.506s step_avg:168.48ms
step:188/3125 train_time:31.660s step_avg:168.40ms
step:189/3125 train_time:31.814s step_avg:168.33ms
step:190/3125 train_time:31.968s step_avg:168.25ms
step:191/3125 train_time:32.262s step_avg:168.91ms
step:192/3125 train_time:32.417s step_avg:168.84ms
step:193/3125 train_time:32.570s step_avg:168.76ms
step:194/3125 train_time:32.723s step_avg:168.67ms
step:195/3125 train_time:32.876s step_avg:168.60ms
step:196/3125 train_time:33.030s step_avg:168.52ms
step:197/3125 train_time:33.184s step_avg:168.45ms
step:198/3125 train_time:33.339s step_avg:168.38ms
step:199/3125 train_time:33.492s step_avg:168.30ms
step:200/3125 train_time:33.646s step_avg:168.23ms
step:201/3125 train_time:33.800s step_avg:168.16ms
step:202/3125 train_time:33.953s step_avg:168.09ms
step:203/3125 train_time:34.107s step_avg:168.01ms
step:204/3125 train_time:34.261s step_avg:167.95ms
step:205/3125 train_time:34.415s step_avg:167.88ms
step:206/3125 train_time:34.569s step_avg:167.81ms
step:207/3125 train_time:34.723s step_avg:167.75ms
step:208/3125 train_time:34.877s step_avg:167.68ms
step:209/3125 train_time:35.030s step_avg:167.61ms
step:210/3125 train_time:35.183s step_avg:167.54ms
step:211/3125 train_time:35.339s step_avg:167.48ms
step:212/3125 train_time:35.493s step_avg:167.42ms
step:213/3125 train_time:35.646s step_avg:167.35ms
step:214/3125 train_time:35.800s step_avg:167.29ms
step:215/3125 train_time:35.954s step_avg:167.23ms
step:216/3125 train_time:36.107s step_avg:167.16ms
step:217/3125 train_time:36.262s step_avg:167.11ms
step:218/3125 train_time:36.416s step_avg:167.05ms
step:219/3125 train_time:36.569s step_avg:166.98ms
step:220/3125 train_time:36.722s step_avg:166.92ms
step:221/3125 train_time:36.876s step_avg:166.86ms
step:222/3125 train_time:37.029s step_avg:166.80ms
step:223/3125 train_time:37.183s step_avg:166.74ms
step:224/3125 train_time:37.337s step_avg:166.68ms
step:225/3125 train_time:37.490s step_avg:166.62ms
step:226/3125 train_time:37.643s step_avg:166.56ms
step:227/3125 train_time:37.798s step_avg:166.51ms
step:228/3125 train_time:37.951s step_avg:166.45ms
step:229/3125 train_time:38.103s step_avg:166.39ms
step:230/3125 train_time:38.258s step_avg:166.34ms
step:231/3125 train_time:38.411s step_avg:166.28ms
step:232/3125 train_time:38.566s step_avg:166.23ms
step:233/3125 train_time:38.719s step_avg:166.18ms
step:234/3125 train_time:38.873s step_avg:166.12ms
step:235/3125 train_time:39.027s step_avg:166.07ms
step:236/3125 train_time:39.181s step_avg:166.02ms
step:237/3125 train_time:39.335s step_avg:165.97ms
step:238/3125 train_time:39.489s step_avg:165.92ms
step:239/3125 train_time:39.642s step_avg:165.87ms
step:240/3125 train_time:39.795s step_avg:165.81ms
step:241/3125 train_time:39.949s step_avg:165.76ms
step:242/3125 train_time:40.103s step_avg:165.71ms
step:243/3125 train_time:40.257s step_avg:165.66ms
step:244/3125 train_time:40.410s step_avg:165.62ms
step:245/3125 train_time:40.564s step_avg:165.57ms
step:246/3125 train_time:40.719s step_avg:165.52ms
step:247/3125 train_time:40.872s step_avg:165.47ms
step:248/3125 train_time:41.025s step_avg:165.42ms
step:249/3125 train_time:41.179s step_avg:165.38ms
step:250/3125 train_time:41.333s step_avg:165.33ms
step:250/3125 val_loss:4.25043 train_time:41.341s step_avg:155.00ms
step:251/3125 train_time:41.490s step_avg:165.30ms
step:252/3125 train_time:41.644s step_avg:165.25ms
step:253/3125 train_time:41.797s step_avg:165.20ms
step:254/3125 train_time:41.952s step_avg:165.16ms
step:255/3125 train_time:42.106s step_avg:165.12ms
step:256/3125 train_time:42.261s step_avg:165.08ms
step:257/3125 train_time:42.413s step_avg:165.03ms
step:258/3125 train_time:42.568s step_avg:164.99ms
step:259/3125 train_time:42.722s step_avg:164.95ms
step:260/3125 train_time:42.874s step_avg:164.90ms
step:261/3125 train_time:43.027s step_avg:164.85ms
step:262/3125 train_time:43.183s step_avg:164.82ms
step:263/3125 train_time:43.337s step_avg:164.78ms
step:264/3125 train_time:43.491s step_avg:164.74ms
step:265/3125 train_time:43.645s step_avg:164.70ms
step:266/3125 train_time:43.799s step_avg:164.66ms
step:267/3125 train_time:43.952s step_avg:164.61ms
step:268/3125 train_time:44.107s step_avg:164.58ms
step:269/3125 train_time:44.262s step_avg:164.54ms
step:270/3125 train_time:44.414s step_avg:164.50ms
step:271/3125 train_time:44.567s step_avg:164.46ms
step:272/3125 train_time:44.723s step_avg:164.42ms
step:273/3125 train_time:44.877s step_avg:164.38ms
step:274/3125 train_time:45.030s step_avg:164.34ms
step:275/3125 train_time:45.185s step_avg:164.31ms
step:276/3125 train_time:45.338s step_avg:164.27ms
step:277/3125 train_time:45.491s step_avg:164.23ms
step:278/3125 train_time:45.646s step_avg:164.20ms
step:279/3125 train_time:45.800s step_avg:164.16ms
step:280/3125 train_time:45.953s step_avg:164.12ms
step:281/3125 train_time:46.106s step_avg:164.08ms
step:282/3125 train_time:46.261s step_avg:164.05ms
step:283/3125 train_time:46.415s step_avg:164.01ms
step:284/3125 train_time:46.569s step_avg:163.98ms
step:285/3125 train_time:46.724s step_avg:163.94ms
step:286/3125 train_time:46.877s step_avg:163.91ms
step:287/3125 train_time:47.030s step_avg:163.87ms
step:288/3125 train_time:47.185s step_avg:163.84ms
step:289/3125 train_time:47.339s step_avg:163.80ms
step:290/3125 train_time:47.492s step_avg:163.77ms
step:291/3125 train_time:47.645s step_avg:163.73ms
step:292/3125 train_time:47.798s step_avg:163.69ms
step:293/3125 train_time:47.952s step_avg:163.66ms
step:294/3125 train_time:48.106s step_avg:163.62ms
step:295/3125 train_time:48.260s step_avg:163.59ms
step:296/3125 train_time:48.413s step_avg:163.56ms
step:297/3125 train_time:48.567s step_avg:163.52ms
step:298/3125 train_time:48.720s step_avg:163.49ms
step:299/3125 train_time:48.873s step_avg:163.46ms
step:300/3125 train_time:49.027s step_avg:163.42ms
step:301/3125 train_time:49.181s step_avg:163.39ms
step:302/3125 train_time:49.334s step_avg:163.36ms
step:303/3125 train_time:49.487s step_avg:163.32ms
step:304/3125 train_time:49.642s step_avg:163.30ms
step:305/3125 train_time:49.796s step_avg:163.26ms
step:306/3125 train_time:49.950s step_avg:163.24ms
step:307/3125 train_time:50.103s step_avg:163.20ms
step:308/3125 train_time:50.258s step_avg:163.18ms
step:309/3125 train_time:50.411s step_avg:163.14ms
step:310/3125 train_time:50.565s step_avg:163.11ms
step:311/3125 train_time:50.719s step_avg:163.09ms
step:312/3125 train_time:50.873s step_avg:163.05ms
step:313/3125 train_time:51.026s step_avg:163.02ms
step:314/3125 train_time:51.179s step_avg:162.99ms
step:315/3125 train_time:51.333s step_avg:162.96ms
step:316/3125 train_time:51.487s step_avg:162.93ms
step:317/3125 train_time:51.642s step_avg:162.91ms
step:318/3125 train_time:51.795s step_avg:162.88ms
step:319/3125 train_time:51.948s step_avg:162.85ms
step:320/3125 train_time:52.102s step_avg:162.82ms
step:321/3125 train_time:52.256s step_avg:162.79ms
step:322/3125 train_time:52.409s step_avg:162.76ms
step:323/3125 train_time:52.563s step_avg:162.73ms
step:324/3125 train_time:52.718s step_avg:162.71ms
step:325/3125 train_time:52.872s step_avg:162.68ms
step:326/3125 train_time:53.026s step_avg:162.66ms
step:327/3125 train_time:53.179s step_avg:162.63ms
step:328/3125 train_time:53.332s step_avg:162.60ms
step:329/3125 train_time:53.486s step_avg:162.57ms
step:330/3125 train_time:53.641s step_avg:162.55ms
step:331/3125 train_time:53.794s step_avg:162.52ms
step:332/3125 train_time:53.947s step_avg:162.49ms
step:333/3125 train_time:54.101s step_avg:162.47ms
step:334/3125 train_time:54.255s step_avg:162.44ms
step:335/3125 train_time:54.408s step_avg:162.41ms
step:336/3125 train_time:54.562s step_avg:162.39ms
step:337/3125 train_time:54.715s step_avg:162.36ms
step:338/3125 train_time:54.868s step_avg:162.33ms
step:339/3125 train_time:55.021s step_avg:162.31ms
step:340/3125 train_time:55.175s step_avg:162.28ms
step:341/3125 train_time:55.327s step_avg:162.25ms
step:342/3125 train_time:55.482s step_avg:162.23ms
step:343/3125 train_time:55.634s step_avg:162.20ms
step:344/3125 train_time:55.788s step_avg:162.17ms
step:345/3125 train_time:55.942s step_avg:162.15ms
step:346/3125 train_time:56.095s step_avg:162.12ms
step:347/3125 train_time:56.248s step_avg:162.10ms
step:348/3125 train_time:56.401s step_avg:162.07ms
step:349/3125 train_time:56.554s step_avg:162.05ms
step:350/3125 train_time:56.707s step_avg:162.02ms
step:351/3125 train_time:56.863s step_avg:162.00ms
step:352/3125 train_time:57.018s step_avg:161.98ms
step:353/3125 train_time:57.171s step_avg:161.96ms
step:354/3125 train_time:57.325s step_avg:161.93ms
step:355/3125 train_time:57.478s step_avg:161.91ms
step:356/3125 train_time:57.631s step_avg:161.88ms
step:357/3125 train_time:57.785s step_avg:161.86ms
step:358/3125 train_time:57.939s step_avg:161.84ms
step:359/3125 train_time:58.092s step_avg:161.82ms
step:360/3125 train_time:58.246s step_avg:161.79ms
step:361/3125 train_time:58.399s step_avg:161.77ms
step:362/3125 train_time:58.552s step_avg:161.74ms
step:363/3125 train_time:58.705s step_avg:161.72ms
step:364/3125 train_time:58.859s step_avg:161.70ms
step:365/3125 train_time:59.012s step_avg:161.68ms
step:366/3125 train_time:59.166s step_avg:161.66ms
step:367/3125 train_time:59.320s step_avg:161.63ms
step:368/3125 train_time:59.473s step_avg:161.61ms
step:369/3125 train_time:59.626s step_avg:161.59ms
step:370/3125 train_time:59.779s step_avg:161.57ms
step:371/3125 train_time:59.932s step_avg:161.54ms
step:372/3125 train_time:60.086s step_avg:161.52ms
step:373/3125 train_time:60.240s step_avg:161.50ms
step:374/3125 train_time:60.392s step_avg:161.48ms
step:375/3125 train_time:60.546s step_avg:161.46ms
step:375/3125 val_loss:4.03705 train_time:60.554s step_avg:153.70ms
step:376/3125 train_time:60.701s step_avg:161.44ms
step:377/3125 train_time:60.854s step_avg:161.42ms
step:378/3125 train_time:61.007s step_avg:161.40ms
step:379/3125 train_time:61.161s step_avg:161.37ms
step:380/3125 train_time:61.314s step_avg:161.35ms
step:381/3125 train_time:61.517s step_avg:161.46ms
step:382/3125 train_time:61.670s step_avg:161.44ms
step:383/3125 train_time:61.823s step_avg:161.42ms
step:384/3125 train_time:61.977s step_avg:161.40ms
step:385/3125 train_time:62.130s step_avg:161.38ms
step:386/3125 train_time:62.285s step_avg:161.36ms
step:387/3125 train_time:62.439s step_avg:161.34ms
step:388/3125 train_time:62.591s step_avg:161.32ms
step:389/3125 train_time:62.745s step_avg:161.30ms
step:390/3125 train_time:62.898s step_avg:161.28ms
step:391/3125 train_time:63.050s step_avg:161.25ms
step:392/3125 train_time:63.204s step_avg:161.23ms
step:393/3125 train_time:63.357s step_avg:161.21ms
step:394/3125 train_time:63.511s step_avg:161.20ms
step:395/3125 train_time:63.666s step_avg:161.18ms
step:396/3125 train_time:63.818s step_avg:161.16ms
step:397/3125 train_time:63.971s step_avg:161.14ms
step:398/3125 train_time:64.124s step_avg:161.12ms
step:399/3125 train_time:64.278s step_avg:161.10ms
step:400/3125 train_time:64.431s step_avg:161.08ms
step:401/3125 train_time:64.585s step_avg:161.06ms
step:402/3125 train_time:64.737s step_avg:161.04ms
step:403/3125 train_time:64.892s step_avg:161.02ms
step:404/3125 train_time:65.045s step_avg:161.00ms
step:405/3125 train_time:65.198s step_avg:160.98ms
step:406/3125 train_time:65.352s step_avg:160.96ms
step:407/3125 train_time:65.507s step_avg:160.95ms
step:408/3125 train_time:65.660s step_avg:160.93ms
step:409/3125 train_time:65.813s step_avg:160.91ms
step:410/3125 train_time:65.967s step_avg:160.89ms
step:411/3125 train_time:66.121s step_avg:160.88ms
step:412/3125 train_time:66.273s step_avg:160.86ms
step:413/3125 train_time:66.427s step_avg:160.84ms
step:414/3125 train_time:66.580s step_avg:160.82ms
step:415/3125 train_time:66.733s step_avg:160.80ms
step:416/3125 train_time:66.887s step_avg:160.79ms
step:417/3125 train_time:67.042s step_avg:160.77ms
step:418/3125 train_time:67.195s step_avg:160.75ms
step:419/3125 train_time:67.349s step_avg:160.74ms
step:420/3125 train_time:67.502s step_avg:160.72ms
step:421/3125 train_time:67.656s step_avg:160.70ms
step:422/3125 train_time:67.810s step_avg:160.69ms
step:423/3125 train_time:67.964s step_avg:160.67ms
step:424/3125 train_time:68.117s step_avg:160.65ms
step:425/3125 train_time:68.270s step_avg:160.64ms
step:426/3125 train_time:68.424s step_avg:160.62ms
step:427/3125 train_time:68.577s step_avg:160.60ms
step:428/3125 train_time:68.731s step_avg:160.59ms
step:429/3125 train_time:68.885s step_avg:160.57ms
step:430/3125 train_time:69.039s step_avg:160.56ms
step:431/3125 train_time:69.192s step_avg:160.54ms
step:432/3125 train_time:69.346s step_avg:160.52ms
step:433/3125 train_time:69.499s step_avg:160.51ms
step:434/3125 train_time:69.652s step_avg:160.49ms
step:435/3125 train_time:69.806s step_avg:160.47ms
step:436/3125 train_time:69.960s step_avg:160.46ms
step:437/3125 train_time:70.112s step_avg:160.44ms
step:438/3125 train_time:70.266s step_avg:160.43ms
step:439/3125 train_time:70.419s step_avg:160.41ms
step:440/3125 train_time:70.572s step_avg:160.39ms
step:441/3125 train_time:70.726s step_avg:160.38ms
step:442/3125 train_time:70.878s step_avg:160.36ms
step:443/3125 train_time:71.031s step_avg:160.34ms
step:444/3125 train_time:71.185s step_avg:160.33ms
step:445/3125 train_time:71.338s step_avg:160.31ms
step:446/3125 train_time:71.491s step_avg:160.29ms
step:447/3125 train_time:71.645s step_avg:160.28ms
step:448/3125 train_time:71.798s step_avg:160.26ms
step:449/3125 train_time:71.951s step_avg:160.25ms
step:450/3125 train_time:72.105s step_avg:160.23ms
step:451/3125 train_time:72.258s step_avg:160.22ms
step:452/3125 train_time:72.412s step_avg:160.20ms
step:453/3125 train_time:72.566s step_avg:160.19ms
step:454/3125 train_time:72.719s step_avg:160.17ms
step:455/3125 train_time:72.872s step_avg:160.16ms
step:456/3125 train_time:73.026s step_avg:160.14ms
step:457/3125 train_time:73.179s step_avg:160.13ms
step:458/3125 train_time:73.331s step_avg:160.11ms
step:459/3125 train_time:73.487s step_avg:160.10ms
step:460/3125 train_time:73.640s step_avg:160.09ms
step:461/3125 train_time:73.793s step_avg:160.07ms
step:462/3125 train_time:73.946s step_avg:160.06ms
step:463/3125 train_time:74.098s step_avg:160.04ms
step:464/3125 train_time:74.251s step_avg:160.02ms
step:465/3125 train_time:74.405s step_avg:160.01ms
step:466/3125 train_time:74.559s step_avg:160.00ms
step:467/3125 train_time:74.711s step_avg:159.98ms
step:468/3125 train_time:74.866s step_avg:159.97ms
step:469/3125 train_time:75.019s step_avg:159.96ms
step:470/3125 train_time:75.173s step_avg:159.94ms
step:471/3125 train_time:75.326s step_avg:159.93ms
step:472/3125 train_time:75.480s step_avg:159.91ms
step:473/3125 train_time:75.632s step_avg:159.90ms
step:474/3125 train_time:75.786s step_avg:159.89ms
step:475/3125 train_time:75.939s step_avg:159.87ms
step:476/3125 train_time:76.094s step_avg:159.86ms
step:477/3125 train_time:76.248s step_avg:159.85ms
step:478/3125 train_time:76.400s step_avg:159.83ms
step:479/3125 train_time:76.553s step_avg:159.82ms
step:480/3125 train_time:76.707s step_avg:159.81ms
step:481/3125 train_time:76.862s step_avg:159.80ms
step:482/3125 train_time:77.014s step_avg:159.78ms
step:483/3125 train_time:77.168s step_avg:159.77ms
step:484/3125 train_time:77.321s step_avg:159.75ms
step:485/3125 train_time:77.474s step_avg:159.74ms
step:486/3125 train_time:77.629s step_avg:159.73ms
step:487/3125 train_time:77.782s step_avg:159.72ms
step:488/3125 train_time:77.935s step_avg:159.70ms
step:489/3125 train_time:78.090s step_avg:159.69ms
step:490/3125 train_time:78.244s step_avg:159.68ms
step:491/3125 train_time:78.397s step_avg:159.67ms
step:492/3125 train_time:78.550s step_avg:159.66ms
step:493/3125 train_time:78.704s step_avg:159.64ms
step:494/3125 train_time:78.857s step_avg:159.63ms
step:495/3125 train_time:79.011s step_avg:159.62ms
step:496/3125 train_time:79.165s step_avg:159.61ms
step:497/3125 train_time:79.318s step_avg:159.59ms
step:498/3125 train_time:79.471s step_avg:159.58ms
step:499/3125 train_time:79.625s step_avg:159.57ms
step:500/3125 train_time:79.778s step_avg:159.56ms
step:500/3125 val_loss:3.91945 train_time:79.787s step_avg:153.86ms
step:501/3125 train_time:79.935s step_avg:159.55ms
step:502/3125 train_time:80.088s step_avg:159.54ms
step:503/3125 train_time:80.241s step_avg:159.52ms
step:504/3125 train_time:80.394s step_avg:159.51ms
step:505/3125 train_time:80.547s step_avg:159.50ms
step:506/3125 train_time:80.700s step_avg:159.49ms
step:507/3125 train_time:80.854s step_avg:159.48ms
step:508/3125 train_time:81.009s step_avg:159.47ms
step:509/3125 train_time:81.162s step_avg:159.45ms
step:510/3125 train_time:81.315s step_avg:159.44ms
step:511/3125 train_time:81.468s step_avg:159.43ms
step:512/3125 train_time:81.621s step_avg:159.42ms
step:513/3125 train_time:81.774s step_avg:159.40ms
step:514/3125 train_time:81.928s step_avg:159.39ms
step:515/3125 train_time:82.081s step_avg:159.38ms
step:516/3125 train_time:82.234s step_avg:159.37ms
step:517/3125 train_time:82.388s step_avg:159.36ms
step:518/3125 train_time:82.541s step_avg:159.34ms
step:519/3125 train_time:82.694s step_avg:159.33ms
step:520/3125 train_time:82.848s step_avg:159.32ms
step:521/3125 train_time:83.001s step_avg:159.31ms
step:522/3125 train_time:83.154s step_avg:159.30ms
step:523/3125 train_time:83.309s step_avg:159.29ms
step:524/3125 train_time:83.462s step_avg:159.28ms
step:525/3125 train_time:83.615s step_avg:159.27ms
step:526/3125 train_time:83.769s step_avg:159.26ms
step:527/3125 train_time:83.922s step_avg:159.24ms
step:528/3125 train_time:84.075s step_avg:159.23ms
step:529/3125 train_time:84.230s step_avg:159.23ms
step:530/3125 train_time:84.384s step_avg:159.21ms
step:531/3125 train_time:84.537s step_avg:159.20ms
step:532/3125 train_time:84.691s step_avg:159.19ms
step:533/3125 train_time:84.846s step_avg:159.18ms
step:534/3125 train_time:84.998s step_avg:159.17ms
step:535/3125 train_time:85.153s step_avg:159.16ms
step:536/3125 train_time:85.308s step_avg:159.16ms
step:537/3125 train_time:85.460s step_avg:159.14ms
step:538/3125 train_time:85.614s step_avg:159.13ms
step:539/3125 train_time:85.768s step_avg:159.12ms
step:540/3125 train_time:85.921s step_avg:159.11ms
step:541/3125 train_time:86.074s step_avg:159.10ms
step:542/3125 train_time:86.228s step_avg:159.09ms
step:543/3125 train_time:86.381s step_avg:159.08ms
step:544/3125 train_time:86.534s step_avg:159.07ms
step:545/3125 train_time:86.689s step_avg:159.06ms
step:546/3125 train_time:86.841s step_avg:159.05ms
step:547/3125 train_time:86.994s step_avg:159.04ms
step:548/3125 train_time:87.147s step_avg:159.03ms
step:549/3125 train_time:87.301s step_avg:159.02ms
step:550/3125 train_time:87.454s step_avg:159.01ms
step:551/3125 train_time:87.607s step_avg:159.00ms
step:552/3125 train_time:87.760s step_avg:158.99ms
step:553/3125 train_time:87.914s step_avg:158.98ms
step:554/3125 train_time:88.067s step_avg:158.97ms
step:555/3125 train_time:88.220s step_avg:158.95ms
step:556/3125 train_time:88.373s step_avg:158.94ms
step:557/3125 train_time:88.528s step_avg:158.94ms
step:558/3125 train_time:88.681s step_avg:158.93ms
step:559/3125 train_time:88.834s step_avg:158.92ms
step:560/3125 train_time:88.988s step_avg:158.91ms
step:561/3125 train_time:89.141s step_avg:158.90ms
step:562/3125 train_time:89.294s step_avg:158.89ms
step:563/3125 train_time:89.447s step_avg:158.88ms
step:564/3125 train_time:89.600s step_avg:158.87ms
step:565/3125 train_time:89.754s step_avg:158.86ms
step:566/3125 train_time:89.909s step_avg:158.85ms
step:567/3125 train_time:90.061s step_avg:158.84ms
step:568/3125 train_time:90.214s step_avg:158.83ms
step:569/3125 train_time:90.368s step_avg:158.82ms
step:570/3125 train_time:90.521s step_avg:158.81ms
step:571/3125 train_time:90.721s step_avg:158.88ms
step:572/3125 train_time:90.874s step_avg:158.87ms
step:573/3125 train_time:91.027s step_avg:158.86ms
step:574/3125 train_time:91.180s step_avg:158.85ms
step:575/3125 train_time:91.333s step_avg:158.84ms
step:576/3125 train_time:91.487s step_avg:158.83ms
step:577/3125 train_time:91.641s step_avg:158.82ms
step:578/3125 train_time:91.794s step_avg:158.81ms
step:579/3125 train_time:91.948s step_avg:158.81ms
step:580/3125 train_time:92.102s step_avg:158.80ms
step:581/3125 train_time:92.255s step_avg:158.79ms
step:582/3125 train_time:92.409s step_avg:158.78ms
step:583/3125 train_time:92.561s step_avg:158.77ms
step:584/3125 train_time:92.714s step_avg:158.76ms
step:585/3125 train_time:92.868s step_avg:158.75ms
step:586/3125 train_time:93.021s step_avg:158.74ms
step:587/3125 train_time:93.173s step_avg:158.73ms
step:588/3125 train_time:93.329s step_avg:158.72ms
step:589/3125 train_time:93.482s step_avg:158.71ms
step:590/3125 train_time:93.635s step_avg:158.70ms
step:591/3125 train_time:93.789s step_avg:158.69ms
step:592/3125 train_time:93.941s step_avg:158.68ms
step:593/3125 train_time:94.094s step_avg:158.68ms
step:594/3125 train_time:94.248s step_avg:158.67ms
step:595/3125 train_time:94.401s step_avg:158.66ms
step:596/3125 train_time:94.554s step_avg:158.65ms
step:597/3125 train_time:94.710s step_avg:158.64ms
step:598/3125 train_time:94.863s step_avg:158.63ms
step:599/3125 train_time:95.017s step_avg:158.63ms
step:600/3125 train_time:95.170s step_avg:158.62ms
step:601/3125 train_time:95.322s step_avg:158.61ms
step:602/3125 train_time:95.476s step_avg:158.60ms
step:603/3125 train_time:95.633s step_avg:158.59ms
step:604/3125 train_time:95.787s step_avg:158.59ms
step:605/3125 train_time:95.939s step_avg:158.58ms
step:606/3125 train_time:96.092s step_avg:158.57ms
step:607/3125 train_time:96.245s step_avg:158.56ms
step:608/3125 train_time:96.399s step_avg:158.55ms
step:609/3125 train_time:96.553s step_avg:158.54ms
step:610/3125 train_time:96.706s step_avg:158.53ms
step:611/3125 train_time:96.859s step_avg:158.52ms
step:612/3125 train_time:97.013s step_avg:158.52ms
step:613/3125 train_time:97.166s step_avg:158.51ms
step:614/3125 train_time:97.320s step_avg:158.50ms
step:615/3125 train_time:97.473s step_avg:158.49ms
step:616/3125 train_time:97.627s step_avg:158.48ms
step:617/3125 train_time:97.779s step_avg:158.48ms
step:618/3125 train_time:97.933s step_avg:158.47ms
step:619/3125 train_time:98.087s step_avg:158.46ms
step:620/3125 train_time:98.239s step_avg:158.45ms
step:621/3125 train_time:98.393s step_avg:158.44ms
step:622/3125 train_time:98.547s step_avg:158.44ms
step:623/3125 train_time:98.700s step_avg:158.43ms
step:624/3125 train_time:98.854s step_avg:158.42ms
step:625/3125 train_time:99.008s step_avg:158.41ms
step:625/3125 val_loss:3.84772 train_time:99.017s step_avg:153.84ms
step:626/3125 train_time:99.164s step_avg:158.41ms
step:627/3125 train_time:99.319s step_avg:158.40ms
step:628/3125 train_time:99.472s step_avg:158.39ms
step:629/3125 train_time:99.625s step_avg:158.39ms
step:630/3125 train_time:99.779s step_avg:158.38ms
step:631/3125 train_time:99.932s step_avg:158.37ms
step:632/3125 train_time:100.085s step_avg:158.36ms
step:633/3125 train_time:100.240s step_avg:158.36ms
step:634/3125 train_time:100.394s step_avg:158.35ms
step:635/3125 train_time:100.547s step_avg:158.34ms
step:636/3125 train_time:100.700s step_avg:158.33ms
step:637/3125 train_time:100.853s step_avg:158.33ms
step:638/3125 train_time:101.006s step_avg:158.32ms
step:639/3125 train_time:101.161s step_avg:158.31ms
step:640/3125 train_time:101.315s step_avg:158.30ms
step:641/3125 train_time:101.468s step_avg:158.30ms
step:642/3125 train_time:101.621s step_avg:158.29ms
step:643/3125 train_time:101.774s step_avg:158.28ms
step:644/3125 train_time:101.928s step_avg:158.27ms
step:645/3125 train_time:102.081s step_avg:158.26ms
step:646/3125 train_time:102.236s step_avg:158.26ms
step:647/3125 train_time:102.388s step_avg:158.25ms
step:648/3125 train_time:102.541s step_avg:158.24ms
step:649/3125 train_time:102.696s step_avg:158.24ms
step:650/3125 train_time:102.849s step_avg:158.23ms
step:651/3125 train_time:103.002s step_avg:158.22ms
step:652/3125 train_time:103.156s step_avg:158.22ms
step:653/3125 train_time:103.309s step_avg:158.21ms
step:654/3125 train_time:103.463s step_avg:158.20ms
step:655/3125 train_time:103.618s step_avg:158.20ms
step:656/3125 train_time:103.771s step_avg:158.19ms
step:657/3125 train_time:103.924s step_avg:158.18ms
step:658/3125 train_time:104.078s step_avg:158.17ms
step:659/3125 train_time:104.231s step_avg:158.16ms
step:660/3125 train_time:104.384s step_avg:158.16ms
step:661/3125 train_time:104.539s step_avg:158.15ms
step:662/3125 train_time:104.692s step_avg:158.15ms
step:663/3125 train_time:104.846s step_avg:158.14ms
step:664/3125 train_time:104.999s step_avg:158.13ms
step:665/3125 train_time:105.152s step_avg:158.12ms
step:666/3125 train_time:105.305s step_avg:158.12ms
step:667/3125 train_time:105.459s step_avg:158.11ms
step:668/3125 train_time:105.612s step_avg:158.10ms
step:669/3125 train_time:105.765s step_avg:158.09ms
step:670/3125 train_time:105.919s step_avg:158.09ms
step:671/3125 train_time:106.072s step_avg:158.08ms
step:672/3125 train_time:106.225s step_avg:158.07ms
step:673/3125 train_time:106.379s step_avg:158.07ms
step:674/3125 train_time:106.532s step_avg:158.06ms
step:675/3125 train_time:106.685s step_avg:158.05ms
step:676/3125 train_time:106.840s step_avg:158.05ms
step:677/3125 train_time:106.993s step_avg:158.04ms
step:678/3125 train_time:107.148s step_avg:158.03ms
step:679/3125 train_time:107.301s step_avg:158.03ms
step:680/3125 train_time:107.454s step_avg:158.02ms
step:681/3125 train_time:107.607s step_avg:158.01ms
step:682/3125 train_time:107.760s step_avg:158.01ms
step:683/3125 train_time:107.914s step_avg:158.00ms
step:684/3125 train_time:108.067s step_avg:157.99ms
step:685/3125 train_time:108.221s step_avg:157.99ms
step:686/3125 train_time:108.374s step_avg:157.98ms
step:687/3125 train_time:108.528s step_avg:157.97ms
step:688/3125 train_time:108.682s step_avg:157.97ms
step:689/3125 train_time:108.835s step_avg:157.96ms
step:690/3125 train_time:108.988s step_avg:157.95ms
step:691/3125 train_time:109.142s step_avg:157.95ms
step:692/3125 train_time:109.295s step_avg:157.94ms
step:693/3125 train_time:109.448s step_avg:157.93ms
step:694/3125 train_time:109.601s step_avg:157.93ms
step:695/3125 train_time:109.756s step_avg:157.92ms
step:696/3125 train_time:109.908s step_avg:157.91ms
step:697/3125 train_time:110.062s step_avg:157.91ms
step:698/3125 train_time:110.216s step_avg:157.90ms
step:699/3125 train_time:110.368s step_avg:157.89ms
step:700/3125 train_time:110.521s step_avg:157.89ms
step:701/3125 train_time:110.676s step_avg:157.88ms
step:702/3125 train_time:110.829s step_avg:157.88ms
step:703/3125 train_time:110.982s step_avg:157.87ms
step:704/3125 train_time:111.136s step_avg:157.86ms
step:705/3125 train_time:111.288s step_avg:157.86ms
step:706/3125 train_time:111.442s step_avg:157.85ms
step:707/3125 train_time:111.596s step_avg:157.84ms
step:708/3125 train_time:111.749s step_avg:157.84ms
step:709/3125 train_time:111.901s step_avg:157.83ms
step:710/3125 train_time:112.056s step_avg:157.83ms
step:711/3125 train_time:112.209s step_avg:157.82ms
step:712/3125 train_time:112.362s step_avg:157.81ms
step:713/3125 train_time:112.516s step_avg:157.81ms
step:714/3125 train_time:112.669s step_avg:157.80ms
step:715/3125 train_time:112.822s step_avg:157.79ms
step:716/3125 train_time:112.975s step_avg:157.79ms
step:717/3125 train_time:113.128s step_avg:157.78ms
step:718/3125 train_time:113.282s step_avg:157.77ms
step:719/3125 train_time:113.436s step_avg:157.77ms
step:720/3125 train_time:113.588s step_avg:157.76ms
step:721/3125 train_time:113.742s step_avg:157.76ms
step:722/3125 train_time:113.894s step_avg:157.75ms
step:723/3125 train_time:114.048s step_avg:157.74ms
step:724/3125 train_time:114.201s step_avg:157.74ms
step:725/3125 train_time:114.354s step_avg:157.73ms
step:726/3125 train_time:114.507s step_avg:157.72ms
step:727/3125 train_time:114.660s step_avg:157.72ms
step:728/3125 train_time:114.814s step_avg:157.71ms
step:729/3125 train_time:114.966s step_avg:157.70ms
step:730/3125 train_time:115.121s step_avg:157.70ms
step:731/3125 train_time:115.274s step_avg:157.69ms
step:732/3125 train_time:115.427s step_avg:157.69ms
step:733/3125 train_time:115.581s step_avg:157.68ms
step:734/3125 train_time:115.735s step_avg:157.68ms
step:735/3125 train_time:115.887s step_avg:157.67ms
step:736/3125 train_time:116.041s step_avg:157.66ms
step:737/3125 train_time:116.194s step_avg:157.66ms
step:738/3125 train_time:116.347s step_avg:157.65ms
step:739/3125 train_time:116.500s step_avg:157.65ms
step:740/3125 train_time:116.654s step_avg:157.64ms
step:741/3125 train_time:116.806s step_avg:157.63ms
step:742/3125 train_time:116.960s step_avg:157.63ms
step:743/3125 train_time:117.114s step_avg:157.62ms
step:744/3125 train_time:117.268s step_avg:157.62ms
step:745/3125 train_time:117.422s step_avg:157.61ms
step:746/3125 train_time:117.574s step_avg:157.61ms
step:747/3125 train_time:117.727s step_avg:157.60ms
step:748/3125 train_time:117.881s step_avg:157.59ms
step:749/3125 train_time:118.035s step_avg:157.59ms
step:750/3125 train_time:118.187s step_avg:157.58ms
step:750/3125 val_loss:3.79310 train_time:118.196s step_avg:153.43ms
step:751/3125 train_time:118.344s step_avg:157.58ms
step:752/3125 train_time:118.497s step_avg:157.58ms
step:753/3125 train_time:118.650s step_avg:157.57ms
step:754/3125 train_time:118.804s step_avg:157.56ms
step:755/3125 train_time:118.956s step_avg:157.56ms
step:756/3125 train_time:119.109s step_avg:157.55ms
step:757/3125 train_time:119.263s step_avg:157.55ms
step:758/3125 train_time:119.416s step_avg:157.54ms
step:759/3125 train_time:119.569s step_avg:157.54ms
step:760/3125 train_time:119.722s step_avg:157.53ms
step:761/3125 train_time:119.921s step_avg:157.58ms
step:762/3125 train_time:120.074s step_avg:157.58ms
step:763/3125 train_time:120.227s step_avg:157.57ms
step:764/3125 train_time:120.380s step_avg:157.57ms
step:765/3125 train_time:120.533s step_avg:157.56ms
step:766/3125 train_time:120.686s step_avg:157.55ms
step:767/3125 train_time:120.842s step_avg:157.55ms
step:768/3125 train_time:120.993s step_avg:157.54ms
step:769/3125 train_time:121.146s step_avg:157.54ms
step:770/3125 train_time:121.299s step_avg:157.53ms
step:771/3125 train_time:121.452s step_avg:157.53ms
step:772/3125 train_time:121.605s step_avg:157.52ms
step:773/3125 train_time:121.758s step_avg:157.51ms
step:774/3125 train_time:121.913s step_avg:157.51ms
step:775/3125 train_time:122.066s step_avg:157.50ms
step:776/3125 train_time:122.219s step_avg:157.50ms
step:777/3125 train_time:122.372s step_avg:157.49ms
step:778/3125 train_time:122.525s step_avg:157.49ms
step:779/3125 train_time:122.679s step_avg:157.48ms
step:780/3125 train_time:122.832s step_avg:157.48ms
step:781/3125 train_time:122.985s step_avg:157.47ms
step:782/3125 train_time:123.138s step_avg:157.47ms
step:783/3125 train_time:123.290s step_avg:157.46ms
step:784/3125 train_time:123.444s step_avg:157.45ms
step:785/3125 train_time:123.597s step_avg:157.45ms
step:786/3125 train_time:123.750s step_avg:157.44ms
step:787/3125 train_time:123.904s step_avg:157.44ms
step:788/3125 train_time:124.058s step_avg:157.43ms
step:789/3125 train_time:124.211s step_avg:157.43ms
step:790/3125 train_time:124.364s step_avg:157.42ms
step:791/3125 train_time:124.517s step_avg:157.42ms
step:792/3125 train_time:124.670s step_avg:157.41ms
step:793/3125 train_time:124.824s step_avg:157.41ms
step:794/3125 train_time:124.977s step_avg:157.40ms
step:795/3125 train_time:125.130s step_avg:157.40ms
step:796/3125 train_time:125.284s step_avg:157.39ms
step:797/3125 train_time:125.437s step_avg:157.39ms
step:798/3125 train_time:125.589s step_avg:157.38ms
step:799/3125 train_time:125.744s step_avg:157.38ms
step:800/3125 train_time:125.897s step_avg:157.37ms
step:801/3125 train_time:126.050s step_avg:157.37ms
step:802/3125 train_time:126.205s step_avg:157.36ms
step:803/3125 train_time:126.359s step_avg:157.36ms
step:804/3125 train_time:126.511s step_avg:157.35ms
step:805/3125 train_time:126.664s step_avg:157.35ms
step:806/3125 train_time:126.819s step_avg:157.34ms
step:807/3125 train_time:126.972s step_avg:157.34ms
step:808/3125 train_time:127.125s step_avg:157.33ms
step:809/3125 train_time:127.279s step_avg:157.33ms
step:810/3125 train_time:127.432s step_avg:157.32ms
step:811/3125 train_time:127.586s step_avg:157.32ms
step:812/3125 train_time:127.741s step_avg:157.32ms
step:813/3125 train_time:127.893s step_avg:157.31ms
step:814/3125 train_time:128.046s step_avg:157.30ms
step:815/3125 train_time:128.199s step_avg:157.30ms
step:816/3125 train_time:128.352s step_avg:157.29ms
step:817/3125 train_time:128.505s step_avg:157.29ms
step:818/3125 train_time:128.659s step_avg:157.29ms
step:819/3125 train_time:128.812s step_avg:157.28ms
step:820/3125 train_time:128.966s step_avg:157.28ms
step:821/3125 train_time:129.120s step_avg:157.27ms
step:822/3125 train_time:129.273s step_avg:157.27ms
step:823/3125 train_time:129.425s step_avg:157.26ms
step:824/3125 train_time:129.578s step_avg:157.25ms
step:825/3125 train_time:129.731s step_avg:157.25ms
step:826/3125 train_time:129.884s step_avg:157.24ms
step:827/3125 train_time:130.037s step_avg:157.24ms
step:828/3125 train_time:130.190s step_avg:157.23ms
step:829/3125 train_time:130.344s step_avg:157.23ms
step:830/3125 train_time:130.498s step_avg:157.23ms
step:831/3125 train_time:130.652s step_avg:157.22ms
step:832/3125 train_time:130.805s step_avg:157.22ms
step:833/3125 train_time:130.959s step_avg:157.21ms
step:834/3125 train_time:131.111s step_avg:157.21ms
step:835/3125 train_time:131.264s step_avg:157.20ms
step:836/3125 train_time:131.418s step_avg:157.20ms
step:837/3125 train_time:131.571s step_avg:157.19ms
step:838/3125 train_time:131.724s step_avg:157.19ms
step:839/3125 train_time:131.878s step_avg:157.18ms
step:840/3125 train_time:132.030s step_avg:157.18ms
step:841/3125 train_time:132.184s step_avg:157.18ms
step:842/3125 train_time:132.338s step_avg:157.17ms
step:843/3125 train_time:132.490s step_avg:157.16ms
step:844/3125 train_time:132.644s step_avg:157.16ms
step:845/3125 train_time:132.797s step_avg:157.16ms
step:846/3125 train_time:132.950s step_avg:157.15ms
step:847/3125 train_time:133.104s step_avg:157.15ms
step:848/3125 train_time:133.257s step_avg:157.14ms
step:849/3125 train_time:133.409s step_avg:157.14ms
step:850/3125 train_time:133.564s step_avg:157.13ms
step:851/3125 train_time:133.717s step_avg:157.13ms
step:852/3125 train_time:133.870s step_avg:157.12ms
step:853/3125 train_time:134.024s step_avg:157.12ms
step:854/3125 train_time:134.177s step_avg:157.12ms
step:855/3125 train_time:134.330s step_avg:157.11ms
step:856/3125 train_time:134.485s step_avg:157.11ms
step:857/3125 train_time:134.639s step_avg:157.11ms
step:858/3125 train_time:134.792s step_avg:157.10ms
step:859/3125 train_time:134.945s step_avg:157.10ms
step:860/3125 train_time:135.097s step_avg:157.09ms
step:861/3125 train_time:135.250s step_avg:157.09ms
step:862/3125 train_time:135.404s step_avg:157.08ms
step:863/3125 train_time:135.558s step_avg:157.08ms
step:864/3125 train_time:135.711s step_avg:157.07ms
step:865/3125 train_time:135.864s step_avg:157.07ms
step:866/3125 train_time:136.018s step_avg:157.06ms
step:867/3125 train_time:136.171s step_avg:157.06ms
step:868/3125 train_time:136.324s step_avg:157.06ms
step:869/3125 train_time:136.477s step_avg:157.05ms
step:870/3125 train_time:136.630s step_avg:157.05ms
step:871/3125 train_time:136.785s step_avg:157.04ms
step:872/3125 train_time:136.939s step_avg:157.04ms
step:873/3125 train_time:137.091s step_avg:157.03ms
step:874/3125 train_time:137.245s step_avg:157.03ms
step:875/3125 train_time:137.398s step_avg:157.03ms
step:875/3125 val_loss:3.73511 train_time:137.406s step_avg:153.68ms
step:876/3125 train_time:137.553s step_avg:157.02ms
step:877/3125 train_time:137.707s step_avg:157.02ms
step:878/3125 train_time:137.859s step_avg:157.02ms
step:879/3125 train_time:138.012s step_avg:157.01ms
step:880/3125 train_time:138.165s step_avg:157.01ms
step:881/3125 train_time:138.317s step_avg:157.00ms
step:882/3125 train_time:138.471s step_avg:157.00ms
step:883/3125 train_time:138.625s step_avg:156.99ms
step:884/3125 train_time:138.777s step_avg:156.99ms
step:885/3125 train_time:138.931s step_avg:156.98ms
step:886/3125 train_time:139.084s step_avg:156.98ms
step:887/3125 train_time:139.236s step_avg:156.97ms
step:888/3125 train_time:139.391s step_avg:156.97ms
step:889/3125 train_time:139.544s step_avg:156.97ms
step:890/3125 train_time:139.698s step_avg:156.96ms
step:891/3125 train_time:139.851s step_avg:156.96ms
step:892/3125 train_time:140.005s step_avg:156.96ms
step:893/3125 train_time:140.157s step_avg:156.95ms
step:894/3125 train_time:140.311s step_avg:156.95ms
step:895/3125 train_time:140.464s step_avg:156.94ms
step:896/3125 train_time:140.617s step_avg:156.94ms
step:897/3125 train_time:140.771s step_avg:156.93ms
step:898/3125 train_time:140.923s step_avg:156.93ms
step:899/3125 train_time:141.077s step_avg:156.93ms
step:900/3125 train_time:141.231s step_avg:156.92ms
step:901/3125 train_time:141.384s step_avg:156.92ms
step:902/3125 train_time:141.537s step_avg:156.91ms
step:903/3125 train_time:141.691s step_avg:156.91ms
step:904/3125 train_time:141.844s step_avg:156.91ms
step:905/3125 train_time:141.997s step_avg:156.90ms
step:906/3125 train_time:142.150s step_avg:156.90ms
step:907/3125 train_time:142.304s step_avg:156.90ms
step:908/3125 train_time:142.457s step_avg:156.89ms
step:909/3125 train_time:142.610s step_avg:156.89ms
step:910/3125 train_time:142.764s step_avg:156.88ms
step:911/3125 train_time:142.916s step_avg:156.88ms
step:912/3125 train_time:143.070s step_avg:156.87ms
step:913/3125 train_time:143.222s step_avg:156.87ms
step:914/3125 train_time:143.375s step_avg:156.87ms
step:915/3125 train_time:143.530s step_avg:156.86ms
step:916/3125 train_time:143.684s step_avg:156.86ms
step:917/3125 train_time:143.836s step_avg:156.86ms
step:918/3125 train_time:143.990s step_avg:156.85ms
step:919/3125 train_time:144.143s step_avg:156.85ms
step:920/3125 train_time:144.297s step_avg:156.84ms
step:921/3125 train_time:144.450s step_avg:156.84ms
step:922/3125 train_time:144.603s step_avg:156.84ms
step:923/3125 train_time:144.756s step_avg:156.83ms
step:924/3125 train_time:144.910s step_avg:156.83ms
step:925/3125 train_time:145.063s step_avg:156.82ms
step:926/3125 train_time:145.215s step_avg:156.82ms
step:927/3125 train_time:145.369s step_avg:156.82ms
step:928/3125 train_time:145.522s step_avg:156.81ms
step:929/3125 train_time:145.675s step_avg:156.81ms
step:930/3125 train_time:145.829s step_avg:156.81ms
step:931/3125 train_time:145.982s step_avg:156.80ms
step:932/3125 train_time:146.135s step_avg:156.80ms
step:933/3125 train_time:146.289s step_avg:156.79ms
step:934/3125 train_time:146.442s step_avg:156.79ms
step:935/3125 train_time:146.595s step_avg:156.79ms
step:936/3125 train_time:146.748s step_avg:156.78ms
step:937/3125 train_time:146.901s step_avg:156.78ms
step:938/3125 train_time:147.054s step_avg:156.77ms
step:939/3125 train_time:147.208s step_avg:156.77ms
step:940/3125 train_time:147.361s step_avg:156.77ms
step:941/3125 train_time:147.515s step_avg:156.76ms
step:942/3125 train_time:147.669s step_avg:156.76ms
step:943/3125 train_time:147.822s step_avg:156.76ms
step:944/3125 train_time:147.975s step_avg:156.75ms
step:945/3125 train_time:148.129s step_avg:156.75ms
step:946/3125 train_time:148.282s step_avg:156.75ms
step:947/3125 train_time:148.435s step_avg:156.74ms
step:948/3125 train_time:148.590s step_avg:156.74ms
step:949/3125 train_time:148.743s step_avg:156.74ms
step:950/3125 train_time:148.896s step_avg:156.73ms
step:951/3125 train_time:149.095s step_avg:156.78ms
step:952/3125 train_time:149.248s step_avg:156.77ms
step:953/3125 train_time:149.401s step_avg:156.77ms
step:954/3125 train_time:149.554s step_avg:156.76ms
step:955/3125 train_time:149.707s step_avg:156.76ms
step:956/3125 train_time:149.860s step_avg:156.76ms
step:957/3125 train_time:150.013s step_avg:156.75ms
step:958/3125 train_time:150.167s step_avg:156.75ms
step:959/3125 train_time:150.319s step_avg:156.75ms
step:960/3125 train_time:150.473s step_avg:156.74ms
step:961/3125 train_time:150.627s step_avg:156.74ms
step:962/3125 train_time:150.780s step_avg:156.74ms
step:963/3125 train_time:150.932s step_avg:156.73ms
step:964/3125 train_time:151.087s step_avg:156.73ms
step:965/3125 train_time:151.239s step_avg:156.72ms
step:966/3125 train_time:151.392s step_avg:156.72ms
step:967/3125 train_time:151.545s step_avg:156.72ms
step:968/3125 train_time:151.699s step_avg:156.71ms
step:969/3125 train_time:151.851s step_avg:156.71ms
step:970/3125 train_time:152.006s step_avg:156.71ms
step:971/3125 train_time:152.158s step_avg:156.70ms
step:972/3125 train_time:152.312s step_avg:156.70ms
step:973/3125 train_time:152.467s step_avg:156.70ms
step:974/3125 train_time:152.619s step_avg:156.69ms
step:975/3125 train_time:152.772s step_avg:156.69ms
step:976/3125 train_time:152.925s step_avg:156.69ms
step:977/3125 train_time:153.078s step_avg:156.68ms
step:978/3125 train_time:153.232s step_avg:156.68ms
step:979/3125 train_time:153.388s step_avg:156.68ms
step:980/3125 train_time:153.541s step_avg:156.67ms
step:981/3125 train_time:153.693s step_avg:156.67ms
step:982/3125 train_time:153.846s step_avg:156.67ms
step:983/3125 train_time:153.999s step_avg:156.66ms
step:984/3125 train_time:154.152s step_avg:156.66ms
step:985/3125 train_time:154.306s step_avg:156.66ms
step:986/3125 train_time:154.458s step_avg:156.65ms
step:987/3125 train_time:154.611s step_avg:156.65ms
step:988/3125 train_time:154.765s step_avg:156.64ms
step:989/3125 train_time:154.917s step_avg:156.64ms
step:990/3125 train_time:155.071s step_avg:156.64ms
step:991/3125 train_time:155.225s step_avg:156.63ms
step:992/3125 train_time:155.377s step_avg:156.63ms
step:993/3125 train_time:155.531s step_avg:156.63ms
step:994/3125 train_time:155.685s step_avg:156.62ms
step:995/3125 train_time:155.837s step_avg:156.62ms
step:996/3125 train_time:155.991s step_avg:156.62ms
step:997/3125 train_time:156.144s step_avg:156.61ms
step:998/3125 train_time:156.298s step_avg:156.61ms
step:999/3125 train_time:156.451s step_avg:156.61ms
step:1000/3125 train_time:156.606s step_avg:156.61ms
step:1000/3125 val_loss:3.68342 train_time:156.614s step_avg:153.66ms
step:1001/3125 train_time:156.762s step_avg:156.61ms
step:1002/3125 train_time:156.916s step_avg:156.60ms
step:1003/3125 train_time:157.069s step_avg:156.60ms
step:1004/3125 train_time:157.222s step_avg:156.60ms
step:1005/3125 train_time:157.375s step_avg:156.59ms
step:1006/3125 train_time:157.528s step_avg:156.59ms
step:1007/3125 train_time:157.680s step_avg:156.58ms
step:1008/3125 train_time:157.834s step_avg:156.58ms
step:1009/3125 train_time:157.987s step_avg:156.58ms
step:1010/3125 train_time:158.141s step_avg:156.58ms
step:1011/3125 train_time:158.296s step_avg:156.57ms
step:1012/3125 train_time:158.448s step_avg:156.57ms
step:1013/3125 train_time:158.601s step_avg:156.57ms
step:1014/3125 train_time:158.755s step_avg:156.56ms
step:1015/3125 train_time:158.908s step_avg:156.56ms
step:1016/3125 train_time:159.060s step_avg:156.55ms
step:1017/3125 train_time:159.214s step_avg:156.55ms
step:1018/3125 train_time:159.366s step_avg:156.55ms
step:1019/3125 train_time:159.519s step_avg:156.54ms
step:1020/3125 train_time:159.673s step_avg:156.54ms
step:1021/3125 train_time:159.826s step_avg:156.54ms
step:1022/3125 train_time:159.979s step_avg:156.54ms
step:1023/3125 train_time:160.133s step_avg:156.53ms
step:1024/3125 train_time:160.286s step_avg:156.53ms
step:1025/3125 train_time:160.439s step_avg:156.53ms
step:1026/3125 train_time:160.593s step_avg:156.52ms
step:1027/3125 train_time:160.745s step_avg:156.52ms
step:1028/3125 train_time:160.899s step_avg:156.52ms
step:1029/3125 train_time:161.053s step_avg:156.51ms
step:1030/3125 train_time:161.205s step_avg:156.51ms
step:1031/3125 train_time:161.359s step_avg:156.51ms
step:1032/3125 train_time:161.513s step_avg:156.50ms
step:1033/3125 train_time:161.665s step_avg:156.50ms
step:1034/3125 train_time:161.819s step_avg:156.50ms
step:1035/3125 train_time:161.973s step_avg:156.50ms
step:1036/3125 train_time:162.126s step_avg:156.49ms
step:1037/3125 train_time:162.279s step_avg:156.49ms
step:1038/3125 train_time:162.433s step_avg:156.49ms
step:1039/3125 train_time:162.586s step_avg:156.48ms
step:1040/3125 train_time:162.739s step_avg:156.48ms
step:1041/3125 train_time:162.893s step_avg:156.48ms
step:1042/3125 train_time:163.045s step_avg:156.47ms
step:1043/3125 train_time:163.199s step_avg:156.47ms
step:1044/3125 train_time:163.352s step_avg:156.47ms
step:1045/3125 train_time:163.504s step_avg:156.46ms
step:1046/3125 train_time:163.659s step_avg:156.46ms
step:1047/3125 train_time:163.813s step_avg:156.46ms
step:1048/3125 train_time:163.965s step_avg:156.46ms
step:1049/3125 train_time:164.119s step_avg:156.45ms
step:1050/3125 train_time:164.272s step_avg:156.45ms
step:1051/3125 train_time:164.425s step_avg:156.45ms
step:1052/3125 train_time:164.578s step_avg:156.44ms
step:1053/3125 train_time:164.733s step_avg:156.44ms
step:1054/3125 train_time:164.886s step_avg:156.44ms
step:1055/3125 train_time:165.039s step_avg:156.44ms
step:1056/3125 train_time:165.193s step_avg:156.43ms
step:1057/3125 train_time:165.345s step_avg:156.43ms
step:1058/3125 train_time:165.498s step_avg:156.43ms
step:1059/3125 train_time:165.651s step_avg:156.42ms
step:1060/3125 train_time:165.804s step_avg:156.42ms
step:1061/3125 train_time:165.959s step_avg:156.42ms
step:1062/3125 train_time:166.113s step_avg:156.41ms
step:1063/3125 train_time:166.265s step_avg:156.41ms
step:1064/3125 train_time:166.419s step_avg:156.41ms
step:1065/3125 train_time:166.572s step_avg:156.41ms
step:1066/3125 train_time:166.726s step_avg:156.40ms
step:1067/3125 train_time:166.880s step_avg:156.40ms
step:1068/3125 train_time:167.034s step_avg:156.40ms
step:1069/3125 train_time:167.186s step_avg:156.39ms
step:1070/3125 train_time:167.338s step_avg:156.39ms
step:1071/3125 train_time:167.492s step_avg:156.39ms
step:1072/3125 train_time:167.645s step_avg:156.38ms
step:1073/3125 train_time:167.798s step_avg:156.38ms
step:1074/3125 train_time:167.950s step_avg:156.38ms
step:1075/3125 train_time:168.104s step_avg:156.38ms
step:1076/3125 train_time:168.262s step_avg:156.38ms
step:1077/3125 train_time:168.416s step_avg:156.37ms
step:1078/3125 train_time:168.569s step_avg:156.37ms
step:1079/3125 train_time:168.721s step_avg:156.37ms
step:1080/3125 train_time:168.874s step_avg:156.37ms
step:1081/3125 train_time:169.027s step_avg:156.36ms
step:1082/3125 train_time:169.179s step_avg:156.36ms
step:1083/3125 train_time:169.333s step_avg:156.36ms
step:1084/3125 train_time:169.487s step_avg:156.35ms
step:1085/3125 train_time:169.640s step_avg:156.35ms
step:1086/3125 train_time:169.794s step_avg:156.35ms
step:1087/3125 train_time:169.946s step_avg:156.34ms
step:1088/3125 train_time:170.098s step_avg:156.34ms
step:1089/3125 train_time:170.251s step_avg:156.34ms
step:1090/3125 train_time:170.404s step_avg:156.33ms
step:1091/3125 train_time:170.558s step_avg:156.33ms
step:1092/3125 train_time:170.712s step_avg:156.33ms
step:1093/3125 train_time:170.864s step_avg:156.33ms
step:1094/3125 train_time:171.017s step_avg:156.32ms
step:1095/3125 train_time:171.170s step_avg:156.32ms
step:1096/3125 train_time:171.324s step_avg:156.32ms
step:1097/3125 train_time:171.477s step_avg:156.31ms
step:1098/3125 train_time:171.630s step_avg:156.31ms
step:1099/3125 train_time:171.784s step_avg:156.31ms
step:1100/3125 train_time:171.937s step_avg:156.31ms
step:1101/3125 train_time:172.091s step_avg:156.30ms
step:1102/3125 train_time:172.244s step_avg:156.30ms
step:1103/3125 train_time:172.398s step_avg:156.30ms
step:1104/3125 train_time:172.550s step_avg:156.30ms
step:1105/3125 train_time:172.703s step_avg:156.29ms
step:1106/3125 train_time:172.859s step_avg:156.29ms
step:1107/3125 train_time:173.013s step_avg:156.29ms
step:1108/3125 train_time:173.167s step_avg:156.29ms
step:1109/3125 train_time:173.321s step_avg:156.29ms
step:1110/3125 train_time:173.473s step_avg:156.28ms
step:1111/3125 train_time:173.626s step_avg:156.28ms
step:1112/3125 train_time:173.779s step_avg:156.28ms
step:1113/3125 train_time:173.932s step_avg:156.27ms
step:1114/3125 train_time:174.086s step_avg:156.27ms
step:1115/3125 train_time:174.238s step_avg:156.27ms
step:1116/3125 train_time:174.392s step_avg:156.27ms
step:1117/3125 train_time:174.544s step_avg:156.26ms
step:1118/3125 train_time:174.698s step_avg:156.26ms
step:1119/3125 train_time:174.851s step_avg:156.26ms
step:1120/3125 train_time:175.004s step_avg:156.25ms
step:1121/3125 train_time:175.157s step_avg:156.25ms
step:1122/3125 train_time:175.311s step_avg:156.25ms
step:1123/3125 train_time:175.464s step_avg:156.25ms
step:1124/3125 train_time:175.617s step_avg:156.24ms
step:1125/3125 train_time:175.771s step_avg:156.24ms
step:1125/3125 val_loss:3.65034 train_time:175.780s step_avg:153.32ms
step:1126/3125 train_time:175.927s step_avg:156.24ms
step:1127/3125 train_time:176.081s step_avg:156.24ms
step:1128/3125 train_time:176.234s step_avg:156.24ms
step:1129/3125 train_time:176.387s step_avg:156.23ms
step:1130/3125 train_time:176.540s step_avg:156.23ms
step:1131/3125 train_time:176.692s step_avg:156.23ms
step:1132/3125 train_time:176.845s step_avg:156.22ms
step:1133/3125 train_time:176.999s step_avg:156.22ms
step:1134/3125 train_time:177.152s step_avg:156.22ms
step:1135/3125 train_time:177.305s step_avg:156.22ms
step:1136/3125 train_time:177.459s step_avg:156.21ms
step:1137/3125 train_time:177.613s step_avg:156.21ms
step:1138/3125 train_time:177.765s step_avg:156.21ms
step:1139/3125 train_time:177.921s step_avg:156.21ms
step:1140/3125 train_time:178.073s step_avg:156.20ms
step:1141/3125 train_time:178.270s step_avg:156.24ms
step:1142/3125 train_time:178.423s step_avg:156.24ms
step:1143/3125 train_time:178.576s step_avg:156.23ms
step:1144/3125 train_time:178.730s step_avg:156.23ms
step:1145/3125 train_time:178.884s step_avg:156.23ms
step:1146/3125 train_time:179.038s step_avg:156.23ms
step:1147/3125 train_time:179.190s step_avg:156.22ms
step:1148/3125 train_time:179.344s step_avg:156.22ms
step:1149/3125 train_time:179.497s step_avg:156.22ms
step:1150/3125 train_time:179.650s step_avg:156.22ms
step:1151/3125 train_time:179.803s step_avg:156.21ms
step:1152/3125 train_time:179.955s step_avg:156.21ms
step:1153/3125 train_time:180.108s step_avg:156.21ms
step:1154/3125 train_time:180.263s step_avg:156.21ms
step:1155/3125 train_time:180.415s step_avg:156.20ms
step:1156/3125 train_time:180.568s step_avg:156.20ms
step:1157/3125 train_time:180.721s step_avg:156.20ms
step:1158/3125 train_time:180.873s step_avg:156.19ms
step:1159/3125 train_time:181.026s step_avg:156.19ms
step:1160/3125 train_time:181.180s step_avg:156.19ms
step:1161/3125 train_time:181.332s step_avg:156.19ms
step:1162/3125 train_time:181.486s step_avg:156.18ms
step:1163/3125 train_time:181.640s step_avg:156.18ms
step:1164/3125 train_time:181.793s step_avg:156.18ms
step:1165/3125 train_time:181.946s step_avg:156.18ms
step:1166/3125 train_time:182.101s step_avg:156.18ms
step:1167/3125 train_time:182.253s step_avg:156.17ms
step:1168/3125 train_time:182.406s step_avg:156.17ms
step:1169/3125 train_time:182.560s step_avg:156.17ms
step:1170/3125 train_time:182.713s step_avg:156.16ms
step:1171/3125 train_time:182.866s step_avg:156.16ms
step:1172/3125 train_time:183.020s step_avg:156.16ms
step:1173/3125 train_time:183.172s step_avg:156.16ms
step:1174/3125 train_time:183.325s step_avg:156.15ms
step:1175/3125 train_time:183.478s step_avg:156.15ms
step:1176/3125 train_time:183.632s step_avg:156.15ms
step:1177/3125 train_time:183.785s step_avg:156.15ms
step:1178/3125 train_time:183.938s step_avg:156.14ms
step:1179/3125 train_time:184.091s step_avg:156.14ms
step:1180/3125 train_time:184.244s step_avg:156.14ms
step:1181/3125 train_time:184.398s step_avg:156.14ms
step:1182/3125 train_time:184.551s step_avg:156.13ms
step:1183/3125 train_time:184.704s step_avg:156.13ms
step:1184/3125 train_time:184.858s step_avg:156.13ms
step:1185/3125 train_time:185.010s step_avg:156.13ms
step:1186/3125 train_time:185.164s step_avg:156.13ms
step:1187/3125 train_time:185.318s step_avg:156.12ms
step:1188/3125 train_time:185.472s step_avg:156.12ms
step:1189/3125 train_time:185.625s step_avg:156.12ms
step:1190/3125 train_time:185.778s step_avg:156.12ms
step:1191/3125 train_time:185.931s step_avg:156.11ms
step:1192/3125 train_time:186.084s step_avg:156.11ms
step:1193/3125 train_time:186.238s step_avg:156.11ms
step:1194/3125 train_time:186.391s step_avg:156.11ms
step:1195/3125 train_time:186.545s step_avg:156.10ms
step:1196/3125 train_time:186.699s step_avg:156.10ms
step:1197/3125 train_time:186.853s step_avg:156.10ms
step:1198/3125 train_time:187.005s step_avg:156.10ms
step:1199/3125 train_time:187.159s step_avg:156.10ms
step:1200/3125 train_time:187.312s step_avg:156.09ms
step:1201/3125 train_time:187.465s step_avg:156.09ms
step:1202/3125 train_time:187.618s step_avg:156.09ms
step:1203/3125 train_time:187.771s step_avg:156.09ms
step:1204/3125 train_time:187.926s step_avg:156.08ms
step:1205/3125 train_time:188.079s step_avg:156.08ms
step:1206/3125 train_time:188.232s step_avg:156.08ms
step:1207/3125 train_time:188.386s step_avg:156.08ms
step:1208/3125 train_time:188.540s step_avg:156.08ms
step:1209/3125 train_time:188.692s step_avg:156.07ms
step:1210/3125 train_time:188.845s step_avg:156.07ms
step:1211/3125 train_time:188.999s step_avg:156.07ms
step:1212/3125 train_time:189.152s step_avg:156.07ms
step:1213/3125 train_time:189.305s step_avg:156.06ms
step:1214/3125 train_time:189.459s step_avg:156.06ms
step:1215/3125 train_time:189.612s step_avg:156.06ms
step:1216/3125 train_time:189.766s step_avg:156.06ms
step:1217/3125 train_time:189.918s step_avg:156.05ms
step:1218/3125 train_time:190.071s step_avg:156.05ms
step:1219/3125 train_time:190.225s step_avg:156.05ms
step:1220/3125 train_time:190.377s step_avg:156.05ms
step:1221/3125 train_time:190.531s step_avg:156.04ms
step:1222/3125 train_time:190.685s step_avg:156.04ms
step:1223/3125 train_time:190.838s step_avg:156.04ms
step:1224/3125 train_time:190.990s step_avg:156.04ms
step:1225/3125 train_time:191.144s step_avg:156.04ms
step:1226/3125 train_time:191.297s step_avg:156.03ms
step:1227/3125 train_time:191.450s step_avg:156.03ms
step:1228/3125 train_time:191.604s step_avg:156.03ms
step:1229/3125 train_time:191.757s step_avg:156.03ms
step:1230/3125 train_time:191.910s step_avg:156.02ms
step:1231/3125 train_time:192.064s step_avg:156.02ms
step:1232/3125 train_time:192.218s step_avg:156.02ms
step:1233/3125 train_time:192.371s step_avg:156.02ms
step:1234/3125 train_time:192.524s step_avg:156.02ms
step:1235/3125 train_time:192.678s step_avg:156.01ms
step:1236/3125 train_time:192.830s step_avg:156.01ms
step:1237/3125 train_time:192.985s step_avg:156.01ms
step:1238/3125 train_time:193.138s step_avg:156.01ms
step:1239/3125 train_time:193.290s step_avg:156.01ms
step:1240/3125 train_time:193.444s step_avg:156.00ms
step:1241/3125 train_time:193.598s step_avg:156.00ms
step:1242/3125 train_time:193.751s step_avg:156.00ms
step:1243/3125 train_time:193.904s step_avg:156.00ms
step:1244/3125 train_time:194.058s step_avg:156.00ms
step:1245/3125 train_time:194.211s step_avg:155.99ms
step:1246/3125 train_time:194.364s step_avg:155.99ms
step:1247/3125 train_time:194.518s step_avg:155.99ms
step:1248/3125 train_time:194.671s step_avg:155.99ms
step:1249/3125 train_time:194.825s step_avg:155.98ms
step:1250/3125 train_time:194.977s step_avg:155.98ms
step:1250/3125 val_loss:3.60901 train_time:194.986s step_avg:153.65ms
step:1251/3125 train_time:195.132s step_avg:155.98ms
step:1252/3125 train_time:195.286s step_avg:155.98ms
step:1253/3125 train_time:195.439s step_avg:155.98ms
step:1254/3125 train_time:195.593s step_avg:155.98ms
step:1255/3125 train_time:195.746s step_avg:155.97ms
step:1256/3125 train_time:195.898s step_avg:155.97ms
step:1257/3125 train_time:196.052s step_avg:155.97ms
step:1258/3125 train_time:196.205s step_avg:155.97ms
step:1259/3125 train_time:196.358s step_avg:155.96ms
step:1260/3125 train_time:196.511s step_avg:155.96ms
step:1261/3125 train_time:196.665s step_avg:155.96ms
step:1262/3125 train_time:196.818s step_avg:155.96ms
step:1263/3125 train_time:196.972s step_avg:155.96ms
step:1264/3125 train_time:197.125s step_avg:155.95ms
step:1265/3125 train_time:197.278s step_avg:155.95ms
step:1266/3125 train_time:197.431s step_avg:155.95ms
step:1267/3125 train_time:197.585s step_avg:155.95ms
step:1268/3125 train_time:197.738s step_avg:155.94ms
step:1269/3125 train_time:197.892s step_avg:155.94ms
step:1270/3125 train_time:198.046s step_avg:155.94ms
step:1271/3125 train_time:198.198s step_avg:155.94ms
step:1272/3125 train_time:198.351s step_avg:155.94ms
step:1273/3125 train_time:198.504s step_avg:155.93ms
step:1274/3125 train_time:198.658s step_avg:155.93ms
step:1275/3125 train_time:198.811s step_avg:155.93ms
step:1276/3125 train_time:198.965s step_avg:155.93ms
step:1277/3125 train_time:199.117s step_avg:155.93ms
step:1278/3125 train_time:199.271s step_avg:155.92ms
step:1279/3125 train_time:199.424s step_avg:155.92ms
step:1280/3125 train_time:199.577s step_avg:155.92ms
step:1281/3125 train_time:199.730s step_avg:155.92ms
step:1282/3125 train_time:199.883s step_avg:155.92ms
step:1283/3125 train_time:200.036s step_avg:155.91ms
step:1284/3125 train_time:200.190s step_avg:155.91ms
step:1285/3125 train_time:200.342s step_avg:155.91ms
step:1286/3125 train_time:200.496s step_avg:155.91ms
step:1287/3125 train_time:200.650s step_avg:155.90ms
step:1288/3125 train_time:200.802s step_avg:155.90ms
step:1289/3125 train_time:200.955s step_avg:155.90ms
step:1290/3125 train_time:201.110s step_avg:155.90ms
step:1291/3125 train_time:201.263s step_avg:155.90ms
step:1292/3125 train_time:201.416s step_avg:155.89ms
step:1293/3125 train_time:201.570s step_avg:155.89ms
step:1294/3125 train_time:201.723s step_avg:155.89ms
step:1295/3125 train_time:201.876s step_avg:155.89ms
step:1296/3125 train_time:202.030s step_avg:155.89ms
step:1297/3125 train_time:202.183s step_avg:155.89ms
step:1298/3125 train_time:202.337s step_avg:155.88ms
step:1299/3125 train_time:202.491s step_avg:155.88ms
step:1300/3125 train_time:202.645s step_avg:155.88ms
step:1301/3125 train_time:202.797s step_avg:155.88ms
step:1302/3125 train_time:202.951s step_avg:155.88ms
step:1303/3125 train_time:203.105s step_avg:155.87ms
step:1304/3125 train_time:203.258s step_avg:155.87ms
step:1305/3125 train_time:203.411s step_avg:155.87ms
step:1306/3125 train_time:203.565s step_avg:155.87ms
step:1307/3125 train_time:203.718s step_avg:155.87ms
step:1308/3125 train_time:203.871s step_avg:155.86ms
step:1309/3125 train_time:204.024s step_avg:155.86ms
step:1310/3125 train_time:204.176s step_avg:155.86ms
step:1311/3125 train_time:204.330s step_avg:155.86ms
step:1312/3125 train_time:204.483s step_avg:155.86ms
step:1313/3125 train_time:204.635s step_avg:155.85ms
step:1314/3125 train_time:204.789s step_avg:155.85ms
step:1315/3125 train_time:204.942s step_avg:155.85ms
step:1316/3125 train_time:205.095s step_avg:155.85ms
step:1317/3125 train_time:205.249s step_avg:155.85ms
step:1318/3125 train_time:205.401s step_avg:155.84ms
step:1319/3125 train_time:205.554s step_avg:155.84ms
step:1320/3125 train_time:205.708s step_avg:155.84ms
step:1321/3125 train_time:205.860s step_avg:155.84ms
step:1322/3125 train_time:206.014s step_avg:155.83ms
step:1323/3125 train_time:206.168s step_avg:155.83ms
step:1324/3125 train_time:206.320s step_avg:155.83ms
step:1325/3125 train_time:206.473s step_avg:155.83ms
step:1326/3125 train_time:206.627s step_avg:155.83ms
step:1327/3125 train_time:206.779s step_avg:155.82ms
step:1328/3125 train_time:206.933s step_avg:155.82ms
step:1329/3125 train_time:207.087s step_avg:155.82ms
step:1330/3125 train_time:207.239s step_avg:155.82ms
step:1331/3125 train_time:207.437s step_avg:155.85ms
step:1332/3125 train_time:207.590s step_avg:155.85ms
step:1333/3125 train_time:207.743s step_avg:155.85ms
step:1334/3125 train_time:207.896s step_avg:155.84ms
step:1335/3125 train_time:208.050s step_avg:155.84ms
step:1336/3125 train_time:208.204s step_avg:155.84ms
step:1337/3125 train_time:208.357s step_avg:155.84ms
step:1338/3125 train_time:208.511s step_avg:155.84ms
step:1339/3125 train_time:208.664s step_avg:155.84ms
step:1340/3125 train_time:208.817s step_avg:155.83ms
step:1341/3125 train_time:208.971s step_avg:155.83ms
step:1342/3125 train_time:209.124s step_avg:155.83ms
step:1343/3125 train_time:209.278s step_avg:155.83ms
step:1344/3125 train_time:209.431s step_avg:155.83ms
step:1345/3125 train_time:209.584s step_avg:155.82ms
step:1346/3125 train_time:209.737s step_avg:155.82ms
step:1347/3125 train_time:209.891s step_avg:155.82ms
step:1348/3125 train_time:210.045s step_avg:155.82ms
step:1349/3125 train_time:210.197s step_avg:155.82ms
step:1350/3125 train_time:210.351s step_avg:155.82ms
step:1351/3125 train_time:210.504s step_avg:155.81ms
step:1352/3125 train_time:210.658s step_avg:155.81ms
step:1353/3125 train_time:210.813s step_avg:155.81ms
step:1354/3125 train_time:210.966s step_avg:155.81ms
step:1355/3125 train_time:211.118s step_avg:155.81ms
step:1356/3125 train_time:211.272s step_avg:155.81ms
step:1357/3125 train_time:211.426s step_avg:155.80ms
step:1358/3125 train_time:211.579s step_avg:155.80ms
step:1359/3125 train_time:211.732s step_avg:155.80ms
step:1360/3125 train_time:211.887s step_avg:155.80ms
step:1361/3125 train_time:212.039s step_avg:155.80ms
step:1362/3125 train_time:212.192s step_avg:155.79ms
step:1363/3125 train_time:212.346s step_avg:155.79ms
step:1364/3125 train_time:212.499s step_avg:155.79ms
step:1365/3125 train_time:212.653s step_avg:155.79ms
step:1366/3125 train_time:212.806s step_avg:155.79ms
step:1367/3125 train_time:212.959s step_avg:155.79ms
step:1368/3125 train_time:213.112s step_avg:155.78ms
step:1369/3125 train_time:213.266s step_avg:155.78ms
step:1370/3125 train_time:213.418s step_avg:155.78ms
step:1371/3125 train_time:213.572s step_avg:155.78ms
step:1372/3125 train_time:213.726s step_avg:155.78ms
step:1373/3125 train_time:213.879s step_avg:155.77ms
step:1374/3125 train_time:214.032s step_avg:155.77ms
step:1375/3125 train_time:214.185s step_avg:155.77ms
step:1375/3125 val_loss:3.57183 train_time:214.194s step_avg:153.66ms
step:1376/3125 train_time:214.341s step_avg:155.77ms
step:1377/3125 train_time:214.495s step_avg:155.77ms
step:1378/3125 train_time:214.648s step_avg:155.77ms
step:1379/3125 train_time:214.801s step_avg:155.77ms
step:1380/3125 train_time:214.954s step_avg:155.76ms
step:1381/3125 train_time:215.107s step_avg:155.76ms
step:1382/3125 train_time:215.259s step_avg:155.76ms
step:1383/3125 train_time:215.413s step_avg:155.76ms
step:1384/3125 train_time:215.565s step_avg:155.76ms
step:1385/3125 train_time:215.720s step_avg:155.75ms
step:1386/3125 train_time:215.873s step_avg:155.75ms
step:1387/3125 train_time:216.025s step_avg:155.75ms
step:1388/3125 train_time:216.179s step_avg:155.75ms
step:1389/3125 train_time:216.332s step_avg:155.75ms
step:1390/3125 train_time:216.485s step_avg:155.74ms
step:1391/3125 train_time:216.639s step_avg:155.74ms
step:1392/3125 train_time:216.793s step_avg:155.74ms
step:1393/3125 train_time:216.945s step_avg:155.74ms
step:1394/3125 train_time:217.098s step_avg:155.74ms
step:1395/3125 train_time:217.251s step_avg:155.74ms
step:1396/3125 train_time:217.404s step_avg:155.73ms
step:1397/3125 train_time:217.557s step_avg:155.73ms
step:1398/3125 train_time:217.710s step_avg:155.73ms
step:1399/3125 train_time:217.863s step_avg:155.73ms
step:1400/3125 train_time:218.016s step_avg:155.73ms
step:1401/3125 train_time:218.169s step_avg:155.72ms
step:1402/3125 train_time:218.322s step_avg:155.72ms
step:1403/3125 train_time:218.476s step_avg:155.72ms
step:1404/3125 train_time:218.627s step_avg:155.72ms
step:1405/3125 train_time:218.781s step_avg:155.72ms
step:1406/3125 train_time:218.934s step_avg:155.71ms
step:1407/3125 train_time:219.087s step_avg:155.71ms
step:1408/3125 train_time:219.239s step_avg:155.71ms
step:1409/3125 train_time:219.393s step_avg:155.71ms
step:1410/3125 train_time:219.545s step_avg:155.71ms
step:1411/3125 train_time:219.699s step_avg:155.70ms
step:1412/3125 train_time:219.853s step_avg:155.70ms
step:1413/3125 train_time:220.006s step_avg:155.70ms
step:1414/3125 train_time:220.159s step_avg:155.70ms
step:1415/3125 train_time:220.312s step_avg:155.70ms
step:1416/3125 train_time:220.464s step_avg:155.70ms
step:1417/3125 train_time:220.618s step_avg:155.69ms
step:1418/3125 train_time:220.771s step_avg:155.69ms
step:1419/3125 train_time:220.923s step_avg:155.69ms
step:1420/3125 train_time:221.077s step_avg:155.69ms
step:1421/3125 train_time:221.229s step_avg:155.69ms
step:1422/3125 train_time:221.382s step_avg:155.68ms
step:1423/3125 train_time:221.536s step_avg:155.68ms
step:1424/3125 train_time:221.688s step_avg:155.68ms
step:1425/3125 train_time:221.841s step_avg:155.68ms
step:1426/3125 train_time:221.994s step_avg:155.68ms
step:1427/3125 train_time:222.147s step_avg:155.67ms
step:1428/3125 train_time:222.300s step_avg:155.67ms
step:1429/3125 train_time:222.454s step_avg:155.67ms
step:1430/3125 train_time:222.607s step_avg:155.67ms
step:1431/3125 train_time:222.759s step_avg:155.67ms
step:1432/3125 train_time:222.914s step_avg:155.67ms
step:1433/3125 train_time:223.066s step_avg:155.66ms
step:1434/3125 train_time:223.219s step_avg:155.66ms
step:1435/3125 train_time:223.373s step_avg:155.66ms
step:1436/3125 train_time:223.525s step_avg:155.66ms
step:1437/3125 train_time:223.678s step_avg:155.66ms
step:1438/3125 train_time:223.832s step_avg:155.65ms
step:1439/3125 train_time:223.985s step_avg:155.65ms
step:1440/3125 train_time:224.138s step_avg:155.65ms
step:1441/3125 train_time:224.292s step_avg:155.65ms
step:1442/3125 train_time:224.445s step_avg:155.65ms
step:1443/3125 train_time:224.599s step_avg:155.65ms
step:1444/3125 train_time:224.752s step_avg:155.65ms
step:1445/3125 train_time:224.906s step_avg:155.64ms
step:1446/3125 train_time:225.059s step_avg:155.64ms
step:1447/3125 train_time:225.212s step_avg:155.64ms
step:1448/3125 train_time:225.364s step_avg:155.64ms
step:1449/3125 train_time:225.518s step_avg:155.64ms
step:1450/3125 train_time:225.672s step_avg:155.64ms
step:1451/3125 train_time:225.824s step_avg:155.63ms
step:1452/3125 train_time:225.978s step_avg:155.63ms
step:1453/3125 train_time:226.131s step_avg:155.63ms
step:1454/3125 train_time:226.285s step_avg:155.63ms
step:1455/3125 train_time:226.438s step_avg:155.63ms
step:1456/3125 train_time:226.592s step_avg:155.63ms
step:1457/3125 train_time:226.744s step_avg:155.62ms
step:1458/3125 train_time:226.897s step_avg:155.62ms
step:1459/3125 train_time:227.050s step_avg:155.62ms
step:1460/3125 train_time:227.203s step_avg:155.62ms
step:1461/3125 train_time:227.356s step_avg:155.62ms
step:1462/3125 train_time:227.509s step_avg:155.62ms
step:1463/3125 train_time:227.662s step_avg:155.61ms
step:1464/3125 train_time:227.816s step_avg:155.61ms
step:1465/3125 train_time:227.969s step_avg:155.61ms
step:1466/3125 train_time:228.122s step_avg:155.61ms
step:1467/3125 train_time:228.276s step_avg:155.61ms
step:1468/3125 train_time:228.428s step_avg:155.61ms
step:1469/3125 train_time:228.583s step_avg:155.60ms
step:1470/3125 train_time:228.738s step_avg:155.60ms
step:1471/3125 train_time:228.891s step_avg:155.60ms
step:1472/3125 train_time:229.043s step_avg:155.60ms
step:1473/3125 train_time:229.197s step_avg:155.60ms
step:1474/3125 train_time:229.350s step_avg:155.60ms
step:1475/3125 train_time:229.502s step_avg:155.59ms
step:1476/3125 train_time:229.656s step_avg:155.59ms
step:1477/3125 train_time:229.809s step_avg:155.59ms
step:1478/3125 train_time:229.961s step_avg:155.59ms
step:1479/3125 train_time:230.116s step_avg:155.59ms
step:1480/3125 train_time:230.268s step_avg:155.59ms
step:1481/3125 train_time:230.422s step_avg:155.59ms
step:1482/3125 train_time:230.575s step_avg:155.58ms
step:1483/3125 train_time:230.727s step_avg:155.58ms
step:1484/3125 train_time:230.881s step_avg:155.58ms
step:1485/3125 train_time:231.034s step_avg:155.58ms
step:1486/3125 train_time:231.186s step_avg:155.58ms
step:1487/3125 train_time:231.340s step_avg:155.57ms
step:1488/3125 train_time:231.493s step_avg:155.57ms
step:1489/3125 train_time:231.646s step_avg:155.57ms
step:1490/3125 train_time:231.799s step_avg:155.57ms
step:1491/3125 train_time:231.952s step_avg:155.57ms
step:1492/3125 train_time:232.105s step_avg:155.57ms
step:1493/3125 train_time:232.258s step_avg:155.56ms
step:1494/3125 train_time:232.410s step_avg:155.56ms
step:1495/3125 train_time:232.564s step_avg:155.56ms
step:1496/3125 train_time:232.717s step_avg:155.56ms
step:1497/3125 train_time:232.871s step_avg:155.56ms
step:1498/3125 train_time:233.023s step_avg:155.56ms
step:1499/3125 train_time:233.176s step_avg:155.55ms
step:1500/3125 train_time:233.329s step_avg:155.55ms
step:1500/3125 val_loss:3.53569 train_time:233.338s step_avg:153.15ms
step:1501/3125 train_time:233.485s step_avg:155.55ms
step:1502/3125 train_time:233.638s step_avg:155.55ms
step:1503/3125 train_time:233.790s step_avg:155.55ms
step:1504/3125 train_time:233.944s step_avg:155.55ms
step:1505/3125 train_time:234.097s step_avg:155.55ms
step:1506/3125 train_time:234.250s step_avg:155.54ms
step:1507/3125 train_time:234.403s step_avg:155.54ms
step:1508/3125 train_time:234.556s step_avg:155.54ms
step:1509/3125 train_time:234.708s step_avg:155.54ms
step:1510/3125 train_time:234.862s step_avg:155.54ms
step:1511/3125 train_time:235.016s step_avg:155.54ms
step:1512/3125 train_time:235.168s step_avg:155.53ms
step:1513/3125 train_time:235.322s step_avg:155.53ms
step:1514/3125 train_time:235.474s step_avg:155.53ms
step:1515/3125 train_time:235.627s step_avg:155.53ms
step:1516/3125 train_time:235.782s step_avg:155.53ms
step:1517/3125 train_time:235.934s step_avg:155.53ms
step:1518/3125 train_time:236.086s step_avg:155.52ms
step:1519/3125 train_time:236.240s step_avg:155.52ms
step:1520/3125 train_time:236.392s step_avg:155.52ms
step:1521/3125 train_time:236.591s step_avg:155.55ms
step:1522/3125 train_time:236.745s step_avg:155.55ms
step:1523/3125 train_time:236.898s step_avg:155.55ms
step:1524/3125 train_time:237.051s step_avg:155.55ms
step:1525/3125 train_time:237.205s step_avg:155.54ms
step:1526/3125 train_time:237.358s step_avg:155.54ms
step:1527/3125 train_time:237.511s step_avg:155.54ms
step:1528/3125 train_time:237.665s step_avg:155.54ms
step:1529/3125 train_time:237.818s step_avg:155.54ms
step:1530/3125 train_time:237.971s step_avg:155.54ms
step:1531/3125 train_time:238.124s step_avg:155.54ms
step:1532/3125 train_time:238.278s step_avg:155.53ms
step:1533/3125 train_time:238.432s step_avg:155.53ms
step:1534/3125 train_time:238.584s step_avg:155.53ms
step:1535/3125 train_time:238.737s step_avg:155.53ms
step:1536/3125 train_time:238.890s step_avg:155.53ms
step:1537/3125 train_time:239.043s step_avg:155.53ms
step:1538/3125 train_time:239.197s step_avg:155.52ms
step:1539/3125 train_time:239.349s step_avg:155.52ms
step:1540/3125 train_time:239.503s step_avg:155.52ms
step:1541/3125 train_time:239.656s step_avg:155.52ms
step:1542/3125 train_time:239.808s step_avg:155.52ms
step:1543/3125 train_time:239.962s step_avg:155.52ms
step:1544/3125 train_time:240.114s step_avg:155.51ms
step:1545/3125 train_time:240.267s step_avg:155.51ms
step:1546/3125 train_time:240.422s step_avg:155.51ms
step:1547/3125 train_time:240.575s step_avg:155.51ms
step:1548/3125 train_time:240.727s step_avg:155.51ms
step:1549/3125 train_time:240.880s step_avg:155.51ms
step:1550/3125 train_time:241.033s step_avg:155.50ms
step:1551/3125 train_time:241.186s step_avg:155.50ms
step:1552/3125 train_time:241.341s step_avg:155.50ms
step:1553/3125 train_time:241.494s step_avg:155.50ms
step:1554/3125 train_time:241.648s step_avg:155.50ms
step:1555/3125 train_time:241.802s step_avg:155.50ms
step:1556/3125 train_time:241.954s step_avg:155.50ms
step:1557/3125 train_time:242.107s step_avg:155.50ms
step:1558/3125 train_time:242.261s step_avg:155.49ms
step:1559/3125 train_time:242.413s step_avg:155.49ms
step:1560/3125 train_time:242.566s step_avg:155.49ms
step:1561/3125 train_time:242.720s step_avg:155.49ms
step:1562/3125 train_time:242.872s step_avg:155.49ms
step:1563/3125 train_time:243.026s step_avg:155.49ms
step:1564/3125 train_time:243.179s step_avg:155.49ms
step:1565/3125 train_time:243.332s step_avg:155.48ms
step:1566/3125 train_time:243.484s step_avg:155.48ms
step:1567/3125 train_time:243.638s step_avg:155.48ms
step:1568/3125 train_time:243.791s step_avg:155.48ms
step:1569/3125 train_time:243.944s step_avg:155.48ms
step:1570/3125 train_time:244.098s step_avg:155.48ms
step:1571/3125 train_time:244.250s step_avg:155.47ms
step:1572/3125 train_time:244.403s step_avg:155.47ms
step:1573/3125 train_time:244.556s step_avg:155.47ms
step:1574/3125 train_time:244.711s step_avg:155.47ms
step:1575/3125 train_time:244.866s step_avg:155.47ms
step:1576/3125 train_time:245.019s step_avg:155.47ms
step:1577/3125 train_time:245.172s step_avg:155.47ms
step:1578/3125 train_time:245.325s step_avg:155.47ms
step:1579/3125 train_time:245.478s step_avg:155.46ms
step:1580/3125 train_time:245.632s step_avg:155.46ms
step:1581/3125 train_time:245.785s step_avg:155.46ms
step:1582/3125 train_time:245.939s step_avg:155.46ms
step:1583/3125 train_time:246.091s step_avg:155.46ms
step:1584/3125 train_time:246.245s step_avg:155.46ms
step:1585/3125 train_time:246.399s step_avg:155.46ms
step:1586/3125 train_time:246.552s step_avg:155.45ms
step:1587/3125 train_time:246.705s step_avg:155.45ms
step:1588/3125 train_time:246.858s step_avg:155.45ms
step:1589/3125 train_time:247.011s step_avg:155.45ms
step:1590/3125 train_time:247.165s step_avg:155.45ms
step:1591/3125 train_time:247.320s step_avg:155.45ms
step:1592/3125 train_time:247.472s step_avg:155.45ms
step:1593/3125 train_time:247.626s step_avg:155.45ms
step:1594/3125 train_time:247.779s step_avg:155.44ms
step:1595/3125 train_time:247.931s step_avg:155.44ms
step:1596/3125 train_time:248.084s step_avg:155.44ms
step:1597/3125 train_time:248.237s step_avg:155.44ms
step:1598/3125 train_time:248.391s step_avg:155.44ms
step:1599/3125 train_time:248.545s step_avg:155.44ms
step:1600/3125 train_time:248.698s step_avg:155.44ms
step:1601/3125 train_time:248.850s step_avg:155.43ms
step:1602/3125 train_time:249.004s step_avg:155.43ms
step:1603/3125 train_time:249.158s step_avg:155.43ms
step:1604/3125 train_time:249.311s step_avg:155.43ms
step:1605/3125 train_time:249.467s step_avg:155.43ms
step:1606/3125 train_time:249.621s step_avg:155.43ms
step:1607/3125 train_time:249.774s step_avg:155.43ms
step:1608/3125 train_time:249.927s step_avg:155.43ms
step:1609/3125 train_time:250.081s step_avg:155.43ms
step:1610/3125 train_time:250.233s step_avg:155.42ms
step:1611/3125 train_time:250.386s step_avg:155.42ms
step:1612/3125 train_time:250.540s step_avg:155.42ms
step:1613/3125 train_time:250.693s step_avg:155.42ms
step:1614/3125 train_time:250.847s step_avg:155.42ms
step:1615/3125 train_time:251.002s step_avg:155.42ms
step:1616/3125 train_time:251.155s step_avg:155.42ms
step:1617/3125 train_time:251.308s step_avg:155.42ms
step:1618/3125 train_time:251.461s step_avg:155.42ms
step:1619/3125 train_time:251.614s step_avg:155.41ms
step:1620/3125 train_time:251.767s step_avg:155.41ms
step:1621/3125 train_time:251.921s step_avg:155.41ms
step:1622/3125 train_time:252.074s step_avg:155.41ms
step:1623/3125 train_time:252.227s step_avg:155.41ms
step:1624/3125 train_time:252.380s step_avg:155.41ms
step:1625/3125 train_time:252.533s step_avg:155.40ms
step:1625/3125 val_loss:3.50595 train_time:252.541s step_avg:153.63ms
step:1626/3125 train_time:252.690s step_avg:155.41ms
step:1627/3125 train_time:252.843s step_avg:155.40ms
step:1628/3125 train_time:252.996s step_avg:155.40ms
step:1629/3125 train_time:253.149s step_avg:155.40ms
step:1630/3125 train_time:253.303s step_avg:155.40ms
step:1631/3125 train_time:253.456s step_avg:155.40ms
step:1632/3125 train_time:253.609s step_avg:155.40ms
step:1633/3125 train_time:253.762s step_avg:155.40ms
step:1634/3125 train_time:253.914s step_avg:155.39ms
step:1635/3125 train_time:254.068s step_avg:155.39ms
step:1636/3125 train_time:254.222s step_avg:155.39ms
step:1637/3125 train_time:254.375s step_avg:155.39ms
step:1638/3125 train_time:254.529s step_avg:155.39ms
step:1639/3125 train_time:254.681s step_avg:155.39ms
step:1640/3125 train_time:254.834s step_avg:155.39ms
step:1641/3125 train_time:254.988s step_avg:155.39ms
step:1642/3125 train_time:255.141s step_avg:155.38ms
step:1643/3125 train_time:255.293s step_avg:155.38ms
step:1644/3125 train_time:255.447s step_avg:155.38ms
step:1645/3125 train_time:255.600s step_avg:155.38ms
step:1646/3125 train_time:255.753s step_avg:155.38ms
step:1647/3125 train_time:255.906s step_avg:155.38ms
step:1648/3125 train_time:256.059s step_avg:155.38ms
step:1649/3125 train_time:256.212s step_avg:155.37ms
step:1650/3125 train_time:256.367s step_avg:155.37ms
step:1651/3125 train_time:256.519s step_avg:155.37ms
step:1652/3125 train_time:256.672s step_avg:155.37ms
step:1653/3125 train_time:256.826s step_avg:155.37ms
step:1654/3125 train_time:256.979s step_avg:155.37ms
step:1655/3125 train_time:257.132s step_avg:155.37ms
step:1656/3125 train_time:257.285s step_avg:155.37ms
step:1657/3125 train_time:257.437s step_avg:155.36ms
step:1658/3125 train_time:257.591s step_avg:155.36ms
step:1659/3125 train_time:257.745s step_avg:155.36ms
step:1660/3125 train_time:257.898s step_avg:155.36ms
step:1661/3125 train_time:258.051s step_avg:155.36ms
step:1662/3125 train_time:258.205s step_avg:155.36ms
step:1663/3125 train_time:258.357s step_avg:155.36ms
step:1664/3125 train_time:258.510s step_avg:155.35ms
step:1665/3125 train_time:258.663s step_avg:155.35ms
step:1666/3125 train_time:258.816s step_avg:155.35ms
step:1667/3125 train_time:258.971s step_avg:155.35ms
step:1668/3125 train_time:259.124s step_avg:155.35ms
step:1669/3125 train_time:259.277s step_avg:155.35ms
step:1670/3125 train_time:259.431s step_avg:155.35ms
step:1671/3125 train_time:259.584s step_avg:155.35ms
step:1672/3125 train_time:259.737s step_avg:155.35ms
step:1673/3125 train_time:259.890s step_avg:155.34ms
step:1674/3125 train_time:260.044s step_avg:155.34ms
step:1675/3125 train_time:260.197s step_avg:155.34ms
step:1676/3125 train_time:260.351s step_avg:155.34ms
step:1677/3125 train_time:260.504s step_avg:155.34ms
step:1678/3125 train_time:260.657s step_avg:155.34ms
step:1679/3125 train_time:260.810s step_avg:155.34ms
step:1680/3125 train_time:260.964s step_avg:155.34ms
step:1681/3125 train_time:261.116s step_avg:155.33ms
step:1682/3125 train_time:261.270s step_avg:155.33ms
step:1683/3125 train_time:261.424s step_avg:155.33ms
step:1684/3125 train_time:261.576s step_avg:155.33ms
step:1685/3125 train_time:261.730s step_avg:155.33ms
step:1686/3125 train_time:261.883s step_avg:155.33ms
step:1687/3125 train_time:262.036s step_avg:155.33ms
step:1688/3125 train_time:262.190s step_avg:155.33ms
step:1689/3125 train_time:262.345s step_avg:155.33ms
step:1690/3125 train_time:262.498s step_avg:155.32ms
step:1691/3125 train_time:262.651s step_avg:155.32ms
step:1692/3125 train_time:262.804s step_avg:155.32ms
step:1693/3125 train_time:262.958s step_avg:155.32ms
step:1694/3125 train_time:263.110s step_avg:155.32ms
step:1695/3125 train_time:263.264s step_avg:155.32ms
step:1696/3125 train_time:263.417s step_avg:155.32ms
step:1697/3125 train_time:263.571s step_avg:155.32ms
step:1698/3125 train_time:263.724s step_avg:155.31ms
step:1699/3125 train_time:263.876s step_avg:155.31ms
step:1700/3125 train_time:264.030s step_avg:155.31ms
step:1701/3125 train_time:264.183s step_avg:155.31ms
step:1702/3125 train_time:264.336s step_avg:155.31ms
step:1703/3125 train_time:264.489s step_avg:155.31ms
step:1704/3125 train_time:264.644s step_avg:155.31ms
step:1705/3125 train_time:264.796s step_avg:155.31ms
step:1706/3125 train_time:264.951s step_avg:155.31ms
step:1707/3125 train_time:265.104s step_avg:155.30ms
step:1708/3125 train_time:265.257s step_avg:155.30ms
step:1709/3125 train_time:265.411s step_avg:155.30ms
step:1710/3125 train_time:265.564s step_avg:155.30ms
step:1711/3125 train_time:265.762s step_avg:155.33ms
step:1712/3125 train_time:265.914s step_avg:155.32ms
step:1713/3125 train_time:266.067s step_avg:155.32ms
step:1714/3125 train_time:266.220s step_avg:155.32ms
step:1715/3125 train_time:266.372s step_avg:155.32ms
step:1716/3125 train_time:266.526s step_avg:155.32ms
step:1717/3125 train_time:266.678s step_avg:155.32ms
step:1718/3125 train_time:266.832s step_avg:155.32ms
step:1719/3125 train_time:266.985s step_avg:155.31ms
step:1720/3125 train_time:267.139s step_avg:155.31ms
step:1721/3125 train_time:267.292s step_avg:155.31ms
step:1722/3125 train_time:267.445s step_avg:155.31ms
step:1723/3125 train_time:267.598s step_avg:155.31ms
step:1724/3125 train_time:267.753s step_avg:155.31ms
step:1725/3125 train_time:267.906s step_avg:155.31ms
step:1726/3125 train_time:268.059s step_avg:155.31ms
step:1727/3125 train_time:268.212s step_avg:155.31ms
step:1728/3125 train_time:268.367s step_avg:155.30ms
step:1729/3125 train_time:268.519s step_avg:155.30ms
step:1730/3125 train_time:268.673s step_avg:155.30ms
step:1731/3125 train_time:268.826s step_avg:155.30ms
step:1732/3125 train_time:268.979s step_avg:155.30ms
step:1733/3125 train_time:269.132s step_avg:155.30ms
step:1734/3125 train_time:269.286s step_avg:155.30ms
step:1735/3125 train_time:269.439s step_avg:155.30ms
step:1736/3125 train_time:269.592s step_avg:155.29ms
step:1737/3125 train_time:269.746s step_avg:155.29ms
step:1738/3125 train_time:269.899s step_avg:155.29ms
step:1739/3125 train_time:270.052s step_avg:155.29ms
step:1740/3125 train_time:270.207s step_avg:155.29ms
step:1741/3125 train_time:270.360s step_avg:155.29ms
step:1742/3125 train_time:270.513s step_avg:155.29ms
step:1743/3125 train_time:270.667s step_avg:155.29ms
step:1744/3125 train_time:270.819s step_avg:155.29ms
step:1745/3125 train_time:270.972s step_avg:155.28ms
step:1746/3125 train_time:271.126s step_avg:155.28ms
step:1747/3125 train_time:271.278s step_avg:155.28ms
step:1748/3125 train_time:271.430s step_avg:155.28ms
step:1749/3125 train_time:271.583s step_avg:155.28ms
step:1750/3125 train_time:271.737s step_avg:155.28ms
step:1750/3125 val_loss:3.47052 train_time:271.745s step_avg:153.63ms
step:1751/3125 train_time:271.894s step_avg:155.28ms
step:1752/3125 train_time:272.048s step_avg:155.28ms
step:1753/3125 train_time:272.200s step_avg:155.28ms
step:1754/3125 train_time:272.353s step_avg:155.28ms
step:1755/3125 train_time:272.506s step_avg:155.27ms
step:1756/3125 train_time:272.659s step_avg:155.27ms
step:1757/3125 train_time:272.814s step_avg:155.27ms
step:1758/3125 train_time:272.968s step_avg:155.27ms
step:1759/3125 train_time:273.120s step_avg:155.27ms
step:1760/3125 train_time:273.274s step_avg:155.27ms
step:1761/3125 train_time:273.428s step_avg:155.27ms
step:1762/3125 train_time:273.582s step_avg:155.27ms
step:1763/3125 train_time:273.735s step_avg:155.27ms
step:1764/3125 train_time:273.889s step_avg:155.27ms
step:1765/3125 train_time:274.041s step_avg:155.26ms
step:1766/3125 train_time:274.195s step_avg:155.26ms
step:1767/3125 train_time:274.349s step_avg:155.26ms
step:1768/3125 train_time:274.501s step_avg:155.26ms
step:1769/3125 train_time:274.654s step_avg:155.26ms
step:1770/3125 train_time:274.807s step_avg:155.26ms
step:1771/3125 train_time:274.960s step_avg:155.26ms
step:1772/3125 train_time:275.113s step_avg:155.26ms
step:1773/3125 train_time:275.267s step_avg:155.25ms
step:1774/3125 train_time:275.419s step_avg:155.25ms
step:1775/3125 train_time:275.574s step_avg:155.25ms
step:1776/3125 train_time:275.728s step_avg:155.25ms
step:1777/3125 train_time:275.881s step_avg:155.25ms
step:1778/3125 train_time:276.034s step_avg:155.25ms
step:1779/3125 train_time:276.188s step_avg:155.25ms
step:1780/3125 train_time:276.341s step_avg:155.25ms
step:1781/3125 train_time:276.494s step_avg:155.25ms
step:1782/3125 train_time:276.648s step_avg:155.25ms
step:1783/3125 train_time:276.800s step_avg:155.24ms
step:1784/3125 train_time:276.954s step_avg:155.24ms
step:1785/3125 train_time:277.107s step_avg:155.24ms
step:1786/3125 train_time:277.260s step_avg:155.24ms
step:1787/3125 train_time:277.413s step_avg:155.24ms
step:1788/3125 train_time:277.568s step_avg:155.24ms
step:1789/3125 train_time:277.720s step_avg:155.24ms
step:1790/3125 train_time:277.874s step_avg:155.24ms
step:1791/3125 train_time:278.027s step_avg:155.24ms
step:1792/3125 train_time:278.180s step_avg:155.23ms
step:1793/3125 train_time:278.333s step_avg:155.23ms
step:1794/3125 train_time:278.486s step_avg:155.23ms
step:1795/3125 train_time:278.639s step_avg:155.23ms
step:1796/3125 train_time:278.792s step_avg:155.23ms
step:1797/3125 train_time:278.946s step_avg:155.23ms
step:1798/3125 train_time:279.099s step_avg:155.23ms
step:1799/3125 train_time:279.253s step_avg:155.23ms
step:1800/3125 train_time:279.406s step_avg:155.23ms
step:1801/3125 train_time:279.559s step_avg:155.22ms
step:1802/3125 train_time:279.714s step_avg:155.22ms
step:1803/3125 train_time:279.869s step_avg:155.22ms
step:1804/3125 train_time:280.022s step_avg:155.22ms
step:1805/3125 train_time:280.174s step_avg:155.22ms
step:1806/3125 train_time:280.328s step_avg:155.22ms
step:1807/3125 train_time:280.481s step_avg:155.22ms
step:1808/3125 train_time:280.634s step_avg:155.22ms
step:1809/3125 train_time:280.788s step_avg:155.22ms
step:1810/3125 train_time:280.941s step_avg:155.22ms
step:1811/3125 train_time:281.093s step_avg:155.21ms
step:1812/3125 train_time:281.248s step_avg:155.21ms
step:1813/3125 train_time:281.400s step_avg:155.21ms
step:1814/3125 train_time:281.553s step_avg:155.21ms
step:1815/3125 train_time:281.706s step_avg:155.21ms
step:1816/3125 train_time:281.859s step_avg:155.21ms
step:1817/3125 train_time:282.013s step_avg:155.21ms
step:1818/3125 train_time:282.167s step_avg:155.21ms
step:1819/3125 train_time:282.319s step_avg:155.21ms
step:1820/3125 train_time:282.473s step_avg:155.20ms
step:1821/3125 train_time:282.626s step_avg:155.20ms
step:1822/3125 train_time:282.779s step_avg:155.20ms
step:1823/3125 train_time:282.933s step_avg:155.20ms
step:1824/3125 train_time:283.087s step_avg:155.20ms
step:1825/3125 train_time:283.240s step_avg:155.20ms
step:1826/3125 train_time:283.393s step_avg:155.20ms
step:1827/3125 train_time:283.546s step_avg:155.20ms
step:1828/3125 train_time:283.698s step_avg:155.20ms
step:1829/3125 train_time:283.852s step_avg:155.20ms
step:1830/3125 train_time:284.006s step_avg:155.19ms
step:1831/3125 train_time:284.159s step_avg:155.19ms
step:1832/3125 train_time:284.313s step_avg:155.19ms
step:1833/3125 train_time:284.466s step_avg:155.19ms
step:1834/3125 train_time:284.618s step_avg:155.19ms
step:1835/3125 train_time:284.772s step_avg:155.19ms
step:1836/3125 train_time:284.926s step_avg:155.19ms
step:1837/3125 train_time:285.079s step_avg:155.19ms
step:1838/3125 train_time:285.232s step_avg:155.19ms
step:1839/3125 train_time:285.385s step_avg:155.18ms
step:1840/3125 train_time:285.537s step_avg:155.18ms
step:1841/3125 train_time:285.691s step_avg:155.18ms
step:1842/3125 train_time:285.845s step_avg:155.18ms
step:1843/3125 train_time:285.997s step_avg:155.18ms
step:1844/3125 train_time:286.151s step_avg:155.18ms
step:1845/3125 train_time:286.303s step_avg:155.18ms
step:1846/3125 train_time:286.456s step_avg:155.18ms
step:1847/3125 train_time:286.610s step_avg:155.18ms
step:1848/3125 train_time:286.764s step_avg:155.18ms
step:1849/3125 train_time:286.916s step_avg:155.17ms
step:1850/3125 train_time:287.070s step_avg:155.17ms
step:1851/3125 train_time:287.224s step_avg:155.17ms
step:1852/3125 train_time:287.376s step_avg:155.17ms
step:1853/3125 train_time:287.530s step_avg:155.17ms
step:1854/3125 train_time:287.685s step_avg:155.17ms
step:1855/3125 train_time:287.838s step_avg:155.17ms
step:1856/3125 train_time:287.991s step_avg:155.17ms
step:1857/3125 train_time:288.144s step_avg:155.17ms
step:1858/3125 train_time:288.298s step_avg:155.17ms
step:1859/3125 train_time:288.452s step_avg:155.17ms
step:1860/3125 train_time:288.605s step_avg:155.16ms
step:1861/3125 train_time:288.758s step_avg:155.16ms
step:1862/3125 train_time:288.915s step_avg:155.16ms
step:1863/3125 train_time:289.069s step_avg:155.16ms
step:1864/3125 train_time:289.222s step_avg:155.16ms
step:1865/3125 train_time:289.375s step_avg:155.16ms
step:1866/3125 train_time:289.529s step_avg:155.16ms
step:1867/3125 train_time:289.682s step_avg:155.16ms
step:1868/3125 train_time:289.835s step_avg:155.16ms
step:1869/3125 train_time:289.989s step_avg:155.16ms
step:1870/3125 train_time:290.142s step_avg:155.16ms
step:1871/3125 train_time:290.295s step_avg:155.16ms
step:1872/3125 train_time:290.450s step_avg:155.15ms
step:1873/3125 train_time:290.601s step_avg:155.15ms
step:1874/3125 train_time:290.754s step_avg:155.15ms
step:1875/3125 train_time:290.907s step_avg:155.15ms
step:1875/3125 val_loss:3.44608 train_time:290.916s step_avg:153.37ms
step:1876/3125 train_time:291.064s step_avg:155.15ms
step:1877/3125 train_time:291.217s step_avg:155.15ms
step:1878/3125 train_time:291.370s step_avg:155.15ms
step:1879/3125 train_time:291.523s step_avg:155.15ms
step:1880/3125 train_time:291.677s step_avg:155.15ms
step:1881/3125 train_time:291.829s step_avg:155.15ms
step:1882/3125 train_time:291.983s step_avg:155.15ms
step:1883/3125 train_time:292.136s step_avg:155.14ms
step:1884/3125 train_time:292.289s step_avg:155.14ms
step:1885/3125 train_time:292.443s step_avg:155.14ms
step:1886/3125 train_time:292.599s step_avg:155.14ms
step:1887/3125 train_time:292.752s step_avg:155.14ms
step:1888/3125 train_time:292.905s step_avg:155.14ms
step:1889/3125 train_time:293.059s step_avg:155.14ms
step:1890/3125 train_time:293.212s step_avg:155.14ms
step:1891/3125 train_time:293.364s step_avg:155.14ms
step:1892/3125 train_time:293.519s step_avg:155.14ms
step:1893/3125 train_time:293.672s step_avg:155.14ms
step:1894/3125 train_time:293.825s step_avg:155.13ms
step:1895/3125 train_time:293.979s step_avg:155.13ms
step:1896/3125 train_time:294.131s step_avg:155.13ms
step:1897/3125 train_time:294.285s step_avg:155.13ms
step:1898/3125 train_time:294.439s step_avg:155.13ms
step:1899/3125 train_time:294.591s step_avg:155.13ms
step:1900/3125 train_time:294.744s step_avg:155.13ms
step:1901/3125 train_time:294.942s step_avg:155.15ms
step:1902/3125 train_time:295.096s step_avg:155.15ms
step:1903/3125 train_time:295.249s step_avg:155.15ms
step:1904/3125 train_time:295.403s step_avg:155.15ms
step:1905/3125 train_time:295.556s step_avg:155.15ms
step:1906/3125 train_time:295.709s step_avg:155.15ms
step:1907/3125 train_time:295.863s step_avg:155.15ms
step:1908/3125 train_time:296.018s step_avg:155.15ms
step:1909/3125 train_time:296.170s step_avg:155.14ms
step:1910/3125 train_time:296.323s step_avg:155.14ms
step:1911/3125 train_time:296.477s step_avg:155.14ms
step:1912/3125 train_time:296.629s step_avg:155.14ms
step:1913/3125 train_time:296.783s step_avg:155.14ms
step:1914/3125 train_time:296.936s step_avg:155.14ms
step:1915/3125 train_time:297.090s step_avg:155.14ms
step:1916/3125 train_time:297.243s step_avg:155.14ms
step:1917/3125 train_time:297.397s step_avg:155.14ms
step:1918/3125 train_time:297.549s step_avg:155.13ms
step:1919/3125 train_time:297.702s step_avg:155.13ms
step:1920/3125 train_time:297.855s step_avg:155.13ms
step:1921/3125 train_time:298.009s step_avg:155.13ms
step:1922/3125 train_time:298.163s step_avg:155.13ms
step:1923/3125 train_time:298.315s step_avg:155.13ms
step:1924/3125 train_time:298.469s step_avg:155.13ms
step:1925/3125 train_time:298.622s step_avg:155.13ms
step:1926/3125 train_time:298.777s step_avg:155.13ms
step:1927/3125 train_time:298.930s step_avg:155.13ms
step:1928/3125 train_time:299.083s step_avg:155.13ms
step:1929/3125 train_time:299.236s step_avg:155.13ms
step:1930/3125 train_time:299.389s step_avg:155.12ms
step:1931/3125 train_time:299.543s step_avg:155.12ms
step:1932/3125 train_time:299.698s step_avg:155.12ms
step:1933/3125 train_time:299.851s step_avg:155.12ms
step:1934/3125 train_time:300.004s step_avg:155.12ms
step:1935/3125 train_time:300.158s step_avg:155.12ms
step:1936/3125 train_time:300.310s step_avg:155.12ms
step:1937/3125 train_time:300.463s step_avg:155.12ms
step:1938/3125 train_time:300.617s step_avg:155.12ms
step:1939/3125 train_time:300.770s step_avg:155.12ms
step:1940/3125 train_time:300.924s step_avg:155.12ms
step:1941/3125 train_time:301.079s step_avg:155.12ms
step:1942/3125 train_time:301.231s step_avg:155.11ms
step:1943/3125 train_time:301.384s step_avg:155.11ms
step:1944/3125 train_time:301.537s step_avg:155.11ms
step:1945/3125 train_time:301.690s step_avg:155.11ms
step:1946/3125 train_time:301.843s step_avg:155.11ms
step:1947/3125 train_time:301.997s step_avg:155.11ms
step:1948/3125 train_time:302.149s step_avg:155.11ms
step:1949/3125 train_time:302.302s step_avg:155.11ms
step:1950/3125 train_time:302.456s step_avg:155.11ms
step:1951/3125 train_time:302.608s step_avg:155.10ms
step:1952/3125 train_time:302.763s step_avg:155.10ms
step:1953/3125 train_time:302.917s step_avg:155.10ms
step:1954/3125 train_time:303.070s step_avg:155.10ms
step:1955/3125 train_time:303.224s step_avg:155.10ms
step:1956/3125 train_time:303.379s step_avg:155.10ms
step:1957/3125 train_time:303.531s step_avg:155.10ms
step:1958/3125 train_time:303.684s step_avg:155.10ms
step:1959/3125 train_time:303.838s step_avg:155.10ms
step:1960/3125 train_time:303.991s step_avg:155.10ms
step:1961/3125 train_time:304.145s step_avg:155.10ms
step:1962/3125 train_time:304.299s step_avg:155.10ms
step:1963/3125 train_time:304.451s step_avg:155.09ms
step:1964/3125 train_time:304.604s step_avg:155.09ms
step:1965/3125 train_time:304.758s step_avg:155.09ms
step:1966/3125 train_time:304.911s step_avg:155.09ms
step:1967/3125 train_time:305.064s step_avg:155.09ms
step:1968/3125 train_time:305.218s step_avg:155.09ms
step:1969/3125 train_time:305.371s step_avg:155.09ms
step:1970/3125 train_time:305.523s step_avg:155.09ms
step:1971/3125 train_time:305.677s step_avg:155.09ms
step:1972/3125 train_time:305.830s step_avg:155.09ms
step:1973/3125 train_time:305.983s step_avg:155.09ms
step:1974/3125 train_time:306.136s step_avg:155.08ms
step:1975/3125 train_time:306.290s step_avg:155.08ms
step:1976/3125 train_time:306.443s step_avg:155.08ms
step:1977/3125 train_time:306.596s step_avg:155.08ms
step:1978/3125 train_time:306.750s step_avg:155.08ms
step:1979/3125 train_time:306.905s step_avg:155.08ms
step:1980/3125 train_time:307.059s step_avg:155.08ms
step:1981/3125 train_time:307.212s step_avg:155.08ms
step:1982/3125 train_time:307.364s step_avg:155.08ms
step:1983/3125 train_time:307.519s step_avg:155.08ms
step:1984/3125 train_time:307.671s step_avg:155.08ms
step:1985/3125 train_time:307.824s step_avg:155.08ms
step:1986/3125 train_time:307.978s step_avg:155.07ms
step:1987/3125 train_time:308.130s step_avg:155.07ms
step:1988/3125 train_time:308.283s step_avg:155.07ms
step:1989/3125 train_time:308.438s step_avg:155.07ms
step:1990/3125 train_time:308.590s step_avg:155.07ms
step:1991/3125 train_time:308.742s step_avg:155.07ms
step:1992/3125 train_time:308.896s step_avg:155.07ms
step:1993/3125 train_time:309.048s step_avg:155.07ms
step:1994/3125 train_time:309.204s step_avg:155.07ms
step:1995/3125 train_time:309.358s step_avg:155.07ms
step:1996/3125 train_time:309.510s step_avg:155.07ms
step:1997/3125 train_time:309.663s step_avg:155.06ms
step:1998/3125 train_time:309.816s step_avg:155.06ms
step:1999/3125 train_time:309.968s step_avg:155.06ms
step:2000/3125 train_time:310.122s step_avg:155.06ms
step:2000/3125 val_loss:3.42418 train_time:310.130s step_avg:153.72ms
step:2001/3125 train_time:310.276s step_avg:155.06ms
step:2002/3125 train_time:310.429s step_avg:155.06ms
step:2003/3125 train_time:310.583s step_avg:155.06ms
step:2004/3125 train_time:310.735s step_avg:155.06ms
step:2005/3125 train_time:310.888s step_avg:155.06ms
step:2006/3125 train_time:311.041s step_avg:155.06ms
step:2007/3125 train_time:311.194s step_avg:155.05ms
step:2008/3125 train_time:311.348s step_avg:155.05ms
step:2009/3125 train_time:311.500s step_avg:155.05ms
step:2010/3125 train_time:311.653s step_avg:155.05ms
step:2011/3125 train_time:311.807s step_avg:155.05ms
step:2012/3125 train_time:311.959s step_avg:155.05ms
step:2013/3125 train_time:312.112s step_avg:155.05ms
step:2014/3125 train_time:312.266s step_avg:155.05ms
step:2015/3125 train_time:312.419s step_avg:155.05ms
step:2016/3125 train_time:312.573s step_avg:155.05ms
step:2017/3125 train_time:312.726s step_avg:155.05ms
step:2018/3125 train_time:312.881s step_avg:155.04ms
step:2019/3125 train_time:313.034s step_avg:155.04ms
step:2020/3125 train_time:313.187s step_avg:155.04ms
step:2021/3125 train_time:313.340s step_avg:155.04ms
step:2022/3125 train_time:313.494s step_avg:155.04ms
step:2023/3125 train_time:313.648s step_avg:155.04ms
step:2024/3125 train_time:313.801s step_avg:155.04ms
step:2025/3125 train_time:313.953s step_avg:155.04ms
step:2026/3125 train_time:314.107s step_avg:155.04ms
step:2027/3125 train_time:314.260s step_avg:155.04ms
step:2028/3125 train_time:314.413s step_avg:155.04ms
step:2029/3125 train_time:314.567s step_avg:155.04ms
step:2030/3125 train_time:314.720s step_avg:155.03ms
step:2031/3125 train_time:314.872s step_avg:155.03ms
step:2032/3125 train_time:315.026s step_avg:155.03ms
step:2033/3125 train_time:315.181s step_avg:155.03ms
step:2034/3125 train_time:315.333s step_avg:155.03ms
step:2035/3125 train_time:315.486s step_avg:155.03ms
step:2036/3125 train_time:315.639s step_avg:155.03ms
step:2037/3125 train_time:315.792s step_avg:155.03ms
step:2038/3125 train_time:315.947s step_avg:155.03ms
step:2039/3125 train_time:316.100s step_avg:155.03ms
step:2040/3125 train_time:316.252s step_avg:155.03ms
step:2041/3125 train_time:316.406s step_avg:155.02ms
step:2042/3125 train_time:316.559s step_avg:155.02ms
step:2043/3125 train_time:316.712s step_avg:155.02ms
step:2044/3125 train_time:316.865s step_avg:155.02ms
step:2045/3125 train_time:317.019s step_avg:155.02ms
step:2046/3125 train_time:317.172s step_avg:155.02ms
step:2047/3125 train_time:317.327s step_avg:155.02ms
step:2048/3125 train_time:317.481s step_avg:155.02ms
step:2049/3125 train_time:317.634s step_avg:155.02ms
step:2050/3125 train_time:317.787s step_avg:155.02ms
step:2051/3125 train_time:317.939s step_avg:155.02ms
step:2052/3125 train_time:318.092s step_avg:155.02ms
step:2053/3125 train_time:318.246s step_avg:155.02ms
step:2054/3125 train_time:318.400s step_avg:155.01ms
step:2055/3125 train_time:318.552s step_avg:155.01ms
step:2056/3125 train_time:318.706s step_avg:155.01ms
step:2057/3125 train_time:318.859s step_avg:155.01ms
step:2058/3125 train_time:319.012s step_avg:155.01ms
step:2059/3125 train_time:319.166s step_avg:155.01ms
step:2060/3125 train_time:319.319s step_avg:155.01ms
step:2061/3125 train_time:319.471s step_avg:155.01ms
step:2062/3125 train_time:319.625s step_avg:155.01ms
step:2063/3125 train_time:319.777s step_avg:155.01ms
step:2064/3125 train_time:319.930s step_avg:155.00ms
step:2065/3125 train_time:320.083s step_avg:155.00ms
step:2066/3125 train_time:320.236s step_avg:155.00ms
step:2067/3125 train_time:320.389s step_avg:155.00ms
step:2068/3125 train_time:320.543s step_avg:155.00ms
step:2069/3125 train_time:320.696s step_avg:155.00ms
step:2070/3125 train_time:320.849s step_avg:155.00ms
step:2071/3125 train_time:321.003s step_avg:155.00ms
step:2072/3125 train_time:321.156s step_avg:155.00ms
step:2073/3125 train_time:321.309s step_avg:155.00ms
step:2074/3125 train_time:321.462s step_avg:155.00ms
step:2075/3125 train_time:321.615s step_avg:155.00ms
step:2076/3125 train_time:321.769s step_avg:154.99ms
step:2077/3125 train_time:321.923s step_avg:154.99ms
step:2078/3125 train_time:322.076s step_avg:154.99ms
step:2079/3125 train_time:322.230s step_avg:154.99ms
step:2080/3125 train_time:322.384s step_avg:154.99ms
step:2081/3125 train_time:322.536s step_avg:154.99ms
step:2082/3125 train_time:322.689s step_avg:154.99ms
step:2083/3125 train_time:322.844s step_avg:154.99ms
step:2084/3125 train_time:322.997s step_avg:154.99ms
step:2085/3125 train_time:323.150s step_avg:154.99ms
step:2086/3125 train_time:323.305s step_avg:154.99ms
step:2087/3125 train_time:323.457s step_avg:154.99ms
step:2088/3125 train_time:323.610s step_avg:154.99ms
step:2089/3125 train_time:323.764s step_avg:154.99ms
step:2090/3125 train_time:323.918s step_avg:154.98ms
step:2091/3125 train_time:324.114s step_avg:155.00ms
step:2092/3125 train_time:324.268s step_avg:155.00ms
step:2093/3125 train_time:324.422s step_avg:155.00ms
step:2094/3125 train_time:324.575s step_avg:155.00ms
step:2095/3125 train_time:324.728s step_avg:155.00ms
step:2096/3125 train_time:324.882s step_avg:155.00ms
step:2097/3125 train_time:325.035s step_avg:155.00ms
step:2098/3125 train_time:325.189s step_avg:155.00ms
step:2099/3125 train_time:325.343s step_avg:155.00ms
step:2100/3125 train_time:325.497s step_avg:155.00ms
step:2101/3125 train_time:325.649s step_avg:155.00ms
step:2102/3125 train_time:325.804s step_avg:155.00ms
step:2103/3125 train_time:325.957s step_avg:155.00ms
step:2104/3125 train_time:326.110s step_avg:155.00ms
step:2105/3125 train_time:326.263s step_avg:154.99ms
step:2106/3125 train_time:326.416s step_avg:154.99ms
step:2107/3125 train_time:326.568s step_avg:154.99ms
step:2108/3125 train_time:326.722s step_avg:154.99ms
step:2109/3125 train_time:326.875s step_avg:154.99ms
step:2110/3125 train_time:327.029s step_avg:154.99ms
step:2111/3125 train_time:327.182s step_avg:154.99ms
step:2112/3125 train_time:327.335s step_avg:154.99ms
step:2113/3125 train_time:327.488s step_avg:154.99ms
step:2114/3125 train_time:327.642s step_avg:154.99ms
step:2115/3125 train_time:327.794s step_avg:154.99ms
step:2116/3125 train_time:327.948s step_avg:154.98ms
step:2117/3125 train_time:328.101s step_avg:154.98ms
step:2118/3125 train_time:328.253s step_avg:154.98ms
step:2119/3125 train_time:328.407s step_avg:154.98ms
step:2120/3125 train_time:328.560s step_avg:154.98ms
step:2121/3125 train_time:328.714s step_avg:154.98ms
step:2122/3125 train_time:328.867s step_avg:154.98ms
step:2123/3125 train_time:329.021s step_avg:154.98ms
step:2124/3125 train_time:329.173s step_avg:154.98ms
step:2125/3125 train_time:329.327s step_avg:154.98ms
step:2125/3125 val_loss:3.40472 train_time:329.336s step_avg:153.64ms
step:2126/3125 train_time:329.483s step_avg:154.98ms
step:2127/3125 train_time:329.635s step_avg:154.98ms
step:2128/3125 train_time:329.789s step_avg:154.98ms
step:2129/3125 train_time:329.941s step_avg:154.97ms
step:2130/3125 train_time:330.094s step_avg:154.97ms
step:2131/3125 train_time:330.248s step_avg:154.97ms
step:2132/3125 train_time:330.401s step_avg:154.97ms
step:2133/3125 train_time:330.555s step_avg:154.97ms
step:2134/3125 train_time:330.709s step_avg:154.97ms
step:2135/3125 train_time:330.862s step_avg:154.97ms
step:2136/3125 train_time:331.015s step_avg:154.97ms
step:2137/3125 train_time:331.170s step_avg:154.97ms
step:2138/3125 train_time:331.322s step_avg:154.97ms
step:2139/3125 train_time:331.475s step_avg:154.97ms
step:2140/3125 train_time:331.629s step_avg:154.97ms
step:2141/3125 train_time:331.782s step_avg:154.97ms
step:2142/3125 train_time:331.936s step_avg:154.97ms
step:2143/3125 train_time:332.089s step_avg:154.96ms
step:2144/3125 train_time:332.243s step_avg:154.96ms
step:2145/3125 train_time:332.396s step_avg:154.96ms
step:2146/3125 train_time:332.550s step_avg:154.96ms
step:2147/3125 train_time:332.702s step_avg:154.96ms
step:2148/3125 train_time:332.856s step_avg:154.96ms
step:2149/3125 train_time:333.009s step_avg:154.96ms
step:2150/3125 train_time:333.162s step_avg:154.96ms
step:2151/3125 train_time:333.315s step_avg:154.96ms
step:2152/3125 train_time:333.469s step_avg:154.96ms
step:2153/3125 train_time:333.622s step_avg:154.96ms
step:2154/3125 train_time:333.775s step_avg:154.96ms
step:2155/3125 train_time:333.929s step_avg:154.96ms
step:2156/3125 train_time:334.082s step_avg:154.95ms
step:2157/3125 train_time:334.235s step_avg:154.95ms
step:2158/3125 train_time:334.388s step_avg:154.95ms
step:2159/3125 train_time:334.540s step_avg:154.95ms
step:2160/3125 train_time:334.693s step_avg:154.95ms
step:2161/3125 train_time:334.847s step_avg:154.95ms
step:2162/3125 train_time:335.000s step_avg:154.95ms
step:2163/3125 train_time:335.153s step_avg:154.95ms
step:2164/3125 train_time:335.307s step_avg:154.95ms
step:2165/3125 train_time:335.461s step_avg:154.95ms
step:2166/3125 train_time:335.614s step_avg:154.95ms
step:2167/3125 train_time:335.768s step_avg:154.95ms
step:2168/3125 train_time:335.921s step_avg:154.95ms
step:2169/3125 train_time:336.075s step_avg:154.94ms
step:2170/3125 train_time:336.227s step_avg:154.94ms
step:2171/3125 train_time:336.380s step_avg:154.94ms
step:2172/3125 train_time:336.534s step_avg:154.94ms
step:2173/3125 train_time:336.687s step_avg:154.94ms
step:2174/3125 train_time:336.839s step_avg:154.94ms
step:2175/3125 train_time:336.993s step_avg:154.94ms
step:2176/3125 train_time:337.148s step_avg:154.94ms
step:2177/3125 train_time:337.301s step_avg:154.94ms
step:2178/3125 train_time:337.455s step_avg:154.94ms
step:2179/3125 train_time:337.608s step_avg:154.94ms
step:2180/3125 train_time:337.761s step_avg:154.94ms
step:2181/3125 train_time:337.915s step_avg:154.94ms
step:2182/3125 train_time:338.068s step_avg:154.94ms
step:2183/3125 train_time:338.221s step_avg:154.93ms
step:2184/3125 train_time:338.373s step_avg:154.93ms
step:2185/3125 train_time:338.527s step_avg:154.93ms
step:2186/3125 train_time:338.679s step_avg:154.93ms
step:2187/3125 train_time:338.833s step_avg:154.93ms
step:2188/3125 train_time:338.987s step_avg:154.93ms
step:2189/3125 train_time:339.140s step_avg:154.93ms
step:2190/3125 train_time:339.294s step_avg:154.93ms
step:2191/3125 train_time:339.447s step_avg:154.93ms
step:2192/3125 train_time:339.600s step_avg:154.93ms
step:2193/3125 train_time:339.753s step_avg:154.93ms
step:2194/3125 train_time:339.907s step_avg:154.93ms
step:2195/3125 train_time:340.060s step_avg:154.92ms
step:2196/3125 train_time:340.213s step_avg:154.92ms
step:2197/3125 train_time:340.367s step_avg:154.92ms
step:2198/3125 train_time:340.520s step_avg:154.92ms
step:2199/3125 train_time:340.674s step_avg:154.92ms
step:2200/3125 train_time:340.828s step_avg:154.92ms
step:2201/3125 train_time:340.981s step_avg:154.92ms
step:2202/3125 train_time:341.135s step_avg:154.92ms
step:2203/3125 train_time:341.288s step_avg:154.92ms
step:2204/3125 train_time:341.441s step_avg:154.92ms
step:2205/3125 train_time:341.594s step_avg:154.92ms
step:2206/3125 train_time:341.748s step_avg:154.92ms
step:2207/3125 train_time:341.901s step_avg:154.92ms
step:2208/3125 train_time:342.054s step_avg:154.92ms
step:2209/3125 train_time:342.207s step_avg:154.92ms
step:2210/3125 train_time:342.361s step_avg:154.91ms
step:2211/3125 train_time:342.514s step_avg:154.91ms
step:2212/3125 train_time:342.668s step_avg:154.91ms
step:2213/3125 train_time:342.821s step_avg:154.91ms
step:2214/3125 train_time:342.974s step_avg:154.91ms
step:2215/3125 train_time:343.128s step_avg:154.91ms
step:2216/3125 train_time:343.280s step_avg:154.91ms
step:2217/3125 train_time:343.433s step_avg:154.91ms
step:2218/3125 train_time:343.586s step_avg:154.91ms
step:2219/3125 train_time:343.739s step_avg:154.91ms
step:2220/3125 train_time:343.893s step_avg:154.91ms
step:2221/3125 train_time:344.047s step_avg:154.91ms
step:2222/3125 train_time:344.199s step_avg:154.90ms
step:2223/3125 train_time:344.353s step_avg:154.90ms
step:2224/3125 train_time:344.506s step_avg:154.90ms
step:2225/3125 train_time:344.661s step_avg:154.90ms
step:2226/3125 train_time:344.814s step_avg:154.90ms
step:2227/3125 train_time:344.968s step_avg:154.90ms
step:2228/3125 train_time:345.120s step_avg:154.90ms
step:2229/3125 train_time:345.274s step_avg:154.90ms
step:2230/3125 train_time:345.428s step_avg:154.90ms
step:2231/3125 train_time:345.580s step_avg:154.90ms
step:2232/3125 train_time:345.734s step_avg:154.90ms
step:2233/3125 train_time:345.887s step_avg:154.90ms
step:2234/3125 train_time:346.040s step_avg:154.90ms
step:2235/3125 train_time:346.193s step_avg:154.90ms
step:2236/3125 train_time:346.347s step_avg:154.90ms
step:2237/3125 train_time:346.500s step_avg:154.89ms
step:2238/3125 train_time:346.654s step_avg:154.89ms
step:2239/3125 train_time:346.807s step_avg:154.89ms
step:2240/3125 train_time:346.960s step_avg:154.89ms
step:2241/3125 train_time:347.114s step_avg:154.89ms
step:2242/3125 train_time:347.268s step_avg:154.89ms
step:2243/3125 train_time:347.421s step_avg:154.89ms
step:2244/3125 train_time:347.574s step_avg:154.89ms
step:2245/3125 train_time:347.728s step_avg:154.89ms
step:2246/3125 train_time:347.880s step_avg:154.89ms
step:2247/3125 train_time:348.034s step_avg:154.89ms
step:2248/3125 train_time:348.187s step_avg:154.89ms
step:2249/3125 train_time:348.341s step_avg:154.89ms
step:2250/3125 train_time:348.494s step_avg:154.89ms
step:2250/3125 val_loss:3.38520 train_time:348.502s step_avg:153.33ms
step:2251/3125 train_time:348.649s step_avg:154.89ms
step:2252/3125 train_time:348.802s step_avg:154.89ms
step:2253/3125 train_time:348.956s step_avg:154.89ms
step:2254/3125 train_time:349.109s step_avg:154.88ms
step:2255/3125 train_time:349.261s step_avg:154.88ms
step:2256/3125 train_time:349.416s step_avg:154.88ms
step:2257/3125 train_time:349.569s step_avg:154.88ms
step:2258/3125 train_time:349.722s step_avg:154.88ms
step:2259/3125 train_time:349.876s step_avg:154.88ms
step:2260/3125 train_time:350.028s step_avg:154.88ms
step:2261/3125 train_time:350.181s step_avg:154.88ms
step:2262/3125 train_time:350.335s step_avg:154.88ms
step:2263/3125 train_time:350.487s step_avg:154.88ms
step:2264/3125 train_time:350.640s step_avg:154.88ms
step:2265/3125 train_time:350.794s step_avg:154.88ms
step:2266/3125 train_time:350.946s step_avg:154.87ms
step:2267/3125 train_time:351.100s step_avg:154.87ms
step:2268/3125 train_time:351.254s step_avg:154.87ms
step:2269/3125 train_time:351.406s step_avg:154.87ms
step:2270/3125 train_time:351.559s step_avg:154.87ms
step:2271/3125 train_time:351.713s step_avg:154.87ms
step:2272/3125 train_time:351.866s step_avg:154.87ms
step:2273/3125 train_time:352.019s step_avg:154.87ms
step:2274/3125 train_time:352.174s step_avg:154.87ms
step:2275/3125 train_time:352.327s step_avg:154.87ms
step:2276/3125 train_time:352.480s step_avg:154.87ms
step:2277/3125 train_time:352.634s step_avg:154.87ms
step:2278/3125 train_time:352.786s step_avg:154.87ms
step:2279/3125 train_time:352.939s step_avg:154.87ms
step:2280/3125 train_time:353.093s step_avg:154.87ms
step:2281/3125 train_time:353.290s step_avg:154.88ms
step:2282/3125 train_time:353.443s step_avg:154.88ms
step:2283/3125 train_time:353.596s step_avg:154.88ms
step:2284/3125 train_time:353.751s step_avg:154.88ms
step:2285/3125 train_time:353.902s step_avg:154.88ms
step:2286/3125 train_time:354.057s step_avg:154.88ms
step:2287/3125 train_time:354.210s step_avg:154.88ms
step:2288/3125 train_time:354.363s step_avg:154.88ms
step:2289/3125 train_time:354.517s step_avg:154.88ms
step:2290/3125 train_time:354.672s step_avg:154.88ms
step:2291/3125 train_time:354.824s step_avg:154.88ms
step:2292/3125 train_time:354.978s step_avg:154.88ms
step:2293/3125 train_time:355.131s step_avg:154.88ms
step:2294/3125 train_time:355.284s step_avg:154.88ms
step:2295/3125 train_time:355.437s step_avg:154.87ms
step:2296/3125 train_time:355.591s step_avg:154.87ms
step:2297/3125 train_time:355.744s step_avg:154.87ms
step:2298/3125 train_time:355.898s step_avg:154.87ms
step:2299/3125 train_time:356.052s step_avg:154.87ms
step:2300/3125 train_time:356.204s step_avg:154.87ms
step:2301/3125 train_time:356.358s step_avg:154.87ms
step:2302/3125 train_time:356.511s step_avg:154.87ms
step:2303/3125 train_time:356.664s step_avg:154.87ms
step:2304/3125 train_time:356.817s step_avg:154.87ms
step:2305/3125 train_time:356.970s step_avg:154.87ms
step:2306/3125 train_time:357.123s step_avg:154.87ms
step:2307/3125 train_time:357.276s step_avg:154.87ms
step:2308/3125 train_time:357.431s step_avg:154.87ms
step:2309/3125 train_time:357.584s step_avg:154.87ms
step:2310/3125 train_time:357.738s step_avg:154.86ms
step:2311/3125 train_time:357.891s step_avg:154.86ms
step:2312/3125 train_time:358.043s step_avg:154.86ms
step:2313/3125 train_time:358.197s step_avg:154.86ms
step:2314/3125 train_time:358.350s step_avg:154.86ms
step:2315/3125 train_time:358.503s step_avg:154.86ms
step:2316/3125 train_time:358.656s step_avg:154.86ms
step:2317/3125 train_time:358.809s step_avg:154.86ms
step:2318/3125 train_time:358.962s step_avg:154.86ms
step:2319/3125 train_time:359.115s step_avg:154.86ms
step:2320/3125 train_time:359.269s step_avg:154.86ms
step:2321/3125 train_time:359.422s step_avg:154.86ms
step:2322/3125 train_time:359.576s step_avg:154.86ms
step:2323/3125 train_time:359.729s step_avg:154.86ms
step:2324/3125 train_time:359.881s step_avg:154.85ms
step:2325/3125 train_time:360.035s step_avg:154.85ms
step:2326/3125 train_time:360.188s step_avg:154.85ms
step:2327/3125 train_time:360.340s step_avg:154.85ms
step:2328/3125 train_time:360.495s step_avg:154.85ms
step:2329/3125 train_time:360.648s step_avg:154.85ms
step:2330/3125 train_time:360.802s step_avg:154.85ms
step:2331/3125 train_time:360.956s step_avg:154.85ms
step:2332/3125 train_time:361.109s step_avg:154.85ms
step:2333/3125 train_time:361.262s step_avg:154.85ms
step:2334/3125 train_time:361.416s step_avg:154.85ms
step:2335/3125 train_time:361.569s step_avg:154.85ms
step:2336/3125 train_time:361.721s step_avg:154.85ms
step:2337/3125 train_time:361.875s step_avg:154.85ms
step:2338/3125 train_time:362.028s step_avg:154.85ms
step:2339/3125 train_time:362.181s step_avg:154.84ms
step:2340/3125 train_time:362.335s step_avg:154.84ms
step:2341/3125 train_time:362.488s step_avg:154.84ms
step:2342/3125 train_time:362.641s step_avg:154.84ms
step:2343/3125 train_time:362.796s step_avg:154.84ms
step:2344/3125 train_time:362.949s step_avg:154.84ms
step:2345/3125 train_time:363.101s step_avg:154.84ms
step:2346/3125 train_time:363.255s step_avg:154.84ms
step:2347/3125 train_time:363.408s step_avg:154.84ms
step:2348/3125 train_time:363.561s step_avg:154.84ms
step:2349/3125 train_time:363.714s step_avg:154.84ms
step:2350/3125 train_time:363.867s step_avg:154.84ms
step:2351/3125 train_time:364.021s step_avg:154.84ms
step:2352/3125 train_time:364.175s step_avg:154.84ms
step:2353/3125 train_time:364.329s step_avg:154.84ms
step:2354/3125 train_time:364.482s step_avg:154.84ms
step:2355/3125 train_time:364.636s step_avg:154.83ms
step:2356/3125 train_time:364.789s step_avg:154.83ms
step:2357/3125 train_time:364.941s step_avg:154.83ms
step:2358/3125 train_time:365.095s step_avg:154.83ms
step:2359/3125 train_time:365.249s step_avg:154.83ms
step:2360/3125 train_time:365.401s step_avg:154.83ms
step:2361/3125 train_time:365.556s step_avg:154.83ms
step:2362/3125 train_time:365.709s step_avg:154.83ms
step:2363/3125 train_time:365.862s step_avg:154.83ms
step:2364/3125 train_time:366.017s step_avg:154.83ms
step:2365/3125 train_time:366.170s step_avg:154.83ms
step:2366/3125 train_time:366.322s step_avg:154.83ms
step:2367/3125 train_time:366.476s step_avg:154.83ms
step:2368/3125 train_time:366.629s step_avg:154.83ms
step:2369/3125 train_time:366.782s step_avg:154.83ms
step:2370/3125 train_time:366.935s step_avg:154.82ms
step:2371/3125 train_time:367.090s step_avg:154.82ms
step:2372/3125 train_time:367.242s step_avg:154.82ms
step:2373/3125 train_time:367.396s step_avg:154.82ms
step:2374/3125 train_time:367.549s step_avg:154.82ms
step:2375/3125 train_time:367.702s step_avg:154.82ms
step:2375/3125 val_loss:3.36711 train_time:367.710s step_avg:153.66ms
step:2376/3125 train_time:367.859s step_avg:154.82ms
step:2377/3125 train_time:368.012s step_avg:154.82ms
step:2378/3125 train_time:368.165s step_avg:154.82ms
step:2379/3125 train_time:368.319s step_avg:154.82ms
step:2380/3125 train_time:368.471s step_avg:154.82ms
step:2381/3125 train_time:368.625s step_avg:154.82ms
step:2382/3125 train_time:368.779s step_avg:154.82ms
step:2383/3125 train_time:368.931s step_avg:154.82ms
step:2384/3125 train_time:369.084s step_avg:154.82ms
step:2385/3125 train_time:369.238s step_avg:154.82ms
step:2386/3125 train_time:369.391s step_avg:154.82ms
step:2387/3125 train_time:369.544s step_avg:154.82ms
step:2388/3125 train_time:369.698s step_avg:154.81ms
step:2389/3125 train_time:369.850s step_avg:154.81ms
step:2390/3125 train_time:370.006s step_avg:154.81ms
step:2391/3125 train_time:370.159s step_avg:154.81ms
step:2392/3125 train_time:370.311s step_avg:154.81ms
step:2393/3125 train_time:370.464s step_avg:154.81ms
step:2394/3125 train_time:370.620s step_avg:154.81ms
step:2395/3125 train_time:370.772s step_avg:154.81ms
step:2396/3125 train_time:370.926s step_avg:154.81ms
step:2397/3125 train_time:371.081s step_avg:154.81ms
step:2398/3125 train_time:371.234s step_avg:154.81ms
step:2399/3125 train_time:371.387s step_avg:154.81ms
step:2400/3125 train_time:371.541s step_avg:154.81ms
step:2401/3125 train_time:371.694s step_avg:154.81ms
step:2402/3125 train_time:371.846s step_avg:154.81ms
step:2403/3125 train_time:372.001s step_avg:154.81ms
step:2404/3125 train_time:372.154s step_avg:154.81ms
step:2405/3125 train_time:372.307s step_avg:154.81ms
step:2406/3125 train_time:372.461s step_avg:154.81ms
step:2407/3125 train_time:372.616s step_avg:154.81ms
step:2408/3125 train_time:372.768s step_avg:154.80ms
step:2409/3125 train_time:372.922s step_avg:154.80ms
step:2410/3125 train_time:373.075s step_avg:154.80ms
step:2411/3125 train_time:373.228s step_avg:154.80ms
step:2412/3125 train_time:373.382s step_avg:154.80ms
step:2413/3125 train_time:373.535s step_avg:154.80ms
step:2414/3125 train_time:373.688s step_avg:154.80ms
step:2415/3125 train_time:373.842s step_avg:154.80ms
step:2416/3125 train_time:373.996s step_avg:154.80ms
step:2417/3125 train_time:374.149s step_avg:154.80ms
step:2418/3125 train_time:374.302s step_avg:154.80ms
step:2419/3125 train_time:374.455s step_avg:154.80ms
step:2420/3125 train_time:374.609s step_avg:154.80ms
step:2421/3125 train_time:374.761s step_avg:154.80ms
step:2422/3125 train_time:374.916s step_avg:154.80ms
step:2423/3125 train_time:375.069s step_avg:154.80ms
step:2424/3125 train_time:375.223s step_avg:154.79ms
step:2425/3125 train_time:375.377s step_avg:154.79ms
step:2426/3125 train_time:375.530s step_avg:154.79ms
step:2427/3125 train_time:375.683s step_avg:154.79ms
step:2428/3125 train_time:375.836s step_avg:154.79ms
step:2429/3125 train_time:375.988s step_avg:154.79ms
step:2430/3125 train_time:376.142s step_avg:154.79ms
step:2431/3125 train_time:376.298s step_avg:154.79ms
step:2432/3125 train_time:376.450s step_avg:154.79ms
step:2433/3125 train_time:376.604s step_avg:154.79ms
step:2434/3125 train_time:376.758s step_avg:154.79ms
step:2435/3125 train_time:376.911s step_avg:154.79ms
step:2436/3125 train_time:377.064s step_avg:154.79ms
step:2437/3125 train_time:377.218s step_avg:154.79ms
step:2438/3125 train_time:377.371s step_avg:154.79ms
step:2439/3125 train_time:377.525s step_avg:154.79ms
step:2440/3125 train_time:377.679s step_avg:154.79ms
step:2441/3125 train_time:377.831s step_avg:154.79ms
step:2442/3125 train_time:377.985s step_avg:154.78ms
step:2443/3125 train_time:378.138s step_avg:154.78ms
step:2444/3125 train_time:378.291s step_avg:154.78ms
step:2445/3125 train_time:378.445s step_avg:154.78ms
step:2446/3125 train_time:378.600s step_avg:154.78ms
step:2447/3125 train_time:378.753s step_avg:154.78ms
step:2448/3125 train_time:378.906s step_avg:154.78ms
step:2449/3125 train_time:379.059s step_avg:154.78ms
step:2450/3125 train_time:379.212s step_avg:154.78ms
step:2451/3125 train_time:379.365s step_avg:154.78ms
step:2452/3125 train_time:379.519s step_avg:154.78ms
step:2453/3125 train_time:379.672s step_avg:154.78ms
step:2454/3125 train_time:379.825s step_avg:154.78ms
step:2455/3125 train_time:379.980s step_avg:154.78ms
step:2456/3125 train_time:380.133s step_avg:154.78ms
step:2457/3125 train_time:380.286s step_avg:154.78ms
step:2458/3125 train_time:380.439s step_avg:154.78ms
step:2459/3125 train_time:380.593s step_avg:154.78ms
step:2460/3125 train_time:380.746s step_avg:154.77ms
step:2461/3125 train_time:380.900s step_avg:154.77ms
step:2462/3125 train_time:381.053s step_avg:154.77ms
step:2463/3125 train_time:381.206s step_avg:154.77ms
step:2464/3125 train_time:381.359s step_avg:154.77ms
step:2465/3125 train_time:381.514s step_avg:154.77ms
step:2466/3125 train_time:381.666s step_avg:154.77ms
step:2467/3125 train_time:381.820s step_avg:154.77ms
step:2468/3125 train_time:381.974s step_avg:154.77ms
step:2469/3125 train_time:382.127s step_avg:154.77ms
step:2470/3125 train_time:382.281s step_avg:154.77ms
step:2471/3125 train_time:382.478s step_avg:154.79ms
step:2472/3125 train_time:382.631s step_avg:154.79ms
step:2473/3125 train_time:382.784s step_avg:154.79ms
step:2474/3125 train_time:382.937s step_avg:154.78ms
step:2475/3125 train_time:383.090s step_avg:154.78ms
step:2476/3125 train_time:383.245s step_avg:154.78ms
step:2477/3125 train_time:383.399s step_avg:154.78ms
step:2478/3125 train_time:383.551s step_avg:154.78ms
step:2479/3125 train_time:383.704s step_avg:154.78ms
step:2480/3125 train_time:383.858s step_avg:154.78ms
step:2481/3125 train_time:384.011s step_avg:154.78ms
step:2482/3125 train_time:384.164s step_avg:154.78ms
step:2483/3125 train_time:384.318s step_avg:154.78ms
step:2484/3125 train_time:384.471s step_avg:154.78ms
step:2485/3125 train_time:384.624s step_avg:154.78ms
step:2486/3125 train_time:384.778s step_avg:154.78ms
step:2487/3125 train_time:384.931s step_avg:154.78ms
step:2488/3125 train_time:385.084s step_avg:154.78ms
step:2489/3125 train_time:385.237s step_avg:154.78ms
step:2490/3125 train_time:385.390s step_avg:154.78ms
step:2491/3125 train_time:385.543s step_avg:154.77ms
step:2492/3125 train_time:385.698s step_avg:154.77ms
step:2493/3125 train_time:385.851s step_avg:154.77ms
step:2494/3125 train_time:386.004s step_avg:154.77ms
step:2495/3125 train_time:386.158s step_avg:154.77ms
step:2496/3125 train_time:386.310s step_avg:154.77ms
step:2497/3125 train_time:386.464s step_avg:154.77ms
step:2498/3125 train_time:386.618s step_avg:154.77ms
step:2499/3125 train_time:386.771s step_avg:154.77ms
step:2500/3125 train_time:386.925s step_avg:154.77ms
step:2500/3125 val_loss:3.34860 train_time:386.933s step_avg:153.78ms
step:2501/3125 train_time:387.079s step_avg:154.77ms
step:2502/3125 train_time:387.231s step_avg:154.77ms
step:2503/3125 train_time:387.384s step_avg:154.77ms
step:2504/3125 train_time:387.539s step_avg:154.77ms
step:2505/3125 train_time:387.691s step_avg:154.77ms
step:2506/3125 train_time:387.846s step_avg:154.77ms
step:2507/3125 train_time:387.999s step_avg:154.77ms
step:2508/3125 train_time:388.152s step_avg:154.77ms
step:2509/3125 train_time:388.305s step_avg:154.76ms
step:2510/3125 train_time:388.459s step_avg:154.76ms
step:2511/3125 train_time:388.612s step_avg:154.76ms
step:2512/3125 train_time:388.766s step_avg:154.76ms
step:2513/3125 train_time:388.919s step_avg:154.76ms
step:2514/3125 train_time:389.071s step_avg:154.76ms
step:2515/3125 train_time:389.225s step_avg:154.76ms
step:2516/3125 train_time:389.378s step_avg:154.76ms
step:2517/3125 train_time:389.531s step_avg:154.76ms
step:2518/3125 train_time:389.685s step_avg:154.76ms
step:2519/3125 train_time:389.838s step_avg:154.76ms
step:2520/3125 train_time:389.991s step_avg:154.76ms
step:2521/3125 train_time:390.145s step_avg:154.76ms
step:2522/3125 train_time:390.298s step_avg:154.76ms
step:2523/3125 train_time:390.451s step_avg:154.76ms
step:2524/3125 train_time:390.604s step_avg:154.76ms
step:2525/3125 train_time:390.757s step_avg:154.76ms
step:2526/3125 train_time:390.909s step_avg:154.75ms
step:2527/3125 train_time:391.064s step_avg:154.75ms
step:2528/3125 train_time:391.218s step_avg:154.75ms
step:2529/3125 train_time:391.370s step_avg:154.75ms
step:2530/3125 train_time:391.525s step_avg:154.75ms
step:2531/3125 train_time:391.678s step_avg:154.75ms
step:2532/3125 train_time:391.831s step_avg:154.75ms
step:2533/3125 train_time:391.984s step_avg:154.75ms
step:2534/3125 train_time:392.137s step_avg:154.75ms
step:2535/3125 train_time:392.289s step_avg:154.75ms
step:2536/3125 train_time:392.444s step_avg:154.75ms
step:2537/3125 train_time:392.597s step_avg:154.75ms
step:2538/3125 train_time:392.750s step_avg:154.75ms
step:2539/3125 train_time:392.903s step_avg:154.75ms
step:2540/3125 train_time:393.056s step_avg:154.75ms
step:2541/3125 train_time:393.209s step_avg:154.75ms
step:2542/3125 train_time:393.363s step_avg:154.75ms
step:2543/3125 train_time:393.516s step_avg:154.74ms
step:2544/3125 train_time:393.669s step_avg:154.74ms
step:2545/3125 train_time:393.823s step_avg:154.74ms
step:2546/3125 train_time:393.976s step_avg:154.74ms
step:2547/3125 train_time:394.128s step_avg:154.74ms
step:2548/3125 train_time:394.282s step_avg:154.74ms
step:2549/3125 train_time:394.434s step_avg:154.74ms
step:2550/3125 train_time:394.587s step_avg:154.74ms
step:2551/3125 train_time:394.742s step_avg:154.74ms
step:2552/3125 train_time:394.895s step_avg:154.74ms
step:2553/3125 train_time:395.048s step_avg:154.74ms
step:2554/3125 train_time:395.202s step_avg:154.74ms
step:2555/3125 train_time:395.355s step_avg:154.74ms
step:2556/3125 train_time:395.508s step_avg:154.74ms
step:2557/3125 train_time:395.661s step_avg:154.74ms
step:2558/3125 train_time:395.813s step_avg:154.74ms
step:2559/3125 train_time:395.966s step_avg:154.73ms
step:2560/3125 train_time:396.120s step_avg:154.73ms
step:2561/3125 train_time:396.272s step_avg:154.73ms
step:2562/3125 train_time:396.426s step_avg:154.73ms
step:2563/3125 train_time:396.580s step_avg:154.73ms
step:2564/3125 train_time:396.733s step_avg:154.73ms
step:2565/3125 train_time:396.886s step_avg:154.73ms
step:2566/3125 train_time:397.039s step_avg:154.73ms
step:2567/3125 train_time:397.192s step_avg:154.73ms
step:2568/3125 train_time:397.345s step_avg:154.73ms
step:2569/3125 train_time:397.499s step_avg:154.73ms
step:2570/3125 train_time:397.652s step_avg:154.73ms
step:2571/3125 train_time:397.806s step_avg:154.73ms
step:2572/3125 train_time:397.959s step_avg:154.73ms
step:2573/3125 train_time:398.112s step_avg:154.73ms
step:2574/3125 train_time:398.265s step_avg:154.73ms
step:2575/3125 train_time:398.420s step_avg:154.73ms
step:2576/3125 train_time:398.572s step_avg:154.73ms
step:2577/3125 train_time:398.726s step_avg:154.72ms
step:2578/3125 train_time:398.880s step_avg:154.72ms
step:2579/3125 train_time:399.033s step_avg:154.72ms
step:2580/3125 train_time:399.186s step_avg:154.72ms
step:2581/3125 train_time:399.339s step_avg:154.72ms
step:2582/3125 train_time:399.492s step_avg:154.72ms
step:2583/3125 train_time:399.645s step_avg:154.72ms
step:2584/3125 train_time:399.799s step_avg:154.72ms
step:2585/3125 train_time:399.951s step_avg:154.72ms
step:2586/3125 train_time:400.105s step_avg:154.72ms
step:2587/3125 train_time:400.258s step_avg:154.72ms
step:2588/3125 train_time:400.411s step_avg:154.72ms
step:2589/3125 train_time:400.565s step_avg:154.72ms
step:2590/3125 train_time:400.719s step_avg:154.72ms
step:2591/3125 train_time:400.871s step_avg:154.72ms
step:2592/3125 train_time:401.025s step_avg:154.72ms
step:2593/3125 train_time:401.179s step_avg:154.72ms
step:2594/3125 train_time:401.331s step_avg:154.72ms
step:2595/3125 train_time:401.485s step_avg:154.71ms
step:2596/3125 train_time:401.638s step_avg:154.71ms
step:2597/3125 train_time:401.791s step_avg:154.71ms
step:2598/3125 train_time:401.945s step_avg:154.71ms
step:2599/3125 train_time:402.098s step_avg:154.71ms
step:2600/3125 train_time:402.251s step_avg:154.71ms
step:2601/3125 train_time:402.404s step_avg:154.71ms
step:2602/3125 train_time:402.558s step_avg:154.71ms
step:2603/3125 train_time:402.710s step_avg:154.71ms
step:2604/3125 train_time:402.865s step_avg:154.71ms
step:2605/3125 train_time:403.019s step_avg:154.71ms
step:2606/3125 train_time:403.172s step_avg:154.71ms
step:2607/3125 train_time:403.326s step_avg:154.71ms
step:2608/3125 train_time:403.480s step_avg:154.71ms
step:2609/3125 train_time:403.635s step_avg:154.71ms
step:2610/3125 train_time:403.787s step_avg:154.71ms
step:2611/3125 train_time:403.941s step_avg:154.71ms
step:2612/3125 train_time:404.093s step_avg:154.71ms
step:2613/3125 train_time:404.246s step_avg:154.71ms
step:2614/3125 train_time:404.401s step_avg:154.71ms
step:2615/3125 train_time:404.554s step_avg:154.71ms
step:2616/3125 train_time:404.709s step_avg:154.71ms
step:2617/3125 train_time:404.862s step_avg:154.70ms
step:2618/3125 train_time:405.015s step_avg:154.70ms
step:2619/3125 train_time:405.167s step_avg:154.70ms
step:2620/3125 train_time:405.323s step_avg:154.70ms
step:2621/3125 train_time:405.476s step_avg:154.70ms
step:2622/3125 train_time:405.629s step_avg:154.70ms
step:2623/3125 train_time:405.782s step_avg:154.70ms
step:2624/3125 train_time:405.935s step_avg:154.70ms
step:2625/3125 train_time:406.089s step_avg:154.70ms
step:2625/3125 val_loss:3.33041 train_time:406.097s step_avg:153.31ms
step:2626/3125 train_time:406.244s step_avg:154.70ms
step:2627/3125 train_time:406.398s step_avg:154.70ms
step:2628/3125 train_time:406.552s step_avg:154.70ms
step:2629/3125 train_time:406.705s step_avg:154.70ms
step:2630/3125 train_time:406.857s step_avg:154.70ms
step:2631/3125 train_time:407.010s step_avg:154.70ms
step:2632/3125 train_time:407.163s step_avg:154.70ms
step:2633/3125 train_time:407.316s step_avg:154.70ms
step:2634/3125 train_time:407.470s step_avg:154.70ms
step:2635/3125 train_time:407.624s step_avg:154.70ms
step:2636/3125 train_time:407.776s step_avg:154.70ms
step:2637/3125 train_time:407.930s step_avg:154.69ms
step:2638/3125 train_time:408.083s step_avg:154.69ms
step:2639/3125 train_time:408.236s step_avg:154.69ms
step:2640/3125 train_time:408.390s step_avg:154.69ms
step:2641/3125 train_time:408.542s step_avg:154.69ms
step:2642/3125 train_time:408.697s step_avg:154.69ms
step:2643/3125 train_time:408.851s step_avg:154.69ms
step:2644/3125 train_time:409.003s step_avg:154.69ms
step:2645/3125 train_time:409.158s step_avg:154.69ms
step:2646/3125 train_time:409.311s step_avg:154.69ms
step:2647/3125 train_time:409.464s step_avg:154.69ms
step:2648/3125 train_time:409.616s step_avg:154.69ms
step:2649/3125 train_time:409.771s step_avg:154.69ms
step:2650/3125 train_time:409.924s step_avg:154.69ms
step:2651/3125 train_time:410.077s step_avg:154.69ms
step:2652/3125 train_time:410.231s step_avg:154.69ms
step:2653/3125 train_time:410.383s step_avg:154.69ms
step:2654/3125 train_time:410.536s step_avg:154.69ms
step:2655/3125 train_time:410.690s step_avg:154.69ms
step:2656/3125 train_time:410.843s step_avg:154.68ms
step:2657/3125 train_time:410.996s step_avg:154.68ms
step:2658/3125 train_time:411.150s step_avg:154.68ms
step:2659/3125 train_time:411.303s step_avg:154.68ms
step:2660/3125 train_time:411.456s step_avg:154.68ms
step:2661/3125 train_time:411.654s step_avg:154.70ms
step:2662/3125 train_time:411.807s step_avg:154.70ms
step:2663/3125 train_time:411.961s step_avg:154.70ms
step:2664/3125 train_time:412.114s step_avg:154.70ms
step:2665/3125 train_time:412.266s step_avg:154.70ms
step:2666/3125 train_time:412.419s step_avg:154.70ms
step:2667/3125 train_time:412.574s step_avg:154.70ms
step:2668/3125 train_time:412.728s step_avg:154.70ms
step:2669/3125 train_time:412.880s step_avg:154.69ms
step:2670/3125 train_time:413.034s step_avg:154.69ms
step:2671/3125 train_time:413.187s step_avg:154.69ms
step:2672/3125 train_time:413.340s step_avg:154.69ms
step:2673/3125 train_time:413.493s step_avg:154.69ms
step:2674/3125 train_time:413.647s step_avg:154.69ms
step:2675/3125 train_time:413.800s step_avg:154.69ms
step:2676/3125 train_time:413.954s step_avg:154.69ms
step:2677/3125 train_time:414.108s step_avg:154.69ms
step:2678/3125 train_time:414.261s step_avg:154.69ms
step:2679/3125 train_time:414.413s step_avg:154.69ms
step:2680/3125 train_time:414.566s step_avg:154.69ms
step:2681/3125 train_time:414.719s step_avg:154.69ms
step:2682/3125 train_time:414.873s step_avg:154.69ms
step:2683/3125 train_time:415.026s step_avg:154.69ms
step:2684/3125 train_time:415.179s step_avg:154.69ms
step:2685/3125 train_time:415.332s step_avg:154.69ms
step:2686/3125 train_time:415.485s step_avg:154.69ms
step:2687/3125 train_time:415.638s step_avg:154.68ms
step:2688/3125 train_time:415.791s step_avg:154.68ms
step:2689/3125 train_time:415.944s step_avg:154.68ms
step:2690/3125 train_time:416.096s step_avg:154.68ms
step:2691/3125 train_time:416.250s step_avg:154.68ms
step:2692/3125 train_time:416.403s step_avg:154.68ms
step:2693/3125 train_time:416.555s step_avg:154.68ms
step:2694/3125 train_time:416.710s step_avg:154.68ms
step:2695/3125 train_time:416.863s step_avg:154.68ms
step:2696/3125 train_time:417.015s step_avg:154.68ms
step:2697/3125 train_time:417.173s step_avg:154.68ms
step:2698/3125 train_time:417.325s step_avg:154.68ms
step:2699/3125 train_time:417.477s step_avg:154.68ms
step:2700/3125 train_time:417.631s step_avg:154.68ms
step:2701/3125 train_time:417.783s step_avg:154.68ms
step:2702/3125 train_time:417.937s step_avg:154.68ms
step:2703/3125 train_time:418.089s step_avg:154.68ms
step:2704/3125 train_time:418.243s step_avg:154.68ms
step:2705/3125 train_time:418.397s step_avg:154.68ms
step:2706/3125 train_time:418.551s step_avg:154.68ms
step:2707/3125 train_time:418.704s step_avg:154.67ms
step:2708/3125 train_time:418.857s step_avg:154.67ms
step:2709/3125 train_time:419.010s step_avg:154.67ms
step:2710/3125 train_time:419.162s step_avg:154.67ms
step:2711/3125 train_time:419.315s step_avg:154.67ms
step:2712/3125 train_time:419.469s step_avg:154.67ms
step:2713/3125 train_time:419.621s step_avg:154.67ms
step:2714/3125 train_time:419.774s step_avg:154.67ms
step:2715/3125 train_time:419.928s step_avg:154.67ms
step:2716/3125 train_time:420.080s step_avg:154.67ms
step:2717/3125 train_time:420.233s step_avg:154.67ms
step:2718/3125 train_time:420.386s step_avg:154.67ms
step:2719/3125 train_time:420.539s step_avg:154.67ms
step:2720/3125 train_time:420.693s step_avg:154.67ms
step:2721/3125 train_time:420.847s step_avg:154.67ms
step:2722/3125 train_time:421.000s step_avg:154.67ms
step:2723/3125 train_time:421.153s step_avg:154.67ms
step:2724/3125 train_time:421.306s step_avg:154.66ms
step:2725/3125 train_time:421.460s step_avg:154.66ms
step:2726/3125 train_time:421.613s step_avg:154.66ms
step:2727/3125 train_time:421.767s step_avg:154.66ms
step:2728/3125 train_time:421.919s step_avg:154.66ms
step:2729/3125 train_time:422.073s step_avg:154.66ms
step:2730/3125 train_time:422.226s step_avg:154.66ms
step:2731/3125 train_time:422.378s step_avg:154.66ms
step:2732/3125 train_time:422.532s step_avg:154.66ms
step:2733/3125 train_time:422.685s step_avg:154.66ms
step:2734/3125 train_time:422.838s step_avg:154.66ms
step:2735/3125 train_time:422.991s step_avg:154.66ms
step:2736/3125 train_time:423.145s step_avg:154.66ms
step:2737/3125 train_time:423.297s step_avg:154.66ms
step:2738/3125 train_time:423.450s step_avg:154.66ms
step:2739/3125 train_time:423.603s step_avg:154.66ms
step:2740/3125 train_time:423.757s step_avg:154.66ms
step:2741/3125 train_time:423.911s step_avg:154.66ms
step:2742/3125 train_time:424.065s step_avg:154.66ms
step:2743/3125 train_time:424.218s step_avg:154.65ms
step:2744/3125 train_time:424.371s step_avg:154.65ms
step:2745/3125 train_time:424.524s step_avg:154.65ms
step:2746/3125 train_time:424.677s step_avg:154.65ms
step:2747/3125 train_time:424.830s step_avg:154.65ms
step:2748/3125 train_time:424.983s step_avg:154.65ms
step:2749/3125 train_time:425.135s step_avg:154.65ms
step:2750/3125 train_time:425.288s step_avg:154.65ms
step:2750/3125 val_loss:3.31404 train_time:425.297s step_avg:153.60ms
step:2751/3125 train_time:425.444s step_avg:154.65ms
step:2752/3125 train_time:425.599s step_avg:154.65ms
step:2753/3125 train_time:425.753s step_avg:154.65ms
step:2754/3125 train_time:425.905s step_avg:154.65ms
step:2755/3125 train_time:426.060s step_avg:154.65ms
step:2756/3125 train_time:426.213s step_avg:154.65ms
step:2757/3125 train_time:426.367s step_avg:154.65ms
step:2758/3125 train_time:426.520s step_avg:154.65ms
step:2759/3125 train_time:426.675s step_avg:154.65ms
step:2760/3125 train_time:426.828s step_avg:154.65ms
step:2761/3125 train_time:426.981s step_avg:154.65ms
step:2762/3125 train_time:427.135s step_avg:154.65ms
step:2763/3125 train_time:427.287s step_avg:154.65ms
step:2764/3125 train_time:427.440s step_avg:154.65ms
step:2765/3125 train_time:427.594s step_avg:154.65ms
step:2766/3125 train_time:427.747s step_avg:154.64ms
step:2767/3125 train_time:427.900s step_avg:154.64ms
step:2768/3125 train_time:428.054s step_avg:154.64ms
step:2769/3125 train_time:428.206s step_avg:154.64ms
step:2770/3125 train_time:428.360s step_avg:154.64ms
step:2771/3125 train_time:428.514s step_avg:154.64ms
step:2772/3125 train_time:428.667s step_avg:154.64ms
step:2773/3125 train_time:428.820s step_avg:154.64ms
step:2774/3125 train_time:428.974s step_avg:154.64ms
step:2775/3125 train_time:429.127s step_avg:154.64ms
step:2776/3125 train_time:429.280s step_avg:154.64ms
step:2777/3125 train_time:429.434s step_avg:154.64ms
step:2778/3125 train_time:429.589s step_avg:154.64ms
step:2779/3125 train_time:429.742s step_avg:154.64ms
step:2780/3125 train_time:429.896s step_avg:154.64ms
step:2781/3125 train_time:430.049s step_avg:154.64ms
step:2782/3125 train_time:430.203s step_avg:154.64ms
step:2783/3125 train_time:430.356s step_avg:154.64ms
step:2784/3125 train_time:430.509s step_avg:154.64ms
step:2785/3125 train_time:430.662s step_avg:154.64ms
step:2786/3125 train_time:430.816s step_avg:154.64ms
step:2787/3125 train_time:430.970s step_avg:154.64ms
step:2788/3125 train_time:431.122s step_avg:154.63ms
step:2789/3125 train_time:431.277s step_avg:154.63ms
step:2790/3125 train_time:431.430s step_avg:154.63ms
step:2791/3125 train_time:431.583s step_avg:154.63ms
step:2792/3125 train_time:431.735s step_avg:154.63ms
step:2793/3125 train_time:431.888s step_avg:154.63ms
step:2794/3125 train_time:432.041s step_avg:154.63ms
step:2795/3125 train_time:432.195s step_avg:154.63ms
step:2796/3125 train_time:432.349s step_avg:154.63ms
step:2797/3125 train_time:432.501s step_avg:154.63ms
step:2798/3125 train_time:432.655s step_avg:154.63ms
step:2799/3125 train_time:432.808s step_avg:154.63ms
step:2800/3125 train_time:432.961s step_avg:154.63ms
step:2801/3125 train_time:433.114s step_avg:154.63ms
step:2802/3125 train_time:433.267s step_avg:154.63ms
step:2803/3125 train_time:433.420s step_avg:154.63ms
step:2804/3125 train_time:433.575s step_avg:154.63ms
step:2805/3125 train_time:433.727s step_avg:154.63ms
step:2806/3125 train_time:433.880s step_avg:154.63ms
step:2807/3125 train_time:434.034s step_avg:154.63ms
step:2808/3125 train_time:434.188s step_avg:154.63ms
step:2809/3125 train_time:434.341s step_avg:154.62ms
step:2810/3125 train_time:434.495s step_avg:154.62ms
step:2811/3125 train_time:434.648s step_avg:154.62ms
step:2812/3125 train_time:434.801s step_avg:154.62ms
step:2813/3125 train_time:434.955s step_avg:154.62ms
step:2814/3125 train_time:435.108s step_avg:154.62ms
step:2815/3125 train_time:435.261s step_avg:154.62ms
step:2816/3125 train_time:435.415s step_avg:154.62ms
step:2817/3125 train_time:435.568s step_avg:154.62ms
step:2818/3125 train_time:435.721s step_avg:154.62ms
step:2819/3125 train_time:435.875s step_avg:154.62ms
step:2820/3125 train_time:436.028s step_avg:154.62ms
step:2821/3125 train_time:436.181s step_avg:154.62ms
step:2822/3125 train_time:436.335s step_avg:154.62ms
step:2823/3125 train_time:436.487s step_avg:154.62ms
step:2824/3125 train_time:436.640s step_avg:154.62ms
step:2825/3125 train_time:436.796s step_avg:154.62ms
step:2826/3125 train_time:436.949s step_avg:154.62ms
step:2827/3125 train_time:437.102s step_avg:154.62ms
step:2828/3125 train_time:437.255s step_avg:154.62ms
step:2829/3125 train_time:437.408s step_avg:154.62ms
step:2830/3125 train_time:437.561s step_avg:154.62ms
step:2831/3125 train_time:437.714s step_avg:154.61ms
step:2832/3125 train_time:437.867s step_avg:154.61ms
step:2833/3125 train_time:438.020s step_avg:154.61ms
step:2834/3125 train_time:438.174s step_avg:154.61ms
step:2835/3125 train_time:438.327s step_avg:154.61ms
step:2836/3125 train_time:438.480s step_avg:154.61ms
step:2837/3125 train_time:438.634s step_avg:154.61ms
step:2838/3125 train_time:438.787s step_avg:154.61ms
step:2839/3125 train_time:438.941s step_avg:154.61ms
step:2840/3125 train_time:439.095s step_avg:154.61ms
step:2841/3125 train_time:439.248s step_avg:154.61ms
step:2842/3125 train_time:439.400s step_avg:154.61ms
step:2843/3125 train_time:439.554s step_avg:154.61ms
step:2844/3125 train_time:439.707s step_avg:154.61ms
step:2845/3125 train_time:439.860s step_avg:154.61ms
step:2846/3125 train_time:440.014s step_avg:154.61ms
step:2847/3125 train_time:440.167s step_avg:154.61ms
step:2848/3125 train_time:440.320s step_avg:154.61ms
step:2849/3125 train_time:440.474s step_avg:154.61ms
step:2850/3125 train_time:440.627s step_avg:154.61ms
step:2851/3125 train_time:440.820s step_avg:154.62ms
step:2852/3125 train_time:440.975s step_avg:154.62ms
step:2853/3125 train_time:441.127s step_avg:154.62ms
step:2854/3125 train_time:441.281s step_avg:154.62ms
step:2855/3125 train_time:441.435s step_avg:154.62ms
step:2856/3125 train_time:441.587s step_avg:154.62ms
step:2857/3125 train_time:441.741s step_avg:154.62ms
step:2858/3125 train_time:441.896s step_avg:154.62ms
step:2859/3125 train_time:442.049s step_avg:154.62ms
step:2860/3125 train_time:442.202s step_avg:154.62ms
step:2861/3125 train_time:442.356s step_avg:154.62ms
step:2862/3125 train_time:442.509s step_avg:154.62ms
step:2863/3125 train_time:442.662s step_avg:154.61ms
step:2864/3125 train_time:442.816s step_avg:154.61ms
step:2865/3125 train_time:442.969s step_avg:154.61ms
step:2866/3125 train_time:443.122s step_avg:154.61ms
step:2867/3125 train_time:443.276s step_avg:154.61ms
step:2868/3125 train_time:443.429s step_avg:154.61ms
step:2869/3125 train_time:443.583s step_avg:154.61ms
step:2870/3125 train_time:443.736s step_avg:154.61ms
step:2871/3125 train_time:443.889s step_avg:154.61ms
step:2872/3125 train_time:444.042s step_avg:154.61ms
step:2873/3125 train_time:444.196s step_avg:154.61ms
step:2874/3125 train_time:444.349s step_avg:154.61ms
step:2875/3125 train_time:444.501s step_avg:154.61ms
step:2875/3125 val_loss:3.29879 train_time:444.510s step_avg:153.70ms
step:2876/3125 train_time:444.656s step_avg:154.61ms
step:2877/3125 train_time:444.808s step_avg:154.61ms
step:2878/3125 train_time:444.962s step_avg:154.61ms
step:2879/3125 train_time:445.115s step_avg:154.61ms
step:2880/3125 train_time:445.267s step_avg:154.61ms
step:2881/3125 train_time:445.422s step_avg:154.61ms
step:2882/3125 train_time:445.576s step_avg:154.61ms
step:2883/3125 train_time:445.729s step_avg:154.61ms
step:2884/3125 train_time:445.884s step_avg:154.61ms
step:2885/3125 train_time:446.038s step_avg:154.61ms
step:2886/3125 train_time:446.191s step_avg:154.61ms
step:2887/3125 train_time:446.344s step_avg:154.60ms
step:2888/3125 train_time:446.498s step_avg:154.60ms
step:2889/3125 train_time:446.650s step_avg:154.60ms
step:2890/3125 train_time:446.804s step_avg:154.60ms
step:2891/3125 train_time:446.957s step_avg:154.60ms
step:2892/3125 train_time:447.111s step_avg:154.60ms
step:2893/3125 train_time:447.265s step_avg:154.60ms
step:2894/3125 train_time:447.419s step_avg:154.60ms
step:2895/3125 train_time:447.571s step_avg:154.60ms
step:2896/3125 train_time:447.724s step_avg:154.60ms
step:2897/3125 train_time:447.878s step_avg:154.60ms
step:2898/3125 train_time:448.030s step_avg:154.60ms
step:2899/3125 train_time:448.183s step_avg:154.60ms
step:2900/3125 train_time:448.336s step_avg:154.60ms
step:2901/3125 train_time:448.491s step_avg:154.60ms
step:2902/3125 train_time:448.644s step_avg:154.60ms
step:2903/3125 train_time:448.800s step_avg:154.60ms
step:2904/3125 train_time:448.953s step_avg:154.60ms
step:2905/3125 train_time:449.106s step_avg:154.60ms
step:2906/3125 train_time:449.259s step_avg:154.60ms
step:2907/3125 train_time:449.412s step_avg:154.60ms
step:2908/3125 train_time:449.564s step_avg:154.60ms
step:2909/3125 train_time:449.719s step_avg:154.60ms
step:2910/3125 train_time:449.872s step_avg:154.60ms
step:2911/3125 train_time:450.025s step_avg:154.59ms
step:2912/3125 train_time:450.179s step_avg:154.59ms
step:2913/3125 train_time:450.331s step_avg:154.59ms
step:2914/3125 train_time:450.485s step_avg:154.59ms
step:2915/3125 train_time:450.639s step_avg:154.59ms
step:2916/3125 train_time:450.792s step_avg:154.59ms
step:2917/3125 train_time:450.945s step_avg:154.59ms
step:2918/3125 train_time:451.100s step_avg:154.59ms
step:2919/3125 train_time:451.252s step_avg:154.59ms
step:2920/3125 train_time:451.405s step_avg:154.59ms
step:2921/3125 train_time:451.558s step_avg:154.59ms
step:2922/3125 train_time:451.711s step_avg:154.59ms
step:2923/3125 train_time:451.865s step_avg:154.59ms
step:2924/3125 train_time:452.019s step_avg:154.59ms
step:2925/3125 train_time:452.172s step_avg:154.59ms
step:2926/3125 train_time:452.325s step_avg:154.59ms
step:2927/3125 train_time:452.479s step_avg:154.59ms
step:2928/3125 train_time:452.632s step_avg:154.59ms
step:2929/3125 train_time:452.785s step_avg:154.59ms
step:2930/3125 train_time:452.938s step_avg:154.59ms
step:2931/3125 train_time:453.091s step_avg:154.59ms
step:2932/3125 train_time:453.244s step_avg:154.59ms
step:2933/3125 train_time:453.399s step_avg:154.59ms
step:2934/3125 train_time:453.551s step_avg:154.58ms
step:2935/3125 train_time:453.704s step_avg:154.58ms
step:2936/3125 train_time:453.857s step_avg:154.58ms
step:2937/3125 train_time:454.010s step_avg:154.58ms
step:2938/3125 train_time:454.164s step_avg:154.58ms
step:2939/3125 train_time:454.318s step_avg:154.58ms
step:2940/3125 train_time:454.471s step_avg:154.58ms
step:2941/3125 train_time:454.625s step_avg:154.58ms
step:2942/3125 train_time:454.779s step_avg:154.58ms
step:2943/3125 train_time:454.931s step_avg:154.58ms
step:2944/3125 train_time:455.084s step_avg:154.58ms
step:2945/3125 train_time:455.237s step_avg:154.58ms
step:2946/3125 train_time:455.390s step_avg:154.58ms
step:2947/3125 train_time:455.544s step_avg:154.58ms
step:2948/3125 train_time:455.698s step_avg:154.58ms
step:2949/3125 train_time:455.852s step_avg:154.58ms
step:2950/3125 train_time:456.004s step_avg:154.58ms
step:2951/3125 train_time:456.158s step_avg:154.58ms
step:2952/3125 train_time:456.311s step_avg:154.58ms
step:2953/3125 train_time:456.463s step_avg:154.58ms
step:2954/3125 train_time:456.617s step_avg:154.58ms
step:2955/3125 train_time:456.769s step_avg:154.58ms
step:2956/3125 train_time:456.923s step_avg:154.57ms
step:2957/3125 train_time:457.076s step_avg:154.57ms
step:2958/3125 train_time:457.228s step_avg:154.57ms
step:2959/3125 train_time:457.382s step_avg:154.57ms
step:2960/3125 train_time:457.535s step_avg:154.57ms
step:2961/3125 train_time:457.688s step_avg:154.57ms
step:2962/3125 train_time:457.843s step_avg:154.57ms
step:2963/3125 train_time:457.997s step_avg:154.57ms
step:2964/3125 train_time:458.150s step_avg:154.57ms
step:2965/3125 train_time:458.304s step_avg:154.57ms
step:2966/3125 train_time:458.457s step_avg:154.57ms
step:2967/3125 train_time:458.610s step_avg:154.57ms
step:2968/3125 train_time:458.763s step_avg:154.57ms
step:2969/3125 train_time:458.916s step_avg:154.57ms
step:2970/3125 train_time:459.069s step_avg:154.57ms
step:2971/3125 train_time:459.223s step_avg:154.57ms
step:2972/3125 train_time:459.377s step_avg:154.57ms
step:2973/3125 train_time:459.530s step_avg:154.57ms
step:2974/3125 train_time:459.684s step_avg:154.57ms
step:2975/3125 train_time:459.837s step_avg:154.57ms
step:2976/3125 train_time:459.990s step_avg:154.57ms
step:2977/3125 train_time:460.144s step_avg:154.57ms
step:2978/3125 train_time:460.297s step_avg:154.57ms
step:2979/3125 train_time:460.450s step_avg:154.57ms
step:2980/3125 train_time:460.606s step_avg:154.57ms
step:2981/3125 train_time:460.759s step_avg:154.57ms
step:2982/3125 train_time:460.913s step_avg:154.57ms
step:2983/3125 train_time:461.066s step_avg:154.56ms
step:2984/3125 train_time:461.220s step_avg:154.56ms
step:2985/3125 train_time:461.374s step_avg:154.56ms
step:2986/3125 train_time:461.526s step_avg:154.56ms
step:2987/3125 train_time:461.680s step_avg:154.56ms
step:2988/3125 train_time:461.832s step_avg:154.56ms
step:2989/3125 train_time:461.985s step_avg:154.56ms
step:2990/3125 train_time:462.139s step_avg:154.56ms
step:2991/3125 train_time:462.291s step_avg:154.56ms
step:2992/3125 train_time:462.444s step_avg:154.56ms
step:2993/3125 train_time:462.597s step_avg:154.56ms
step:2994/3125 train_time:462.750s step_avg:154.56ms
step:2995/3125 train_time:462.904s step_avg:154.56ms
step:2996/3125 train_time:463.058s step_avg:154.56ms
step:2997/3125 train_time:463.211s step_avg:154.56ms
step:2998/3125 train_time:463.364s step_avg:154.56ms
step:2999/3125 train_time:463.518s step_avg:154.56ms
step:3000/3125 train_time:463.670s step_avg:154.56ms
step:3000/3125 val_loss:3.28574 train_time:463.679s step_avg:153.35ms
step:3001/3125 train_time:463.826s step_avg:154.56ms
step:3002/3125 train_time:463.979s step_avg:154.56ms
step:3003/3125 train_time:464.132s step_avg:154.56ms
step:3004/3125 train_time:464.285s step_avg:154.56ms
step:3005/3125 train_time:464.437s step_avg:154.55ms
step:3006/3125 train_time:464.590s step_avg:154.55ms
step:3007/3125 train_time:464.743s step_avg:154.55ms
step:3008/3125 train_time:464.896s step_avg:154.55ms
step:3009/3125 train_time:465.051s step_avg:154.55ms
step:3010/3125 train_time:465.204s step_avg:154.55ms
step:3011/3125 train_time:465.356s step_avg:154.55ms
step:3012/3125 train_time:465.509s step_avg:154.55ms
step:3013/3125 train_time:465.662s step_avg:154.55ms
step:3014/3125 train_time:465.815s step_avg:154.55ms
step:3015/3125 train_time:465.970s step_avg:154.55ms
step:3016/3125 train_time:466.123s step_avg:154.55ms
step:3017/3125 train_time:466.275s step_avg:154.55ms
step:3018/3125 train_time:466.429s step_avg:154.55ms
step:3019/3125 train_time:466.582s step_avg:154.55ms
step:3020/3125 train_time:466.735s step_avg:154.55ms
step:3021/3125 train_time:466.888s step_avg:154.55ms
step:3022/3125 train_time:467.041s step_avg:154.55ms
step:3023/3125 train_time:467.194s step_avg:154.55ms
step:3024/3125 train_time:467.349s step_avg:154.55ms
step:3025/3125 train_time:467.502s step_avg:154.55ms
step:3026/3125 train_time:467.655s step_avg:154.55ms
step:3027/3125 train_time:467.809s step_avg:154.55ms
step:3028/3125 train_time:467.962s step_avg:154.54ms
step:3029/3125 train_time:468.114s step_avg:154.54ms
step:3030/3125 train_time:468.268s step_avg:154.54ms
step:3031/3125 train_time:468.421s step_avg:154.54ms
step:3032/3125 train_time:468.574s step_avg:154.54ms
step:3033/3125 train_time:468.728s step_avg:154.54ms
step:3034/3125 train_time:468.881s step_avg:154.54ms
step:3035/3125 train_time:469.034s step_avg:154.54ms
step:3036/3125 train_time:469.187s step_avg:154.54ms
step:3037/3125 train_time:469.340s step_avg:154.54ms
step:3038/3125 train_time:469.493s step_avg:154.54ms
step:3039/3125 train_time:469.647s step_avg:154.54ms
step:3040/3125 train_time:469.800s step_avg:154.54ms
step:3041/3125 train_time:469.995s step_avg:154.55ms
step:3042/3125 train_time:470.149s step_avg:154.55ms
step:3043/3125 train_time:470.302s step_avg:154.55ms
step:3044/3125 train_time:470.455s step_avg:154.55ms
step:3045/3125 train_time:470.609s step_avg:154.55ms
step:3046/3125 train_time:470.762s step_avg:154.55ms
step:3047/3125 train_time:470.916s step_avg:154.55ms
step:3048/3125 train_time:471.069s step_avg:154.55ms
step:3049/3125 train_time:471.223s step_avg:154.55ms
step:3050/3125 train_time:471.375s step_avg:154.55ms
step:3051/3125 train_time:471.530s step_avg:154.55ms
step:3052/3125 train_time:471.683s step_avg:154.55ms
step:3053/3125 train_time:471.837s step_avg:154.55ms
step:3054/3125 train_time:471.989s step_avg:154.55ms
step:3055/3125 train_time:472.143s step_avg:154.55ms
step:3056/3125 train_time:472.295s step_avg:154.55ms
step:3057/3125 train_time:472.450s step_avg:154.55ms
step:3058/3125 train_time:472.603s step_avg:154.55ms
step:3059/3125 train_time:472.757s step_avg:154.55ms
step:3060/3125 train_time:472.912s step_avg:154.55ms
step:3061/3125 train_time:473.065s step_avg:154.55ms
step:3062/3125 train_time:473.218s step_avg:154.55ms
step:3063/3125 train_time:473.371s step_avg:154.54ms
step:3064/3125 train_time:473.526s step_avg:154.55ms
step:3065/3125 train_time:473.679s step_avg:154.54ms
step:3066/3125 train_time:473.833s step_avg:154.54ms
step:3067/3125 train_time:473.987s step_avg:154.54ms
step:3068/3125 train_time:474.140s step_avg:154.54ms
step:3069/3125 train_time:474.293s step_avg:154.54ms
step:3070/3125 train_time:474.448s step_avg:154.54ms
step:3071/3125 train_time:474.601s step_avg:154.54ms
step:3072/3125 train_time:474.754s step_avg:154.54ms
step:3073/3125 train_time:474.908s step_avg:154.54ms
step:3074/3125 train_time:475.060s step_avg:154.54ms
step:3075/3125 train_time:475.214s step_avg:154.54ms
step:3076/3125 train_time:475.368s step_avg:154.54ms
step:3077/3125 train_time:475.521s step_avg:154.54ms
step:3078/3125 train_time:475.674s step_avg:154.54ms
step:3079/3125 train_time:475.828s step_avg:154.54ms
step:3080/3125 train_time:475.981s step_avg:154.54ms
step:3081/3125 train_time:476.135s step_avg:154.54ms
step:3082/3125 train_time:476.289s step_avg:154.54ms
step:3083/3125 train_time:476.442s step_avg:154.54ms
step:3084/3125 train_time:476.594s step_avg:154.54ms
step:3085/3125 train_time:476.749s step_avg:154.54ms
step:3086/3125 train_time:476.902s step_avg:154.54ms
step:3087/3125 train_time:477.055s step_avg:154.54ms
step:3088/3125 train_time:477.209s step_avg:154.54ms
step:3089/3125 train_time:477.362s step_avg:154.54ms
step:3090/3125 train_time:477.515s step_avg:154.54ms
step:3091/3125 train_time:477.669s step_avg:154.54ms
step:3092/3125 train_time:477.822s step_avg:154.53ms
step:3093/3125 train_time:477.976s step_avg:154.53ms
step:3094/3125 train_time:478.129s step_avg:154.53ms
step:3095/3125 train_time:478.283s step_avg:154.53ms
step:3096/3125 train_time:478.436s step_avg:154.53ms
step:3097/3125 train_time:478.591s step_avg:154.53ms
step:3098/3125 train_time:478.743s step_avg:154.53ms
step:3099/3125 train_time:478.896s step_avg:154.53ms
step:3100/3125 train_time:479.050s step_avg:154.53ms
step:3101/3125 train_time:479.204s step_avg:154.53ms
step:3102/3125 train_time:479.356s step_avg:154.53ms
step:3103/3125 train_time:479.510s step_avg:154.53ms
step:3104/3125 train_time:479.663s step_avg:154.53ms
step:3105/3125 train_time:479.816s step_avg:154.53ms
step:3106/3125 train_time:479.969s step_avg:154.53ms
step:3107/3125 train_time:480.123s step_avg:154.53ms
step:3108/3125 train_time:480.276s step_avg:154.53ms
step:3109/3125 train_time:480.429s step_avg:154.53ms
step:3110/3125 train_time:480.583s step_avg:154.53ms
step:3111/3125 train_time:480.736s step_avg:154.53ms
step:3112/3125 train_time:480.890s step_avg:154.53ms
step:3113/3125 train_time:481.044s step_avg:154.53ms
step:3114/3125 train_time:481.197s step_avg:154.53ms
step:3115/3125 train_time:481.351s step_avg:154.53ms
step:3116/3125 train_time:481.505s step_avg:154.53ms
step:3117/3125 train_time:481.658s step_avg:154.53ms
step:3118/3125 train_time:481.812s step_avg:154.53ms
step:3119/3125 train_time:481.965s step_avg:154.53ms
step:3120/3125 train_time:482.118s step_avg:154.53ms
step:3121/3125 train_time:482.272s step_avg:154.52ms
step:3122/3125 train_time:482.426s step_avg:154.52ms
step:3123/3125 train_time:482.579s step_avg:154.52ms
step:3124/3125 train_time:482.733s step_avg:154.52ms
step:3125/3125 train_time:482.887s step_avg:154.52ms
step:3125/3125 val_loss:3.27836 train_time:482.895s step_avg:153.73ms
