==== 2026-08-25T01:32:08.650008Z C1_s44e28 ANNEAL seed=0 age 44.0->28.0 frac=1.0 ====
cd /root/modded-nanogpt && /root/venv/bin/torchrun --standalone --nproc_per_node=8 --master_port=29511 -- records/track_3_optimization/results/20260715_bimaxwell_baseline_3210/train_gpt_kmaxwell_anneal.py --seed 0 --start 1000 --k 8 --tau-min 3.0 --tau-max 56.0 --weights 0.011887,0.023774,0.035661,0.047547,0.059434,0.071321,0.083208,0.667169 --weights-end 0.027736,0.055472,0.083208,0.110944,0.138680,0.166416,0.194152,0.223393 --anneal-frac 1.0
W0825 01:32:09.765000 13644 torch/distributed/run.py:852] 
W0825 01:32:09.765000 13644 torch/distributed/run.py:852] *****************************************
W0825 01:32:09.765000 13644 torch/distributed/run.py:852] Setting OMP_NUM_THREADS environment variable for each process to be 1 in default, to avoid your system being overloaded, please further tune the variable for optimal performance in your application as needed. 
W0825 01:32:09.765000 13644 torch/distributed/run.py:852] *****************************************
logs/58bda290-ae85-4aef-ac9b-7d06403e0073.txt
step:0/3250 val_loss:10.82584 train_time:0.000s step_avg:nanms
step:1/3250 train_time:3.205s step_avg:3204.65ms
step:2/3250 train_time:3.339s step_avg:1669.31ms
step:3/3250 train_time:3.490s step_avg:1163.40ms
step:4/3250 train_time:3.643s step_avg:910.83ms
step:5/3250 train_time:3.797s step_avg:759.48ms
step:6/3250 train_time:3.951s step_avg:658.53ms
step:7/3250 train_time:4.105s step_avg:586.46ms
step:8/3250 train_time:4.261s step_avg:532.62ms
step:9/3250 train_time:4.418s step_avg:490.86ms
step:10/3250 train_time:4.572s step_avg:457.16ms
step:11/3250 train_time:4.725s step_avg:429.52ms
step:12/3250 train_time:4.880s step_avg:406.63ms
step:13/3250 train_time:5.035s step_avg:387.28ms
step:14/3250 train_time:5.189s step_avg:370.64ms
step:15/3250 train_time:5.344s step_avg:356.24ms
step:16/3250 train_time:5.499s step_avg:343.67ms
step:17/3250 train_time:5.654s step_avg:332.57ms
step:18/3250 train_time:5.808s step_avg:322.66ms
step:19/3250 train_time:5.963s step_avg:313.82ms
step:20/3250 train_time:6.118s step_avg:305.88ms
step:21/3250 train_time:6.274s step_avg:298.75ms
step:22/3250 train_time:6.429s step_avg:292.24ms
step:23/3250 train_time:6.583s step_avg:286.22ms
step:24/3250 train_time:6.738s step_avg:280.76ms
step:25/3250 train_time:6.892s step_avg:275.68ms
step:26/3250 train_time:7.047s step_avg:271.04ms
step:27/3250 train_time:7.201s step_avg:266.70ms
step:28/3250 train_time:7.357s step_avg:262.75ms
step:29/3250 train_time:7.513s step_avg:259.07ms
step:30/3250 train_time:7.668s step_avg:255.59ms
step:31/3250 train_time:7.822s step_avg:252.31ms
step:32/3250 train_time:7.979s step_avg:249.35ms
step:33/3250 train_time:8.134s step_avg:246.50ms
step:34/3250 train_time:8.288s step_avg:243.77ms
step:35/3250 train_time:8.442s step_avg:241.21ms
step:36/3250 train_time:8.598s step_avg:238.83ms
step:37/3250 train_time:8.753s step_avg:236.58ms
step:38/3250 train_time:8.908s step_avg:234.41ms
step:39/3250 train_time:9.062s step_avg:232.36ms
step:40/3250 train_time:9.219s step_avg:230.47ms
step:41/3250 train_time:9.375s step_avg:228.65ms
step:42/3250 train_time:9.530s step_avg:226.90ms
step:43/3250 train_time:9.684s step_avg:225.21ms
step:44/3250 train_time:9.839s step_avg:223.62ms
step:45/3250 train_time:9.993s step_avg:222.07ms
step:46/3250 train_time:10.148s step_avg:220.61ms
step:47/3250 train_time:10.302s step_avg:219.19ms
step:48/3250 train_time:10.458s step_avg:217.87ms
step:49/3250 train_time:10.615s step_avg:216.64ms
step:50/3250 train_time:10.771s step_avg:215.42ms
step:51/3250 train_time:10.926s step_avg:214.23ms
step:52/3250 train_time:11.080s step_avg:213.08ms
step:53/3250 train_time:11.236s step_avg:212.00ms
step:54/3250 train_time:11.390s step_avg:210.93ms
step:55/3250 train_time:11.546s step_avg:209.92ms
step:56/3250 train_time:11.701s step_avg:208.95ms
step:57/3250 train_time:11.857s step_avg:208.02ms
step:58/3250 train_time:12.013s step_avg:207.12ms
step:59/3250 train_time:12.167s step_avg:206.22ms
step:60/3250 train_time:12.320s step_avg:205.34ms
step:61/3250 train_time:12.476s step_avg:204.53ms
step:62/3250 train_time:12.633s step_avg:203.76ms
step:63/3250 train_time:12.787s step_avg:202.98ms
step:64/3250 train_time:12.941s step_avg:202.21ms
step:65/3250 train_time:13.097s step_avg:201.49ms
step:66/3250 train_time:13.253s step_avg:200.81ms
step:67/3250 train_time:13.408s step_avg:200.12ms
step:68/3250 train_time:13.563s step_avg:199.46ms
step:69/3250 train_time:13.719s step_avg:198.82ms
step:70/3250 train_time:13.875s step_avg:198.21ms
step:71/3250 train_time:14.030s step_avg:197.60ms
step:72/3250 train_time:14.184s step_avg:197.00ms
step:73/3250 train_time:14.340s step_avg:196.43ms
step:74/3250 train_time:14.495s step_avg:195.87ms
step:75/3250 train_time:14.649s step_avg:195.32ms
step:76/3250 train_time:14.802s step_avg:194.77ms
step:77/3250 train_time:14.959s step_avg:194.27ms
step:78/3250 train_time:15.114s step_avg:193.77ms
step:79/3250 train_time:15.270s step_avg:193.29ms
step:80/3250 train_time:15.424s step_avg:192.80ms
step:81/3250 train_time:15.580s step_avg:192.34ms
step:82/3250 train_time:15.734s step_avg:191.87ms
step:83/3250 train_time:15.888s step_avg:191.42ms
step:84/3250 train_time:16.044s step_avg:191.00ms
step:85/3250 train_time:16.201s step_avg:190.60ms
step:86/3250 train_time:16.359s step_avg:190.22ms
step:87/3250 train_time:16.513s step_avg:189.81ms
step:88/3250 train_time:16.669s step_avg:189.42ms
step:89/3250 train_time:16.822s step_avg:189.01ms
step:90/3250 train_time:16.978s step_avg:188.64ms
step:91/3250 train_time:17.133s step_avg:188.27ms
step:92/3250 train_time:17.286s step_avg:187.89ms
step:93/3250 train_time:17.441s step_avg:187.53ms
step:94/3250 train_time:17.596s step_avg:187.19ms
step:95/3250 train_time:17.753s step_avg:186.87ms
step:96/3250 train_time:17.909s step_avg:186.55ms
step:97/3250 train_time:18.063s step_avg:186.22ms
step:98/3250 train_time:18.218s step_avg:185.90ms
step:99/3250 train_time:18.373s step_avg:185.59ms
step:100/3250 train_time:18.527s step_avg:185.27ms
step:101/3250 train_time:18.681s step_avg:184.97ms
step:102/3250 train_time:18.837s step_avg:184.68ms
step:103/3250 train_time:18.992s step_avg:184.39ms
step:104/3250 train_time:19.147s step_avg:184.10ms
step:105/3250 train_time:19.301s step_avg:183.82ms
step:106/3250 train_time:19.457s step_avg:183.56ms
step:107/3250 train_time:19.612s step_avg:183.29ms
step:108/3250 train_time:19.766s step_avg:183.02ms
step:109/3250 train_time:19.919s step_avg:182.75ms
step:110/3250 train_time:20.074s step_avg:182.49ms
step:111/3250 train_time:20.229s step_avg:182.24ms
step:112/3250 train_time:20.383s step_avg:181.99ms
step:113/3250 train_time:20.538s step_avg:181.75ms
step:114/3250 train_time:20.693s step_avg:181.51ms
step:115/3250 train_time:20.846s step_avg:181.27ms
step:116/3250 train_time:21.000s step_avg:181.04ms
step:117/3250 train_time:21.156s step_avg:180.82ms
step:118/3250 train_time:21.310s step_avg:180.59ms
step:119/3250 train_time:21.465s step_avg:180.37ms
step:120/3250 train_time:21.619s step_avg:180.16ms
step:121/3250 train_time:21.774s step_avg:179.95ms
step:122/3250 train_time:21.929s step_avg:179.75ms
step:123/3250 train_time:22.084s step_avg:179.55ms
step:124/3250 train_time:22.240s step_avg:179.36ms
step:125/3250 train_time:22.395s step_avg:179.16ms
step:125/3250 val_loss:4.58379 train_time:22.408s step_avg:179.26ms
step:126/3250 train_time:22.553s step_avg:179.00ms
step:127/3250 train_time:22.707s step_avg:178.79ms
step:128/3250 train_time:22.861s step_avg:178.60ms
step:129/3250 train_time:23.015s step_avg:178.41ms
step:130/3250 train_time:23.169s step_avg:178.22ms
step:131/3250 train_time:23.322s step_avg:178.03ms
step:132/3250 train_time:23.477s step_avg:177.85ms
step:133/3250 train_time:23.632s step_avg:177.68ms
step:134/3250 train_time:23.787s step_avg:177.51ms
step:135/3250 train_time:23.941s step_avg:177.34ms
step:136/3250 train_time:24.096s step_avg:177.18ms
step:137/3250 train_time:24.250s step_avg:177.01ms
step:138/3250 train_time:24.404s step_avg:176.84ms
step:139/3250 train_time:24.561s step_avg:176.70ms
step:140/3250 train_time:24.715s step_avg:176.53ms
step:141/3250 train_time:24.868s step_avg:176.37ms
step:142/3250 train_time:25.023s step_avg:176.22ms
step:143/3250 train_time:25.179s step_avg:176.08ms
step:144/3250 train_time:25.334s step_avg:175.93ms
step:145/3250 train_time:25.490s step_avg:175.79ms
step:146/3250 train_time:25.643s step_avg:175.63ms
step:147/3250 train_time:25.798s step_avg:175.50ms
step:148/3250 train_time:25.953s step_avg:175.36ms
step:149/3250 train_time:26.107s step_avg:175.22ms
step:150/3250 train_time:26.262s step_avg:175.08ms
step:151/3250 train_time:26.417s step_avg:174.95ms
step:152/3250 train_time:26.573s step_avg:174.82ms
step:153/3250 train_time:26.727s step_avg:174.68ms
step:154/3250 train_time:26.882s step_avg:174.56ms
step:155/3250 train_time:27.036s step_avg:174.43ms
step:156/3250 train_time:27.192s step_avg:174.31ms
step:157/3250 train_time:27.345s step_avg:174.17ms
step:158/3250 train_time:27.504s step_avg:174.08ms
step:159/3250 train_time:27.659s step_avg:173.96ms
step:160/3250 train_time:27.813s step_avg:173.83ms
step:161/3250 train_time:27.967s step_avg:173.71ms
step:162/3250 train_time:28.121s step_avg:173.59ms
step:163/3250 train_time:28.276s step_avg:173.47ms
step:164/3250 train_time:28.432s step_avg:173.37ms
step:165/3250 train_time:28.586s step_avg:173.25ms
step:166/3250 train_time:28.741s step_avg:173.14ms
step:167/3250 train_time:28.896s step_avg:173.03ms
step:168/3250 train_time:29.049s step_avg:172.91ms
step:169/3250 train_time:29.203s step_avg:172.80ms
step:170/3250 train_time:29.359s step_avg:172.70ms
step:171/3250 train_time:29.514s step_avg:172.60ms
step:172/3250 train_time:29.668s step_avg:172.49ms
step:173/3250 train_time:29.822s step_avg:172.38ms
step:174/3250 train_time:29.978s step_avg:172.28ms
step:175/3250 train_time:30.133s step_avg:172.19ms
step:176/3250 train_time:30.288s step_avg:172.09ms
step:177/3250 train_time:30.442s step_avg:171.99ms
step:178/3250 train_time:30.597s step_avg:171.90ms
step:179/3250 train_time:30.753s step_avg:171.80ms
step:180/3250 train_time:30.905s step_avg:171.70ms
step:181/3250 train_time:31.062s step_avg:171.61ms
step:182/3250 train_time:31.217s step_avg:171.52ms
step:183/3250 train_time:31.373s step_avg:171.44ms
step:184/3250 train_time:31.526s step_avg:171.34ms
step:185/3250 train_time:31.682s step_avg:171.25ms
step:186/3250 train_time:31.837s step_avg:171.17ms
step:187/3250 train_time:31.992s step_avg:171.08ms
step:188/3250 train_time:32.145s step_avg:170.98ms
step:189/3250 train_time:32.300s step_avg:170.90ms
step:190/3250 train_time:32.456s step_avg:170.82ms
step:191/3250 train_time:32.746s step_avg:171.45ms
step:192/3250 train_time:32.901s step_avg:171.36ms
step:193/3250 train_time:33.055s step_avg:171.27ms
step:194/3250 train_time:33.208s step_avg:171.17ms
step:195/3250 train_time:33.362s step_avg:171.09ms
step:196/3250 train_time:33.516s step_avg:171.00ms
step:197/3250 train_time:33.673s step_avg:170.93ms
step:198/3250 train_time:33.826s step_avg:170.84ms
step:199/3250 train_time:33.982s step_avg:170.76ms
step:200/3250 train_time:34.137s step_avg:170.68ms
step:201/3250 train_time:34.291s step_avg:170.60ms
step:202/3250 train_time:34.443s step_avg:170.51ms
step:203/3250 train_time:34.600s step_avg:170.44ms
step:204/3250 train_time:34.755s step_avg:170.37ms
step:205/3250 train_time:34.908s step_avg:170.28ms
step:206/3250 train_time:35.063s step_avg:170.21ms
step:207/3250 train_time:35.217s step_avg:170.13ms
step:208/3250 train_time:35.371s step_avg:170.05ms
step:209/3250 train_time:35.526s step_avg:169.98ms
step:210/3250 train_time:35.682s step_avg:169.91ms
step:211/3250 train_time:35.837s step_avg:169.84ms
step:212/3250 train_time:35.993s step_avg:169.78ms
step:213/3250 train_time:36.147s step_avg:169.70ms
step:214/3250 train_time:36.302s step_avg:169.64ms
step:215/3250 train_time:36.457s step_avg:169.57ms
step:216/3250 train_time:36.611s step_avg:169.49ms
step:217/3250 train_time:36.765s step_avg:169.42ms
step:218/3250 train_time:36.919s step_avg:169.35ms
step:219/3250 train_time:37.075s step_avg:169.29ms
step:220/3250 train_time:37.229s step_avg:169.22ms
step:221/3250 train_time:37.383s step_avg:169.15ms
step:222/3250 train_time:37.539s step_avg:169.09ms
step:223/3250 train_time:37.694s step_avg:169.03ms
step:224/3250 train_time:37.848s step_avg:168.96ms
step:225/3250 train_time:38.002s step_avg:168.90ms
step:226/3250 train_time:38.157s step_avg:168.84ms
step:227/3250 train_time:38.311s step_avg:168.77ms
step:228/3250 train_time:38.465s step_avg:168.71ms
step:229/3250 train_time:38.621s step_avg:168.65ms
step:230/3250 train_time:38.776s step_avg:168.59ms
step:231/3250 train_time:38.929s step_avg:168.53ms
step:232/3250 train_time:39.084s step_avg:168.47ms
step:233/3250 train_time:39.238s step_avg:168.40ms
step:234/3250 train_time:39.393s step_avg:168.35ms
step:235/3250 train_time:39.546s step_avg:168.28ms
step:236/3250 train_time:39.702s step_avg:168.23ms
step:237/3250 train_time:39.856s step_avg:168.17ms
step:238/3250 train_time:40.011s step_avg:168.12ms
step:239/3250 train_time:40.165s step_avg:168.06ms
step:240/3250 train_time:40.321s step_avg:168.00ms
step:241/3250 train_time:40.476s step_avg:167.95ms
step:242/3250 train_time:40.630s step_avg:167.89ms
step:243/3250 train_time:40.783s step_avg:167.83ms
step:244/3250 train_time:40.938s step_avg:167.78ms
step:245/3250 train_time:41.094s step_avg:167.73ms
step:246/3250 train_time:41.248s step_avg:167.68ms
step:247/3250 train_time:41.403s step_avg:167.62ms
step:248/3250 train_time:41.558s step_avg:167.57ms
step:249/3250 train_time:41.712s step_avg:167.52ms
step:250/3250 train_time:41.866s step_avg:167.46ms
step:250/3250 val_loss:4.09599 train_time:41.878s step_avg:155.76ms
step:251/3250 train_time:42.026s step_avg:167.43ms
step:252/3250 train_time:42.179s step_avg:167.38ms
step:253/3250 train_time:42.333s step_avg:167.32ms
step:254/3250 train_time:42.487s step_avg:167.27ms
step:255/3250 train_time:42.640s step_avg:167.22ms
step:256/3250 train_time:42.796s step_avg:167.17ms
step:257/3250 train_time:42.950s step_avg:167.12ms
step:258/3250 train_time:43.109s step_avg:167.09ms
step:259/3250 train_time:43.264s step_avg:167.04ms
step:260/3250 train_time:43.418s step_avg:166.99ms
step:261/3250 train_time:43.571s step_avg:166.94ms
step:262/3250 train_time:43.728s step_avg:166.90ms
step:263/3250 train_time:43.883s step_avg:166.85ms
step:264/3250 train_time:44.037s step_avg:166.81ms
step:265/3250 train_time:44.192s step_avg:166.76ms
step:266/3250 train_time:44.345s step_avg:166.71ms
step:267/3250 train_time:44.501s step_avg:166.67ms
step:268/3250 train_time:44.656s step_avg:166.63ms
step:269/3250 train_time:44.810s step_avg:166.58ms
step:270/3250 train_time:44.966s step_avg:166.54ms
step:271/3250 train_time:45.120s step_avg:166.49ms
step:272/3250 train_time:45.273s step_avg:166.45ms
step:273/3250 train_time:45.428s step_avg:166.40ms
step:274/3250 train_time:45.583s step_avg:166.36ms
step:275/3250 train_time:45.739s step_avg:166.32ms
step:276/3250 train_time:45.891s step_avg:166.27ms
step:277/3250 train_time:46.046s step_avg:166.23ms
step:278/3250 train_time:46.201s step_avg:166.19ms
step:279/3250 train_time:46.355s step_avg:166.15ms
step:280/3250 train_time:46.508s step_avg:166.10ms
step:281/3250 train_time:46.662s step_avg:166.06ms
step:282/3250 train_time:46.818s step_avg:166.02ms
step:283/3250 train_time:46.970s step_avg:165.97ms
step:284/3250 train_time:47.127s step_avg:165.94ms
step:285/3250 train_time:47.281s step_avg:165.90ms
step:286/3250 train_time:47.436s step_avg:165.86ms
step:287/3250 train_time:47.590s step_avg:165.82ms
step:288/3250 train_time:47.745s step_avg:165.78ms
step:289/3250 train_time:47.901s step_avg:165.75ms
step:290/3250 train_time:48.054s step_avg:165.70ms
step:291/3250 train_time:48.208s step_avg:165.66ms
step:292/3250 train_time:48.363s step_avg:165.63ms
step:293/3250 train_time:48.519s step_avg:165.60ms
step:294/3250 train_time:48.674s step_avg:165.56ms
step:295/3250 train_time:48.828s step_avg:165.52ms
step:296/3250 train_time:48.985s step_avg:165.49ms
step:297/3250 train_time:49.139s step_avg:165.45ms
step:298/3250 train_time:49.294s step_avg:165.41ms
step:299/3250 train_time:49.448s step_avg:165.38ms
step:300/3250 train_time:49.602s step_avg:165.34ms
step:301/3250 train_time:49.756s step_avg:165.30ms
step:302/3250 train_time:49.910s step_avg:165.27ms
step:303/3250 train_time:50.066s step_avg:165.23ms
step:304/3250 train_time:50.221s step_avg:165.20ms
step:305/3250 train_time:50.375s step_avg:165.16ms
step:306/3250 train_time:50.529s step_avg:165.13ms
step:307/3250 train_time:50.685s step_avg:165.10ms
step:308/3250 train_time:50.839s step_avg:165.06ms
step:309/3250 train_time:50.992s step_avg:165.02ms
step:310/3250 train_time:51.147s step_avg:164.99ms
step:311/3250 train_time:51.302s step_avg:164.96ms
step:312/3250 train_time:51.457s step_avg:164.93ms
step:313/3250 train_time:51.611s step_avg:164.89ms
step:314/3250 train_time:51.766s step_avg:164.86ms
step:315/3250 train_time:51.920s step_avg:164.83ms
step:316/3250 train_time:52.074s step_avg:164.79ms
step:317/3250 train_time:52.228s step_avg:164.76ms
step:318/3250 train_time:52.384s step_avg:164.73ms
step:319/3250 train_time:52.537s step_avg:164.69ms
step:320/3250 train_time:52.691s step_avg:164.66ms
step:321/3250 train_time:52.845s step_avg:164.63ms
step:322/3250 train_time:53.001s step_avg:164.60ms
step:323/3250 train_time:53.154s step_avg:164.56ms
step:324/3250 train_time:53.308s step_avg:164.53ms
step:325/3250 train_time:53.463s step_avg:164.50ms
step:326/3250 train_time:53.618s step_avg:164.47ms
step:327/3250 train_time:53.771s step_avg:164.44ms
step:328/3250 train_time:53.926s step_avg:164.41ms
step:329/3250 train_time:54.081s step_avg:164.38ms
step:330/3250 train_time:54.234s step_avg:164.35ms
step:331/3250 train_time:54.388s step_avg:164.31ms
step:332/3250 train_time:54.543s step_avg:164.29ms
step:333/3250 train_time:54.701s step_avg:164.27ms
step:334/3250 train_time:54.854s step_avg:164.23ms
step:335/3250 train_time:55.008s step_avg:164.20ms
step:336/3250 train_time:55.163s step_avg:164.18ms
step:337/3250 train_time:55.317s step_avg:164.15ms
step:338/3250 train_time:55.471s step_avg:164.11ms
step:339/3250 train_time:55.627s step_avg:164.09ms
step:340/3250 train_time:55.782s step_avg:164.06ms
step:341/3250 train_time:55.936s step_avg:164.03ms
step:342/3250 train_time:56.090s step_avg:164.01ms
step:343/3250 train_time:56.244s step_avg:163.98ms
step:344/3250 train_time:56.399s step_avg:163.95ms
step:345/3250 train_time:56.552s step_avg:163.92ms
step:346/3250 train_time:56.707s step_avg:163.89ms
step:347/3250 train_time:56.862s step_avg:163.87ms
step:348/3250 train_time:57.016s step_avg:163.84ms
step:349/3250 train_time:57.170s step_avg:163.81ms
step:350/3250 train_time:57.326s step_avg:163.79ms
step:351/3250 train_time:57.481s step_avg:163.76ms
step:352/3250 train_time:57.635s step_avg:163.74ms
step:353/3250 train_time:57.788s step_avg:163.71ms
step:354/3250 train_time:57.943s step_avg:163.68ms
step:355/3250 train_time:58.098s step_avg:163.66ms
step:356/3250 train_time:58.252s step_avg:163.63ms
step:357/3250 train_time:58.407s step_avg:163.61ms
step:358/3250 train_time:58.562s step_avg:163.58ms
step:359/3250 train_time:58.716s step_avg:163.55ms
step:360/3250 train_time:58.869s step_avg:163.52ms
step:361/3250 train_time:59.025s step_avg:163.51ms
step:362/3250 train_time:59.180s step_avg:163.48ms
step:363/3250 train_time:59.334s step_avg:163.45ms
step:364/3250 train_time:59.489s step_avg:163.43ms
step:365/3250 train_time:59.644s step_avg:163.41ms
step:366/3250 train_time:59.800s step_avg:163.39ms
step:367/3250 train_time:59.953s step_avg:163.36ms
step:368/3250 train_time:60.108s step_avg:163.34ms
step:369/3250 train_time:60.263s step_avg:163.31ms
step:370/3250 train_time:60.418s step_avg:163.29ms
step:371/3250 train_time:60.571s step_avg:163.26ms
step:372/3250 train_time:60.726s step_avg:163.24ms
step:373/3250 train_time:60.882s step_avg:163.22ms
step:374/3250 train_time:61.037s step_avg:163.20ms
step:375/3250 train_time:61.191s step_avg:163.18ms
step:375/3250 val_loss:3.92309 train_time:61.203s step_avg:154.60ms
step:376/3250 train_time:61.351s step_avg:163.17ms
step:377/3250 train_time:61.505s step_avg:163.14ms
step:378/3250 train_time:61.658s step_avg:163.12ms
step:379/3250 train_time:61.812s step_avg:163.09ms
step:380/3250 train_time:61.965s step_avg:163.07ms
step:381/3250 train_time:62.157s step_avg:163.14ms
step:382/3250 train_time:62.311s step_avg:163.12ms
step:383/3250 train_time:62.465s step_avg:163.09ms
step:384/3250 train_time:62.618s step_avg:163.07ms
step:385/3250 train_time:62.772s step_avg:163.04ms
step:386/3250 train_time:62.928s step_avg:163.03ms
step:387/3250 train_time:63.083s step_avg:163.00ms
step:388/3250 train_time:63.237s step_avg:162.98ms
step:389/3250 train_time:63.392s step_avg:162.96ms
step:390/3250 train_time:63.546s step_avg:162.94ms
step:391/3250 train_time:63.699s step_avg:162.91ms
step:392/3250 train_time:63.853s step_avg:162.89ms
step:393/3250 train_time:64.008s step_avg:162.87ms
step:394/3250 train_time:64.162s step_avg:162.85ms
step:395/3250 train_time:64.316s step_avg:162.83ms
step:396/3250 train_time:64.470s step_avg:162.80ms
step:397/3250 train_time:64.625s step_avg:162.78ms
step:398/3250 train_time:64.778s step_avg:162.76ms
step:399/3250 train_time:64.932s step_avg:162.74ms
step:400/3250 train_time:65.086s step_avg:162.72ms
step:401/3250 train_time:65.240s step_avg:162.69ms
step:402/3250 train_time:65.393s step_avg:162.67ms
step:403/3250 train_time:65.549s step_avg:162.65ms
step:404/3250 train_time:65.705s step_avg:162.64ms
step:405/3250 train_time:65.857s step_avg:162.61ms
step:406/3250 train_time:66.012s step_avg:162.59ms
step:407/3250 train_time:66.166s step_avg:162.57ms
step:408/3250 train_time:66.319s step_avg:162.55ms
step:409/3250 train_time:66.473s step_avg:162.53ms
step:410/3250 train_time:66.629s step_avg:162.51ms
step:411/3250 train_time:66.783s step_avg:162.49ms
step:412/3250 train_time:66.937s step_avg:162.47ms
step:413/3250 train_time:67.092s step_avg:162.45ms
step:414/3250 train_time:67.246s step_avg:162.43ms
step:415/3250 train_time:67.401s step_avg:162.41ms
step:416/3250 train_time:67.554s step_avg:162.39ms
step:417/3250 train_time:67.711s step_avg:162.38ms
step:418/3250 train_time:67.866s step_avg:162.36ms
step:419/3250 train_time:68.020s step_avg:162.34ms
step:420/3250 train_time:68.173s step_avg:162.32ms
step:421/3250 train_time:68.328s step_avg:162.30ms
step:422/3250 train_time:68.483s step_avg:162.28ms
step:423/3250 train_time:68.638s step_avg:162.27ms
step:424/3250 train_time:68.792s step_avg:162.24ms
step:425/3250 train_time:68.946s step_avg:162.23ms
step:426/3250 train_time:69.100s step_avg:162.21ms
step:427/3250 train_time:69.254s step_avg:162.19ms
step:428/3250 train_time:69.408s step_avg:162.17ms
step:429/3250 train_time:69.562s step_avg:162.15ms
step:430/3250 train_time:69.716s step_avg:162.13ms
step:431/3250 train_time:69.871s step_avg:162.11ms
step:432/3250 train_time:70.027s step_avg:162.10ms
step:433/3250 train_time:70.181s step_avg:162.08ms
step:434/3250 train_time:70.336s step_avg:162.06ms
step:435/3250 train_time:70.491s step_avg:162.05ms
step:436/3250 train_time:70.645s step_avg:162.03ms
step:437/3250 train_time:70.799s step_avg:162.01ms
step:438/3250 train_time:70.953s step_avg:161.99ms
step:439/3250 train_time:71.109s step_avg:161.98ms
step:440/3250 train_time:71.263s step_avg:161.96ms
step:441/3250 train_time:71.417s step_avg:161.94ms
step:442/3250 train_time:71.572s step_avg:161.93ms
step:443/3250 train_time:71.726s step_avg:161.91ms
step:444/3250 train_time:71.880s step_avg:161.89ms
step:445/3250 train_time:72.035s step_avg:161.88ms
step:446/3250 train_time:72.190s step_avg:161.86ms
step:447/3250 train_time:72.346s step_avg:161.85ms
step:448/3250 train_time:72.500s step_avg:161.83ms
step:449/3250 train_time:72.654s step_avg:161.81ms
step:450/3250 train_time:72.809s step_avg:161.80ms
step:451/3250 train_time:72.963s step_avg:161.78ms
step:452/3250 train_time:73.117s step_avg:161.76ms
step:453/3250 train_time:73.271s step_avg:161.75ms
step:454/3250 train_time:73.426s step_avg:161.73ms
step:455/3250 train_time:73.580s step_avg:161.71ms
step:456/3250 train_time:73.734s step_avg:161.70ms
step:457/3250 train_time:73.887s step_avg:161.68ms
step:458/3250 train_time:74.042s step_avg:161.66ms
step:459/3250 train_time:74.194s step_avg:161.64ms
step:460/3250 train_time:74.352s step_avg:161.63ms
step:461/3250 train_time:74.507s step_avg:161.62ms
step:462/3250 train_time:74.662s step_avg:161.61ms
step:463/3250 train_time:74.815s step_avg:161.59ms
step:464/3250 train_time:74.969s step_avg:161.57ms
step:465/3250 train_time:75.125s step_avg:161.56ms
step:466/3250 train_time:75.278s step_avg:161.54ms
step:467/3250 train_time:75.432s step_avg:161.53ms
step:468/3250 train_time:75.588s step_avg:161.51ms
step:469/3250 train_time:75.742s step_avg:161.50ms
step:470/3250 train_time:75.894s step_avg:161.48ms
step:471/3250 train_time:76.049s step_avg:161.46ms
step:472/3250 train_time:76.205s step_avg:161.45ms
step:473/3250 train_time:76.359s step_avg:161.43ms
step:474/3250 train_time:76.513s step_avg:161.42ms
step:475/3250 train_time:76.667s step_avg:161.40ms
step:476/3250 train_time:76.822s step_avg:161.39ms
step:477/3250 train_time:76.976s step_avg:161.37ms
step:478/3250 train_time:77.132s step_avg:161.36ms
step:479/3250 train_time:77.287s step_avg:161.35ms
step:480/3250 train_time:77.441s step_avg:161.34ms
step:481/3250 train_time:77.595s step_avg:161.32ms
step:482/3250 train_time:77.750s step_avg:161.31ms
step:483/3250 train_time:77.905s step_avg:161.29ms
step:484/3250 train_time:78.059s step_avg:161.28ms
step:485/3250 train_time:78.213s step_avg:161.26ms
step:486/3250 train_time:78.366s step_avg:161.25ms
step:487/3250 train_time:78.521s step_avg:161.23ms
step:488/3250 train_time:78.675s step_avg:161.22ms
step:489/3250 train_time:78.832s step_avg:161.21ms
step:490/3250 train_time:78.986s step_avg:161.20ms
step:491/3250 train_time:79.141s step_avg:161.18ms
step:492/3250 train_time:79.293s step_avg:161.16ms
step:493/3250 train_time:79.448s step_avg:161.15ms
step:494/3250 train_time:79.603s step_avg:161.14ms
step:495/3250 train_time:79.757s step_avg:161.12ms
step:496/3250 train_time:79.911s step_avg:161.11ms
step:497/3250 train_time:80.065s step_avg:161.10ms
step:498/3250 train_time:80.219s step_avg:161.08ms
step:499/3250 train_time:80.372s step_avg:161.07ms
step:500/3250 train_time:80.528s step_avg:161.06ms
step:500/3250 val_loss:3.82540 train_time:80.540s step_avg:154.70ms
step:501/3250 train_time:80.684s step_avg:161.05ms
step:502/3250 train_time:80.840s step_avg:161.03ms
step:503/3250 train_time:80.993s step_avg:161.02ms
step:504/3250 train_time:81.148s step_avg:161.01ms
step:505/3250 train_time:81.301s step_avg:160.99ms
step:506/3250 train_time:81.456s step_avg:160.98ms
step:507/3250 train_time:81.612s step_avg:160.97ms
step:508/3250 train_time:81.767s step_avg:160.96ms
step:509/3250 train_time:81.919s step_avg:160.94ms
step:510/3250 train_time:82.075s step_avg:160.93ms
step:511/3250 train_time:82.229s step_avg:160.92ms
step:512/3250 train_time:82.383s step_avg:160.90ms
step:513/3250 train_time:82.538s step_avg:160.89ms
step:514/3250 train_time:82.693s step_avg:160.88ms
step:515/3250 train_time:82.847s step_avg:160.87ms
step:516/3250 train_time:83.000s step_avg:160.85ms
step:517/3250 train_time:83.157s step_avg:160.85ms
step:518/3250 train_time:83.311s step_avg:160.83ms
step:519/3250 train_time:83.465s step_avg:160.82ms
step:520/3250 train_time:83.619s step_avg:160.81ms
step:521/3250 train_time:83.772s step_avg:160.79ms
step:522/3250 train_time:83.926s step_avg:160.78ms
step:523/3250 train_time:84.080s step_avg:160.76ms
step:524/3250 train_time:84.235s step_avg:160.75ms
step:525/3250 train_time:84.388s step_avg:160.74ms
step:526/3250 train_time:84.543s step_avg:160.73ms
step:527/3250 train_time:84.697s step_avg:160.72ms
step:528/3250 train_time:84.852s step_avg:160.70ms
step:529/3250 train_time:85.005s step_avg:160.69ms
step:530/3250 train_time:85.159s step_avg:160.68ms
step:531/3250 train_time:85.314s step_avg:160.67ms
step:532/3250 train_time:85.469s step_avg:160.66ms
step:533/3250 train_time:85.622s step_avg:160.64ms
step:534/3250 train_time:85.776s step_avg:160.63ms
step:535/3250 train_time:85.931s step_avg:160.62ms
step:536/3250 train_time:86.084s step_avg:160.60ms
step:537/3250 train_time:86.239s step_avg:160.59ms
step:538/3250 train_time:86.392s step_avg:160.58ms
step:539/3250 train_time:86.548s step_avg:160.57ms
step:540/3250 train_time:86.702s step_avg:160.56ms
step:541/3250 train_time:86.858s step_avg:160.55ms
step:542/3250 train_time:87.011s step_avg:160.54ms
step:543/3250 train_time:87.165s step_avg:160.52ms
step:544/3250 train_time:87.318s step_avg:160.51ms
step:545/3250 train_time:87.473s step_avg:160.50ms
step:546/3250 train_time:87.628s step_avg:160.49ms
step:547/3250 train_time:87.782s step_avg:160.48ms
step:548/3250 train_time:87.938s step_avg:160.47ms
step:549/3250 train_time:88.092s step_avg:160.46ms
step:550/3250 train_time:88.247s step_avg:160.45ms
step:551/3250 train_time:88.400s step_avg:160.44ms
step:552/3250 train_time:88.556s step_avg:160.43ms
step:553/3250 train_time:88.711s step_avg:160.42ms
step:554/3250 train_time:88.865s step_avg:160.41ms
step:555/3250 train_time:89.018s step_avg:160.39ms
step:556/3250 train_time:89.172s step_avg:160.38ms
step:557/3250 train_time:89.326s step_avg:160.37ms
step:558/3250 train_time:89.481s step_avg:160.36ms
step:559/3250 train_time:89.635s step_avg:160.35ms
step:560/3250 train_time:89.790s step_avg:160.34ms
step:561/3250 train_time:89.944s step_avg:160.33ms
step:562/3250 train_time:90.098s step_avg:160.32ms
step:563/3250 train_time:90.252s step_avg:160.31ms
step:564/3250 train_time:90.406s step_avg:160.29ms
step:565/3250 train_time:90.560s step_avg:160.28ms
step:566/3250 train_time:90.716s step_avg:160.28ms
step:567/3250 train_time:90.872s step_avg:160.27ms
step:568/3250 train_time:91.026s step_avg:160.26ms
step:569/3250 train_time:91.181s step_avg:160.25ms
step:570/3250 train_time:91.335s step_avg:160.24ms
step:571/3250 train_time:91.525s step_avg:160.29ms
step:572/3250 train_time:91.678s step_avg:160.28ms
step:573/3250 train_time:91.832s step_avg:160.26ms
step:574/3250 train_time:91.985s step_avg:160.25ms
step:575/3250 train_time:92.139s step_avg:160.24ms
step:576/3250 train_time:92.293s step_avg:160.23ms
step:577/3250 train_time:92.450s step_avg:160.23ms
step:578/3250 train_time:92.604s step_avg:160.22ms
step:579/3250 train_time:92.759s step_avg:160.21ms
step:580/3250 train_time:92.913s step_avg:160.19ms
step:581/3250 train_time:93.067s step_avg:160.18ms
step:582/3250 train_time:93.220s step_avg:160.17ms
step:583/3250 train_time:93.376s step_avg:160.16ms
step:584/3250 train_time:93.530s step_avg:160.15ms
step:585/3250 train_time:93.684s step_avg:160.14ms
step:586/3250 train_time:93.838s step_avg:160.13ms
step:587/3250 train_time:93.992s step_avg:160.12ms
step:588/3250 train_time:94.146s step_avg:160.11ms
step:589/3250 train_time:94.301s step_avg:160.10ms
step:590/3250 train_time:94.457s step_avg:160.10ms
step:591/3250 train_time:94.611s step_avg:160.09ms
step:592/3250 train_time:94.765s step_avg:160.08ms
step:593/3250 train_time:94.918s step_avg:160.06ms
step:594/3250 train_time:95.072s step_avg:160.05ms
step:595/3250 train_time:95.225s step_avg:160.04ms
step:596/3250 train_time:95.379s step_avg:160.03ms
step:597/3250 train_time:95.534s step_avg:160.02ms
step:598/3250 train_time:95.687s step_avg:160.01ms
step:599/3250 train_time:95.841s step_avg:160.00ms
step:600/3250 train_time:95.995s step_avg:159.99ms
step:601/3250 train_time:96.151s step_avg:159.99ms
step:602/3250 train_time:96.306s step_avg:159.98ms
step:603/3250 train_time:96.460s step_avg:159.97ms
step:604/3250 train_time:96.614s step_avg:159.96ms
step:605/3250 train_time:96.770s step_avg:159.95ms
step:606/3250 train_time:96.923s step_avg:159.94ms
step:607/3250 train_time:97.079s step_avg:159.93ms
step:608/3250 train_time:97.233s step_avg:159.92ms
step:609/3250 train_time:97.386s step_avg:159.91ms
step:610/3250 train_time:97.540s step_avg:159.90ms
step:611/3250 train_time:97.694s step_avg:159.89ms
step:612/3250 train_time:97.848s step_avg:159.88ms
step:613/3250 train_time:98.002s step_avg:159.87ms
step:614/3250 train_time:98.158s step_avg:159.87ms
step:615/3250 train_time:98.313s step_avg:159.86ms
step:616/3250 train_time:98.470s step_avg:159.85ms
step:617/3250 train_time:98.624s step_avg:159.84ms
step:618/3250 train_time:98.778s step_avg:159.84ms
step:619/3250 train_time:98.933s step_avg:159.83ms
step:620/3250 train_time:99.085s step_avg:159.82ms
step:621/3250 train_time:99.239s step_avg:159.81ms
step:622/3250 train_time:99.394s step_avg:159.80ms
step:623/3250 train_time:99.551s step_avg:159.79ms
step:624/3250 train_time:99.704s step_avg:159.78ms
step:625/3250 train_time:99.859s step_avg:159.77ms
step:625/3250 val_loss:3.76703 train_time:99.871s step_avg:154.65ms
step:626/3250 train_time:100.017s step_avg:159.77ms
step:627/3250 train_time:100.170s step_avg:159.76ms
step:628/3250 train_time:100.324s step_avg:159.75ms
step:629/3250 train_time:100.478s step_avg:159.74ms
step:630/3250 train_time:100.632s step_avg:159.73ms
step:631/3250 train_time:100.787s step_avg:159.73ms
step:632/3250 train_time:100.942s step_avg:159.72ms
step:633/3250 train_time:101.096s step_avg:159.71ms
step:634/3250 train_time:101.250s step_avg:159.70ms
step:635/3250 train_time:101.404s step_avg:159.69ms
step:636/3250 train_time:101.558s step_avg:159.68ms
step:637/3250 train_time:101.711s step_avg:159.67ms
step:638/3250 train_time:101.866s step_avg:159.66ms
step:639/3250 train_time:102.020s step_avg:159.66ms
step:640/3250 train_time:102.177s step_avg:159.65ms
step:641/3250 train_time:102.331s step_avg:159.64ms
step:642/3250 train_time:102.485s step_avg:159.63ms
step:643/3250 train_time:102.640s step_avg:159.63ms
step:644/3250 train_time:102.795s step_avg:159.62ms
step:645/3250 train_time:102.948s step_avg:159.61ms
step:646/3250 train_time:103.103s step_avg:159.60ms
step:647/3250 train_time:103.258s step_avg:159.60ms
step:648/3250 train_time:103.413s step_avg:159.59ms
step:649/3250 train_time:103.566s step_avg:159.58ms
step:650/3250 train_time:103.719s step_avg:159.57ms
step:651/3250 train_time:103.874s step_avg:159.56ms
step:652/3250 train_time:104.028s step_avg:159.55ms
step:653/3250 train_time:104.185s step_avg:159.55ms
step:654/3250 train_time:104.341s step_avg:159.54ms
step:655/3250 train_time:104.496s step_avg:159.54ms
step:656/3250 train_time:104.649s step_avg:159.53ms
step:657/3250 train_time:104.804s step_avg:159.52ms
step:658/3250 train_time:104.958s step_avg:159.51ms
step:659/3250 train_time:105.113s step_avg:159.50ms
step:660/3250 train_time:105.266s step_avg:159.49ms
step:661/3250 train_time:105.421s step_avg:159.49ms
step:662/3250 train_time:105.576s step_avg:159.48ms
step:663/3250 train_time:105.730s step_avg:159.47ms
step:664/3250 train_time:105.885s step_avg:159.47ms
step:665/3250 train_time:106.038s step_avg:159.46ms
step:666/3250 train_time:106.192s step_avg:159.45ms
step:667/3250 train_time:106.345s step_avg:159.44ms
step:668/3250 train_time:106.501s step_avg:159.43ms
step:669/3250 train_time:106.655s step_avg:159.43ms
step:670/3250 train_time:106.808s step_avg:159.42ms
step:671/3250 train_time:106.964s step_avg:159.41ms
step:672/3250 train_time:107.118s step_avg:159.40ms
step:673/3250 train_time:107.274s step_avg:159.40ms
step:674/3250 train_time:107.427s step_avg:159.39ms
step:675/3250 train_time:107.582s step_avg:159.38ms
step:676/3250 train_time:107.737s step_avg:159.37ms
step:677/3250 train_time:107.892s step_avg:159.37ms
step:678/3250 train_time:108.044s step_avg:159.36ms
step:679/3250 train_time:108.199s step_avg:159.35ms
step:680/3250 train_time:108.354s step_avg:159.34ms
step:681/3250 train_time:108.508s step_avg:159.34ms
step:682/3250 train_time:108.664s step_avg:159.33ms
step:683/3250 train_time:108.817s step_avg:159.32ms
step:684/3250 train_time:108.971s step_avg:159.31ms
step:685/3250 train_time:109.125s step_avg:159.31ms
step:686/3250 train_time:109.280s step_avg:159.30ms
step:687/3250 train_time:109.435s step_avg:159.29ms
step:688/3250 train_time:109.589s step_avg:159.29ms
step:689/3250 train_time:109.742s step_avg:159.28ms
step:690/3250 train_time:109.898s step_avg:159.27ms
step:691/3250 train_time:110.051s step_avg:159.26ms
step:692/3250 train_time:110.205s step_avg:159.26ms
step:693/3250 train_time:110.361s step_avg:159.25ms
step:694/3250 train_time:110.516s step_avg:159.24ms
step:695/3250 train_time:110.670s step_avg:159.24ms
step:696/3250 train_time:110.824s step_avg:159.23ms
step:697/3250 train_time:110.979s step_avg:159.22ms
step:698/3250 train_time:111.133s step_avg:159.22ms
step:699/3250 train_time:111.287s step_avg:159.21ms
step:700/3250 train_time:111.441s step_avg:159.20ms
step:701/3250 train_time:111.597s step_avg:159.20ms
step:702/3250 train_time:111.752s step_avg:159.19ms
step:703/3250 train_time:111.906s step_avg:159.18ms
step:704/3250 train_time:112.061s step_avg:159.18ms
step:705/3250 train_time:112.215s step_avg:159.17ms
step:706/3250 train_time:112.368s step_avg:159.16ms
step:707/3250 train_time:112.523s step_avg:159.16ms
step:708/3250 train_time:112.678s step_avg:159.15ms
step:709/3250 train_time:112.833s step_avg:159.14ms
step:710/3250 train_time:112.987s step_avg:159.14ms
step:711/3250 train_time:113.143s step_avg:159.13ms
step:712/3250 train_time:113.298s step_avg:159.13ms
step:713/3250 train_time:113.452s step_avg:159.12ms
step:714/3250 train_time:113.606s step_avg:159.11ms
step:715/3250 train_time:113.761s step_avg:159.11ms
step:716/3250 train_time:113.915s step_avg:159.10ms
step:717/3250 train_time:114.068s step_avg:159.09ms
step:718/3250 train_time:114.223s step_avg:159.08ms
step:719/3250 train_time:114.378s step_avg:159.08ms
step:720/3250 train_time:114.531s step_avg:159.07ms
step:721/3250 train_time:114.685s step_avg:159.06ms
step:722/3250 train_time:114.840s step_avg:159.06ms
step:723/3250 train_time:114.998s step_avg:159.06ms
step:724/3250 train_time:115.151s step_avg:159.05ms
step:725/3250 train_time:115.305s step_avg:159.04ms
step:726/3250 train_time:115.460s step_avg:159.04ms
step:727/3250 train_time:115.614s step_avg:159.03ms
step:728/3250 train_time:115.767s step_avg:159.02ms
step:729/3250 train_time:115.922s step_avg:159.02ms
step:730/3250 train_time:116.077s step_avg:159.01ms
step:731/3250 train_time:116.231s step_avg:159.00ms
step:732/3250 train_time:116.386s step_avg:159.00ms
step:733/3250 train_time:116.540s step_avg:158.99ms
step:734/3250 train_time:116.695s step_avg:158.98ms
step:735/3250 train_time:116.848s step_avg:158.98ms
step:736/3250 train_time:117.007s step_avg:158.98ms
step:737/3250 train_time:117.163s step_avg:158.97ms
step:738/3250 train_time:117.317s step_avg:158.97ms
step:739/3250 train_time:117.471s step_avg:158.96ms
step:740/3250 train_time:117.624s step_avg:158.95ms
step:741/3250 train_time:117.779s step_avg:158.95ms
step:742/3250 train_time:117.933s step_avg:158.94ms
step:743/3250 train_time:118.087s step_avg:158.93ms
step:744/3250 train_time:118.242s step_avg:158.93ms
step:745/3250 train_time:118.397s step_avg:158.92ms
step:746/3250 train_time:118.551s step_avg:158.92ms
step:747/3250 train_time:118.705s step_avg:158.91ms
step:748/3250 train_time:118.860s step_avg:158.90ms
step:749/3250 train_time:119.013s step_avg:158.90ms
step:750/3250 train_time:119.167s step_avg:158.89ms
step:750/3250 val_loss:3.72148 train_time:119.179s step_avg:154.46ms
step:751/3250 train_time:119.327s step_avg:158.89ms
step:752/3250 train_time:119.481s step_avg:158.88ms
step:753/3250 train_time:119.635s step_avg:158.88ms
step:754/3250 train_time:119.791s step_avg:158.87ms
step:755/3250 train_time:119.946s step_avg:158.87ms
step:756/3250 train_time:120.099s step_avg:158.86ms
step:757/3250 train_time:120.253s step_avg:158.85ms
step:758/3250 train_time:120.409s step_avg:158.85ms
step:759/3250 train_time:120.563s step_avg:158.84ms
step:760/3250 train_time:120.717s step_avg:158.84ms
step:761/3250 train_time:120.909s step_avg:158.88ms
step:762/3250 train_time:121.062s step_avg:158.87ms
step:763/3250 train_time:121.216s step_avg:158.87ms
step:764/3250 train_time:121.369s step_avg:158.86ms
step:765/3250 train_time:121.524s step_avg:158.86ms
step:766/3250 train_time:121.679s step_avg:158.85ms
step:767/3250 train_time:121.833s step_avg:158.84ms
step:768/3250 train_time:121.989s step_avg:158.84ms
step:769/3250 train_time:122.143s step_avg:158.83ms
step:770/3250 train_time:122.297s step_avg:158.83ms
step:771/3250 train_time:122.451s step_avg:158.82ms
step:772/3250 train_time:122.605s step_avg:158.82ms
step:773/3250 train_time:122.760s step_avg:158.81ms
step:774/3250 train_time:122.914s step_avg:158.80ms
step:775/3250 train_time:123.069s step_avg:158.80ms
step:776/3250 train_time:123.224s step_avg:158.79ms
step:777/3250 train_time:123.377s step_avg:158.79ms
step:778/3250 train_time:123.532s step_avg:158.78ms
step:779/3250 train_time:123.687s step_avg:158.78ms
step:780/3250 train_time:123.840s step_avg:158.77ms
step:781/3250 train_time:123.994s step_avg:158.76ms
step:782/3250 train_time:124.148s step_avg:158.76ms
step:783/3250 train_time:124.304s step_avg:158.75ms
step:784/3250 train_time:124.459s step_avg:158.75ms
step:785/3250 train_time:124.613s step_avg:158.74ms
step:786/3250 train_time:124.768s step_avg:158.74ms
step:787/3250 train_time:124.922s step_avg:158.73ms
step:788/3250 train_time:125.075s step_avg:158.73ms
step:789/3250 train_time:125.231s step_avg:158.72ms
step:790/3250 train_time:125.388s step_avg:158.72ms
step:791/3250 train_time:125.542s step_avg:158.71ms
step:792/3250 train_time:125.695s step_avg:158.71ms
step:793/3250 train_time:125.849s step_avg:158.70ms
step:794/3250 train_time:126.003s step_avg:158.69ms
step:795/3250 train_time:126.157s step_avg:158.69ms
step:796/3250 train_time:126.311s step_avg:158.68ms
step:797/3250 train_time:126.466s step_avg:158.68ms
step:798/3250 train_time:126.621s step_avg:158.67ms
step:799/3250 train_time:126.776s step_avg:158.67ms
step:800/3250 train_time:126.931s step_avg:158.66ms
step:801/3250 train_time:127.087s step_avg:158.66ms
step:802/3250 train_time:127.241s step_avg:158.65ms
step:803/3250 train_time:127.395s step_avg:158.65ms
step:804/3250 train_time:127.549s step_avg:158.64ms
step:805/3250 train_time:127.704s step_avg:158.64ms
step:806/3250 train_time:127.857s step_avg:158.63ms
step:807/3250 train_time:128.011s step_avg:158.63ms
step:808/3250 train_time:128.165s step_avg:158.62ms
step:809/3250 train_time:128.320s step_avg:158.62ms
step:810/3250 train_time:128.473s step_avg:158.61ms
step:811/3250 train_time:128.629s step_avg:158.61ms
step:812/3250 train_time:128.784s step_avg:158.60ms
step:813/3250 train_time:128.937s step_avg:158.59ms
step:814/3250 train_time:129.091s step_avg:158.59ms
step:815/3250 train_time:129.246s step_avg:158.58ms
step:816/3250 train_time:129.400s step_avg:158.58ms
step:817/3250 train_time:129.554s step_avg:158.57ms
step:818/3250 train_time:129.710s step_avg:158.57ms
step:819/3250 train_time:129.863s step_avg:158.56ms
step:820/3250 train_time:130.018s step_avg:158.56ms
step:821/3250 train_time:130.171s step_avg:158.55ms
step:822/3250 train_time:130.325s step_avg:158.55ms
step:823/3250 train_time:130.480s step_avg:158.54ms
step:824/3250 train_time:130.634s step_avg:158.54ms
step:825/3250 train_time:130.791s step_avg:158.53ms
step:826/3250 train_time:130.945s step_avg:158.53ms
step:827/3250 train_time:131.101s step_avg:158.53ms
step:828/3250 train_time:131.254s step_avg:158.52ms
step:829/3250 train_time:131.409s step_avg:158.51ms
step:830/3250 train_time:131.562s step_avg:158.51ms
step:831/3250 train_time:131.716s step_avg:158.50ms
step:832/3250 train_time:131.869s step_avg:158.50ms
step:833/3250 train_time:132.024s step_avg:158.49ms
step:834/3250 train_time:132.178s step_avg:158.49ms
step:835/3250 train_time:132.332s step_avg:158.48ms
step:836/3250 train_time:132.488s step_avg:158.48ms
step:837/3250 train_time:132.641s step_avg:158.47ms
step:838/3250 train_time:132.796s step_avg:158.47ms
step:839/3250 train_time:132.950s step_avg:158.46ms
step:840/3250 train_time:133.105s step_avg:158.46ms
step:841/3250 train_time:133.260s step_avg:158.45ms
step:842/3250 train_time:133.414s step_avg:158.45ms
step:843/3250 train_time:133.569s step_avg:158.44ms
step:844/3250 train_time:133.723s step_avg:158.44ms
step:845/3250 train_time:133.877s step_avg:158.43ms
step:846/3250 train_time:134.031s step_avg:158.43ms
step:847/3250 train_time:134.186s step_avg:158.42ms
step:848/3250 train_time:134.339s step_avg:158.42ms
step:849/3250 train_time:134.493s step_avg:158.41ms
step:850/3250 train_time:134.648s step_avg:158.41ms
step:851/3250 train_time:134.805s step_avg:158.41ms
step:852/3250 train_time:134.959s step_avg:158.40ms
step:853/3250 train_time:135.113s step_avg:158.40ms
step:854/3250 train_time:135.267s step_avg:158.39ms
step:855/3250 train_time:135.422s step_avg:158.39ms
step:856/3250 train_time:135.575s step_avg:158.38ms
step:857/3250 train_time:135.730s step_avg:158.38ms
step:858/3250 train_time:135.884s step_avg:158.37ms
step:859/3250 train_time:136.038s step_avg:158.37ms
step:860/3250 train_time:136.192s step_avg:158.36ms
step:861/3250 train_time:136.346s step_avg:158.36ms
step:862/3250 train_time:136.502s step_avg:158.36ms
step:863/3250 train_time:136.656s step_avg:158.35ms
step:864/3250 train_time:136.811s step_avg:158.35ms
step:865/3250 train_time:136.966s step_avg:158.34ms
step:866/3250 train_time:137.121s step_avg:158.34ms
step:867/3250 train_time:137.275s step_avg:158.33ms
step:868/3250 train_time:137.430s step_avg:158.33ms
step:869/3250 train_time:137.584s step_avg:158.32ms
step:870/3250 train_time:137.737s step_avg:158.32ms
step:871/3250 train_time:137.891s step_avg:158.31ms
step:872/3250 train_time:138.044s step_avg:158.31ms
step:873/3250 train_time:138.198s step_avg:158.30ms
step:874/3250 train_time:138.352s step_avg:158.30ms
step:875/3250 train_time:138.507s step_avg:158.29ms
step:875/3250 val_loss:3.68324 train_time:138.519s step_avg:154.72ms
step:876/3250 train_time:138.663s step_avg:158.29ms
step:877/3250 train_time:138.817s step_avg:158.29ms
step:878/3250 train_time:138.972s step_avg:158.28ms
step:879/3250 train_time:139.126s step_avg:158.28ms
step:880/3250 train_time:139.280s step_avg:158.27ms
step:881/3250 train_time:139.434s step_avg:158.27ms
step:882/3250 train_time:139.588s step_avg:158.26ms
step:883/3250 train_time:139.743s step_avg:158.26ms
step:884/3250 train_time:139.896s step_avg:158.25ms
step:885/3250 train_time:140.051s step_avg:158.25ms
step:886/3250 train_time:140.206s step_avg:158.25ms
step:887/3250 train_time:140.359s step_avg:158.24ms
step:888/3250 train_time:140.515s step_avg:158.24ms
step:889/3250 train_time:140.668s step_avg:158.23ms
step:890/3250 train_time:140.821s step_avg:158.23ms
step:891/3250 train_time:140.975s step_avg:158.22ms
step:892/3250 train_time:141.130s step_avg:158.22ms
step:893/3250 train_time:141.283s step_avg:158.21ms
step:894/3250 train_time:141.437s step_avg:158.21ms
step:895/3250 train_time:141.592s step_avg:158.20ms
step:896/3250 train_time:141.747s step_avg:158.20ms
step:897/3250 train_time:141.902s step_avg:158.20ms
step:898/3250 train_time:142.057s step_avg:158.19ms
step:899/3250 train_time:142.212s step_avg:158.19ms
step:900/3250 train_time:142.366s step_avg:158.18ms
step:901/3250 train_time:142.520s step_avg:158.18ms
step:902/3250 train_time:142.676s step_avg:158.18ms
step:903/3250 train_time:142.831s step_avg:158.17ms
step:904/3250 train_time:142.985s step_avg:158.17ms
step:905/3250 train_time:143.139s step_avg:158.16ms
step:906/3250 train_time:143.293s step_avg:158.16ms
step:907/3250 train_time:143.449s step_avg:158.16ms
step:908/3250 train_time:143.603s step_avg:158.15ms
step:909/3250 train_time:143.757s step_avg:158.15ms
step:910/3250 train_time:143.911s step_avg:158.14ms
step:911/3250 train_time:144.065s step_avg:158.14ms
step:912/3250 train_time:144.220s step_avg:158.14ms
step:913/3250 train_time:144.374s step_avg:158.13ms
step:914/3250 train_time:144.529s step_avg:158.13ms
step:915/3250 train_time:144.683s step_avg:158.12ms
step:916/3250 train_time:144.838s step_avg:158.12ms
step:917/3250 train_time:144.993s step_avg:158.12ms
step:918/3250 train_time:145.147s step_avg:158.11ms
step:919/3250 train_time:145.301s step_avg:158.11ms
step:920/3250 train_time:145.455s step_avg:158.10ms
step:921/3250 train_time:145.610s step_avg:158.10ms
step:922/3250 train_time:145.764s step_avg:158.10ms
step:923/3250 train_time:145.917s step_avg:158.09ms
step:924/3250 train_time:146.072s step_avg:158.09ms
step:925/3250 train_time:146.228s step_avg:158.08ms
step:926/3250 train_time:146.382s step_avg:158.08ms
step:927/3250 train_time:146.536s step_avg:158.08ms
step:928/3250 train_time:146.691s step_avg:158.07ms
step:929/3250 train_time:146.847s step_avg:158.07ms
step:930/3250 train_time:147.000s step_avg:158.06ms
step:931/3250 train_time:147.156s step_avg:158.06ms
step:932/3250 train_time:147.311s step_avg:158.06ms
step:933/3250 train_time:147.465s step_avg:158.05ms
step:934/3250 train_time:147.619s step_avg:158.05ms
step:935/3250 train_time:147.773s step_avg:158.05ms
step:936/3250 train_time:147.929s step_avg:158.04ms
step:937/3250 train_time:148.081s step_avg:158.04ms
step:938/3250 train_time:148.236s step_avg:158.03ms
step:939/3250 train_time:148.389s step_avg:158.03ms
step:940/3250 train_time:148.545s step_avg:158.03ms
step:941/3250 train_time:148.698s step_avg:158.02ms
step:942/3250 train_time:148.855s step_avg:158.02ms
step:943/3250 train_time:149.010s step_avg:158.02ms
step:944/3250 train_time:149.164s step_avg:158.01ms
step:945/3250 train_time:149.318s step_avg:158.01ms
step:946/3250 train_time:149.472s step_avg:158.00ms
step:947/3250 train_time:149.626s step_avg:158.00ms
step:948/3250 train_time:149.780s step_avg:158.00ms
step:949/3250 train_time:149.934s step_avg:157.99ms
step:950/3250 train_time:150.090s step_avg:157.99ms
step:951/3250 train_time:150.280s step_avg:158.02ms
step:952/3250 train_time:150.435s step_avg:158.02ms
step:953/3250 train_time:150.589s step_avg:158.02ms
step:954/3250 train_time:150.742s step_avg:158.01ms
step:955/3250 train_time:150.896s step_avg:158.01ms
step:956/3250 train_time:151.051s step_avg:158.00ms
step:957/3250 train_time:151.206s step_avg:158.00ms
step:958/3250 train_time:151.359s step_avg:158.00ms
step:959/3250 train_time:151.516s step_avg:157.99ms
step:960/3250 train_time:151.670s step_avg:157.99ms
step:961/3250 train_time:151.824s step_avg:157.99ms
step:962/3250 train_time:151.978s step_avg:157.98ms
step:963/3250 train_time:152.134s step_avg:157.98ms
step:964/3250 train_time:152.288s step_avg:157.98ms
step:965/3250 train_time:152.443s step_avg:157.97ms
step:966/3250 train_time:152.596s step_avg:157.97ms
step:967/3250 train_time:152.751s step_avg:157.96ms
step:968/3250 train_time:152.904s step_avg:157.96ms
step:969/3250 train_time:153.058s step_avg:157.95ms
step:970/3250 train_time:153.214s step_avg:157.95ms
step:971/3250 train_time:153.369s step_avg:157.95ms
step:972/3250 train_time:153.524s step_avg:157.95ms
step:973/3250 train_time:153.678s step_avg:157.94ms
step:974/3250 train_time:153.832s step_avg:157.94ms
step:975/3250 train_time:153.989s step_avg:157.94ms
step:976/3250 train_time:154.143s step_avg:157.93ms
step:977/3250 train_time:154.296s step_avg:157.93ms
step:978/3250 train_time:154.450s step_avg:157.92ms
step:979/3250 train_time:154.604s step_avg:157.92ms
step:980/3250 train_time:154.758s step_avg:157.92ms
step:981/3250 train_time:154.914s step_avg:157.91ms
step:982/3250 train_time:155.067s step_avg:157.91ms
step:983/3250 train_time:155.221s step_avg:157.91ms
step:984/3250 train_time:155.376s step_avg:157.90ms
step:985/3250 train_time:155.530s step_avg:157.90ms
step:986/3250 train_time:155.684s step_avg:157.89ms
step:987/3250 train_time:155.838s step_avg:157.89ms
step:988/3250 train_time:155.994s step_avg:157.89ms
step:989/3250 train_time:156.151s step_avg:157.89ms
step:990/3250 train_time:156.305s step_avg:157.88ms
step:991/3250 train_time:156.459s step_avg:157.88ms
step:992/3250 train_time:156.615s step_avg:157.88ms
step:993/3250 train_time:156.768s step_avg:157.87ms
step:994/3250 train_time:156.922s step_avg:157.87ms
step:995/3250 train_time:157.077s step_avg:157.87ms
step:996/3250 train_time:157.233s step_avg:157.86ms
step:997/3250 train_time:157.387s step_avg:157.86ms
step:998/3250 train_time:157.542s step_avg:157.86ms
step:999/3250 train_time:157.696s step_avg:157.85ms
step:1000/3250 train_time:157.851s step_avg:157.85ms
step:1000/3250 val_loss:3.65216 train_time:157.863s step_avg:154.76ms
step:1001/3250 train_time:158.009s step_avg:157.85ms
step:1002/3250 train_time:158.943s step_avg:158.63ms
step:1003/3250 train_time:159.104s step_avg:158.63ms
step:1004/3250 train_time:159.264s step_avg:158.63ms
step:1005/3250 train_time:159.424s step_avg:158.63ms
step:1006/3250 train_time:159.584s step_avg:158.63ms
step:1007/3250 train_time:159.745s step_avg:158.63ms
step:1008/3250 train_time:159.905s step_avg:158.64ms
step:1009/3250 train_time:160.065s step_avg:158.64ms
step:1010/3250 train_time:160.225s step_avg:158.64ms
step:1011/3250 train_time:160.386s step_avg:158.64ms
step:1012/3250 train_time:160.545s step_avg:158.64ms
step:1013/3250 train_time:160.707s step_avg:158.64ms
step:1014/3250 train_time:160.868s step_avg:158.65ms
step:1015/3250 train_time:161.027s step_avg:158.65ms
step:1016/3250 train_time:161.187s step_avg:158.65ms
step:1017/3250 train_time:161.347s step_avg:158.65ms
step:1018/3250 train_time:161.507s step_avg:158.65ms
step:1019/3250 train_time:161.668s step_avg:158.65ms
step:1020/3250 train_time:161.828s step_avg:158.65ms
step:1021/3250 train_time:161.988s step_avg:158.66ms
step:1022/3250 train_time:162.149s step_avg:158.66ms
step:1023/3250 train_time:162.309s step_avg:158.66ms
step:1024/3250 train_time:162.471s step_avg:158.66ms
step:1025/3250 train_time:162.631s step_avg:158.66ms
step:1026/3250 train_time:162.793s step_avg:158.67ms
step:1027/3250 train_time:162.955s step_avg:158.67ms
step:1028/3250 train_time:163.114s step_avg:158.67ms
step:1029/3250 train_time:163.277s step_avg:158.68ms
step:1030/3250 train_time:163.438s step_avg:158.68ms
step:1031/3250 train_time:163.600s step_avg:158.68ms
step:1032/3250 train_time:163.761s step_avg:158.68ms
step:1033/3250 train_time:163.922s step_avg:158.69ms
step:1034/3250 train_time:164.083s step_avg:158.69ms
step:1035/3250 train_time:164.245s step_avg:158.69ms
step:1036/3250 train_time:164.404s step_avg:158.69ms
step:1037/3250 train_time:164.565s step_avg:158.69ms
step:1038/3250 train_time:164.725s step_avg:158.69ms
step:1039/3250 train_time:164.886s step_avg:158.70ms
step:1040/3250 train_time:165.048s step_avg:158.70ms
step:1041/3250 train_time:165.207s step_avg:158.70ms
step:1042/3250 train_time:165.368s step_avg:158.70ms
step:1043/3250 train_time:165.528s step_avg:158.70ms
step:1044/3250 train_time:165.690s step_avg:158.71ms
step:1045/3250 train_time:165.851s step_avg:158.71ms
step:1046/3250 train_time:166.013s step_avg:158.71ms
step:1047/3250 train_time:166.174s step_avg:158.71ms
step:1048/3250 train_time:166.333s step_avg:158.71ms
step:1049/3250 train_time:166.496s step_avg:158.72ms
step:1050/3250 train_time:166.657s step_avg:158.72ms
step:1051/3250 train_time:166.819s step_avg:158.72ms
step:1052/3250 train_time:166.981s step_avg:158.73ms
step:1053/3250 train_time:167.142s step_avg:158.73ms
step:1054/3250 train_time:167.305s step_avg:158.73ms
step:1055/3250 train_time:167.464s step_avg:158.73ms
step:1056/3250 train_time:167.625s step_avg:158.74ms
step:1057/3250 train_time:167.786s step_avg:158.74ms
step:1058/3250 train_time:167.946s step_avg:158.74ms
step:1059/3250 train_time:168.107s step_avg:158.74ms
step:1060/3250 train_time:168.268s step_avg:158.74ms
step:1061/3250 train_time:168.432s step_avg:158.75ms
step:1062/3250 train_time:168.594s step_avg:158.75ms
step:1063/3250 train_time:168.755s step_avg:158.75ms
step:1064/3250 train_time:168.915s step_avg:158.76ms
step:1065/3250 train_time:169.075s step_avg:158.76ms
step:1066/3250 train_time:169.236s step_avg:158.76ms
step:1067/3250 train_time:169.399s step_avg:158.76ms
step:1068/3250 train_time:169.560s step_avg:158.76ms
step:1069/3250 train_time:169.721s step_avg:158.77ms
step:1070/3250 train_time:169.882s step_avg:158.77ms
step:1071/3250 train_time:170.041s step_avg:158.77ms
step:1072/3250 train_time:170.204s step_avg:158.77ms
step:1073/3250 train_time:170.365s step_avg:158.77ms
step:1074/3250 train_time:170.525s step_avg:158.78ms
step:1075/3250 train_time:170.688s step_avg:158.78ms
step:1076/3250 train_time:170.847s step_avg:158.78ms
step:1077/3250 train_time:171.006s step_avg:158.78ms
step:1078/3250 train_time:171.167s step_avg:158.78ms
step:1079/3250 train_time:171.327s step_avg:158.78ms
step:1080/3250 train_time:171.486s step_avg:158.78ms
step:1081/3250 train_time:171.648s step_avg:158.79ms
step:1082/3250 train_time:171.808s step_avg:158.79ms
step:1083/3250 train_time:171.968s step_avg:158.79ms
step:1084/3250 train_time:172.129s step_avg:158.79ms
step:1085/3250 train_time:172.291s step_avg:158.79ms
step:1086/3250 train_time:172.455s step_avg:158.80ms
step:1087/3250 train_time:172.615s step_avg:158.80ms
step:1088/3250 train_time:172.775s step_avg:158.80ms
step:1089/3250 train_time:172.937s step_avg:158.80ms
step:1090/3250 train_time:173.098s step_avg:158.81ms
step:1091/3250 train_time:173.260s step_avg:158.81ms
step:1092/3250 train_time:173.421s step_avg:158.81ms
step:1093/3250 train_time:173.582s step_avg:158.81ms
step:1094/3250 train_time:173.742s step_avg:158.81ms
step:1095/3250 train_time:173.903s step_avg:158.82ms
step:1096/3250 train_time:174.064s step_avg:158.82ms
step:1097/3250 train_time:174.224s step_avg:158.82ms
step:1098/3250 train_time:174.385s step_avg:158.82ms
step:1099/3250 train_time:174.545s step_avg:158.82ms
step:1100/3250 train_time:174.706s step_avg:158.82ms
step:1101/3250 train_time:174.866s step_avg:158.83ms
step:1102/3250 train_time:175.026s step_avg:158.83ms
step:1103/3250 train_time:175.186s step_avg:158.83ms
step:1104/3250 train_time:175.346s step_avg:158.83ms
step:1105/3250 train_time:175.505s step_avg:158.83ms
step:1106/3250 train_time:175.666s step_avg:158.83ms
step:1107/3250 train_time:175.828s step_avg:158.83ms
step:1108/3250 train_time:175.989s step_avg:158.83ms
step:1109/3250 train_time:176.149s step_avg:158.84ms
step:1110/3250 train_time:176.309s step_avg:158.84ms
step:1111/3250 train_time:176.470s step_avg:158.84ms
step:1112/3250 train_time:176.630s step_avg:158.84ms
step:1113/3250 train_time:176.792s step_avg:158.84ms
step:1114/3250 train_time:176.953s step_avg:158.84ms
step:1115/3250 train_time:177.113s step_avg:158.85ms
step:1116/3250 train_time:177.275s step_avg:158.85ms
step:1117/3250 train_time:177.437s step_avg:158.85ms
step:1118/3250 train_time:177.600s step_avg:158.85ms
step:1119/3250 train_time:177.762s step_avg:158.86ms
step:1120/3250 train_time:177.922s step_avg:158.86ms
step:1121/3250 train_time:178.086s step_avg:158.86ms
step:1122/3250 train_time:178.245s step_avg:158.86ms
step:1123/3250 train_time:178.407s step_avg:158.87ms
step:1124/3250 train_time:178.566s step_avg:158.87ms
step:1125/3250 train_time:178.726s step_avg:158.87ms
step:1125/3250 val_loss:3.63018 train_time:178.726s step_avg:166.90ms
probe_ema: n=84934656 align=-0.51183,-0.47839,-0.44479,-0.41154,-0.37967,-0.34998,-0.32200,-0.29127 rel_mse=1.06743,1.04780,1.03348,1.02325,1.01605,1.01107,1.00763,1.00519
step:1126/3250 train_time:178.887s step_avg:158.87ms
step:1127/3250 train_time:179.048s step_avg:158.87ms
step:1128/3250 train_time:179.209s step_avg:158.87ms
step:1129/3250 train_time:179.372s step_avg:158.88ms
step:1130/3250 train_time:179.535s step_avg:158.88ms
step:1131/3250 train_time:179.695s step_avg:158.88ms
step:1132/3250 train_time:179.855s step_avg:158.88ms
step:1133/3250 train_time:180.017s step_avg:158.88ms
step:1134/3250 train_time:180.177s step_avg:158.89ms
step:1135/3250 train_time:180.338s step_avg:158.89ms
step:1136/3250 train_time:180.499s step_avg:158.89ms
step:1137/3250 train_time:180.659s step_avg:158.89ms
step:1138/3250 train_time:180.819s step_avg:158.89ms
step:1139/3250 train_time:180.979s step_avg:158.89ms
step:1140/3250 train_time:181.140s step_avg:158.89ms
step:1141/3250 train_time:181.349s step_avg:158.94ms
step:1142/3250 train_time:181.511s step_avg:158.94ms
step:1143/3250 train_time:181.673s step_avg:158.94ms
step:1144/3250 train_time:181.833s step_avg:158.94ms
step:1145/3250 train_time:181.993s step_avg:158.95ms
step:1146/3250 train_time:182.153s step_avg:158.95ms
step:1147/3250 train_time:182.314s step_avg:158.95ms
step:1148/3250 train_time:182.475s step_avg:158.95ms
step:1149/3250 train_time:182.637s step_avg:158.95ms
step:1150/3250 train_time:182.798s step_avg:158.96ms
step:1151/3250 train_time:182.960s step_avg:158.96ms
step:1152/3250 train_time:183.119s step_avg:158.96ms
step:1153/3250 train_time:183.281s step_avg:158.96ms
step:1154/3250 train_time:183.440s step_avg:158.96ms
step:1155/3250 train_time:183.600s step_avg:158.96ms
step:1156/3250 train_time:183.762s step_avg:158.96ms
step:1157/3250 train_time:183.921s step_avg:158.96ms
step:1158/3250 train_time:184.083s step_avg:158.97ms
step:1159/3250 train_time:184.242s step_avg:158.97ms
step:1160/3250 train_time:184.403s step_avg:158.97ms
step:1161/3250 train_time:184.564s step_avg:158.97ms
step:1162/3250 train_time:184.724s step_avg:158.97ms
step:1163/3250 train_time:184.885s step_avg:158.97ms
step:1164/3250 train_time:185.045s step_avg:158.97ms
step:1165/3250 train_time:185.206s step_avg:158.98ms
step:1166/3250 train_time:185.367s step_avg:158.98ms
step:1167/3250 train_time:185.528s step_avg:158.98ms
step:1168/3250 train_time:185.689s step_avg:158.98ms
step:1169/3250 train_time:185.850s step_avg:158.98ms
step:1170/3250 train_time:186.012s step_avg:158.98ms
step:1171/3250 train_time:186.174s step_avg:158.99ms
step:1172/3250 train_time:186.334s step_avg:158.99ms
step:1173/3250 train_time:186.495s step_avg:158.99ms
step:1174/3250 train_time:186.655s step_avg:158.99ms
step:1175/3250 train_time:186.816s step_avg:158.99ms
step:1176/3250 train_time:186.980s step_avg:159.00ms
step:1177/3250 train_time:187.140s step_avg:159.00ms
step:1178/3250 train_time:187.300s step_avg:159.00ms
step:1179/3250 train_time:187.459s step_avg:159.00ms
step:1180/3250 train_time:187.620s step_avg:159.00ms
step:1181/3250 train_time:187.780s step_avg:159.00ms
step:1182/3250 train_time:187.940s step_avg:159.00ms
step:1183/3250 train_time:188.101s step_avg:159.00ms
step:1184/3250 train_time:188.261s step_avg:159.00ms
step:1185/3250 train_time:188.420s step_avg:159.00ms
step:1186/3250 train_time:188.580s step_avg:159.00ms
step:1187/3250 train_time:188.740s step_avg:159.01ms
step:1188/3250 train_time:188.902s step_avg:159.01ms
step:1189/3250 train_time:189.062s step_avg:159.01ms
step:1190/3250 train_time:189.221s step_avg:159.01ms
step:1191/3250 train_time:189.381s step_avg:159.01ms
step:1192/3250 train_time:189.542s step_avg:159.01ms
step:1193/3250 train_time:189.705s step_avg:159.02ms
step:1194/3250 train_time:189.866s step_avg:159.02ms
step:1195/3250 train_time:190.025s step_avg:159.02ms
step:1196/3250 train_time:190.186s step_avg:159.02ms
step:1197/3250 train_time:190.348s step_avg:159.02ms
step:1198/3250 train_time:190.508s step_avg:159.02ms
step:1199/3250 train_time:190.668s step_avg:159.02ms
step:1200/3250 train_time:190.829s step_avg:159.02ms
step:1201/3250 train_time:190.992s step_avg:159.03ms
step:1202/3250 train_time:191.153s step_avg:159.03ms
step:1203/3250 train_time:191.316s step_avg:159.03ms
step:1204/3250 train_time:191.476s step_avg:159.03ms
step:1205/3250 train_time:191.636s step_avg:159.03ms
step:1206/3250 train_time:191.797s step_avg:159.04ms
step:1207/3250 train_time:191.956s step_avg:159.04ms
step:1208/3250 train_time:192.119s step_avg:159.04ms
step:1209/3250 train_time:192.278s step_avg:159.04ms
step:1210/3250 train_time:192.439s step_avg:159.04ms
step:1211/3250 train_time:192.600s step_avg:159.04ms
step:1212/3250 train_time:192.760s step_avg:159.04ms
step:1213/3250 train_time:192.920s step_avg:159.04ms
step:1214/3250 train_time:193.084s step_avg:159.05ms
step:1215/3250 train_time:193.245s step_avg:159.05ms
step:1216/3250 train_time:193.407s step_avg:159.05ms
step:1217/3250 train_time:193.568s step_avg:159.05ms
step:1218/3250 train_time:193.728s step_avg:159.05ms
step:1219/3250 train_time:193.890s step_avg:159.06ms
step:1220/3250 train_time:194.052s step_avg:159.06ms
step:1221/3250 train_time:194.214s step_avg:159.06ms
step:1222/3250 train_time:194.375s step_avg:159.06ms
step:1223/3250 train_time:194.537s step_avg:159.07ms
step:1224/3250 train_time:194.698s step_avg:159.07ms
step:1225/3250 train_time:194.858s step_avg:159.07ms
step:1226/3250 train_time:195.019s step_avg:159.07ms
step:1227/3250 train_time:195.180s step_avg:159.07ms
step:1228/3250 train_time:195.341s step_avg:159.07ms
step:1229/3250 train_time:195.504s step_avg:159.08ms
step:1230/3250 train_time:195.666s step_avg:159.08ms
step:1231/3250 train_time:195.826s step_avg:159.08ms
step:1232/3250 train_time:195.987s step_avg:159.08ms
step:1233/3250 train_time:196.149s step_avg:159.08ms
step:1234/3250 train_time:196.312s step_avg:159.09ms
step:1235/3250 train_time:196.474s step_avg:159.09ms
step:1236/3250 train_time:196.635s step_avg:159.09ms
step:1237/3250 train_time:196.797s step_avg:159.09ms
step:1238/3250 train_time:196.957s step_avg:159.09ms
step:1239/3250 train_time:197.118s step_avg:159.09ms
step:1240/3250 train_time:197.279s step_avg:159.10ms
step:1241/3250 train_time:197.438s step_avg:159.10ms
step:1242/3250 train_time:197.600s step_avg:159.10ms
step:1243/3250 train_time:197.760s step_avg:159.10ms
step:1244/3250 train_time:197.921s step_avg:159.10ms
step:1245/3250 train_time:198.081s step_avg:159.10ms
step:1246/3250 train_time:198.240s step_avg:159.10ms
step:1247/3250 train_time:198.400s step_avg:159.10ms
step:1248/3250 train_time:198.559s step_avg:159.10ms
step:1249/3250 train_time:198.719s step_avg:159.10ms
step:1250/3250 train_time:198.879s step_avg:159.10ms
step:1250/3250 val_loss:3.58752 train_time:198.880s step_avg:161.23ms
probe_ema: n=84934656 align=-0.50263,-0.46387,-0.42706,-0.39282,-0.36136,-0.33238,-0.30496,-0.27719 rel_mse=1.06794,1.04769,1.03315,1.02289,1.01574,1.01079,1.00740,1.00507
step:1251/3250 train_time:199.043s step_avg:159.11ms
step:1252/3250 train_time:199.203s step_avg:159.11ms
step:1253/3250 train_time:199.364s step_avg:159.11ms
step:1254/3250 train_time:199.527s step_avg:159.11ms
step:1255/3250 train_time:199.686s step_avg:159.11ms
step:1256/3250 train_time:199.848s step_avg:159.11ms
step:1257/3250 train_time:200.008s step_avg:159.12ms
step:1258/3250 train_time:200.166s step_avg:159.11ms
step:1259/3250 train_time:200.327s step_avg:159.12ms
step:1260/3250 train_time:200.488s step_avg:159.12ms
step:1261/3250 train_time:200.649s step_avg:159.12ms
step:1262/3250 train_time:200.811s step_avg:159.12ms
step:1263/3250 train_time:200.970s step_avg:159.12ms
step:1264/3250 train_time:201.130s step_avg:159.12ms
step:1265/3250 train_time:201.291s step_avg:159.12ms
step:1266/3250 train_time:201.452s step_avg:159.12ms
step:1267/3250 train_time:201.615s step_avg:159.13ms
step:1268/3250 train_time:201.774s step_avg:159.13ms
step:1269/3250 train_time:201.936s step_avg:159.13ms
step:1270/3250 train_time:202.097s step_avg:159.13ms
step:1271/3250 train_time:202.259s step_avg:159.13ms
step:1272/3250 train_time:202.422s step_avg:159.14ms
step:1273/3250 train_time:202.583s step_avg:159.14ms
step:1274/3250 train_time:202.745s step_avg:159.14ms
step:1275/3250 train_time:202.905s step_avg:159.14ms
step:1276/3250 train_time:203.067s step_avg:159.14ms
step:1277/3250 train_time:203.227s step_avg:159.14ms
step:1278/3250 train_time:203.387s step_avg:159.14ms
step:1279/3250 train_time:203.546s step_avg:159.14ms
step:1280/3250 train_time:203.705s step_avg:159.14ms
step:1281/3250 train_time:203.867s step_avg:159.15ms
step:1282/3250 train_time:204.028s step_avg:159.15ms
step:1283/3250 train_time:204.188s step_avg:159.15ms
step:1284/3250 train_time:204.349s step_avg:159.15ms
step:1285/3250 train_time:204.510s step_avg:159.15ms
step:1286/3250 train_time:204.671s step_avg:159.15ms
step:1287/3250 train_time:204.832s step_avg:159.15ms
step:1288/3250 train_time:204.994s step_avg:159.16ms
step:1289/3250 train_time:205.155s step_avg:159.16ms
step:1290/3250 train_time:205.317s step_avg:159.16ms
step:1291/3250 train_time:205.476s step_avg:159.16ms
step:1292/3250 train_time:205.637s step_avg:159.16ms
step:1293/3250 train_time:205.798s step_avg:159.16ms
step:1294/3250 train_time:205.961s step_avg:159.17ms
step:1295/3250 train_time:206.123s step_avg:159.17ms
step:1296/3250 train_time:206.285s step_avg:159.17ms
step:1297/3250 train_time:206.446s step_avg:159.17ms
step:1298/3250 train_time:206.606s step_avg:159.17ms
step:1299/3250 train_time:206.768s step_avg:159.17ms
step:1300/3250 train_time:206.929s step_avg:159.18ms
step:1301/3250 train_time:207.091s step_avg:159.18ms
step:1302/3250 train_time:207.252s step_avg:159.18ms
step:1303/3250 train_time:207.413s step_avg:159.18ms
step:1304/3250 train_time:207.574s step_avg:159.18ms
step:1305/3250 train_time:207.735s step_avg:159.18ms
step:1306/3250 train_time:207.897s step_avg:159.19ms
step:1307/3250 train_time:208.059s step_avg:159.19ms
step:1308/3250 train_time:208.221s step_avg:159.19ms
step:1309/3250 train_time:208.382s step_avg:159.19ms
step:1310/3250 train_time:208.543s step_avg:159.19ms
step:1311/3250 train_time:208.705s step_avg:159.20ms
step:1312/3250 train_time:208.865s step_avg:159.20ms
step:1313/3250 train_time:209.026s step_avg:159.20ms
step:1314/3250 train_time:209.187s step_avg:159.20ms
step:1315/3250 train_time:209.349s step_avg:159.20ms
step:1316/3250 train_time:209.509s step_avg:159.20ms
step:1317/3250 train_time:209.668s step_avg:159.20ms
step:1318/3250 train_time:209.830s step_avg:159.20ms
step:1319/3250 train_time:209.991s step_avg:159.20ms
step:1320/3250 train_time:210.152s step_avg:159.21ms
step:1321/3250 train_time:210.313s step_avg:159.21ms
step:1322/3250 train_time:210.473s step_avg:159.21ms
step:1323/3250 train_time:210.634s step_avg:159.21ms
step:1324/3250 train_time:210.793s step_avg:159.21ms
step:1325/3250 train_time:210.955s step_avg:159.21ms
step:1326/3250 train_time:211.117s step_avg:159.21ms
step:1327/3250 train_time:211.277s step_avg:159.21ms
step:1328/3250 train_time:211.441s step_avg:159.22ms
step:1329/3250 train_time:211.601s step_avg:159.22ms
step:1330/3250 train_time:211.763s step_avg:159.22ms
step:1331/3250 train_time:211.970s step_avg:159.26ms
step:1332/3250 train_time:212.131s step_avg:159.26ms
step:1333/3250 train_time:212.291s step_avg:159.26ms
step:1334/3250 train_time:212.452s step_avg:159.26ms
step:1335/3250 train_time:212.613s step_avg:159.26ms
step:1336/3250 train_time:212.774s step_avg:159.26ms
step:1337/3250 train_time:212.935s step_avg:159.26ms
step:1338/3250 train_time:213.096s step_avg:159.26ms
step:1339/3250 train_time:213.256s step_avg:159.27ms
step:1340/3250 train_time:213.419s step_avg:159.27ms
step:1341/3250 train_time:213.581s step_avg:159.27ms
step:1342/3250 train_time:213.742s step_avg:159.27ms
step:1343/3250 train_time:213.903s step_avg:159.27ms
step:1344/3250 train_time:214.066s step_avg:159.28ms
step:1345/3250 train_time:214.227s step_avg:159.28ms
step:1346/3250 train_time:214.388s step_avg:159.28ms
step:1347/3250 train_time:214.549s step_avg:159.28ms
step:1348/3250 train_time:214.708s step_avg:159.28ms
step:1349/3250 train_time:214.868s step_avg:159.28ms
step:1350/3250 train_time:215.029s step_avg:159.28ms
step:1351/3250 train_time:215.190s step_avg:159.28ms
step:1352/3250 train_time:215.352s step_avg:159.28ms
step:1353/3250 train_time:215.514s step_avg:159.29ms
step:1354/3250 train_time:215.673s step_avg:159.29ms
step:1355/3250 train_time:215.834s step_avg:159.29ms
step:1356/3250 train_time:215.994s step_avg:159.29ms
step:1357/3250 train_time:216.158s step_avg:159.29ms
step:1358/3250 train_time:216.320s step_avg:159.29ms
step:1359/3250 train_time:216.481s step_avg:159.29ms
step:1360/3250 train_time:216.643s step_avg:159.30ms
step:1361/3250 train_time:216.803s step_avg:159.30ms
step:1362/3250 train_time:216.966s step_avg:159.30ms
step:1363/3250 train_time:217.126s step_avg:159.30ms
step:1364/3250 train_time:217.286s step_avg:159.30ms
step:1365/3250 train_time:217.447s step_avg:159.30ms
step:1366/3250 train_time:217.607s step_avg:159.30ms
step:1367/3250 train_time:217.767s step_avg:159.30ms
step:1368/3250 train_time:217.926s step_avg:159.30ms
step:1369/3250 train_time:218.088s step_avg:159.30ms
step:1370/3250 train_time:218.248s step_avg:159.31ms
step:1371/3250 train_time:218.408s step_avg:159.31ms
step:1372/3250 train_time:218.568s step_avg:159.31ms
step:1373/3250 train_time:218.729s step_avg:159.31ms
step:1374/3250 train_time:218.891s step_avg:159.31ms
step:1375/3250 train_time:219.052s step_avg:159.31ms
step:1375/3250 val_loss:3.55774 train_time:219.053s step_avg:161.38ms
probe_ema: n=84934656 align=-0.41105,-0.37699,-0.34571,-0.31801,-0.29353,-0.27110,-0.24907,-0.22562 rel_mse=1.05912,1.04255,1.03009,1.02098,1.01447,1.00988,1.00670,1.00449
step:1376/3250 train_time:219.217s step_avg:159.31ms
step:1377/3250 train_time:219.378s step_avg:159.32ms
step:1378/3250 train_time:219.540s step_avg:159.32ms
step:1379/3250 train_time:219.700s step_avg:159.32ms
step:1380/3250 train_time:219.861s step_avg:159.32ms
step:1381/3250 train_time:220.020s step_avg:159.32ms
step:1382/3250 train_time:220.182s step_avg:159.32ms
step:1383/3250 train_time:220.343s step_avg:159.32ms
step:1384/3250 train_time:220.504s step_avg:159.32ms
step:1385/3250 train_time:220.666s step_avg:159.33ms
step:1386/3250 train_time:220.826s step_avg:159.33ms
step:1387/3250 train_time:220.987s step_avg:159.33ms
step:1388/3250 train_time:221.147s step_avg:159.33ms
step:1389/3250 train_time:221.310s step_avg:159.33ms
step:1390/3250 train_time:221.473s step_avg:159.33ms
step:1391/3250 train_time:221.634s step_avg:159.33ms
step:1392/3250 train_time:221.796s step_avg:159.34ms
step:1393/3250 train_time:221.956s step_avg:159.34ms
step:1394/3250 train_time:222.117s step_avg:159.34ms
step:1395/3250 train_time:222.280s step_avg:159.34ms
step:1396/3250 train_time:222.440s step_avg:159.34ms
step:1397/3250 train_time:222.602s step_avg:159.34ms
step:1398/3250 train_time:222.761s step_avg:159.34ms
step:1399/3250 train_time:222.921s step_avg:159.34ms
step:1400/3250 train_time:223.084s step_avg:159.35ms
step:1401/3250 train_time:223.243s step_avg:159.35ms
step:1402/3250 train_time:223.406s step_avg:159.35ms
step:1403/3250 train_time:223.567s step_avg:159.35ms
step:1404/3250 train_time:223.728s step_avg:159.35ms
step:1405/3250 train_time:223.890s step_avg:159.35ms
step:1406/3250 train_time:224.052s step_avg:159.35ms
step:1407/3250 train_time:224.213s step_avg:159.36ms
step:1408/3250 train_time:224.375s step_avg:159.36ms
step:1409/3250 train_time:224.535s step_avg:159.36ms
step:1410/3250 train_time:224.698s step_avg:159.36ms
step:1411/3250 train_time:224.859s step_avg:159.36ms
step:1412/3250 train_time:225.019s step_avg:159.36ms
step:1413/3250 train_time:225.180s step_avg:159.36ms
step:1414/3250 train_time:225.340s step_avg:159.36ms
step:1415/3250 train_time:225.502s step_avg:159.37ms
step:1416/3250 train_time:225.662s step_avg:159.37ms
step:1417/3250 train_time:225.821s step_avg:159.37ms
step:1418/3250 train_time:225.984s step_avg:159.37ms
step:1419/3250 train_time:226.145s step_avg:159.37ms
step:1420/3250 train_time:226.308s step_avg:159.37ms
step:1421/3250 train_time:226.468s step_avg:159.37ms
step:1422/3250 train_time:226.629s step_avg:159.37ms
step:1423/3250 train_time:226.791s step_avg:159.38ms
step:1424/3250 train_time:226.953s step_avg:159.38ms
step:1425/3250 train_time:227.116s step_avg:159.38ms
step:1426/3250 train_time:227.277s step_avg:159.38ms
step:1427/3250 train_time:227.438s step_avg:159.38ms
step:1428/3250 train_time:227.600s step_avg:159.38ms
step:1429/3250 train_time:227.759s step_avg:159.38ms
step:1430/3250 train_time:227.920s step_avg:159.38ms
step:1431/3250 train_time:228.080s step_avg:159.39ms
step:1432/3250 train_time:228.241s step_avg:159.39ms
step:1433/3250 train_time:228.403s step_avg:159.39ms
step:1434/3250 train_time:228.565s step_avg:159.39ms
step:1435/3250 train_time:228.726s step_avg:159.39ms
step:1436/3250 train_time:228.887s step_avg:159.39ms
step:1437/3250 train_time:229.049s step_avg:159.39ms
step:1438/3250 train_time:229.209s step_avg:159.39ms
step:1439/3250 train_time:229.371s step_avg:159.40ms
step:1440/3250 train_time:229.533s step_avg:159.40ms
step:1441/3250 train_time:229.693s step_avg:159.40ms
step:1442/3250 train_time:229.854s step_avg:159.40ms
step:1443/3250 train_time:230.017s step_avg:159.40ms
step:1444/3250 train_time:230.178s step_avg:159.40ms
step:1445/3250 train_time:230.340s step_avg:159.40ms
step:1446/3250 train_time:230.500s step_avg:159.41ms
step:1447/3250 train_time:230.660s step_avg:159.41ms
step:1448/3250 train_time:230.820s step_avg:159.41ms
step:1449/3250 train_time:230.982s step_avg:159.41ms
step:1450/3250 train_time:231.143s step_avg:159.41ms
step:1451/3250 train_time:231.305s step_avg:159.41ms
step:1452/3250 train_time:231.467s step_avg:159.41ms
step:1453/3250 train_time:231.628s step_avg:159.41ms
step:1454/3250 train_time:231.787s step_avg:159.41ms
step:1455/3250 train_time:231.949s step_avg:159.41ms
step:1456/3250 train_time:232.110s step_avg:159.42ms
step:1457/3250 train_time:232.273s step_avg:159.42ms
step:1458/3250 train_time:232.434s step_avg:159.42ms
step:1459/3250 train_time:232.596s step_avg:159.42ms
step:1460/3250 train_time:232.758s step_avg:159.42ms
step:1461/3250 train_time:232.918s step_avg:159.42ms
step:1462/3250 train_time:233.079s step_avg:159.42ms
step:1463/3250 train_time:233.241s step_avg:159.43ms
step:1464/3250 train_time:233.401s step_avg:159.43ms
step:1465/3250 train_time:233.563s step_avg:159.43ms
step:1466/3250 train_time:233.722s step_avg:159.43ms
step:1467/3250 train_time:233.883s step_avg:159.43ms
step:1468/3250 train_time:234.044s step_avg:159.43ms
step:1469/3250 train_time:234.205s step_avg:159.43ms
step:1470/3250 train_time:234.367s step_avg:159.43ms
step:1471/3250 train_time:234.527s step_avg:159.43ms
step:1472/3250 train_time:234.688s step_avg:159.43ms
step:1473/3250 train_time:234.850s step_avg:159.44ms
step:1474/3250 train_time:235.011s step_avg:159.44ms
step:1475/3250 train_time:235.173s step_avg:159.44ms
step:1476/3250 train_time:235.335s step_avg:159.44ms
step:1477/3250 train_time:235.497s step_avg:159.44ms
step:1478/3250 train_time:235.659s step_avg:159.44ms
step:1479/3250 train_time:235.819s step_avg:159.45ms
step:1480/3250 train_time:235.982s step_avg:159.45ms
step:1481/3250 train_time:236.142s step_avg:159.45ms
step:1482/3250 train_time:236.302s step_avg:159.45ms
step:1483/3250 train_time:236.463s step_avg:159.45ms
step:1484/3250 train_time:236.623s step_avg:159.45ms
step:1485/3250 train_time:236.785s step_avg:159.45ms
step:1486/3250 train_time:236.946s step_avg:159.45ms
step:1487/3250 train_time:237.106s step_avg:159.45ms
step:1488/3250 train_time:237.269s step_avg:159.46ms
step:1489/3250 train_time:237.431s step_avg:159.46ms
step:1490/3250 train_time:237.595s step_avg:159.46ms
step:1491/3250 train_time:237.755s step_avg:159.46ms
step:1492/3250 train_time:237.916s step_avg:159.46ms
step:1493/3250 train_time:238.078s step_avg:159.46ms
step:1494/3250 train_time:238.239s step_avg:159.46ms
step:1495/3250 train_time:238.402s step_avg:159.47ms
step:1496/3250 train_time:238.562s step_avg:159.47ms
step:1497/3250 train_time:238.721s step_avg:159.47ms
step:1498/3250 train_time:238.882s step_avg:159.47ms
step:1499/3250 train_time:239.043s step_avg:159.47ms
step:1500/3250 train_time:239.206s step_avg:159.47ms
step:1500/3250 val_loss:3.52820 train_time:239.207s step_avg:161.24ms
probe_ema: n=84934656 align=-0.47955,-0.44672,-0.41485,-0.38451,-0.35619,-0.33001,-0.30553,-0.28174 rel_mse=1.06403,1.04527,1.03160,1.02187,1.01506,1.01034,1.00709,1.00486
step:1501/3250 train_time:239.369s step_avg:159.47ms
step:1502/3250 train_time:239.530s step_avg:159.47ms
step:1503/3250 train_time:239.690s step_avg:159.47ms
step:1504/3250 train_time:239.850s step_avg:159.47ms
step:1505/3250 train_time:240.010s step_avg:159.48ms
step:1506/3250 train_time:240.170s step_avg:159.48ms
step:1507/3250 train_time:240.330s step_avg:159.48ms
step:1508/3250 train_time:240.491s step_avg:159.48ms
step:1509/3250 train_time:240.652s step_avg:159.48ms
step:1510/3250 train_time:240.814s step_avg:159.48ms
step:1511/3250 train_time:240.976s step_avg:159.48ms
step:1512/3250 train_time:241.138s step_avg:159.48ms
step:1513/3250 train_time:241.297s step_avg:159.48ms
step:1514/3250 train_time:241.459s step_avg:159.48ms
step:1515/3250 train_time:241.622s step_avg:159.49ms
step:1516/3250 train_time:241.785s step_avg:159.49ms
step:1517/3250 train_time:241.950s step_avg:159.49ms
step:1518/3250 train_time:242.111s step_avg:159.49ms
step:1519/3250 train_time:242.271s step_avg:159.49ms
step:1520/3250 train_time:242.432s step_avg:159.49ms
step:1521/3250 train_time:242.641s step_avg:159.53ms
step:1522/3250 train_time:242.802s step_avg:159.53ms
step:1523/3250 train_time:242.964s step_avg:159.53ms
step:1524/3250 train_time:243.126s step_avg:159.53ms
step:1525/3250 train_time:243.287s step_avg:159.53ms
step:1526/3250 train_time:243.448s step_avg:159.53ms
step:1527/3250 train_time:243.607s step_avg:159.53ms
step:1528/3250 train_time:243.768s step_avg:159.53ms
step:1529/3250 train_time:243.928s step_avg:159.53ms
step:1530/3250 train_time:244.089s step_avg:159.54ms
step:1531/3250 train_time:244.250s step_avg:159.54ms
step:1532/3250 train_time:244.409s step_avg:159.54ms
step:1533/3250 train_time:244.570s step_avg:159.54ms
step:1534/3250 train_time:244.729s step_avg:159.54ms
step:1535/3250 train_time:244.889s step_avg:159.54ms
step:1536/3250 train_time:245.049s step_avg:159.54ms
step:1537/3250 train_time:245.210s step_avg:159.54ms
step:1538/3250 train_time:245.369s step_avg:159.54ms
step:1539/3250 train_time:245.529s step_avg:159.54ms
step:1540/3250 train_time:245.689s step_avg:159.54ms
step:1541/3250 train_time:245.849s step_avg:159.54ms
step:1542/3250 train_time:246.010s step_avg:159.54ms
step:1543/3250 train_time:246.170s step_avg:159.54ms
step:1544/3250 train_time:246.331s step_avg:159.54ms
step:1545/3250 train_time:246.493s step_avg:159.54ms
step:1546/3250 train_time:246.655s step_avg:159.54ms
step:1547/3250 train_time:246.817s step_avg:159.55ms
step:1548/3250 train_time:246.980s step_avg:159.55ms
step:1549/3250 train_time:247.141s step_avg:159.55ms
step:1550/3250 train_time:247.303s step_avg:159.55ms
step:1551/3250 train_time:247.465s step_avg:159.55ms
step:1552/3250 train_time:247.627s step_avg:159.55ms
step:1553/3250 train_time:247.789s step_avg:159.55ms
step:1554/3250 train_time:247.949s step_avg:159.56ms
step:1555/3250 train_time:248.108s step_avg:159.56ms
step:1556/3250 train_time:248.269s step_avg:159.56ms
step:1557/3250 train_time:248.429s step_avg:159.56ms
step:1558/3250 train_time:248.591s step_avg:159.56ms
step:1559/3250 train_time:248.752s step_avg:159.56ms
step:1560/3250 train_time:248.913s step_avg:159.56ms
step:1561/3250 train_time:249.073s step_avg:159.56ms
step:1562/3250 train_time:249.234s step_avg:159.56ms
step:1563/3250 train_time:249.397s step_avg:159.56ms
step:1564/3250 train_time:249.557s step_avg:159.56ms
step:1565/3250 train_time:249.719s step_avg:159.56ms
step:1566/3250 train_time:249.881s step_avg:159.57ms
step:1567/3250 train_time:250.044s step_avg:159.57ms
step:1568/3250 train_time:250.204s step_avg:159.57ms
step:1569/3250 train_time:250.366s step_avg:159.57ms
step:1570/3250 train_time:250.526s step_avg:159.57ms
step:1571/3250 train_time:250.687s step_avg:159.57ms
step:1572/3250 train_time:250.850s step_avg:159.57ms
step:1573/3250 train_time:251.011s step_avg:159.57ms
step:1574/3250 train_time:251.170s step_avg:159.57ms
step:1575/3250 train_time:251.332s step_avg:159.58ms
step:1576/3250 train_time:251.492s step_avg:159.58ms
step:1577/3250 train_time:251.656s step_avg:159.58ms
step:1578/3250 train_time:251.817s step_avg:159.58ms
step:1579/3250 train_time:251.979s step_avg:159.58ms
step:1580/3250 train_time:252.141s step_avg:159.58ms
step:1581/3250 train_time:252.301s step_avg:159.58ms
step:1582/3250 train_time:252.466s step_avg:159.59ms
step:1583/3250 train_time:252.626s step_avg:159.59ms
step:1584/3250 train_time:252.787s step_avg:159.59ms
step:1585/3250 train_time:252.948s step_avg:159.59ms
step:1586/3250 train_time:253.108s step_avg:159.59ms
step:1587/3250 train_time:253.269s step_avg:159.59ms
step:1588/3250 train_time:253.430s step_avg:159.59ms
step:1589/3250 train_time:253.589s step_avg:159.59ms
step:1590/3250 train_time:253.751s step_avg:159.59ms
step:1591/3250 train_time:253.910s step_avg:159.59ms
step:1592/3250 train_time:254.070s step_avg:159.59ms
step:1593/3250 train_time:254.230s step_avg:159.59ms
step:1594/3250 train_time:254.389s step_avg:159.59ms
step:1595/3250 train_time:254.553s step_avg:159.59ms
step:1596/3250 train_time:254.713s step_avg:159.59ms
step:1597/3250 train_time:254.872s step_avg:159.59ms
step:1598/3250 train_time:255.034s step_avg:159.60ms
step:1599/3250 train_time:255.196s step_avg:159.60ms
step:1600/3250 train_time:255.358s step_avg:159.60ms
step:1601/3250 train_time:255.518s step_avg:159.60ms
step:1602/3250 train_time:255.679s step_avg:159.60ms
step:1603/3250 train_time:255.842s step_avg:159.60ms
step:1604/3250 train_time:256.003s step_avg:159.60ms
step:1605/3250 train_time:256.166s step_avg:159.60ms
step:1606/3250 train_time:256.326s step_avg:159.61ms
step:1607/3250 train_time:256.486s step_avg:159.61ms
step:1608/3250 train_time:256.648s step_avg:159.61ms
step:1609/3250 train_time:256.808s step_avg:159.61ms
step:1610/3250 train_time:256.970s step_avg:159.61ms
step:1611/3250 train_time:257.130s step_avg:159.61ms
step:1612/3250 train_time:257.290s step_avg:159.61ms
step:1613/3250 train_time:257.450s step_avg:159.61ms
step:1614/3250 train_time:257.611s step_avg:159.61ms
step:1615/3250 train_time:257.772s step_avg:159.61ms
step:1616/3250 train_time:257.932s step_avg:159.61ms
step:1617/3250 train_time:258.092s step_avg:159.61ms
step:1618/3250 train_time:258.253s step_avg:159.61ms
step:1619/3250 train_time:258.415s step_avg:159.61ms
step:1620/3250 train_time:258.578s step_avg:159.62ms
step:1621/3250 train_time:258.740s step_avg:159.62ms
step:1622/3250 train_time:258.903s step_avg:159.62ms
step:1623/3250 train_time:259.065s step_avg:159.62ms
step:1624/3250 train_time:259.225s step_avg:159.62ms
step:1625/3250 train_time:259.387s step_avg:159.62ms
step:1625/3250 val_loss:3.50449 train_time:259.388s step_avg:161.45ms
probe_ema: n=84934656 align=-0.38762,-0.35862,-0.33190,-0.30650,-0.28165,-0.25723,-0.23294,-0.20774 rel_mse=1.05742,1.04085,1.02880,1.02016,1.01401,1.00964,1.00657,1.00441
step:1626/3250 train_time:259.553s step_avg:159.63ms
step:1627/3250 train_time:259.714s step_avg:159.63ms
step:1628/3250 train_time:259.877s step_avg:159.63ms
step:1629/3250 train_time:260.037s step_avg:159.63ms
step:1630/3250 train_time:260.198s step_avg:159.63ms
step:1631/3250 train_time:260.361s step_avg:159.63ms
step:1632/3250 train_time:260.523s step_avg:159.63ms
step:1633/3250 train_time:260.686s step_avg:159.64ms
step:1634/3250 train_time:260.849s step_avg:159.64ms
step:1635/3250 train_time:261.010s step_avg:159.64ms
step:1636/3250 train_time:261.174s step_avg:159.64ms
step:1637/3250 train_time:261.335s step_avg:159.64ms
step:1638/3250 train_time:261.498s step_avg:159.64ms
step:1639/3250 train_time:261.658s step_avg:159.65ms
step:1640/3250 train_time:261.819s step_avg:159.65ms
step:1641/3250 train_time:261.981s step_avg:159.65ms
step:1642/3250 train_time:262.142s step_avg:159.65ms
step:1643/3250 train_time:262.304s step_avg:159.65ms
step:1644/3250 train_time:262.465s step_avg:159.65ms
step:1645/3250 train_time:262.626s step_avg:159.65ms
step:1646/3250 train_time:262.785s step_avg:159.65ms
step:1647/3250 train_time:262.947s step_avg:159.65ms
step:1648/3250 train_time:263.110s step_avg:159.65ms
step:1649/3250 train_time:263.272s step_avg:159.66ms
step:1650/3250 train_time:263.433s step_avg:159.66ms
step:1651/3250 train_time:263.593s step_avg:159.66ms
step:1652/3250 train_time:263.755s step_avg:159.66ms
step:1653/3250 train_time:263.916s step_avg:159.66ms
step:1654/3250 train_time:264.079s step_avg:159.66ms
step:1655/3250 train_time:264.240s step_avg:159.66ms
step:1656/3250 train_time:264.401s step_avg:159.66ms
step:1657/3250 train_time:264.561s step_avg:159.66ms
step:1658/3250 train_time:264.721s step_avg:159.66ms
step:1659/3250 train_time:264.882s step_avg:159.66ms
step:1660/3250 train_time:265.043s step_avg:159.66ms
step:1661/3250 train_time:265.205s step_avg:159.67ms
step:1662/3250 train_time:265.364s step_avg:159.67ms
step:1663/3250 train_time:265.525s step_avg:159.67ms
step:1664/3250 train_time:265.687s step_avg:159.67ms
step:1665/3250 train_time:265.848s step_avg:159.67ms
step:1666/3250 train_time:266.009s step_avg:159.67ms
step:1667/3250 train_time:266.171s step_avg:159.67ms
step:1668/3250 train_time:266.334s step_avg:159.67ms
step:1669/3250 train_time:266.494s step_avg:159.67ms
step:1670/3250 train_time:266.654s step_avg:159.67ms
step:1671/3250 train_time:266.815s step_avg:159.67ms
step:1672/3250 train_time:266.975s step_avg:159.67ms
step:1673/3250 train_time:267.138s step_avg:159.68ms
step:1674/3250 train_time:267.302s step_avg:159.68ms
step:1675/3250 train_time:267.463s step_avg:159.68ms
step:1676/3250 train_time:267.624s step_avg:159.68ms
step:1677/3250 train_time:267.786s step_avg:159.68ms
step:1678/3250 train_time:267.947s step_avg:159.68ms
step:1679/3250 train_time:268.107s step_avg:159.68ms
step:1680/3250 train_time:268.269s step_avg:159.68ms
step:1681/3250 train_time:268.430s step_avg:159.68ms
step:1682/3250 train_time:268.590s step_avg:159.69ms
step:1683/3250 train_time:268.753s step_avg:159.69ms
step:1684/3250 train_time:268.914s step_avg:159.69ms
step:1685/3250 train_time:269.074s step_avg:159.69ms
step:1686/3250 train_time:269.234s step_avg:159.69ms
step:1687/3250 train_time:269.396s step_avg:159.69ms
step:1688/3250 train_time:269.556s step_avg:159.69ms
step:1689/3250 train_time:269.717s step_avg:159.69ms
step:1690/3250 train_time:269.878s step_avg:159.69ms
step:1691/3250 train_time:270.038s step_avg:159.69ms
step:1692/3250 train_time:270.198s step_avg:159.69ms
step:1693/3250 train_time:270.360s step_avg:159.69ms
step:1694/3250 train_time:270.521s step_avg:159.69ms
step:1695/3250 train_time:270.681s step_avg:159.69ms
step:1696/3250 train_time:270.841s step_avg:159.69ms
step:1697/3250 train_time:271.002s step_avg:159.69ms
step:1698/3250 train_time:271.164s step_avg:159.70ms
step:1699/3250 train_time:271.326s step_avg:159.70ms
step:1700/3250 train_time:271.487s step_avg:159.70ms
step:1701/3250 train_time:271.649s step_avg:159.70ms
step:1702/3250 train_time:271.810s step_avg:159.70ms
step:1703/3250 train_time:271.973s step_avg:159.70ms
step:1704/3250 train_time:272.135s step_avg:159.70ms
step:1705/3250 train_time:272.298s step_avg:159.71ms
step:1706/3250 train_time:272.458s step_avg:159.71ms
step:1707/3250 train_time:272.618s step_avg:159.71ms
step:1708/3250 train_time:272.779s step_avg:159.71ms
step:1709/3250 train_time:272.938s step_avg:159.71ms
step:1710/3250 train_time:273.101s step_avg:159.71ms
step:1711/3250 train_time:273.316s step_avg:159.74ms
step:1712/3250 train_time:273.479s step_avg:159.74ms
step:1713/3250 train_time:273.639s step_avg:159.74ms
step:1714/3250 train_time:273.801s step_avg:159.74ms
step:1715/3250 train_time:273.961s step_avg:159.74ms
step:1716/3250 train_time:274.121s step_avg:159.74ms
step:1717/3250 train_time:274.283s step_avg:159.75ms
step:1718/3250 train_time:274.444s step_avg:159.75ms
step:1719/3250 train_time:274.604s step_avg:159.75ms
step:1720/3250 train_time:274.766s step_avg:159.75ms
step:1721/3250 train_time:274.925s step_avg:159.75ms
step:1722/3250 train_time:275.087s step_avg:159.75ms
step:1723/3250 train_time:275.247s step_avg:159.75ms
step:1724/3250 train_time:275.409s step_avg:159.75ms
step:1725/3250 train_time:275.571s step_avg:159.75ms
step:1726/3250 train_time:275.732s step_avg:159.75ms
step:1727/3250 train_time:275.894s step_avg:159.75ms
step:1728/3250 train_time:276.053s step_avg:159.75ms
step:1729/3250 train_time:276.214s step_avg:159.75ms
step:1730/3250 train_time:276.374s step_avg:159.75ms
step:1731/3250 train_time:276.537s step_avg:159.76ms
step:1732/3250 train_time:276.697s step_avg:159.76ms
step:1733/3250 train_time:276.856s step_avg:159.76ms
step:1734/3250 train_time:277.017s step_avg:159.76ms
step:1735/3250 train_time:277.179s step_avg:159.76ms
step:1736/3250 train_time:277.340s step_avg:159.76ms
step:1737/3250 train_time:277.501s step_avg:159.76ms
step:1738/3250 train_time:277.661s step_avg:159.76ms
step:1739/3250 train_time:277.822s step_avg:159.76ms
step:1740/3250 train_time:277.983s step_avg:159.76ms
step:1741/3250 train_time:278.146s step_avg:159.76ms
step:1742/3250 train_time:278.307s step_avg:159.76ms
step:1743/3250 train_time:278.467s step_avg:159.76ms
step:1744/3250 train_time:278.627s step_avg:159.76ms
step:1745/3250 train_time:278.790s step_avg:159.76ms
step:1746/3250 train_time:278.950s step_avg:159.77ms
step:1747/3250 train_time:279.112s step_avg:159.77ms
step:1748/3250 train_time:279.273s step_avg:159.77ms
step:1749/3250 train_time:279.435s step_avg:159.77ms
step:1750/3250 train_time:279.596s step_avg:159.77ms
step:1750/3250 val_loss:3.48175 train_time:279.596s step_avg:161.66ms
probe_ema: n=84934656 align=-0.38959,-0.36465,-0.34019,-0.31650,-0.29337,-0.27007,-0.24615,-0.22132 rel_mse=1.06160,1.04414,1.03125,1.02193,1.01527,1.01055,1.00721,1.00486
step:1751/3250 train_time:279.761s step_avg:159.77ms
step:1752/3250 train_time:279.925s step_avg:159.77ms
step:1753/3250 train_time:280.085s step_avg:159.77ms
step:1754/3250 train_time:280.246s step_avg:159.78ms
step:1755/3250 train_time:280.407s step_avg:159.78ms
step:1756/3250 train_time:280.567s step_avg:159.78ms
step:1757/3250 train_time:280.729s step_avg:159.78ms
step:1758/3250 train_time:280.890s step_avg:159.78ms
step:1759/3250 train_time:281.050s step_avg:159.78ms
step:1760/3250 train_time:281.210s step_avg:159.78ms
step:1761/3250 train_time:281.370s step_avg:159.78ms
step:1762/3250 train_time:281.530s step_avg:159.78ms
step:1763/3250 train_time:281.690s step_avg:159.78ms
step:1764/3250 train_time:281.851s step_avg:159.78ms
step:1765/3250 train_time:282.012s step_avg:159.78ms
step:1766/3250 train_time:282.171s step_avg:159.78ms
step:1767/3250 train_time:282.331s step_avg:159.78ms
step:1768/3250 train_time:282.491s step_avg:159.78ms
step:1769/3250 train_time:282.652s step_avg:159.78ms
step:1770/3250 train_time:282.813s step_avg:159.78ms
step:1771/3250 train_time:282.974s step_avg:159.78ms
step:1772/3250 train_time:283.135s step_avg:159.78ms
step:1773/3250 train_time:283.295s step_avg:159.78ms
step:1774/3250 train_time:283.458s step_avg:159.78ms
step:1775/3250 train_time:283.619s step_avg:159.79ms
step:1776/3250 train_time:283.779s step_avg:159.79ms
step:1777/3250 train_time:283.941s step_avg:159.79ms
step:1778/3250 train_time:284.103s step_avg:159.79ms
step:1779/3250 train_time:284.266s step_avg:159.79ms
step:1780/3250 train_time:284.427s step_avg:159.79ms
step:1781/3250 train_time:284.589s step_avg:159.79ms
step:1782/3250 train_time:284.750s step_avg:159.79ms
step:1783/3250 train_time:284.911s step_avg:159.79ms
step:1784/3250 train_time:285.072s step_avg:159.79ms
step:1785/3250 train_time:285.232s step_avg:159.79ms
step:1786/3250 train_time:285.392s step_avg:159.79ms
step:1787/3250 train_time:285.553s step_avg:159.79ms
step:1788/3250 train_time:285.715s step_avg:159.80ms
step:1789/3250 train_time:285.874s step_avg:159.80ms
step:1790/3250 train_time:286.037s step_avg:159.80ms
step:1791/3250 train_time:286.201s step_avg:159.80ms
step:1792/3250 train_time:286.361s step_avg:159.80ms
step:1793/3250 train_time:286.528s step_avg:159.80ms
step:1794/3250 train_time:286.690s step_avg:159.80ms
step:1795/3250 train_time:286.850s step_avg:159.81ms
step:1796/3250 train_time:287.010s step_avg:159.81ms
step:1797/3250 train_time:287.171s step_avg:159.81ms
step:1798/3250 train_time:287.331s step_avg:159.81ms
step:1799/3250 train_time:287.489s step_avg:159.81ms
step:1800/3250 train_time:287.651s step_avg:159.81ms
step:1801/3250 train_time:287.811s step_avg:159.81ms
step:1802/3250 train_time:287.971s step_avg:159.81ms
step:1803/3250 train_time:288.133s step_avg:159.81ms
step:1804/3250 train_time:288.293s step_avg:159.81ms
step:1805/3250 train_time:288.455s step_avg:159.81ms
step:1806/3250 train_time:288.616s step_avg:159.81ms
step:1807/3250 train_time:288.777s step_avg:159.81ms
step:1808/3250 train_time:288.940s step_avg:159.81ms
step:1809/3250 train_time:289.101s step_avg:159.81ms
step:1810/3250 train_time:289.264s step_avg:159.81ms
step:1811/3250 train_time:289.427s step_avg:159.82ms
step:1812/3250 train_time:289.587s step_avg:159.82ms
step:1813/3250 train_time:289.749s step_avg:159.82ms
step:1814/3250 train_time:289.915s step_avg:159.82ms
step:1815/3250 train_time:290.076s step_avg:159.82ms
step:1816/3250 train_time:290.238s step_avg:159.82ms
step:1817/3250 train_time:290.399s step_avg:159.82ms
step:1818/3250 train_time:290.561s step_avg:159.82ms
step:1819/3250 train_time:290.722s step_avg:159.83ms
step:1820/3250 train_time:290.884s step_avg:159.83ms
step:1821/3250 train_time:291.046s step_avg:159.83ms
step:1822/3250 train_time:291.205s step_avg:159.83ms
step:1823/3250 train_time:291.367s step_avg:159.83ms
step:1824/3250 train_time:291.528s step_avg:159.83ms
step:1825/3250 train_time:291.688s step_avg:159.83ms
step:1826/3250 train_time:291.848s step_avg:159.83ms
step:1827/3250 train_time:292.008s step_avg:159.83ms
step:1828/3250 train_time:292.169s step_avg:159.83ms
step:1829/3250 train_time:292.330s step_avg:159.83ms
step:1830/3250 train_time:292.492s step_avg:159.83ms
step:1831/3250 train_time:292.653s step_avg:159.83ms
step:1832/3250 train_time:292.813s step_avg:159.83ms
step:1833/3250 train_time:292.974s step_avg:159.83ms
step:1834/3250 train_time:293.134s step_avg:159.83ms
step:1835/3250 train_time:293.295s step_avg:159.83ms
step:1836/3250 train_time:293.457s step_avg:159.83ms
step:1837/3250 train_time:293.618s step_avg:159.84ms
step:1838/3250 train_time:293.778s step_avg:159.84ms
step:1839/3250 train_time:293.938s step_avg:159.84ms
step:1840/3250 train_time:294.101s step_avg:159.84ms
step:1841/3250 train_time:294.263s step_avg:159.84ms
step:1842/3250 train_time:294.425s step_avg:159.84ms
step:1843/3250 train_time:294.585s step_avg:159.84ms
step:1844/3250 train_time:294.747s step_avg:159.84ms
step:1845/3250 train_time:294.909s step_avg:159.84ms
step:1846/3250 train_time:295.069s step_avg:159.84ms
step:1847/3250 train_time:295.230s step_avg:159.84ms
step:1848/3250 train_time:295.390s step_avg:159.84ms
step:1849/3250 train_time:295.550s step_avg:159.84ms
step:1850/3250 train_time:295.712s step_avg:159.84ms
step:1851/3250 train_time:295.873s step_avg:159.84ms
step:1852/3250 train_time:296.033s step_avg:159.85ms
step:1853/3250 train_time:296.194s step_avg:159.85ms
step:1854/3250 train_time:296.355s step_avg:159.85ms
step:1855/3250 train_time:296.517s step_avg:159.85ms
step:1856/3250 train_time:296.676s step_avg:159.85ms
step:1857/3250 train_time:296.837s step_avg:159.85ms
step:1858/3250 train_time:296.996s step_avg:159.85ms
step:1859/3250 train_time:297.157s step_avg:159.85ms
step:1860/3250 train_time:297.318s step_avg:159.85ms
step:1861/3250 train_time:297.478s step_avg:159.85ms
step:1862/3250 train_time:297.638s step_avg:159.85ms
step:1863/3250 train_time:297.800s step_avg:159.85ms
step:1864/3250 train_time:297.963s step_avg:159.85ms
step:1865/3250 train_time:298.124s step_avg:159.85ms
step:1866/3250 train_time:298.284s step_avg:159.85ms
step:1867/3250 train_time:298.446s step_avg:159.85ms
step:1868/3250 train_time:298.607s step_avg:159.85ms
step:1869/3250 train_time:298.768s step_avg:159.85ms
step:1870/3250 train_time:298.931s step_avg:159.86ms
step:1871/3250 train_time:299.091s step_avg:159.86ms
step:1872/3250 train_time:299.253s step_avg:159.86ms
step:1873/3250 train_time:299.413s step_avg:159.86ms
step:1874/3250 train_time:299.572s step_avg:159.86ms
step:1875/3250 train_time:299.733s step_avg:159.86ms
step:1875/3250 val_loss:3.46202 train_time:299.733s step_avg:161.09ms
probe_ema: n=84934656 align=-0.43021,-0.40135,-0.37314,-0.34606,-0.32039,-0.29605,-0.27267,-0.24965 rel_mse=1.06109,1.04360,1.03074,1.02147,1.01488,1.01025,1.00702,1.00478
step:1876/3250 train_time:299.900s step_avg:159.86ms
step:1877/3250 train_time:300.060s step_avg:159.86ms
step:1878/3250 train_time:300.220s step_avg:159.86ms
step:1879/3250 train_time:300.380s step_avg:159.86ms
step:1880/3250 train_time:300.540s step_avg:159.86ms
step:1881/3250 train_time:300.702s step_avg:159.86ms
step:1882/3250 train_time:300.862s step_avg:159.86ms
step:1883/3250 train_time:301.022s step_avg:159.86ms
step:1884/3250 train_time:301.182s step_avg:159.86ms
step:1885/3250 train_time:301.342s step_avg:159.86ms
step:1886/3250 train_time:301.503s step_avg:159.86ms
step:1887/3250 train_time:301.663s step_avg:159.86ms
step:1888/3250 train_time:301.823s step_avg:159.86ms
step:1889/3250 train_time:301.983s step_avg:159.86ms
step:1890/3250 train_time:302.144s step_avg:159.86ms
step:1891/3250 train_time:302.306s step_avg:159.87ms
step:1892/3250 train_time:302.468s step_avg:159.87ms
step:1893/3250 train_time:302.628s step_avg:159.87ms
step:1894/3250 train_time:302.790s step_avg:159.87ms
step:1895/3250 train_time:302.949s step_avg:159.87ms
step:1896/3250 train_time:303.111s step_avg:159.87ms
step:1897/3250 train_time:303.274s step_avg:159.87ms
step:1898/3250 train_time:303.436s step_avg:159.87ms
step:1899/3250 train_time:303.598s step_avg:159.87ms
step:1900/3250 train_time:303.758s step_avg:159.87ms
step:1901/3250 train_time:303.969s step_avg:159.90ms
step:1902/3250 train_time:304.130s step_avg:159.90ms
step:1903/3250 train_time:304.292s step_avg:159.90ms
step:1904/3250 train_time:304.454s step_avg:159.90ms
step:1905/3250 train_time:304.616s step_avg:159.90ms
step:1906/3250 train_time:304.777s step_avg:159.90ms
step:1907/3250 train_time:304.938s step_avg:159.90ms
step:1908/3250 train_time:305.101s step_avg:159.91ms
step:1909/3250 train_time:305.261s step_avg:159.91ms
step:1910/3250 train_time:305.422s step_avg:159.91ms
step:1911/3250 train_time:305.583s step_avg:159.91ms
step:1912/3250 train_time:305.745s step_avg:159.91ms
step:1913/3250 train_time:305.907s step_avg:159.91ms
step:1914/3250 train_time:306.068s step_avg:159.91ms
step:1915/3250 train_time:306.227s step_avg:159.91ms
step:1916/3250 train_time:306.390s step_avg:159.91ms
step:1917/3250 train_time:306.552s step_avg:159.91ms
step:1918/3250 train_time:306.714s step_avg:159.91ms
step:1919/3250 train_time:306.876s step_avg:159.91ms
step:1920/3250 train_time:307.036s step_avg:159.91ms
step:1921/3250 train_time:307.197s step_avg:159.92ms
step:1922/3250 train_time:307.359s step_avg:159.92ms
step:1923/3250 train_time:307.521s step_avg:159.92ms
step:1924/3250 train_time:307.682s step_avg:159.92ms
step:1925/3250 train_time:307.842s step_avg:159.92ms
step:1926/3250 train_time:308.003s step_avg:159.92ms
step:1927/3250 train_time:308.162s step_avg:159.92ms
step:1928/3250 train_time:308.323s step_avg:159.92ms
step:1929/3250 train_time:308.483s step_avg:159.92ms
step:1930/3250 train_time:308.644s step_avg:159.92ms
step:1931/3250 train_time:308.804s step_avg:159.92ms
step:1932/3250 train_time:308.965s step_avg:159.92ms
step:1933/3250 train_time:309.126s step_avg:159.92ms
step:1934/3250 train_time:309.287s step_avg:159.92ms
step:1935/3250 train_time:309.447s step_avg:159.92ms
step:1936/3250 train_time:309.608s step_avg:159.92ms
step:1937/3250 train_time:309.770s step_avg:159.92ms
step:1938/3250 train_time:309.931s step_avg:159.92ms
step:1939/3250 train_time:310.092s step_avg:159.92ms
step:1940/3250 train_time:310.253s step_avg:159.92ms
step:1941/3250 train_time:310.415s step_avg:159.93ms
step:1942/3250 train_time:310.575s step_avg:159.93ms
step:1943/3250 train_time:310.737s step_avg:159.93ms
step:1944/3250 train_time:310.898s step_avg:159.93ms
step:1945/3250 train_time:311.058s step_avg:159.93ms
step:1946/3250 train_time:311.219s step_avg:159.93ms
step:1947/3250 train_time:311.380s step_avg:159.93ms
step:1948/3250 train_time:311.541s step_avg:159.93ms
step:1949/3250 train_time:311.703s step_avg:159.93ms
step:1950/3250 train_time:311.864s step_avg:159.93ms
step:1951/3250 train_time:312.023s step_avg:159.93ms
step:1952/3250 train_time:312.184s step_avg:159.93ms
step:1953/3250 train_time:312.344s step_avg:159.93ms
step:1954/3250 train_time:312.505s step_avg:159.93ms
step:1955/3250 train_time:312.666s step_avg:159.93ms
step:1956/3250 train_time:312.826s step_avg:159.93ms
step:1957/3250 train_time:312.986s step_avg:159.93ms
step:1958/3250 train_time:313.146s step_avg:159.93ms
step:1959/3250 train_time:313.307s step_avg:159.93ms
step:1960/3250 train_time:313.469s step_avg:159.93ms
step:1961/3250 train_time:313.629s step_avg:159.93ms
step:1962/3250 train_time:313.789s step_avg:159.93ms
step:1963/3250 train_time:313.950s step_avg:159.93ms
step:1964/3250 train_time:314.112s step_avg:159.93ms
step:1965/3250 train_time:314.275s step_avg:159.94ms
step:1966/3250 train_time:314.436s step_avg:159.94ms
step:1967/3250 train_time:314.597s step_avg:159.94ms
step:1968/3250 train_time:314.765s step_avg:159.94ms
step:1969/3250 train_time:314.927s step_avg:159.94ms
step:1970/3250 train_time:315.086s step_avg:159.94ms
step:1971/3250 train_time:315.247s step_avg:159.94ms
step:1972/3250 train_time:315.407s step_avg:159.94ms
step:1973/3250 train_time:315.568s step_avg:159.94ms
step:1974/3250 train_time:315.729s step_avg:159.94ms
step:1975/3250 train_time:315.888s step_avg:159.94ms
step:1976/3250 train_time:316.050s step_avg:159.94ms
step:1977/3250 train_time:316.211s step_avg:159.94ms
step:1978/3250 train_time:316.373s step_avg:159.95ms
step:1979/3250 train_time:316.533s step_avg:159.95ms
step:1980/3250 train_time:316.695s step_avg:159.95ms
step:1981/3250 train_time:316.857s step_avg:159.95ms
step:1982/3250 train_time:317.018s step_avg:159.95ms
step:1983/3250 train_time:317.178s step_avg:159.95ms
step:1984/3250 train_time:317.339s step_avg:159.95ms
step:1985/3250 train_time:317.501s step_avg:159.95ms
step:1986/3250 train_time:317.663s step_avg:159.95ms
step:1987/3250 train_time:317.822s step_avg:159.95ms
step:1988/3250 train_time:317.983s step_avg:159.95ms
step:1989/3250 train_time:318.142s step_avg:159.95ms
step:1990/3250 train_time:318.305s step_avg:159.95ms
step:1991/3250 train_time:318.465s step_avg:159.95ms
step:1992/3250 train_time:318.624s step_avg:159.95ms
step:1993/3250 train_time:318.785s step_avg:159.95ms
step:1994/3250 train_time:318.946s step_avg:159.95ms
step:1995/3250 train_time:319.109s step_avg:159.95ms
step:1996/3250 train_time:319.271s step_avg:159.96ms
step:1997/3250 train_time:319.432s step_avg:159.96ms
step:1998/3250 train_time:319.594s step_avg:159.96ms
step:1999/3250 train_time:319.756s step_avg:159.96ms
step:2000/3250 train_time:319.917s step_avg:159.96ms
step:2000/3250 val_loss:3.44060 train_time:319.917s step_avg:161.48ms
probe_ema: n=84934656 align=-0.36357,-0.33939,-0.31702,-0.29617,-0.27634,-0.25698,-0.23732,-0.21647 rel_mse=1.06492,1.04650,1.03307,1.02336,1.01636,1.01135,1.00780,1.00529
step:2001/3250 train_time:320.080s step_avg:159.96ms
step:2002/3250 train_time:320.245s step_avg:159.96ms
step:2003/3250 train_time:320.407s step_avg:159.96ms
step:2004/3250 train_time:320.568s step_avg:159.96ms
step:2005/3250 train_time:320.729s step_avg:159.96ms
step:2006/3250 train_time:320.889s step_avg:159.96ms
step:2007/3250 train_time:321.051s step_avg:159.97ms
step:2008/3250 train_time:321.212s step_avg:159.97ms
step:2009/3250 train_time:321.371s step_avg:159.97ms
step:2010/3250 train_time:321.533s step_avg:159.97ms
step:2011/3250 train_time:321.693s step_avg:159.97ms
step:2012/3250 train_time:321.857s step_avg:159.97ms
step:2013/3250 train_time:322.020s step_avg:159.97ms
step:2014/3250 train_time:322.180s step_avg:159.97ms
step:2015/3250 train_time:322.343s step_avg:159.97ms
step:2016/3250 train_time:322.504s step_avg:159.97ms
step:2017/3250 train_time:322.667s step_avg:159.97ms
step:2018/3250 train_time:322.829s step_avg:159.97ms
step:2019/3250 train_time:322.991s step_avg:159.98ms
step:2020/3250 train_time:323.152s step_avg:159.98ms
step:2021/3250 train_time:323.313s step_avg:159.98ms
step:2022/3250 train_time:323.474s step_avg:159.98ms
step:2023/3250 train_time:323.635s step_avg:159.98ms
step:2024/3250 train_time:323.796s step_avg:159.98ms
step:2025/3250 train_time:323.956s step_avg:159.98ms
step:2026/3250 train_time:324.117s step_avg:159.98ms
step:2027/3250 train_time:324.276s step_avg:159.98ms
step:2028/3250 train_time:324.440s step_avg:159.98ms
step:2029/3250 train_time:324.602s step_avg:159.98ms
step:2030/3250 train_time:324.764s step_avg:159.98ms
step:2031/3250 train_time:324.926s step_avg:159.98ms
step:2032/3250 train_time:325.088s step_avg:159.98ms
step:2033/3250 train_time:325.250s step_avg:159.99ms
step:2034/3250 train_time:325.411s step_avg:159.99ms
step:2035/3250 train_time:325.570s step_avg:159.99ms
step:2036/3250 train_time:325.732s step_avg:159.99ms
step:2037/3250 train_time:325.895s step_avg:159.99ms
step:2038/3250 train_time:326.056s step_avg:159.99ms
step:2039/3250 train_time:326.217s step_avg:159.99ms
step:2040/3250 train_time:326.376s step_avg:159.99ms
step:2041/3250 train_time:326.537s step_avg:159.99ms
step:2042/3250 train_time:326.699s step_avg:159.99ms
step:2043/3250 train_time:326.862s step_avg:159.99ms
step:2044/3250 train_time:327.022s step_avg:159.99ms
step:2045/3250 train_time:327.183s step_avg:159.99ms
step:2046/3250 train_time:327.344s step_avg:159.99ms
step:2047/3250 train_time:327.505s step_avg:159.99ms
step:2048/3250 train_time:327.667s step_avg:159.99ms
step:2049/3250 train_time:327.827s step_avg:159.99ms
step:2050/3250 train_time:327.987s step_avg:159.99ms
step:2051/3250 train_time:328.148s step_avg:159.99ms
step:2052/3250 train_time:328.308s step_avg:159.99ms
step:2053/3250 train_time:328.469s step_avg:159.99ms
step:2054/3250 train_time:328.631s step_avg:160.00ms
step:2055/3250 train_time:328.792s step_avg:160.00ms
step:2056/3250 train_time:328.952s step_avg:160.00ms
step:2057/3250 train_time:329.113s step_avg:160.00ms
step:2058/3250 train_time:329.273s step_avg:160.00ms
step:2059/3250 train_time:329.435s step_avg:160.00ms
step:2060/3250 train_time:329.594s step_avg:160.00ms
step:2061/3250 train_time:329.755s step_avg:160.00ms
step:2062/3250 train_time:329.916s step_avg:160.00ms
step:2063/3250 train_time:330.076s step_avg:160.00ms
step:2064/3250 train_time:330.236s step_avg:160.00ms
step:2065/3250 train_time:330.398s step_avg:160.00ms
step:2066/3250 train_time:330.562s step_avg:160.00ms
step:2067/3250 train_time:330.723s step_avg:160.00ms
step:2068/3250 train_time:330.883s step_avg:160.00ms
step:2069/3250 train_time:331.045s step_avg:160.00ms
step:2070/3250 train_time:331.206s step_avg:160.00ms
step:2071/3250 train_time:331.367s step_avg:160.00ms
step:2072/3250 train_time:331.527s step_avg:160.00ms
step:2073/3250 train_time:331.687s step_avg:160.00ms
step:2074/3250 train_time:331.849s step_avg:160.00ms
step:2075/3250 train_time:332.009s step_avg:160.00ms
step:2076/3250 train_time:332.168s step_avg:160.00ms
step:2077/3250 train_time:332.328s step_avg:160.00ms
step:2078/3250 train_time:332.489s step_avg:160.00ms
step:2079/3250 train_time:332.651s step_avg:160.01ms
step:2080/3250 train_time:332.811s step_avg:160.01ms
step:2081/3250 train_time:332.972s step_avg:160.01ms
step:2082/3250 train_time:333.131s step_avg:160.01ms
step:2083/3250 train_time:333.291s step_avg:160.01ms
step:2084/3250 train_time:333.451s step_avg:160.01ms
step:2085/3250 train_time:333.613s step_avg:160.01ms
step:2086/3250 train_time:333.775s step_avg:160.01ms
step:2087/3250 train_time:333.935s step_avg:160.01ms
step:2088/3250 train_time:334.096s step_avg:160.01ms
step:2089/3250 train_time:334.257s step_avg:160.01ms
step:2090/3250 train_time:334.419s step_avg:160.01ms
step:2091/3250 train_time:334.628s step_avg:160.03ms
step:2092/3250 train_time:334.789s step_avg:160.03ms
step:2093/3250 train_time:334.949s step_avg:160.03ms
step:2094/3250 train_time:335.109s step_avg:160.03ms
step:2095/3250 train_time:335.269s step_avg:160.03ms
step:2096/3250 train_time:335.430s step_avg:160.03ms
step:2097/3250 train_time:335.590s step_avg:160.03ms
step:2098/3250 train_time:335.751s step_avg:160.03ms
step:2099/3250 train_time:335.911s step_avg:160.03ms
step:2100/3250 train_time:336.072s step_avg:160.03ms
step:2101/3250 train_time:336.233s step_avg:160.03ms
step:2102/3250 train_time:336.393s step_avg:160.03ms
step:2103/3250 train_time:336.554s step_avg:160.04ms
step:2104/3250 train_time:336.717s step_avg:160.04ms
step:2105/3250 train_time:336.875s step_avg:160.04ms
step:2106/3250 train_time:337.037s step_avg:160.04ms
step:2107/3250 train_time:337.198s step_avg:160.04ms
step:2108/3250 train_time:337.361s step_avg:160.04ms
step:2109/3250 train_time:337.523s step_avg:160.04ms
step:2110/3250 train_time:337.683s step_avg:160.04ms
step:2111/3250 train_time:337.846s step_avg:160.04ms
step:2112/3250 train_time:338.006s step_avg:160.04ms
step:2113/3250 train_time:338.166s step_avg:160.04ms
step:2114/3250 train_time:338.328s step_avg:160.04ms
step:2115/3250 train_time:338.489s step_avg:160.04ms
step:2116/3250 train_time:338.650s step_avg:160.04ms
step:2117/3250 train_time:338.810s step_avg:160.04ms
step:2118/3250 train_time:338.971s step_avg:160.04ms
step:2119/3250 train_time:339.132s step_avg:160.04ms
step:2120/3250 train_time:339.292s step_avg:160.04ms
step:2121/3250 train_time:339.452s step_avg:160.04ms
step:2122/3250 train_time:339.612s step_avg:160.04ms
step:2123/3250 train_time:339.772s step_avg:160.04ms
step:2124/3250 train_time:339.934s step_avg:160.04ms
step:2125/3250 train_time:340.093s step_avg:160.04ms
step:2125/3250 val_loss:3.42166 train_time:340.094s step_avg:161.41ms
probe_ema: n=84934656 align=-0.37230,-0.34471,-0.31960,-0.29664,-0.27517,-0.25447,-0.23377,-0.21220 rel_mse=1.06302,1.04467,1.03141,1.02197,1.01530,1.01060,1.00728,1.00494
step:2126/3250 train_time:340.257s step_avg:160.05ms
step:2127/3250 train_time:340.419s step_avg:160.05ms
step:2128/3250 train_time:340.580s step_avg:160.05ms
step:2129/3250 train_time:340.740s step_avg:160.05ms
step:2130/3250 train_time:340.901s step_avg:160.05ms
step:2131/3250 train_time:341.061s step_avg:160.05ms
step:2132/3250 train_time:341.220s step_avg:160.05ms
step:2133/3250 train_time:341.379s step_avg:160.05ms
step:2134/3250 train_time:341.540s step_avg:160.05ms
step:2135/3250 train_time:341.701s step_avg:160.05ms
step:2136/3250 train_time:341.861s step_avg:160.05ms
step:2137/3250 train_time:342.022s step_avg:160.05ms
step:2138/3250 train_time:342.182s step_avg:160.05ms
step:2139/3250 train_time:342.341s step_avg:160.05ms
step:2140/3250 train_time:342.502s step_avg:160.05ms
step:2141/3250 train_time:342.662s step_avg:160.05ms
step:2142/3250 train_time:342.821s step_avg:160.05ms
step:2143/3250 train_time:342.982s step_avg:160.05ms
step:2144/3250 train_time:343.143s step_avg:160.05ms
step:2145/3250 train_time:343.304s step_avg:160.05ms
step:2146/3250 train_time:343.465s step_avg:160.05ms
step:2147/3250 train_time:343.625s step_avg:160.05ms
step:2148/3250 train_time:343.787s step_avg:160.05ms
step:2149/3250 train_time:343.949s step_avg:160.05ms
step:2150/3250 train_time:344.114s step_avg:160.05ms
step:2151/3250 train_time:344.274s step_avg:160.05ms
step:2152/3250 train_time:344.435s step_avg:160.05ms
step:2153/3250 train_time:344.597s step_avg:160.05ms
step:2154/3250 train_time:344.758s step_avg:160.05ms
step:2155/3250 train_time:344.919s step_avg:160.06ms
step:2156/3250 train_time:345.079s step_avg:160.06ms
step:2157/3250 train_time:345.241s step_avg:160.06ms
step:2158/3250 train_time:345.402s step_avg:160.06ms
step:2159/3250 train_time:345.563s step_avg:160.06ms
step:2160/3250 train_time:345.723s step_avg:160.06ms
step:2161/3250 train_time:345.884s step_avg:160.06ms
step:2162/3250 train_time:346.045s step_avg:160.06ms
step:2163/3250 train_time:346.209s step_avg:160.06ms
step:2164/3250 train_time:346.371s step_avg:160.06ms
step:2165/3250 train_time:346.531s step_avg:160.06ms
step:2166/3250 train_time:346.693s step_avg:160.06ms
step:2167/3250 train_time:346.854s step_avg:160.06ms
step:2168/3250 train_time:347.016s step_avg:160.06ms
step:2169/3250 train_time:347.177s step_avg:160.06ms
step:2170/3250 train_time:347.338s step_avg:160.06ms
step:2171/3250 train_time:347.499s step_avg:160.06ms
step:2172/3250 train_time:347.659s step_avg:160.06ms
step:2173/3250 train_time:347.819s step_avg:160.06ms
step:2174/3250 train_time:347.982s step_avg:160.07ms
step:2175/3250 train_time:348.142s step_avg:160.07ms
step:2176/3250 train_time:348.305s step_avg:160.07ms
step:2177/3250 train_time:348.466s step_avg:160.07ms
step:2178/3250 train_time:348.626s step_avg:160.07ms
step:2179/3250 train_time:348.790s step_avg:160.07ms
step:2180/3250 train_time:348.951s step_avg:160.07ms
step:2181/3250 train_time:349.114s step_avg:160.07ms
step:2182/3250 train_time:349.275s step_avg:160.07ms
step:2183/3250 train_time:349.435s step_avg:160.07ms
step:2184/3250 train_time:349.598s step_avg:160.07ms
step:2185/3250 train_time:349.757s step_avg:160.07ms
step:2186/3250 train_time:349.918s step_avg:160.07ms
step:2187/3250 train_time:350.079s step_avg:160.07ms
step:2188/3250 train_time:350.242s step_avg:160.07ms
step:2189/3250 train_time:350.402s step_avg:160.07ms
step:2190/3250 train_time:350.562s step_avg:160.07ms
step:2191/3250 train_time:350.722s step_avg:160.07ms
step:2192/3250 train_time:350.882s step_avg:160.07ms
step:2193/3250 train_time:351.043s step_avg:160.07ms
step:2194/3250 train_time:351.205s step_avg:160.08ms
step:2195/3250 train_time:351.367s step_avg:160.08ms
step:2196/3250 train_time:351.528s step_avg:160.08ms
step:2197/3250 train_time:351.689s step_avg:160.08ms
step:2198/3250 train_time:351.849s step_avg:160.08ms
step:2199/3250 train_time:352.010s step_avg:160.08ms
step:2200/3250 train_time:352.172s step_avg:160.08ms
step:2201/3250 train_time:352.333s step_avg:160.08ms
step:2202/3250 train_time:352.495s step_avg:160.08ms
step:2203/3250 train_time:352.655s step_avg:160.08ms
step:2204/3250 train_time:352.816s step_avg:160.08ms
step:2205/3250 train_time:352.979s step_avg:160.08ms
step:2206/3250 train_time:353.140s step_avg:160.08ms
step:2207/3250 train_time:353.301s step_avg:160.08ms
step:2208/3250 train_time:353.462s step_avg:160.08ms
step:2209/3250 train_time:353.622s step_avg:160.08ms
step:2210/3250 train_time:353.782s step_avg:160.08ms
step:2211/3250 train_time:353.943s step_avg:160.08ms
step:2212/3250 train_time:354.103s step_avg:160.08ms
step:2213/3250 train_time:354.263s step_avg:160.08ms
step:2214/3250 train_time:354.423s step_avg:160.08ms
step:2215/3250 train_time:354.586s step_avg:160.08ms
step:2216/3250 train_time:354.750s step_avg:160.09ms
step:2217/3250 train_time:354.911s step_avg:160.09ms
step:2218/3250 train_time:355.072s step_avg:160.09ms
step:2219/3250 train_time:355.232s step_avg:160.09ms
step:2220/3250 train_time:355.394s step_avg:160.09ms
step:2221/3250 train_time:355.556s step_avg:160.09ms
step:2222/3250 train_time:355.716s step_avg:160.09ms
step:2223/3250 train_time:355.875s step_avg:160.09ms
step:2224/3250 train_time:356.036s step_avg:160.09ms
step:2225/3250 train_time:356.196s step_avg:160.09ms
step:2226/3250 train_time:356.356s step_avg:160.09ms
step:2227/3250 train_time:356.516s step_avg:160.09ms
step:2228/3250 train_time:356.678s step_avg:160.09ms
step:2229/3250 train_time:356.838s step_avg:160.09ms
step:2230/3250 train_time:356.999s step_avg:160.09ms
step:2231/3250 train_time:357.159s step_avg:160.09ms
step:2232/3250 train_time:357.320s step_avg:160.09ms
step:2233/3250 train_time:357.481s step_avg:160.09ms
step:2234/3250 train_time:357.641s step_avg:160.09ms
step:2235/3250 train_time:357.802s step_avg:160.09ms
step:2236/3250 train_time:357.964s step_avg:160.09ms
step:2237/3250 train_time:358.123s step_avg:160.09ms
step:2238/3250 train_time:358.284s step_avg:160.09ms
step:2239/3250 train_time:358.445s step_avg:160.09ms
step:2240/3250 train_time:358.606s step_avg:160.09ms
step:2241/3250 train_time:358.768s step_avg:160.09ms
step:2242/3250 train_time:358.927s step_avg:160.09ms
step:2243/3250 train_time:359.088s step_avg:160.09ms
step:2244/3250 train_time:359.250s step_avg:160.09ms
step:2245/3250 train_time:359.411s step_avg:160.09ms
step:2246/3250 train_time:359.573s step_avg:160.09ms
step:2247/3250 train_time:359.738s step_avg:160.10ms
step:2248/3250 train_time:359.900s step_avg:160.10ms
step:2249/3250 train_time:360.060s step_avg:160.10ms
step:2250/3250 train_time:360.222s step_avg:160.10ms
step:2250/3250 val_loss:3.40256 train_time:360.222s step_avg:161.03ms
probe_ema: n=84934656 align=-0.30100,-0.28406,-0.26902,-0.25540,-0.24266,-0.23037,-0.21820,-0.20595 rel_mse=1.05870,1.04272,1.03085,1.02215,1.01582,1.01123,1.00792,1.00556
step:2251/3250 train_time:360.385s step_avg:160.10ms
step:2252/3250 train_time:360.548s step_avg:160.10ms
step:2253/3250 train_time:360.708s step_avg:160.10ms
step:2254/3250 train_time:360.870s step_avg:160.10ms
step:2255/3250 train_time:361.030s step_avg:160.10ms
step:2256/3250 train_time:361.190s step_avg:160.10ms
step:2257/3250 train_time:361.352s step_avg:160.10ms
step:2258/3250 train_time:361.512s step_avg:160.10ms
step:2259/3250 train_time:361.676s step_avg:160.10ms
step:2260/3250 train_time:361.836s step_avg:160.10ms
step:2261/3250 train_time:361.996s step_avg:160.10ms
step:2262/3250 train_time:362.159s step_avg:160.11ms
step:2263/3250 train_time:362.319s step_avg:160.11ms
step:2264/3250 train_time:362.479s step_avg:160.11ms
step:2265/3250 train_time:362.645s step_avg:160.11ms
step:2266/3250 train_time:362.806s step_avg:160.11ms
step:2267/3250 train_time:362.969s step_avg:160.11ms
step:2268/3250 train_time:363.129s step_avg:160.11ms
step:2269/3250 train_time:363.291s step_avg:160.11ms
step:2270/3250 train_time:363.451s step_avg:160.11ms
step:2271/3250 train_time:363.612s step_avg:160.11ms
step:2272/3250 train_time:363.773s step_avg:160.11ms
step:2273/3250 train_time:363.934s step_avg:160.11ms
step:2274/3250 train_time:364.096s step_avg:160.11ms
step:2275/3250 train_time:364.258s step_avg:160.11ms
step:2276/3250 train_time:364.420s step_avg:160.11ms
step:2277/3250 train_time:364.580s step_avg:160.11ms
step:2278/3250 train_time:364.741s step_avg:160.11ms
step:2279/3250 train_time:364.904s step_avg:160.12ms
step:2280/3250 train_time:365.066s step_avg:160.12ms
step:2281/3250 train_time:365.275s step_avg:160.14ms
step:2282/3250 train_time:365.436s step_avg:160.14ms
step:2283/3250 train_time:365.596s step_avg:160.14ms
step:2284/3250 train_time:365.757s step_avg:160.14ms
step:2285/3250 train_time:365.917s step_avg:160.14ms
step:2286/3250 train_time:366.078s step_avg:160.14ms
step:2287/3250 train_time:366.239s step_avg:160.14ms
step:2288/3250 train_time:366.399s step_avg:160.14ms
step:2289/3250 train_time:366.560s step_avg:160.14ms
step:2290/3250 train_time:366.722s step_avg:160.14ms
step:2291/3250 train_time:366.883s step_avg:160.14ms
step:2292/3250 train_time:367.045s step_avg:160.14ms
step:2293/3250 train_time:367.205s step_avg:160.14ms
step:2294/3250 train_time:367.366s step_avg:160.14ms
step:2295/3250 train_time:367.527s step_avg:160.14ms
step:2296/3250 train_time:367.688s step_avg:160.14ms
step:2297/3250 train_time:367.850s step_avg:160.14ms
step:2298/3250 train_time:368.010s step_avg:160.14ms
step:2299/3250 train_time:368.170s step_avg:160.14ms
step:2300/3250 train_time:368.330s step_avg:160.14ms
step:2301/3250 train_time:368.490s step_avg:160.14ms
step:2302/3250 train_time:368.649s step_avg:160.14ms
step:2303/3250 train_time:368.810s step_avg:160.14ms
step:2304/3250 train_time:368.970s step_avg:160.14ms
step:2305/3250 train_time:369.132s step_avg:160.14ms
step:2306/3250 train_time:369.291s step_avg:160.14ms
step:2307/3250 train_time:369.452s step_avg:160.14ms
step:2308/3250 train_time:369.612s step_avg:160.14ms
step:2309/3250 train_time:369.773s step_avg:160.14ms
step:2310/3250 train_time:369.932s step_avg:160.14ms
step:2311/3250 train_time:370.093s step_avg:160.14ms
step:2312/3250 train_time:370.255s step_avg:160.14ms
step:2313/3250 train_time:370.417s step_avg:160.15ms
step:2314/3250 train_time:370.578s step_avg:160.15ms
step:2315/3250 train_time:370.737s step_avg:160.15ms
step:2316/3250 train_time:370.898s step_avg:160.15ms
step:2317/3250 train_time:371.059s step_avg:160.15ms
step:2318/3250 train_time:371.222s step_avg:160.15ms
step:2319/3250 train_time:371.382s step_avg:160.15ms
step:2320/3250 train_time:371.543s step_avg:160.15ms
step:2321/3250 train_time:371.705s step_avg:160.15ms
step:2322/3250 train_time:371.866s step_avg:160.15ms
step:2323/3250 train_time:372.027s step_avg:160.15ms
step:2324/3250 train_time:372.187s step_avg:160.15ms
step:2325/3250 train_time:372.347s step_avg:160.15ms
step:2326/3250 train_time:372.507s step_avg:160.15ms
step:2327/3250 train_time:372.669s step_avg:160.15ms
step:2328/3250 train_time:372.831s step_avg:160.15ms
step:2329/3250 train_time:372.990s step_avg:160.15ms
step:2330/3250 train_time:373.151s step_avg:160.15ms
step:2331/3250 train_time:373.311s step_avg:160.15ms
step:2332/3250 train_time:373.471s step_avg:160.15ms
step:2333/3250 train_time:373.632s step_avg:160.15ms
step:2334/3250 train_time:373.793s step_avg:160.15ms
step:2335/3250 train_time:373.953s step_avg:160.15ms
step:2336/3250 train_time:374.115s step_avg:160.15ms
step:2337/3250 train_time:374.276s step_avg:160.15ms
step:2338/3250 train_time:374.437s step_avg:160.15ms
step:2339/3250 train_time:374.597s step_avg:160.15ms
step:2340/3250 train_time:374.760s step_avg:160.15ms
step:2341/3250 train_time:374.922s step_avg:160.15ms
step:2342/3250 train_time:375.083s step_avg:160.16ms
step:2343/3250 train_time:375.245s step_avg:160.16ms
step:2344/3250 train_time:375.406s step_avg:160.16ms
step:2345/3250 train_time:375.568s step_avg:160.16ms
step:2346/3250 train_time:375.729s step_avg:160.16ms
step:2347/3250 train_time:375.890s step_avg:160.16ms
step:2348/3250 train_time:376.050s step_avg:160.16ms
step:2349/3250 train_time:376.210s step_avg:160.16ms
step:2350/3250 train_time:376.371s step_avg:160.16ms
step:2351/3250 train_time:376.530s step_avg:160.16ms
step:2352/3250 train_time:376.690s step_avg:160.16ms
step:2353/3250 train_time:376.851s step_avg:160.16ms
step:2354/3250 train_time:377.010s step_avg:160.16ms
step:2355/3250 train_time:377.170s step_avg:160.16ms
step:2356/3250 train_time:377.329s step_avg:160.16ms
step:2357/3250 train_time:377.489s step_avg:160.16ms
step:2358/3250 train_time:377.650s step_avg:160.16ms
step:2359/3250 train_time:377.809s step_avg:160.16ms
step:2360/3250 train_time:377.970s step_avg:160.16ms
step:2361/3250 train_time:378.130s step_avg:160.16ms
step:2362/3250 train_time:378.290s step_avg:160.16ms
step:2363/3250 train_time:378.451s step_avg:160.16ms
step:2364/3250 train_time:378.611s step_avg:160.16ms
step:2365/3250 train_time:378.770s step_avg:160.16ms
step:2366/3250 train_time:378.930s step_avg:160.16ms
step:2367/3250 train_time:379.091s step_avg:160.16ms
step:2368/3250 train_time:379.252s step_avg:160.16ms
step:2369/3250 train_time:379.412s step_avg:160.16ms
step:2370/3250 train_time:379.571s step_avg:160.16ms
step:2371/3250 train_time:379.732s step_avg:160.16ms
step:2372/3250 train_time:379.893s step_avg:160.16ms
step:2373/3250 train_time:380.054s step_avg:160.16ms
step:2374/3250 train_time:380.214s step_avg:160.16ms
step:2375/3250 train_time:380.373s step_avg:160.16ms
step:2375/3250 val_loss:3.38518 train_time:380.375s step_avg:161.22ms
probe_ema: n=84934656 align=-0.24614,-0.23687,-0.22932,-0.22194,-0.21388,-0.20496,-0.19514,-0.18440 rel_mse=1.05489,1.04055,1.02987,1.02190,1.01592,1.01146,1.00816,1.00575
step:2376/3250 train_time:380.540s step_avg:160.16ms
step:2377/3250 train_time:380.701s step_avg:160.16ms
step:2378/3250 train_time:380.861s step_avg:160.16ms
step:2379/3250 train_time:381.023s step_avg:160.16ms
step:2380/3250 train_time:381.184s step_avg:160.16ms
step:2381/3250 train_time:381.345s step_avg:160.16ms
step:2382/3250 train_time:381.507s step_avg:160.16ms
step:2383/3250 train_time:381.667s step_avg:160.16ms
step:2384/3250 train_time:381.828s step_avg:160.16ms
step:2385/3250 train_time:381.989s step_avg:160.16ms
step:2386/3250 train_time:382.150s step_avg:160.16ms
step:2387/3250 train_time:382.312s step_avg:160.16ms
step:2388/3250 train_time:382.477s step_avg:160.17ms
step:2389/3250 train_time:382.638s step_avg:160.17ms
step:2390/3250 train_time:382.800s step_avg:160.17ms
step:2391/3250 train_time:382.960s step_avg:160.17ms
step:2392/3250 train_time:383.122s step_avg:160.17ms
step:2393/3250 train_time:383.283s step_avg:160.17ms
step:2394/3250 train_time:383.443s step_avg:160.17ms
step:2395/3250 train_time:383.605s step_avg:160.17ms
step:2396/3250 train_time:383.766s step_avg:160.17ms
step:2397/3250 train_time:383.925s step_avg:160.17ms
step:2398/3250 train_time:384.086s step_avg:160.17ms
step:2399/3250 train_time:384.246s step_avg:160.17ms
step:2400/3250 train_time:384.407s step_avg:160.17ms
step:2401/3250 train_time:384.568s step_avg:160.17ms
step:2402/3250 train_time:384.728s step_avg:160.17ms
step:2403/3250 train_time:384.889s step_avg:160.17ms
step:2404/3250 train_time:385.049s step_avg:160.17ms
step:2405/3250 train_time:385.210s step_avg:160.17ms
step:2406/3250 train_time:385.370s step_avg:160.17ms
step:2407/3250 train_time:385.531s step_avg:160.17ms
step:2408/3250 train_time:385.692s step_avg:160.17ms
step:2409/3250 train_time:385.851s step_avg:160.17ms
step:2410/3250 train_time:386.012s step_avg:160.17ms
step:2411/3250 train_time:386.174s step_avg:160.17ms
step:2412/3250 train_time:386.335s step_avg:160.17ms
step:2413/3250 train_time:386.498s step_avg:160.17ms
step:2414/3250 train_time:386.658s step_avg:160.17ms
step:2415/3250 train_time:386.819s step_avg:160.17ms
step:2416/3250 train_time:386.979s step_avg:160.17ms
step:2417/3250 train_time:387.141s step_avg:160.17ms
step:2418/3250 train_time:387.304s step_avg:160.18ms
step:2419/3250 train_time:387.465s step_avg:160.18ms
step:2420/3250 train_time:387.624s step_avg:160.18ms
step:2421/3250 train_time:387.785s step_avg:160.18ms
step:2422/3250 train_time:387.947s step_avg:160.18ms
step:2423/3250 train_time:388.109s step_avg:160.18ms
step:2424/3250 train_time:388.269s step_avg:160.18ms
step:2425/3250 train_time:388.429s step_avg:160.18ms
step:2426/3250 train_time:388.590s step_avg:160.18ms
step:2427/3250 train_time:388.751s step_avg:160.18ms
step:2428/3250 train_time:388.913s step_avg:160.18ms
step:2429/3250 train_time:389.073s step_avg:160.18ms
step:2430/3250 train_time:389.234s step_avg:160.18ms
step:2431/3250 train_time:389.397s step_avg:160.18ms
step:2432/3250 train_time:389.559s step_avg:160.18ms
step:2433/3250 train_time:389.720s step_avg:160.18ms
step:2434/3250 train_time:389.880s step_avg:160.18ms
step:2435/3250 train_time:390.041s step_avg:160.18ms
step:2436/3250 train_time:390.202s step_avg:160.18ms
step:2437/3250 train_time:390.361s step_avg:160.18ms
step:2438/3250 train_time:390.523s step_avg:160.18ms
step:2439/3250 train_time:390.682s step_avg:160.18ms
step:2440/3250 train_time:390.843s step_avg:160.18ms
step:2441/3250 train_time:391.005s step_avg:160.18ms
step:2442/3250 train_time:391.165s step_avg:160.18ms
step:2443/3250 train_time:391.326s step_avg:160.18ms
step:2444/3250 train_time:391.485s step_avg:160.18ms
step:2445/3250 train_time:391.645s step_avg:160.18ms
step:2446/3250 train_time:391.805s step_avg:160.18ms
step:2447/3250 train_time:391.965s step_avg:160.18ms
step:2448/3250 train_time:392.125s step_avg:160.18ms
step:2449/3250 train_time:392.286s step_avg:160.18ms
step:2450/3250 train_time:392.446s step_avg:160.18ms
step:2451/3250 train_time:392.606s step_avg:160.18ms
step:2452/3250 train_time:392.767s step_avg:160.18ms
step:2453/3250 train_time:392.926s step_avg:160.18ms
step:2454/3250 train_time:393.087s step_avg:160.18ms
step:2455/3250 train_time:393.247s step_avg:160.18ms
step:2456/3250 train_time:393.409s step_avg:160.18ms
step:2457/3250 train_time:393.571s step_avg:160.18ms
step:2458/3250 train_time:393.738s step_avg:160.19ms
step:2459/3250 train_time:393.900s step_avg:160.19ms
step:2460/3250 train_time:394.060s step_avg:160.19ms
step:2461/3250 train_time:394.220s step_avg:160.19ms
step:2462/3250 train_time:394.382s step_avg:160.19ms
step:2463/3250 train_time:394.540s step_avg:160.19ms
step:2464/3250 train_time:394.701s step_avg:160.19ms
step:2465/3250 train_time:394.861s step_avg:160.19ms
step:2466/3250 train_time:395.022s step_avg:160.19ms
step:2467/3250 train_time:395.185s step_avg:160.19ms
step:2468/3250 train_time:395.344s step_avg:160.19ms
step:2469/3250 train_time:395.505s step_avg:160.19ms
step:2470/3250 train_time:395.664s step_avg:160.19ms
step:2471/3250 train_time:395.876s step_avg:160.21ms
step:2472/3250 train_time:396.037s step_avg:160.21ms
step:2473/3250 train_time:396.201s step_avg:160.21ms
step:2474/3250 train_time:396.361s step_avg:160.21ms
step:2475/3250 train_time:396.522s step_avg:160.21ms
step:2476/3250 train_time:396.684s step_avg:160.21ms
step:2477/3250 train_time:396.843s step_avg:160.21ms
step:2478/3250 train_time:397.005s step_avg:160.21ms
step:2479/3250 train_time:397.166s step_avg:160.21ms
step:2480/3250 train_time:397.327s step_avg:160.21ms
step:2481/3250 train_time:397.487s step_avg:160.21ms
step:2482/3250 train_time:397.647s step_avg:160.21ms
step:2483/3250 train_time:397.808s step_avg:160.21ms
step:2484/3250 train_time:397.969s step_avg:160.21ms
step:2485/3250 train_time:398.129s step_avg:160.21ms
step:2486/3250 train_time:398.291s step_avg:160.21ms
step:2487/3250 train_time:398.449s step_avg:160.21ms
step:2488/3250 train_time:398.612s step_avg:160.21ms
step:2489/3250 train_time:398.773s step_avg:160.21ms
step:2490/3250 train_time:398.934s step_avg:160.21ms
step:2491/3250 train_time:399.095s step_avg:160.21ms
step:2492/3250 train_time:399.256s step_avg:160.22ms
step:2493/3250 train_time:399.418s step_avg:160.22ms
step:2494/3250 train_time:399.579s step_avg:160.22ms
step:2495/3250 train_time:399.739s step_avg:160.22ms
step:2496/3250 train_time:399.901s step_avg:160.22ms
step:2497/3250 train_time:400.062s step_avg:160.22ms
step:2498/3250 train_time:400.223s step_avg:160.22ms
step:2499/3250 train_time:400.384s step_avg:160.22ms
step:2500/3250 train_time:400.545s step_avg:160.22ms
step:2500/3250 val_loss:3.36785 train_time:400.545s step_avg:161.37ms
probe_ema: n=84934656 align=-0.24818,-0.24689,-0.24442,-0.24003,-0.23344,-0.22454,-0.21338,-0.20016 rel_mse=1.07035,1.05154,1.03737,1.02683,1.01907,1.01342,1.00934,1.00643
step:2501/3250 train_time:400.710s step_avg:160.22ms
step:2502/3250 train_time:400.871s step_avg:160.22ms
step:2503/3250 train_time:401.033s step_avg:160.22ms
step:2504/3250 train_time:401.194s step_avg:160.22ms
step:2505/3250 train_time:401.354s step_avg:160.22ms
step:2506/3250 train_time:401.514s step_avg:160.22ms
step:2507/3250 train_time:401.675s step_avg:160.22ms
step:2508/3250 train_time:401.834s step_avg:160.22ms
step:2509/3250 train_time:401.995s step_avg:160.22ms
step:2510/3250 train_time:402.155s step_avg:160.22ms
step:2511/3250 train_time:402.315s step_avg:160.22ms
step:2512/3250 train_time:402.476s step_avg:160.22ms
step:2513/3250 train_time:402.636s step_avg:160.22ms
step:2514/3250 train_time:402.797s step_avg:160.22ms
step:2515/3250 train_time:402.958s step_avg:160.22ms
step:2516/3250 train_time:403.119s step_avg:160.22ms
step:2517/3250 train_time:403.279s step_avg:160.22ms
step:2518/3250 train_time:403.440s step_avg:160.22ms
step:2519/3250 train_time:403.601s step_avg:160.22ms
step:2520/3250 train_time:403.761s step_avg:160.22ms
step:2521/3250 train_time:403.922s step_avg:160.22ms
step:2522/3250 train_time:404.082s step_avg:160.22ms
step:2523/3250 train_time:404.243s step_avg:160.22ms
step:2524/3250 train_time:404.404s step_avg:160.22ms
step:2525/3250 train_time:404.565s step_avg:160.22ms
step:2526/3250 train_time:404.726s step_avg:160.22ms
step:2527/3250 train_time:404.886s step_avg:160.22ms
step:2528/3250 train_time:405.048s step_avg:160.22ms
step:2529/3250 train_time:405.208s step_avg:160.22ms
step:2530/3250 train_time:405.369s step_avg:160.22ms
step:2531/3250 train_time:405.531s step_avg:160.23ms
step:2532/3250 train_time:405.691s step_avg:160.23ms
step:2533/3250 train_time:405.853s step_avg:160.23ms
step:2534/3250 train_time:406.012s step_avg:160.23ms
step:2535/3250 train_time:406.173s step_avg:160.23ms
step:2536/3250 train_time:406.333s step_avg:160.23ms
step:2537/3250 train_time:406.493s step_avg:160.23ms
step:2538/3250 train_time:406.655s step_avg:160.23ms
step:2539/3250 train_time:406.815s step_avg:160.23ms
step:2540/3250 train_time:406.975s step_avg:160.23ms
step:2541/3250 train_time:407.136s step_avg:160.23ms
step:2542/3250 train_time:407.296s step_avg:160.23ms
step:2543/3250 train_time:407.457s step_avg:160.23ms
step:2544/3250 train_time:407.617s step_avg:160.23ms
step:2545/3250 train_time:407.777s step_avg:160.23ms
step:2546/3250 train_time:407.937s step_avg:160.23ms
step:2547/3250 train_time:408.098s step_avg:160.23ms
step:2548/3250 train_time:408.261s step_avg:160.23ms
step:2549/3250 train_time:408.422s step_avg:160.23ms
step:2550/3250 train_time:408.583s step_avg:160.23ms
step:2551/3250 train_time:408.744s step_avg:160.23ms
step:2552/3250 train_time:408.906s step_avg:160.23ms
step:2553/3250 train_time:409.069s step_avg:160.23ms
step:2554/3250 train_time:409.230s step_avg:160.23ms
step:2555/3250 train_time:409.390s step_avg:160.23ms
step:2556/3250 train_time:409.554s step_avg:160.23ms
step:2557/3250 train_time:409.713s step_avg:160.23ms
step:2558/3250 train_time:409.873s step_avg:160.23ms
step:2559/3250 train_time:410.034s step_avg:160.23ms
step:2560/3250 train_time:410.195s step_avg:160.23ms
step:2561/3250 train_time:410.355s step_avg:160.23ms
step:2562/3250 train_time:410.515s step_avg:160.23ms
step:2563/3250 train_time:410.676s step_avg:160.23ms
step:2564/3250 train_time:410.836s step_avg:160.23ms
step:2565/3250 train_time:410.996s step_avg:160.23ms
step:2566/3250 train_time:411.157s step_avg:160.23ms
step:2567/3250 train_time:411.318s step_avg:160.23ms
step:2568/3250 train_time:411.478s step_avg:160.23ms
step:2569/3250 train_time:411.639s step_avg:160.23ms
step:2570/3250 train_time:411.800s step_avg:160.23ms
step:2571/3250 train_time:411.960s step_avg:160.23ms
step:2572/3250 train_time:412.121s step_avg:160.23ms
step:2573/3250 train_time:412.281s step_avg:160.23ms
step:2574/3250 train_time:412.441s step_avg:160.23ms
step:2575/3250 train_time:412.602s step_avg:160.23ms
step:2576/3250 train_time:412.763s step_avg:160.23ms
step:2577/3250 train_time:412.925s step_avg:160.23ms
step:2578/3250 train_time:413.086s step_avg:160.24ms
step:2579/3250 train_time:413.247s step_avg:160.24ms
step:2580/3250 train_time:413.408s step_avg:160.24ms
step:2581/3250 train_time:413.570s step_avg:160.24ms
step:2582/3250 train_time:413.731s step_avg:160.24ms
step:2583/3250 train_time:413.892s step_avg:160.24ms
step:2584/3250 train_time:414.053s step_avg:160.24ms
step:2585/3250 train_time:414.213s step_avg:160.24ms
step:2586/3250 train_time:414.374s step_avg:160.24ms
step:2587/3250 train_time:414.535s step_avg:160.24ms
step:2588/3250 train_time:414.695s step_avg:160.24ms
step:2589/3250 train_time:414.856s step_avg:160.24ms
step:2590/3250 train_time:415.016s step_avg:160.24ms
step:2591/3250 train_time:415.177s step_avg:160.24ms
step:2592/3250 train_time:415.337s step_avg:160.24ms
step:2593/3250 train_time:415.500s step_avg:160.24ms
step:2594/3250 train_time:415.662s step_avg:160.24ms
step:2595/3250 train_time:415.823s step_avg:160.24ms
step:2596/3250 train_time:415.986s step_avg:160.24ms
step:2597/3250 train_time:416.149s step_avg:160.24ms
step:2598/3250 train_time:416.309s step_avg:160.24ms
step:2599/3250 train_time:416.471s step_avg:160.24ms
step:2600/3250 train_time:416.634s step_avg:160.24ms
step:2601/3250 train_time:416.793s step_avg:160.24ms
step:2602/3250 train_time:416.952s step_avg:160.24ms
step:2603/3250 train_time:417.113s step_avg:160.24ms
step:2604/3250 train_time:417.274s step_avg:160.24ms
step:2605/3250 train_time:417.435s step_avg:160.24ms
step:2606/3250 train_time:417.596s step_avg:160.24ms
step:2607/3250 train_time:417.757s step_avg:160.24ms
step:2608/3250 train_time:417.918s step_avg:160.24ms
step:2609/3250 train_time:418.077s step_avg:160.24ms
step:2610/3250 train_time:418.239s step_avg:160.24ms
step:2611/3250 train_time:418.400s step_avg:160.25ms
step:2612/3250 train_time:418.562s step_avg:160.25ms
step:2613/3250 train_time:418.725s step_avg:160.25ms
step:2614/3250 train_time:418.885s step_avg:160.25ms
step:2615/3250 train_time:419.048s step_avg:160.25ms
step:2616/3250 train_time:419.209s step_avg:160.25ms
step:2617/3250 train_time:419.370s step_avg:160.25ms
step:2618/3250 train_time:419.532s step_avg:160.25ms
step:2619/3250 train_time:419.693s step_avg:160.25ms
step:2620/3250 train_time:419.854s step_avg:160.25ms
step:2621/3250 train_time:420.015s step_avg:160.25ms
step:2622/3250 train_time:420.175s step_avg:160.25ms
step:2623/3250 train_time:420.336s step_avg:160.25ms
step:2624/3250 train_time:420.497s step_avg:160.25ms
step:2625/3250 train_time:420.661s step_avg:160.25ms
step:2625/3250 val_loss:3.34848 train_time:420.662s step_avg:160.93ms
probe_ema: n=84934656 align=-0.18822,-0.18466,-0.18230,-0.17989,-0.17642,-0.17141,-0.16477,-0.15636 rel_mse=1.04964,1.03718,1.02776,1.02061,1.01515,1.01101,1.00791,1.00560
step:2626/3250 train_time:420.824s step_avg:160.25ms
step:2627/3250 train_time:420.986s step_avg:160.25ms
step:2628/3250 train_time:421.146s step_avg:160.25ms
step:2629/3250 train_time:421.307s step_avg:160.25ms
step:2630/3250 train_time:421.467s step_avg:160.25ms
step:2631/3250 train_time:421.628s step_avg:160.25ms
step:2632/3250 train_time:421.791s step_avg:160.25ms
step:2633/3250 train_time:421.950s step_avg:160.25ms
step:2634/3250 train_time:422.112s step_avg:160.26ms
step:2635/3250 train_time:422.274s step_avg:160.26ms
step:2636/3250 train_time:422.434s step_avg:160.26ms
step:2637/3250 train_time:422.594s step_avg:160.26ms
step:2638/3250 train_time:422.755s step_avg:160.26ms
step:2639/3250 train_time:422.917s step_avg:160.26ms
step:2640/3250 train_time:423.079s step_avg:160.26ms
step:2641/3250 train_time:423.240s step_avg:160.26ms
step:2642/3250 train_time:423.402s step_avg:160.26ms
step:2643/3250 train_time:423.562s step_avg:160.26ms
step:2644/3250 train_time:423.724s step_avg:160.26ms
step:2645/3250 train_time:423.884s step_avg:160.26ms
step:2646/3250 train_time:424.045s step_avg:160.26ms
step:2647/3250 train_time:424.206s step_avg:160.26ms
step:2648/3250 train_time:424.365s step_avg:160.26ms
step:2649/3250 train_time:424.525s step_avg:160.26ms
step:2650/3250 train_time:424.685s step_avg:160.26ms
step:2651/3250 train_time:424.845s step_avg:160.26ms
step:2652/3250 train_time:425.006s step_avg:160.26ms
step:2653/3250 train_time:425.165s step_avg:160.26ms
step:2654/3250 train_time:425.324s step_avg:160.26ms
step:2655/3250 train_time:425.485s step_avg:160.26ms
step:2656/3250 train_time:425.646s step_avg:160.26ms
step:2657/3250 train_time:425.808s step_avg:160.26ms
step:2658/3250 train_time:425.969s step_avg:160.26ms
step:2659/3250 train_time:426.129s step_avg:160.26ms
step:2660/3250 train_time:426.290s step_avg:160.26ms
step:2661/3250 train_time:426.503s step_avg:160.28ms
step:2662/3250 train_time:426.663s step_avg:160.28ms
step:2663/3250 train_time:426.824s step_avg:160.28ms
step:2664/3250 train_time:426.984s step_avg:160.28ms
step:2665/3250 train_time:427.144s step_avg:160.28ms
step:2666/3250 train_time:427.305s step_avg:160.28ms
step:2667/3250 train_time:427.466s step_avg:160.28ms
step:2668/3250 train_time:427.626s step_avg:160.28ms
step:2669/3250 train_time:427.786s step_avg:160.28ms
step:2670/3250 train_time:427.947s step_avg:160.28ms
step:2671/3250 train_time:428.107s step_avg:160.28ms
step:2672/3250 train_time:428.267s step_avg:160.28ms
step:2673/3250 train_time:428.427s step_avg:160.28ms
step:2674/3250 train_time:428.589s step_avg:160.28ms
step:2675/3250 train_time:428.750s step_avg:160.28ms
step:2676/3250 train_time:428.913s step_avg:160.28ms
step:2677/3250 train_time:429.075s step_avg:160.28ms
step:2678/3250 train_time:429.237s step_avg:160.28ms
step:2679/3250 train_time:429.399s step_avg:160.28ms
step:2680/3250 train_time:429.560s step_avg:160.28ms
step:2681/3250 train_time:429.722s step_avg:160.28ms
step:2682/3250 train_time:429.882s step_avg:160.28ms
step:2683/3250 train_time:430.044s step_avg:160.28ms
step:2684/3250 train_time:430.206s step_avg:160.29ms
step:2685/3250 train_time:430.365s step_avg:160.29ms
step:2686/3250 train_time:430.524s step_avg:160.28ms
step:2687/3250 train_time:430.686s step_avg:160.29ms
step:2688/3250 train_time:430.846s step_avg:160.28ms
step:2689/3250 train_time:431.007s step_avg:160.29ms
step:2690/3250 train_time:431.166s step_avg:160.28ms
step:2691/3250 train_time:431.327s step_avg:160.28ms
step:2692/3250 train_time:431.488s step_avg:160.29ms
step:2693/3250 train_time:431.649s step_avg:160.29ms
step:2694/3250 train_time:431.810s step_avg:160.29ms
step:2695/3250 train_time:431.972s step_avg:160.29ms
step:2696/3250 train_time:432.131s step_avg:160.29ms
step:2697/3250 train_time:432.293s step_avg:160.29ms
step:2698/3250 train_time:432.455s step_avg:160.29ms
step:2699/3250 train_time:432.616s step_avg:160.29ms
step:2700/3250 train_time:432.779s step_avg:160.29ms
step:2701/3250 train_time:432.940s step_avg:160.29ms
step:2702/3250 train_time:433.101s step_avg:160.29ms
step:2703/3250 train_time:433.261s step_avg:160.29ms
step:2704/3250 train_time:433.422s step_avg:160.29ms
step:2705/3250 train_time:433.583s step_avg:160.29ms
step:2706/3250 train_time:433.743s step_avg:160.29ms
step:2707/3250 train_time:433.905s step_avg:160.29ms
step:2708/3250 train_time:434.065s step_avg:160.29ms
step:2709/3250 train_time:434.225s step_avg:160.29ms
step:2710/3250 train_time:434.386s step_avg:160.29ms
step:2711/3250 train_time:434.546s step_avg:160.29ms
step:2712/3250 train_time:434.710s step_avg:160.29ms
step:2713/3250 train_time:434.870s step_avg:160.29ms
step:2714/3250 train_time:435.030s step_avg:160.29ms
step:2715/3250 train_time:435.191s step_avg:160.29ms
step:2716/3250 train_time:435.353s step_avg:160.29ms
step:2717/3250 train_time:435.515s step_avg:160.29ms
step:2718/3250 train_time:435.676s step_avg:160.29ms
step:2719/3250 train_time:435.837s step_avg:160.29ms
step:2720/3250 train_time:436.000s step_avg:160.29ms
step:2721/3250 train_time:436.160s step_avg:160.29ms
step:2722/3250 train_time:436.321s step_avg:160.29ms
step:2723/3250 train_time:436.482s step_avg:160.29ms
step:2724/3250 train_time:436.643s step_avg:160.29ms
step:2725/3250 train_time:436.804s step_avg:160.30ms
step:2726/3250 train_time:436.965s step_avg:160.30ms
step:2727/3250 train_time:437.127s step_avg:160.30ms
step:2728/3250 train_time:437.288s step_avg:160.30ms
step:2729/3250 train_time:437.449s step_avg:160.30ms
step:2730/3250 train_time:437.610s step_avg:160.30ms
step:2731/3250 train_time:437.771s step_avg:160.30ms
step:2732/3250 train_time:437.932s step_avg:160.30ms
step:2733/3250 train_time:438.093s step_avg:160.30ms
step:2734/3250 train_time:438.256s step_avg:160.30ms
step:2735/3250 train_time:438.420s step_avg:160.30ms
step:2736/3250 train_time:438.581s step_avg:160.30ms
step:2737/3250 train_time:438.743s step_avg:160.30ms
step:2738/3250 train_time:438.904s step_avg:160.30ms
step:2739/3250 train_time:439.064s step_avg:160.30ms
step:2740/3250 train_time:439.225s step_avg:160.30ms
step:2741/3250 train_time:439.386s step_avg:160.30ms
step:2742/3250 train_time:439.547s step_avg:160.30ms
step:2743/3250 train_time:439.707s step_avg:160.30ms
step:2744/3250 train_time:439.867s step_avg:160.30ms
step:2745/3250 train_time:440.028s step_avg:160.30ms
step:2746/3250 train_time:440.188s step_avg:160.30ms
step:2747/3250 train_time:440.349s step_avg:160.30ms
step:2748/3250 train_time:440.510s step_avg:160.30ms
step:2749/3250 train_time:440.671s step_avg:160.30ms
step:2750/3250 train_time:440.832s step_avg:160.30ms
step:2750/3250 val_loss:3.33070 train_time:440.832s step_avg:161.36ms
probe_ema: n=84934656 align=-0.15876,-0.16090,-0.16280,-0.16361,-0.16272,-0.15999,-0.15539,-0.14892 rel_mse=1.04671,1.03593,1.02740,1.02067,1.01541,1.01134,1.00824,1.00591
step:2751/3250 train_time:440.995s step_avg:160.30ms
step:2752/3250 train_time:441.155s step_avg:160.30ms
step:2753/3250 train_time:441.318s step_avg:160.30ms
step:2754/3250 train_time:441.477s step_avg:160.30ms
step:2755/3250 train_time:441.640s step_avg:160.30ms
step:2756/3250 train_time:441.803s step_avg:160.31ms
step:2757/3250 train_time:441.964s step_avg:160.31ms
step:2758/3250 train_time:442.127s step_avg:160.31ms
step:2759/3250 train_time:442.288s step_avg:160.31ms
step:2760/3250 train_time:442.449s step_avg:160.31ms
step:2761/3250 train_time:442.609s step_avg:160.31ms
step:2762/3250 train_time:442.769s step_avg:160.31ms
step:2763/3250 train_time:442.933s step_avg:160.31ms
step:2764/3250 train_time:443.093s step_avg:160.31ms
step:2765/3250 train_time:443.254s step_avg:160.31ms
step:2766/3250 train_time:443.416s step_avg:160.31ms
step:2767/3250 train_time:443.575s step_avg:160.31ms
step:2768/3250 train_time:443.738s step_avg:160.31ms
step:2769/3250 train_time:443.900s step_avg:160.31ms
step:2770/3250 train_time:444.061s step_avg:160.31ms
step:2771/3250 train_time:444.223s step_avg:160.31ms
step:2772/3250 train_time:444.384s step_avg:160.31ms
step:2773/3250 train_time:444.547s step_avg:160.31ms
step:2774/3250 train_time:444.706s step_avg:160.31ms
step:2775/3250 train_time:444.868s step_avg:160.31ms
step:2776/3250 train_time:445.029s step_avg:160.31ms
step:2777/3250 train_time:445.189s step_avg:160.31ms
step:2778/3250 train_time:445.350s step_avg:160.31ms
step:2779/3250 train_time:445.510s step_avg:160.31ms
step:2780/3250 train_time:445.671s step_avg:160.31ms
step:2781/3250 train_time:445.832s step_avg:160.31ms
step:2782/3250 train_time:445.992s step_avg:160.31ms
step:2783/3250 train_time:446.152s step_avg:160.31ms
step:2784/3250 train_time:446.312s step_avg:160.31ms
step:2785/3250 train_time:446.473s step_avg:160.31ms
step:2786/3250 train_time:446.633s step_avg:160.31ms
step:2787/3250 train_time:446.794s step_avg:160.31ms
step:2788/3250 train_time:446.956s step_avg:160.31ms
step:2789/3250 train_time:447.116s step_avg:160.31ms
step:2790/3250 train_time:447.277s step_avg:160.31ms
step:2791/3250 train_time:447.440s step_avg:160.32ms
step:2792/3250 train_time:447.601s step_avg:160.32ms
step:2793/3250 train_time:447.764s step_avg:160.32ms
step:2794/3250 train_time:447.925s step_avg:160.32ms
step:2795/3250 train_time:448.087s step_avg:160.32ms
step:2796/3250 train_time:448.249s step_avg:160.32ms
step:2797/3250 train_time:448.408s step_avg:160.32ms
step:2798/3250 train_time:448.570s step_avg:160.32ms
step:2799/3250 train_time:448.731s step_avg:160.32ms
step:2800/3250 train_time:448.893s step_avg:160.32ms
step:2801/3250 train_time:449.055s step_avg:160.32ms
step:2802/3250 train_time:449.216s step_avg:160.32ms
step:2803/3250 train_time:449.375s step_avg:160.32ms
step:2804/3250 train_time:449.537s step_avg:160.32ms
step:2805/3250 train_time:449.698s step_avg:160.32ms
step:2806/3250 train_time:449.859s step_avg:160.32ms
step:2807/3250 train_time:450.019s step_avg:160.32ms
step:2808/3250 train_time:450.179s step_avg:160.32ms
step:2809/3250 train_time:450.340s step_avg:160.32ms
step:2810/3250 train_time:450.502s step_avg:160.32ms
step:2811/3250 train_time:450.664s step_avg:160.32ms
step:2812/3250 train_time:450.826s step_avg:160.32ms
step:2813/3250 train_time:450.987s step_avg:160.32ms
step:2814/3250 train_time:451.147s step_avg:160.32ms
step:2815/3250 train_time:451.308s step_avg:160.32ms
step:2816/3250 train_time:451.467s step_avg:160.32ms
step:2817/3250 train_time:451.628s step_avg:160.32ms
step:2818/3250 train_time:451.789s step_avg:160.32ms
step:2819/3250 train_time:451.950s step_avg:160.32ms
step:2820/3250 train_time:452.110s step_avg:160.32ms
step:2821/3250 train_time:452.271s step_avg:160.32ms
step:2822/3250 train_time:452.432s step_avg:160.32ms
step:2823/3250 train_time:452.593s step_avg:160.32ms
step:2824/3250 train_time:452.754s step_avg:160.32ms
step:2825/3250 train_time:452.913s step_avg:160.32ms
step:2826/3250 train_time:453.073s step_avg:160.32ms
step:2827/3250 train_time:453.233s step_avg:160.32ms
step:2828/3250 train_time:453.393s step_avg:160.32ms
step:2829/3250 train_time:453.553s step_avg:160.32ms
step:2830/3250 train_time:453.714s step_avg:160.32ms
step:2831/3250 train_time:453.874s step_avg:160.32ms
step:2832/3250 train_time:454.035s step_avg:160.32ms
step:2833/3250 train_time:454.197s step_avg:160.32ms
step:2834/3250 train_time:454.357s step_avg:160.32ms
step:2835/3250 train_time:454.520s step_avg:160.32ms
step:2836/3250 train_time:454.680s step_avg:160.32ms
step:2837/3250 train_time:454.841s step_avg:160.32ms
step:2838/3250 train_time:455.003s step_avg:160.33ms
step:2839/3250 train_time:455.164s step_avg:160.33ms
step:2840/3250 train_time:455.326s step_avg:160.33ms
step:2841/3250 train_time:455.486s step_avg:160.33ms
step:2842/3250 train_time:455.648s step_avg:160.33ms
step:2843/3250 train_time:455.808s step_avg:160.33ms
step:2844/3250 train_time:455.970s step_avg:160.33ms
step:2845/3250 train_time:456.130s step_avg:160.33ms
step:2846/3250 train_time:456.290s step_avg:160.33ms
step:2847/3250 train_time:456.452s step_avg:160.33ms
step:2848/3250 train_time:456.614s step_avg:160.33ms
step:2849/3250 train_time:456.774s step_avg:160.33ms
step:2850/3250 train_time:456.935s step_avg:160.33ms
step:2851/3250 train_time:457.146s step_avg:160.35ms
step:2852/3250 train_time:457.306s step_avg:160.35ms
step:2853/3250 train_time:457.470s step_avg:160.35ms
step:2854/3250 train_time:457.631s step_avg:160.35ms
step:2855/3250 train_time:457.791s step_avg:160.35ms
step:2856/3250 train_time:457.955s step_avg:160.35ms
step:2857/3250 train_time:458.115s step_avg:160.35ms
step:2858/3250 train_time:458.275s step_avg:160.35ms
step:2859/3250 train_time:458.437s step_avg:160.35ms
step:2860/3250 train_time:458.600s step_avg:160.35ms
step:2861/3250 train_time:458.762s step_avg:160.35ms
step:2862/3250 train_time:458.929s step_avg:160.35ms
step:2863/3250 train_time:459.088s step_avg:160.35ms
step:2864/3250 train_time:459.248s step_avg:160.35ms
step:2865/3250 train_time:459.408s step_avg:160.35ms
step:2866/3250 train_time:459.569s step_avg:160.35ms
step:2867/3250 train_time:459.730s step_avg:160.35ms
step:2868/3250 train_time:459.890s step_avg:160.35ms
step:2869/3250 train_time:460.051s step_avg:160.35ms
step:2870/3250 train_time:460.213s step_avg:160.35ms
step:2871/3250 train_time:460.372s step_avg:160.35ms
step:2872/3250 train_time:460.532s step_avg:160.35ms
step:2873/3250 train_time:460.692s step_avg:160.35ms
step:2874/3250 train_time:460.852s step_avg:160.35ms
step:2875/3250 train_time:461.012s step_avg:160.35ms
step:2875/3250 val_loss:3.31293 train_time:461.012s step_avg:161.44ms
probe_ema: n=84934656 align=-0.09544,-0.10882,-0.12037,-0.12923,-0.13501,-0.13762,-0.13715,-0.13387 rel_mse=1.03843,1.03108,1.02478,1.01942,1.01492,1.01124,1.00831,1.00603
step:2876/3250 train_time:461.177s step_avg:160.35ms
step:2877/3250 train_time:461.341s step_avg:160.35ms
step:2878/3250 train_time:461.502s step_avg:160.35ms
step:2879/3250 train_time:461.663s step_avg:160.36ms
step:2880/3250 train_time:461.822s step_avg:160.35ms
step:2881/3250 train_time:461.983s step_avg:160.36ms
step:2882/3250 train_time:462.143s step_avg:160.36ms
step:2883/3250 train_time:462.305s step_avg:160.36ms
step:2884/3250 train_time:462.465s step_avg:160.36ms
step:2885/3250 train_time:462.625s step_avg:160.36ms
step:2886/3250 train_time:462.786s step_avg:160.36ms
step:2887/3250 train_time:462.948s step_avg:160.36ms
step:2888/3250 train_time:463.109s step_avg:160.36ms
step:2889/3250 train_time:463.270s step_avg:160.36ms
step:2890/3250 train_time:463.430s step_avg:160.36ms
step:2891/3250 train_time:463.591s step_avg:160.36ms
step:2892/3250 train_time:463.752s step_avg:160.36ms
step:2893/3250 train_time:463.914s step_avg:160.36ms
step:2894/3250 train_time:464.076s step_avg:160.36ms
step:2895/3250 train_time:464.237s step_avg:160.36ms
step:2896/3250 train_time:464.397s step_avg:160.36ms
step:2897/3250 train_time:464.557s step_avg:160.36ms
step:2898/3250 train_time:464.718s step_avg:160.36ms
step:2899/3250 train_time:464.880s step_avg:160.36ms
step:2900/3250 train_time:465.042s step_avg:160.36ms
step:2900/3250 val_loss:3.30950 train_time:465.043s step_avg:161.23ms
probe_ema: n=84934656 align=-0.07041,-0.08858,-0.10353,-0.11505,-0.12302,-0.12739,-0.12827,-0.12599 rel_mse=1.03339,1.02806,1.02289,1.01819,1.01412,1.01072,1.00796,1.00580
step:2901/3250 train_time:465.207s step_avg:160.36ms
step:2902/3250 train_time:465.370s step_avg:160.36ms
step:2903/3250 train_time:465.531s step_avg:160.36ms
step:2904/3250 train_time:465.692s step_avg:160.36ms
step:2905/3250 train_time:465.853s step_avg:160.36ms
step:2906/3250 train_time:466.013s step_avg:160.36ms
step:2907/3250 train_time:466.173s step_avg:160.36ms
step:2908/3250 train_time:466.337s step_avg:160.36ms
step:2909/3250 train_time:466.496s step_avg:160.36ms
step:2910/3250 train_time:466.657s step_avg:160.36ms
step:2910/3250 val_loss:3.30788 train_time:466.657s step_avg:161.42ms
probe_ema: n=84934656 align=-0.07849,-0.08913,-0.09928,-0.10799,-0.11428,-0.11763,-0.11792,-0.11531 rel_mse=1.03271,1.02607,1.02071,1.01631,1.01266,1.00963,1.00717,1.00523
step:2911/3250 train_time:466.821s step_avg:160.36ms
step:2912/3250 train_time:466.982s step_avg:160.36ms
step:2913/3250 train_time:467.145s step_avg:160.37ms
step:2914/3250 train_time:467.307s step_avg:160.37ms
step:2915/3250 train_time:467.469s step_avg:160.37ms
step:2916/3250 train_time:467.629s step_avg:160.37ms
step:2917/3250 train_time:467.796s step_avg:160.37ms
step:2918/3250 train_time:467.958s step_avg:160.37ms
step:2919/3250 train_time:468.119s step_avg:160.37ms
step:2920/3250 train_time:468.281s step_avg:160.37ms
step:2920/3250 val_loss:3.30653 train_time:468.281s step_avg:162.40ms
probe_ema: n=84934656 align=-0.09302,-0.10284,-0.11201,-0.11961,-0.12497,-0.12770,-0.12770,-0.12511 rel_mse=1.04047,1.03181,1.02480,1.01913,1.01459,1.01096,1.00812,1.00591
step:2921/3250 train_time:468.445s step_avg:160.37ms
step:2922/3250 train_time:468.608s step_avg:160.37ms
step:2923/3250 train_time:468.768s step_avg:160.37ms
step:2924/3250 train_time:468.930s step_avg:160.37ms
step:2925/3250 train_time:469.090s step_avg:160.37ms
step:2925/3250 val_loss:3.30571 train_time:469.091s step_avg:161.94ms
probe_ema: n=84934656 align=-0.09638,-0.10541,-0.11406,-0.12119,-0.12610,-0.12843,-0.12803,-0.12497 rel_mse=1.04032,1.03145,1.02447,1.01889,1.01440,1.01083,1.00801,1.00583
step:2926/3250 train_time:469.255s step_avg:160.37ms
step:2927/3250 train_time:469.419s step_avg:160.38ms
step:2928/3250 train_time:469.584s step_avg:160.38ms
step:2929/3250 train_time:469.744s step_avg:160.38ms
step:2930/3250 train_time:469.905s step_avg:160.38ms
step:2930/3250 val_loss:3.30549 train_time:469.905s step_avg:162.94ms
probe_ema: n=84934656 align=-0.12956,-0.13740,-0.14317,-0.14665,-0.14781,-0.14673,-0.14350,-0.13824 rel_mse=1.04427,1.03454,1.02654,1.02009,1.01500,1.01105,1.00804,1.00578
step:2931/3250 train_time:470.071s step_avg:160.38ms
step:2932/3250 train_time:470.233s step_avg:160.38ms
step:2933/3250 train_time:470.394s step_avg:160.38ms
step:2934/3250 train_time:470.555s step_avg:160.38ms
step:2935/3250 train_time:470.714s step_avg:160.38ms
step:2936/3250 train_time:470.874s step_avg:160.38ms
step:2937/3250 train_time:471.034s step_avg:160.38ms
step:2938/3250 train_time:471.194s step_avg:160.38ms
step:2939/3250 train_time:471.356s step_avg:160.38ms
step:2940/3250 train_time:471.515s step_avg:160.38ms
step:2940/3250 val_loss:3.30399 train_time:471.515s step_avg:161.02ms
probe_ema: n=84934656 align=-0.06868,-0.08407,-0.09832,-0.10990,-0.11788,-0.12214,-0.12296,-0.12077 rel_mse=1.03511,1.02837,1.02274,1.01796,1.01392,1.01056,1.00784,1.00571
step:2941/3250 train_time:471.681s step_avg:160.38ms
step:2942/3250 train_time:471.843s step_avg:160.38ms
step:2943/3250 train_time:472.003s step_avg:160.38ms
step:2944/3250 train_time:472.163s step_avg:160.38ms
step:2945/3250 train_time:472.323s step_avg:160.38ms
step:2946/3250 train_time:472.485s step_avg:160.38ms
step:2947/3250 train_time:472.647s step_avg:160.38ms
step:2948/3250 train_time:472.806s step_avg:160.38ms
step:2949/3250 train_time:472.966s step_avg:160.38ms
step:2950/3250 train_time:473.127s step_avg:160.38ms
step:2950/3250 val_loss:3.30251 train_time:473.128s step_avg:161.22ms
probe_ema: n=84934656 align=-0.13271,-0.14039,-0.14599,-0.14929,-0.15018,-0.14866,-0.14489,-0.13905 rel_mse=1.04701,1.03696,1.02855,1.02170,1.01624,1.01198,1.00871,1.00624
step:2951/3250 train_time:473.292s step_avg:160.38ms
step:2952/3250 train_time:473.454s step_avg:160.38ms
step:2953/3250 train_time:473.613s step_avg:160.38ms
step:2954/3250 train_time:473.774s step_avg:160.38ms
step:2955/3250 train_time:473.935s step_avg:160.38ms
step:2956/3250 train_time:474.096s step_avg:160.38ms
step:2957/3250 train_time:474.256s step_avg:160.38ms
step:2958/3250 train_time:474.416s step_avg:160.38ms
step:2959/3250 train_time:474.577s step_avg:160.38ms
step:2960/3250 train_time:474.737s step_avg:160.38ms
step:2960/3250 val_loss:3.30116 train_time:474.737s step_avg:160.96ms
probe_ema: n=84934656 align=-0.12117,-0.12777,-0.13334,-0.13732,-0.13919,-0.13869,-0.13587,-0.13096 rel_mse=1.04296,1.03345,1.02574,1.01958,1.01471,1.01090,1.00795,1.00572
step:2961/3250 train_time:474.903s step_avg:160.39ms
step:2962/3250 train_time:475.064s step_avg:160.39ms
step:2963/3250 train_time:475.224s step_avg:160.39ms
step:2964/3250 train_time:475.385s step_avg:160.39ms
step:2965/3250 train_time:475.546s step_avg:160.39ms
step:2966/3250 train_time:475.707s step_avg:160.39ms
step:2967/3250 train_time:475.869s step_avg:160.39ms
step:2968/3250 train_time:476.028s step_avg:160.39ms
step:2969/3250 train_time:476.188s step_avg:160.39ms
step:2970/3250 train_time:476.348s step_avg:160.39ms
step:2970/3250 val_loss:3.29972 train_time:476.348s step_avg:161.08ms
probe_ema: n=84934656 align=-0.05735,-0.07251,-0.08607,-0.09717,-0.10524,-0.11006,-0.11165,-0.11027 rel_mse=1.03418,1.02750,1.02194,1.01729,1.01342,1.01022,1.00763,1.00558
step:2971/3250 train_time:476.511s step_avg:160.39ms
step:2972/3250 train_time:476.672s step_avg:160.39ms
step:2973/3250 train_time:476.834s step_avg:160.39ms
step:2974/3250 train_time:477.000s step_avg:160.39ms
step:2975/3250 train_time:477.161s step_avg:160.39ms
step:2975/3250 val_loss:3.29928 train_time:477.161s step_avg:162.61ms
probe_ema: n=84934656 align=-0.06427,-0.08208,-0.09637,-0.10714,-0.11440,-0.11824,-0.11892,-0.11680 rel_mse=1.03516,1.02942,1.02386,1.01884,1.01452,1.01095,1.00810,1.00588
step:2976/3250 train_time:477.323s step_avg:160.39ms
step:2977/3250 train_time:477.486s step_avg:160.39ms
step:2978/3250 train_time:477.646s step_avg:160.39ms
step:2979/3250 train_time:477.807s step_avg:160.39ms
step:2980/3250 train_time:477.967s step_avg:160.39ms
step:2980/3250 val_loss:3.29855 train_time:477.968s step_avg:161.35ms
probe_ema: n=84934656 align=-0.05962,-0.07510,-0.08901,-0.10023,-0.10814,-0.11265,-0.11398,-0.11253 rel_mse=1.03227,1.02646,1.02152,1.01723,1.01350,1.01033,1.00773,1.00566
step:2981/3250 train_time:478.133s step_avg:160.39ms
step:2982/3250 train_time:478.296s step_avg:160.39ms
step:2983/3250 train_time:478.458s step_avg:160.39ms
step:2984/3250 train_time:478.617s step_avg:160.39ms
step:2985/3250 train_time:478.778s step_avg:160.39ms
step:2986/3250 train_time:478.938s step_avg:160.39ms
step:2987/3250 train_time:479.099s step_avg:160.39ms
step:2988/3250 train_time:479.262s step_avg:160.40ms
step:2989/3250 train_time:479.422s step_avg:160.40ms
step:2990/3250 train_time:479.582s step_avg:160.40ms
step:2990/3250 val_loss:3.29756 train_time:479.582s step_avg:161.44ms
probe_ema: n=84934656 align=-0.17141,-0.17183,-0.17262,-0.17296,-0.17183,-0.16868,-0.16346,-0.15643 rel_mse=1.06923,1.05140,1.03785,1.02771,1.02016,1.01456,1.01041,1.00738
step:2991/3250 train_time:479.746s step_avg:160.40ms
step:2992/3250 train_time:479.907s step_avg:160.40ms
step:2993/3250 train_time:480.067s step_avg:160.40ms
step:2994/3250 train_time:480.229s step_avg:160.40ms
step:2995/3250 train_time:480.390s step_avg:160.40ms
step:2996/3250 train_time:480.551s step_avg:160.40ms
step:2997/3250 train_time:480.713s step_avg:160.40ms
step:2998/3250 train_time:480.875s step_avg:160.40ms
step:2999/3250 train_time:481.037s step_avg:160.40ms
step:3000/3250 train_time:481.198s step_avg:160.40ms
step:3000/3250 val_loss:3.29619 train_time:481.198s step_avg:161.56ms
probe_ema: n=84934656 align=-0.05250,-0.06848,-0.08343,-0.09602,-0.10531,-0.11097,-0.11322,-0.11256 rel_mse=1.03175,1.02635,1.02165,1.01748,1.01379,1.01061,1.00797,1.00586
step:3001/3250 train_time:481.365s step_avg:160.40ms
step:3002/3250 train_time:481.528s step_avg:160.40ms
step:3003/3250 train_time:481.689s step_avg:160.40ms
step:3004/3250 train_time:481.850s step_avg:160.40ms
step:3005/3250 train_time:482.012s step_avg:160.40ms
step:3006/3250 train_time:482.174s step_avg:160.40ms
step:3007/3250 train_time:482.336s step_avg:160.40ms
step:3008/3250 train_time:482.496s step_avg:160.40ms
step:3009/3250 train_time:482.659s step_avg:160.41ms
step:3010/3250 train_time:482.818s step_avg:160.40ms
step:3010/3250 val_loss:3.29472 train_time:482.818s step_avg:162.03ms
probe_ema: n=84934656 align=-0.05527,-0.06960,-0.08282,-0.09406,-0.10264,-0.10808,-0.11028,-0.10947 rel_mse=1.03577,1.02892,1.02317,1.01834,1.01429,1.01093,1.00819,1.00601
step:3011/3250 train_time:482.982s step_avg:160.41ms
step:3012/3250 train_time:483.145s step_avg:160.41ms
step:3013/3250 train_time:483.306s step_avg:160.41ms
step:3014/3250 train_time:483.468s step_avg:160.41ms
step:3015/3250 train_time:483.628s step_avg:160.41ms
step:3016/3250 train_time:483.788s step_avg:160.41ms
step:3017/3250 train_time:483.949s step_avg:160.41ms
step:3018/3250 train_time:484.110s step_avg:160.41ms
step:3019/3250 train_time:484.270s step_avg:160.41ms
step:3020/3250 train_time:484.429s step_avg:160.41ms
step:3020/3250 val_loss:3.29303 train_time:484.430s step_avg:161.13ms
probe_ema: n=84934656 align=-0.06886,-0.08084,-0.09176,-0.10060,-0.10681,-0.11020,-0.11086,-0.10910 rel_mse=1.03608,1.02881,1.02280,1.01782,1.01373,1.01041,1.00777,1.00569
step:3021/3250 train_time:484.592s step_avg:160.41ms
step:3022/3250 train_time:484.755s step_avg:160.41ms
step:3023/3250 train_time:484.914s step_avg:160.41ms
step:3024/3250 train_time:485.074s step_avg:160.41ms
step:3025/3250 train_time:485.237s step_avg:160.41ms
step:3025/3250 val_loss:3.29224 train_time:485.237s step_avg:161.50ms
probe_ema: n=84934656 align=-0.09295,-0.09977,-0.10691,-0.11310,-0.11735,-0.11916,-0.11844,-0.11543 rel_mse=1.04238,1.03291,1.02551,1.01964,1.01494,1.01120,1.00826,1.00600
step:3026/3250 train_time:485.402s step_avg:160.41ms
step:3027/3250 train_time:485.563s step_avg:160.41ms
step:3028/3250 train_time:485.725s step_avg:160.41ms
step:3029/3250 train_time:485.885s step_avg:160.41ms
step:3030/3250 train_time:486.045s step_avg:160.41ms
step:3030/3250 val_loss:3.29162 train_time:486.045s step_avg:161.58ms
probe_ema: n=84934656 align=-0.07175,-0.08586,-0.09776,-0.10673,-0.11245,-0.11500,-0.11469,-0.11196 rel_mse=1.03666,1.02971,1.02369,1.01854,1.01423,1.01070,1.00791,1.00574
step:3031/3250 train_time:486.209s step_avg:160.41ms
step:3032/3250 train_time:486.371s step_avg:160.41ms
step:3033/3250 train_time:486.532s step_avg:160.41ms
step:3034/3250 train_time:486.693s step_avg:160.41ms
step:3035/3250 train_time:486.855s step_avg:160.41ms
step:3036/3250 train_time:487.016s step_avg:160.41ms
step:3037/3250 train_time:487.176s step_avg:160.41ms
step:3038/3250 train_time:487.337s step_avg:160.41ms
step:3039/3250 train_time:487.498s step_avg:160.41ms
step:3040/3250 train_time:487.660s step_avg:160.41ms
step:3040/3250 val_loss:3.29036 train_time:487.662s step_avg:161.68ms
probe_ema: n=84934656 align=-0.01658,-0.03575,-0.05353,-0.06847,-0.07975,-0.08712,-0.09084,-0.09135 rel_mse=1.02587,1.02194,1.01841,1.01512,1.01210,1.00942,1.00715,1.00529
step:3041/3250 train_time:487.879s step_avg:160.43ms
step:3042/3250 train_time:488.041s step_avg:160.43ms
step:3043/3250 train_time:488.201s step_avg:160.43ms
step:3044/3250 train_time:488.363s step_avg:160.43ms
step:3045/3250 train_time:488.523s step_avg:160.43ms
step:3046/3250 train_time:488.684s step_avg:160.43ms
step:3047/3250 train_time:488.845s step_avg:160.43ms
step:3048/3250 train_time:489.006s step_avg:160.44ms
step:3049/3250 train_time:489.167s step_avg:160.44ms
step:3050/3250 train_time:489.327s step_avg:160.44ms
step:3050/3250 val_loss:3.28933 train_time:489.329s step_avg:166.71ms
probe_ema: n=84934656 align=-0.12996,-0.13425,-0.13816,-0.14084,-0.14163,-0.14016,-0.13645,-0.13079 rel_mse=1.06121,1.04532,1.03352,1.02474,1.01815,1.01320,1.00951,1.00677
step:3051/3250 train_time:489.492s step_avg:160.44ms
step:3052/3250 train_time:489.655s step_avg:160.44ms
step:3053/3250 train_time:489.816s step_avg:160.44ms
step:3054/3250 train_time:489.976s step_avg:160.44ms
step:3055/3250 train_time:490.137s step_avg:160.44ms
step:3056/3250 train_time:490.296s step_avg:160.44ms
step:3057/3250 train_time:490.457s step_avg:160.44ms
step:3058/3250 train_time:490.618s step_avg:160.44ms
step:3059/3250 train_time:490.777s step_avg:160.44ms
step:3060/3250 train_time:490.938s step_avg:160.44ms
step:3060/3250 val_loss:3.28848 train_time:490.938s step_avg:160.97ms
probe_ema: n=84934656 align=0.02320,-0.01243,-0.04286,-0.06622,-0.08238,-0.09217,-0.09680,-0.09750 rel_mse=1.01307,1.01553,1.01579,1.01440,1.01214,1.00967,1.00738,1.00547
step:3061/3250 train_time:491.104s step_avg:160.44ms
step:3062/3250 train_time:491.266s step_avg:160.44ms
step:3063/3250 train_time:491.429s step_avg:160.44ms
step:3064/3250 train_time:491.591s step_avg:160.44ms
step:3065/3250 train_time:491.750s step_avg:160.44ms
step:3066/3250 train_time:491.910s step_avg:160.44ms
step:3067/3250 train_time:492.070s step_avg:160.44ms
step:3068/3250 train_time:492.231s step_avg:160.44ms
step:3069/3250 train_time:492.393s step_avg:160.44ms
step:3070/3250 train_time:492.554s step_avg:160.44ms
step:3070/3250 val_loss:3.28705 train_time:492.554s step_avg:161.54ms
probe_ema: n=84934656 align=-0.05474,-0.06869,-0.08147,-0.09248,-0.10080,-0.10569,-0.10714,-0.10569 rel_mse=1.03183,1.02593,1.02092,1.01670,1.01312,1.01010,1.00758,1.00557
step:3071/3250 train_time:492.719s step_avg:160.44ms
step:3072/3250 train_time:492.883s step_avg:160.44ms
step:3073/3250 train_time:493.045s step_avg:160.44ms
step:3074/3250 train_time:493.206s step_avg:160.44ms
step:3075/3250 train_time:493.367s step_avg:160.44ms
step:3075/3250 val_loss:3.28631 train_time:493.368s step_avg:162.77ms
probe_ema: n=84934656 align=-0.05384,-0.06704,-0.07871,-0.08870,-0.09645,-0.10130,-0.10304,-0.10203 rel_mse=1.03646,1.02943,1.02341,1.01839,1.01425,1.01086,1.00811,1.00593
step:3076/3250 train_time:493.530s step_avg:160.45ms
step:3077/3250 train_time:493.693s step_avg:160.45ms
step:3078/3250 train_time:493.855s step_avg:160.45ms
step:3079/3250 train_time:494.018s step_avg:160.45ms
step:3080/3250 train_time:494.178s step_avg:160.45ms
step:3080/3250 val_loss:3.28580 train_time:494.179s step_avg:162.17ms
probe_ema: n=84934656 align=0.00053,-0.02395,-0.04524,-0.06243,-0.07537,-0.08404,-0.08866,-0.08984 rel_mse=1.02233,1.02031,1.01779,1.01499,1.01219,1.00960,1.00733,1.00545
step:3081/3250 train_time:494.342s step_avg:160.45ms
step:3082/3250 train_time:494.505s step_avg:160.45ms
step:3083/3250 train_time:494.667s step_avg:160.45ms
step:3084/3250 train_time:494.829s step_avg:160.45ms
step:3085/3250 train_time:494.990s step_avg:160.45ms
step:3086/3250 train_time:495.152s step_avg:160.45ms
step:3087/3250 train_time:495.314s step_avg:160.45ms
step:3088/3250 train_time:495.474s step_avg:160.45ms
step:3089/3250 train_time:495.635s step_avg:160.45ms
step:3090/3250 train_time:495.796s step_avg:160.45ms
step:3090/3250 val_loss:3.28473 train_time:495.796s step_avg:161.77ms
probe_ema: n=84934656 align=-0.10550,-0.11584,-0.12368,-0.12885,-0.13135,-0.13116,-0.12830,-0.12311 rel_mse=1.05338,1.04101,1.03108,1.02329,1.01727,1.01265,1.00915,1.00652
step:3091/3250 train_time:495.959s step_avg:160.45ms
step:3092/3250 train_time:496.121s step_avg:160.45ms
step:3093/3250 train_time:496.282s step_avg:160.45ms
step:3094/3250 train_time:496.443s step_avg:160.45ms
step:3095/3250 train_time:496.604s step_avg:160.45ms
step:3096/3250 train_time:496.765s step_avg:160.45ms
step:3097/3250 train_time:496.926s step_avg:160.45ms
step:3098/3250 train_time:497.087s step_avg:160.45ms
step:3099/3250 train_time:497.248s step_avg:160.45ms
step:3100/3250 train_time:497.410s step_avg:160.45ms
step:3100/3250 val_loss:3.28364 train_time:497.410s step_avg:161.40ms
probe_ema: n=84934656 align=0.01011,-0.01404,-0.03708,-0.05647,-0.07104,-0.08071,-0.08598,-0.08760 rel_mse=1.02058,1.01898,1.01718,1.01491,1.01236,1.00982,1.00753,1.00561
step:3101/3250 train_time:497.573s step_avg:160.46ms
step:3102/3250 train_time:497.736s step_avg:160.46ms
step:3103/3250 train_time:497.899s step_avg:160.46ms
step:3104/3250 train_time:498.061s step_avg:160.46ms
step:3105/3250 train_time:498.224s step_avg:160.46ms
step:3106/3250 train_time:498.386s step_avg:160.46ms
step:3107/3250 train_time:498.547s step_avg:160.46ms
step:3108/3250 train_time:498.707s step_avg:160.46ms
step:3109/3250 train_time:498.868s step_avg:160.46ms
step:3110/3250 train_time:499.029s step_avg:160.46ms
step:3110/3250 val_loss:3.28259 train_time:499.029s step_avg:161.87ms
probe_ema: n=84934656 align=-0.02350,-0.04107,-0.05761,-0.07195,-0.08303,-0.09027,-0.09373,-0.09393 rel_mse=1.03023,1.02535,1.02097,1.01706,1.01359,1.01054,1.00797,1.00587
step:3111/3250 train_time:499.192s step_avg:160.46ms
step:3112/3250 train_time:499.353s step_avg:160.46ms
step:3113/3250 train_time:499.514s step_avg:160.46ms
step:3114/3250 train_time:499.675s step_avg:160.46ms
step:3115/3250 train_time:499.835s step_avg:160.46ms
step:3116/3250 train_time:499.995s step_avg:160.46ms
step:3117/3250 train_time:500.156s step_avg:160.46ms
step:3118/3250 train_time:500.315s step_avg:160.46ms
step:3119/3250 train_time:500.477s step_avg:160.46ms
step:3120/3250 train_time:500.636s step_avg:160.46ms
step:3120/3250 val_loss:3.28164 train_time:500.636s step_avg:160.72ms
probe_ema: n=84934656 align=-0.00536,-0.02703,-0.04620,-0.06208,-0.07428,-0.08258,-0.08712,-0.08835 rel_mse=1.02601,1.02276,1.01940,1.01608,1.01295,1.01014,1.00772,1.00572
step:3121/3250 train_time:500.801s step_avg:160.46ms
step:3122/3250 train_time:500.963s step_avg:160.46ms
step:3123/3250 train_time:501.124s step_avg:160.46ms
step:3124/3250 train_time:501.284s step_avg:160.46ms
step:3125/3250 train_time:501.445s step_avg:160.46ms
step:3125/3250 val_loss:3.28110 train_time:501.445s step_avg:161.86ms
probe_ema: n=84934656 align=-0.02895,-0.04472,-0.05997,-0.07300,-0.08297,-0.08950,-0.09259,-0.09261 rel_mse=1.03147,1.02585,1.02126,1.01726,1.01373,1.01066,1.00807,1.00596
step:3126/3250 train_time:501.610s step_avg:160.46ms
step:3127/3250 train_time:501.772s step_avg:160.46ms
step:3128/3250 train_time:501.933s step_avg:160.46ms
step:3129/3250 train_time:502.094s step_avg:160.46ms
step:3130/3250 train_time:502.253s step_avg:160.46ms
step:3130/3250 val_loss:3.28047 train_time:502.254s step_avg:161.63ms
probe_ema: n=84934656 align=-0.00288,-0.02111,-0.03776,-0.05222,-0.06381,-0.07197,-0.07650,-0.07773 rel_mse=1.02209,1.01898,1.01606,1.01337,1.01089,1.00863,1.00665,1.00496
step:3131/3250 train_time:502.417s step_avg:160.47ms
step:3132/3250 train_time:502.580s step_avg:160.47ms
step:3133/3250 train_time:502.742s step_avg:160.47ms
step:3134/3250 train_time:502.901s step_avg:160.47ms
step:3135/3250 train_time:503.061s step_avg:160.47ms
step:3136/3250 train_time:503.223s step_avg:160.47ms
step:3137/3250 train_time:503.382s step_avg:160.47ms
step:3138/3250 train_time:503.544s step_avg:160.47ms
step:3139/3250 train_time:503.704s step_avg:160.47ms
step:3140/3250 train_time:503.865s step_avg:160.47ms
step:3140/3250 val_loss:3.27948 train_time:503.865s step_avg:161.16ms
probe_ema: n=84934656 align=-0.00787,-0.02293,-0.03822,-0.05187,-0.06277,-0.07040,-0.07463,-0.07573 rel_mse=1.02461,1.02017,1.01673,1.01376,1.01110,1.00874,1.00670,1.00499
step:3141/3250 train_time:504.030s step_avg:160.47ms
step:3142/3250 train_time:504.191s step_avg:160.47ms
step:3143/3250 train_time:504.352s step_avg:160.47ms
step:3144/3250 train_time:504.512s step_avg:160.47ms
step:3145/3250 train_time:504.673s step_avg:160.47ms
step:3146/3250 train_time:504.833s step_avg:160.47ms
step:3147/3250 train_time:504.996s step_avg:160.47ms
step:3148/3250 train_time:505.158s step_avg:160.47ms
step:3149/3250 train_time:505.317s step_avg:160.47ms
step:3150/3250 train_time:505.478s step_avg:160.47ms
step:3150/3250 val_loss:3.27850 train_time:505.479s step_avg:161.35ms
probe_ema: n=84934656 align=-0.01680,-0.02966,-0.04139,-0.05170,-0.06028,-0.06665,-0.07038,-0.07137 rel_mse=1.02949,1.02365,1.01882,1.01486,1.01162,1.00897,1.00679,1.00503
step:3151/3250 train_time:505.641s step_avg:160.47ms
step:3152/3250 train_time:505.802s step_avg:160.47ms
step:3153/3250 train_time:505.964s step_avg:160.47ms
step:3154/3250 train_time:506.125s step_avg:160.47ms
step:3155/3250 train_time:506.285s step_avg:160.47ms
step:3156/3250 train_time:506.445s step_avg:160.47ms
step:3157/3250 train_time:506.607s step_avg:160.47ms
step:3158/3250 train_time:506.767s step_avg:160.47ms
step:3159/3250 train_time:506.929s step_avg:160.47ms
step:3160/3250 train_time:507.091s step_avg:160.47ms
step:3160/3250 val_loss:3.27759 train_time:507.091s step_avg:161.25ms
probe_ema: n=84934656 align=0.06395,0.03770,0.01317,-0.00760,-0.02405,-0.03638,-0.04488,-0.04990 rel_mse=1.00580,1.00760,1.00843,1.00823,1.00737,1.00621,1.00500,1.00387
step:3161/3250 train_time:507.254s step_avg:160.47ms
step:3162/3250 train_time:507.416s step_avg:160.47ms
step:3163/3250 train_time:507.576s step_avg:160.47ms
step:3164/3250 train_time:507.738s step_avg:160.47ms
step:3165/3250 train_time:507.899s step_avg:160.47ms
step:3166/3250 train_time:508.058s step_avg:160.47ms
step:3167/3250 train_time:508.218s step_avg:160.47ms
step:3168/3250 train_time:508.379s step_avg:160.47ms
step:3169/3250 train_time:508.540s step_avg:160.47ms
step:3170/3250 train_time:508.700s step_avg:160.47ms
step:3170/3250 val_loss:3.27678 train_time:508.701s step_avg:161.04ms
probe_ema: n=84934656 align=0.01906,0.00101,-0.01615,-0.03104,-0.04285,-0.05139,-0.05681,-0.05938 rel_mse=1.01814,1.01570,1.01359,1.01152,1.00945,1.00750,1.00578,1.00433
step:3171/3250 train_time:508.867s step_avg:160.48ms
step:3172/3250 train_time:509.028s step_avg:160.48ms
step:3173/3250 train_time:509.189s step_avg:160.48ms
step:3174/3250 train_time:509.350s step_avg:160.48ms
step:3175/3250 train_time:509.511s step_avg:160.48ms
step:3175/3250 val_loss:3.27635 train_time:509.511s step_avg:161.91ms
probe_ema: n=84934656 align=0.04703,0.02826,0.00878,-0.00895,-0.02344,-0.03432,-0.04182,-0.04636 rel_mse=1.01122,1.01001,1.00934,1.00852,1.00742,1.00615,1.00490,1.00377
step:3176/3250 train_time:509.674s step_avg:160.48ms
step:3177/3250 train_time:509.836s step_avg:160.48ms
step:3178/3250 train_time:510.001s step_avg:160.48ms
step:3179/3250 train_time:510.161s step_avg:160.48ms
step:3180/3250 train_time:510.322s step_avg:160.48ms
step:3180/3250 val_loss:3.27598 train_time:510.323s step_avg:162.44ms
probe_ema: n=84934656 align=-0.02766,-0.03581,-0.04408,-0.05188,-0.05846,-0.06329,-0.06620,-0.06720 rel_mse=1.03265,1.02532,1.01960,1.01515,1.01165,1.00886,1.00665,1.00490
step:3181/3250 train_time:510.487s step_avg:160.48ms
step:3182/3250 train_time:510.651s step_avg:160.48ms
step:3183/3250 train_time:510.811s step_avg:160.48ms
step:3184/3250 train_time:510.972s step_avg:160.48ms
step:3185/3250 train_time:511.134s step_avg:160.48ms
step:3186/3250 train_time:511.294s step_avg:160.48ms
step:3187/3250 train_time:511.454s step_avg:160.48ms
step:3188/3250 train_time:511.615s step_avg:160.48ms
step:3189/3250 train_time:511.777s step_avg:160.48ms
step:3190/3250 train_time:511.938s step_avg:160.48ms
step:3190/3250 val_loss:3.27524 train_time:511.938s step_avg:161.52ms
probe_ema: n=84934656 align=0.00829,-0.00627,-0.02059,-0.03276,-0.04213,-0.04872,-0.05280,-0.05470 rel_mse=1.02076,1.01727,1.01441,1.01177,1.00938,1.00730,1.00556,1.00415
step:3191/3250 train_time:512.105s step_avg:160.48ms
step:3192/3250 train_time:512.268s step_avg:160.48ms
step:3193/3250 train_time:512.428s step_avg:160.48ms
step:3194/3250 train_time:512.589s step_avg:160.49ms
step:3195/3250 train_time:512.752s step_avg:160.49ms
step:3196/3250 train_time:512.913s step_avg:160.49ms
step:3197/3250 train_time:513.074s step_avg:160.49ms
step:3198/3250 train_time:513.236s step_avg:160.49ms
step:3199/3250 train_time:513.399s step_avg:160.49ms
step:3200/3250 train_time:513.559s step_avg:160.49ms
step:3200/3250 val_loss:3.27453 train_time:513.560s step_avg:162.13ms
probe_ema: n=84934656 align=0.03885,0.02285,0.00610,-0.00916,-0.02164,-0.03100,-0.03749,-0.04150 rel_mse=1.01416,1.01205,1.01055,1.00909,1.00757,1.00608,1.00474,1.00359
step:3201/3250 train_time:513.724s step_avg:160.49ms
step:3202/3250 train_time:513.886s step_avg:160.49ms
step:3203/3250 train_time:514.048s step_avg:160.49ms
step:3204/3250 train_time:514.209s step_avg:160.49ms
step:3205/3250 train_time:514.369s step_avg:160.49ms
step:3206/3250 train_time:514.530s step_avg:160.49ms
step:3207/3250 train_time:514.690s step_avg:160.49ms
step:3208/3250 train_time:514.851s step_avg:160.49ms
step:3209/3250 train_time:515.016s step_avg:160.49ms
step:3210/3250 train_time:515.177s step_avg:160.49ms
step:3210/3250 val_loss:3.27397 train_time:515.178s step_avg:161.77ms
probe_ema: n=84934656 align=0.06130,0.04264,0.02315,0.00558,-0.00857,-0.01909,-0.02641,-0.03108 rel_mse=1.00779,1.00724,1.00707,1.00665,1.00586,1.00488,1.00389,1.00299
step:3211/3250 train_time:515.341s step_avg:160.49ms
step:3212/3250 train_time:515.503s step_avg:160.49ms
step:3213/3250 train_time:515.663s step_avg:160.49ms
step:3214/3250 train_time:515.823s step_avg:160.49ms
step:3215/3250 train_time:515.989s step_avg:160.49ms
step:3216/3250 train_time:516.151s step_avg:160.49ms
step:3217/3250 train_time:516.313s step_avg:160.50ms
step:3218/3250 train_time:516.475s step_avg:160.50ms
step:3219/3250 train_time:516.636s step_avg:160.50ms
step:3220/3250 train_time:516.798s step_avg:160.50ms
step:3220/3250 val_loss:3.27343 train_time:516.798s step_avg:162.04ms
probe_ema: n=84934656 align=0.01773,0.01522,0.01062,0.00431,-0.00286,-0.00987,-0.01595,-0.02070 rel_mse=1.02244,1.01563,1.01116,1.00819,1.00615,1.00468,1.00356,1.00269
step:3221/3250 train_time:516.963s step_avg:160.50ms
step:3222/3250 train_time:517.126s step_avg:160.50ms
step:3223/3250 train_time:517.288s step_avg:160.50ms
step:3224/3250 train_time:517.450s step_avg:160.50ms
step:3225/3250 train_time:517.610s step_avg:160.50ms
step:3225/3250 val_loss:3.27322 train_time:517.610s step_avg:162.40ms
probe_ema: n=84934656 align=0.00306,-0.00145,-0.00617,-0.01108,-0.01614,-0.02097,-0.02513,-0.02833 rel_mse=1.02557,1.01854,1.01353,1.00999,1.00745,1.00557,1.00414,1.00306
step:3226/3250 train_time:517.775s step_avg:160.50ms
step:3227/3250 train_time:517.936s step_avg:160.50ms
step:3228/3250 train_time:518.097s step_avg:160.50ms
step:3229/3250 train_time:518.256s step_avg:160.50ms
step:3230/3250 train_time:518.417s step_avg:160.50ms
step:3230/3250 val_loss:3.27308 train_time:518.417s step_avg:161.42ms
probe_ema: n=84934656 align=0.05988,0.04156,0.02499,0.01136,0.00052,-0.00797,-0.01446,-0.01925 rel_mse=1.00762,1.00732,1.00684,1.00604,1.00508,1.00411,1.00321,1.00245
step:3231/3250 train_time:518.630s step_avg:160.52ms
step:3232/3250 train_time:518.790s step_avg:160.52ms
step:3233/3250 train_time:518.951s step_avg:160.52ms
step:3234/3250 train_time:519.111s step_avg:160.52ms
step:3235/3250 train_time:519.272s step_avg:160.52ms
step:3236/3250 train_time:519.433s step_avg:160.52ms
step:3237/3250 train_time:519.594s step_avg:160.52ms
step:3238/3250 train_time:519.757s step_avg:160.52ms
step:3239/3250 train_time:519.917s step_avg:160.52ms
step:3240/3250 train_time:520.078s step_avg:160.52ms
step:3240/3250 val_loss:3.27279 train_time:520.078s step_avg:166.11ms
probe_ema: n=84934656 align=-0.01162,-0.01069,-0.01113,-0.01298,-0.01587,-0.01921,-0.02248,-0.02532 rel_mse=1.02959,1.02106,1.01486,1.01051,1.00751,1.00543,1.00395,1.00288
step:3241/3250 train_time:520.239s step_avg:160.52ms
step:3242/3250 train_time:520.401s step_avg:160.52ms
step:3243/3250 train_time:520.562s step_avg:160.52ms
step:3244/3250 train_time:520.723s step_avg:160.52ms
step:3245/3250 train_time:520.892s step_avg:160.52ms
step:3246/3250 train_time:521.052s step_avg:160.52ms
step:3247/3250 train_time:521.213s step_avg:160.52ms
step:3248/3250 train_time:521.374s step_avg:160.52ms
step:3249/3250 train_time:521.535s step_avg:160.52ms
step:3250/3250 train_time:521.696s step_avg:160.52ms
step:3250/3250 val_loss:3.27266 train_time:521.696s step_avg:161.79ms
probe_ema: n=84934656 align=0.10382,0.10682,0.10379,0.09553,0.08381,0.07059,0.05751,0.04561 rel_mse=0.99484,0.99085,0.99014,0.99138,0.99336,0.99532,0.99691,0.99807
