==== 2026-08-23 22:22:48 K6_a38 --k 6 --tau-min 3 --tau-max 56 --weights 0.03148,0.06296,0.09444,0.12592,0.15740,0.52781 ====
W0823 22:22:50.121000 25887 torch/distributed/run.py:774] 
W0823 22:22:50.121000 25887 torch/distributed/run.py:774] *****************************************
W0823 22:22:50.121000 25887 torch/distributed/run.py:774] Setting OMP_NUM_THREADS environment variable for each process to be 1 in default, to avoid your system being overloaded, please further tune the variable for optimal performance in your application as needed. 
W0823 22:22:50.121000 25887 torch/distributed/run.py:774] *****************************************
logs/cceec1bd-c652-4f1a-a4cd-2b1d4074814b.txt
step:0/3250 val_loss:10.82584 train_time:0.000s step_avg:nanms
step:1/3250 train_time:11.398s step_avg:11398.21ms
step:2/3250 train_time:11.533s step_avg:5766.65ms
step:3/3250 train_time:11.685s step_avg:3895.03ms
step:4/3250 train_time:11.840s step_avg:2960.06ms
step:5/3250 train_time:11.991s step_avg:2398.27ms
step:6/3250 train_time:12.145s step_avg:2024.13ms
step:7/3250 train_time:12.298s step_avg:1756.90ms
step:8/3250 train_time:12.453s step_avg:1556.63ms
step:9/3250 train_time:12.606s step_avg:1400.71ms
step:10/3250 train_time:12.763s step_avg:1276.33ms
step:11/3250 train_time:12.917s step_avg:1174.32ms
step:12/3250 train_time:13.070s step_avg:1089.20ms
step:13/3250 train_time:13.224s step_avg:1017.20ms
step:14/3250 train_time:13.378s step_avg:955.59ms
step:15/3250 train_time:13.531s step_avg:902.07ms
step:16/3250 train_time:13.685s step_avg:855.31ms
step:17/3250 train_time:13.841s step_avg:814.18ms
step:18/3250 train_time:13.995s step_avg:777.48ms
step:19/3250 train_time:14.149s step_avg:744.68ms
step:20/3250 train_time:14.304s step_avg:715.18ms
step:21/3250 train_time:14.459s step_avg:688.53ms
step:22/3250 train_time:14.612s step_avg:664.16ms
step:23/3250 train_time:14.766s step_avg:641.99ms
step:24/3250 train_time:14.921s step_avg:621.71ms
step:25/3250 train_time:15.077s step_avg:603.08ms
step:26/3250 train_time:15.230s step_avg:585.76ms
step:27/3250 train_time:15.384s step_avg:569.79ms
step:28/3250 train_time:15.541s step_avg:555.02ms
step:29/3250 train_time:15.693s step_avg:541.15ms
step:30/3250 train_time:15.848s step_avg:528.26ms
step:31/3250 train_time:16.003s step_avg:516.24ms
step:32/3250 train_time:16.158s step_avg:504.95ms
step:33/3250 train_time:16.312s step_avg:494.29ms
step:34/3250 train_time:16.465s step_avg:484.28ms
step:35/3250 train_time:16.621s step_avg:474.88ms
step:36/3250 train_time:16.775s step_avg:465.98ms
step:37/3250 train_time:16.929s step_avg:457.54ms
step:38/3250 train_time:17.085s step_avg:449.60ms
step:39/3250 train_time:17.242s step_avg:442.09ms
step:40/3250 train_time:17.396s step_avg:434.89ms
step:41/3250 train_time:17.549s step_avg:428.04ms
step:42/3250 train_time:17.704s step_avg:421.53ms
step:43/3250 train_time:17.860s step_avg:415.35ms
step:44/3250 train_time:18.014s step_avg:409.41ms
step:45/3250 train_time:18.169s step_avg:403.75ms
step:46/3250 train_time:18.324s step_avg:398.36ms
step:47/3250 train_time:18.481s step_avg:393.22ms
step:48/3250 train_time:18.636s step_avg:388.24ms
step:49/3250 train_time:18.788s step_avg:383.44ms
step:50/3250 train_time:18.945s step_avg:378.89ms
step:51/3250 train_time:19.099s step_avg:374.50ms
step:52/3250 train_time:19.253s step_avg:370.25ms
step:53/3250 train_time:19.407s step_avg:366.17ms
step:54/3250 train_time:19.564s step_avg:362.30ms
step:55/3250 train_time:19.720s step_avg:358.55ms
step:56/3250 train_time:19.875s step_avg:354.91ms
step:57/3250 train_time:20.029s step_avg:351.39ms
step:58/3250 train_time:20.184s step_avg:348.00ms
step:59/3250 train_time:20.339s step_avg:344.73ms
step:60/3250 train_time:20.492s step_avg:341.53ms
step:61/3250 train_time:20.646s step_avg:338.45ms
step:62/3250 train_time:20.802s step_avg:335.51ms
step:63/3250 train_time:20.957s step_avg:332.65ms
step:64/3250 train_time:21.110s step_avg:329.85ms
step:65/3250 train_time:21.266s step_avg:327.16ms
step:66/3250 train_time:21.421s step_avg:324.56ms
step:67/3250 train_time:21.576s step_avg:322.02ms
step:68/3250 train_time:21.729s step_avg:319.54ms
step:69/3250 train_time:21.884s step_avg:317.16ms
step:70/3250 train_time:22.040s step_avg:314.86ms
step:71/3250 train_time:22.194s step_avg:312.59ms
step:72/3250 train_time:22.348s step_avg:310.39ms
step:73/3250 train_time:22.503s step_avg:308.27ms
step:74/3250 train_time:22.659s step_avg:306.21ms
step:75/3250 train_time:22.813s step_avg:304.17ms
step:76/3250 train_time:22.967s step_avg:302.20ms
step:77/3250 train_time:23.123s step_avg:300.30ms
step:78/3250 train_time:23.278s step_avg:298.44ms
step:79/3250 train_time:23.431s step_avg:296.60ms
step:80/3250 train_time:23.585s step_avg:294.82ms
step:81/3250 train_time:23.741s step_avg:293.10ms
step:82/3250 train_time:23.894s step_avg:291.39ms
step:83/3250 train_time:24.048s step_avg:289.73ms
step:84/3250 train_time:24.203s step_avg:288.13ms
step:85/3250 train_time:24.358s step_avg:286.57ms
step:86/3250 train_time:24.511s step_avg:285.02ms
step:87/3250 train_time:24.665s step_avg:283.51ms
step:88/3250 train_time:24.822s step_avg:282.06ms
step:89/3250 train_time:24.976s step_avg:280.63ms
step:90/3250 train_time:25.130s step_avg:279.22ms
step:91/3250 train_time:25.285s step_avg:277.86ms
step:92/3250 train_time:25.440s step_avg:276.53ms
step:93/3250 train_time:25.594s step_avg:275.20ms
step:94/3250 train_time:25.748s step_avg:273.92ms
step:95/3250 train_time:25.903s step_avg:272.66ms
step:96/3250 train_time:26.059s step_avg:271.45ms
step:97/3250 train_time:26.211s step_avg:270.21ms
step:98/3250 train_time:26.366s step_avg:269.04ms
step:99/3250 train_time:26.523s step_avg:267.91ms
step:100/3250 train_time:26.679s step_avg:266.79ms
step:101/3250 train_time:26.834s step_avg:265.68ms
step:102/3250 train_time:26.987s step_avg:264.58ms
step:103/3250 train_time:27.143s step_avg:263.53ms
step:104/3250 train_time:27.297s step_avg:262.47ms
step:105/3250 train_time:27.450s step_avg:261.43ms
step:106/3250 train_time:27.605s step_avg:260.43ms
step:107/3250 train_time:27.759s step_avg:259.43ms
step:108/3250 train_time:27.912s step_avg:258.45ms
step:109/3250 train_time:28.066s step_avg:257.49ms
step:110/3250 train_time:28.223s step_avg:256.57ms
step:111/3250 train_time:28.379s step_avg:255.67ms
step:112/3250 train_time:28.532s step_avg:254.75ms
step:113/3250 train_time:28.686s step_avg:253.86ms
step:114/3250 train_time:28.844s step_avg:253.02ms
step:115/3250 train_time:28.999s step_avg:252.17ms
step:116/3250 train_time:29.154s step_avg:251.32ms
step:117/3250 train_time:29.308s step_avg:250.49ms
step:118/3250 train_time:29.464s step_avg:249.69ms
step:119/3250 train_time:29.618s step_avg:248.89ms
step:120/3250 train_time:29.772s step_avg:248.10ms
step:121/3250 train_time:29.926s step_avg:247.32ms
step:122/3250 train_time:30.083s step_avg:246.58ms
step:123/3250 train_time:30.238s step_avg:245.84ms
step:124/3250 train_time:30.391s step_avg:245.09ms
step:125/3250 train_time:30.545s step_avg:244.36ms
step:125/3250 val_loss:4.59410 train_time:30.557s step_avg:244.45ms
step:126/3250 train_time:30.703s step_avg:243.67ms
step:127/3250 train_time:30.858s step_avg:242.98ms
step:128/3250 train_time:31.013s step_avg:242.29ms
step:129/3250 train_time:31.166s step_avg:241.60ms
step:130/3250 train_time:31.321s step_avg:240.93ms
step:131/3250 train_time:31.478s step_avg:240.29ms
step:132/3250 train_time:31.633s step_avg:239.64ms
step:133/3250 train_time:31.787s step_avg:239.00ms
step:134/3250 train_time:31.942s step_avg:238.37ms
step:135/3250 train_time:32.098s step_avg:237.76ms
step:136/3250 train_time:32.251s step_avg:237.14ms
step:137/3250 train_time:32.405s step_avg:236.53ms
step:138/3250 train_time:32.560s step_avg:235.94ms
step:139/3250 train_time:32.715s step_avg:235.36ms
step:140/3250 train_time:32.868s step_avg:234.77ms
step:141/3250 train_time:33.022s step_avg:234.20ms
step:142/3250 train_time:33.179s step_avg:233.66ms
step:143/3250 train_time:33.334s step_avg:233.10ms
step:144/3250 train_time:33.488s step_avg:232.55ms
step:145/3250 train_time:33.642s step_avg:232.02ms
step:146/3250 train_time:33.799s step_avg:231.50ms
step:147/3250 train_time:33.953s step_avg:230.97ms
step:148/3250 train_time:34.107s step_avg:230.45ms
step:149/3250 train_time:34.262s step_avg:229.94ms
step:150/3250 train_time:34.418s step_avg:229.45ms
step:151/3250 train_time:34.573s step_avg:228.96ms
step:152/3250 train_time:34.726s step_avg:228.46ms
step:153/3250 train_time:34.882s step_avg:227.99ms
step:154/3250 train_time:35.038s step_avg:227.52ms
step:155/3250 train_time:35.192s step_avg:227.05ms
step:156/3250 train_time:35.346s step_avg:226.58ms
step:157/3250 train_time:35.502s step_avg:226.13ms
step:158/3250 train_time:35.658s step_avg:225.68ms
step:159/3250 train_time:35.813s step_avg:225.24ms
step:160/3250 train_time:35.966s step_avg:224.79ms
step:161/3250 train_time:36.122s step_avg:224.36ms
step:162/3250 train_time:36.277s step_avg:223.93ms
step:163/3250 train_time:36.430s step_avg:223.50ms
step:164/3250 train_time:36.584s step_avg:223.08ms
step:165/3250 train_time:36.741s step_avg:222.67ms
step:166/3250 train_time:36.897s step_avg:222.27ms
step:167/3250 train_time:37.051s step_avg:221.86ms
step:168/3250 train_time:37.205s step_avg:221.46ms
step:169/3250 train_time:37.360s step_avg:221.07ms
step:170/3250 train_time:37.516s step_avg:220.68ms
step:171/3250 train_time:37.669s step_avg:220.29ms
step:172/3250 train_time:37.823s step_avg:219.90ms
step:173/3250 train_time:37.980s step_avg:219.54ms
step:174/3250 train_time:38.134s step_avg:219.16ms
step:175/3250 train_time:38.288s step_avg:218.79ms
step:176/3250 train_time:38.443s step_avg:218.43ms
step:177/3250 train_time:38.600s step_avg:218.08ms
step:178/3250 train_time:38.755s step_avg:217.72ms
step:179/3250 train_time:38.909s step_avg:217.37ms
step:180/3250 train_time:39.064s step_avg:217.02ms
step:181/3250 train_time:39.221s step_avg:216.69ms
step:182/3250 train_time:39.375s step_avg:216.35ms
step:183/3250 train_time:39.528s step_avg:216.00ms
step:184/3250 train_time:39.682s step_avg:215.67ms
step:185/3250 train_time:39.838s step_avg:215.34ms
step:186/3250 train_time:39.992s step_avg:215.01ms
step:187/3250 train_time:40.146s step_avg:214.68ms
step:188/3250 train_time:40.301s step_avg:214.37ms
step:189/3250 train_time:40.458s step_avg:214.06ms
step:190/3250 train_time:40.613s step_avg:213.75ms
step:191/3250 train_time:42.211s step_avg:221.00ms
step:192/3250 train_time:42.365s step_avg:220.65ms
step:193/3250 train_time:42.521s step_avg:220.32ms
step:194/3250 train_time:42.673s step_avg:219.97ms
step:195/3250 train_time:42.826s step_avg:219.62ms
step:196/3250 train_time:42.983s step_avg:219.30ms
step:197/3250 train_time:43.142s step_avg:218.99ms
step:198/3250 train_time:43.298s step_avg:218.68ms
step:199/3250 train_time:43.453s step_avg:218.36ms
step:200/3250 train_time:43.607s step_avg:218.04ms
step:201/3250 train_time:43.761s step_avg:217.72ms
step:202/3250 train_time:43.917s step_avg:217.41ms
step:203/3250 train_time:44.070s step_avg:217.10ms
step:204/3250 train_time:44.225s step_avg:216.79ms
step:205/3250 train_time:44.383s step_avg:216.50ms
step:206/3250 train_time:44.540s step_avg:216.21ms
step:207/3250 train_time:44.695s step_avg:215.92ms
step:208/3250 train_time:44.849s step_avg:215.62ms
step:209/3250 train_time:45.003s step_avg:215.33ms
step:210/3250 train_time:45.159s step_avg:215.04ms
step:211/3250 train_time:45.314s step_avg:214.76ms
step:212/3250 train_time:45.467s step_avg:214.47ms
step:213/3250 train_time:45.622s step_avg:214.19ms
step:214/3250 train_time:45.777s step_avg:213.91ms
step:215/3250 train_time:45.931s step_avg:213.63ms
step:216/3250 train_time:46.085s step_avg:213.36ms
step:217/3250 train_time:46.241s step_avg:213.09ms
step:218/3250 train_time:46.397s step_avg:212.83ms
step:219/3250 train_time:46.551s step_avg:212.56ms
step:220/3250 train_time:46.705s step_avg:212.29ms
step:221/3250 train_time:46.860s step_avg:212.03ms
step:222/3250 train_time:47.014s step_avg:211.78ms
step:223/3250 train_time:47.168s step_avg:211.51ms
step:224/3250 train_time:47.322s step_avg:211.26ms
step:225/3250 train_time:47.479s step_avg:211.02ms
step:226/3250 train_time:47.633s step_avg:210.76ms
step:227/3250 train_time:47.787s step_avg:210.51ms
step:228/3250 train_time:47.942s step_avg:210.27ms
step:229/3250 train_time:48.098s step_avg:210.03ms
step:230/3250 train_time:48.251s step_avg:209.79ms
step:231/3250 train_time:48.405s step_avg:209.55ms
step:232/3250 train_time:48.560s step_avg:209.31ms
step:233/3250 train_time:48.716s step_avg:209.08ms
step:234/3250 train_time:48.870s step_avg:208.85ms
step:235/3250 train_time:49.024s step_avg:208.61ms
step:236/3250 train_time:49.181s step_avg:208.39ms
step:237/3250 train_time:49.335s step_avg:208.17ms
step:238/3250 train_time:49.489s step_avg:207.94ms
step:239/3250 train_time:49.643s step_avg:207.71ms
step:240/3250 train_time:49.799s step_avg:207.49ms
step:241/3250 train_time:49.954s step_avg:207.28ms
step:242/3250 train_time:50.108s step_avg:207.06ms
step:243/3250 train_time:50.262s step_avg:206.84ms
step:244/3250 train_time:50.419s step_avg:206.63ms
step:245/3250 train_time:50.572s step_avg:206.42ms
step:246/3250 train_time:50.726s step_avg:206.20ms
step:247/3250 train_time:50.883s step_avg:206.00ms
step:248/3250 train_time:51.038s step_avg:205.80ms
step:249/3250 train_time:51.192s step_avg:205.59ms
step:250/3250 train_time:51.346s step_avg:205.38ms
step:250/3250 val_loss:4.09394 train_time:51.358s step_avg:166.41ms
step:251/3250 train_time:51.503s step_avg:205.19ms
step:252/3250 train_time:51.661s step_avg:205.00ms
step:253/3250 train_time:51.817s step_avg:204.81ms
step:254/3250 train_time:51.970s step_avg:204.61ms
step:255/3250 train_time:52.125s step_avg:204.41ms
step:256/3250 train_time:52.280s step_avg:204.22ms
step:257/3250 train_time:52.437s step_avg:204.03ms
step:258/3250 train_time:52.590s step_avg:203.84ms
step:259/3250 train_time:52.745s step_avg:203.65ms
step:260/3250 train_time:52.900s step_avg:203.46ms
step:261/3250 train_time:53.055s step_avg:203.28ms
step:262/3250 train_time:53.208s step_avg:203.09ms
step:263/3250 train_time:53.363s step_avg:202.90ms
step:264/3250 train_time:53.520s step_avg:202.73ms
step:265/3250 train_time:53.676s step_avg:202.55ms
step:266/3250 train_time:53.829s step_avg:202.36ms
step:267/3250 train_time:53.983s step_avg:202.18ms
step:268/3250 train_time:54.139s step_avg:202.01ms
step:269/3250 train_time:54.295s step_avg:201.84ms
step:270/3250 train_time:54.448s step_avg:201.66ms
step:271/3250 train_time:54.602s step_avg:201.48ms
step:272/3250 train_time:54.759s step_avg:201.32ms
step:273/3250 train_time:54.915s step_avg:201.15ms
step:274/3250 train_time:55.068s step_avg:200.98ms
step:275/3250 train_time:55.223s step_avg:200.81ms
step:276/3250 train_time:55.378s step_avg:200.64ms
step:277/3250 train_time:55.532s step_avg:200.48ms
step:278/3250 train_time:55.686s step_avg:200.31ms
step:279/3250 train_time:55.841s step_avg:200.15ms
step:280/3250 train_time:55.998s step_avg:199.99ms
step:281/3250 train_time:56.152s step_avg:199.83ms
step:282/3250 train_time:56.305s step_avg:199.66ms
step:283/3250 train_time:56.461s step_avg:199.51ms
step:284/3250 train_time:56.617s step_avg:199.36ms
step:285/3250 train_time:56.771s step_avg:199.20ms
step:286/3250 train_time:56.925s step_avg:199.04ms
step:287/3250 train_time:57.081s step_avg:198.89ms
step:288/3250 train_time:57.237s step_avg:198.74ms
step:289/3250 train_time:57.392s step_avg:198.59ms
step:290/3250 train_time:57.547s step_avg:198.44ms
step:291/3250 train_time:57.701s step_avg:198.28ms
step:292/3250 train_time:57.857s step_avg:198.14ms
step:293/3250 train_time:58.010s step_avg:197.99ms
step:294/3250 train_time:58.164s step_avg:197.84ms
step:295/3250 train_time:58.320s step_avg:197.70ms
step:296/3250 train_time:58.475s step_avg:197.55ms
step:297/3250 train_time:58.628s step_avg:197.40ms
step:298/3250 train_time:58.782s step_avg:197.26ms
step:299/3250 train_time:58.939s step_avg:197.12ms
step:300/3250 train_time:59.095s step_avg:196.98ms
step:301/3250 train_time:59.248s step_avg:196.84ms
step:302/3250 train_time:59.404s step_avg:196.70ms
step:303/3250 train_time:59.561s step_avg:196.57ms
step:304/3250 train_time:59.715s step_avg:196.43ms
step:305/3250 train_time:59.869s step_avg:196.29ms
step:306/3250 train_time:60.024s step_avg:196.16ms
step:307/3250 train_time:60.180s step_avg:196.03ms
step:308/3250 train_time:60.337s step_avg:195.90ms
step:309/3250 train_time:60.492s step_avg:195.77ms
step:310/3250 train_time:60.646s step_avg:195.63ms
step:311/3250 train_time:60.801s step_avg:195.50ms
step:312/3250 train_time:60.957s step_avg:195.38ms
step:313/3250 train_time:61.112s step_avg:195.25ms
step:314/3250 train_time:61.266s step_avg:195.11ms
step:315/3250 train_time:61.422s step_avg:194.99ms
step:316/3250 train_time:61.577s step_avg:194.86ms
step:317/3250 train_time:61.732s step_avg:194.74ms
step:318/3250 train_time:61.886s step_avg:194.61ms
step:319/3250 train_time:62.041s step_avg:194.49ms
step:320/3250 train_time:62.196s step_avg:194.36ms
step:321/3250 train_time:62.350s step_avg:194.24ms
step:322/3250 train_time:62.503s step_avg:194.11ms
step:323/3250 train_time:62.661s step_avg:194.00ms
step:324/3250 train_time:62.817s step_avg:193.88ms
step:325/3250 train_time:62.971s step_avg:193.76ms
step:326/3250 train_time:63.125s step_avg:193.64ms
step:327/3250 train_time:63.281s step_avg:193.52ms
step:328/3250 train_time:63.437s step_avg:193.40ms
step:329/3250 train_time:63.591s step_avg:193.29ms
step:330/3250 train_time:63.745s step_avg:193.17ms
step:331/3250 train_time:63.901s step_avg:193.05ms
step:332/3250 train_time:64.057s step_avg:192.94ms
step:333/3250 train_time:64.210s step_avg:192.82ms
step:334/3250 train_time:64.364s step_avg:192.71ms
step:335/3250 train_time:64.520s step_avg:192.60ms
step:336/3250 train_time:64.675s step_avg:192.48ms
step:337/3250 train_time:64.829s step_avg:192.37ms
step:338/3250 train_time:64.982s step_avg:192.26ms
step:339/3250 train_time:65.139s step_avg:192.15ms
step:340/3250 train_time:65.295s step_avg:192.04ms
step:341/3250 train_time:65.449s step_avg:191.93ms
step:342/3250 train_time:65.604s step_avg:191.82ms
step:343/3250 train_time:65.761s step_avg:191.72ms
step:344/3250 train_time:65.916s step_avg:191.62ms
step:345/3250 train_time:66.069s step_avg:191.50ms
step:346/3250 train_time:66.224s step_avg:191.40ms
step:347/3250 train_time:66.380s step_avg:191.30ms
step:348/3250 train_time:66.536s step_avg:191.19ms
step:349/3250 train_time:66.690s step_avg:191.09ms
step:350/3250 train_time:66.845s step_avg:190.99ms
step:351/3250 train_time:67.001s step_avg:190.89ms
step:352/3250 train_time:67.157s step_avg:190.79ms
step:353/3250 train_time:67.310s step_avg:190.68ms
step:354/3250 train_time:67.464s step_avg:190.58ms
step:355/3250 train_time:67.619s step_avg:190.48ms
step:356/3250 train_time:67.773s step_avg:190.37ms
step:357/3250 train_time:67.927s step_avg:190.27ms
step:358/3250 train_time:68.081s step_avg:190.17ms
step:359/3250 train_time:68.238s step_avg:190.08ms
step:360/3250 train_time:68.393s step_avg:189.98ms
step:361/3250 train_time:68.547s step_avg:189.88ms
step:362/3250 train_time:68.701s step_avg:189.78ms
step:363/3250 train_time:68.858s step_avg:189.69ms
step:364/3250 train_time:69.013s step_avg:189.60ms
step:365/3250 train_time:69.167s step_avg:189.50ms
step:366/3250 train_time:69.322s step_avg:189.41ms
step:367/3250 train_time:69.479s step_avg:189.32ms
step:368/3250 train_time:69.634s step_avg:189.22ms
step:369/3250 train_time:69.787s step_avg:189.12ms
step:370/3250 train_time:69.942s step_avg:189.03ms
step:371/3250 train_time:70.098s step_avg:188.94ms
step:372/3250 train_time:70.253s step_avg:188.85ms
step:373/3250 train_time:70.406s step_avg:188.76ms
step:374/3250 train_time:70.561s step_avg:188.67ms
step:375/3250 train_time:70.717s step_avg:188.58ms
step:375/3250 val_loss:3.92636 train_time:70.729s step_avg:154.97ms
step:376/3250 train_time:70.874s step_avg:188.49ms
step:377/3250 train_time:71.029s step_avg:188.41ms
step:378/3250 train_time:71.183s step_avg:188.31ms
step:379/3250 train_time:71.337s step_avg:188.22ms
step:380/3250 train_time:71.493s step_avg:188.14ms
step:381/3250 train_time:71.698s step_avg:188.18ms
step:382/3250 train_time:71.853s step_avg:188.10ms
step:383/3250 train_time:72.007s step_avg:188.01ms
step:384/3250 train_time:72.159s step_avg:187.91ms
step:385/3250 train_time:72.313s step_avg:187.83ms
step:386/3250 train_time:72.469s step_avg:187.74ms
step:387/3250 train_time:72.622s step_avg:187.65ms
step:388/3250 train_time:72.776s step_avg:187.57ms
step:389/3250 train_time:72.931s step_avg:187.48ms
step:390/3250 train_time:73.085s step_avg:187.40ms
step:391/3250 train_time:73.238s step_avg:187.31ms
step:392/3250 train_time:73.394s step_avg:187.23ms
step:393/3250 train_time:73.549s step_avg:187.15ms
step:394/3250 train_time:73.701s step_avg:187.06ms
step:395/3250 train_time:73.855s step_avg:186.97ms
step:396/3250 train_time:74.010s step_avg:186.89ms
step:397/3250 train_time:74.165s step_avg:186.81ms
step:398/3250 train_time:74.318s step_avg:186.73ms
step:399/3250 train_time:74.474s step_avg:186.65ms
step:400/3250 train_time:74.629s step_avg:186.57ms
step:401/3250 train_time:74.783s step_avg:186.49ms
step:402/3250 train_time:74.936s step_avg:186.41ms
step:403/3250 train_time:75.092s step_avg:186.33ms
step:404/3250 train_time:75.247s step_avg:186.25ms
step:405/3250 train_time:75.399s step_avg:186.17ms
step:406/3250 train_time:75.554s step_avg:186.09ms
step:407/3250 train_time:75.709s step_avg:186.02ms
step:408/3250 train_time:75.863s step_avg:185.94ms
step:409/3250 train_time:76.016s step_avg:185.86ms
step:410/3250 train_time:76.172s step_avg:185.79ms
step:411/3250 train_time:76.326s step_avg:185.71ms
step:412/3250 train_time:76.479s step_avg:185.63ms
step:413/3250 train_time:76.634s step_avg:185.55ms
step:414/3250 train_time:76.790s step_avg:185.48ms
step:415/3250 train_time:76.943s step_avg:185.41ms
step:416/3250 train_time:77.097s step_avg:185.33ms
step:417/3250 train_time:77.252s step_avg:185.26ms
step:418/3250 train_time:77.405s step_avg:185.18ms
step:419/3250 train_time:77.559s step_avg:185.11ms
step:420/3250 train_time:77.714s step_avg:185.03ms
step:421/3250 train_time:77.870s step_avg:184.96ms
step:422/3250 train_time:78.025s step_avg:184.89ms
step:423/3250 train_time:78.178s step_avg:184.82ms
step:424/3250 train_time:78.333s step_avg:184.75ms
step:425/3250 train_time:78.488s step_avg:184.68ms
step:426/3250 train_time:78.641s step_avg:184.60ms
step:427/3250 train_time:78.795s step_avg:184.53ms
step:428/3250 train_time:78.951s step_avg:184.46ms
step:429/3250 train_time:79.104s step_avg:184.39ms
step:430/3250 train_time:79.258s step_avg:184.32ms
step:431/3250 train_time:79.412s step_avg:184.25ms
step:432/3250 train_time:79.567s step_avg:184.18ms
step:433/3250 train_time:79.720s step_avg:184.11ms
step:434/3250 train_time:79.875s step_avg:184.04ms
step:435/3250 train_time:80.030s step_avg:183.98ms
step:436/3250 train_time:80.184s step_avg:183.91ms
step:437/3250 train_time:80.338s step_avg:183.84ms
step:438/3250 train_time:80.493s step_avg:183.77ms
step:439/3250 train_time:80.649s step_avg:183.71ms
step:440/3250 train_time:80.801s step_avg:183.64ms
step:441/3250 train_time:80.956s step_avg:183.57ms
step:442/3250 train_time:81.111s step_avg:183.51ms
step:443/3250 train_time:81.265s step_avg:183.44ms
step:444/3250 train_time:81.418s step_avg:183.37ms
step:445/3250 train_time:81.573s step_avg:183.31ms
step:446/3250 train_time:81.728s step_avg:183.25ms
step:447/3250 train_time:81.882s step_avg:183.18ms
step:448/3250 train_time:82.036s step_avg:183.12ms
step:449/3250 train_time:82.192s step_avg:183.06ms
step:450/3250 train_time:82.346s step_avg:182.99ms
step:451/3250 train_time:82.499s step_avg:182.92ms
step:452/3250 train_time:82.653s step_avg:182.86ms
step:453/3250 train_time:82.809s step_avg:182.80ms
step:454/3250 train_time:82.962s step_avg:182.74ms
step:455/3250 train_time:83.115s step_avg:182.67ms
step:456/3250 train_time:83.272s step_avg:182.61ms
step:457/3250 train_time:83.426s step_avg:182.55ms
step:458/3250 train_time:83.579s step_avg:182.49ms
step:459/3250 train_time:83.734s step_avg:182.43ms
step:460/3250 train_time:83.889s step_avg:182.37ms
step:461/3250 train_time:84.043s step_avg:182.31ms
step:462/3250 train_time:84.197s step_avg:182.24ms
step:463/3250 train_time:84.354s step_avg:182.19ms
step:464/3250 train_time:84.508s step_avg:182.13ms
step:465/3250 train_time:84.661s step_avg:182.07ms
step:466/3250 train_time:84.815s step_avg:182.01ms
step:467/3250 train_time:84.972s step_avg:181.95ms
step:468/3250 train_time:85.127s step_avg:181.90ms
step:469/3250 train_time:85.281s step_avg:181.84ms
step:470/3250 train_time:85.435s step_avg:181.78ms
step:471/3250 train_time:85.590s step_avg:181.72ms
step:472/3250 train_time:85.743s step_avg:181.66ms
step:473/3250 train_time:85.897s step_avg:181.60ms
step:474/3250 train_time:86.052s step_avg:181.55ms
step:475/3250 train_time:86.207s step_avg:181.49ms
step:476/3250 train_time:86.360s step_avg:181.43ms
step:477/3250 train_time:86.514s step_avg:181.37ms
step:478/3250 train_time:86.670s step_avg:181.32ms
step:479/3250 train_time:86.825s step_avg:181.26ms
step:480/3250 train_time:86.978s step_avg:181.20ms
step:481/3250 train_time:87.133s step_avg:181.15ms
step:482/3250 train_time:87.288s step_avg:181.10ms
step:483/3250 train_time:87.441s step_avg:181.04ms
step:484/3250 train_time:87.595s step_avg:180.98ms
step:485/3250 train_time:87.752s step_avg:180.93ms
step:486/3250 train_time:87.906s step_avg:180.88ms
step:487/3250 train_time:88.059s step_avg:180.82ms
step:488/3250 train_time:88.213s step_avg:180.77ms
step:489/3250 train_time:88.369s step_avg:180.71ms
step:490/3250 train_time:88.522s step_avg:180.66ms
step:491/3250 train_time:88.677s step_avg:180.61ms
step:492/3250 train_time:88.832s step_avg:180.55ms
step:493/3250 train_time:88.986s step_avg:180.50ms
step:494/3250 train_time:89.140s step_avg:180.44ms
step:495/3250 train_time:89.294s step_avg:180.39ms
step:496/3250 train_time:89.450s step_avg:180.34ms
step:497/3250 train_time:89.603s step_avg:180.29ms
step:498/3250 train_time:89.757s step_avg:180.23ms
step:499/3250 train_time:89.911s step_avg:180.18ms
step:500/3250 train_time:90.065s step_avg:180.13ms
step:500/3250 val_loss:3.82548 train_time:90.077s step_avg:154.78ms
step:501/3250 train_time:90.221s step_avg:180.08ms
step:502/3250 train_time:90.375s step_avg:180.03ms
step:503/3250 train_time:90.529s step_avg:179.98ms
step:504/3250 train_time:90.683s step_avg:179.93ms
step:505/3250 train_time:90.836s step_avg:179.87ms
step:506/3250 train_time:90.990s step_avg:179.82ms
step:507/3250 train_time:91.146s step_avg:179.77ms
step:508/3250 train_time:91.302s step_avg:179.73ms
step:509/3250 train_time:91.455s step_avg:179.68ms
step:510/3250 train_time:91.609s step_avg:179.63ms
step:511/3250 train_time:91.764s step_avg:179.58ms
step:512/3250 train_time:91.917s step_avg:179.53ms
step:513/3250 train_time:92.070s step_avg:179.47ms
step:514/3250 train_time:92.225s step_avg:179.43ms
step:515/3250 train_time:92.381s step_avg:179.38ms
step:516/3250 train_time:92.534s step_avg:179.33ms
step:517/3250 train_time:92.689s step_avg:179.28ms
step:518/3250 train_time:92.844s step_avg:179.24ms
step:519/3250 train_time:92.999s step_avg:179.19ms
step:520/3250 train_time:93.153s step_avg:179.14ms
step:521/3250 train_time:93.307s step_avg:179.09ms
step:522/3250 train_time:93.462s step_avg:179.05ms
step:523/3250 train_time:93.617s step_avg:179.00ms
step:524/3250 train_time:93.770s step_avg:178.95ms
step:525/3250 train_time:93.925s step_avg:178.91ms
step:526/3250 train_time:94.080s step_avg:178.86ms
step:527/3250 train_time:94.233s step_avg:178.81ms
step:528/3250 train_time:94.387s step_avg:178.76ms
step:529/3250 train_time:94.542s step_avg:178.72ms
step:530/3250 train_time:94.695s step_avg:178.67ms
step:531/3250 train_time:94.849s step_avg:178.62ms
step:532/3250 train_time:95.004s step_avg:178.58ms
step:533/3250 train_time:95.159s step_avg:178.53ms
step:534/3250 train_time:95.312s step_avg:178.49ms
step:535/3250 train_time:95.466s step_avg:178.44ms
step:536/3250 train_time:95.621s step_avg:178.40ms
step:537/3250 train_time:95.774s step_avg:178.35ms
step:538/3250 train_time:95.928s step_avg:178.30ms
step:539/3250 train_time:96.084s step_avg:178.26ms
step:540/3250 train_time:96.238s step_avg:178.22ms
step:541/3250 train_time:96.393s step_avg:178.18ms
step:542/3250 train_time:96.547s step_avg:178.13ms
step:543/3250 train_time:96.703s step_avg:178.09ms
step:544/3250 train_time:96.856s step_avg:178.04ms
step:545/3250 train_time:97.010s step_avg:178.00ms
step:546/3250 train_time:97.165s step_avg:177.96ms
step:547/3250 train_time:97.319s step_avg:177.91ms
step:548/3250 train_time:97.472s step_avg:177.87ms
step:549/3250 train_time:97.626s step_avg:177.82ms
step:550/3250 train_time:97.781s step_avg:177.78ms
step:551/3250 train_time:97.934s step_avg:177.74ms
step:552/3250 train_time:98.089s step_avg:177.70ms
step:553/3250 train_time:98.244s step_avg:177.66ms
step:554/3250 train_time:98.400s step_avg:177.62ms
step:555/3250 train_time:98.553s step_avg:177.57ms
step:556/3250 train_time:98.708s step_avg:177.53ms
step:557/3250 train_time:98.864s step_avg:177.49ms
step:558/3250 train_time:99.018s step_avg:177.45ms
step:559/3250 train_time:99.171s step_avg:177.41ms
step:560/3250 train_time:99.326s step_avg:177.37ms
step:561/3250 train_time:99.480s step_avg:177.33ms
step:562/3250 train_time:99.633s step_avg:177.28ms
step:563/3250 train_time:99.787s step_avg:177.24ms
step:564/3250 train_time:99.942s step_avg:177.20ms
step:565/3250 train_time:100.097s step_avg:177.16ms
step:566/3250 train_time:100.250s step_avg:177.12ms
step:567/3250 train_time:100.405s step_avg:177.08ms
step:568/3250 train_time:100.559s step_avg:177.04ms
step:569/3250 train_time:100.712s step_avg:177.00ms
step:570/3250 train_time:100.867s step_avg:176.96ms
step:571/3250 train_time:101.075s step_avg:177.01ms
step:572/3250 train_time:101.228s step_avg:176.97ms
step:573/3250 train_time:101.383s step_avg:176.93ms
step:574/3250 train_time:101.536s step_avg:176.89ms
step:575/3250 train_time:101.690s step_avg:176.85ms
step:576/3250 train_time:101.845s step_avg:176.81ms
step:577/3250 train_time:102.001s step_avg:176.78ms
step:578/3250 train_time:102.154s step_avg:176.74ms
step:579/3250 train_time:102.308s step_avg:176.70ms
step:580/3250 train_time:102.463s step_avg:176.66ms
step:581/3250 train_time:102.618s step_avg:176.62ms
step:582/3250 train_time:102.771s step_avg:176.58ms
step:583/3250 train_time:102.926s step_avg:176.55ms
step:584/3250 train_time:103.081s step_avg:176.51ms
step:585/3250 train_time:103.234s step_avg:176.47ms
step:586/3250 train_time:103.389s step_avg:176.43ms
step:587/3250 train_time:103.544s step_avg:176.40ms
step:588/3250 train_time:103.699s step_avg:176.36ms
step:589/3250 train_time:103.852s step_avg:176.32ms
step:590/3250 train_time:104.007s step_avg:176.28ms
step:591/3250 train_time:104.161s step_avg:176.25ms
step:592/3250 train_time:104.316s step_avg:176.21ms
step:593/3250 train_time:104.469s step_avg:176.17ms
step:594/3250 train_time:104.625s step_avg:176.14ms
step:595/3250 train_time:104.780s step_avg:176.10ms
step:596/3250 train_time:104.932s step_avg:176.06ms
step:597/3250 train_time:105.087s step_avg:176.02ms
step:598/3250 train_time:105.242s step_avg:175.99ms
step:599/3250 train_time:105.396s step_avg:175.95ms
step:600/3250 train_time:105.550s step_avg:175.92ms
step:601/3250 train_time:105.705s step_avg:175.88ms
step:602/3250 train_time:105.861s step_avg:175.85ms
step:603/3250 train_time:106.014s step_avg:175.81ms
step:604/3250 train_time:106.168s step_avg:175.77ms
step:605/3250 train_time:106.324s step_avg:175.74ms
step:606/3250 train_time:106.477s step_avg:175.71ms
step:607/3250 train_time:106.630s step_avg:175.67ms
step:608/3250 train_time:106.785s step_avg:175.63ms
step:609/3250 train_time:106.939s step_avg:175.60ms
step:610/3250 train_time:107.093s step_avg:175.56ms
step:611/3250 train_time:107.247s step_avg:175.53ms
step:612/3250 train_time:107.402s step_avg:175.49ms
step:613/3250 train_time:107.555s step_avg:175.46ms
step:614/3250 train_time:107.709s step_avg:175.42ms
step:615/3250 train_time:107.864s step_avg:175.39ms
step:616/3250 train_time:108.018s step_avg:175.35ms
step:617/3250 train_time:108.171s step_avg:175.32ms
step:618/3250 train_time:108.325s step_avg:175.28ms
step:619/3250 train_time:108.480s step_avg:175.25ms
step:620/3250 train_time:108.632s step_avg:175.21ms
step:621/3250 train_time:108.787s step_avg:175.18ms
step:622/3250 train_time:108.942s step_avg:175.15ms
step:623/3250 train_time:109.095s step_avg:175.11ms
step:624/3250 train_time:109.249s step_avg:175.08ms
step:625/3250 train_time:109.404s step_avg:175.05ms
step:625/3250 val_loss:3.76421 train_time:109.416s step_avg:154.71ms
step:626/3250 train_time:109.560s step_avg:175.02ms
step:627/3250 train_time:109.715s step_avg:174.98ms
step:628/3250 train_time:109.867s step_avg:174.95ms
step:629/3250 train_time:110.021s step_avg:174.91ms
step:630/3250 train_time:110.175s step_avg:174.88ms
step:631/3250 train_time:110.328s step_avg:174.85ms
step:632/3250 train_time:110.483s step_avg:174.81ms
step:633/3250 train_time:110.639s step_avg:174.78ms
step:634/3250 train_time:110.793s step_avg:174.75ms
step:635/3250 train_time:110.947s step_avg:174.72ms
step:636/3250 train_time:111.101s step_avg:174.69ms
step:637/3250 train_time:111.256s step_avg:174.66ms
step:638/3250 train_time:111.409s step_avg:174.62ms
step:639/3250 train_time:111.563s step_avg:174.59ms
step:640/3250 train_time:111.719s step_avg:174.56ms
step:641/3250 train_time:111.874s step_avg:174.53ms
step:642/3250 train_time:112.027s step_avg:174.50ms
step:643/3250 train_time:112.181s step_avg:174.46ms
step:644/3250 train_time:112.335s step_avg:174.43ms
step:645/3250 train_time:112.489s step_avg:174.40ms
step:646/3250 train_time:112.642s step_avg:174.37ms
step:647/3250 train_time:112.797s step_avg:174.34ms
step:648/3250 train_time:112.952s step_avg:174.31ms
step:649/3250 train_time:113.105s step_avg:174.28ms
step:650/3250 train_time:113.261s step_avg:174.25ms
step:651/3250 train_time:113.415s step_avg:174.22ms
step:652/3250 train_time:113.568s step_avg:174.18ms
step:653/3250 train_time:113.722s step_avg:174.15ms
step:654/3250 train_time:113.877s step_avg:174.12ms
step:655/3250 train_time:114.032s step_avg:174.09ms
step:656/3250 train_time:114.185s step_avg:174.06ms
step:657/3250 train_time:114.340s step_avg:174.03ms
step:658/3250 train_time:114.495s step_avg:174.00ms
step:659/3250 train_time:114.648s step_avg:173.97ms
step:660/3250 train_time:114.802s step_avg:173.94ms
step:661/3250 train_time:114.958s step_avg:173.92ms
step:662/3250 train_time:115.113s step_avg:173.89ms
step:663/3250 train_time:115.266s step_avg:173.86ms
step:664/3250 train_time:115.422s step_avg:173.83ms
step:665/3250 train_time:115.577s step_avg:173.80ms
step:666/3250 train_time:115.731s step_avg:173.77ms
step:667/3250 train_time:115.884s step_avg:173.74ms
step:668/3250 train_time:116.041s step_avg:173.71ms
step:669/3250 train_time:116.195s step_avg:173.68ms
step:670/3250 train_time:116.349s step_avg:173.66ms
step:671/3250 train_time:116.503s step_avg:173.63ms
step:672/3250 train_time:116.659s step_avg:173.60ms
step:673/3250 train_time:116.813s step_avg:173.57ms
step:674/3250 train_time:116.966s step_avg:173.54ms
step:675/3250 train_time:117.120s step_avg:173.51ms
step:676/3250 train_time:117.275s step_avg:173.48ms
step:677/3250 train_time:117.428s step_avg:173.45ms
step:678/3250 train_time:117.582s step_avg:173.42ms
step:679/3250 train_time:117.739s step_avg:173.40ms
step:680/3250 train_time:117.892s step_avg:173.37ms
step:681/3250 train_time:118.046s step_avg:173.34ms
step:682/3250 train_time:118.201s step_avg:173.31ms
step:683/3250 train_time:118.355s step_avg:173.29ms
step:684/3250 train_time:118.509s step_avg:173.26ms
step:685/3250 train_time:118.663s step_avg:173.23ms
step:686/3250 train_time:118.819s step_avg:173.21ms
step:687/3250 train_time:118.973s step_avg:173.18ms
step:688/3250 train_time:119.126s step_avg:173.15ms
step:689/3250 train_time:119.280s step_avg:173.12ms
step:690/3250 train_time:119.435s step_avg:173.09ms
step:691/3250 train_time:119.589s step_avg:173.07ms
step:692/3250 train_time:119.743s step_avg:173.04ms
step:693/3250 train_time:119.899s step_avg:173.01ms
step:694/3250 train_time:120.052s step_avg:172.99ms
step:695/3250 train_time:120.206s step_avg:172.96ms
step:696/3250 train_time:120.361s step_avg:172.93ms
step:697/3250 train_time:120.515s step_avg:172.91ms
step:698/3250 train_time:120.668s step_avg:172.88ms
step:699/3250 train_time:120.822s step_avg:172.85ms
step:700/3250 train_time:120.977s step_avg:172.82ms
step:701/3250 train_time:121.132s step_avg:172.80ms
step:702/3250 train_time:121.286s step_avg:172.77ms
step:703/3250 train_time:121.441s step_avg:172.75ms
step:704/3250 train_time:121.596s step_avg:172.72ms
step:705/3250 train_time:121.749s step_avg:172.69ms
step:706/3250 train_time:121.904s step_avg:172.67ms
step:707/3250 train_time:122.059s step_avg:172.64ms
step:708/3250 train_time:122.213s step_avg:172.62ms
step:709/3250 train_time:122.366s step_avg:172.59ms
step:710/3250 train_time:122.521s step_avg:172.56ms
step:711/3250 train_time:122.675s step_avg:172.54ms
step:712/3250 train_time:122.828s step_avg:172.51ms
step:713/3250 train_time:122.982s step_avg:172.48ms
step:714/3250 train_time:123.137s step_avg:172.46ms
step:715/3250 train_time:123.291s step_avg:172.43ms
step:716/3250 train_time:123.445s step_avg:172.41ms
step:717/3250 train_time:123.600s step_avg:172.39ms
step:718/3250 train_time:123.755s step_avg:172.36ms
step:719/3250 train_time:123.908s step_avg:172.33ms
step:720/3250 train_time:124.062s step_avg:172.31ms
step:721/3250 train_time:124.216s step_avg:172.28ms
step:722/3250 train_time:124.369s step_avg:172.26ms
step:723/3250 train_time:124.523s step_avg:172.23ms
step:724/3250 train_time:124.677s step_avg:172.21ms
step:725/3250 train_time:124.832s step_avg:172.18ms
step:726/3250 train_time:124.985s step_avg:172.16ms
step:727/3250 train_time:125.141s step_avg:172.13ms
step:728/3250 train_time:125.295s step_avg:172.11ms
step:729/3250 train_time:125.449s step_avg:172.08ms
step:730/3250 train_time:125.603s step_avg:172.06ms
step:731/3250 train_time:125.760s step_avg:172.04ms
step:732/3250 train_time:125.915s step_avg:172.01ms
step:733/3250 train_time:126.067s step_avg:171.99ms
step:734/3250 train_time:126.221s step_avg:171.96ms
step:735/3250 train_time:126.375s step_avg:171.94ms
step:736/3250 train_time:126.529s step_avg:171.91ms
step:737/3250 train_time:126.682s step_avg:171.89ms
step:738/3250 train_time:126.838s step_avg:171.87ms
step:739/3250 train_time:126.992s step_avg:171.84ms
step:740/3250 train_time:127.145s step_avg:171.82ms
step:741/3250 train_time:127.300s step_avg:171.80ms
step:742/3250 train_time:127.454s step_avg:171.77ms
step:743/3250 train_time:127.607s step_avg:171.75ms
step:744/3250 train_time:127.761s step_avg:171.72ms
step:745/3250 train_time:127.916s step_avg:171.70ms
step:746/3250 train_time:128.068s step_avg:171.67ms
step:747/3250 train_time:128.223s step_avg:171.65ms
step:748/3250 train_time:128.378s step_avg:171.63ms
step:749/3250 train_time:128.532s step_avg:171.60ms
step:750/3250 train_time:128.685s step_avg:171.58ms
step:750/3250 val_loss:3.72014 train_time:128.697s step_avg:154.25ms
step:751/3250 train_time:128.841s step_avg:171.56ms
step:752/3250 train_time:128.996s step_avg:171.54ms
step:753/3250 train_time:129.150s step_avg:171.51ms
step:754/3250 train_time:129.302s step_avg:171.49ms
step:755/3250 train_time:129.457s step_avg:171.47ms
step:756/3250 train_time:129.611s step_avg:171.44ms
step:757/3250 train_time:129.765s step_avg:171.42ms
step:758/3250 train_time:129.919s step_avg:171.40ms
step:759/3250 train_time:130.075s step_avg:171.38ms
step:760/3250 train_time:130.228s step_avg:171.35ms
step:761/3250 train_time:130.435s step_avg:171.40ms
step:762/3250 train_time:130.590s step_avg:171.38ms
step:763/3250 train_time:130.743s step_avg:171.35ms
step:764/3250 train_time:130.898s step_avg:171.33ms
step:765/3250 train_time:131.052s step_avg:171.31ms
step:766/3250 train_time:131.205s step_avg:171.29ms
step:767/3250 train_time:131.359s step_avg:171.26ms
step:768/3250 train_time:131.513s step_avg:171.24ms
step:769/3250 train_time:131.666s step_avg:171.22ms
step:770/3250 train_time:131.820s step_avg:171.20ms
step:771/3250 train_time:131.976s step_avg:171.17ms
step:772/3250 train_time:132.129s step_avg:171.15ms
step:773/3250 train_time:132.283s step_avg:171.13ms
step:774/3250 train_time:132.437s step_avg:171.11ms
step:775/3250 train_time:132.591s step_avg:171.09ms
step:776/3250 train_time:132.744s step_avg:171.06ms
step:777/3250 train_time:132.899s step_avg:171.04ms
step:778/3250 train_time:133.053s step_avg:171.02ms
step:779/3250 train_time:133.206s step_avg:171.00ms
step:780/3250 train_time:133.361s step_avg:170.98ms
step:781/3250 train_time:133.515s step_avg:170.95ms
step:782/3250 train_time:133.670s step_avg:170.93ms
step:783/3250 train_time:133.823s step_avg:170.91ms
step:784/3250 train_time:133.978s step_avg:170.89ms
step:785/3250 train_time:134.133s step_avg:170.87ms
step:786/3250 train_time:134.286s step_avg:170.85ms
step:787/3250 train_time:134.439s step_avg:170.83ms
step:788/3250 train_time:134.595s step_avg:170.81ms
step:789/3250 train_time:134.749s step_avg:170.79ms
step:790/3250 train_time:134.902s step_avg:170.76ms
step:791/3250 train_time:135.058s step_avg:170.74ms
step:792/3250 train_time:135.212s step_avg:170.72ms
step:793/3250 train_time:135.365s step_avg:170.70ms
step:794/3250 train_time:135.519s step_avg:170.68ms
step:795/3250 train_time:135.676s step_avg:170.66ms
step:796/3250 train_time:135.830s step_avg:170.64ms
step:797/3250 train_time:135.984s step_avg:170.62ms
step:798/3250 train_time:136.138s step_avg:170.60ms
step:799/3250 train_time:136.292s step_avg:170.58ms
step:800/3250 train_time:136.445s step_avg:170.56ms
step:801/3250 train_time:136.599s step_avg:170.54ms
step:802/3250 train_time:136.755s step_avg:170.52ms
step:803/3250 train_time:136.909s step_avg:170.50ms
step:804/3250 train_time:137.062s step_avg:170.47ms
step:805/3250 train_time:137.217s step_avg:170.46ms
step:806/3250 train_time:137.372s step_avg:170.44ms
step:807/3250 train_time:137.525s step_avg:170.41ms
step:808/3250 train_time:137.679s step_avg:170.39ms
step:809/3250 train_time:137.835s step_avg:170.38ms
step:810/3250 train_time:137.989s step_avg:170.36ms
step:811/3250 train_time:138.142s step_avg:170.34ms
step:812/3250 train_time:138.298s step_avg:170.32ms
step:813/3250 train_time:138.452s step_avg:170.30ms
step:814/3250 train_time:138.605s step_avg:170.28ms
step:815/3250 train_time:138.759s step_avg:170.26ms
step:816/3250 train_time:138.914s step_avg:170.24ms
step:817/3250 train_time:139.067s step_avg:170.22ms
step:818/3250 train_time:139.220s step_avg:170.20ms
step:819/3250 train_time:139.376s step_avg:170.18ms
step:820/3250 train_time:139.529s step_avg:170.16ms
step:821/3250 train_time:139.682s step_avg:170.14ms
step:822/3250 train_time:139.838s step_avg:170.12ms
step:823/3250 train_time:139.992s step_avg:170.10ms
step:824/3250 train_time:140.145s step_avg:170.08ms
step:825/3250 train_time:140.299s step_avg:170.06ms
step:826/3250 train_time:140.454s step_avg:170.04ms
step:827/3250 train_time:140.607s step_avg:170.02ms
step:828/3250 train_time:140.761s step_avg:170.00ms
step:829/3250 train_time:140.915s step_avg:169.98ms
step:830/3250 train_time:141.069s step_avg:169.96ms
step:831/3250 train_time:141.222s step_avg:169.94ms
step:832/3250 train_time:141.377s step_avg:169.92ms
step:833/3250 train_time:141.531s step_avg:169.91ms
step:834/3250 train_time:141.684s step_avg:169.89ms
step:835/3250 train_time:141.838s step_avg:169.87ms
step:836/3250 train_time:141.992s step_avg:169.85ms
step:837/3250 train_time:142.145s step_avg:169.83ms
step:838/3250 train_time:142.299s step_avg:169.81ms
step:839/3250 train_time:142.454s step_avg:169.79ms
step:840/3250 train_time:142.607s step_avg:169.77ms
step:841/3250 train_time:142.761s step_avg:169.75ms
step:842/3250 train_time:142.916s step_avg:169.73ms
step:843/3250 train_time:143.070s step_avg:169.72ms
step:844/3250 train_time:143.223s step_avg:169.70ms
step:845/3250 train_time:143.378s step_avg:169.68ms
step:846/3250 train_time:143.533s step_avg:169.66ms
step:847/3250 train_time:143.686s step_avg:169.64ms
step:848/3250 train_time:143.841s step_avg:169.62ms
step:849/3250 train_time:143.996s step_avg:169.61ms
step:850/3250 train_time:144.151s step_avg:169.59ms
step:851/3250 train_time:144.303s step_avg:169.57ms
step:852/3250 train_time:144.459s step_avg:169.55ms
step:853/3250 train_time:144.613s step_avg:169.53ms
step:854/3250 train_time:144.766s step_avg:169.52ms
step:855/3250 train_time:144.920s step_avg:169.50ms
step:856/3250 train_time:145.077s step_avg:169.48ms
step:857/3250 train_time:145.231s step_avg:169.46ms
step:858/3250 train_time:145.384s step_avg:169.45ms
step:859/3250 train_time:145.539s step_avg:169.43ms
step:860/3250 train_time:145.693s step_avg:169.41ms
step:861/3250 train_time:145.846s step_avg:169.39ms
step:862/3250 train_time:146.000s step_avg:169.37ms
step:863/3250 train_time:146.155s step_avg:169.36ms
step:864/3250 train_time:146.309s step_avg:169.34ms
step:865/3250 train_time:146.462s step_avg:169.32ms
step:866/3250 train_time:146.616s step_avg:169.30ms
step:867/3250 train_time:146.771s step_avg:169.29ms
step:868/3250 train_time:146.924s step_avg:169.27ms
step:869/3250 train_time:147.078s step_avg:169.25ms
step:870/3250 train_time:147.233s step_avg:169.23ms
step:871/3250 train_time:147.386s step_avg:169.21ms
step:872/3250 train_time:147.540s step_avg:169.20ms
step:873/3250 train_time:147.696s step_avg:169.18ms
step:874/3250 train_time:147.850s step_avg:169.17ms
step:875/3250 train_time:148.003s step_avg:169.15ms
step:875/3250 val_loss:3.68306 train_time:148.015s step_avg:154.54ms
step:876/3250 train_time:148.159s step_avg:169.13ms
step:877/3250 train_time:148.314s step_avg:169.11ms
step:878/3250 train_time:148.468s step_avg:169.10ms
step:879/3250 train_time:148.621s step_avg:169.08ms
step:880/3250 train_time:148.775s step_avg:169.06ms
step:881/3250 train_time:148.931s step_avg:169.05ms
step:882/3250 train_time:149.084s step_avg:169.03ms
step:883/3250 train_time:149.238s step_avg:169.01ms
step:884/3250 train_time:149.393s step_avg:169.00ms
step:885/3250 train_time:149.547s step_avg:168.98ms
step:886/3250 train_time:149.700s step_avg:168.96ms
step:887/3250 train_time:149.854s step_avg:168.94ms
step:888/3250 train_time:150.010s step_avg:168.93ms
step:889/3250 train_time:150.162s step_avg:168.91ms
step:890/3250 train_time:150.317s step_avg:168.90ms
step:891/3250 train_time:150.472s step_avg:168.88ms
step:892/3250 train_time:150.626s step_avg:168.86ms
step:893/3250 train_time:150.779s step_avg:168.85ms
step:894/3250 train_time:150.934s step_avg:168.83ms
step:895/3250 train_time:151.088s step_avg:168.81ms
step:896/3250 train_time:151.241s step_avg:168.80ms
step:897/3250 train_time:151.395s step_avg:168.78ms
step:898/3250 train_time:151.549s step_avg:168.76ms
step:899/3250 train_time:151.702s step_avg:168.75ms
step:900/3250 train_time:151.857s step_avg:168.73ms
step:901/3250 train_time:152.012s step_avg:168.71ms
step:902/3250 train_time:152.166s step_avg:168.70ms
step:903/3250 train_time:152.319s step_avg:168.68ms
step:904/3250 train_time:152.473s step_avg:168.67ms
step:905/3250 train_time:152.628s step_avg:168.65ms
step:906/3250 train_time:152.780s step_avg:168.63ms
step:907/3250 train_time:152.934s step_avg:168.62ms
step:908/3250 train_time:153.088s step_avg:168.60ms
step:909/3250 train_time:153.241s step_avg:168.58ms
step:910/3250 train_time:153.395s step_avg:168.57ms
step:911/3250 train_time:153.549s step_avg:168.55ms
step:912/3250 train_time:153.703s step_avg:168.53ms
step:913/3250 train_time:153.857s step_avg:168.52ms
step:914/3250 train_time:154.013s step_avg:168.50ms
step:915/3250 train_time:154.167s step_avg:168.49ms
step:916/3250 train_time:154.320s step_avg:168.47ms
step:917/3250 train_time:154.475s step_avg:168.46ms
step:918/3250 train_time:154.629s step_avg:168.44ms
step:919/3250 train_time:154.782s step_avg:168.42ms
step:920/3250 train_time:154.937s step_avg:168.41ms
step:921/3250 train_time:155.092s step_avg:168.39ms
step:922/3250 train_time:155.245s step_avg:168.38ms
step:923/3250 train_time:155.399s step_avg:168.36ms
step:924/3250 train_time:155.553s step_avg:168.35ms
step:925/3250 train_time:155.707s step_avg:168.33ms
step:926/3250 train_time:155.860s step_avg:168.32ms
step:927/3250 train_time:156.015s step_avg:168.30ms
step:928/3250 train_time:156.170s step_avg:168.29ms
step:929/3250 train_time:156.323s step_avg:168.27ms
step:930/3250 train_time:156.477s step_avg:168.26ms
step:931/3250 train_time:156.633s step_avg:168.24ms
step:932/3250 train_time:156.789s step_avg:168.23ms
step:933/3250 train_time:156.941s step_avg:168.21ms
step:934/3250 train_time:157.096s step_avg:168.20ms
step:935/3250 train_time:157.250s step_avg:168.18ms
step:936/3250 train_time:157.403s step_avg:168.17ms
step:937/3250 train_time:157.556s step_avg:168.15ms
step:938/3250 train_time:157.712s step_avg:168.14ms
step:939/3250 train_time:157.865s step_avg:168.12ms
step:940/3250 train_time:158.019s step_avg:168.11ms
step:941/3250 train_time:158.173s step_avg:168.09ms
step:942/3250 train_time:158.329s step_avg:168.08ms
step:943/3250 train_time:158.482s step_avg:168.06ms
step:944/3250 train_time:158.635s step_avg:168.05ms
step:945/3250 train_time:158.790s step_avg:168.03ms
step:946/3250 train_time:158.944s step_avg:168.02ms
step:947/3250 train_time:159.098s step_avg:168.00ms
step:948/3250 train_time:159.253s step_avg:167.99ms
step:949/3250 train_time:159.408s step_avg:167.98ms
step:950/3250 train_time:159.561s step_avg:167.96ms
step:951/3250 train_time:159.768s step_avg:168.00ms
step:952/3250 train_time:159.922s step_avg:167.99ms
step:953/3250 train_time:160.076s step_avg:167.97ms
step:954/3250 train_time:160.231s step_avg:167.96ms
step:955/3250 train_time:160.386s step_avg:167.94ms
step:956/3250 train_time:160.539s step_avg:167.93ms
step:957/3250 train_time:160.697s step_avg:167.92ms
step:958/3250 train_time:160.853s step_avg:167.90ms
step:959/3250 train_time:161.008s step_avg:167.89ms
step:960/3250 train_time:161.161s step_avg:167.88ms
step:961/3250 train_time:161.315s step_avg:167.86ms
step:962/3250 train_time:161.471s step_avg:167.85ms
step:963/3250 train_time:161.625s step_avg:167.83ms
step:964/3250 train_time:161.778s step_avg:167.82ms
step:965/3250 train_time:161.935s step_avg:167.81ms
step:966/3250 train_time:162.091s step_avg:167.80ms
step:967/3250 train_time:162.245s step_avg:167.78ms
step:968/3250 train_time:162.399s step_avg:167.77ms
step:969/3250 train_time:162.555s step_avg:167.76ms
step:970/3250 train_time:162.712s step_avg:167.74ms
step:971/3250 train_time:162.866s step_avg:167.73ms
step:972/3250 train_time:163.020s step_avg:167.72ms
step:973/3250 train_time:163.175s step_avg:167.70ms
step:974/3250 train_time:163.331s step_avg:167.69ms
step:975/3250 train_time:163.484s step_avg:167.68ms
step:976/3250 train_time:163.640s step_avg:167.66ms
step:977/3250 train_time:163.795s step_avg:167.65ms
step:978/3250 train_time:163.951s step_avg:167.64ms
step:979/3250 train_time:164.105s step_avg:167.63ms
step:980/3250 train_time:164.259s step_avg:167.61ms
step:981/3250 train_time:164.414s step_avg:167.60ms
step:982/3250 train_time:164.569s step_avg:167.59ms
step:983/3250 train_time:164.723s step_avg:167.57ms
step:984/3250 train_time:164.877s step_avg:167.56ms
step:985/3250 train_time:165.034s step_avg:167.55ms
step:986/3250 train_time:165.188s step_avg:167.53ms
step:987/3250 train_time:165.341s step_avg:167.52ms
step:988/3250 train_time:165.496s step_avg:167.51ms
step:989/3250 train_time:165.651s step_avg:167.49ms
step:990/3250 train_time:165.806s step_avg:167.48ms
step:991/3250 train_time:165.960s step_avg:167.47ms
step:992/3250 train_time:166.115s step_avg:167.45ms
step:993/3250 train_time:166.270s step_avg:167.44ms
step:994/3250 train_time:166.425s step_avg:167.43ms
step:995/3250 train_time:166.579s step_avg:167.42ms
step:996/3250 train_time:166.735s step_avg:167.40ms
step:997/3250 train_time:166.890s step_avg:167.39ms
step:998/3250 train_time:167.043s step_avg:167.38ms
step:999/3250 train_time:167.197s step_avg:167.36ms
step:1000/3250 train_time:167.353s step_avg:167.35ms
step:1000/3250 val_loss:3.65484 train_time:167.365s step_avg:154.80ms
step:1001/3250 train_time:167.512s step_avg:167.34ms
step:1002/3250 train_time:168.422s step_avg:168.09ms
step:1003/3250 train_time:168.583s step_avg:168.08ms
step:1004/3250 train_time:168.743s step_avg:168.07ms
step:1005/3250 train_time:168.902s step_avg:168.06ms
step:1006/3250 train_time:169.063s step_avg:168.05ms
step:1007/3250 train_time:169.223s step_avg:168.05ms
step:1008/3250 train_time:169.383s step_avg:168.04ms
step:1009/3250 train_time:169.544s step_avg:168.03ms
step:1010/3250 train_time:169.703s step_avg:168.02ms
step:1011/3250 train_time:169.865s step_avg:168.02ms
step:1012/3250 train_time:170.026s step_avg:168.01ms
step:1013/3250 train_time:170.187s step_avg:168.00ms
step:1014/3250 train_time:170.347s step_avg:168.00ms
step:1015/3250 train_time:170.507s step_avg:167.99ms
step:1016/3250 train_time:170.668s step_avg:167.98ms
step:1017/3250 train_time:170.830s step_avg:167.97ms
step:1018/3250 train_time:170.991s step_avg:167.97ms
step:1019/3250 train_time:171.152s step_avg:167.96ms
step:1020/3250 train_time:171.312s step_avg:167.95ms
step:1021/3250 train_time:171.473s step_avg:167.95ms
step:1022/3250 train_time:171.633s step_avg:167.94ms
step:1023/3250 train_time:171.792s step_avg:167.93ms
step:1024/3250 train_time:171.952s step_avg:167.92ms
step:1025/3250 train_time:172.111s step_avg:167.91ms
step:1026/3250 train_time:172.273s step_avg:167.91ms
step:1027/3250 train_time:172.432s step_avg:167.90ms
step:1028/3250 train_time:172.594s step_avg:167.89ms
step:1029/3250 train_time:172.754s step_avg:167.89ms
step:1030/3250 train_time:172.914s step_avg:167.88ms
step:1031/3250 train_time:173.073s step_avg:167.87ms
step:1032/3250 train_time:173.232s step_avg:167.86ms
step:1033/3250 train_time:173.392s step_avg:167.85ms
step:1034/3250 train_time:173.552s step_avg:167.85ms
step:1035/3250 train_time:173.713s step_avg:167.84ms
step:1036/3250 train_time:173.873s step_avg:167.83ms
step:1037/3250 train_time:174.032s step_avg:167.82ms
step:1038/3250 train_time:174.192s step_avg:167.82ms
step:1039/3250 train_time:174.353s step_avg:167.81ms
step:1040/3250 train_time:174.513s step_avg:167.80ms
step:1041/3250 train_time:174.672s step_avg:167.79ms
step:1042/3250 train_time:174.832s step_avg:167.79ms
step:1043/3250 train_time:174.993s step_avg:167.78ms
step:1044/3250 train_time:175.153s step_avg:167.77ms
step:1045/3250 train_time:175.314s step_avg:167.76ms
step:1046/3250 train_time:175.475s step_avg:167.76ms
step:1047/3250 train_time:175.634s step_avg:167.75ms
step:1048/3250 train_time:175.793s step_avg:167.74ms
step:1049/3250 train_time:175.957s step_avg:167.74ms
step:1050/3250 train_time:176.116s step_avg:167.73ms
step:1051/3250 train_time:176.276s step_avg:167.72ms
step:1052/3250 train_time:176.434s step_avg:167.71ms
step:1053/3250 train_time:176.595s step_avg:167.71ms
step:1054/3250 train_time:176.757s step_avg:167.70ms
step:1055/3250 train_time:176.915s step_avg:167.69ms
step:1056/3250 train_time:177.073s step_avg:167.68ms
step:1057/3250 train_time:177.232s step_avg:167.67ms
step:1058/3250 train_time:177.393s step_avg:167.67ms
step:1059/3250 train_time:177.553s step_avg:167.66ms
step:1060/3250 train_time:177.713s step_avg:167.65ms
step:1061/3250 train_time:177.875s step_avg:167.65ms
step:1062/3250 train_time:178.036s step_avg:167.64ms
step:1063/3250 train_time:178.193s step_avg:167.63ms
step:1064/3250 train_time:178.352s step_avg:167.62ms
step:1065/3250 train_time:178.511s step_avg:167.62ms
step:1066/3250 train_time:178.673s step_avg:167.61ms
step:1067/3250 train_time:178.833s step_avg:167.60ms
step:1068/3250 train_time:178.994s step_avg:167.60ms
step:1069/3250 train_time:179.154s step_avg:167.59ms
step:1070/3250 train_time:179.313s step_avg:167.58ms
step:1071/3250 train_time:179.474s step_avg:167.58ms
step:1072/3250 train_time:179.633s step_avg:167.57ms
step:1073/3250 train_time:179.794s step_avg:167.56ms
step:1074/3250 train_time:179.953s step_avg:167.55ms
step:1075/3250 train_time:180.115s step_avg:167.55ms
step:1076/3250 train_time:180.275s step_avg:167.54ms
step:1077/3250 train_time:180.435s step_avg:167.53ms
step:1078/3250 train_time:180.593s step_avg:167.53ms
step:1079/3250 train_time:180.752s step_avg:167.52ms
step:1080/3250 train_time:180.912s step_avg:167.51ms
step:1081/3250 train_time:181.071s step_avg:167.50ms
step:1082/3250 train_time:181.232s step_avg:167.50ms
step:1083/3250 train_time:181.392s step_avg:167.49ms
step:1084/3250 train_time:181.553s step_avg:167.48ms
step:1085/3250 train_time:181.711s step_avg:167.48ms
step:1086/3250 train_time:181.871s step_avg:167.47ms
step:1087/3250 train_time:182.032s step_avg:167.46ms
step:1088/3250 train_time:182.192s step_avg:167.46ms
step:1089/3250 train_time:182.353s step_avg:167.45ms
step:1090/3250 train_time:182.513s step_avg:167.44ms
step:1091/3250 train_time:182.673s step_avg:167.44ms
step:1092/3250 train_time:182.833s step_avg:167.43ms
step:1093/3250 train_time:182.992s step_avg:167.42ms
step:1094/3250 train_time:183.154s step_avg:167.42ms
step:1095/3250 train_time:183.314s step_avg:167.41ms
step:1096/3250 train_time:183.475s step_avg:167.40ms
step:1097/3250 train_time:183.633s step_avg:167.40ms
step:1098/3250 train_time:183.792s step_avg:167.39ms
step:1099/3250 train_time:183.953s step_avg:167.38ms
step:1100/3250 train_time:184.113s step_avg:167.38ms
step:1101/3250 train_time:184.275s step_avg:167.37ms
step:1102/3250 train_time:184.435s step_avg:167.36ms
step:1103/3250 train_time:184.593s step_avg:167.36ms
step:1104/3250 train_time:184.752s step_avg:167.35ms
step:1105/3250 train_time:184.912s step_avg:167.34ms
step:1106/3250 train_time:185.072s step_avg:167.33ms
step:1107/3250 train_time:185.233s step_avg:167.33ms
step:1108/3250 train_time:185.394s step_avg:167.32ms
step:1109/3250 train_time:185.556s step_avg:167.32ms
step:1110/3250 train_time:185.715s step_avg:167.31ms
step:1111/3250 train_time:185.874s step_avg:167.30ms
step:1112/3250 train_time:186.032s step_avg:167.30ms
step:1113/3250 train_time:186.192s step_avg:167.29ms
step:1114/3250 train_time:186.353s step_avg:167.28ms
step:1115/3250 train_time:186.515s step_avg:167.28ms
step:1116/3250 train_time:186.676s step_avg:167.27ms
step:1117/3250 train_time:186.837s step_avg:167.27ms
step:1118/3250 train_time:186.997s step_avg:167.26ms
step:1119/3250 train_time:187.156s step_avg:167.25ms
step:1120/3250 train_time:187.316s step_avg:167.25ms
step:1121/3250 train_time:187.475s step_avg:167.24ms
step:1122/3250 train_time:187.634s step_avg:167.23ms
step:1123/3250 train_time:187.794s step_avg:167.22ms
step:1124/3250 train_time:187.953s step_avg:167.22ms
step:1125/3250 train_time:188.112s step_avg:167.21ms
step:1125/3250 val_loss:3.62063 train_time:188.113s step_avg:165.99ms
probe_ema: n=84934656 align=-0.52552,-0.47893,-0.43227,-0.38742,-0.34528,-0.30332 rel_mse=1.06822,1.04173,1.02502,1.01482,1.00872,1.00510
step:1126/3250 train_time:188.273s step_avg:167.20ms
step:1127/3250 train_time:188.432s step_avg:167.20ms
step:1128/3250 train_time:188.592s step_avg:167.19ms
step:1129/3250 train_time:188.751s step_avg:167.18ms
step:1130/3250 train_time:188.909s step_avg:167.18ms
step:1131/3250 train_time:189.067s step_avg:167.17ms
step:1132/3250 train_time:189.226s step_avg:167.16ms
step:1133/3250 train_time:189.385s step_avg:167.15ms
step:1134/3250 train_time:189.544s step_avg:167.15ms
step:1135/3250 train_time:189.703s step_avg:167.14ms
step:1136/3250 train_time:189.862s step_avg:167.13ms
step:1137/3250 train_time:190.021s step_avg:167.12ms
step:1138/3250 train_time:190.181s step_avg:167.12ms
step:1139/3250 train_time:190.340s step_avg:167.11ms
step:1140/3250 train_time:190.500s step_avg:167.11ms
step:1141/3250 train_time:190.722s step_avg:167.15ms
step:1142/3250 train_time:190.882s step_avg:167.15ms
step:1143/3250 train_time:191.042s step_avg:167.14ms
step:1144/3250 train_time:191.201s step_avg:167.13ms
step:1145/3250 train_time:191.362s step_avg:167.13ms
step:1146/3250 train_time:191.521s step_avg:167.12ms
step:1147/3250 train_time:191.681s step_avg:167.12ms
step:1148/3250 train_time:191.841s step_avg:167.11ms
step:1149/3250 train_time:192.000s step_avg:167.10ms
step:1150/3250 train_time:192.160s step_avg:167.10ms
step:1151/3250 train_time:192.319s step_avg:167.09ms
step:1152/3250 train_time:192.481s step_avg:167.08ms
step:1153/3250 train_time:192.640s step_avg:167.08ms
step:1154/3250 train_time:192.800s step_avg:167.07ms
step:1155/3250 train_time:192.960s step_avg:167.06ms
step:1156/3250 train_time:193.120s step_avg:167.06ms
step:1157/3250 train_time:193.280s step_avg:167.05ms
step:1158/3250 train_time:193.439s step_avg:167.05ms
step:1159/3250 train_time:193.602s step_avg:167.04ms
step:1160/3250 train_time:193.761s step_avg:167.04ms
step:1161/3250 train_time:193.921s step_avg:167.03ms
step:1162/3250 train_time:194.081s step_avg:167.02ms
step:1163/3250 train_time:194.240s step_avg:167.02ms
step:1164/3250 train_time:194.401s step_avg:167.01ms
step:1165/3250 train_time:194.560s step_avg:167.00ms
step:1166/3250 train_time:194.722s step_avg:167.00ms
step:1167/3250 train_time:194.881s step_avg:166.99ms
step:1168/3250 train_time:195.041s step_avg:166.99ms
step:1169/3250 train_time:195.201s step_avg:166.98ms
step:1170/3250 train_time:195.360s step_avg:166.97ms
step:1171/3250 train_time:195.520s step_avg:166.97ms
step:1172/3250 train_time:195.682s step_avg:166.96ms
step:1173/3250 train_time:195.842s step_avg:166.96ms
step:1174/3250 train_time:196.002s step_avg:166.95ms
step:1175/3250 train_time:196.161s step_avg:166.95ms
step:1176/3250 train_time:196.321s step_avg:166.94ms
step:1177/3250 train_time:196.484s step_avg:166.94ms
step:1178/3250 train_time:196.644s step_avg:166.93ms
step:1179/3250 train_time:196.803s step_avg:166.92ms
step:1180/3250 train_time:196.963s step_avg:166.92ms
step:1181/3250 train_time:197.123s step_avg:166.91ms
step:1182/3250 train_time:197.283s step_avg:166.91ms
step:1183/3250 train_time:197.442s step_avg:166.90ms
step:1184/3250 train_time:197.602s step_avg:166.89ms
step:1185/3250 train_time:197.762s step_avg:166.89ms
step:1186/3250 train_time:197.922s step_avg:166.88ms
step:1187/3250 train_time:198.083s step_avg:166.88ms
step:1188/3250 train_time:198.242s step_avg:166.87ms
step:1189/3250 train_time:198.401s step_avg:166.86ms
step:1190/3250 train_time:198.562s step_avg:166.86ms
step:1191/3250 train_time:198.721s step_avg:166.85ms
step:1192/3250 train_time:198.883s step_avg:166.85ms
step:1193/3250 train_time:199.043s step_avg:166.84ms
step:1194/3250 train_time:199.204s step_avg:166.84ms
step:1195/3250 train_time:199.363s step_avg:166.83ms
step:1196/3250 train_time:199.523s step_avg:166.83ms
step:1197/3250 train_time:199.683s step_avg:166.82ms
step:1198/3250 train_time:199.842s step_avg:166.81ms
step:1199/3250 train_time:200.004s step_avg:166.81ms
step:1200/3250 train_time:200.164s step_avg:166.80ms
step:1201/3250 train_time:200.324s step_avg:166.80ms
step:1202/3250 train_time:200.483s step_avg:166.79ms
step:1203/3250 train_time:200.642s step_avg:166.78ms
step:1204/3250 train_time:200.802s step_avg:166.78ms
step:1205/3250 train_time:200.962s step_avg:166.77ms
step:1206/3250 train_time:201.125s step_avg:166.77ms
step:1207/3250 train_time:201.286s step_avg:166.77ms
step:1208/3250 train_time:201.445s step_avg:166.76ms
step:1209/3250 train_time:201.604s step_avg:166.75ms
step:1210/3250 train_time:201.763s step_avg:166.75ms
step:1211/3250 train_time:201.923s step_avg:166.74ms
step:1212/3250 train_time:202.082s step_avg:166.73ms
step:1213/3250 train_time:202.244s step_avg:166.73ms
step:1214/3250 train_time:202.403s step_avg:166.72ms
step:1215/3250 train_time:202.564s step_avg:166.72ms
step:1216/3250 train_time:202.724s step_avg:166.71ms
step:1217/3250 train_time:202.884s step_avg:166.71ms
step:1218/3250 train_time:203.046s step_avg:166.70ms
step:1219/3250 train_time:203.204s step_avg:166.70ms
step:1220/3250 train_time:203.365s step_avg:166.69ms
step:1221/3250 train_time:203.523s step_avg:166.69ms
step:1222/3250 train_time:203.683s step_avg:166.68ms
step:1223/3250 train_time:203.843s step_avg:166.67ms
step:1224/3250 train_time:204.002s step_avg:166.67ms
step:1225/3250 train_time:204.164s step_avg:166.66ms
step:1226/3250 train_time:204.324s step_avg:166.66ms
step:1227/3250 train_time:204.484s step_avg:166.65ms
step:1228/3250 train_time:204.643s step_avg:166.65ms
step:1229/3250 train_time:204.803s step_avg:166.64ms
step:1230/3250 train_time:204.963s step_avg:166.64ms
step:1231/3250 train_time:205.122s step_avg:166.63ms
step:1232/3250 train_time:205.286s step_avg:166.63ms
step:1233/3250 train_time:205.445s step_avg:166.62ms
step:1234/3250 train_time:205.606s step_avg:166.62ms
step:1235/3250 train_time:205.765s step_avg:166.61ms
step:1236/3250 train_time:205.924s step_avg:166.61ms
step:1237/3250 train_time:206.085s step_avg:166.60ms
step:1238/3250 train_time:206.244s step_avg:166.59ms
step:1239/3250 train_time:206.406s step_avg:166.59ms
step:1240/3250 train_time:206.565s step_avg:166.58ms
step:1241/3250 train_time:206.724s step_avg:166.58ms
step:1242/3250 train_time:206.883s step_avg:166.57ms
step:1243/3250 train_time:207.042s step_avg:166.57ms
step:1244/3250 train_time:207.202s step_avg:166.56ms
step:1245/3250 train_time:207.362s step_avg:166.56ms
step:1246/3250 train_time:207.525s step_avg:166.55ms
step:1247/3250 train_time:207.686s step_avg:166.55ms
step:1248/3250 train_time:207.845s step_avg:166.54ms
step:1249/3250 train_time:208.004s step_avg:166.54ms
step:1250/3250 train_time:208.164s step_avg:166.53ms
step:1250/3250 val_loss:3.58214 train_time:208.164s step_avg:160.40ms
probe_ema: n=84934656 align=-0.45720,-0.40857,-0.36535,-0.32642,-0.28949,-0.25072 rel_mse=1.06336,1.03860,1.02318,1.01377,1.00811,1.00472
step:1251/3250 train_time:208.326s step_avg:166.53ms
step:1252/3250 train_time:208.485s step_avg:166.52ms
step:1253/3250 train_time:208.645s step_avg:166.52ms
step:1254/3250 train_time:208.808s step_avg:166.51ms
step:1255/3250 train_time:208.968s step_avg:166.51ms
step:1256/3250 train_time:209.128s step_avg:166.50ms
step:1257/3250 train_time:209.288s step_avg:166.50ms
step:1258/3250 train_time:209.448s step_avg:166.49ms
step:1259/3250 train_time:209.609s step_avg:166.49ms
step:1260/3250 train_time:209.767s step_avg:166.48ms
step:1261/3250 train_time:209.931s step_avg:166.48ms
step:1262/3250 train_time:210.089s step_avg:166.47ms
step:1263/3250 train_time:210.249s step_avg:166.47ms
step:1264/3250 train_time:210.408s step_avg:166.46ms
step:1265/3250 train_time:210.568s step_avg:166.46ms
step:1266/3250 train_time:210.729s step_avg:166.45ms
step:1267/3250 train_time:210.888s step_avg:166.45ms
step:1268/3250 train_time:211.051s step_avg:166.44ms
step:1269/3250 train_time:211.209s step_avg:166.44ms
step:1270/3250 train_time:211.369s step_avg:166.43ms
step:1271/3250 train_time:211.528s step_avg:166.43ms
step:1272/3250 train_time:211.686s step_avg:166.42ms
step:1273/3250 train_time:211.847s step_avg:166.42ms
step:1274/3250 train_time:212.006s step_avg:166.41ms
step:1275/3250 train_time:212.168s step_avg:166.41ms
step:1276/3250 train_time:212.327s step_avg:166.40ms
step:1277/3250 train_time:212.488s step_avg:166.40ms
step:1278/3250 train_time:212.647s step_avg:166.39ms
step:1279/3250 train_time:212.806s step_avg:166.38ms
step:1280/3250 train_time:212.967s step_avg:166.38ms
step:1281/3250 train_time:213.126s step_avg:166.37ms
step:1282/3250 train_time:213.286s step_avg:166.37ms
step:1283/3250 train_time:213.445s step_avg:166.36ms
step:1284/3250 train_time:213.606s step_avg:166.36ms
step:1285/3250 train_time:213.766s step_avg:166.35ms
step:1286/3250 train_time:213.926s step_avg:166.35ms
step:1287/3250 train_time:214.088s step_avg:166.35ms
step:1288/3250 train_time:214.251s step_avg:166.34ms
step:1289/3250 train_time:214.410s step_avg:166.34ms
step:1290/3250 train_time:214.569s step_avg:166.33ms
step:1291/3250 train_time:214.728s step_avg:166.33ms
step:1292/3250 train_time:214.890s step_avg:166.32ms
step:1293/3250 train_time:215.049s step_avg:166.32ms
step:1294/3250 train_time:215.210s step_avg:166.31ms
step:1295/3250 train_time:215.370s step_avg:166.31ms
step:1296/3250 train_time:215.530s step_avg:166.30ms
step:1297/3250 train_time:215.689s step_avg:166.30ms
step:1298/3250 train_time:215.848s step_avg:166.29ms
step:1299/3250 train_time:216.009s step_avg:166.29ms
step:1300/3250 train_time:216.168s step_avg:166.28ms
step:1301/3250 train_time:216.330s step_avg:166.28ms
step:1302/3250 train_time:216.489s step_avg:166.27ms
step:1303/3250 train_time:216.649s step_avg:166.27ms
step:1304/3250 train_time:216.808s step_avg:166.26ms
step:1305/3250 train_time:216.966s step_avg:166.26ms
step:1306/3250 train_time:217.126s step_avg:166.25ms
step:1307/3250 train_time:217.285s step_avg:166.25ms
step:1308/3250 train_time:217.446s step_avg:166.24ms
step:1309/3250 train_time:217.606s step_avg:166.24ms
step:1310/3250 train_time:217.766s step_avg:166.23ms
step:1311/3250 train_time:217.925s step_avg:166.23ms
step:1312/3250 train_time:218.084s step_avg:166.22ms
step:1313/3250 train_time:218.246s step_avg:166.22ms
step:1314/3250 train_time:218.405s step_avg:166.21ms
step:1315/3250 train_time:218.568s step_avg:166.21ms
step:1316/3250 train_time:218.730s step_avg:166.21ms
step:1317/3250 train_time:218.890s step_avg:166.20ms
step:1318/3250 train_time:219.049s step_avg:166.20ms
step:1319/3250 train_time:219.207s step_avg:166.19ms
step:1320/3250 train_time:219.369s step_avg:166.19ms
step:1321/3250 train_time:219.529s step_avg:166.18ms
step:1322/3250 train_time:219.690s step_avg:166.18ms
step:1323/3250 train_time:219.849s step_avg:166.17ms
step:1324/3250 train_time:220.008s step_avg:166.17ms
step:1325/3250 train_time:220.168s step_avg:166.16ms
step:1326/3250 train_time:220.327s step_avg:166.16ms
step:1327/3250 train_time:220.488s step_avg:166.16ms
step:1328/3250 train_time:220.648s step_avg:166.15ms
step:1329/3250 train_time:220.809s step_avg:166.15ms
step:1330/3250 train_time:220.969s step_avg:166.14ms
step:1331/3250 train_time:221.197s step_avg:166.19ms
step:1332/3250 train_time:221.356s step_avg:166.18ms
step:1333/3250 train_time:221.517s step_avg:166.18ms
step:1334/3250 train_time:221.675s step_avg:166.17ms
step:1335/3250 train_time:221.836s step_avg:166.17ms
step:1336/3250 train_time:221.996s step_avg:166.16ms
step:1337/3250 train_time:222.156s step_avg:166.16ms
step:1338/3250 train_time:222.315s step_avg:166.15ms
step:1339/3250 train_time:222.473s step_avg:166.15ms
step:1340/3250 train_time:222.635s step_avg:166.15ms
step:1341/3250 train_time:222.792s step_avg:166.14ms
step:1342/3250 train_time:222.954s step_avg:166.14ms
step:1343/3250 train_time:223.113s step_avg:166.13ms
step:1344/3250 train_time:223.271s step_avg:166.12ms
step:1345/3250 train_time:223.430s step_avg:166.12ms
step:1346/3250 train_time:223.589s step_avg:166.11ms
step:1347/3250 train_time:223.749s step_avg:166.11ms
step:1348/3250 train_time:223.908s step_avg:166.10ms
step:1349/3250 train_time:224.068s step_avg:166.10ms
step:1350/3250 train_time:224.228s step_avg:166.09ms
step:1351/3250 train_time:224.387s step_avg:166.09ms
step:1352/3250 train_time:224.546s step_avg:166.08ms
step:1353/3250 train_time:224.705s step_avg:166.08ms
step:1354/3250 train_time:224.866s step_avg:166.08ms
step:1355/3250 train_time:225.027s step_avg:166.07ms
step:1356/3250 train_time:225.187s step_avg:166.07ms
step:1357/3250 train_time:225.346s step_avg:166.06ms
step:1358/3250 train_time:225.505s step_avg:166.06ms
step:1359/3250 train_time:225.667s step_avg:166.05ms
step:1360/3250 train_time:225.826s step_avg:166.05ms
step:1361/3250 train_time:225.987s step_avg:166.05ms
step:1362/3250 train_time:226.147s step_avg:166.04ms
step:1363/3250 train_time:226.307s step_avg:166.04ms
step:1364/3250 train_time:226.466s step_avg:166.03ms
step:1365/3250 train_time:226.625s step_avg:166.03ms
step:1366/3250 train_time:226.787s step_avg:166.02ms
step:1367/3250 train_time:226.946s step_avg:166.02ms
step:1368/3250 train_time:227.107s step_avg:166.01ms
step:1369/3250 train_time:227.266s step_avg:166.01ms
step:1370/3250 train_time:227.426s step_avg:166.00ms
step:1371/3250 train_time:227.587s step_avg:166.00ms
step:1372/3250 train_time:227.746s step_avg:166.00ms
step:1373/3250 train_time:227.907s step_avg:165.99ms
step:1374/3250 train_time:228.066s step_avg:165.99ms
step:1375/3250 train_time:228.227s step_avg:165.98ms
step:1375/3250 val_loss:3.55620 train_time:228.227s step_avg:160.50ms
probe_ema: n=84934656 align=-0.40224,-0.36043,-0.32483,-0.29403,-0.26467,-0.23267 rel_mse=1.06336,1.04014,1.02458,1.01466,1.00856,1.00491
step:1376/3250 train_time:228.389s step_avg:165.98ms
step:1377/3250 train_time:228.548s step_avg:165.98ms
step:1378/3250 train_time:228.709s step_avg:165.97ms
step:1379/3250 train_time:228.868s step_avg:165.97ms
step:1380/3250 train_time:229.028s step_avg:165.96ms
step:1381/3250 train_time:229.189s step_avg:165.96ms
step:1382/3250 train_time:229.348s step_avg:165.95ms
step:1383/3250 train_time:229.510s step_avg:165.95ms
step:1384/3250 train_time:229.669s step_avg:165.95ms
step:1385/3250 train_time:229.829s step_avg:165.94ms
step:1386/3250 train_time:229.991s step_avg:165.94ms
step:1387/3250 train_time:230.149s step_avg:165.93ms
step:1388/3250 train_time:230.311s step_avg:165.93ms
step:1389/3250 train_time:230.470s step_avg:165.92ms
step:1390/3250 train_time:230.631s step_avg:165.92ms
step:1391/3250 train_time:230.789s step_avg:165.92ms
step:1392/3250 train_time:230.950s step_avg:165.91ms
step:1393/3250 train_time:231.111s step_avg:165.91ms
step:1394/3250 train_time:231.269s step_avg:165.90ms
step:1395/3250 train_time:231.429s step_avg:165.90ms
step:1396/3250 train_time:231.589s step_avg:165.89ms
step:1397/3250 train_time:231.750s step_avg:165.89ms
step:1398/3250 train_time:231.909s step_avg:165.89ms
step:1399/3250 train_time:232.070s step_avg:165.88ms
step:1400/3250 train_time:232.230s step_avg:165.88ms
step:1401/3250 train_time:232.389s step_avg:165.87ms
step:1402/3250 train_time:232.549s step_avg:165.87ms
step:1403/3250 train_time:232.709s step_avg:165.87ms
step:1404/3250 train_time:232.869s step_avg:165.86ms
step:1405/3250 train_time:233.028s step_avg:165.86ms
step:1406/3250 train_time:233.189s step_avg:165.85ms
step:1407/3250 train_time:233.349s step_avg:165.85ms
step:1408/3250 train_time:233.509s step_avg:165.84ms
step:1409/3250 train_time:233.668s step_avg:165.84ms
step:1410/3250 train_time:233.828s step_avg:165.84ms
step:1411/3250 train_time:233.988s step_avg:165.83ms
step:1412/3250 train_time:234.147s step_avg:165.83ms
step:1413/3250 train_time:234.307s step_avg:165.82ms
step:1414/3250 train_time:234.468s step_avg:165.82ms
step:1415/3250 train_time:234.628s step_avg:165.81ms
step:1416/3250 train_time:234.788s step_avg:165.81ms
step:1417/3250 train_time:234.948s step_avg:165.81ms
step:1418/3250 train_time:235.109s step_avg:165.80ms
step:1419/3250 train_time:235.269s step_avg:165.80ms
step:1420/3250 train_time:235.429s step_avg:165.79ms
step:1421/3250 train_time:235.589s step_avg:165.79ms
step:1422/3250 train_time:235.749s step_avg:165.79ms
step:1423/3250 train_time:235.911s step_avg:165.78ms
step:1424/3250 train_time:236.071s step_avg:165.78ms
step:1425/3250 train_time:236.231s step_avg:165.78ms
step:1426/3250 train_time:236.391s step_avg:165.77ms
step:1427/3250 train_time:236.550s step_avg:165.77ms
step:1428/3250 train_time:236.713s step_avg:165.77ms
step:1429/3250 train_time:236.871s step_avg:165.76ms
step:1430/3250 train_time:237.033s step_avg:165.76ms
step:1431/3250 train_time:237.192s step_avg:165.75ms
step:1432/3250 train_time:237.353s step_avg:165.75ms
step:1433/3250 train_time:237.513s step_avg:165.75ms
step:1434/3250 train_time:237.671s step_avg:165.74ms
step:1435/3250 train_time:237.832s step_avg:165.74ms
step:1436/3250 train_time:237.991s step_avg:165.73ms
step:1437/3250 train_time:238.153s step_avg:165.73ms
step:1438/3250 train_time:238.313s step_avg:165.73ms
step:1439/3250 train_time:238.473s step_avg:165.72ms
step:1440/3250 train_time:238.633s step_avg:165.72ms
step:1441/3250 train_time:238.791s step_avg:165.71ms
step:1442/3250 train_time:238.951s step_avg:165.71ms
step:1443/3250 train_time:239.111s step_avg:165.70ms
step:1444/3250 train_time:239.271s step_avg:165.70ms
step:1445/3250 train_time:239.430s step_avg:165.70ms
step:1446/3250 train_time:239.591s step_avg:165.69ms
step:1447/3250 train_time:239.750s step_avg:165.69ms
step:1448/3250 train_time:239.910s step_avg:165.68ms
step:1449/3250 train_time:240.070s step_avg:165.68ms
step:1450/3250 train_time:240.230s step_avg:165.68ms
step:1451/3250 train_time:240.391s step_avg:165.67ms
step:1452/3250 train_time:240.550s step_avg:165.67ms
step:1453/3250 train_time:240.711s step_avg:165.66ms
step:1454/3250 train_time:240.870s step_avg:165.66ms
step:1455/3250 train_time:241.030s step_avg:165.66ms
step:1456/3250 train_time:241.189s step_avg:165.65ms
step:1457/3250 train_time:241.349s step_avg:165.65ms
step:1458/3250 train_time:241.509s step_avg:165.64ms
step:1459/3250 train_time:241.670s step_avg:165.64ms
step:1460/3250 train_time:241.830s step_avg:165.64ms
step:1461/3250 train_time:241.990s step_avg:165.63ms
step:1462/3250 train_time:242.150s step_avg:165.63ms
step:1463/3250 train_time:242.310s step_avg:165.63ms
step:1464/3250 train_time:242.470s step_avg:165.62ms
step:1465/3250 train_time:242.630s step_avg:165.62ms
step:1466/3250 train_time:242.791s step_avg:165.61ms
step:1467/3250 train_time:242.951s step_avg:165.61ms
step:1468/3250 train_time:243.111s step_avg:165.61ms
step:1469/3250 train_time:243.270s step_avg:165.60ms
step:1470/3250 train_time:243.430s step_avg:165.60ms
step:1471/3250 train_time:243.591s step_avg:165.60ms
step:1472/3250 train_time:243.750s step_avg:165.59ms
step:1473/3250 train_time:243.911s step_avg:165.59ms
step:1474/3250 train_time:244.071s step_avg:165.58ms
step:1475/3250 train_time:244.231s step_avg:165.58ms
step:1476/3250 train_time:244.390s step_avg:165.58ms
step:1477/3250 train_time:244.550s step_avg:165.57ms
step:1478/3250 train_time:244.710s step_avg:165.57ms
step:1479/3250 train_time:244.869s step_avg:165.56ms
step:1480/3250 train_time:245.029s step_avg:165.56ms
step:1481/3250 train_time:245.189s step_avg:165.56ms
step:1482/3250 train_time:245.350s step_avg:165.55ms
step:1483/3250 train_time:245.509s step_avg:165.55ms
step:1484/3250 train_time:245.671s step_avg:165.55ms
step:1485/3250 train_time:245.831s step_avg:165.54ms
step:1486/3250 train_time:245.991s step_avg:165.54ms
step:1487/3250 train_time:246.151s step_avg:165.54ms
step:1488/3250 train_time:246.310s step_avg:165.53ms
step:1489/3250 train_time:246.470s step_avg:165.53ms
step:1490/3250 train_time:246.629s step_avg:165.52ms
step:1491/3250 train_time:246.790s step_avg:165.52ms
step:1492/3250 train_time:246.951s step_avg:165.52ms
step:1493/3250 train_time:247.112s step_avg:165.51ms
step:1494/3250 train_time:247.270s step_avg:165.51ms
step:1495/3250 train_time:247.430s step_avg:165.51ms
step:1496/3250 train_time:247.591s step_avg:165.50ms
step:1497/3250 train_time:247.751s step_avg:165.50ms
step:1498/3250 train_time:247.911s step_avg:165.49ms
step:1499/3250 train_time:248.072s step_avg:165.49ms
step:1500/3250 train_time:248.230s step_avg:165.49ms
step:1500/3250 val_loss:3.52832 train_time:248.231s step_avg:160.03ms
probe_ema: n=84934656 align=-0.42590,-0.38356,-0.34463,-0.30875,-0.27488,-0.24062 rel_mse=1.05897,1.03628,1.02193,1.01310,1.00774,1.00451
step:1501/3250 train_time:248.392s step_avg:165.48ms
step:1502/3250 train_time:248.553s step_avg:165.48ms
step:1503/3250 train_time:248.712s step_avg:165.48ms
step:1504/3250 train_time:248.873s step_avg:165.47ms
step:1505/3250 train_time:249.032s step_avg:165.47ms
step:1506/3250 train_time:249.194s step_avg:165.47ms
step:1507/3250 train_time:249.354s step_avg:165.46ms
step:1508/3250 train_time:249.514s step_avg:165.46ms
step:1509/3250 train_time:249.673s step_avg:165.46ms
step:1510/3250 train_time:249.832s step_avg:165.45ms
step:1511/3250 train_time:249.992s step_avg:165.45ms
step:1512/3250 train_time:250.151s step_avg:165.44ms
step:1513/3250 train_time:250.312s step_avg:165.44ms
step:1514/3250 train_time:250.479s step_avg:165.44ms
step:1515/3250 train_time:250.639s step_avg:165.44ms
step:1516/3250 train_time:250.799s step_avg:165.43ms
step:1517/3250 train_time:250.959s step_avg:165.43ms
step:1518/3250 train_time:251.119s step_avg:165.43ms
step:1519/3250 train_time:251.278s step_avg:165.42ms
step:1520/3250 train_time:251.437s step_avg:165.42ms
step:1521/3250 train_time:251.659s step_avg:165.46ms
step:1522/3250 train_time:251.819s step_avg:165.45ms
step:1523/3250 train_time:251.980s step_avg:165.45ms
step:1524/3250 train_time:252.141s step_avg:165.45ms
step:1525/3250 train_time:252.301s step_avg:165.44ms
step:1526/3250 train_time:252.459s step_avg:165.44ms
step:1527/3250 train_time:252.618s step_avg:165.43ms
step:1528/3250 train_time:252.778s step_avg:165.43ms
step:1529/3250 train_time:252.938s step_avg:165.43ms
step:1530/3250 train_time:253.097s step_avg:165.42ms
step:1531/3250 train_time:253.259s step_avg:165.42ms
step:1532/3250 train_time:253.419s step_avg:165.42ms
step:1533/3250 train_time:253.578s step_avg:165.41ms
step:1534/3250 train_time:253.737s step_avg:165.41ms
step:1535/3250 train_time:253.897s step_avg:165.41ms
step:1536/3250 train_time:254.057s step_avg:165.40ms
step:1537/3250 train_time:254.215s step_avg:165.40ms
step:1538/3250 train_time:254.376s step_avg:165.39ms
step:1539/3250 train_time:254.536s step_avg:165.39ms
step:1540/3250 train_time:254.694s step_avg:165.39ms
step:1541/3250 train_time:254.854s step_avg:165.38ms
step:1542/3250 train_time:255.014s step_avg:165.38ms
step:1543/3250 train_time:255.175s step_avg:165.38ms
step:1544/3250 train_time:255.333s step_avg:165.37ms
step:1545/3250 train_time:255.494s step_avg:165.37ms
step:1546/3250 train_time:255.654s step_avg:165.36ms
step:1547/3250 train_time:255.813s step_avg:165.36ms
step:1548/3250 train_time:255.972s step_avg:165.36ms
step:1549/3250 train_time:256.132s step_avg:165.35ms
step:1550/3250 train_time:256.293s step_avg:165.35ms
step:1551/3250 train_time:256.453s step_avg:165.35ms
step:1552/3250 train_time:256.614s step_avg:165.34ms
step:1553/3250 train_time:256.773s step_avg:165.34ms
step:1554/3250 train_time:256.932s step_avg:165.34ms
step:1555/3250 train_time:257.093s step_avg:165.33ms
step:1556/3250 train_time:257.253s step_avg:165.33ms
step:1557/3250 train_time:257.412s step_avg:165.33ms
step:1558/3250 train_time:257.572s step_avg:165.32ms
step:1559/3250 train_time:257.733s step_avg:165.32ms
step:1560/3250 train_time:257.893s step_avg:165.32ms
step:1561/3250 train_time:258.052s step_avg:165.31ms
step:1562/3250 train_time:258.214s step_avg:165.31ms
step:1563/3250 train_time:258.374s step_avg:165.31ms
step:1564/3250 train_time:258.532s step_avg:165.30ms
step:1565/3250 train_time:258.693s step_avg:165.30ms
step:1566/3250 train_time:258.854s step_avg:165.30ms
step:1567/3250 train_time:259.013s step_avg:165.29ms
step:1568/3250 train_time:259.173s step_avg:165.29ms
step:1569/3250 train_time:259.334s step_avg:165.29ms
step:1570/3250 train_time:259.493s step_avg:165.28ms
step:1571/3250 train_time:259.654s step_avg:165.28ms
step:1572/3250 train_time:259.814s step_avg:165.28ms
step:1573/3250 train_time:259.975s step_avg:165.27ms
step:1574/3250 train_time:260.134s step_avg:165.27ms
step:1575/3250 train_time:260.294s step_avg:165.27ms
step:1576/3250 train_time:260.455s step_avg:165.26ms
step:1577/3250 train_time:260.614s step_avg:165.26ms
step:1578/3250 train_time:260.775s step_avg:165.26ms
step:1579/3250 train_time:260.935s step_avg:165.25ms
step:1580/3250 train_time:261.094s step_avg:165.25ms
step:1581/3250 train_time:261.255s step_avg:165.25ms
step:1582/3250 train_time:261.415s step_avg:165.24ms
step:1583/3250 train_time:261.580s step_avg:165.24ms
step:1584/3250 train_time:261.739s step_avg:165.24ms
step:1585/3250 train_time:261.898s step_avg:165.24ms
step:1586/3250 train_time:262.059s step_avg:165.23ms
step:1587/3250 train_time:262.218s step_avg:165.23ms
step:1588/3250 train_time:262.380s step_avg:165.23ms
step:1589/3250 train_time:262.539s step_avg:165.22ms
step:1590/3250 train_time:262.698s step_avg:165.22ms
step:1591/3250 train_time:262.859s step_avg:165.22ms
step:1592/3250 train_time:263.020s step_avg:165.21ms
step:1593/3250 train_time:263.179s step_avg:165.21ms
step:1594/3250 train_time:263.338s step_avg:165.21ms
step:1595/3250 train_time:263.500s step_avg:165.20ms
step:1596/3250 train_time:263.659s step_avg:165.20ms
step:1597/3250 train_time:263.819s step_avg:165.20ms
step:1598/3250 train_time:263.979s step_avg:165.19ms
step:1599/3250 train_time:264.139s step_avg:165.19ms
step:1600/3250 train_time:264.298s step_avg:165.19ms
step:1601/3250 train_time:264.457s step_avg:165.18ms
step:1602/3250 train_time:264.618s step_avg:165.18ms
step:1603/3250 train_time:264.777s step_avg:165.18ms
step:1604/3250 train_time:264.937s step_avg:165.17ms
step:1605/3250 train_time:265.096s step_avg:165.17ms
step:1606/3250 train_time:265.256s step_avg:165.17ms
step:1607/3250 train_time:265.415s step_avg:165.16ms
step:1608/3250 train_time:265.581s step_avg:165.16ms
step:1609/3250 train_time:265.742s step_avg:165.16ms
step:1610/3250 train_time:265.901s step_avg:165.16ms
step:1611/3250 train_time:266.062s step_avg:165.15ms
step:1612/3250 train_time:266.224s step_avg:165.15ms
step:1613/3250 train_time:266.384s step_avg:165.15ms
step:1614/3250 train_time:266.547s step_avg:165.15ms
step:1615/3250 train_time:266.707s step_avg:165.14ms
step:1616/3250 train_time:266.869s step_avg:165.14ms
step:1617/3250 train_time:267.029s step_avg:165.14ms
step:1618/3250 train_time:267.193s step_avg:165.14ms
step:1619/3250 train_time:267.353s step_avg:165.13ms
step:1620/3250 train_time:267.513s step_avg:165.13ms
step:1621/3250 train_time:267.680s step_avg:165.13ms
step:1622/3250 train_time:267.841s step_avg:165.13ms
step:1623/3250 train_time:268.001s step_avg:165.13ms
step:1624/3250 train_time:268.163s step_avg:165.12ms
step:1625/3250 train_time:268.322s step_avg:165.12ms
step:1625/3250 val_loss:3.50777 train_time:268.324s step_avg:160.74ms
probe_ema: n=84934656 align=-0.41900,-0.37696,-0.33848,-0.30114,-0.26442,-0.22694 rel_mse=1.05911,1.03662,1.02229,1.01333,1.00781,1.00445
step:1626/3250 train_time:268.489s step_avg:165.12ms
step:1627/3250 train_time:268.655s step_avg:165.12ms
step:1628/3250 train_time:268.816s step_avg:165.12ms
step:1629/3250 train_time:268.976s step_avg:165.12ms
step:1630/3250 train_time:269.134s step_avg:165.11ms
step:1631/3250 train_time:269.293s step_avg:165.11ms
step:1632/3250 train_time:269.453s step_avg:165.11ms
step:1633/3250 train_time:269.613s step_avg:165.10ms
step:1634/3250 train_time:269.771s step_avg:165.10ms
step:1635/3250 train_time:269.931s step_avg:165.10ms
step:1636/3250 train_time:270.089s step_avg:165.09ms
step:1637/3250 train_time:270.249s step_avg:165.09ms
step:1638/3250 train_time:270.409s step_avg:165.08ms
step:1639/3250 train_time:270.570s step_avg:165.08ms
step:1640/3250 train_time:270.731s step_avg:165.08ms
step:1641/3250 train_time:270.890s step_avg:165.08ms
step:1642/3250 train_time:271.052s step_avg:165.07ms
step:1643/3250 train_time:271.211s step_avg:165.07ms
step:1644/3250 train_time:271.371s step_avg:165.07ms
step:1645/3250 train_time:271.531s step_avg:165.06ms
step:1646/3250 train_time:271.690s step_avg:165.06ms
step:1647/3250 train_time:271.851s step_avg:165.06ms
step:1648/3250 train_time:272.012s step_avg:165.06ms
step:1649/3250 train_time:272.172s step_avg:165.05ms
step:1650/3250 train_time:272.333s step_avg:165.05ms
step:1651/3250 train_time:272.493s step_avg:165.05ms
step:1652/3250 train_time:272.651s step_avg:165.04ms
step:1653/3250 train_time:272.812s step_avg:165.04ms
step:1654/3250 train_time:272.971s step_avg:165.04ms
step:1655/3250 train_time:273.132s step_avg:165.03ms
step:1656/3250 train_time:273.291s step_avg:165.03ms
step:1657/3250 train_time:273.452s step_avg:165.03ms
step:1658/3250 train_time:273.612s step_avg:165.03ms
step:1659/3250 train_time:273.771s step_avg:165.02ms
step:1660/3250 train_time:273.931s step_avg:165.02ms
step:1661/3250 train_time:274.090s step_avg:165.02ms
step:1662/3250 train_time:274.251s step_avg:165.01ms
step:1663/3250 train_time:274.412s step_avg:165.01ms
step:1664/3250 train_time:274.572s step_avg:165.01ms
step:1665/3250 train_time:274.732s step_avg:165.00ms
step:1666/3250 train_time:274.891s step_avg:165.00ms
step:1667/3250 train_time:275.051s step_avg:165.00ms
step:1668/3250 train_time:275.210s step_avg:164.99ms
step:1669/3250 train_time:275.372s step_avg:164.99ms
step:1670/3250 train_time:275.532s step_avg:164.99ms
step:1671/3250 train_time:275.691s step_avg:164.99ms
step:1672/3250 train_time:275.852s step_avg:164.98ms
step:1673/3250 train_time:276.011s step_avg:164.98ms
step:1674/3250 train_time:276.170s step_avg:164.98ms
step:1675/3250 train_time:276.330s step_avg:164.97ms
step:1676/3250 train_time:276.490s step_avg:164.97ms
step:1677/3250 train_time:276.650s step_avg:164.97ms
step:1678/3250 train_time:276.810s step_avg:164.96ms
step:1679/3250 train_time:276.971s step_avg:164.96ms
step:1680/3250 train_time:277.131s step_avg:164.96ms
step:1681/3250 train_time:277.290s step_avg:164.96ms
step:1682/3250 train_time:277.451s step_avg:164.95ms
step:1683/3250 train_time:277.610s step_avg:164.95ms
step:1684/3250 train_time:277.769s step_avg:164.95ms
step:1685/3250 train_time:277.929s step_avg:164.94ms
step:1686/3250 train_time:278.091s step_avg:164.94ms
step:1687/3250 train_time:278.251s step_avg:164.94ms
step:1688/3250 train_time:278.410s step_avg:164.93ms
step:1689/3250 train_time:278.570s step_avg:164.93ms
step:1690/3250 train_time:278.732s step_avg:164.93ms
step:1691/3250 train_time:278.891s step_avg:164.93ms
step:1692/3250 train_time:279.051s step_avg:164.92ms
step:1693/3250 train_time:279.211s step_avg:164.92ms
step:1694/3250 train_time:279.371s step_avg:164.92ms
step:1695/3250 train_time:279.530s step_avg:164.91ms
step:1696/3250 train_time:279.691s step_avg:164.91ms
step:1697/3250 train_time:279.852s step_avg:164.91ms
step:1698/3250 train_time:280.011s step_avg:164.91ms
step:1699/3250 train_time:280.171s step_avg:164.90ms
step:1700/3250 train_time:280.332s step_avg:164.90ms
step:1701/3250 train_time:280.490s step_avg:164.90ms
step:1702/3250 train_time:280.654s step_avg:164.90ms
step:1703/3250 train_time:280.813s step_avg:164.89ms
step:1704/3250 train_time:280.973s step_avg:164.89ms
step:1705/3250 train_time:281.132s step_avg:164.89ms
step:1706/3250 train_time:281.291s step_avg:164.88ms
step:1707/3250 train_time:281.450s step_avg:164.88ms
step:1708/3250 train_time:281.610s step_avg:164.88ms
step:1709/3250 train_time:281.770s step_avg:164.87ms
step:1710/3250 train_time:281.930s step_avg:164.87ms
step:1711/3250 train_time:282.151s step_avg:164.90ms
step:1712/3250 train_time:282.310s step_avg:164.90ms
step:1713/3250 train_time:282.471s step_avg:164.90ms
step:1714/3250 train_time:282.632s step_avg:164.90ms
step:1715/3250 train_time:282.791s step_avg:164.89ms
step:1716/3250 train_time:282.951s step_avg:164.89ms
step:1717/3250 train_time:283.111s step_avg:164.89ms
step:1718/3250 train_time:283.272s step_avg:164.88ms
step:1719/3250 train_time:283.433s step_avg:164.88ms
step:1720/3250 train_time:283.592s step_avg:164.88ms
step:1721/3250 train_time:283.752s step_avg:164.88ms
step:1722/3250 train_time:283.913s step_avg:164.87ms
step:1723/3250 train_time:284.073s step_avg:164.87ms
step:1724/3250 train_time:284.232s step_avg:164.87ms
step:1725/3250 train_time:284.392s step_avg:164.86ms
step:1726/3250 train_time:284.552s step_avg:164.86ms
step:1727/3250 train_time:284.711s step_avg:164.86ms
step:1728/3250 train_time:284.871s step_avg:164.86ms
step:1729/3250 train_time:285.032s step_avg:164.85ms
step:1730/3250 train_time:285.191s step_avg:164.85ms
step:1731/3250 train_time:285.351s step_avg:164.85ms
step:1732/3250 train_time:285.512s step_avg:164.85ms
step:1733/3250 train_time:285.672s step_avg:164.84ms
step:1734/3250 train_time:285.834s step_avg:164.84ms
step:1735/3250 train_time:285.993s step_avg:164.84ms
step:1736/3250 train_time:286.152s step_avg:164.83ms
step:1737/3250 train_time:286.312s step_avg:164.83ms
step:1738/3250 train_time:286.471s step_avg:164.83ms
step:1739/3250 train_time:286.632s step_avg:164.83ms
step:1740/3250 train_time:286.793s step_avg:164.82ms
step:1741/3250 train_time:286.952s step_avg:164.82ms
step:1742/3250 train_time:287.111s step_avg:164.82ms
step:1743/3250 train_time:287.272s step_avg:164.81ms
step:1744/3250 train_time:287.431s step_avg:164.81ms
step:1745/3250 train_time:287.591s step_avg:164.81ms
step:1746/3250 train_time:287.750s step_avg:164.81ms
step:1747/3250 train_time:287.911s step_avg:164.80ms
step:1748/3250 train_time:288.072s step_avg:164.80ms
step:1749/3250 train_time:288.232s step_avg:164.80ms
step:1750/3250 train_time:288.391s step_avg:164.79ms
step:1750/3250 val_loss:3.48382 train_time:288.391s step_avg:160.54ms
probe_ema: n=84934656 align=-0.39677,-0.36200,-0.32949,-0.29872,-0.26851,-0.23732 rel_mse=1.06440,1.04017,1.02463,1.01491,1.00889,1.00522
step:1751/3250 train_time:288.552s step_avg:164.79ms
step:1752/3250 train_time:288.715s step_avg:164.79ms
step:1753/3250 train_time:288.875s step_avg:164.79ms
step:1754/3250 train_time:289.036s step_avg:164.79ms
step:1755/3250 train_time:289.198s step_avg:164.79ms
step:1756/3250 train_time:289.359s step_avg:164.78ms
step:1757/3250 train_time:289.519s step_avg:164.78ms
step:1758/3250 train_time:289.682s step_avg:164.78ms
step:1759/3250 train_time:289.840s step_avg:164.78ms
step:1760/3250 train_time:290.001s step_avg:164.77ms
step:1761/3250 train_time:290.162s step_avg:164.77ms
step:1762/3250 train_time:290.321s step_avg:164.77ms
step:1763/3250 train_time:290.482s step_avg:164.77ms
step:1764/3250 train_time:290.643s step_avg:164.76ms
step:1765/3250 train_time:290.802s step_avg:164.76ms
step:1766/3250 train_time:290.962s step_avg:164.76ms
step:1767/3250 train_time:291.123s step_avg:164.76ms
step:1768/3250 train_time:291.283s step_avg:164.75ms
step:1769/3250 train_time:291.442s step_avg:164.75ms
step:1770/3250 train_time:291.602s step_avg:164.75ms
step:1771/3250 train_time:291.764s step_avg:164.75ms
step:1772/3250 train_time:291.923s step_avg:164.74ms
step:1773/3250 train_time:292.083s step_avg:164.74ms
step:1774/3250 train_time:292.243s step_avg:164.74ms
step:1775/3250 train_time:292.404s step_avg:164.73ms
step:1776/3250 train_time:292.564s step_avg:164.73ms
step:1777/3250 train_time:292.723s step_avg:164.73ms
step:1778/3250 train_time:292.885s step_avg:164.73ms
step:1779/3250 train_time:293.044s step_avg:164.72ms
step:1780/3250 train_time:293.203s step_avg:164.72ms
step:1781/3250 train_time:293.363s step_avg:164.72ms
step:1782/3250 train_time:293.523s step_avg:164.72ms
step:1783/3250 train_time:293.683s step_avg:164.71ms
step:1784/3250 train_time:293.842s step_avg:164.71ms
step:1785/3250 train_time:294.003s step_avg:164.71ms
step:1786/3250 train_time:294.164s step_avg:164.71ms
step:1787/3250 train_time:294.323s step_avg:164.70ms
step:1788/3250 train_time:294.482s step_avg:164.70ms
step:1789/3250 train_time:294.644s step_avg:164.70ms
step:1790/3250 train_time:294.803s step_avg:164.69ms
step:1791/3250 train_time:294.964s step_avg:164.69ms
step:1792/3250 train_time:295.124s step_avg:164.69ms
step:1793/3250 train_time:295.285s step_avg:164.69ms
step:1794/3250 train_time:295.444s step_avg:164.68ms
step:1795/3250 train_time:295.604s step_avg:164.68ms
step:1796/3250 train_time:295.764s step_avg:164.68ms
step:1797/3250 train_time:295.924s step_avg:164.68ms
step:1798/3250 train_time:296.084s step_avg:164.67ms
step:1799/3250 train_time:296.243s step_avg:164.67ms
step:1800/3250 train_time:296.405s step_avg:164.67ms
step:1801/3250 train_time:296.566s step_avg:164.67ms
step:1802/3250 train_time:296.725s step_avg:164.66ms
step:1803/3250 train_time:296.885s step_avg:164.66ms
step:1804/3250 train_time:297.046s step_avg:164.66ms
step:1805/3250 train_time:297.205s step_avg:164.66ms
step:1806/3250 train_time:297.365s step_avg:164.65ms
step:1807/3250 train_time:297.525s step_avg:164.65ms
step:1808/3250 train_time:297.685s step_avg:164.65ms
step:1809/3250 train_time:297.844s step_avg:164.65ms
step:1810/3250 train_time:298.009s step_avg:164.65ms
step:1811/3250 train_time:298.169s step_avg:164.64ms
step:1812/3250 train_time:298.330s step_avg:164.64ms
step:1813/3250 train_time:298.489s step_avg:164.64ms
step:1814/3250 train_time:298.649s step_avg:164.64ms
step:1815/3250 train_time:298.809s step_avg:164.63ms
step:1816/3250 train_time:298.968s step_avg:164.63ms
step:1817/3250 train_time:299.127s step_avg:164.63ms
step:1818/3250 train_time:299.287s step_avg:164.62ms
step:1819/3250 train_time:299.447s step_avg:164.62ms
step:1820/3250 train_time:299.606s step_avg:164.62ms
step:1821/3250 train_time:299.765s step_avg:164.62ms
step:1822/3250 train_time:299.927s step_avg:164.61ms
step:1823/3250 train_time:300.086s step_avg:164.61ms
step:1824/3250 train_time:300.245s step_avg:164.61ms
step:1825/3250 train_time:300.405s step_avg:164.61ms
step:1826/3250 train_time:300.565s step_avg:164.60ms
step:1827/3250 train_time:300.725s step_avg:164.60ms
step:1828/3250 train_time:300.884s step_avg:164.60ms
step:1829/3250 train_time:301.044s step_avg:164.60ms
step:1830/3250 train_time:301.210s step_avg:164.60ms
step:1831/3250 train_time:301.371s step_avg:164.59ms
step:1832/3250 train_time:301.531s step_avg:164.59ms
step:1833/3250 train_time:301.692s step_avg:164.59ms
step:1834/3250 train_time:301.853s step_avg:164.59ms
step:1835/3250 train_time:302.013s step_avg:164.58ms
step:1836/3250 train_time:302.172s step_avg:164.58ms
step:1837/3250 train_time:302.333s step_avg:164.58ms
step:1838/3250 train_time:302.495s step_avg:164.58ms
step:1839/3250 train_time:302.656s step_avg:164.58ms
step:1840/3250 train_time:302.817s step_avg:164.57ms
step:1841/3250 train_time:302.979s step_avg:164.57ms
step:1842/3250 train_time:303.140s step_avg:164.57ms
step:1843/3250 train_time:303.301s step_avg:164.57ms
step:1844/3250 train_time:303.461s step_avg:164.57ms
step:1845/3250 train_time:303.621s step_avg:164.56ms
step:1846/3250 train_time:303.782s step_avg:164.56ms
step:1847/3250 train_time:303.941s step_avg:164.56ms
step:1848/3250 train_time:304.101s step_avg:164.56ms
step:1849/3250 train_time:304.264s step_avg:164.56ms
step:1850/3250 train_time:304.426s step_avg:164.55ms
step:1851/3250 train_time:304.585s step_avg:164.55ms
step:1852/3250 train_time:304.744s step_avg:164.55ms
step:1853/3250 train_time:304.905s step_avg:164.55ms
step:1854/3250 train_time:305.064s step_avg:164.54ms
step:1855/3250 train_time:305.224s step_avg:164.54ms
step:1856/3250 train_time:305.384s step_avg:164.54ms
step:1857/3250 train_time:305.544s step_avg:164.54ms
step:1858/3250 train_time:305.704s step_avg:164.53ms
step:1859/3250 train_time:305.863s step_avg:164.53ms
step:1860/3250 train_time:306.025s step_avg:164.53ms
step:1861/3250 train_time:306.186s step_avg:164.53ms
step:1862/3250 train_time:306.344s step_avg:164.52ms
step:1863/3250 train_time:306.504s step_avg:164.52ms
step:1864/3250 train_time:306.665s step_avg:164.52ms
step:1865/3250 train_time:306.825s step_avg:164.52ms
step:1866/3250 train_time:306.984s step_avg:164.51ms
step:1867/3250 train_time:307.144s step_avg:164.51ms
step:1868/3250 train_time:307.311s step_avg:164.51ms
step:1869/3250 train_time:307.473s step_avg:164.51ms
step:1870/3250 train_time:307.632s step_avg:164.51ms
step:1871/3250 train_time:307.793s step_avg:164.51ms
step:1872/3250 train_time:307.954s step_avg:164.51ms
step:1873/3250 train_time:308.115s step_avg:164.50ms
step:1874/3250 train_time:308.277s step_avg:164.50ms
step:1875/3250 train_time:308.438s step_avg:164.50ms
step:1875/3250 val_loss:3.46308 train_time:308.438s step_avg:160.37ms
probe_ema: n=84934656 align=-0.37152,-0.33588,-0.30237,-0.27229,-0.24493,-0.21785 rel_mse=1.06196,1.03875,1.02382,1.01442,1.00861,1.00507
step:1876/3250 train_time:308.599s step_avg:164.50ms
step:1877/3250 train_time:308.760s step_avg:164.50ms
step:1878/3250 train_time:308.920s step_avg:164.49ms
step:1879/3250 train_time:309.080s step_avg:164.49ms
step:1880/3250 train_time:309.241s step_avg:164.49ms
step:1881/3250 train_time:309.401s step_avg:164.49ms
step:1882/3250 train_time:309.561s step_avg:164.49ms
step:1883/3250 train_time:309.721s step_avg:164.48ms
step:1884/3250 train_time:309.881s step_avg:164.48ms
step:1885/3250 train_time:310.041s step_avg:164.48ms
step:1886/3250 train_time:310.200s step_avg:164.48ms
step:1887/3250 train_time:310.362s step_avg:164.47ms
step:1888/3250 train_time:310.524s step_avg:164.47ms
step:1889/3250 train_time:310.683s step_avg:164.47ms
step:1890/3250 train_time:310.843s step_avg:164.47ms
step:1891/3250 train_time:311.004s step_avg:164.47ms
step:1892/3250 train_time:311.164s step_avg:164.46ms
step:1893/3250 train_time:311.324s step_avg:164.46ms
step:1894/3250 train_time:311.484s step_avg:164.46ms
step:1895/3250 train_time:311.645s step_avg:164.46ms
step:1896/3250 train_time:311.805s step_avg:164.45ms
step:1897/3250 train_time:311.963s step_avg:164.45ms
step:1898/3250 train_time:312.123s step_avg:164.45ms
step:1899/3250 train_time:312.283s step_avg:164.45ms
step:1900/3250 train_time:312.442s step_avg:164.44ms
step:1901/3250 train_time:312.664s step_avg:164.47ms
step:1902/3250 train_time:312.823s step_avg:164.47ms
step:1903/3250 train_time:312.982s step_avg:164.47ms
step:1904/3250 train_time:313.142s step_avg:164.47ms
step:1905/3250 train_time:313.302s step_avg:164.46ms
step:1906/3250 train_time:313.463s step_avg:164.46ms
step:1907/3250 train_time:313.622s step_avg:164.46ms
step:1908/3250 train_time:313.782s step_avg:164.46ms
step:1909/3250 train_time:313.942s step_avg:164.45ms
step:1910/3250 train_time:314.100s step_avg:164.45ms
step:1911/3250 train_time:314.261s step_avg:164.45ms
step:1912/3250 train_time:314.421s step_avg:164.45ms
step:1913/3250 train_time:314.583s step_avg:164.45ms
step:1914/3250 train_time:314.744s step_avg:164.44ms
step:1915/3250 train_time:314.903s step_avg:164.44ms
step:1916/3250 train_time:315.067s step_avg:164.44ms
step:1917/3250 train_time:315.228s step_avg:164.44ms
step:1918/3250 train_time:315.388s step_avg:164.44ms
step:1919/3250 train_time:315.548s step_avg:164.43ms
step:1920/3250 train_time:315.708s step_avg:164.43ms
step:1921/3250 train_time:315.868s step_avg:164.43ms
step:1922/3250 train_time:316.027s step_avg:164.43ms
step:1923/3250 train_time:316.187s step_avg:164.42ms
step:1924/3250 train_time:316.348s step_avg:164.42ms
step:1925/3250 train_time:316.511s step_avg:164.42ms
step:1926/3250 train_time:316.677s step_avg:164.42ms
step:1927/3250 train_time:316.838s step_avg:164.42ms
step:1928/3250 train_time:317.000s step_avg:164.42ms
step:1929/3250 train_time:317.161s step_avg:164.42ms
step:1930/3250 train_time:317.320s step_avg:164.41ms
step:1931/3250 train_time:317.480s step_avg:164.41ms
step:1932/3250 train_time:317.641s step_avg:164.41ms
step:1933/3250 train_time:317.801s step_avg:164.41ms
step:1934/3250 train_time:317.960s step_avg:164.41ms
step:1935/3250 train_time:318.120s step_avg:164.40ms
step:1936/3250 train_time:318.280s step_avg:164.40ms
step:1937/3250 train_time:318.441s step_avg:164.40ms
step:1938/3250 train_time:318.600s step_avg:164.40ms
step:1939/3250 train_time:318.760s step_avg:164.39ms
step:1940/3250 train_time:318.922s step_avg:164.39ms
step:1941/3250 train_time:319.081s step_avg:164.39ms
step:1942/3250 train_time:319.241s step_avg:164.39ms
step:1943/3250 train_time:319.403s step_avg:164.39ms
step:1944/3250 train_time:319.564s step_avg:164.38ms
step:1945/3250 train_time:319.725s step_avg:164.38ms
step:1946/3250 train_time:319.884s step_avg:164.38ms
step:1947/3250 train_time:320.044s step_avg:164.38ms
step:1948/3250 train_time:320.202s step_avg:164.37ms
step:1949/3250 train_time:320.362s step_avg:164.37ms
step:1950/3250 train_time:320.523s step_avg:164.37ms
step:1951/3250 train_time:320.685s step_avg:164.37ms
step:1952/3250 train_time:320.844s step_avg:164.37ms
step:1953/3250 train_time:321.003s step_avg:164.36ms
step:1954/3250 train_time:321.163s step_avg:164.36ms
step:1955/3250 train_time:321.322s step_avg:164.36ms
step:1956/3250 train_time:321.482s step_avg:164.36ms
step:1957/3250 train_time:321.643s step_avg:164.36ms
step:1958/3250 train_time:321.804s step_avg:164.35ms
step:1959/3250 train_time:321.964s step_avg:164.35ms
step:1960/3250 train_time:322.124s step_avg:164.35ms
step:1961/3250 train_time:322.283s step_avg:164.35ms
step:1962/3250 train_time:322.444s step_avg:164.34ms
step:1963/3250 train_time:322.603s step_avg:164.34ms
step:1964/3250 train_time:322.765s step_avg:164.34ms
step:1965/3250 train_time:322.925s step_avg:164.34ms
step:1966/3250 train_time:323.085s step_avg:164.34ms
step:1967/3250 train_time:323.244s step_avg:164.33ms
step:1968/3250 train_time:323.404s step_avg:164.33ms
step:1969/3250 train_time:323.564s step_avg:164.33ms
step:1970/3250 train_time:323.725s step_avg:164.33ms
step:1971/3250 train_time:323.885s step_avg:164.33ms
step:1972/3250 train_time:324.044s step_avg:164.32ms
step:1973/3250 train_time:324.204s step_avg:164.32ms
step:1974/3250 train_time:324.363s step_avg:164.32ms
step:1975/3250 train_time:324.524s step_avg:164.32ms
step:1976/3250 train_time:324.684s step_avg:164.31ms
step:1977/3250 train_time:324.846s step_avg:164.31ms
step:1978/3250 train_time:325.006s step_avg:164.31ms
step:1979/3250 train_time:325.165s step_avg:164.31ms
step:1980/3250 train_time:325.325s step_avg:164.31ms
step:1981/3250 train_time:325.484s step_avg:164.30ms
step:1982/3250 train_time:325.644s step_avg:164.30ms
step:1983/3250 train_time:325.804s step_avg:164.30ms
step:1984/3250 train_time:325.965s step_avg:164.30ms
step:1985/3250 train_time:326.125s step_avg:164.29ms
step:1986/3250 train_time:326.285s step_avg:164.29ms
step:1987/3250 train_time:326.446s step_avg:164.29ms
step:1988/3250 train_time:326.605s step_avg:164.29ms
step:1989/3250 train_time:326.764s step_avg:164.29ms
step:1990/3250 train_time:326.924s step_avg:164.28ms
step:1991/3250 train_time:327.086s step_avg:164.28ms
step:1992/3250 train_time:327.246s step_avg:164.28ms
step:1993/3250 train_time:327.405s step_avg:164.28ms
step:1994/3250 train_time:327.564s step_avg:164.27ms
step:1995/3250 train_time:327.724s step_avg:164.27ms
step:1996/3250 train_time:327.885s step_avg:164.27ms
step:1997/3250 train_time:328.044s step_avg:164.27ms
step:1998/3250 train_time:328.205s step_avg:164.27ms
step:1999/3250 train_time:328.363s step_avg:164.26ms
step:2000/3250 train_time:328.523s step_avg:164.26ms
step:2000/3250 val_loss:3.44451 train_time:328.523s step_avg:160.68ms
probe_ema: n=84934656 align=-0.40365,-0.36409,-0.32786,-0.29587,-0.26703,-0.23898 rel_mse=1.06445,1.03999,1.02442,1.01473,1.00880,1.00520
step:2001/3250 train_time:328.684s step_avg:164.26ms
step:2002/3250 train_time:328.844s step_avg:164.26ms
step:2003/3250 train_time:329.006s step_avg:164.26ms
step:2004/3250 train_time:329.166s step_avg:164.25ms
step:2005/3250 train_time:329.327s step_avg:164.25ms
step:2006/3250 train_time:329.488s step_avg:164.25ms
step:2007/3250 train_time:329.648s step_avg:164.25ms
step:2008/3250 train_time:329.808s step_avg:164.25ms
step:2009/3250 train_time:329.968s step_avg:164.24ms
step:2010/3250 train_time:330.127s step_avg:164.24ms
step:2011/3250 train_time:330.288s step_avg:164.24ms
step:2012/3250 train_time:330.448s step_avg:164.24ms
step:2013/3250 train_time:330.610s step_avg:164.24ms
step:2014/3250 train_time:330.771s step_avg:164.24ms
step:2015/3250 train_time:330.930s step_avg:164.23ms
step:2016/3250 train_time:331.089s step_avg:164.23ms
step:2017/3250 train_time:331.250s step_avg:164.23ms
step:2018/3250 train_time:331.410s step_avg:164.23ms
step:2019/3250 train_time:331.571s step_avg:164.23ms
step:2020/3250 train_time:331.731s step_avg:164.22ms
step:2021/3250 train_time:331.891s step_avg:164.22ms
step:2022/3250 train_time:332.051s step_avg:164.22ms
step:2023/3250 train_time:332.209s step_avg:164.22ms
step:2024/3250 train_time:332.370s step_avg:164.21ms
step:2025/3250 train_time:332.531s step_avg:164.21ms
step:2026/3250 train_time:332.693s step_avg:164.21ms
step:2027/3250 train_time:332.851s step_avg:164.21ms
step:2028/3250 train_time:333.011s step_avg:164.21ms
step:2029/3250 train_time:333.170s step_avg:164.20ms
step:2030/3250 train_time:333.328s step_avg:164.20ms
step:2031/3250 train_time:333.489s step_avg:164.20ms
step:2032/3250 train_time:333.649s step_avg:164.20ms
step:2033/3250 train_time:333.810s step_avg:164.20ms
step:2034/3250 train_time:333.969s step_avg:164.19ms
step:2035/3250 train_time:334.128s step_avg:164.19ms
step:2036/3250 train_time:334.287s step_avg:164.19ms
step:2037/3250 train_time:334.447s step_avg:164.19ms
step:2038/3250 train_time:334.608s step_avg:164.18ms
step:2039/3250 train_time:334.768s step_avg:164.18ms
step:2040/3250 train_time:334.929s step_avg:164.18ms
step:2041/3250 train_time:335.089s step_avg:164.18ms
step:2042/3250 train_time:335.247s step_avg:164.18ms
step:2043/3250 train_time:335.407s step_avg:164.17ms
step:2044/3250 train_time:335.566s step_avg:164.17ms
step:2045/3250 train_time:335.726s step_avg:164.17ms
step:2046/3250 train_time:335.886s step_avg:164.17ms
step:2047/3250 train_time:336.050s step_avg:164.17ms
step:2048/3250 train_time:336.210s step_avg:164.16ms
step:2049/3250 train_time:336.369s step_avg:164.16ms
step:2050/3250 train_time:336.528s step_avg:164.16ms
step:2051/3250 train_time:336.687s step_avg:164.16ms
step:2052/3250 train_time:336.848s step_avg:164.16ms
step:2053/3250 train_time:337.011s step_avg:164.16ms
step:2054/3250 train_time:337.170s step_avg:164.15ms
step:2055/3250 train_time:337.328s step_avg:164.15ms
step:2056/3250 train_time:337.488s step_avg:164.15ms
step:2057/3250 train_time:337.648s step_avg:164.15ms
step:2058/3250 train_time:337.808s step_avg:164.14ms
step:2059/3250 train_time:337.968s step_avg:164.14ms
step:2060/3250 train_time:338.129s step_avg:164.14ms
step:2061/3250 train_time:338.288s step_avg:164.14ms
step:2062/3250 train_time:338.447s step_avg:164.14ms
step:2063/3250 train_time:338.608s step_avg:164.13ms
step:2064/3250 train_time:338.766s step_avg:164.13ms
step:2065/3250 train_time:338.928s step_avg:164.13ms
step:2066/3250 train_time:339.088s step_avg:164.13ms
step:2067/3250 train_time:339.249s step_avg:164.13ms
step:2068/3250 train_time:339.409s step_avg:164.12ms
step:2069/3250 train_time:339.568s step_avg:164.12ms
step:2070/3250 train_time:339.728s step_avg:164.12ms
step:2071/3250 train_time:339.889s step_avg:164.12ms
step:2072/3250 train_time:340.050s step_avg:164.12ms
step:2073/3250 train_time:340.210s step_avg:164.11ms
step:2074/3250 train_time:340.370s step_avg:164.11ms
step:2075/3250 train_time:340.528s step_avg:164.11ms
step:2076/3250 train_time:340.688s step_avg:164.11ms
step:2077/3250 train_time:340.848s step_avg:164.11ms
step:2078/3250 train_time:341.009s step_avg:164.10ms
step:2079/3250 train_time:341.171s step_avg:164.10ms
step:2080/3250 train_time:341.332s step_avg:164.10ms
step:2081/3250 train_time:341.491s step_avg:164.10ms
step:2082/3250 train_time:341.650s step_avg:164.10ms
step:2083/3250 train_time:341.809s step_avg:164.09ms
step:2084/3250 train_time:341.968s step_avg:164.09ms
step:2085/3250 train_time:342.128s step_avg:164.09ms
step:2086/3250 train_time:342.290s step_avg:164.09ms
step:2087/3250 train_time:342.448s step_avg:164.09ms
step:2088/3250 train_time:342.608s step_avg:164.08ms
step:2089/3250 train_time:342.766s step_avg:164.08ms
step:2090/3250 train_time:342.925s step_avg:164.08ms
step:2091/3250 train_time:343.151s step_avg:164.11ms
step:2092/3250 train_time:343.311s step_avg:164.11ms
step:2093/3250 train_time:343.469s step_avg:164.10ms
step:2094/3250 train_time:343.629s step_avg:164.10ms
step:2095/3250 train_time:343.788s step_avg:164.10ms
step:2096/3250 train_time:343.947s step_avg:164.10ms
step:2097/3250 train_time:344.108s step_avg:164.10ms
step:2098/3250 train_time:344.268s step_avg:164.09ms
step:2099/3250 train_time:344.426s step_avg:164.09ms
step:2100/3250 train_time:344.586s step_avg:164.09ms
step:2101/3250 train_time:344.746s step_avg:164.09ms
step:2102/3250 train_time:344.905s step_avg:164.08ms
step:2103/3250 train_time:345.065s step_avg:164.08ms
step:2104/3250 train_time:345.227s step_avg:164.08ms
step:2105/3250 train_time:345.389s step_avg:164.08ms
step:2106/3250 train_time:345.549s step_avg:164.08ms
step:2107/3250 train_time:345.709s step_avg:164.08ms
step:2108/3250 train_time:345.867s step_avg:164.07ms
step:2109/3250 train_time:346.028s step_avg:164.07ms
step:2110/3250 train_time:346.187s step_avg:164.07ms
step:2111/3250 train_time:346.349s step_avg:164.07ms
step:2112/3250 train_time:346.511s step_avg:164.07ms
step:2113/3250 train_time:346.671s step_avg:164.07ms
step:2114/3250 train_time:346.828s step_avg:164.06ms
step:2115/3250 train_time:346.987s step_avg:164.06ms
step:2116/3250 train_time:347.148s step_avg:164.06ms
step:2117/3250 train_time:347.308s step_avg:164.06ms
step:2118/3250 train_time:347.469s step_avg:164.06ms
step:2119/3250 train_time:347.629s step_avg:164.05ms
step:2120/3250 train_time:347.789s step_avg:164.05ms
step:2121/3250 train_time:347.947s step_avg:164.05ms
step:2122/3250 train_time:348.107s step_avg:164.05ms
step:2123/3250 train_time:348.266s step_avg:164.04ms
step:2124/3250 train_time:348.426s step_avg:164.04ms
step:2125/3250 train_time:348.588s step_avg:164.04ms
step:2125/3250 val_loss:3.42564 train_time:348.588s step_avg:160.52ms
probe_ema: n=84934656 align=-0.37263,-0.33480,-0.30143,-0.27078,-0.24102,-0.21010 rel_mse=1.06082,1.03764,1.02294,1.01381,1.00819,1.00475
step:2126/3250 train_time:348.748s step_avg:164.04ms
step:2127/3250 train_time:348.916s step_avg:164.04ms
step:2128/3250 train_time:349.077s step_avg:164.04ms
step:2129/3250 train_time:349.237s step_avg:164.04ms
step:2130/3250 train_time:349.396s step_avg:164.04ms
step:2131/3250 train_time:349.557s step_avg:164.03ms
step:2132/3250 train_time:349.718s step_avg:164.03ms
step:2133/3250 train_time:349.878s step_avg:164.03ms
step:2134/3250 train_time:350.038s step_avg:164.03ms
step:2135/3250 train_time:350.197s step_avg:164.03ms
step:2136/3250 train_time:350.357s step_avg:164.02ms
step:2137/3250 train_time:350.516s step_avg:164.02ms
step:2138/3250 train_time:350.678s step_avg:164.02ms
step:2139/3250 train_time:350.840s step_avg:164.02ms
step:2140/3250 train_time:351.001s step_avg:164.02ms
step:2141/3250 train_time:351.162s step_avg:164.02ms
step:2142/3250 train_time:351.322s step_avg:164.02ms
step:2143/3250 train_time:351.483s step_avg:164.01ms
step:2144/3250 train_time:351.646s step_avg:164.01ms
step:2145/3250 train_time:351.807s step_avg:164.01ms
step:2146/3250 train_time:351.968s step_avg:164.01ms
step:2147/3250 train_time:352.127s step_avg:164.01ms
step:2148/3250 train_time:352.287s step_avg:164.01ms
step:2149/3250 train_time:352.447s step_avg:164.01ms
step:2150/3250 train_time:352.608s step_avg:164.00ms
step:2151/3250 train_time:352.769s step_avg:164.00ms
step:2152/3250 train_time:352.929s step_avg:164.00ms
step:2153/3250 train_time:353.089s step_avg:164.00ms
step:2154/3250 train_time:353.249s step_avg:164.00ms
step:2155/3250 train_time:353.413s step_avg:164.00ms
step:2156/3250 train_time:353.573s step_avg:164.00ms
step:2157/3250 train_time:353.735s step_avg:163.99ms
step:2158/3250 train_time:353.895s step_avg:163.99ms
step:2159/3250 train_time:354.055s step_avg:163.99ms
step:2160/3250 train_time:354.214s step_avg:163.99ms
step:2161/3250 train_time:354.374s step_avg:163.99ms
step:2162/3250 train_time:354.534s step_avg:163.98ms
step:2163/3250 train_time:354.693s step_avg:163.98ms
step:2164/3250 train_time:354.853s step_avg:163.98ms
step:2165/3250 train_time:355.013s step_avg:163.98ms
step:2166/3250 train_time:355.174s step_avg:163.98ms
step:2167/3250 train_time:355.334s step_avg:163.98ms
step:2168/3250 train_time:355.493s step_avg:163.97ms
step:2169/3250 train_time:355.652s step_avg:163.97ms
step:2170/3250 train_time:355.813s step_avg:163.97ms
step:2171/3250 train_time:355.974s step_avg:163.97ms
step:2172/3250 train_time:356.133s step_avg:163.97ms
step:2173/3250 train_time:356.292s step_avg:163.96ms
step:2174/3250 train_time:356.451s step_avg:163.96ms
step:2175/3250 train_time:356.611s step_avg:163.96ms
step:2176/3250 train_time:356.771s step_avg:163.96ms
step:2177/3250 train_time:356.932s step_avg:163.96ms
step:2178/3250 train_time:357.093s step_avg:163.95ms
step:2179/3250 train_time:357.253s step_avg:163.95ms
step:2180/3250 train_time:357.412s step_avg:163.95ms
step:2181/3250 train_time:357.573s step_avg:163.95ms
step:2182/3250 train_time:357.732s step_avg:163.95ms
step:2183/3250 train_time:357.891s step_avg:163.94ms
step:2184/3250 train_time:358.052s step_avg:163.94ms
step:2185/3250 train_time:358.212s step_avg:163.94ms
step:2186/3250 train_time:358.372s step_avg:163.94ms
step:2187/3250 train_time:358.530s step_avg:163.94ms
step:2188/3250 train_time:358.692s step_avg:163.94ms
step:2189/3250 train_time:358.851s step_avg:163.93ms
step:2190/3250 train_time:359.011s step_avg:163.93ms
step:2191/3250 train_time:359.171s step_avg:163.93ms
step:2192/3250 train_time:359.332s step_avg:163.93ms
step:2193/3250 train_time:359.492s step_avg:163.93ms
step:2194/3250 train_time:359.652s step_avg:163.93ms
step:2195/3250 train_time:359.817s step_avg:163.93ms
step:2196/3250 train_time:359.978s step_avg:163.92ms
step:2197/3250 train_time:360.138s step_avg:163.92ms
step:2198/3250 train_time:360.300s step_avg:163.92ms
step:2199/3250 train_time:360.460s step_avg:163.92ms
step:2200/3250 train_time:360.621s step_avg:163.92ms
step:2201/3250 train_time:360.782s step_avg:163.92ms
step:2202/3250 train_time:360.945s step_avg:163.92ms
step:2203/3250 train_time:361.105s step_avg:163.92ms
step:2204/3250 train_time:361.267s step_avg:163.91ms
step:2205/3250 train_time:361.426s step_avg:163.91ms
step:2206/3250 train_time:361.586s step_avg:163.91ms
step:2207/3250 train_time:361.746s step_avg:163.91ms
step:2208/3250 train_time:361.907s step_avg:163.91ms
step:2209/3250 train_time:362.069s step_avg:163.91ms
step:2210/3250 train_time:362.227s step_avg:163.90ms
step:2211/3250 train_time:362.388s step_avg:163.90ms
step:2212/3250 train_time:362.549s step_avg:163.90ms
step:2213/3250 train_time:362.709s step_avg:163.90ms
step:2214/3250 train_time:362.868s step_avg:163.90ms
step:2215/3250 train_time:363.028s step_avg:163.90ms
step:2216/3250 train_time:363.188s step_avg:163.89ms
step:2217/3250 train_time:363.350s step_avg:163.89ms
step:2218/3250 train_time:363.509s step_avg:163.89ms
step:2219/3250 train_time:363.670s step_avg:163.89ms
step:2220/3250 train_time:363.829s step_avg:163.89ms
step:2221/3250 train_time:363.990s step_avg:163.89ms
step:2222/3250 train_time:364.151s step_avg:163.88ms
step:2223/3250 train_time:364.312s step_avg:163.88ms
step:2224/3250 train_time:364.471s step_avg:163.88ms
step:2225/3250 train_time:364.630s step_avg:163.88ms
step:2226/3250 train_time:364.791s step_avg:163.88ms
step:2227/3250 train_time:364.950s step_avg:163.88ms
step:2228/3250 train_time:365.110s step_avg:163.87ms
step:2229/3250 train_time:365.269s step_avg:163.87ms
step:2230/3250 train_time:365.430s step_avg:163.87ms
step:2231/3250 train_time:365.591s step_avg:163.87ms
step:2232/3250 train_time:365.751s step_avg:163.87ms
step:2233/3250 train_time:365.910s step_avg:163.86ms
step:2234/3250 train_time:366.071s step_avg:163.86ms
step:2235/3250 train_time:366.232s step_avg:163.86ms
step:2236/3250 train_time:366.391s step_avg:163.86ms
step:2237/3250 train_time:366.551s step_avg:163.86ms
step:2238/3250 train_time:366.710s step_avg:163.86ms
step:2239/3250 train_time:366.869s step_avg:163.85ms
step:2240/3250 train_time:367.029s step_avg:163.85ms
step:2241/3250 train_time:367.190s step_avg:163.85ms
step:2242/3250 train_time:367.353s step_avg:163.85ms
step:2243/3250 train_time:367.512s step_avg:163.85ms
step:2244/3250 train_time:367.672s step_avg:163.85ms
step:2245/3250 train_time:367.832s step_avg:163.84ms
step:2246/3250 train_time:367.991s step_avg:163.84ms
step:2247/3250 train_time:368.150s step_avg:163.84ms
step:2248/3250 train_time:368.313s step_avg:163.84ms
step:2249/3250 train_time:368.473s step_avg:163.84ms
step:2250/3250 train_time:368.631s step_avg:163.84ms
step:2250/3250 val_loss:3.40677 train_time:368.632s step_avg:160.35ms
probe_ema: n=84934656 align=-0.32165,-0.29434,-0.27010,-0.24778,-0.22561,-0.20182 rel_mse=1.05784,1.03649,1.02275,1.01404,1.00853,1.00508
step:2251/3250 train_time:368.792s step_avg:163.83ms
step:2252/3250 train_time:368.953s step_avg:163.83ms
step:2253/3250 train_time:369.112s step_avg:163.83ms
step:2254/3250 train_time:369.278s step_avg:163.83ms
step:2255/3250 train_time:369.438s step_avg:163.83ms
step:2256/3250 train_time:369.599s step_avg:163.83ms
step:2257/3250 train_time:369.760s step_avg:163.83ms
step:2258/3250 train_time:369.921s step_avg:163.83ms
step:2259/3250 train_time:370.086s step_avg:163.83ms
step:2260/3250 train_time:370.246s step_avg:163.83ms
step:2261/3250 train_time:370.408s step_avg:163.82ms
step:2262/3250 train_time:370.568s step_avg:163.82ms
step:2263/3250 train_time:370.728s step_avg:163.82ms
step:2264/3250 train_time:370.888s step_avg:163.82ms
step:2265/3250 train_time:371.048s step_avg:163.82ms
step:2266/3250 train_time:371.209s step_avg:163.82ms
step:2267/3250 train_time:371.368s step_avg:163.81ms
step:2268/3250 train_time:371.529s step_avg:163.81ms
step:2269/3250 train_time:371.690s step_avg:163.81ms
step:2270/3250 train_time:371.851s step_avg:163.81ms
step:2271/3250 train_time:372.010s step_avg:163.81ms
step:2272/3250 train_time:372.170s step_avg:163.81ms
step:2273/3250 train_time:372.330s step_avg:163.81ms
step:2274/3250 train_time:372.489s step_avg:163.80ms
step:2275/3250 train_time:372.649s step_avg:163.80ms
step:2276/3250 train_time:372.812s step_avg:163.80ms
step:2277/3250 train_time:372.972s step_avg:163.80ms
step:2278/3250 train_time:373.130s step_avg:163.80ms
step:2279/3250 train_time:373.289s step_avg:163.80ms
step:2280/3250 train_time:373.451s step_avg:163.79ms
step:2281/3250 train_time:373.671s step_avg:163.82ms
step:2282/3250 train_time:373.832s step_avg:163.82ms
step:2283/3250 train_time:373.991s step_avg:163.82ms
step:2284/3250 train_time:374.150s step_avg:163.81ms
step:2285/3250 train_time:374.310s step_avg:163.81ms
step:2286/3250 train_time:374.470s step_avg:163.81ms
step:2287/3250 train_time:374.632s step_avg:163.81ms
step:2288/3250 train_time:374.791s step_avg:163.81ms
step:2289/3250 train_time:374.951s step_avg:163.81ms
step:2290/3250 train_time:375.111s step_avg:163.80ms
step:2291/3250 train_time:375.270s step_avg:163.80ms
step:2292/3250 train_time:375.429s step_avg:163.80ms
step:2293/3250 train_time:375.589s step_avg:163.80ms
step:2294/3250 train_time:375.749s step_avg:163.80ms
step:2295/3250 train_time:375.910s step_avg:163.80ms
step:2296/3250 train_time:376.070s step_avg:163.79ms
step:2297/3250 train_time:376.230s step_avg:163.79ms
step:2298/3250 train_time:376.389s step_avg:163.79ms
step:2299/3250 train_time:376.550s step_avg:163.79ms
step:2300/3250 train_time:376.711s step_avg:163.79ms
step:2301/3250 train_time:376.872s step_avg:163.79ms
step:2302/3250 train_time:377.032s step_avg:163.78ms
step:2303/3250 train_time:377.191s step_avg:163.78ms
step:2304/3250 train_time:377.351s step_avg:163.78ms
step:2305/3250 train_time:377.512s step_avg:163.78ms
step:2306/3250 train_time:377.672s step_avg:163.78ms
step:2307/3250 train_time:377.833s step_avg:163.78ms
step:2308/3250 train_time:377.995s step_avg:163.78ms
step:2309/3250 train_time:378.154s step_avg:163.77ms
step:2310/3250 train_time:378.313s step_avg:163.77ms
step:2311/3250 train_time:378.472s step_avg:163.77ms
step:2312/3250 train_time:378.632s step_avg:163.77ms
step:2313/3250 train_time:378.794s step_avg:163.77ms
step:2314/3250 train_time:378.953s step_avg:163.77ms
step:2315/3250 train_time:379.112s step_avg:163.76ms
step:2316/3250 train_time:379.272s step_avg:163.76ms
step:2317/3250 train_time:379.432s step_avg:163.76ms
step:2318/3250 train_time:379.591s step_avg:163.76ms
step:2319/3250 train_time:379.751s step_avg:163.76ms
step:2320/3250 train_time:379.911s step_avg:163.75ms
step:2321/3250 train_time:380.070s step_avg:163.75ms
step:2322/3250 train_time:380.231s step_avg:163.75ms
step:2323/3250 train_time:380.393s step_avg:163.75ms
step:2324/3250 train_time:380.552s step_avg:163.75ms
step:2325/3250 train_time:380.711s step_avg:163.75ms
step:2326/3250 train_time:380.870s step_avg:163.74ms
step:2327/3250 train_time:381.031s step_avg:163.74ms
step:2328/3250 train_time:381.190s step_avg:163.74ms
step:2329/3250 train_time:381.350s step_avg:163.74ms
step:2330/3250 train_time:381.511s step_avg:163.74ms
step:2331/3250 train_time:381.670s step_avg:163.74ms
step:2332/3250 train_time:381.829s step_avg:163.73ms
step:2333/3250 train_time:381.988s step_avg:163.73ms
step:2334/3250 train_time:382.149s step_avg:163.73ms
step:2335/3250 train_time:382.309s step_avg:163.73ms
step:2336/3250 train_time:382.470s step_avg:163.73ms
step:2337/3250 train_time:382.631s step_avg:163.73ms
step:2338/3250 train_time:382.791s step_avg:163.73ms
step:2339/3250 train_time:382.951s step_avg:163.72ms
step:2340/3250 train_time:383.111s step_avg:163.72ms
step:2341/3250 train_time:383.272s step_avg:163.72ms
step:2342/3250 train_time:383.434s step_avg:163.72ms
step:2343/3250 train_time:383.593s step_avg:163.72ms
step:2344/3250 train_time:383.752s step_avg:163.72ms
step:2345/3250 train_time:383.913s step_avg:163.72ms
step:2346/3250 train_time:384.074s step_avg:163.71ms
step:2347/3250 train_time:384.234s step_avg:163.71ms
step:2348/3250 train_time:384.392s step_avg:163.71ms
step:2349/3250 train_time:384.552s step_avg:163.71ms
step:2350/3250 train_time:384.711s step_avg:163.71ms
step:2351/3250 train_time:384.871s step_avg:163.71ms
step:2352/3250 train_time:385.031s step_avg:163.70ms
step:2353/3250 train_time:385.190s step_avg:163.70ms
step:2354/3250 train_time:385.350s step_avg:163.70ms
step:2355/3250 train_time:385.510s step_avg:163.70ms
step:2356/3250 train_time:385.671s step_avg:163.70ms
step:2357/3250 train_time:385.831s step_avg:163.70ms
step:2358/3250 train_time:385.990s step_avg:163.69ms
step:2359/3250 train_time:386.150s step_avg:163.69ms
step:2360/3250 train_time:386.312s step_avg:163.69ms
step:2361/3250 train_time:386.471s step_avg:163.69ms
step:2362/3250 train_time:386.632s step_avg:163.69ms
step:2363/3250 train_time:386.790s step_avg:163.69ms
step:2364/3250 train_time:386.950s step_avg:163.68ms
step:2365/3250 train_time:387.110s step_avg:163.68ms
step:2366/3250 train_time:387.269s step_avg:163.68ms
step:2367/3250 train_time:387.431s step_avg:163.68ms
step:2368/3250 train_time:387.590s step_avg:163.68ms
step:2369/3250 train_time:387.750s step_avg:163.68ms
step:2370/3250 train_time:387.911s step_avg:163.68ms
step:2371/3250 train_time:388.072s step_avg:163.67ms
step:2372/3250 train_time:388.231s step_avg:163.67ms
step:2373/3250 train_time:388.389s step_avg:163.67ms
step:2374/3250 train_time:388.550s step_avg:163.67ms
step:2375/3250 train_time:388.710s step_avg:163.67ms
step:2375/3250 val_loss:3.38888 train_time:388.710s step_avg:160.62ms
probe_ema: n=84934656 align=-0.25622,-0.24319,-0.23172,-0.21942,-0.20570,-0.19042 rel_mse=1.05677,1.03718,1.02415,1.01546,1.00971,1.00598
step:2376/3250 train_time:388.870s step_avg:163.67ms
step:2377/3250 train_time:389.039s step_avg:163.67ms
step:2378/3250 train_time:389.199s step_avg:163.67ms
step:2379/3250 train_time:389.367s step_avg:163.67ms
step:2380/3250 train_time:389.528s step_avg:163.67ms
step:2381/3250 train_time:389.696s step_avg:163.67ms
step:2382/3250 train_time:389.866s step_avg:163.67ms
step:2383/3250 train_time:390.026s step_avg:163.67ms
step:2384/3250 train_time:390.196s step_avg:163.67ms
step:2385/3250 train_time:390.364s step_avg:163.67ms
step:2386/3250 train_time:390.524s step_avg:163.67ms
step:2387/3250 train_time:390.693s step_avg:163.68ms
step:2388/3250 train_time:390.863s step_avg:163.68ms
step:2389/3250 train_time:391.024s step_avg:163.68ms
step:2390/3250 train_time:391.185s step_avg:163.68ms
step:2391/3250 train_time:391.344s step_avg:163.67ms
step:2392/3250 train_time:391.505s step_avg:163.67ms
step:2393/3250 train_time:391.665s step_avg:163.67ms
step:2394/3250 train_time:391.824s step_avg:163.67ms
step:2395/3250 train_time:391.984s step_avg:163.67ms
step:2396/3250 train_time:392.144s step_avg:163.67ms
step:2397/3250 train_time:392.305s step_avg:163.66ms
step:2398/3250 train_time:392.465s step_avg:163.66ms
step:2399/3250 train_time:392.625s step_avg:163.66ms
step:2400/3250 train_time:392.785s step_avg:163.66ms
step:2401/3250 train_time:392.945s step_avg:163.66ms
step:2402/3250 train_time:393.104s step_avg:163.66ms
step:2403/3250 train_time:393.264s step_avg:163.66ms
step:2404/3250 train_time:393.424s step_avg:163.65ms
step:2405/3250 train_time:393.586s step_avg:163.65ms
step:2406/3250 train_time:393.745s step_avg:163.65ms
step:2407/3250 train_time:393.906s step_avg:163.65ms
step:2408/3250 train_time:394.067s step_avg:163.65ms
step:2409/3250 train_time:394.226s step_avg:163.65ms
step:2410/3250 train_time:394.386s step_avg:163.65ms
step:2411/3250 train_time:394.544s step_avg:163.64ms
step:2412/3250 train_time:394.706s step_avg:163.64ms
step:2413/3250 train_time:394.866s step_avg:163.64ms
step:2414/3250 train_time:395.026s step_avg:163.64ms
step:2415/3250 train_time:395.187s step_avg:163.64ms
step:2416/3250 train_time:395.347s step_avg:163.64ms
step:2417/3250 train_time:395.507s step_avg:163.64ms
step:2418/3250 train_time:395.667s step_avg:163.63ms
step:2419/3250 train_time:395.828s step_avg:163.63ms
step:2420/3250 train_time:395.988s step_avg:163.63ms
step:2421/3250 train_time:396.147s step_avg:163.63ms
step:2422/3250 train_time:396.306s step_avg:163.63ms
step:2423/3250 train_time:396.468s step_avg:163.63ms
step:2424/3250 train_time:396.626s step_avg:163.62ms
step:2425/3250 train_time:396.786s step_avg:163.62ms
step:2426/3250 train_time:396.950s step_avg:163.62ms
step:2427/3250 train_time:397.110s step_avg:163.62ms
step:2428/3250 train_time:397.269s step_avg:163.62ms
step:2429/3250 train_time:397.428s step_avg:163.62ms
step:2430/3250 train_time:397.588s step_avg:163.62ms
step:2431/3250 train_time:397.748s step_avg:163.62ms
step:2432/3250 train_time:397.909s step_avg:163.61ms
step:2433/3250 train_time:398.067s step_avg:163.61ms
step:2434/3250 train_time:398.227s step_avg:163.61ms
step:2435/3250 train_time:398.387s step_avg:163.61ms
step:2436/3250 train_time:398.545s step_avg:163.61ms
step:2437/3250 train_time:398.706s step_avg:163.61ms
step:2438/3250 train_time:398.870s step_avg:163.61ms
step:2439/3250 train_time:399.030s step_avg:163.60ms
step:2440/3250 train_time:399.191s step_avg:163.60ms
step:2441/3250 train_time:399.351s step_avg:163.60ms
step:2442/3250 train_time:399.509s step_avg:163.60ms
step:2443/3250 train_time:399.668s step_avg:163.60ms
step:2444/3250 train_time:399.828s step_avg:163.60ms
step:2445/3250 train_time:399.989s step_avg:163.59ms
step:2446/3250 train_time:400.150s step_avg:163.59ms
step:2447/3250 train_time:400.310s step_avg:163.59ms
step:2448/3250 train_time:400.470s step_avg:163.59ms
step:2449/3250 train_time:400.629s step_avg:163.59ms
step:2450/3250 train_time:400.788s step_avg:163.59ms
step:2451/3250 train_time:400.947s step_avg:163.59ms
step:2452/3250 train_time:401.109s step_avg:163.58ms
step:2453/3250 train_time:401.268s step_avg:163.58ms
step:2454/3250 train_time:401.428s step_avg:163.58ms
step:2455/3250 train_time:401.589s step_avg:163.58ms
step:2456/3250 train_time:401.749s step_avg:163.58ms
step:2457/3250 train_time:401.908s step_avg:163.58ms
step:2458/3250 train_time:402.068s step_avg:163.58ms
step:2459/3250 train_time:402.227s step_avg:163.57ms
step:2460/3250 train_time:402.386s step_avg:163.57ms
step:2461/3250 train_time:402.546s step_avg:163.57ms
step:2462/3250 train_time:402.707s step_avg:163.57ms
step:2463/3250 train_time:402.867s step_avg:163.57ms
step:2464/3250 train_time:403.026s step_avg:163.57ms
step:2465/3250 train_time:403.185s step_avg:163.56ms
step:2466/3250 train_time:403.344s step_avg:163.56ms
step:2467/3250 train_time:403.505s step_avg:163.56ms
step:2468/3250 train_time:403.665s step_avg:163.56ms
step:2469/3250 train_time:403.825s step_avg:163.56ms
step:2470/3250 train_time:403.985s step_avg:163.56ms
step:2471/3250 train_time:404.210s step_avg:163.58ms
step:2472/3250 train_time:404.371s step_avg:163.58ms
step:2473/3250 train_time:404.529s step_avg:163.58ms
step:2474/3250 train_time:404.690s step_avg:163.58ms
step:2475/3250 train_time:404.847s step_avg:163.57ms
step:2476/3250 train_time:405.007s step_avg:163.57ms
step:2477/3250 train_time:405.169s step_avg:163.57ms
step:2478/3250 train_time:405.329s step_avg:163.57ms
step:2479/3250 train_time:405.490s step_avg:163.57ms
step:2480/3250 train_time:405.650s step_avg:163.57ms
step:2481/3250 train_time:405.809s step_avg:163.57ms
step:2482/3250 train_time:405.969s step_avg:163.57ms
step:2483/3250 train_time:406.129s step_avg:163.56ms
step:2484/3250 train_time:406.290s step_avg:163.56ms
step:2485/3250 train_time:406.450s step_avg:163.56ms
step:2486/3250 train_time:406.609s step_avg:163.56ms
step:2487/3250 train_time:406.769s step_avg:163.56ms
step:2488/3250 train_time:406.929s step_avg:163.56ms
step:2489/3250 train_time:407.089s step_avg:163.56ms
step:2490/3250 train_time:407.249s step_avg:163.55ms
step:2491/3250 train_time:407.409s step_avg:163.55ms
step:2492/3250 train_time:407.569s step_avg:163.55ms
step:2493/3250 train_time:407.728s step_avg:163.55ms
step:2494/3250 train_time:407.888s step_avg:163.55ms
step:2495/3250 train_time:408.047s step_avg:163.55ms
step:2496/3250 train_time:408.208s step_avg:163.55ms
step:2497/3250 train_time:408.368s step_avg:163.54ms
step:2498/3250 train_time:408.528s step_avg:163.54ms
step:2499/3250 train_time:408.687s step_avg:163.54ms
step:2500/3250 train_time:408.847s step_avg:163.54ms
step:2500/3250 val_loss:3.37160 train_time:408.847s step_avg:161.10ms
probe_ema: n=84934656 align=-0.26342,-0.25371,-0.24320,-0.23067,-0.21538,-0.19678 rel_mse=1.06782,1.04331,1.02730,1.01696,1.01035,1.00619
step:2501/3250 train_time:409.009s step_avg:163.54ms
step:2502/3250 train_time:409.169s step_avg:163.54ms
step:2503/3250 train_time:409.330s step_avg:163.54ms
step:2504/3250 train_time:409.490s step_avg:163.53ms
step:2505/3250 train_time:409.650s step_avg:163.53ms
step:2506/3250 train_time:409.810s step_avg:163.53ms
step:2507/3250 train_time:409.970s step_avg:163.53ms
step:2508/3250 train_time:410.130s step_avg:163.53ms
step:2509/3250 train_time:410.291s step_avg:163.53ms
step:2510/3250 train_time:410.452s step_avg:163.53ms
step:2511/3250 train_time:410.611s step_avg:163.52ms
step:2512/3250 train_time:410.771s step_avg:163.52ms
step:2513/3250 train_time:410.931s step_avg:163.52ms
step:2514/3250 train_time:411.091s step_avg:163.52ms
step:2515/3250 train_time:411.251s step_avg:163.52ms
step:2516/3250 train_time:411.411s step_avg:163.52ms
step:2517/3250 train_time:411.571s step_avg:163.52ms
step:2518/3250 train_time:411.730s step_avg:163.51ms
step:2519/3250 train_time:411.890s step_avg:163.51ms
step:2520/3250 train_time:412.050s step_avg:163.51ms
step:2521/3250 train_time:412.216s step_avg:163.51ms
step:2522/3250 train_time:412.376s step_avg:163.51ms
step:2523/3250 train_time:412.537s step_avg:163.51ms
step:2524/3250 train_time:412.697s step_avg:163.51ms
step:2525/3250 train_time:412.858s step_avg:163.51ms
step:2526/3250 train_time:413.019s step_avg:163.51ms
step:2527/3250 train_time:413.179s step_avg:163.51ms
step:2528/3250 train_time:413.340s step_avg:163.50ms
step:2529/3250 train_time:413.499s step_avg:163.50ms
step:2530/3250 train_time:413.660s step_avg:163.50ms
step:2531/3250 train_time:413.821s step_avg:163.50ms
step:2532/3250 train_time:413.980s step_avg:163.50ms
step:2533/3250 train_time:414.142s step_avg:163.50ms
step:2534/3250 train_time:414.303s step_avg:163.50ms
step:2535/3250 train_time:414.464s step_avg:163.50ms
step:2536/3250 train_time:414.625s step_avg:163.50ms
step:2537/3250 train_time:414.787s step_avg:163.49ms
step:2538/3250 train_time:414.948s step_avg:163.49ms
step:2539/3250 train_time:415.109s step_avg:163.49ms
step:2540/3250 train_time:415.269s step_avg:163.49ms
step:2541/3250 train_time:415.429s step_avg:163.49ms
step:2542/3250 train_time:415.588s step_avg:163.49ms
step:2543/3250 train_time:415.750s step_avg:163.49ms
step:2544/3250 train_time:415.916s step_avg:163.49ms
step:2545/3250 train_time:416.075s step_avg:163.49ms
step:2546/3250 train_time:416.235s step_avg:163.49ms
step:2547/3250 train_time:416.394s step_avg:163.48ms
step:2548/3250 train_time:416.554s step_avg:163.48ms
step:2549/3250 train_time:416.713s step_avg:163.48ms
step:2550/3250 train_time:416.873s step_avg:163.48ms
step:2551/3250 train_time:417.032s step_avg:163.48ms
step:2552/3250 train_time:417.191s step_avg:163.48ms
step:2553/3250 train_time:417.350s step_avg:163.47ms
step:2554/3250 train_time:417.509s step_avg:163.47ms
step:2555/3250 train_time:417.669s step_avg:163.47ms
step:2556/3250 train_time:417.832s step_avg:163.47ms
step:2557/3250 train_time:417.991s step_avg:163.47ms
step:2558/3250 train_time:418.151s step_avg:163.47ms
step:2559/3250 train_time:418.311s step_avg:163.47ms
step:2560/3250 train_time:418.471s step_avg:163.47ms
step:2561/3250 train_time:418.632s step_avg:163.46ms
step:2562/3250 train_time:418.790s step_avg:163.46ms
step:2563/3250 train_time:418.951s step_avg:163.46ms
step:2564/3250 train_time:419.110s step_avg:163.46ms
step:2565/3250 train_time:419.269s step_avg:163.46ms
step:2566/3250 train_time:419.429s step_avg:163.46ms
step:2567/3250 train_time:419.590s step_avg:163.46ms
step:2568/3250 train_time:419.750s step_avg:163.45ms
step:2569/3250 train_time:419.909s step_avg:163.45ms
step:2570/3250 train_time:420.069s step_avg:163.45ms
step:2571/3250 train_time:420.229s step_avg:163.45ms
step:2572/3250 train_time:420.391s step_avg:163.45ms
step:2573/3250 train_time:420.551s step_avg:163.45ms
step:2574/3250 train_time:420.711s step_avg:163.45ms
step:2575/3250 train_time:420.871s step_avg:163.44ms
step:2576/3250 train_time:421.030s step_avg:163.44ms
step:2577/3250 train_time:421.190s step_avg:163.44ms
step:2578/3250 train_time:421.351s step_avg:163.44ms
step:2579/3250 train_time:421.510s step_avg:163.44ms
step:2580/3250 train_time:421.671s step_avg:163.44ms
step:2581/3250 train_time:421.831s step_avg:163.44ms
step:2582/3250 train_time:421.991s step_avg:163.44ms
step:2583/3250 train_time:422.149s step_avg:163.43ms
step:2584/3250 train_time:422.310s step_avg:163.43ms
step:2585/3250 train_time:422.470s step_avg:163.43ms
step:2586/3250 train_time:422.630s step_avg:163.43ms
step:2587/3250 train_time:422.790s step_avg:163.43ms
step:2588/3250 train_time:422.949s step_avg:163.43ms
step:2589/3250 train_time:423.110s step_avg:163.43ms
step:2590/3250 train_time:423.271s step_avg:163.43ms
step:2591/3250 train_time:423.431s step_avg:163.42ms
step:2592/3250 train_time:423.591s step_avg:163.42ms
step:2593/3250 train_time:423.751s step_avg:163.42ms
step:2594/3250 train_time:423.909s step_avg:163.42ms
step:2595/3250 train_time:424.069s step_avg:163.42ms
step:2596/3250 train_time:424.229s step_avg:163.42ms
step:2597/3250 train_time:424.388s step_avg:163.41ms
step:2598/3250 train_time:424.549s step_avg:163.41ms
step:2599/3250 train_time:424.707s step_avg:163.41ms
step:2600/3250 train_time:424.868s step_avg:163.41ms
step:2601/3250 train_time:425.032s step_avg:163.41ms
step:2602/3250 train_time:425.191s step_avg:163.41ms
step:2603/3250 train_time:425.351s step_avg:163.41ms
step:2604/3250 train_time:425.509s step_avg:163.41ms
step:2605/3250 train_time:425.669s step_avg:163.40ms
step:2606/3250 train_time:425.832s step_avg:163.40ms
step:2607/3250 train_time:425.992s step_avg:163.40ms
step:2608/3250 train_time:426.152s step_avg:163.40ms
step:2609/3250 train_time:426.311s step_avg:163.40ms
step:2610/3250 train_time:426.471s step_avg:163.40ms
step:2611/3250 train_time:426.632s step_avg:163.40ms
step:2612/3250 train_time:426.793s step_avg:163.40ms
step:2613/3250 train_time:426.953s step_avg:163.40ms
step:2614/3250 train_time:427.111s step_avg:163.39ms
step:2615/3250 train_time:427.271s step_avg:163.39ms
step:2616/3250 train_time:427.430s step_avg:163.39ms
step:2617/3250 train_time:427.590s step_avg:163.39ms
step:2618/3250 train_time:427.751s step_avg:163.39ms
step:2619/3250 train_time:427.911s step_avg:163.39ms
step:2620/3250 train_time:428.070s step_avg:163.39ms
step:2621/3250 train_time:428.230s step_avg:163.38ms
step:2622/3250 train_time:428.390s step_avg:163.38ms
step:2623/3250 train_time:428.549s step_avg:163.38ms
step:2624/3250 train_time:428.709s step_avg:163.38ms
step:2625/3250 train_time:428.870s step_avg:163.38ms
step:2625/3250 val_loss:3.35242 train_time:428.871s step_avg:160.19ms
probe_ema: n=84934656 align=-0.15427,-0.15606,-0.15835,-0.15832,-0.15467,-0.14725 rel_mse=1.04605,1.03137,1.02121,1.01409,1.00913,1.00577
step:2626/3250 train_time:429.031s step_avg:163.38ms
step:2627/3250 train_time:429.191s step_avg:163.38ms
step:2628/3250 train_time:429.351s step_avg:163.38ms
step:2629/3250 train_time:429.512s step_avg:163.37ms
step:2630/3250 train_time:429.671s step_avg:163.37ms
step:2631/3250 train_time:429.830s step_avg:163.37ms
step:2632/3250 train_time:429.990s step_avg:163.37ms
step:2633/3250 train_time:430.150s step_avg:163.37ms
step:2634/3250 train_time:430.309s step_avg:163.37ms
step:2635/3250 train_time:430.469s step_avg:163.37ms
step:2636/3250 train_time:430.631s step_avg:163.37ms
step:2637/3250 train_time:430.790s step_avg:163.36ms
step:2638/3250 train_time:430.950s step_avg:163.36ms
step:2639/3250 train_time:431.111s step_avg:163.36ms
step:2640/3250 train_time:431.270s step_avg:163.36ms
step:2641/3250 train_time:431.431s step_avg:163.36ms
step:2642/3250 train_time:431.592s step_avg:163.36ms
step:2643/3250 train_time:431.752s step_avg:163.36ms
step:2644/3250 train_time:431.912s step_avg:163.36ms
step:2645/3250 train_time:432.071s step_avg:163.35ms
step:2646/3250 train_time:432.232s step_avg:163.35ms
step:2647/3250 train_time:432.392s step_avg:163.35ms
step:2648/3250 train_time:432.552s step_avg:163.35ms
step:2649/3250 train_time:432.713s step_avg:163.35ms
step:2650/3250 train_time:432.873s step_avg:163.35ms
step:2651/3250 train_time:433.034s step_avg:163.35ms
step:2652/3250 train_time:433.194s step_avg:163.35ms
step:2653/3250 train_time:433.353s step_avg:163.34ms
step:2654/3250 train_time:433.513s step_avg:163.34ms
step:2655/3250 train_time:433.674s step_avg:163.34ms
step:2656/3250 train_time:433.832s step_avg:163.34ms
step:2657/3250 train_time:433.992s step_avg:163.34ms
step:2658/3250 train_time:434.152s step_avg:163.34ms
step:2659/3250 train_time:434.312s step_avg:163.34ms
step:2660/3250 train_time:434.471s step_avg:163.34ms
step:2661/3250 train_time:434.696s step_avg:163.36ms
step:2662/3250 train_time:434.855s step_avg:163.36ms
step:2663/3250 train_time:435.016s step_avg:163.36ms
step:2664/3250 train_time:435.175s step_avg:163.35ms
step:2665/3250 train_time:435.334s step_avg:163.35ms
step:2666/3250 train_time:435.495s step_avg:163.35ms
step:2667/3250 train_time:435.655s step_avg:163.35ms
step:2668/3250 train_time:435.814s step_avg:163.35ms
step:2669/3250 train_time:435.972s step_avg:163.35ms
step:2670/3250 train_time:436.133s step_avg:163.35ms
step:2671/3250 train_time:436.294s step_avg:163.34ms
step:2672/3250 train_time:436.453s step_avg:163.34ms
step:2673/3250 train_time:436.616s step_avg:163.34ms
step:2674/3250 train_time:436.774s step_avg:163.34ms
step:2675/3250 train_time:436.933s step_avg:163.34ms
step:2676/3250 train_time:437.094s step_avg:163.34ms
step:2677/3250 train_time:437.253s step_avg:163.34ms
step:2678/3250 train_time:437.413s step_avg:163.34ms
step:2679/3250 train_time:437.572s step_avg:163.33ms
step:2680/3250 train_time:437.734s step_avg:163.33ms
step:2681/3250 train_time:437.893s step_avg:163.33ms
step:2682/3250 train_time:438.052s step_avg:163.33ms
step:2683/3250 train_time:438.213s step_avg:163.33ms
step:2684/3250 train_time:438.371s step_avg:163.33ms
step:2685/3250 train_time:438.532s step_avg:163.33ms
step:2686/3250 train_time:438.695s step_avg:163.33ms
step:2687/3250 train_time:438.855s step_avg:163.33ms
step:2688/3250 train_time:439.014s step_avg:163.32ms
step:2689/3250 train_time:439.172s step_avg:163.32ms
step:2690/3250 train_time:439.333s step_avg:163.32ms
step:2691/3250 train_time:439.492s step_avg:163.32ms
step:2692/3250 train_time:439.652s step_avg:163.32ms
step:2693/3250 train_time:439.814s step_avg:163.32ms
step:2694/3250 train_time:439.973s step_avg:163.32ms
step:2695/3250 train_time:440.134s step_avg:163.32ms
step:2696/3250 train_time:440.297s step_avg:163.31ms
step:2697/3250 train_time:440.456s step_avg:163.31ms
step:2698/3250 train_time:440.615s step_avg:163.31ms
step:2699/3250 train_time:440.774s step_avg:163.31ms
step:2700/3250 train_time:440.934s step_avg:163.31ms
step:2701/3250 train_time:441.095s step_avg:163.31ms
step:2702/3250 train_time:441.253s step_avg:163.31ms
step:2703/3250 train_time:441.412s step_avg:163.30ms
step:2704/3250 train_time:441.572s step_avg:163.30ms
step:2705/3250 train_time:441.731s step_avg:163.30ms
step:2706/3250 train_time:441.891s step_avg:163.30ms
step:2707/3250 train_time:442.052s step_avg:163.30ms
step:2708/3250 train_time:442.212s step_avg:163.30ms
step:2709/3250 train_time:442.371s step_avg:163.30ms
step:2710/3250 train_time:442.531s step_avg:163.30ms
step:2711/3250 train_time:442.692s step_avg:163.29ms
step:2712/3250 train_time:442.852s step_avg:163.29ms
step:2713/3250 train_time:443.014s step_avg:163.29ms
step:2714/3250 train_time:443.172s step_avg:163.29ms
step:2715/3250 train_time:443.331s step_avg:163.29ms
step:2716/3250 train_time:443.491s step_avg:163.29ms
step:2717/3250 train_time:443.653s step_avg:163.29ms
step:2718/3250 train_time:443.815s step_avg:163.29ms
step:2719/3250 train_time:443.974s step_avg:163.29ms
step:2720/3250 train_time:444.135s step_avg:163.29ms
step:2721/3250 train_time:444.296s step_avg:163.28ms
step:2722/3250 train_time:444.455s step_avg:163.28ms
step:2723/3250 train_time:444.615s step_avg:163.28ms
step:2724/3250 train_time:444.774s step_avg:163.28ms
step:2725/3250 train_time:444.935s step_avg:163.28ms
step:2726/3250 train_time:445.095s step_avg:163.28ms
step:2727/3250 train_time:445.255s step_avg:163.28ms
step:2728/3250 train_time:445.415s step_avg:163.28ms
step:2729/3250 train_time:445.573s step_avg:163.27ms
step:2730/3250 train_time:445.733s step_avg:163.27ms
step:2731/3250 train_time:445.893s step_avg:163.27ms
step:2732/3250 train_time:446.053s step_avg:163.27ms
step:2733/3250 train_time:446.214s step_avg:163.27ms
step:2734/3250 train_time:446.373s step_avg:163.27ms
step:2735/3250 train_time:446.533s step_avg:163.27ms
step:2736/3250 train_time:446.693s step_avg:163.26ms
step:2737/3250 train_time:446.852s step_avg:163.26ms
step:2738/3250 train_time:447.012s step_avg:163.26ms
step:2739/3250 train_time:447.173s step_avg:163.26ms
step:2740/3250 train_time:447.333s step_avg:163.26ms
step:2741/3250 train_time:447.493s step_avg:163.26ms
step:2742/3250 train_time:447.653s step_avg:163.26ms
step:2743/3250 train_time:447.812s step_avg:163.26ms
step:2744/3250 train_time:447.972s step_avg:163.25ms
step:2745/3250 train_time:448.132s step_avg:163.25ms
step:2746/3250 train_time:448.292s step_avg:163.25ms
step:2747/3250 train_time:448.455s step_avg:163.25ms
step:2748/3250 train_time:448.614s step_avg:163.25ms
step:2749/3250 train_time:448.773s step_avg:163.25ms
step:2750/3250 train_time:448.932s step_avg:163.25ms
step:2750/3250 val_loss:3.33455 train_time:448.932s step_avg:160.49ms
probe_ema: n=84934656 align=-0.16546,-0.16552,-0.16516,-0.16290,-0.15785,-0.14920 rel_mse=1.04718,1.03226,1.02165,1.01426,1.00920,1.00581
step:2751/3250 train_time:449.094s step_avg:163.25ms
step:2752/3250 train_time:449.253s step_avg:163.25ms
step:2753/3250 train_time:449.413s step_avg:163.24ms
step:2754/3250 train_time:449.573s step_avg:163.24ms
step:2755/3250 train_time:449.732s step_avg:163.24ms
step:2756/3250 train_time:449.893s step_avg:163.24ms
step:2757/3250 train_time:450.054s step_avg:163.24ms
step:2758/3250 train_time:450.213s step_avg:163.24ms
step:2759/3250 train_time:450.372s step_avg:163.24ms
step:2760/3250 train_time:450.532s step_avg:163.24ms
step:2761/3250 train_time:450.693s step_avg:163.24ms
step:2762/3250 train_time:450.854s step_avg:163.23ms
step:2763/3250 train_time:451.014s step_avg:163.23ms
step:2764/3250 train_time:451.175s step_avg:163.23ms
step:2765/3250 train_time:451.333s step_avg:163.23ms
step:2766/3250 train_time:451.494s step_avg:163.23ms
step:2767/3250 train_time:451.653s step_avg:163.23ms
step:2768/3250 train_time:451.813s step_avg:163.23ms
step:2769/3250 train_time:451.974s step_avg:163.23ms
step:2770/3250 train_time:452.133s step_avg:163.22ms
step:2771/3250 train_time:452.293s step_avg:163.22ms
step:2772/3250 train_time:452.453s step_avg:163.22ms
step:2773/3250 train_time:452.613s step_avg:163.22ms
step:2774/3250 train_time:452.773s step_avg:163.22ms
step:2775/3250 train_time:452.933s step_avg:163.22ms
step:2776/3250 train_time:453.093s step_avg:163.22ms
step:2777/3250 train_time:453.253s step_avg:163.22ms
step:2778/3250 train_time:453.412s step_avg:163.22ms
step:2779/3250 train_time:453.571s step_avg:163.21ms
step:2780/3250 train_time:453.734s step_avg:163.21ms
step:2781/3250 train_time:453.893s step_avg:163.21ms
step:2782/3250 train_time:454.055s step_avg:163.21ms
step:2783/3250 train_time:454.213s step_avg:163.21ms
step:2784/3250 train_time:454.373s step_avg:163.21ms
step:2785/3250 train_time:454.532s step_avg:163.21ms
step:2786/3250 train_time:454.692s step_avg:163.21ms
step:2787/3250 train_time:454.854s step_avg:163.21ms
step:2788/3250 train_time:455.013s step_avg:163.20ms
step:2789/3250 train_time:455.173s step_avg:163.20ms
step:2790/3250 train_time:455.333s step_avg:163.20ms
step:2791/3250 train_time:455.492s step_avg:163.20ms
step:2792/3250 train_time:455.652s step_avg:163.20ms
step:2793/3250 train_time:455.811s step_avg:163.20ms
step:2794/3250 train_time:455.974s step_avg:163.20ms
step:2795/3250 train_time:456.132s step_avg:163.20ms
step:2796/3250 train_time:456.294s step_avg:163.20ms
step:2797/3250 train_time:456.455s step_avg:163.19ms
step:2798/3250 train_time:456.614s step_avg:163.19ms
step:2799/3250 train_time:456.774s step_avg:163.19ms
step:2800/3250 train_time:456.932s step_avg:163.19ms
step:2801/3250 train_time:457.093s step_avg:163.19ms
step:2802/3250 train_time:457.253s step_avg:163.19ms
step:2803/3250 train_time:457.413s step_avg:163.19ms
step:2804/3250 train_time:457.575s step_avg:163.19ms
step:2805/3250 train_time:457.733s step_avg:163.18ms
step:2806/3250 train_time:457.892s step_avg:163.18ms
step:2807/3250 train_time:458.052s step_avg:163.18ms
step:2808/3250 train_time:458.212s step_avg:163.18ms
step:2809/3250 train_time:458.373s step_avg:163.18ms
step:2810/3250 train_time:458.532s step_avg:163.18ms
step:2811/3250 train_time:458.693s step_avg:163.18ms
step:2812/3250 train_time:458.853s step_avg:163.18ms
step:2813/3250 train_time:459.014s step_avg:163.18ms
step:2814/3250 train_time:459.174s step_avg:163.17ms
step:2815/3250 train_time:459.335s step_avg:163.17ms
step:2816/3250 train_time:459.494s step_avg:163.17ms
step:2817/3250 train_time:459.654s step_avg:163.17ms
step:2818/3250 train_time:459.814s step_avg:163.17ms
step:2819/3250 train_time:459.973s step_avg:163.17ms
step:2820/3250 train_time:460.135s step_avg:163.17ms
step:2821/3250 train_time:460.294s step_avg:163.17ms
step:2822/3250 train_time:460.455s step_avg:163.17ms
step:2823/3250 train_time:460.617s step_avg:163.17ms
step:2824/3250 train_time:460.776s step_avg:163.16ms
step:2825/3250 train_time:460.935s step_avg:163.16ms
step:2826/3250 train_time:461.095s step_avg:163.16ms
step:2827/3250 train_time:461.256s step_avg:163.16ms
step:2828/3250 train_time:461.415s step_avg:163.16ms
step:2829/3250 train_time:461.576s step_avg:163.16ms
step:2830/3250 train_time:461.735s step_avg:163.16ms
step:2831/3250 train_time:461.894s step_avg:163.16ms
step:2832/3250 train_time:462.054s step_avg:163.15ms
step:2833/3250 train_time:462.212s step_avg:163.15ms
step:2834/3250 train_time:462.375s step_avg:163.15ms
step:2835/3250 train_time:462.533s step_avg:163.15ms
step:2836/3250 train_time:462.695s step_avg:163.15ms
step:2837/3250 train_time:462.855s step_avg:163.15ms
step:2838/3250 train_time:463.014s step_avg:163.15ms
step:2839/3250 train_time:463.173s step_avg:163.15ms
step:2840/3250 train_time:463.332s step_avg:163.15ms
step:2841/3250 train_time:463.494s step_avg:163.14ms
step:2842/3250 train_time:463.659s step_avg:163.15ms
step:2843/3250 train_time:463.818s step_avg:163.14ms
step:2844/3250 train_time:463.979s step_avg:163.14ms
step:2845/3250 train_time:464.138s step_avg:163.14ms
step:2846/3250 train_time:464.297s step_avg:163.14ms
step:2847/3250 train_time:464.456s step_avg:163.14ms
step:2848/3250 train_time:464.617s step_avg:163.14ms
step:2849/3250 train_time:464.776s step_avg:163.14ms
step:2850/3250 train_time:464.935s step_avg:163.14ms
step:2851/3250 train_time:465.158s step_avg:163.16ms
step:2852/3250 train_time:465.318s step_avg:163.16ms
step:2853/3250 train_time:465.478s step_avg:163.15ms
step:2854/3250 train_time:465.638s step_avg:163.15ms
step:2855/3250 train_time:465.799s step_avg:163.15ms
step:2856/3250 train_time:465.957s step_avg:163.15ms
step:2857/3250 train_time:466.118s step_avg:163.15ms
step:2858/3250 train_time:466.277s step_avg:163.15ms
step:2859/3250 train_time:466.438s step_avg:163.15ms
step:2860/3250 train_time:466.597s step_avg:163.15ms
step:2861/3250 train_time:466.756s step_avg:163.14ms
step:2862/3250 train_time:466.916s step_avg:163.14ms
step:2863/3250 train_time:467.076s step_avg:163.14ms
step:2864/3250 train_time:467.236s step_avg:163.14ms
step:2865/3250 train_time:467.395s step_avg:163.14ms
step:2866/3250 train_time:467.556s step_avg:163.14ms
step:2867/3250 train_time:467.715s step_avg:163.14ms
step:2868/3250 train_time:467.876s step_avg:163.14ms
step:2869/3250 train_time:468.035s step_avg:163.14ms
step:2870/3250 train_time:468.195s step_avg:163.13ms
step:2871/3250 train_time:468.356s step_avg:163.13ms
step:2872/3250 train_time:468.514s step_avg:163.13ms
step:2873/3250 train_time:468.675s step_avg:163.13ms
step:2874/3250 train_time:468.834s step_avg:163.13ms
step:2875/3250 train_time:468.995s step_avg:163.13ms
step:2875/3250 val_loss:3.31653 train_time:468.995s step_avg:160.50ms
probe_ema: n=84934656 align=-0.10516,-0.12125,-0.13291,-0.13921,-0.14018,-0.13620 rel_mse=1.03919,1.02877,1.02046,1.01406,1.00932,1.00598
step:2876/3250 train_time:469.157s step_avg:163.13ms
step:2877/3250 train_time:469.318s step_avg:163.13ms
step:2878/3250 train_time:469.478s step_avg:163.13ms
step:2879/3250 train_time:469.639s step_avg:163.13ms
step:2880/3250 train_time:469.799s step_avg:163.12ms
step:2881/3250 train_time:469.960s step_avg:163.12ms
step:2882/3250 train_time:470.119s step_avg:163.12ms
step:2883/3250 train_time:470.280s step_avg:163.12ms
step:2884/3250 train_time:470.439s step_avg:163.12ms
step:2885/3250 train_time:470.598s step_avg:163.12ms
step:2886/3250 train_time:470.759s step_avg:163.12ms
step:2887/3250 train_time:470.919s step_avg:163.12ms
step:2888/3250 train_time:471.081s step_avg:163.12ms
step:2889/3250 train_time:471.238s step_avg:163.11ms
step:2890/3250 train_time:471.398s step_avg:163.11ms
step:2891/3250 train_time:471.557s step_avg:163.11ms
step:2892/3250 train_time:471.717s step_avg:163.11ms
step:2893/3250 train_time:471.877s step_avg:163.11ms
step:2894/3250 train_time:472.036s step_avg:163.11ms
step:2895/3250 train_time:472.198s step_avg:163.11ms
step:2896/3250 train_time:472.357s step_avg:163.11ms
step:2897/3250 train_time:472.519s step_avg:163.11ms
step:2898/3250 train_time:472.678s step_avg:163.10ms
step:2899/3250 train_time:472.837s step_avg:163.10ms
step:2900/3250 train_time:472.997s step_avg:163.10ms
step:2900/3250 val_loss:3.31277 train_time:472.997s step_avg:160.08ms
probe_ema: n=84934656 align=-0.07324,-0.09337,-0.10928,-0.11994,-0.12453,-0.12330 rel_mse=1.03483,1.02615,1.01894,1.01326,1.00894,1.00580
step:2901/3250 train_time:473.159s step_avg:163.10ms
step:2902/3250 train_time:473.319s step_avg:163.10ms
step:2903/3250 train_time:473.486s step_avg:163.10ms
step:2904/3250 train_time:473.647s step_avg:163.10ms
step:2905/3250 train_time:473.807s step_avg:163.10ms
step:2906/3250 train_time:473.968s step_avg:163.10ms
step:2907/3250 train_time:474.128s step_avg:163.10ms
step:2908/3250 train_time:474.291s step_avg:163.10ms
step:2909/3250 train_time:474.452s step_avg:163.10ms
step:2910/3250 train_time:474.614s step_avg:163.10ms
step:2910/3250 val_loss:3.31109 train_time:474.614s step_avg:161.68ms
probe_ema: n=84934656 align=-0.07456,-0.08796,-0.10083,-0.11017,-0.11433,-0.11290 rel_mse=1.03211,1.02303,1.01652,1.01163,1.00791,1.00517
step:2911/3250 train_time:474.777s step_avg:163.10ms
step:2912/3250 train_time:474.939s step_avg:163.10ms
step:2913/3250 train_time:475.099s step_avg:163.10ms
step:2914/3250 train_time:475.261s step_avg:163.10ms
step:2915/3250 train_time:475.419s step_avg:163.09ms
step:2916/3250 train_time:475.580s step_avg:163.09ms
step:2917/3250 train_time:475.739s step_avg:163.09ms
step:2918/3250 train_time:475.899s step_avg:163.09ms
step:2919/3250 train_time:476.059s step_avg:163.09ms
step:2920/3250 train_time:476.218s step_avg:163.09ms
step:2920/3250 val_loss:3.30969 train_time:476.218s step_avg:160.43ms
probe_ema: n=84934656 align=-0.11094,-0.11935,-0.12638,-0.13100,-0.13209,-0.12890 rel_mse=1.04370,1.03035,1.02076,1.01401,1.00928,1.00599
step:2921/3250 train_time:476.378s step_avg:163.09ms
step:2922/3250 train_time:476.538s step_avg:163.09ms
step:2923/3250 train_time:476.698s step_avg:163.09ms
step:2924/3250 train_time:476.857s step_avg:163.08ms
step:2925/3250 train_time:477.017s step_avg:163.08ms
step:2925/3250 val_loss:3.30887 train_time:477.018s step_avg:159.84ms
probe_ema: n=84934656 align=-0.09812,-0.10885,-0.11792,-0.12386,-0.12600,-0.12360 rel_mse=1.03966,1.02786,1.01940,1.01328,1.00889,1.00577
step:2926/3250 train_time:477.178s step_avg:163.08ms
step:2927/3250 train_time:477.339s step_avg:163.08ms
step:2928/3250 train_time:477.499s step_avg:163.08ms
step:2929/3250 train_time:477.662s step_avg:163.08ms
step:2930/3250 train_time:477.822s step_avg:163.08ms
step:2930/3250 val_loss:3.30864 train_time:477.822s step_avg:160.97ms
probe_ema: n=84934656 align=-0.13552,-0.14268,-0.14648,-0.14699,-0.14449,-0.13882 rel_mse=1.04692,1.03249,1.02191,1.01446,1.00937,1.00595
step:2931/3250 train_time:477.985s step_avg:163.08ms
step:2932/3250 train_time:478.147s step_avg:163.08ms
step:2933/3250 train_time:478.309s step_avg:163.08ms
step:2934/3250 train_time:478.468s step_avg:163.08ms
step:2935/3250 train_time:478.628s step_avg:163.08ms
step:2936/3250 train_time:478.788s step_avg:163.07ms
step:2937/3250 train_time:478.947s step_avg:163.07ms
step:2938/3250 train_time:479.108s step_avg:163.07ms
step:2939/3250 train_time:479.268s step_avg:163.07ms
step:2940/3250 train_time:479.428s step_avg:163.07ms
step:2940/3250 val_loss:3.30704 train_time:479.429s step_avg:160.63ms
probe_ema: n=84934656 align=-0.04615,-0.06867,-0.08874,-0.10254,-0.10964,-0.11070 rel_mse=1.03021,1.02281,1.01704,1.01227,1.00845,1.00557
step:2941/3250 train_time:479.593s step_avg:163.07ms
step:2942/3250 train_time:479.753s step_avg:163.07ms
step:2943/3250 train_time:479.913s step_avg:163.07ms
step:2944/3250 train_time:480.077s step_avg:163.07ms
step:2945/3250 train_time:480.236s step_avg:163.07ms
step:2946/3250 train_time:480.397s step_avg:163.07ms
step:2947/3250 train_time:480.556s step_avg:163.07ms
step:2948/3250 train_time:480.716s step_avg:163.07ms
step:2949/3250 train_time:480.876s step_avg:163.06ms
step:2950/3250 train_time:481.035s step_avg:163.06ms
step:2950/3250 val_loss:3.30562 train_time:481.035s step_avg:160.64ms
probe_ema: n=84934656 align=-0.11053,-0.12245,-0.13062,-0.13431,-0.13353,-0.12866 rel_mse=1.04147,1.02970,1.02068,1.01399,1.00919,1.00586
step:2951/3250 train_time:481.197s step_avg:163.06ms
step:2952/3250 train_time:481.359s step_avg:163.06ms
step:2953/3250 train_time:481.518s step_avg:163.06ms
step:2954/3250 train_time:481.678s step_avg:163.06ms
step:2955/3250 train_time:481.837s step_avg:163.06ms
step:2956/3250 train_time:481.999s step_avg:163.06ms
step:2957/3250 train_time:482.157s step_avg:163.06ms
step:2958/3250 train_time:482.317s step_avg:163.06ms
step:2959/3250 train_time:482.477s step_avg:163.05ms
step:2960/3250 train_time:482.636s step_avg:163.05ms
step:2960/3250 val_loss:3.30423 train_time:482.636s step_avg:160.14ms
probe_ema: n=84934656 align=-0.08892,-0.10322,-0.11533,-0.12299,-0.12540,-0.12294 rel_mse=1.03935,1.02817,1.01976,1.01351,1.00896,1.00577
step:2961/3250 train_time:482.798s step_avg:163.05ms
step:2962/3250 train_time:482.957s step_avg:163.05ms
step:2963/3250 train_time:483.118s step_avg:163.05ms
step:2964/3250 train_time:483.281s step_avg:163.05ms
step:2965/3250 train_time:483.439s step_avg:163.05ms
step:2966/3250 train_time:483.601s step_avg:163.05ms
step:2967/3250 train_time:483.762s step_avg:163.05ms
step:2968/3250 train_time:483.921s step_avg:163.05ms
step:2969/3250 train_time:484.079s step_avg:163.04ms
step:2970/3250 train_time:484.239s step_avg:163.04ms
step:2970/3250 val_loss:3.30275 train_time:484.239s step_avg:160.25ms
probe_ema: n=84934656 align=-0.06464,-0.08232,-0.09771,-0.10867,-0.11402,-0.11382 rel_mse=1.03564,1.02577,1.01853,1.01306,1.00889,1.00581
step:2971/3250 train_time:484.400s step_avg:163.04ms
step:2972/3250 train_time:484.561s step_avg:163.04ms
step:2973/3250 train_time:484.721s step_avg:163.04ms
step:2974/3250 train_time:484.886s step_avg:163.04ms
step:2975/3250 train_time:485.047s step_avg:163.04ms
step:2975/3250 val_loss:3.30216 train_time:485.047s step_avg:161.62ms
probe_ema: n=84934656 align=-0.06725,-0.08625,-0.10042,-0.10991,-0.11418,-0.11352 rel_mse=1.03563,1.02662,1.01910,1.01330,1.00896,1.00583
step:2976/3250 train_time:485.210s step_avg:163.04ms
step:2977/3250 train_time:485.373s step_avg:163.04ms
step:2978/3250 train_time:485.534s step_avg:163.04ms
step:2979/3250 train_time:485.692s step_avg:163.04ms
step:2980/3250 train_time:485.856s step_avg:163.04ms
step:2980/3250 val_loss:3.30151 train_time:485.856s step_avg:161.73ms
probe_ema: n=84934656 align=-0.08069,-0.09552,-0.10759,-0.11561,-0.11872,-0.11701 rel_mse=1.03675,1.02643,1.01877,1.01306,1.00882,1.00574
step:2981/3250 train_time:486.019s step_avg:163.04ms
step:2982/3250 train_time:486.178s step_avg:163.04ms
step:2983/3250 train_time:486.339s step_avg:163.04ms
step:2984/3250 train_time:486.501s step_avg:163.04ms
step:2985/3250 train_time:486.660s step_avg:163.04ms
step:2986/3250 train_time:486.820s step_avg:163.03ms
step:2987/3250 train_time:486.979s step_avg:163.03ms
step:2988/3250 train_time:487.141s step_avg:163.03ms
step:2989/3250 train_time:487.300s step_avg:163.03ms
step:2990/3250 train_time:487.459s step_avg:163.03ms
step:2990/3250 val_loss:3.30030 train_time:487.460s step_avg:160.39ms
probe_ema: n=84934656 align=-0.18682,-0.18344,-0.18049,-0.17627,-0.16966,-0.16046 rel_mse=1.07708,1.04910,1.03096,1.01944,1.01214,1.00750
step:2991/3250 train_time:487.622s step_avg:163.03ms
step:2992/3250 train_time:487.784s step_avg:163.03ms
step:2993/3250 train_time:487.943s step_avg:163.03ms
step:2994/3250 train_time:488.101s step_avg:163.03ms
step:2995/3250 train_time:488.261s step_avg:163.03ms
step:2996/3250 train_time:488.422s step_avg:163.02ms
step:2997/3250 train_time:488.581s step_avg:163.02ms
step:2998/3250 train_time:488.742s step_avg:163.02ms
step:2999/3250 train_time:488.902s step_avg:163.02ms
step:3000/3250 train_time:489.061s step_avg:163.02ms
step:3000/3250 val_loss:3.29897 train_time:489.061s step_avg:160.13ms
probe_ema: n=84934656 align=-0.05668,-0.07657,-0.09356,-0.10527,-0.11122,-0.11192 rel_mse=1.03217,1.02436,1.01808,1.01293,1.00886,1.00583
step:3001/3250 train_time:489.222s step_avg:163.02ms
step:3002/3250 train_time:489.381s step_avg:163.02ms
step:3003/3250 train_time:489.541s step_avg:163.02ms
step:3004/3250 train_time:489.703s step_avg:163.02ms
step:3005/3250 train_time:489.861s step_avg:163.02ms
step:3006/3250 train_time:490.022s step_avg:163.01ms
step:3007/3250 train_time:490.181s step_avg:163.01ms
step:3008/3250 train_time:490.340s step_avg:163.01ms
step:3009/3250 train_time:490.500s step_avg:163.01ms
step:3010/3250 train_time:490.660s step_avg:163.01ms
step:3010/3250 val_loss:3.29740 train_time:490.660s step_avg:159.90ms
probe_ema: n=84934656 align=-0.06085,-0.07819,-0.09256,-0.10306,-0.10852,-0.10881 rel_mse=1.03604,1.02634,1.01882,1.01318,1.00895,1.00587
step:3011/3250 train_time:490.820s step_avg:163.01ms
step:3012/3250 train_time:490.981s step_avg:163.01ms
step:3013/3250 train_time:491.140s step_avg:163.01ms
step:3014/3250 train_time:491.302s step_avg:163.01ms
step:3015/3250 train_time:491.462s step_avg:163.01ms
step:3016/3250 train_time:491.620s step_avg:163.00ms
step:3017/3250 train_time:491.781s step_avg:163.00ms
step:3018/3250 train_time:491.939s step_avg:163.00ms
step:3019/3250 train_time:492.099s step_avg:163.00ms
step:3020/3250 train_time:492.259s step_avg:163.00ms
step:3020/3250 val_loss:3.29577 train_time:492.260s step_avg:159.97ms
probe_ema: n=84934656 align=-0.08583,-0.09703,-0.10692,-0.11371,-0.11646,-0.11516 rel_mse=1.04024,1.02832,1.01971,1.01350,1.00906,1.00592
step:3021/3250 train_time:492.420s step_avg:163.00ms
step:3022/3250 train_time:492.582s step_avg:163.00ms
step:3023/3250 train_time:492.742s step_avg:163.00ms
step:3024/3250 train_time:492.901s step_avg:163.00ms
step:3025/3250 train_time:493.062s step_avg:163.00ms
step:3025/3250 val_loss:3.29489 train_time:493.062s step_avg:160.53ms
probe_ema: n=84934656 align=-0.09327,-0.09980,-0.10715,-0.11265,-0.11456,-0.11249 rel_mse=1.04231,1.02899,1.01985,1.01348,1.00897,1.00581
step:3026/3250 train_time:493.223s step_avg:163.00ms
step:3027/3250 train_time:493.384s step_avg:162.99ms
step:3028/3250 train_time:493.543s step_avg:162.99ms
step:3029/3250 train_time:493.703s step_avg:162.99ms
step:3030/3250 train_time:493.863s step_avg:162.99ms
step:3030/3250 val_loss:3.29417 train_time:493.863s step_avg:160.13ms
probe_ema: n=84934656 align=-0.07004,-0.08564,-0.09751,-0.10510,-0.10821,-0.10703 rel_mse=1.03633,1.02639,1.01864,1.01281,1.00857,1.00557
step:3031/3250 train_time:494.023s step_avg:162.99ms
step:3032/3250 train_time:494.184s step_avg:162.99ms
step:3033/3250 train_time:494.346s step_avg:162.99ms
step:3034/3250 train_time:494.505s step_avg:162.99ms
step:3035/3250 train_time:494.665s step_avg:162.99ms
step:3036/3250 train_time:494.825s step_avg:162.99ms
step:3037/3250 train_time:494.985s step_avg:162.98ms
step:3038/3250 train_time:495.145s step_avg:162.98ms
step:3039/3250 train_time:495.304s step_avg:162.98ms
step:3040/3250 train_time:495.466s step_avg:162.98ms
step:3040/3250 val_loss:3.29279 train_time:495.467s step_avg:160.45ms
probe_ema: n=84934656 align=-0.02764,-0.04842,-0.06666,-0.08009,-0.08793,-0.09041 rel_mse=1.02951,1.02211,1.01636,1.01175,1.00813,1.00541
step:3041/3250 train_time:495.686s step_avg:163.00ms
step:3042/3250 train_time:495.847s step_avg:163.00ms
step:3043/3250 train_time:496.010s step_avg:163.00ms
step:3044/3250 train_time:496.171s step_avg:163.00ms
step:3045/3250 train_time:496.335s step_avg:163.00ms
step:3046/3250 train_time:496.494s step_avg:163.00ms
step:3047/3250 train_time:496.654s step_avg:163.00ms
step:3048/3250 train_time:496.814s step_avg:163.00ms
step:3049/3250 train_time:496.974s step_avg:163.00ms
step:3050/3250 train_time:497.135s step_avg:163.00ms
step:3050/3250 val_loss:3.29165 train_time:497.135s step_avg:166.78ms
probe_ema: n=84934656 align=-0.15049,-0.15085,-0.15117,-0.14938,-0.14452,-0.13678 rel_mse=1.06590,1.04213,1.02699,1.01723,1.01089,1.00678
step:3051/3250 train_time:497.296s step_avg:162.99ms
step:3052/3250 train_time:497.456s step_avg:162.99ms
step:3053/3250 train_time:497.617s step_avg:162.99ms
step:3054/3250 train_time:497.776s step_avg:162.99ms
step:3055/3250 train_time:497.936s step_avg:162.99ms
step:3056/3250 train_time:498.097s step_avg:162.99ms
step:3057/3250 train_time:498.257s step_avg:162.99ms
step:3058/3250 train_time:498.417s step_avg:162.99ms
step:3059/3250 train_time:498.578s step_avg:162.99ms
step:3060/3250 train_time:498.740s step_avg:162.99ms
step:3060/3250 val_loss:3.29065 train_time:498.740s step_avg:160.52ms
probe_ema: n=84934656 align=0.01414,-0.02715,-0.05934,-0.08023,-0.09115,-0.09459 rel_mse=1.01614,1.01675,1.01479,1.01152,1.00820,1.00549
step:3061/3250 train_time:498.902s step_avg:162.99ms
step:3062/3250 train_time:499.062s step_avg:162.99ms
step:3063/3250 train_time:499.222s step_avg:162.98ms
step:3064/3250 train_time:499.383s step_avg:162.98ms
step:3065/3250 train_time:499.542s step_avg:162.98ms
step:3066/3250 train_time:499.702s step_avg:162.98ms
step:3067/3250 train_time:499.860s step_avg:162.98ms
step:3068/3250 train_time:500.021s step_avg:162.98ms
step:3069/3250 train_time:500.180s step_avg:162.98ms
step:3070/3250 train_time:500.340s step_avg:162.98ms
step:3070/3250 val_loss:3.28924 train_time:500.340s step_avg:160.00ms
probe_ema: n=84934656 align=-0.04784,-0.06262,-0.07768,-0.09015,-0.09717,-0.09853 rel_mse=1.03079,1.02216,1.01609,1.01159,1.00806,1.00536
step:3071/3250 train_time:500.503s step_avg:162.98ms
step:3072/3250 train_time:500.664s step_avg:162.98ms
step:3073/3250 train_time:500.823s step_avg:162.98ms
step:3074/3250 train_time:500.984s step_avg:162.97ms
step:3075/3250 train_time:501.141s step_avg:162.97ms
step:3075/3250 val_loss:3.28851 train_time:501.141s step_avg:160.17ms
probe_ema: n=84934656 align=-0.02037,-0.04188,-0.06030,-0.07490,-0.08413,-0.08769 rel_mse=1.02743,1.02111,1.01582,1.01154,1.00810,1.00544
step:3076/3250 train_time:501.302s step_avg:162.97ms
step:3077/3250 train_time:501.465s step_avg:162.97ms
step:3078/3250 train_time:501.624s step_avg:162.97ms
step:3079/3250 train_time:501.785s step_avg:162.97ms
step:3080/3250 train_time:501.947s step_avg:162.97ms
step:3080/3250 val_loss:3.28795 train_time:501.948s step_avg:161.25ms
probe_ema: n=84934656 align=-0.01450,-0.04175,-0.06299,-0.07800,-0.08676,-0.08969 rel_mse=1.02633,1.02091,1.01589,1.01159,1.00809,1.00540
step:3081/3250 train_time:502.110s step_avg:162.97ms
step:3082/3250 train_time:502.270s step_avg:162.97ms
step:3083/3250 train_time:502.432s step_avg:162.97ms
step:3084/3250 train_time:502.591s step_avg:162.97ms
step:3085/3250 train_time:502.751s step_avg:162.97ms
step:3086/3250 train_time:502.910s step_avg:162.97ms
step:3087/3250 train_time:503.071s step_avg:162.96ms
step:3088/3250 train_time:503.230s step_avg:162.96ms
step:3089/3250 train_time:503.390s step_avg:162.96ms
step:3090/3250 train_time:503.550s step_avg:162.96ms
step:3090/3250 val_loss:3.28681 train_time:503.550s step_avg:160.29ms
probe_ema: n=84934656 align=-0.11899,-0.12592,-0.12982,-0.13084,-0.12867,-0.12298 rel_mse=1.05759,1.03817,1.02485,1.01604,1.01025,1.00643
step:3091/3250 train_time:503.712s step_avg:162.96ms
step:3092/3250 train_time:503.873s step_avg:162.96ms
step:3093/3250 train_time:504.033s step_avg:162.96ms
step:3094/3250 train_time:504.193s step_avg:162.96ms
step:3095/3250 train_time:504.352s step_avg:162.96ms
step:3096/3250 train_time:504.512s step_avg:162.96ms
step:3097/3250 train_time:504.673s step_avg:162.96ms
step:3098/3250 train_time:504.834s step_avg:162.95ms
step:3099/3250 train_time:504.993s step_avg:162.95ms
step:3100/3250 train_time:505.152s step_avg:162.95ms
step:3100/3250 val_loss:3.28561 train_time:505.152s step_avg:160.19ms
probe_ema: n=84934656 align=0.02739,-0.00899,-0.04052,-0.06258,-0.07548,-0.08097 rel_mse=1.01545,1.01518,1.01352,1.01070,1.00774,1.00525
step:3101/3250 train_time:505.313s step_avg:162.95ms
step:3102/3250 train_time:505.473s step_avg:162.95ms
step:3103/3250 train_time:505.636s step_avg:162.95ms
step:3104/3250 train_time:505.796s step_avg:162.95ms
step:3105/3250 train_time:505.956s step_avg:162.95ms
step:3106/3250 train_time:506.115s step_avg:162.95ms
step:3107/3250 train_time:506.274s step_avg:162.95ms
step:3108/3250 train_time:506.433s step_avg:162.94ms
step:3109/3250 train_time:506.592s step_avg:162.94ms
step:3110/3250 train_time:506.753s step_avg:162.94ms
step:3110/3250 val_loss:3.28449 train_time:506.753s step_avg:160.05ms
probe_ema: n=84934656 align=-0.02423,-0.04525,-0.06452,-0.07904,-0.08723,-0.08957 rel_mse=1.03189,1.02401,1.01778,1.01276,1.00876,1.00576
step:3111/3250 train_time:506.914s step_avg:162.94ms
step:3112/3250 train_time:507.073s step_avg:162.94ms
step:3113/3250 train_time:507.233s step_avg:162.94ms
step:3114/3250 train_time:507.393s step_avg:162.94ms
step:3115/3250 train_time:507.553s step_avg:162.94ms
step:3116/3250 train_time:507.713s step_avg:162.94ms
step:3117/3250 train_time:507.872s step_avg:162.94ms
step:3118/3250 train_time:508.034s step_avg:162.94ms
step:3119/3250 train_time:508.193s step_avg:162.93ms
step:3120/3250 train_time:508.354s step_avg:162.93ms
step:3120/3250 val_loss:3.28352 train_time:508.354s step_avg:160.15ms
probe_ema: n=84934656 align=-0.02369,-0.04869,-0.06802,-0.08171,-0.08945,-0.09155 rel_mse=1.03193,1.02455,1.01806,1.01283,1.00879,1.00578
step:3121/3250 train_time:508.515s step_avg:162.93ms
step:3122/3250 train_time:508.674s step_avg:162.93ms
step:3123/3250 train_time:508.835s step_avg:162.93ms
step:3124/3250 train_time:508.995s step_avg:162.93ms
step:3125/3250 train_time:509.154s step_avg:162.93ms
step:3125/3250 val_loss:3.28293 train_time:509.155s step_avg:160.04ms
probe_ema: n=84934656 align=-0.00264,-0.02835,-0.05223,-0.06973,-0.08014,-0.08415 rel_mse=1.02341,1.01879,1.01503,1.01138,1.00811,1.00547
step:3126/3250 train_time:509.317s step_avg:162.93ms
step:3127/3250 train_time:509.476s step_avg:162.93ms
step:3128/3250 train_time:509.637s step_avg:162.93ms
step:3129/3250 train_time:509.798s step_avg:162.93ms
step:3130/3250 train_time:509.957s step_avg:162.93ms
step:3130/3250 val_loss:3.28226 train_time:509.957s step_avg:160.53ms
probe_ema: n=84934656 align=-0.00463,-0.02676,-0.04533,-0.05965,-0.06871,-0.07231 rel_mse=1.02261,1.01774,1.01352,1.01001,1.00710,1.00478
step:3131/3250 train_time:510.118s step_avg:162.92ms
step:3132/3250 train_time:510.279s step_avg:162.92ms
step:3133/3250 train_time:510.438s step_avg:162.92ms
step:3134/3250 train_time:510.598s step_avg:162.92ms
step:3135/3250 train_time:510.758s step_avg:162.92ms
step:3136/3250 train_time:510.918s step_avg:162.92ms
step:3137/3250 train_time:511.079s step_avg:162.92ms
step:3138/3250 train_time:511.238s step_avg:162.92ms
step:3139/3250 train_time:511.398s step_avg:162.92ms
step:3140/3250 train_time:511.559s step_avg:162.92ms
step:3140/3250 val_loss:3.28122 train_time:511.559s step_avg:160.18ms
probe_ema: n=84934656 align=-0.01784,-0.03463,-0.05141,-0.06511,-0.07385,-0.07715 rel_mse=1.02750,1.01998,1.01474,1.01074,1.00756,1.00509
step:3141/3250 train_time:511.720s step_avg:162.92ms
step:3142/3250 train_time:511.879s step_avg:162.92ms
step:3143/3250 train_time:512.039s step_avg:162.91ms
step:3144/3250 train_time:512.198s step_avg:162.91ms
step:3145/3250 train_time:512.360s step_avg:162.91ms
step:3146/3250 train_time:512.520s step_avg:162.91ms
step:3147/3250 train_time:512.681s step_avg:162.91ms
step:3148/3250 train_time:512.841s step_avg:162.91ms
step:3149/3250 train_time:513.000s step_avg:162.91ms
step:3150/3250 train_time:513.162s step_avg:162.91ms
step:3150/3250 val_loss:3.28020 train_time:513.162s step_avg:160.32ms
probe_ema: n=84934656 align=-0.01175,-0.02728,-0.04192,-0.05444,-0.06340,-0.06763 rel_mse=1.02868,1.02026,1.01439,1.01024,1.00718,1.00485
step:3151/3250 train_time:513.324s step_avg:162.91ms
step:3152/3250 train_time:513.490s step_avg:162.91ms
step:3153/3250 train_time:513.651s step_avg:162.91ms
step:3154/3250 train_time:513.810s step_avg:162.91ms
step:3155/3250 train_time:513.970s step_avg:162.91ms
step:3156/3250 train_time:514.131s step_avg:162.91ms
step:3157/3250 train_time:514.291s step_avg:162.91ms
step:3158/3250 train_time:514.451s step_avg:162.90ms
step:3159/3250 train_time:514.610s step_avg:162.90ms
step:3160/3250 train_time:514.770s step_avg:162.90ms
step:3160/3250 val_loss:3.27926 train_time:514.771s step_avg:160.84ms
probe_ema: n=84934656 align=0.04671,0.01739,-0.00836,-0.02845,-0.04266,-0.05104 rel_mse=1.01159,1.01087,1.00940,1.00750,1.00562,1.00397
step:3161/3250 train_time:514.933s step_avg:162.90ms
step:3162/3250 train_time:515.092s step_avg:162.90ms
step:3163/3250 train_time:515.255s step_avg:162.90ms
step:3164/3250 train_time:515.416s step_avg:162.90ms
step:3165/3250 train_time:515.574s step_avg:162.90ms
step:3166/3250 train_time:515.733s step_avg:162.90ms
step:3167/3250 train_time:515.892s step_avg:162.90ms
step:3168/3250 train_time:516.053s step_avg:162.90ms
step:3169/3250 train_time:516.212s step_avg:162.89ms
step:3170/3250 train_time:516.376s step_avg:162.89ms
step:3170/3250 val_loss:3.27843 train_time:516.376s step_avg:160.53ms
probe_ema: n=84934656 align=0.02561,0.00229,-0.01883,-0.03545,-0.04703,-0.05349 rel_mse=1.01602,1.01299,1.01046,1.00804,1.00586,1.00405
step:3171/3250 train_time:516.539s step_avg:162.89ms
step:3172/3250 train_time:516.701s step_avg:162.89ms
step:3173/3250 train_time:516.861s step_avg:162.89ms
step:3174/3250 train_time:517.023s step_avg:162.89ms
step:3175/3250 train_time:517.183s step_avg:162.89ms
step:3175/3250 val_loss:3.27797 train_time:517.184s step_avg:161.57ms
probe_ema: n=84934656 align=0.02801,0.00769,-0.01246,-0.02926,-0.04133,-0.04843 rel_mse=1.01701,1.01264,1.00985,1.00756,1.00555,1.00385
step:3176/3250 train_time:517.345s step_avg:162.89ms
step:3177/3250 train_time:517.507s step_avg:162.89ms
step:3178/3250 train_time:517.670s step_avg:162.89ms
step:3179/3250 train_time:517.829s step_avg:162.89ms
step:3180/3250 train_time:517.990s step_avg:162.89ms
step:3180/3250 val_loss:3.27759 train_time:517.990s step_avg:161.26ms
probe_ema: n=84934656 align=-0.03031,-0.04108,-0.05091,-0.05912,-0.06479,-0.06727 rel_mse=1.03220,1.02250,1.01555,1.01069,1.00725,1.00479
step:3181/3250 train_time:518.152s step_avg:162.89ms
step:3182/3250 train_time:518.311s step_avg:162.89ms
step:3183/3250 train_time:518.473s step_avg:162.89ms
step:3184/3250 train_time:518.632s step_avg:162.89ms
step:3185/3250 train_time:518.791s step_avg:162.89ms
step:3186/3250 train_time:518.952s step_avg:162.89ms
step:3187/3250 train_time:519.112s step_avg:162.88ms
step:3188/3250 train_time:519.272s step_avg:162.88ms
step:3189/3250 train_time:519.430s step_avg:162.88ms
step:3190/3250 train_time:519.591s step_avg:162.88ms
step:3190/3250 val_loss:3.27679 train_time:519.591s step_avg:160.13ms
probe_ema: n=84934656 align=0.00641,-0.00864,-0.02320,-0.03505,-0.04371,-0.04901 rel_mse=1.02116,1.01514,1.01101,1.00792,1.00559,1.00384
step:3191/3250 train_time:519.752s step_avg:162.88ms
step:3192/3250 train_time:519.912s step_avg:162.88ms
step:3193/3250 train_time:520.073s step_avg:162.88ms
step:3194/3250 train_time:520.234s step_avg:162.88ms
step:3195/3250 train_time:520.396s step_avg:162.88ms
step:3196/3250 train_time:520.557s step_avg:162.88ms
step:3197/3250 train_time:520.716s step_avg:162.88ms
step:3198/3250 train_time:520.877s step_avg:162.88ms
step:3199/3250 train_time:521.036s step_avg:162.87ms
step:3200/3250 train_time:521.196s step_avg:162.87ms
step:3200/3250 val_loss:3.27605 train_time:521.197s step_avg:160.55ms
probe_ema: n=84934656 align=0.03452,0.01562,-0.00274,-0.01763,-0.02858,-0.03582 rel_mse=1.01501,1.01114,1.00851,1.00634,1.00458,1.00320
step:3201/3250 train_time:521.361s step_avg:162.87ms
step:3202/3250 train_time:521.522s step_avg:162.87ms
step:3203/3250 train_time:521.684s step_avg:162.87ms
step:3204/3250 train_time:521.844s step_avg:162.87ms
step:3205/3250 train_time:522.004s step_avg:162.87ms
step:3206/3250 train_time:522.164s step_avg:162.87ms
step:3207/3250 train_time:522.323s step_avg:162.87ms
step:3208/3250 train_time:522.485s step_avg:162.87ms
step:3209/3250 train_time:522.646s step_avg:162.87ms
step:3210/3250 train_time:522.805s step_avg:162.87ms
step:3210/3250 val_loss:3.27539 train_time:522.806s step_avg:160.88ms
probe_ema: n=84934656 align=0.05268,0.02765,0.00400,-0.01364,-0.02536,-0.03258 rel_mse=1.01000,1.00853,1.00736,1.00581,1.00426,1.00296
step:3211/3250 train_time:522.967s step_avg:162.87ms
step:3212/3250 train_time:523.128s step_avg:162.87ms
step:3213/3250 train_time:523.287s step_avg:162.87ms
step:3214/3250 train_time:523.446s step_avg:162.86ms
step:3215/3250 train_time:523.607s step_avg:162.86ms
step:3216/3250 train_time:523.767s step_avg:162.86ms
step:3217/3250 train_time:523.927s step_avg:162.86ms
step:3218/3250 train_time:524.086s step_avg:162.86ms
step:3219/3250 train_time:524.246s step_avg:162.86ms
step:3220/3250 train_time:524.406s step_avg:162.86ms
step:3220/3250 val_loss:3.27483 train_time:524.406s step_avg:160.07ms
probe_ema: n=84934656 align=0.02592,0.02130,0.01223,0.00095,-0.00969,-0.01817 rel_mse=1.01915,1.01122,1.00710,1.00484,1.00340,1.00238
step:3221/3250 train_time:524.568s step_avg:162.86ms
step:3222/3250 train_time:524.728s step_avg:162.86ms
step:3223/3250 train_time:524.888s step_avg:162.86ms
step:3224/3250 train_time:525.047s step_avg:162.86ms
step:3225/3250 train_time:525.207s step_avg:162.86ms
step:3225/3250 val_loss:3.27460 train_time:525.208s step_avg:160.27ms
probe_ema: n=84934656 align=0.01451,0.00956,0.00279,-0.00554,-0.01380,-0.02066 rel_mse=1.02235,1.01366,1.00860,1.00567,1.00382,1.00258
step:3226/3250 train_time:525.370s step_avg:162.85ms
step:3227/3250 train_time:525.532s step_avg:162.85ms
step:3228/3250 train_time:525.692s step_avg:162.85ms
step:3229/3250 train_time:525.850s step_avg:162.85ms
step:3230/3250 train_time:526.011s step_avg:162.85ms
step:3230/3250 val_loss:3.27442 train_time:526.011s step_avg:160.66ms
probe_ema: n=84934656 align=0.06175,0.03878,0.01996,0.00541,-0.00582,-0.01419 rel_mse=1.00709,1.00625,1.00519,1.00402,1.00296,1.00209
step:3231/3250 train_time:526.232s step_avg:162.87ms
step:3232/3250 train_time:526.392s step_avg:162.87ms
step:3233/3250 train_time:526.550s step_avg:162.87ms
step:3234/3250 train_time:526.711s step_avg:162.87ms
step:3235/3250 train_time:526.870s step_avg:162.87ms
step:3236/3250 train_time:527.031s step_avg:162.86ms
step:3237/3250 train_time:527.191s step_avg:162.86ms
step:3238/3250 train_time:527.351s step_avg:162.86ms
step:3239/3250 train_time:527.512s step_avg:162.86ms
step:3240/3250 train_time:527.671s step_avg:162.86ms
step:3240/3250 val_loss:3.27412 train_time:527.673s step_avg:166.16ms
probe_ema: n=84934656 align=0.00340,0.00697,0.00528,0.00032,-0.00585,-0.01196 rel_mse=1.02506,1.01422,1.00818,1.00491,1.00308,1.00200
step:3241/3250 train_time:527.832s step_avg:162.86ms
step:3242/3250 train_time:527.994s step_avg:162.86ms
step:3243/3250 train_time:528.155s step_avg:162.86ms
step:3244/3250 train_time:528.315s step_avg:162.86ms
step:3245/3250 train_time:528.475s step_avg:162.86ms
step:3246/3250 train_time:528.635s step_avg:162.86ms
step:3247/3250 train_time:528.794s step_avg:162.86ms
step:3248/3250 train_time:528.954s step_avg:162.86ms
step:3249/3250 train_time:529.114s step_avg:162.85ms
step:3250/3250 train_time:529.274s step_avg:162.85ms
step:3250/3250 val_loss:3.27398 train_time:529.274s step_avg:160.12ms
probe_ema: n=84934656 align=0.09686,0.10074,0.09564,0.08305,0.06692,0.05093 rel_mse=0.99758,0.99188,0.99145,0.99350,0.99586,0.99766
==== 2026-08-23 22:33:46 K6_a38 exit=0 3150=3.28020 final=3.27398 ====
