==== 2026-08-23 22:55:40 K6_a36 --k 6 --tau-min 3 --tau-max 56 --weights 0.03498,0.06995,0.10493,0.13991,0.17489,0.47534 ====
W0823 22:55:41.558000 41300 torch/distributed/run.py:774] 
W0823 22:55:41.558000 41300 torch/distributed/run.py:774] *****************************************
W0823 22:55:41.558000 41300 torch/distributed/run.py:774] Setting OMP_NUM_THREADS environment variable for each process to be 1 in default, to avoid your system being overloaded, please further tune the variable for optimal performance in your application as needed. 
W0823 22:55:41.558000 41300 torch/distributed/run.py:774] *****************************************
logs/61054baf-711b-455b-a96e-cf6021abe79b.txt
step:0/3250 val_loss:10.82584 train_time:0.001s step_avg:nanms
step:1/3250 train_time:8.650s step_avg:8650.43ms
step:2/3250 train_time:8.784s step_avg:4392.08ms
step:3/3250 train_time:8.937s step_avg:2978.84ms
step:4/3250 train_time:9.088s step_avg:2271.99ms
step:5/3250 train_time:9.242s step_avg:1848.36ms
step:6/3250 train_time:9.396s step_avg:1566.03ms
step:7/3250 train_time:9.550s step_avg:1364.26ms
step:8/3250 train_time:9.705s step_avg:1213.07ms
step:9/3250 train_time:9.861s step_avg:1095.62ms
step:10/3250 train_time:10.016s step_avg:1001.57ms
step:11/3250 train_time:10.168s step_avg:924.35ms
step:12/3250 train_time:10.323s step_avg:860.24ms
step:13/3250 train_time:10.477s step_avg:805.95ms
step:14/3250 train_time:10.630s step_avg:759.32ms
step:15/3250 train_time:10.784s step_avg:718.95ms
step:16/3250 train_time:10.941s step_avg:683.81ms
step:17/3250 train_time:11.095s step_avg:652.67ms
step:18/3250 train_time:11.250s step_avg:625.00ms
step:19/3250 train_time:11.404s step_avg:600.20ms
step:20/3250 train_time:11.560s step_avg:578.00ms
step:21/3250 train_time:11.715s step_avg:557.84ms
step:22/3250 train_time:11.867s step_avg:539.43ms
step:23/3250 train_time:12.023s step_avg:522.73ms
step:24/3250 train_time:12.178s step_avg:507.44ms
step:25/3250 train_time:12.333s step_avg:493.33ms
step:26/3250 train_time:12.486s step_avg:480.23ms
step:27/3250 train_time:12.643s step_avg:468.26ms
step:28/3250 train_time:12.799s step_avg:457.09ms
step:29/3250 train_time:12.953s step_avg:446.67ms
step:30/3250 train_time:13.107s step_avg:436.90ms
step:31/3250 train_time:13.262s step_avg:427.80ms
step:32/3250 train_time:13.417s step_avg:419.27ms
step:33/3250 train_time:13.570s step_avg:411.20ms
step:34/3250 train_time:13.724s step_avg:403.63ms
step:35/3250 train_time:13.880s step_avg:396.57ms
step:36/3250 train_time:14.035s step_avg:389.85ms
step:37/3250 train_time:14.188s step_avg:383.45ms
step:38/3250 train_time:14.343s step_avg:377.44ms
step:39/3250 train_time:14.498s step_avg:371.74ms
step:40/3250 train_time:14.652s step_avg:366.31ms
step:41/3250 train_time:14.806s step_avg:361.13ms
step:42/3250 train_time:14.962s step_avg:356.24ms
step:43/3250 train_time:15.119s step_avg:351.60ms
step:44/3250 train_time:15.272s step_avg:347.08ms
step:45/3250 train_time:15.425s step_avg:342.79ms
step:46/3250 train_time:15.581s step_avg:338.71ms
step:47/3250 train_time:15.736s step_avg:334.81ms
step:48/3250 train_time:15.889s step_avg:331.02ms
step:49/3250 train_time:16.045s step_avg:327.44ms
step:50/3250 train_time:16.201s step_avg:324.02ms
step:51/3250 train_time:16.356s step_avg:320.71ms
step:52/3250 train_time:16.509s step_avg:317.48ms
step:53/3250 train_time:16.663s step_avg:314.40ms
step:54/3250 train_time:16.819s step_avg:311.47ms
step:55/3250 train_time:16.973s step_avg:308.61ms
step:56/3250 train_time:17.127s step_avg:305.84ms
step:57/3250 train_time:17.282s step_avg:303.20ms
step:58/3250 train_time:17.439s step_avg:300.67ms
step:59/3250 train_time:17.593s step_avg:298.19ms
step:60/3250 train_time:17.748s step_avg:295.80ms
step:61/3250 train_time:17.902s step_avg:293.47ms
step:62/3250 train_time:18.056s step_avg:291.23ms
step:63/3250 train_time:18.209s step_avg:289.03ms
step:64/3250 train_time:18.364s step_avg:286.93ms
step:65/3250 train_time:18.520s step_avg:284.93ms
step:66/3250 train_time:18.676s step_avg:282.96ms
step:67/3250 train_time:18.829s step_avg:281.03ms
step:68/3250 train_time:18.983s step_avg:279.16ms
step:69/3250 train_time:19.140s step_avg:277.39ms
step:70/3250 train_time:19.294s step_avg:275.63ms
step:71/3250 train_time:19.447s step_avg:273.90ms
step:72/3250 train_time:19.602s step_avg:272.25ms
step:73/3250 train_time:19.757s step_avg:270.65ms
step:74/3250 train_time:19.911s step_avg:269.07ms
step:75/3250 train_time:20.065s step_avg:267.54ms
step:76/3250 train_time:20.223s step_avg:266.09ms
step:77/3250 train_time:20.377s step_avg:264.64ms
step:78/3250 train_time:20.532s step_avg:263.23ms
step:79/3250 train_time:20.685s step_avg:261.84ms
step:80/3250 train_time:20.841s step_avg:260.52ms
step:81/3250 train_time:20.996s step_avg:259.22ms
step:82/3250 train_time:21.150s step_avg:257.93ms
step:83/3250 train_time:21.304s step_avg:256.67ms
step:84/3250 train_time:21.461s step_avg:255.49ms
step:85/3250 train_time:21.616s step_avg:254.31ms
step:86/3250 train_time:21.768s step_avg:253.12ms
step:87/3250 train_time:21.923s step_avg:251.99ms
step:88/3250 train_time:22.078s step_avg:250.88ms
step:89/3250 train_time:22.232s step_avg:249.79ms
step:90/3250 train_time:22.385s step_avg:248.72ms
step:91/3250 train_time:22.540s step_avg:247.70ms
step:92/3250 train_time:22.697s step_avg:246.71ms
step:93/3250 train_time:22.852s step_avg:245.72ms
step:94/3250 train_time:23.006s step_avg:244.74ms
step:95/3250 train_time:23.161s step_avg:243.80ms
step:96/3250 train_time:23.317s step_avg:242.88ms
step:97/3250 train_time:23.470s step_avg:241.96ms
step:98/3250 train_time:23.624s step_avg:241.06ms
step:99/3250 train_time:23.780s step_avg:240.20ms
step:100/3250 train_time:23.935s step_avg:239.35ms
step:101/3250 train_time:24.087s step_avg:238.49ms
step:102/3250 train_time:24.243s step_avg:237.67ms
step:103/3250 train_time:24.398s step_avg:236.88ms
step:104/3250 train_time:24.553s step_avg:236.09ms
step:105/3250 train_time:24.706s step_avg:235.30ms
step:106/3250 train_time:24.862s step_avg:234.55ms
step:107/3250 train_time:25.018s step_avg:233.81ms
step:108/3250 train_time:25.171s step_avg:233.06ms
step:109/3250 train_time:25.325s step_avg:232.34ms
step:110/3250 train_time:25.483s step_avg:231.66ms
step:111/3250 train_time:25.640s step_avg:230.99ms
step:112/3250 train_time:25.796s step_avg:230.32ms
step:113/3250 train_time:25.950s step_avg:229.65ms
step:114/3250 train_time:26.103s step_avg:228.98ms
step:115/3250 train_time:26.256s step_avg:228.32ms
step:116/3250 train_time:26.410s step_avg:227.67ms
step:117/3250 train_time:26.564s step_avg:227.04ms
step:118/3250 train_time:26.721s step_avg:226.45ms
step:119/3250 train_time:26.878s step_avg:225.87ms
step:120/3250 train_time:27.033s step_avg:225.28ms
step:121/3250 train_time:27.185s step_avg:224.67ms
step:122/3250 train_time:27.343s step_avg:224.12ms
step:123/3250 train_time:27.499s step_avg:223.57ms
step:124/3250 train_time:27.653s step_avg:223.00ms
step:125/3250 train_time:27.809s step_avg:222.47ms
step:125/3250 val_loss:4.59459 train_time:27.820s step_avg:222.55ms
step:126/3250 train_time:27.964s step_avg:221.94ms
step:127/3250 train_time:28.118s step_avg:221.41ms
step:128/3250 train_time:28.274s step_avg:220.89ms
step:129/3250 train_time:28.427s step_avg:220.36ms
step:130/3250 train_time:28.581s step_avg:219.85ms
step:131/3250 train_time:28.737s step_avg:219.36ms
step:132/3250 train_time:28.892s step_avg:218.88ms
step:133/3250 train_time:29.046s step_avg:218.39ms
step:134/3250 train_time:29.201s step_avg:217.92ms
step:135/3250 train_time:29.358s step_avg:217.47ms
step:136/3250 train_time:29.512s step_avg:217.00ms
step:137/3250 train_time:29.666s step_avg:216.54ms
step:138/3250 train_time:29.821s step_avg:216.09ms
step:139/3250 train_time:29.977s step_avg:215.66ms
step:140/3250 train_time:30.133s step_avg:215.23ms
step:141/3250 train_time:30.286s step_avg:214.80ms
step:142/3250 train_time:30.441s step_avg:214.37ms
step:143/3250 train_time:30.598s step_avg:213.97ms
step:144/3250 train_time:30.753s step_avg:213.56ms
step:145/3250 train_time:30.906s step_avg:213.15ms
step:146/3250 train_time:31.061s step_avg:212.75ms
step:147/3250 train_time:31.216s step_avg:212.36ms
step:148/3250 train_time:31.372s step_avg:211.97ms
step:149/3250 train_time:31.525s step_avg:211.58ms
step:150/3250 train_time:31.681s step_avg:211.21ms
step:151/3250 train_time:31.837s step_avg:210.84ms
step:152/3250 train_time:31.992s step_avg:210.48ms
step:153/3250 train_time:32.145s step_avg:210.10ms
step:154/3250 train_time:32.301s step_avg:209.75ms
step:155/3250 train_time:32.457s step_avg:209.40ms
step:156/3250 train_time:32.610s step_avg:209.04ms
step:157/3250 train_time:32.765s step_avg:208.69ms
step:158/3250 train_time:32.920s step_avg:208.35ms
step:159/3250 train_time:33.077s step_avg:208.03ms
step:160/3250 train_time:33.231s step_avg:207.69ms
step:161/3250 train_time:33.385s step_avg:207.36ms
step:162/3250 train_time:33.540s step_avg:207.04ms
step:163/3250 train_time:33.697s step_avg:206.73ms
step:164/3250 train_time:33.852s step_avg:206.42ms
step:165/3250 train_time:34.005s step_avg:206.09ms
step:166/3250 train_time:34.161s step_avg:205.79ms
step:167/3250 train_time:34.315s step_avg:205.48ms
step:168/3250 train_time:34.470s step_avg:205.18ms
step:169/3250 train_time:34.624s step_avg:204.88ms
step:170/3250 train_time:34.780s step_avg:204.59ms
step:171/3250 train_time:34.936s step_avg:204.31ms
step:172/3250 train_time:35.091s step_avg:204.02ms
step:173/3250 train_time:35.244s step_avg:203.72ms
step:174/3250 train_time:35.400s step_avg:203.45ms
step:175/3250 train_time:35.556s step_avg:203.18ms
step:176/3250 train_time:35.709s step_avg:202.89ms
step:177/3250 train_time:35.864s step_avg:202.62ms
step:178/3250 train_time:36.020s step_avg:202.36ms
step:179/3250 train_time:36.176s step_avg:202.10ms
step:180/3250 train_time:36.330s step_avg:201.83ms
step:181/3250 train_time:36.484s step_avg:201.57ms
step:182/3250 train_time:36.638s step_avg:201.31ms
step:183/3250 train_time:36.794s step_avg:201.06ms
step:184/3250 train_time:36.947s step_avg:200.80ms
step:185/3250 train_time:37.102s step_avg:200.55ms
step:186/3250 train_time:37.258s step_avg:200.31ms
step:187/3250 train_time:37.413s step_avg:200.07ms
step:188/3250 train_time:37.567s step_avg:199.82ms
step:189/3250 train_time:37.721s step_avg:199.58ms
step:190/3250 train_time:37.877s step_avg:199.35ms
step:191/3250 train_time:38.189s step_avg:199.94ms
step:192/3250 train_time:38.343s step_avg:199.70ms
step:193/3250 train_time:38.499s step_avg:199.48ms
step:194/3250 train_time:38.654s step_avg:199.25ms
step:195/3250 train_time:38.808s step_avg:199.02ms
step:196/3250 train_time:38.965s step_avg:198.80ms
step:197/3250 train_time:39.120s step_avg:198.58ms
step:198/3250 train_time:39.277s step_avg:198.37ms
step:199/3250 train_time:39.432s step_avg:198.15ms
step:200/3250 train_time:39.586s step_avg:197.93ms
step:201/3250 train_time:39.740s step_avg:197.71ms
step:202/3250 train_time:39.896s step_avg:197.51ms
step:203/3250 train_time:40.051s step_avg:197.30ms
step:204/3250 train_time:40.205s step_avg:197.08ms
step:205/3250 train_time:40.361s step_avg:196.88ms
step:206/3250 train_time:40.517s step_avg:196.68ms
step:207/3250 train_time:40.672s step_avg:196.48ms
step:208/3250 train_time:40.825s step_avg:196.28ms
step:209/3250 train_time:40.980s step_avg:196.08ms
step:210/3250 train_time:41.136s step_avg:195.89ms
step:211/3250 train_time:41.291s step_avg:195.69ms
step:212/3250 train_time:41.444s step_avg:195.49ms
step:213/3250 train_time:41.599s step_avg:195.30ms
step:214/3250 train_time:41.755s step_avg:195.12ms
step:215/3250 train_time:41.909s step_avg:194.92ms
step:216/3250 train_time:42.063s step_avg:194.74ms
step:217/3250 train_time:42.219s step_avg:194.56ms
step:218/3250 train_time:42.376s step_avg:194.38ms
step:219/3250 train_time:42.531s step_avg:194.21ms
step:220/3250 train_time:42.686s step_avg:194.03ms
step:221/3250 train_time:42.839s step_avg:193.84ms
step:222/3250 train_time:42.996s step_avg:193.68ms
step:223/3250 train_time:43.150s step_avg:193.50ms
step:224/3250 train_time:43.305s step_avg:193.32ms
step:225/3250 train_time:43.460s step_avg:193.16ms
step:226/3250 train_time:43.616s step_avg:192.99ms
step:227/3250 train_time:43.770s step_avg:192.82ms
step:228/3250 train_time:43.925s step_avg:192.65ms
step:229/3250 train_time:44.080s step_avg:192.49ms
step:230/3250 train_time:44.236s step_avg:192.33ms
step:231/3250 train_time:44.390s step_avg:192.16ms
step:232/3250 train_time:44.544s step_avg:192.00ms
step:233/3250 train_time:44.699s step_avg:191.84ms
step:234/3250 train_time:44.856s step_avg:191.69ms
step:235/3250 train_time:45.009s step_avg:191.53ms
step:236/3250 train_time:45.163s step_avg:191.37ms
step:237/3250 train_time:45.319s step_avg:191.22ms
step:238/3250 train_time:45.475s step_avg:191.07ms
step:239/3250 train_time:45.628s step_avg:190.91ms
step:240/3250 train_time:45.782s step_avg:190.76ms
step:241/3250 train_time:45.940s step_avg:190.62ms
step:242/3250 train_time:46.098s step_avg:190.49ms
step:243/3250 train_time:46.253s step_avg:190.34ms
step:244/3250 train_time:46.407s step_avg:190.19ms
step:245/3250 train_time:46.562s step_avg:190.05ms
step:246/3250 train_time:46.717s step_avg:189.91ms
step:247/3250 train_time:46.873s step_avg:189.77ms
step:248/3250 train_time:47.027s step_avg:189.62ms
step:249/3250 train_time:47.181s step_avg:189.48ms
step:250/3250 train_time:47.335s step_avg:189.34ms
step:250/3250 val_loss:4.09745 train_time:47.347s step_avg:156.22ms
step:251/3250 train_time:47.493s step_avg:189.22ms
step:252/3250 train_time:47.647s step_avg:189.08ms
step:253/3250 train_time:47.801s step_avg:188.94ms
step:254/3250 train_time:47.957s step_avg:188.81ms
step:255/3250 train_time:48.114s step_avg:188.68ms
step:256/3250 train_time:48.268s step_avg:188.55ms
step:257/3250 train_time:48.422s step_avg:188.41ms
step:258/3250 train_time:48.576s step_avg:188.28ms
step:259/3250 train_time:48.733s step_avg:188.16ms
step:260/3250 train_time:48.887s step_avg:188.03ms
step:261/3250 train_time:49.042s step_avg:187.90ms
step:262/3250 train_time:49.197s step_avg:187.78ms
step:263/3250 train_time:49.353s step_avg:187.65ms
step:264/3250 train_time:49.508s step_avg:187.53ms
step:265/3250 train_time:49.662s step_avg:187.40ms
step:266/3250 train_time:49.817s step_avg:187.28ms
step:267/3250 train_time:49.973s step_avg:187.16ms
step:268/3250 train_time:50.128s step_avg:187.04ms
step:269/3250 train_time:50.282s step_avg:186.92ms
step:270/3250 train_time:50.436s step_avg:186.80ms
step:271/3250 train_time:50.591s step_avg:186.68ms
step:272/3250 train_time:50.743s step_avg:186.56ms
step:273/3250 train_time:50.898s step_avg:186.44ms
step:274/3250 train_time:51.052s step_avg:186.32ms
step:275/3250 train_time:51.208s step_avg:186.21ms
step:276/3250 train_time:51.362s step_avg:186.09ms
step:277/3250 train_time:51.517s step_avg:185.98ms
step:278/3250 train_time:51.672s step_avg:185.87ms
step:279/3250 train_time:51.826s step_avg:185.76ms
step:280/3250 train_time:51.980s step_avg:185.64ms
step:281/3250 train_time:52.137s step_avg:185.54ms
step:282/3250 train_time:52.293s step_avg:185.44ms
step:283/3250 train_time:52.447s step_avg:185.33ms
step:284/3250 train_time:52.603s step_avg:185.22ms
step:285/3250 train_time:52.757s step_avg:185.11ms
step:286/3250 train_time:52.913s step_avg:185.01ms
step:287/3250 train_time:53.068s step_avg:184.91ms
step:288/3250 train_time:53.222s step_avg:184.80ms
step:289/3250 train_time:53.376s step_avg:184.69ms
step:290/3250 train_time:53.532s step_avg:184.59ms
step:291/3250 train_time:53.686s step_avg:184.49ms
step:292/3250 train_time:53.839s step_avg:184.38ms
step:293/3250 train_time:53.995s step_avg:184.28ms
step:294/3250 train_time:54.150s step_avg:184.18ms
step:295/3250 train_time:54.304s step_avg:184.08ms
step:296/3250 train_time:54.458s step_avg:183.98ms
step:297/3250 train_time:54.615s step_avg:183.89ms
step:298/3250 train_time:54.770s step_avg:183.79ms
step:299/3250 train_time:54.924s step_avg:183.69ms
step:300/3250 train_time:55.079s step_avg:183.60ms
step:301/3250 train_time:55.237s step_avg:183.51ms
step:302/3250 train_time:55.393s step_avg:183.42ms
step:303/3250 train_time:55.547s step_avg:183.32ms
step:304/3250 train_time:55.700s step_avg:183.23ms
step:305/3250 train_time:55.855s step_avg:183.13ms
step:306/3250 train_time:56.009s step_avg:183.04ms
step:307/3250 train_time:56.163s step_avg:182.94ms
step:308/3250 train_time:56.318s step_avg:182.85ms
step:309/3250 train_time:56.474s step_avg:182.76ms
step:310/3250 train_time:56.629s step_avg:182.67ms
step:311/3250 train_time:56.783s step_avg:182.58ms
step:312/3250 train_time:56.937s step_avg:182.49ms
step:313/3250 train_time:57.092s step_avg:182.40ms
step:314/3250 train_time:57.247s step_avg:182.31ms
step:315/3250 train_time:57.401s step_avg:182.23ms
step:316/3250 train_time:57.556s step_avg:182.14ms
step:317/3250 train_time:57.712s step_avg:182.06ms
step:318/3250 train_time:57.867s step_avg:181.97ms
step:319/3250 train_time:58.021s step_avg:181.88ms
step:320/3250 train_time:58.175s step_avg:181.80ms
step:321/3250 train_time:58.330s step_avg:181.71ms
step:322/3250 train_time:58.484s step_avg:181.63ms
step:323/3250 train_time:58.637s step_avg:181.54ms
step:324/3250 train_time:58.793s step_avg:181.46ms
step:325/3250 train_time:58.947s step_avg:181.38ms
step:326/3250 train_time:59.101s step_avg:181.29ms
step:327/3250 train_time:59.255s step_avg:181.21ms
step:328/3250 train_time:59.409s step_avg:181.13ms
step:329/3250 train_time:59.563s step_avg:181.04ms
step:330/3250 train_time:59.717s step_avg:180.96ms
step:331/3250 train_time:59.872s step_avg:180.88ms
step:332/3250 train_time:60.026s step_avg:180.80ms
step:333/3250 train_time:60.181s step_avg:180.72ms
step:334/3250 train_time:60.338s step_avg:180.65ms
step:335/3250 train_time:60.494s step_avg:180.58ms
step:336/3250 train_time:60.648s step_avg:180.50ms
step:337/3250 train_time:60.802s step_avg:180.42ms
step:338/3250 train_time:60.956s step_avg:180.34ms
step:339/3250 train_time:61.112s step_avg:180.27ms
step:340/3250 train_time:61.267s step_avg:180.20ms
step:341/3250 train_time:61.422s step_avg:180.12ms
step:342/3250 train_time:61.575s step_avg:180.05ms
step:343/3250 train_time:61.730s step_avg:179.97ms
step:344/3250 train_time:61.884s step_avg:179.90ms
step:345/3250 train_time:62.039s step_avg:179.82ms
step:346/3250 train_time:62.195s step_avg:179.75ms
step:347/3250 train_time:62.349s step_avg:179.68ms
step:348/3250 train_time:62.504s step_avg:179.61ms
step:349/3250 train_time:62.657s step_avg:179.53ms
step:350/3250 train_time:62.812s step_avg:179.46ms
step:351/3250 train_time:62.967s step_avg:179.39ms
step:352/3250 train_time:63.121s step_avg:179.32ms
step:353/3250 train_time:63.276s step_avg:179.25ms
step:354/3250 train_time:63.432s step_avg:179.19ms
step:355/3250 train_time:63.586s step_avg:179.12ms
step:356/3250 train_time:63.740s step_avg:179.04ms
step:357/3250 train_time:63.895s step_avg:178.98ms
step:358/3250 train_time:64.049s step_avg:178.91ms
step:359/3250 train_time:64.204s step_avg:178.84ms
step:360/3250 train_time:64.357s step_avg:178.77ms
step:361/3250 train_time:64.510s step_avg:178.70ms
step:362/3250 train_time:64.664s step_avg:178.63ms
step:363/3250 train_time:64.819s step_avg:178.56ms
step:364/3250 train_time:64.976s step_avg:178.50ms
step:365/3250 train_time:65.130s step_avg:178.44ms
step:366/3250 train_time:65.285s step_avg:178.37ms
step:367/3250 train_time:65.440s step_avg:178.31ms
step:368/3250 train_time:65.597s step_avg:178.25ms
step:369/3250 train_time:65.751s step_avg:178.19ms
step:370/3250 train_time:65.906s step_avg:178.13ms
step:371/3250 train_time:66.060s step_avg:178.06ms
step:372/3250 train_time:66.215s step_avg:178.00ms
step:373/3250 train_time:66.370s step_avg:177.93ms
step:374/3250 train_time:66.524s step_avg:177.87ms
step:375/3250 train_time:66.680s step_avg:177.81ms
step:375/3250 val_loss:3.92496 train_time:66.692s step_avg:154.76ms
step:376/3250 train_time:66.837s step_avg:177.76ms
step:377/3250 train_time:66.991s step_avg:177.70ms
step:378/3250 train_time:67.146s step_avg:177.64ms
step:379/3250 train_time:67.300s step_avg:177.57ms
step:380/3250 train_time:67.455s step_avg:177.51ms
step:381/3250 train_time:67.662s step_avg:177.59ms
step:382/3250 train_time:67.816s step_avg:177.53ms
step:383/3250 train_time:67.971s step_avg:177.47ms
step:384/3250 train_time:68.125s step_avg:177.41ms
step:385/3250 train_time:68.278s step_avg:177.35ms
step:386/3250 train_time:68.434s step_avg:177.29ms
step:387/3250 train_time:68.588s step_avg:177.23ms
step:388/3250 train_time:68.742s step_avg:177.17ms
step:389/3250 train_time:68.896s step_avg:177.11ms
step:390/3250 train_time:69.052s step_avg:177.06ms
step:391/3250 train_time:69.207s step_avg:177.00ms
step:392/3250 train_time:69.361s step_avg:176.94ms
step:393/3250 train_time:69.514s step_avg:176.88ms
step:394/3250 train_time:69.670s step_avg:176.83ms
step:395/3250 train_time:69.824s step_avg:176.77ms
step:396/3250 train_time:69.978s step_avg:176.71ms
step:397/3250 train_time:70.135s step_avg:176.66ms
step:398/3250 train_time:70.290s step_avg:176.61ms
step:399/3250 train_time:70.443s step_avg:176.55ms
step:400/3250 train_time:70.597s step_avg:176.49ms
step:401/3250 train_time:70.754s step_avg:176.44ms
step:402/3250 train_time:70.908s step_avg:176.39ms
step:403/3250 train_time:71.063s step_avg:176.33ms
step:404/3250 train_time:71.217s step_avg:176.28ms
step:405/3250 train_time:71.374s step_avg:176.23ms
step:406/3250 train_time:71.530s step_avg:176.18ms
step:407/3250 train_time:71.684s step_avg:176.13ms
step:408/3250 train_time:71.838s step_avg:176.07ms
step:409/3250 train_time:71.993s step_avg:176.02ms
step:410/3250 train_time:72.148s step_avg:175.97ms
step:411/3250 train_time:72.303s step_avg:175.92ms
step:412/3250 train_time:72.457s step_avg:175.87ms
step:413/3250 train_time:72.611s step_avg:175.81ms
step:414/3250 train_time:72.766s step_avg:175.76ms
step:415/3250 train_time:72.921s step_avg:175.71ms
step:416/3250 train_time:73.075s step_avg:175.66ms
step:417/3250 train_time:73.231s step_avg:175.61ms
step:418/3250 train_time:73.385s step_avg:175.56ms
step:419/3250 train_time:73.540s step_avg:175.51ms
step:420/3250 train_time:73.694s step_avg:175.46ms
step:421/3250 train_time:73.849s step_avg:175.41ms
step:422/3250 train_time:74.003s step_avg:175.36ms
step:423/3250 train_time:74.157s step_avg:175.31ms
step:424/3250 train_time:74.314s step_avg:175.27ms
step:425/3250 train_time:74.470s step_avg:175.22ms
step:426/3250 train_time:74.625s step_avg:175.17ms
step:427/3250 train_time:74.779s step_avg:175.13ms
step:428/3250 train_time:74.934s step_avg:175.08ms
step:429/3250 train_time:75.087s step_avg:175.03ms
step:430/3250 train_time:75.241s step_avg:174.98ms
step:431/3250 train_time:75.395s step_avg:174.93ms
step:432/3250 train_time:75.550s step_avg:174.88ms
step:433/3250 train_time:75.705s step_avg:174.84ms
step:434/3250 train_time:75.859s step_avg:174.79ms
step:435/3250 train_time:76.014s step_avg:174.74ms
step:436/3250 train_time:76.168s step_avg:174.70ms
step:437/3250 train_time:76.322s step_avg:174.65ms
step:438/3250 train_time:76.476s step_avg:174.60ms
step:439/3250 train_time:76.630s step_avg:174.56ms
step:440/3250 train_time:76.784s step_avg:174.51ms
step:441/3250 train_time:76.939s step_avg:174.47ms
step:442/3250 train_time:77.094s step_avg:174.42ms
step:443/3250 train_time:77.249s step_avg:174.38ms
step:444/3250 train_time:77.404s step_avg:174.33ms
step:445/3250 train_time:77.557s step_avg:174.29ms
step:446/3250 train_time:77.713s step_avg:174.24ms
step:447/3250 train_time:77.867s step_avg:174.20ms
step:448/3250 train_time:78.021s step_avg:174.15ms
step:449/3250 train_time:78.176s step_avg:174.11ms
step:450/3250 train_time:78.331s step_avg:174.07ms
step:451/3250 train_time:78.485s step_avg:174.02ms
step:452/3250 train_time:78.638s step_avg:173.98ms
step:453/3250 train_time:78.794s step_avg:173.94ms
step:454/3250 train_time:78.949s step_avg:173.90ms
step:455/3250 train_time:79.105s step_avg:173.86ms
step:456/3250 train_time:79.259s step_avg:173.81ms
step:457/3250 train_time:79.414s step_avg:173.77ms
step:458/3250 train_time:79.569s step_avg:173.73ms
step:459/3250 train_time:79.723s step_avg:173.69ms
step:460/3250 train_time:79.878s step_avg:173.65ms
step:461/3250 train_time:80.033s step_avg:173.61ms
step:462/3250 train_time:80.187s step_avg:173.57ms
step:463/3250 train_time:80.341s step_avg:173.52ms
step:464/3250 train_time:80.495s step_avg:173.48ms
step:465/3250 train_time:80.650s step_avg:173.44ms
step:466/3250 train_time:80.805s step_avg:173.40ms
step:467/3250 train_time:80.959s step_avg:173.36ms
step:468/3250 train_time:81.113s step_avg:173.32ms
step:469/3250 train_time:81.269s step_avg:173.28ms
step:470/3250 train_time:81.425s step_avg:173.24ms
step:471/3250 train_time:81.578s step_avg:173.20ms
step:472/3250 train_time:81.734s step_avg:173.17ms
step:473/3250 train_time:81.888s step_avg:173.12ms
step:474/3250 train_time:82.043s step_avg:173.09ms
step:475/3250 train_time:82.196s step_avg:173.05ms
step:476/3250 train_time:82.352s step_avg:173.01ms
step:477/3250 train_time:82.507s step_avg:172.97ms
step:478/3250 train_time:82.660s step_avg:172.93ms
step:479/3250 train_time:82.814s step_avg:172.89ms
step:480/3250 train_time:82.970s step_avg:172.85ms
step:481/3250 train_time:83.125s step_avg:172.82ms
step:482/3250 train_time:83.279s step_avg:172.78ms
step:483/3250 train_time:83.434s step_avg:172.74ms
step:484/3250 train_time:83.589s step_avg:172.70ms
step:485/3250 train_time:83.743s step_avg:172.67ms
step:486/3250 train_time:83.897s step_avg:172.63ms
step:487/3250 train_time:84.052s step_avg:172.59ms
step:488/3250 train_time:84.207s step_avg:172.56ms
step:489/3250 train_time:84.361s step_avg:172.52ms
step:490/3250 train_time:84.514s step_avg:172.48ms
step:491/3250 train_time:84.670s step_avg:172.44ms
step:492/3250 train_time:84.824s step_avg:172.41ms
step:493/3250 train_time:84.978s step_avg:172.37ms
step:494/3250 train_time:85.133s step_avg:172.33ms
step:495/3250 train_time:85.287s step_avg:172.30ms
step:496/3250 train_time:85.441s step_avg:172.26ms
step:497/3250 train_time:85.595s step_avg:172.22ms
step:498/3250 train_time:85.751s step_avg:172.19ms
step:499/3250 train_time:85.907s step_avg:172.16ms
step:500/3250 train_time:86.061s step_avg:172.12ms
step:500/3250 val_loss:3.82798 train_time:86.072s step_avg:155.05ms
step:501/3250 train_time:86.216s step_avg:172.09ms
step:502/3250 train_time:86.371s step_avg:172.05ms
step:503/3250 train_time:86.525s step_avg:172.02ms
step:504/3250 train_time:86.680s step_avg:171.98ms
step:505/3250 train_time:86.833s step_avg:171.95ms
step:506/3250 train_time:86.988s step_avg:171.91ms
step:507/3250 train_time:87.146s step_avg:171.89ms
step:508/3250 train_time:87.300s step_avg:171.85ms
step:509/3250 train_time:87.454s step_avg:171.82ms
step:510/3250 train_time:87.608s step_avg:171.78ms
step:511/3250 train_time:87.764s step_avg:171.75ms
step:512/3250 train_time:87.917s step_avg:171.71ms
step:513/3250 train_time:88.072s step_avg:171.68ms
step:514/3250 train_time:88.226s step_avg:171.65ms
step:515/3250 train_time:88.382s step_avg:171.62ms
step:516/3250 train_time:88.536s step_avg:171.58ms
step:517/3250 train_time:88.690s step_avg:171.55ms
step:518/3250 train_time:88.845s step_avg:171.51ms
step:519/3250 train_time:88.999s step_avg:171.48ms
step:520/3250 train_time:89.153s step_avg:171.45ms
step:521/3250 train_time:89.308s step_avg:171.42ms
step:522/3250 train_time:89.463s step_avg:171.38ms
step:523/3250 train_time:89.617s step_avg:171.35ms
step:524/3250 train_time:89.772s step_avg:171.32ms
step:525/3250 train_time:89.926s step_avg:171.29ms
step:526/3250 train_time:90.081s step_avg:171.26ms
step:527/3250 train_time:90.235s step_avg:171.22ms
step:528/3250 train_time:90.390s step_avg:171.19ms
step:529/3250 train_time:90.545s step_avg:171.16ms
step:530/3250 train_time:90.699s step_avg:171.13ms
step:531/3250 train_time:90.853s step_avg:171.10ms
step:532/3250 train_time:91.008s step_avg:171.07ms
step:533/3250 train_time:91.163s step_avg:171.04ms
step:534/3250 train_time:91.318s step_avg:171.01ms
step:535/3250 train_time:91.472s step_avg:170.98ms
step:536/3250 train_time:91.626s step_avg:170.94ms
step:537/3250 train_time:91.781s step_avg:170.91ms
step:538/3250 train_time:91.936s step_avg:170.88ms
step:539/3250 train_time:92.090s step_avg:170.85ms
step:540/3250 train_time:92.245s step_avg:170.82ms
step:541/3250 train_time:92.401s step_avg:170.80ms
step:542/3250 train_time:92.554s step_avg:170.76ms
step:543/3250 train_time:92.709s step_avg:170.73ms
step:544/3250 train_time:92.864s step_avg:170.71ms
step:545/3250 train_time:93.018s step_avg:170.68ms
step:546/3250 train_time:93.172s step_avg:170.64ms
step:547/3250 train_time:93.326s step_avg:170.61ms
step:548/3250 train_time:93.480s step_avg:170.58ms
step:549/3250 train_time:93.634s step_avg:170.55ms
step:550/3250 train_time:93.788s step_avg:170.52ms
step:551/3250 train_time:93.943s step_avg:170.50ms
step:552/3250 train_time:94.097s step_avg:170.47ms
step:553/3250 train_time:94.251s step_avg:170.44ms
step:554/3250 train_time:94.407s step_avg:170.41ms
step:555/3250 train_time:94.562s step_avg:170.38ms
step:556/3250 train_time:94.717s step_avg:170.35ms
step:557/3250 train_time:94.872s step_avg:170.33ms
step:558/3250 train_time:95.026s step_avg:170.30ms
step:559/3250 train_time:95.181s step_avg:170.27ms
step:560/3250 train_time:95.334s step_avg:170.24ms
step:561/3250 train_time:95.489s step_avg:170.21ms
step:562/3250 train_time:95.643s step_avg:170.18ms
step:563/3250 train_time:95.797s step_avg:170.15ms
step:564/3250 train_time:95.952s step_avg:170.13ms
step:565/3250 train_time:96.107s step_avg:170.10ms
step:566/3250 train_time:96.262s step_avg:170.07ms
step:567/3250 train_time:96.417s step_avg:170.05ms
step:568/3250 train_time:96.571s step_avg:170.02ms
step:569/3250 train_time:96.726s step_avg:169.99ms
step:570/3250 train_time:96.881s step_avg:169.97ms
step:571/3250 train_time:98.502s step_avg:172.51ms
step:572/3250 train_time:98.655s step_avg:172.47ms
step:573/3250 train_time:98.809s step_avg:172.44ms
step:574/3250 train_time:98.967s step_avg:172.42ms
step:575/3250 train_time:99.119s step_avg:172.38ms
step:576/3250 train_time:99.274s step_avg:172.35ms
step:577/3250 train_time:99.428s step_avg:172.32ms
step:578/3250 train_time:99.584s step_avg:172.29ms
step:579/3250 train_time:99.738s step_avg:172.26ms
step:580/3250 train_time:99.892s step_avg:172.23ms
step:581/3250 train_time:100.048s step_avg:172.20ms
step:582/3250 train_time:100.205s step_avg:172.17ms
step:583/3250 train_time:100.360s step_avg:172.14ms
step:584/3250 train_time:100.513s step_avg:172.11ms
step:585/3250 train_time:100.668s step_avg:172.08ms
step:586/3250 train_time:100.822s step_avg:172.05ms
step:587/3250 train_time:100.977s step_avg:172.02ms
step:588/3250 train_time:101.131s step_avg:171.99ms
step:589/3250 train_time:101.288s step_avg:171.97ms
step:590/3250 train_time:101.445s step_avg:171.94ms
step:591/3250 train_time:101.602s step_avg:171.91ms
step:592/3250 train_time:101.756s step_avg:171.88ms
step:593/3250 train_time:101.911s step_avg:171.86ms
step:594/3250 train_time:102.065s step_avg:171.83ms
step:595/3250 train_time:102.219s step_avg:171.80ms
step:596/3250 train_time:102.373s step_avg:171.77ms
step:597/3250 train_time:102.528s step_avg:171.74ms
step:598/3250 train_time:102.683s step_avg:171.71ms
step:599/3250 train_time:102.838s step_avg:171.68ms
step:600/3250 train_time:102.993s step_avg:171.65ms
step:601/3250 train_time:103.147s step_avg:171.63ms
step:602/3250 train_time:103.304s step_avg:171.60ms
step:603/3250 train_time:103.459s step_avg:171.57ms
step:604/3250 train_time:103.613s step_avg:171.54ms
step:605/3250 train_time:103.768s step_avg:171.52ms
step:606/3250 train_time:103.922s step_avg:171.49ms
step:607/3250 train_time:104.078s step_avg:171.46ms
step:608/3250 train_time:104.232s step_avg:171.43ms
step:609/3250 train_time:104.389s step_avg:171.41ms
step:610/3250 train_time:104.545s step_avg:171.39ms
step:611/3250 train_time:104.700s step_avg:171.36ms
step:612/3250 train_time:104.853s step_avg:171.33ms
step:613/3250 train_time:105.009s step_avg:171.30ms
step:614/3250 train_time:105.165s step_avg:171.28ms
step:615/3250 train_time:105.320s step_avg:171.25ms
step:616/3250 train_time:105.474s step_avg:171.22ms
step:617/3250 train_time:105.629s step_avg:171.20ms
step:618/3250 train_time:105.785s step_avg:171.17ms
step:619/3250 train_time:105.940s step_avg:171.15ms
step:620/3250 train_time:106.094s step_avg:171.12ms
step:621/3250 train_time:106.248s step_avg:171.09ms
step:622/3250 train_time:106.404s step_avg:171.07ms
step:623/3250 train_time:106.559s step_avg:171.04ms
step:624/3250 train_time:106.713s step_avg:171.01ms
step:625/3250 train_time:106.868s step_avg:170.99ms
step:625/3250 val_loss:3.76259 train_time:106.880s step_avg:166.46ms
step:626/3250 train_time:107.024s step_avg:170.97ms
step:627/3250 train_time:107.181s step_avg:170.94ms
step:628/3250 train_time:107.337s step_avg:170.92ms
step:629/3250 train_time:107.491s step_avg:170.89ms
step:630/3250 train_time:107.646s step_avg:170.87ms
step:631/3250 train_time:107.804s step_avg:170.85ms
step:632/3250 train_time:107.960s step_avg:170.82ms
step:633/3250 train_time:108.114s step_avg:170.80ms
step:634/3250 train_time:108.269s step_avg:170.77ms
step:635/3250 train_time:108.423s step_avg:170.75ms
step:636/3250 train_time:108.578s step_avg:170.72ms
step:637/3250 train_time:108.732s step_avg:170.69ms
step:638/3250 train_time:108.887s step_avg:170.67ms
step:639/3250 train_time:109.043s step_avg:170.65ms
step:640/3250 train_time:109.200s step_avg:170.63ms
step:641/3250 train_time:109.355s step_avg:170.60ms
step:642/3250 train_time:109.510s step_avg:170.58ms
step:643/3250 train_time:109.664s step_avg:170.55ms
step:644/3250 train_time:109.820s step_avg:170.53ms
step:645/3250 train_time:109.975s step_avg:170.50ms
step:646/3250 train_time:110.128s step_avg:170.48ms
step:647/3250 train_time:110.283s step_avg:170.45ms
step:648/3250 train_time:110.440s step_avg:170.43ms
step:649/3250 train_time:110.594s step_avg:170.41ms
step:650/3250 train_time:110.748s step_avg:170.38ms
step:651/3250 train_time:110.904s step_avg:170.36ms
step:652/3250 train_time:111.059s step_avg:170.34ms
step:653/3250 train_time:111.214s step_avg:170.31ms
step:654/3250 train_time:111.368s step_avg:170.29ms
step:655/3250 train_time:111.522s step_avg:170.26ms
step:656/3250 train_time:111.679s step_avg:170.24ms
step:657/3250 train_time:111.835s step_avg:170.22ms
step:658/3250 train_time:111.989s step_avg:170.20ms
step:659/3250 train_time:112.144s step_avg:170.17ms
step:660/3250 train_time:112.301s step_avg:170.15ms
step:661/3250 train_time:112.455s step_avg:170.13ms
step:662/3250 train_time:112.609s step_avg:170.10ms
step:663/3250 train_time:112.764s step_avg:170.08ms
step:664/3250 train_time:112.921s step_avg:170.06ms
step:665/3250 train_time:113.076s step_avg:170.04ms
step:666/3250 train_time:113.230s step_avg:170.01ms
step:667/3250 train_time:113.384s step_avg:169.99ms
step:668/3250 train_time:113.540s step_avg:169.97ms
step:669/3250 train_time:113.694s step_avg:169.95ms
step:670/3250 train_time:113.849s step_avg:169.92ms
step:671/3250 train_time:114.004s step_avg:169.90ms
step:672/3250 train_time:114.160s step_avg:169.88ms
step:673/3250 train_time:114.315s step_avg:169.86ms
step:674/3250 train_time:114.469s step_avg:169.84ms
step:675/3250 train_time:114.624s step_avg:169.81ms
step:676/3250 train_time:114.780s step_avg:169.79ms
step:677/3250 train_time:114.936s step_avg:169.77ms
step:678/3250 train_time:115.089s step_avg:169.75ms
step:679/3250 train_time:115.243s step_avg:169.73ms
step:680/3250 train_time:115.399s step_avg:169.71ms
step:681/3250 train_time:115.553s step_avg:169.68ms
step:682/3250 train_time:115.707s step_avg:169.66ms
step:683/3250 train_time:115.863s step_avg:169.64ms
step:684/3250 train_time:116.020s step_avg:169.62ms
step:685/3250 train_time:116.173s step_avg:169.60ms
step:686/3250 train_time:116.328s step_avg:169.57ms
step:687/3250 train_time:116.482s step_avg:169.55ms
step:688/3250 train_time:116.638s step_avg:169.53ms
step:689/3250 train_time:116.793s step_avg:169.51ms
step:690/3250 train_time:116.948s step_avg:169.49ms
step:691/3250 train_time:117.105s step_avg:169.47ms
step:692/3250 train_time:117.261s step_avg:169.45ms
step:693/3250 train_time:117.416s step_avg:169.43ms
step:694/3250 train_time:117.570s step_avg:169.41ms
step:695/3250 train_time:117.725s step_avg:169.39ms
step:696/3250 train_time:117.880s step_avg:169.37ms
step:697/3250 train_time:118.035s step_avg:169.35ms
step:698/3250 train_time:118.190s step_avg:169.33ms
step:699/3250 train_time:118.344s step_avg:169.31ms
step:700/3250 train_time:118.501s step_avg:169.29ms
step:701/3250 train_time:118.656s step_avg:169.27ms
step:702/3250 train_time:118.810s step_avg:169.24ms
step:703/3250 train_time:118.964s step_avg:169.22ms
step:704/3250 train_time:119.121s step_avg:169.21ms
step:705/3250 train_time:119.276s step_avg:169.19ms
step:706/3250 train_time:119.429s step_avg:169.16ms
step:707/3250 train_time:119.583s step_avg:169.14ms
step:708/3250 train_time:119.738s step_avg:169.12ms
step:709/3250 train_time:119.894s step_avg:169.10ms
step:710/3250 train_time:120.047s step_avg:169.08ms
step:711/3250 train_time:120.203s step_avg:169.06ms
step:712/3250 train_time:120.359s step_avg:169.04ms
step:713/3250 train_time:120.513s step_avg:169.02ms
step:714/3250 train_time:120.668s step_avg:169.00ms
step:715/3250 train_time:120.823s step_avg:168.98ms
step:716/3250 train_time:120.979s step_avg:168.97ms
step:717/3250 train_time:121.135s step_avg:168.95ms
step:718/3250 train_time:121.288s step_avg:168.92ms
step:719/3250 train_time:121.444s step_avg:168.91ms
step:720/3250 train_time:121.600s step_avg:168.89ms
step:721/3250 train_time:121.754s step_avg:168.87ms
step:722/3250 train_time:121.908s step_avg:168.85ms
step:723/3250 train_time:122.064s step_avg:168.83ms
step:724/3250 train_time:122.220s step_avg:168.81ms
step:725/3250 train_time:122.375s step_avg:168.79ms
step:726/3250 train_time:122.529s step_avg:168.77ms
step:727/3250 train_time:122.683s step_avg:168.75ms
step:728/3250 train_time:122.839s step_avg:168.74ms
step:729/3250 train_time:122.994s step_avg:168.72ms
step:730/3250 train_time:123.147s step_avg:168.69ms
step:731/3250 train_time:123.305s step_avg:168.68ms
step:732/3250 train_time:123.461s step_avg:168.66ms
step:733/3250 train_time:123.617s step_avg:168.64ms
step:734/3250 train_time:123.770s step_avg:168.62ms
step:735/3250 train_time:123.925s step_avg:168.61ms
step:736/3250 train_time:124.081s step_avg:168.59ms
step:737/3250 train_time:124.237s step_avg:168.57ms
step:738/3250 train_time:124.390s step_avg:168.55ms
step:739/3250 train_time:124.545s step_avg:168.53ms
step:740/3250 train_time:124.702s step_avg:168.52ms
step:741/3250 train_time:124.856s step_avg:168.50ms
step:742/3250 train_time:125.010s step_avg:168.48ms
step:743/3250 train_time:125.165s step_avg:168.46ms
step:744/3250 train_time:125.321s step_avg:168.44ms
step:745/3250 train_time:125.476s step_avg:168.42ms
step:746/3250 train_time:125.630s step_avg:168.41ms
step:747/3250 train_time:125.784s step_avg:168.39ms
step:748/3250 train_time:125.938s step_avg:168.37ms
step:749/3250 train_time:126.093s step_avg:168.35ms
step:750/3250 train_time:126.247s step_avg:168.33ms
step:750/3250 val_loss:3.72115 train_time:126.259s step_avg:155.03ms
step:751/3250 train_time:126.403s step_avg:168.31ms
step:752/3250 train_time:126.557s step_avg:168.29ms
step:753/3250 train_time:126.711s step_avg:168.27ms
step:754/3250 train_time:126.865s step_avg:168.26ms
step:755/3250 train_time:127.020s step_avg:168.24ms
step:756/3250 train_time:127.174s step_avg:168.22ms
step:757/3250 train_time:127.329s step_avg:168.20ms
step:758/3250 train_time:127.486s step_avg:168.19ms
step:759/3250 train_time:127.643s step_avg:168.17ms
step:760/3250 train_time:127.797s step_avg:168.15ms
step:761/3250 train_time:128.020s step_avg:168.23ms
step:762/3250 train_time:128.173s step_avg:168.21ms
step:763/3250 train_time:128.327s step_avg:168.19ms
step:764/3250 train_time:128.482s step_avg:168.17ms
step:765/3250 train_time:128.636s step_avg:168.15ms
step:766/3250 train_time:128.790s step_avg:168.13ms
step:767/3250 train_time:128.946s step_avg:168.12ms
step:768/3250 train_time:129.103s step_avg:168.10ms
step:769/3250 train_time:129.257s step_avg:168.09ms
step:770/3250 train_time:129.411s step_avg:168.07ms
step:771/3250 train_time:129.566s step_avg:168.05ms
step:772/3250 train_time:129.722s step_avg:168.03ms
step:773/3250 train_time:129.876s step_avg:168.02ms
step:774/3250 train_time:130.032s step_avg:168.00ms
step:775/3250 train_time:130.187s step_avg:167.98ms
step:776/3250 train_time:130.343s step_avg:167.97ms
step:777/3250 train_time:130.497s step_avg:167.95ms
step:778/3250 train_time:130.651s step_avg:167.93ms
step:779/3250 train_time:130.805s step_avg:167.91ms
step:780/3250 train_time:130.962s step_avg:167.90ms
step:781/3250 train_time:131.116s step_avg:167.88ms
step:782/3250 train_time:131.272s step_avg:167.87ms
step:783/3250 train_time:131.427s step_avg:167.85ms
step:784/3250 train_time:131.582s step_avg:167.83ms
step:785/3250 train_time:131.737s step_avg:167.82ms
step:786/3250 train_time:131.891s step_avg:167.80ms
step:787/3250 train_time:132.047s step_avg:167.78ms
step:788/3250 train_time:132.202s step_avg:167.77ms
step:789/3250 train_time:132.357s step_avg:167.75ms
step:790/3250 train_time:132.510s step_avg:167.73ms
step:791/3250 train_time:132.667s step_avg:167.72ms
step:792/3250 train_time:132.823s step_avg:167.71ms
step:793/3250 train_time:132.978s step_avg:167.69ms
step:794/3250 train_time:133.132s step_avg:167.67ms
step:795/3250 train_time:133.286s step_avg:167.66ms
step:796/3250 train_time:133.442s step_avg:167.64ms
step:797/3250 train_time:133.596s step_avg:167.62ms
step:798/3250 train_time:133.750s step_avg:167.61ms
step:799/3250 train_time:133.904s step_avg:167.59ms
step:800/3250 train_time:134.059s step_avg:167.57ms
step:801/3250 train_time:134.213s step_avg:167.56ms
step:802/3250 train_time:134.367s step_avg:167.54ms
step:803/3250 train_time:134.524s step_avg:167.53ms
step:804/3250 train_time:134.678s step_avg:167.51ms
step:805/3250 train_time:134.832s step_avg:167.49ms
step:806/3250 train_time:134.986s step_avg:167.48ms
step:807/3250 train_time:135.142s step_avg:167.46ms
step:808/3250 train_time:135.297s step_avg:167.45ms
step:809/3250 train_time:135.452s step_avg:167.43ms
step:810/3250 train_time:135.606s step_avg:167.42ms
step:811/3250 train_time:135.762s step_avg:167.40ms
step:812/3250 train_time:135.917s step_avg:167.39ms
step:813/3250 train_time:136.071s step_avg:167.37ms
step:814/3250 train_time:136.226s step_avg:167.35ms
step:815/3250 train_time:136.382s step_avg:167.34ms
step:816/3250 train_time:136.537s step_avg:167.33ms
step:817/3250 train_time:136.691s step_avg:167.31ms
step:818/3250 train_time:136.847s step_avg:167.30ms
step:819/3250 train_time:137.004s step_avg:167.28ms
step:820/3250 train_time:137.160s step_avg:167.27ms
step:821/3250 train_time:137.314s step_avg:167.25ms
step:822/3250 train_time:137.468s step_avg:167.24ms
step:823/3250 train_time:137.624s step_avg:167.22ms
step:824/3250 train_time:137.779s step_avg:167.21ms
step:825/3250 train_time:137.933s step_avg:167.19ms
step:826/3250 train_time:138.088s step_avg:167.18ms
step:827/3250 train_time:138.244s step_avg:167.16ms
step:828/3250 train_time:138.399s step_avg:167.15ms
step:829/3250 train_time:138.552s step_avg:167.13ms
step:830/3250 train_time:138.706s step_avg:167.12ms
step:831/3250 train_time:138.863s step_avg:167.10ms
step:832/3250 train_time:139.017s step_avg:167.09ms
step:833/3250 train_time:139.172s step_avg:167.07ms
step:834/3250 train_time:139.327s step_avg:167.06ms
step:835/3250 train_time:139.482s step_avg:167.04ms
step:836/3250 train_time:139.637s step_avg:167.03ms
step:837/3250 train_time:139.791s step_avg:167.01ms
step:838/3250 train_time:139.946s step_avg:167.00ms
step:839/3250 train_time:140.102s step_avg:166.99ms
step:840/3250 train_time:140.256s step_avg:166.97ms
step:841/3250 train_time:140.411s step_avg:166.96ms
step:842/3250 train_time:140.566s step_avg:166.94ms
step:843/3250 train_time:140.721s step_avg:166.93ms
step:844/3250 train_time:140.875s step_avg:166.91ms
step:845/3250 train_time:141.031s step_avg:166.90ms
step:846/3250 train_time:141.186s step_avg:166.89ms
step:847/3250 train_time:141.344s step_avg:166.88ms
step:848/3250 train_time:141.498s step_avg:166.86ms
step:849/3250 train_time:141.652s step_avg:166.85ms
step:850/3250 train_time:141.806s step_avg:166.83ms
step:851/3250 train_time:141.962s step_avg:166.82ms
step:852/3250 train_time:142.117s step_avg:166.80ms
step:853/3250 train_time:142.271s step_avg:166.79ms
step:854/3250 train_time:142.426s step_avg:166.78ms
step:855/3250 train_time:142.580s step_avg:166.76ms
step:856/3250 train_time:142.737s step_avg:166.75ms
step:857/3250 train_time:142.891s step_avg:166.73ms
step:858/3250 train_time:143.045s step_avg:166.72ms
step:859/3250 train_time:143.201s step_avg:166.71ms
step:860/3250 train_time:143.355s step_avg:166.69ms
step:861/3250 train_time:143.509s step_avg:166.68ms
step:862/3250 train_time:143.666s step_avg:166.67ms
step:863/3250 train_time:143.823s step_avg:166.65ms
step:864/3250 train_time:143.977s step_avg:166.64ms
step:865/3250 train_time:144.132s step_avg:166.63ms
step:866/3250 train_time:144.287s step_avg:166.61ms
step:867/3250 train_time:144.442s step_avg:166.60ms
step:868/3250 train_time:144.596s step_avg:166.59ms
step:869/3250 train_time:144.750s step_avg:166.57ms
step:870/3250 train_time:144.905s step_avg:166.56ms
step:871/3250 train_time:145.061s step_avg:166.54ms
step:872/3250 train_time:145.216s step_avg:166.53ms
step:873/3250 train_time:145.370s step_avg:166.52ms
step:874/3250 train_time:145.526s step_avg:166.51ms
step:875/3250 train_time:145.682s step_avg:166.49ms
step:875/3250 val_loss:3.68352 train_time:145.694s step_avg:155.48ms
step:876/3250 train_time:145.841s step_avg:166.48ms
step:877/3250 train_time:145.996s step_avg:166.47ms
step:878/3250 train_time:146.149s step_avg:166.46ms
step:879/3250 train_time:146.305s step_avg:166.44ms
step:880/3250 train_time:146.460s step_avg:166.43ms
step:881/3250 train_time:146.613s step_avg:166.42ms
step:882/3250 train_time:146.768s step_avg:166.40ms
step:883/3250 train_time:146.924s step_avg:166.39ms
step:884/3250 train_time:147.081s step_avg:166.38ms
step:885/3250 train_time:147.234s step_avg:166.37ms
step:886/3250 train_time:147.389s step_avg:166.35ms
step:887/3250 train_time:147.544s step_avg:166.34ms
step:888/3250 train_time:147.700s step_avg:166.33ms
step:889/3250 train_time:147.855s step_avg:166.32ms
step:890/3250 train_time:148.009s step_avg:166.30ms
step:891/3250 train_time:148.164s step_avg:166.29ms
step:892/3250 train_time:148.319s step_avg:166.28ms
step:893/3250 train_time:148.473s step_avg:166.26ms
step:894/3250 train_time:148.627s step_avg:166.25ms
step:895/3250 train_time:148.783s step_avg:166.24ms
step:896/3250 train_time:148.938s step_avg:166.23ms
step:897/3250 train_time:149.092s step_avg:166.21ms
step:898/3250 train_time:149.247s step_avg:166.20ms
step:899/3250 train_time:149.404s step_avg:166.19ms
step:900/3250 train_time:149.559s step_avg:166.18ms
step:901/3250 train_time:149.712s step_avg:166.16ms
step:902/3250 train_time:149.867s step_avg:166.15ms
step:903/3250 train_time:150.023s step_avg:166.14ms
step:904/3250 train_time:150.179s step_avg:166.13ms
step:905/3250 train_time:150.333s step_avg:166.11ms
step:906/3250 train_time:150.488s step_avg:166.10ms
step:907/3250 train_time:150.642s step_avg:166.09ms
step:908/3250 train_time:150.798s step_avg:166.08ms
step:909/3250 train_time:150.952s step_avg:166.06ms
step:910/3250 train_time:151.106s step_avg:166.05ms
step:911/3250 train_time:151.262s step_avg:166.04ms
step:912/3250 train_time:151.417s step_avg:166.03ms
step:913/3250 train_time:151.571s step_avg:166.01ms
step:914/3250 train_time:151.725s step_avg:166.00ms
step:915/3250 train_time:151.882s step_avg:165.99ms
step:916/3250 train_time:152.036s step_avg:165.98ms
step:917/3250 train_time:152.190s step_avg:165.96ms
step:918/3250 train_time:152.343s step_avg:165.95ms
step:919/3250 train_time:152.499s step_avg:165.94ms
step:920/3250 train_time:152.654s step_avg:165.93ms
step:921/3250 train_time:152.808s step_avg:165.91ms
step:922/3250 train_time:152.964s step_avg:165.90ms
step:923/3250 train_time:153.119s step_avg:165.89ms
step:924/3250 train_time:153.273s step_avg:165.88ms
step:925/3250 train_time:153.427s step_avg:165.87ms
step:926/3250 train_time:153.584s step_avg:165.86ms
step:927/3250 train_time:153.740s step_avg:165.85ms
step:928/3250 train_time:153.895s step_avg:165.84ms
step:929/3250 train_time:154.049s step_avg:165.82ms
step:930/3250 train_time:154.204s step_avg:165.81ms
step:931/3250 train_time:154.359s step_avg:165.80ms
step:932/3250 train_time:154.513s step_avg:165.79ms
step:933/3250 train_time:154.668s step_avg:165.77ms
step:934/3250 train_time:154.824s step_avg:165.76ms
step:935/3250 train_time:154.980s step_avg:165.75ms
step:936/3250 train_time:155.134s step_avg:165.74ms
step:937/3250 train_time:155.289s step_avg:165.73ms
step:938/3250 train_time:155.444s step_avg:165.72ms
step:939/3250 train_time:155.599s step_avg:165.71ms
step:940/3250 train_time:155.753s step_avg:165.69ms
step:941/3250 train_time:155.907s step_avg:165.68ms
step:942/3250 train_time:156.064s step_avg:165.67ms
step:943/3250 train_time:156.219s step_avg:165.66ms
step:944/3250 train_time:156.373s step_avg:165.65ms
step:945/3250 train_time:156.528s step_avg:165.64ms
step:946/3250 train_time:156.684s step_avg:165.63ms
step:947/3250 train_time:156.839s step_avg:165.62ms
step:948/3250 train_time:156.994s step_avg:165.61ms
step:949/3250 train_time:157.147s step_avg:165.59ms
step:950/3250 train_time:157.303s step_avg:165.58ms
step:951/3250 train_time:158.909s step_avg:167.10ms
step:952/3250 train_time:159.063s step_avg:167.08ms
step:953/3250 train_time:159.216s step_avg:167.07ms
step:954/3250 train_time:159.370s step_avg:167.05ms
step:955/3250 train_time:159.523s step_avg:167.04ms
step:956/3250 train_time:159.679s step_avg:167.03ms
step:957/3250 train_time:159.834s step_avg:167.02ms
step:958/3250 train_time:159.987s step_avg:167.00ms
step:959/3250 train_time:160.143s step_avg:166.99ms
step:960/3250 train_time:160.298s step_avg:166.98ms
step:961/3250 train_time:160.453s step_avg:166.96ms
step:962/3250 train_time:160.607s step_avg:166.95ms
step:963/3250 train_time:160.761s step_avg:166.94ms
step:964/3250 train_time:160.914s step_avg:166.92ms
step:965/3250 train_time:161.067s step_avg:166.91ms
step:966/3250 train_time:161.221s step_avg:166.90ms
step:967/3250 train_time:161.375s step_avg:166.88ms
step:968/3250 train_time:161.530s step_avg:166.87ms
step:969/3250 train_time:161.684s step_avg:166.86ms
step:970/3250 train_time:161.839s step_avg:166.84ms
step:971/3250 train_time:161.993s step_avg:166.83ms
step:972/3250 train_time:162.146s step_avg:166.82ms
step:973/3250 train_time:162.301s step_avg:166.81ms
step:974/3250 train_time:162.456s step_avg:166.79ms
step:975/3250 train_time:162.609s step_avg:166.78ms
step:976/3250 train_time:162.763s step_avg:166.77ms
step:977/3250 train_time:162.917s step_avg:166.75ms
step:978/3250 train_time:163.071s step_avg:166.74ms
step:979/3250 train_time:163.224s step_avg:166.73ms
step:980/3250 train_time:163.380s step_avg:166.71ms
step:981/3250 train_time:163.534s step_avg:166.70ms
step:982/3250 train_time:163.688s step_avg:166.69ms
step:983/3250 train_time:163.842s step_avg:166.68ms
step:984/3250 train_time:163.996s step_avg:166.66ms
step:985/3250 train_time:164.149s step_avg:166.65ms
step:986/3250 train_time:164.303s step_avg:166.64ms
step:987/3250 train_time:164.458s step_avg:166.62ms
step:988/3250 train_time:164.613s step_avg:166.61ms
step:989/3250 train_time:164.766s step_avg:166.60ms
step:990/3250 train_time:164.920s step_avg:166.59ms
step:991/3250 train_time:165.076s step_avg:166.57ms
step:992/3250 train_time:165.229s step_avg:166.56ms
step:993/3250 train_time:165.384s step_avg:166.55ms
step:994/3250 train_time:165.538s step_avg:166.54ms
step:995/3250 train_time:165.691s step_avg:166.52ms
step:996/3250 train_time:165.845s step_avg:166.51ms
step:997/3250 train_time:166.000s step_avg:166.50ms
step:998/3250 train_time:166.154s step_avg:166.49ms
step:999/3250 train_time:166.307s step_avg:166.47ms
step:1000/3250 train_time:166.463s step_avg:166.46ms
step:1000/3250 val_loss:3.65108 train_time:166.475s step_avg:166.25ms
step:1001/3250 train_time:166.621s step_avg:166.45ms
step:1002/3250 train_time:167.515s step_avg:167.18ms
step:1003/3250 train_time:167.674s step_avg:167.17ms
step:1004/3250 train_time:167.835s step_avg:167.17ms
step:1005/3250 train_time:167.995s step_avg:167.16ms
step:1006/3250 train_time:168.159s step_avg:167.16ms
step:1007/3250 train_time:168.319s step_avg:167.15ms
step:1008/3250 train_time:168.481s step_avg:167.14ms
step:1009/3250 train_time:168.641s step_avg:167.14ms
step:1010/3250 train_time:168.800s step_avg:167.13ms
step:1011/3250 train_time:168.960s step_avg:167.12ms
step:1012/3250 train_time:169.121s step_avg:167.12ms
step:1013/3250 train_time:169.281s step_avg:167.11ms
step:1014/3250 train_time:169.442s step_avg:167.10ms
step:1015/3250 train_time:169.603s step_avg:167.10ms
step:1016/3250 train_time:169.763s step_avg:167.09ms
step:1017/3250 train_time:169.923s step_avg:167.08ms
step:1018/3250 train_time:170.084s step_avg:167.08ms
step:1019/3250 train_time:170.243s step_avg:167.07ms
step:1020/3250 train_time:170.403s step_avg:167.06ms
step:1021/3250 train_time:170.563s step_avg:167.05ms
step:1022/3250 train_time:170.724s step_avg:167.05ms
step:1023/3250 train_time:170.884s step_avg:167.04ms
step:1024/3250 train_time:171.044s step_avg:167.03ms
step:1025/3250 train_time:171.203s step_avg:167.03ms
step:1026/3250 train_time:171.363s step_avg:167.02ms
step:1027/3250 train_time:171.522s step_avg:167.01ms
step:1028/3250 train_time:171.682s step_avg:167.01ms
step:1029/3250 train_time:171.844s step_avg:167.00ms
step:1030/3250 train_time:172.003s step_avg:166.99ms
step:1031/3250 train_time:172.161s step_avg:166.98ms
step:1032/3250 train_time:172.322s step_avg:166.98ms
step:1033/3250 train_time:172.481s step_avg:166.97ms
step:1034/3250 train_time:172.640s step_avg:166.96ms
step:1035/3250 train_time:172.800s step_avg:166.96ms
step:1036/3250 train_time:172.962s step_avg:166.95ms
step:1037/3250 train_time:173.122s step_avg:166.94ms
step:1038/3250 train_time:173.282s step_avg:166.94ms
step:1039/3250 train_time:173.444s step_avg:166.93ms
step:1040/3250 train_time:173.604s step_avg:166.93ms
step:1041/3250 train_time:173.764s step_avg:166.92ms
step:1042/3250 train_time:173.925s step_avg:166.91ms
step:1043/3250 train_time:174.085s step_avg:166.91ms
step:1044/3250 train_time:174.243s step_avg:166.90ms
step:1045/3250 train_time:174.403s step_avg:166.89ms
step:1046/3250 train_time:174.564s step_avg:166.89ms
step:1047/3250 train_time:174.724s step_avg:166.88ms
step:1048/3250 train_time:174.886s step_avg:166.88ms
step:1049/3250 train_time:175.044s step_avg:166.87ms
step:1050/3250 train_time:175.204s step_avg:166.86ms
step:1051/3250 train_time:175.363s step_avg:166.85ms
step:1052/3250 train_time:175.522s step_avg:166.85ms
step:1053/3250 train_time:175.682s step_avg:166.84ms
step:1054/3250 train_time:175.843s step_avg:166.83ms
step:1055/3250 train_time:176.004s step_avg:166.83ms
step:1056/3250 train_time:176.163s step_avg:166.82ms
step:1057/3250 train_time:176.322s step_avg:166.81ms
step:1058/3250 train_time:176.481s step_avg:166.81ms
step:1059/3250 train_time:176.642s step_avg:166.80ms
step:1060/3250 train_time:176.801s step_avg:166.79ms
step:1061/3250 train_time:176.963s step_avg:166.79ms
step:1062/3250 train_time:177.124s step_avg:166.78ms
step:1063/3250 train_time:177.283s step_avg:166.78ms
step:1064/3250 train_time:177.443s step_avg:166.77ms
step:1065/3250 train_time:177.603s step_avg:166.76ms
step:1066/3250 train_time:177.762s step_avg:166.76ms
step:1067/3250 train_time:177.922s step_avg:166.75ms
step:1068/3250 train_time:178.082s step_avg:166.74ms
step:1069/3250 train_time:178.242s step_avg:166.74ms
step:1070/3250 train_time:178.402s step_avg:166.73ms
step:1071/3250 train_time:178.561s step_avg:166.72ms
step:1072/3250 train_time:178.721s step_avg:166.72ms
step:1073/3250 train_time:178.880s step_avg:166.71ms
step:1074/3250 train_time:179.042s step_avg:166.71ms
step:1075/3250 train_time:179.202s step_avg:166.70ms
step:1076/3250 train_time:179.361s step_avg:166.69ms
step:1077/3250 train_time:179.522s step_avg:166.69ms
step:1078/3250 train_time:179.682s step_avg:166.68ms
step:1079/3250 train_time:179.841s step_avg:166.67ms
step:1080/3250 train_time:180.001s step_avg:166.67ms
step:1081/3250 train_time:180.162s step_avg:166.66ms
step:1082/3250 train_time:180.322s step_avg:166.66ms
step:1083/3250 train_time:180.481s step_avg:166.65ms
step:1084/3250 train_time:180.642s step_avg:166.64ms
step:1085/3250 train_time:180.802s step_avg:166.64ms
step:1086/3250 train_time:180.964s step_avg:166.63ms
step:1087/3250 train_time:181.124s step_avg:166.63ms
step:1088/3250 train_time:181.289s step_avg:166.63ms
step:1089/3250 train_time:181.450s step_avg:166.62ms
step:1090/3250 train_time:181.609s step_avg:166.61ms
step:1091/3250 train_time:181.769s step_avg:166.61ms
step:1092/3250 train_time:181.929s step_avg:166.60ms
step:1093/3250 train_time:182.090s step_avg:166.60ms
step:1094/3250 train_time:182.250s step_avg:166.59ms
step:1095/3250 train_time:182.411s step_avg:166.59ms
step:1096/3250 train_time:182.570s step_avg:166.58ms
step:1097/3250 train_time:182.730s step_avg:166.57ms
step:1098/3250 train_time:182.891s step_avg:166.57ms
step:1099/3250 train_time:183.052s step_avg:166.56ms
step:1100/3250 train_time:183.212s step_avg:166.56ms
step:1101/3250 train_time:183.372s step_avg:166.55ms
step:1102/3250 train_time:183.533s step_avg:166.55ms
step:1103/3250 train_time:183.694s step_avg:166.54ms
step:1104/3250 train_time:183.855s step_avg:166.54ms
step:1105/3250 train_time:184.017s step_avg:166.53ms
step:1106/3250 train_time:184.177s step_avg:166.52ms
step:1107/3250 train_time:184.338s step_avg:166.52ms
step:1108/3250 train_time:184.497s step_avg:166.51ms
step:1109/3250 train_time:184.657s step_avg:166.51ms
step:1110/3250 train_time:184.818s step_avg:166.50ms
step:1111/3250 train_time:184.978s step_avg:166.50ms
step:1112/3250 train_time:185.139s step_avg:166.49ms
step:1113/3250 train_time:185.298s step_avg:166.49ms
step:1114/3250 train_time:185.458s step_avg:166.48ms
step:1115/3250 train_time:185.618s step_avg:166.47ms
step:1116/3250 train_time:185.778s step_avg:166.47ms
step:1117/3250 train_time:185.940s step_avg:166.46ms
step:1118/3250 train_time:186.101s step_avg:166.46ms
step:1119/3250 train_time:186.261s step_avg:166.45ms
step:1120/3250 train_time:186.421s step_avg:166.45ms
step:1121/3250 train_time:186.581s step_avg:166.44ms
step:1122/3250 train_time:186.742s step_avg:166.44ms
step:1123/3250 train_time:186.901s step_avg:166.43ms
step:1124/3250 train_time:187.064s step_avg:166.43ms
step:1125/3250 train_time:187.225s step_avg:166.42ms
step:1125/3250 val_loss:3.61759 train_time:187.225s step_avg:166.00ms
probe_ema: n=84934656 align=-0.51799,-0.47173,-0.42595,-0.38130,-0.33771,-0.30887 rel_mse=1.07038,1.04310,1.02588,1.01532,1.00896,1.00551
step:1126/3250 train_time:187.385s step_avg:166.42ms
step:1127/3250 train_time:187.546s step_avg:166.41ms
step:1128/3250 train_time:187.708s step_avg:166.41ms
step:1129/3250 train_time:187.869s step_avg:166.40ms
step:1130/3250 train_time:188.032s step_avg:166.40ms
step:1131/3250 train_time:188.191s step_avg:166.39ms
step:1132/3250 train_time:188.350s step_avg:166.39ms
step:1133/3250 train_time:188.510s step_avg:166.38ms
step:1134/3250 train_time:188.670s step_avg:166.38ms
step:1135/3250 train_time:188.831s step_avg:166.37ms
step:1136/3250 train_time:188.989s step_avg:166.36ms
step:1137/3250 train_time:189.150s step_avg:166.36ms
step:1138/3250 train_time:189.309s step_avg:166.35ms
step:1139/3250 train_time:189.471s step_avg:166.35ms
step:1140/3250 train_time:189.631s step_avg:166.34ms
step:1141/3250 train_time:191.197s step_avg:167.57ms
step:1142/3250 train_time:191.364s step_avg:167.57ms
step:1143/3250 train_time:191.524s step_avg:167.56ms
step:1144/3250 train_time:191.686s step_avg:167.56ms
step:1145/3250 train_time:191.848s step_avg:167.55ms
step:1146/3250 train_time:192.008s step_avg:167.55ms
step:1147/3250 train_time:192.169s step_avg:167.54ms
step:1148/3250 train_time:192.329s step_avg:167.53ms
step:1149/3250 train_time:192.491s step_avg:167.53ms
step:1150/3250 train_time:192.651s step_avg:167.52ms
step:1151/3250 train_time:192.810s step_avg:167.52ms
step:1152/3250 train_time:192.972s step_avg:167.51ms
step:1153/3250 train_time:193.131s step_avg:167.50ms
step:1154/3250 train_time:193.291s step_avg:167.50ms
step:1155/3250 train_time:193.451s step_avg:167.49ms
step:1156/3250 train_time:193.613s step_avg:167.49ms
step:1157/3250 train_time:193.774s step_avg:167.48ms
step:1158/3250 train_time:193.933s step_avg:167.47ms
step:1159/3250 train_time:194.095s step_avg:167.47ms
step:1160/3250 train_time:194.256s step_avg:167.46ms
step:1161/3250 train_time:194.415s step_avg:167.45ms
step:1162/3250 train_time:194.574s step_avg:167.45ms
step:1163/3250 train_time:194.735s step_avg:167.44ms
step:1164/3250 train_time:194.894s step_avg:167.44ms
step:1165/3250 train_time:195.054s step_avg:167.43ms
step:1166/3250 train_time:195.216s step_avg:167.42ms
step:1167/3250 train_time:195.375s step_avg:167.42ms
step:1168/3250 train_time:195.534s step_avg:167.41ms
step:1169/3250 train_time:195.693s step_avg:167.40ms
step:1170/3250 train_time:195.856s step_avg:167.40ms
step:1171/3250 train_time:196.014s step_avg:167.39ms
step:1172/3250 train_time:196.173s step_avg:167.38ms
step:1173/3250 train_time:196.335s step_avg:167.38ms
step:1174/3250 train_time:196.494s step_avg:167.37ms
step:1175/3250 train_time:196.653s step_avg:167.36ms
step:1176/3250 train_time:196.812s step_avg:167.36ms
step:1177/3250 train_time:196.972s step_avg:167.35ms
step:1178/3250 train_time:197.133s step_avg:167.35ms
step:1179/3250 train_time:197.292s step_avg:167.34ms
step:1180/3250 train_time:197.455s step_avg:167.33ms
step:1181/3250 train_time:197.615s step_avg:167.33ms
step:1182/3250 train_time:197.775s step_avg:167.32ms
step:1183/3250 train_time:197.934s step_avg:167.32ms
step:1184/3250 train_time:198.094s step_avg:167.31ms
step:1185/3250 train_time:198.255s step_avg:167.30ms
step:1186/3250 train_time:198.415s step_avg:167.30ms
step:1187/3250 train_time:198.575s step_avg:167.29ms
step:1188/3250 train_time:198.734s step_avg:167.28ms
step:1189/3250 train_time:198.895s step_avg:167.28ms
step:1190/3250 train_time:199.054s step_avg:167.27ms
step:1191/3250 train_time:199.213s step_avg:167.27ms
step:1192/3250 train_time:199.374s step_avg:167.26ms
step:1193/3250 train_time:199.533s step_avg:167.25ms
step:1194/3250 train_time:199.693s step_avg:167.25ms
step:1195/3250 train_time:199.853s step_avg:167.24ms
step:1196/3250 train_time:200.015s step_avg:167.24ms
step:1197/3250 train_time:200.175s step_avg:167.23ms
step:1198/3250 train_time:200.334s step_avg:167.22ms
step:1199/3250 train_time:200.495s step_avg:167.22ms
step:1200/3250 train_time:200.656s step_avg:167.21ms
step:1201/3250 train_time:200.815s step_avg:167.21ms
step:1202/3250 train_time:200.974s step_avg:167.20ms
step:1203/3250 train_time:201.135s step_avg:167.19ms
step:1204/3250 train_time:201.294s step_avg:167.19ms
step:1205/3250 train_time:201.454s step_avg:167.18ms
step:1206/3250 train_time:201.616s step_avg:167.18ms
step:1207/3250 train_time:201.776s step_avg:167.17ms
step:1208/3250 train_time:201.936s step_avg:167.17ms
step:1209/3250 train_time:202.095s step_avg:167.16ms
step:1210/3250 train_time:202.255s step_avg:167.15ms
step:1211/3250 train_time:202.415s step_avg:167.15ms
step:1212/3250 train_time:202.573s step_avg:167.14ms
step:1213/3250 train_time:202.735s step_avg:167.14ms
step:1214/3250 train_time:202.896s step_avg:167.13ms
step:1215/3250 train_time:203.055s step_avg:167.12ms
step:1216/3250 train_time:203.215s step_avg:167.12ms
step:1217/3250 train_time:203.374s step_avg:167.11ms
step:1218/3250 train_time:203.535s step_avg:167.11ms
step:1219/3250 train_time:203.694s step_avg:167.10ms
step:1220/3250 train_time:203.856s step_avg:167.09ms
step:1221/3250 train_time:204.017s step_avg:167.09ms
step:1222/3250 train_time:204.177s step_avg:167.08ms
step:1223/3250 train_time:204.336s step_avg:167.08ms
step:1224/3250 train_time:204.503s step_avg:167.08ms
step:1225/3250 train_time:204.664s step_avg:167.07ms
step:1226/3250 train_time:204.826s step_avg:167.07ms
step:1227/3250 train_time:204.986s step_avg:167.06ms
step:1228/3250 train_time:205.147s step_avg:167.06ms
step:1229/3250 train_time:205.307s step_avg:167.05ms
step:1230/3250 train_time:205.469s step_avg:167.05ms
step:1231/3250 train_time:205.630s step_avg:167.04ms
step:1232/3250 train_time:205.791s step_avg:167.04ms
step:1233/3250 train_time:205.953s step_avg:167.03ms
step:1234/3250 train_time:206.115s step_avg:167.03ms
step:1235/3250 train_time:206.275s step_avg:167.02ms
step:1236/3250 train_time:206.435s step_avg:167.02ms
step:1237/3250 train_time:206.596s step_avg:167.01ms
step:1238/3250 train_time:206.756s step_avg:167.01ms
step:1239/3250 train_time:206.916s step_avg:167.00ms
step:1240/3250 train_time:207.077s step_avg:167.00ms
step:1241/3250 train_time:207.237s step_avg:166.99ms
step:1242/3250 train_time:207.397s step_avg:166.99ms
step:1243/3250 train_time:207.556s step_avg:166.98ms
step:1244/3250 train_time:207.718s step_avg:166.98ms
step:1245/3250 train_time:207.877s step_avg:166.97ms
step:1246/3250 train_time:208.037s step_avg:166.96ms
step:1247/3250 train_time:208.197s step_avg:166.96ms
step:1248/3250 train_time:208.356s step_avg:166.95ms
step:1249/3250 train_time:208.516s step_avg:166.95ms
step:1250/3250 train_time:208.675s step_avg:166.94ms
step:1250/3250 val_loss:3.58234 train_time:208.675s step_avg:171.60ms
probe_ema: n=84934656 align=-0.49781,-0.44959,-0.40424,-0.36176,-0.32118,-0.27984 rel_mse=1.06731,1.04113,1.02469,1.01463,1.00859,1.00500
step:1251/3250 train_time:208.835s step_avg:166.93ms
step:1252/3250 train_time:208.998s step_avg:166.93ms
step:1253/3250 train_time:209.159s step_avg:166.93ms
step:1254/3250 train_time:209.319s step_avg:166.92ms
step:1255/3250 train_time:209.479s step_avg:166.92ms
step:1256/3250 train_time:209.639s step_avg:166.91ms
step:1257/3250 train_time:209.800s step_avg:166.91ms
step:1258/3250 train_time:209.959s step_avg:166.90ms
step:1259/3250 train_time:210.120s step_avg:166.89ms
step:1260/3250 train_time:210.280s step_avg:166.89ms
step:1261/3250 train_time:210.442s step_avg:166.88ms
step:1262/3250 train_time:210.604s step_avg:166.88ms
step:1263/3250 train_time:210.764s step_avg:166.88ms
step:1264/3250 train_time:210.927s step_avg:166.87ms
step:1265/3250 train_time:211.089s step_avg:166.87ms
step:1266/3250 train_time:211.248s step_avg:166.86ms
step:1267/3250 train_time:211.409s step_avg:166.86ms
step:1268/3250 train_time:211.570s step_avg:166.85ms
step:1269/3250 train_time:211.730s step_avg:166.85ms
step:1270/3250 train_time:211.890s step_avg:166.84ms
step:1271/3250 train_time:212.052s step_avg:166.84ms
step:1272/3250 train_time:212.212s step_avg:166.83ms
step:1273/3250 train_time:212.372s step_avg:166.83ms
step:1274/3250 train_time:212.533s step_avg:166.82ms
step:1275/3250 train_time:212.693s step_avg:166.82ms
step:1276/3250 train_time:212.852s step_avg:166.81ms
step:1277/3250 train_time:213.011s step_avg:166.81ms
step:1278/3250 train_time:213.172s step_avg:166.80ms
step:1279/3250 train_time:213.331s step_avg:166.79ms
step:1280/3250 train_time:213.494s step_avg:166.79ms
step:1281/3250 train_time:213.656s step_avg:166.79ms
step:1282/3250 train_time:213.815s step_avg:166.78ms
step:1283/3250 train_time:213.979s step_avg:166.78ms
step:1284/3250 train_time:214.139s step_avg:166.78ms
step:1285/3250 train_time:214.301s step_avg:166.77ms
step:1286/3250 train_time:214.463s step_avg:166.77ms
step:1287/3250 train_time:214.623s step_avg:166.76ms
step:1288/3250 train_time:214.785s step_avg:166.76ms
step:1289/3250 train_time:214.944s step_avg:166.75ms
step:1290/3250 train_time:215.106s step_avg:166.75ms
step:1291/3250 train_time:215.266s step_avg:166.74ms
step:1292/3250 train_time:215.428s step_avg:166.74ms
step:1293/3250 train_time:215.590s step_avg:166.74ms
step:1294/3250 train_time:215.750s step_avg:166.73ms
step:1295/3250 train_time:215.912s step_avg:166.73ms
step:1296/3250 train_time:216.070s step_avg:166.72ms
step:1297/3250 train_time:216.232s step_avg:166.72ms
step:1298/3250 train_time:216.394s step_avg:166.71ms
step:1299/3250 train_time:216.553s step_avg:166.71ms
step:1300/3250 train_time:216.715s step_avg:166.70ms
step:1301/3250 train_time:216.874s step_avg:166.70ms
step:1302/3250 train_time:217.034s step_avg:166.69ms
step:1303/3250 train_time:217.193s step_avg:166.69ms
step:1304/3250 train_time:217.355s step_avg:166.68ms
step:1305/3250 train_time:217.515s step_avg:166.68ms
step:1306/3250 train_time:217.674s step_avg:166.67ms
step:1307/3250 train_time:217.836s step_avg:166.67ms
step:1308/3250 train_time:217.996s step_avg:166.66ms
step:1309/3250 train_time:218.155s step_avg:166.66ms
step:1310/3250 train_time:218.315s step_avg:166.65ms
step:1311/3250 train_time:218.475s step_avg:166.65ms
step:1312/3250 train_time:218.634s step_avg:166.64ms
step:1313/3250 train_time:218.795s step_avg:166.64ms
step:1314/3250 train_time:218.957s step_avg:166.63ms
step:1315/3250 train_time:219.117s step_avg:166.63ms
step:1316/3250 train_time:219.276s step_avg:166.62ms
step:1317/3250 train_time:219.437s step_avg:166.62ms
step:1318/3250 train_time:219.596s step_avg:166.61ms
step:1319/3250 train_time:219.755s step_avg:166.61ms
step:1320/3250 train_time:219.915s step_avg:166.60ms
step:1321/3250 train_time:220.078s step_avg:166.60ms
step:1322/3250 train_time:220.237s step_avg:166.59ms
step:1323/3250 train_time:220.397s step_avg:166.59ms
step:1324/3250 train_time:220.557s step_avg:166.58ms
step:1325/3250 train_time:220.716s step_avg:166.58ms
step:1326/3250 train_time:220.877s step_avg:166.57ms
step:1327/3250 train_time:221.036s step_avg:166.57ms
step:1328/3250 train_time:221.197s step_avg:166.56ms
step:1329/3250 train_time:221.356s step_avg:166.56ms
step:1330/3250 train_time:221.516s step_avg:166.55ms
step:1331/3250 train_time:222.909s step_avg:167.48ms
step:1332/3250 train_time:223.069s step_avg:167.47ms
step:1333/3250 train_time:223.231s step_avg:167.47ms
step:1334/3250 train_time:223.391s step_avg:167.46ms
step:1335/3250 train_time:223.551s step_avg:167.45ms
step:1336/3250 train_time:223.714s step_avg:167.45ms
step:1337/3250 train_time:223.874s step_avg:167.44ms
step:1338/3250 train_time:224.036s step_avg:167.44ms
step:1339/3250 train_time:224.196s step_avg:167.44ms
step:1340/3250 train_time:224.356s step_avg:167.43ms
step:1341/3250 train_time:224.516s step_avg:167.42ms
step:1342/3250 train_time:224.675s step_avg:167.42ms
step:1343/3250 train_time:224.835s step_avg:167.41ms
step:1344/3250 train_time:224.995s step_avg:167.41ms
step:1345/3250 train_time:225.155s step_avg:167.40ms
step:1346/3250 train_time:225.315s step_avg:167.40ms
step:1347/3250 train_time:225.474s step_avg:167.39ms
step:1348/3250 train_time:225.635s step_avg:167.38ms
step:1349/3250 train_time:225.794s step_avg:167.38ms
step:1350/3250 train_time:225.955s step_avg:167.37ms
step:1351/3250 train_time:226.114s step_avg:167.37ms
step:1352/3250 train_time:226.276s step_avg:167.36ms
step:1353/3250 train_time:226.435s step_avg:167.36ms
step:1354/3250 train_time:226.594s step_avg:167.35ms
step:1355/3250 train_time:226.757s step_avg:167.35ms
step:1356/3250 train_time:226.917s step_avg:167.34ms
step:1357/3250 train_time:227.077s step_avg:167.34ms
step:1358/3250 train_time:227.237s step_avg:167.33ms
step:1359/3250 train_time:227.397s step_avg:167.33ms
step:1360/3250 train_time:227.556s step_avg:167.32ms
step:1361/3250 train_time:227.715s step_avg:167.31ms
step:1362/3250 train_time:227.882s step_avg:167.31ms
step:1363/3250 train_time:228.040s step_avg:167.31ms
step:1364/3250 train_time:228.202s step_avg:167.30ms
step:1365/3250 train_time:228.363s step_avg:167.30ms
step:1366/3250 train_time:228.523s step_avg:167.29ms
step:1367/3250 train_time:228.684s step_avg:167.29ms
step:1368/3250 train_time:228.843s step_avg:167.28ms
step:1369/3250 train_time:229.006s step_avg:167.28ms
step:1370/3250 train_time:229.166s step_avg:167.27ms
step:1371/3250 train_time:229.327s step_avg:167.27ms
step:1372/3250 train_time:229.488s step_avg:167.27ms
step:1373/3250 train_time:229.648s step_avg:167.26ms
step:1374/3250 train_time:229.809s step_avg:167.26ms
step:1375/3250 train_time:229.969s step_avg:167.25ms
step:1375/3250 val_loss:3.55623 train_time:229.969s step_avg:170.35ms
probe_ema: n=84934656 align=-0.43065,-0.39036,-0.35529,-0.32474,-0.29608,-0.26569 rel_mse=1.06406,1.04082,1.02521,1.01520,1.00902,1.00530
step:1376/3250 train_time:230.132s step_avg:167.25ms
step:1377/3250 train_time:230.293s step_avg:167.24ms
step:1378/3250 train_time:230.454s step_avg:167.24ms
step:1379/3250 train_time:230.614s step_avg:167.23ms
step:1380/3250 train_time:230.774s step_avg:167.23ms
step:1381/3250 train_time:230.933s step_avg:167.22ms
step:1382/3250 train_time:231.096s step_avg:167.22ms
step:1383/3250 train_time:231.255s step_avg:167.21ms
step:1384/3250 train_time:231.418s step_avg:167.21ms
step:1385/3250 train_time:231.588s step_avg:167.21ms
step:1386/3250 train_time:231.749s step_avg:167.21ms
step:1387/3250 train_time:231.922s step_avg:167.21ms
step:1388/3250 train_time:232.081s step_avg:167.21ms
step:1389/3250 train_time:232.249s step_avg:167.21ms
step:1390/3250 train_time:232.411s step_avg:167.20ms
step:1391/3250 train_time:232.574s step_avg:167.20ms
step:1392/3250 train_time:232.743s step_avg:167.20ms
step:1393/3250 train_time:232.915s step_avg:167.20ms
step:1394/3250 train_time:233.075s step_avg:167.20ms
step:1395/3250 train_time:233.249s step_avg:167.20ms
step:1396/3250 train_time:233.411s step_avg:167.20ms
step:1397/3250 train_time:233.573s step_avg:167.20ms
step:1398/3250 train_time:233.745s step_avg:167.20ms
step:1399/3250 train_time:233.906s step_avg:167.19ms
step:1400/3250 train_time:234.067s step_avg:167.19ms
step:1401/3250 train_time:234.226s step_avg:167.18ms
step:1402/3250 train_time:234.385s step_avg:167.18ms
step:1403/3250 train_time:234.546s step_avg:167.17ms
step:1404/3250 train_time:234.705s step_avg:167.17ms
step:1405/3250 train_time:234.866s step_avg:167.16ms
step:1406/3250 train_time:235.026s step_avg:167.16ms
step:1407/3250 train_time:235.187s step_avg:167.15ms
step:1408/3250 train_time:235.347s step_avg:167.15ms
step:1409/3250 train_time:235.507s step_avg:167.14ms
step:1410/3250 train_time:235.670s step_avg:167.14ms
step:1411/3250 train_time:235.831s step_avg:167.14ms
step:1412/3250 train_time:235.993s step_avg:167.13ms
step:1413/3250 train_time:236.152s step_avg:167.13ms
step:1414/3250 train_time:236.311s step_avg:167.12ms
step:1415/3250 train_time:236.472s step_avg:167.12ms
step:1416/3250 train_time:236.631s step_avg:167.11ms
step:1417/3250 train_time:236.793s step_avg:167.11ms
step:1418/3250 train_time:236.953s step_avg:167.10ms
step:1419/3250 train_time:237.113s step_avg:167.10ms
step:1420/3250 train_time:237.273s step_avg:167.09ms
step:1421/3250 train_time:237.432s step_avg:167.09ms
step:1422/3250 train_time:237.595s step_avg:167.09ms
step:1423/3250 train_time:237.754s step_avg:167.08ms
step:1424/3250 train_time:237.916s step_avg:167.08ms
step:1425/3250 train_time:238.075s step_avg:167.07ms
step:1426/3250 train_time:238.237s step_avg:167.07ms
step:1427/3250 train_time:238.396s step_avg:167.06ms
step:1428/3250 train_time:238.555s step_avg:167.06ms
step:1429/3250 train_time:238.715s step_avg:167.05ms
step:1430/3250 train_time:238.876s step_avg:167.05ms
step:1431/3250 train_time:239.036s step_avg:167.04ms
step:1432/3250 train_time:239.195s step_avg:167.04ms
step:1433/3250 train_time:239.356s step_avg:167.03ms
step:1434/3250 train_time:239.515s step_avg:167.03ms
step:1435/3250 train_time:239.676s step_avg:167.02ms
step:1436/3250 train_time:239.838s step_avg:167.02ms
step:1437/3250 train_time:239.998s step_avg:167.01ms
step:1438/3250 train_time:240.159s step_avg:167.01ms
step:1439/3250 train_time:240.317s step_avg:167.00ms
step:1440/3250 train_time:240.476s step_avg:167.00ms
step:1441/3250 train_time:240.635s step_avg:166.99ms
step:1442/3250 train_time:240.795s step_avg:166.99ms
step:1443/3250 train_time:240.955s step_avg:166.98ms
step:1444/3250 train_time:241.116s step_avg:166.98ms
step:1445/3250 train_time:241.276s step_avg:166.97ms
step:1446/3250 train_time:241.435s step_avg:166.97ms
step:1447/3250 train_time:241.595s step_avg:166.96ms
step:1448/3250 train_time:241.755s step_avg:166.96ms
step:1449/3250 train_time:241.914s step_avg:166.95ms
step:1450/3250 train_time:242.075s step_avg:166.95ms
step:1451/3250 train_time:242.235s step_avg:166.94ms
step:1452/3250 train_time:242.396s step_avg:166.94ms
step:1453/3250 train_time:242.555s step_avg:166.93ms
step:1454/3250 train_time:242.715s step_avg:166.93ms
step:1455/3250 train_time:242.875s step_avg:166.92ms
step:1456/3250 train_time:243.035s step_avg:166.92ms
step:1457/3250 train_time:243.197s step_avg:166.92ms
step:1458/3250 train_time:243.356s step_avg:166.91ms
step:1459/3250 train_time:243.516s step_avg:166.91ms
step:1460/3250 train_time:243.675s step_avg:166.90ms
step:1461/3250 train_time:243.837s step_avg:166.90ms
step:1462/3250 train_time:243.996s step_avg:166.89ms
step:1463/3250 train_time:244.157s step_avg:166.89ms
step:1464/3250 train_time:244.317s step_avg:166.88ms
step:1465/3250 train_time:244.476s step_avg:166.88ms
step:1466/3250 train_time:244.637s step_avg:166.87ms
step:1467/3250 train_time:244.796s step_avg:166.87ms
step:1468/3250 train_time:244.956s step_avg:166.86ms
step:1469/3250 train_time:245.116s step_avg:166.86ms
step:1470/3250 train_time:245.277s step_avg:166.85ms
step:1471/3250 train_time:245.443s step_avg:166.85ms
step:1472/3250 train_time:245.602s step_avg:166.85ms
step:1473/3250 train_time:245.761s step_avg:166.84ms
step:1474/3250 train_time:245.921s step_avg:166.84ms
step:1475/3250 train_time:246.081s step_avg:166.83ms
step:1476/3250 train_time:246.248s step_avg:166.83ms
step:1477/3250 train_time:246.408s step_avg:166.83ms
step:1478/3250 train_time:246.570s step_avg:166.83ms
step:1479/3250 train_time:246.730s step_avg:166.82ms
step:1480/3250 train_time:246.892s step_avg:166.82ms
step:1481/3250 train_time:247.053s step_avg:166.81ms
step:1482/3250 train_time:247.211s step_avg:166.81ms
step:1483/3250 train_time:247.373s step_avg:166.81ms
step:1484/3250 train_time:247.532s step_avg:166.80ms
step:1485/3250 train_time:247.692s step_avg:166.80ms
step:1486/3250 train_time:247.852s step_avg:166.79ms
step:1487/3250 train_time:248.014s step_avg:166.79ms
step:1488/3250 train_time:248.173s step_avg:166.78ms
step:1489/3250 train_time:248.333s step_avg:166.78ms
step:1490/3250 train_time:248.494s step_avg:166.77ms
step:1491/3250 train_time:248.654s step_avg:166.77ms
step:1492/3250 train_time:248.813s step_avg:166.76ms
step:1493/3250 train_time:248.973s step_avg:166.76ms
step:1494/3250 train_time:249.134s step_avg:166.76ms
step:1495/3250 train_time:249.295s step_avg:166.75ms
step:1496/3250 train_time:249.454s step_avg:166.75ms
step:1497/3250 train_time:249.615s step_avg:166.74ms
step:1498/3250 train_time:249.775s step_avg:166.74ms
step:1499/3250 train_time:249.934s step_avg:166.73ms
step:1500/3250 train_time:250.094s step_avg:166.73ms
step:1500/3250 val_loss:3.52855 train_time:250.096s step_avg:161.01ms
probe_ema: n=84934656 align=-0.47611,-0.43337,-0.39199,-0.35309,-0.31703,-0.28230 rel_mse=1.06398,1.03926,1.02356,1.01394,1.00819,1.00480
step:1501/3250 train_time:250.258s step_avg:166.73ms
step:1502/3250 train_time:250.423s step_avg:166.73ms
step:1503/3250 train_time:250.584s step_avg:166.72ms
step:1504/3250 train_time:250.743s step_avg:166.72ms
step:1505/3250 train_time:250.904s step_avg:166.71ms
step:1506/3250 train_time:251.063s step_avg:166.71ms
step:1507/3250 train_time:251.222s step_avg:166.70ms
step:1508/3250 train_time:251.382s step_avg:166.70ms
step:1509/3250 train_time:251.542s step_avg:166.69ms
step:1510/3250 train_time:251.702s step_avg:166.69ms
step:1511/3250 train_time:251.861s step_avg:166.68ms
step:1512/3250 train_time:252.022s step_avg:166.68ms
step:1513/3250 train_time:252.181s step_avg:166.68ms
step:1514/3250 train_time:252.342s step_avg:166.67ms
step:1515/3250 train_time:252.508s step_avg:166.67ms
step:1516/3250 train_time:252.667s step_avg:166.67ms
step:1517/3250 train_time:252.828s step_avg:166.66ms
step:1518/3250 train_time:252.988s step_avg:166.66ms
step:1519/3250 train_time:253.148s step_avg:166.65ms
step:1520/3250 train_time:253.315s step_avg:166.65ms
step:1521/3250 train_time:253.543s step_avg:166.70ms
step:1522/3250 train_time:253.702s step_avg:166.69ms
step:1523/3250 train_time:253.861s step_avg:166.68ms
step:1524/3250 train_time:254.022s step_avg:166.68ms
step:1525/3250 train_time:254.181s step_avg:166.68ms
step:1526/3250 train_time:254.340s step_avg:166.67ms
step:1527/3250 train_time:254.500s step_avg:166.67ms
step:1528/3250 train_time:254.661s step_avg:166.66ms
step:1529/3250 train_time:254.820s step_avg:166.66ms
step:1530/3250 train_time:254.979s step_avg:166.65ms
step:1531/3250 train_time:255.140s step_avg:166.65ms
step:1532/3250 train_time:255.304s step_avg:166.65ms
step:1533/3250 train_time:255.464s step_avg:166.64ms
step:1534/3250 train_time:255.624s step_avg:166.64ms
step:1535/3250 train_time:255.784s step_avg:166.63ms
step:1536/3250 train_time:255.944s step_avg:166.63ms
step:1537/3250 train_time:256.111s step_avg:166.63ms
step:1538/3250 train_time:256.270s step_avg:166.63ms
step:1539/3250 train_time:256.431s step_avg:166.62ms
step:1540/3250 train_time:256.593s step_avg:166.62ms
step:1541/3250 train_time:256.757s step_avg:166.62ms
step:1542/3250 train_time:256.918s step_avg:166.61ms
step:1543/3250 train_time:257.078s step_avg:166.61ms
step:1544/3250 train_time:257.240s step_avg:166.61ms
step:1545/3250 train_time:257.399s step_avg:166.60ms
step:1546/3250 train_time:257.558s step_avg:166.60ms
step:1547/3250 train_time:257.718s step_avg:166.59ms
step:1548/3250 train_time:257.878s step_avg:166.59ms
step:1549/3250 train_time:258.038s step_avg:166.58ms
step:1550/3250 train_time:258.198s step_avg:166.58ms
step:1551/3250 train_time:258.359s step_avg:166.58ms
step:1552/3250 train_time:258.521s step_avg:166.57ms
step:1553/3250 train_time:258.680s step_avg:166.57ms
step:1554/3250 train_time:258.839s step_avg:166.56ms
step:1555/3250 train_time:259.001s step_avg:166.56ms
step:1556/3250 train_time:259.160s step_avg:166.56ms
step:1557/3250 train_time:259.320s step_avg:166.55ms
step:1558/3250 train_time:259.481s step_avg:166.55ms
step:1559/3250 train_time:259.642s step_avg:166.54ms
step:1560/3250 train_time:259.802s step_avg:166.54ms
step:1561/3250 train_time:259.961s step_avg:166.53ms
step:1562/3250 train_time:260.120s step_avg:166.53ms
step:1563/3250 train_time:260.280s step_avg:166.53ms
step:1564/3250 train_time:260.440s step_avg:166.52ms
step:1565/3250 train_time:260.601s step_avg:166.52ms
step:1566/3250 train_time:260.761s step_avg:166.51ms
step:1567/3250 train_time:260.921s step_avg:166.51ms
step:1568/3250 train_time:261.081s step_avg:166.51ms
step:1569/3250 train_time:261.242s step_avg:166.50ms
step:1570/3250 train_time:261.401s step_avg:166.50ms
step:1571/3250 train_time:261.560s step_avg:166.49ms
step:1572/3250 train_time:261.721s step_avg:166.49ms
step:1573/3250 train_time:261.880s step_avg:166.48ms
step:1574/3250 train_time:262.041s step_avg:166.48ms
step:1575/3250 train_time:262.205s step_avg:166.48ms
step:1576/3250 train_time:262.364s step_avg:166.47ms
step:1577/3250 train_time:262.523s step_avg:166.47ms
step:1578/3250 train_time:262.684s step_avg:166.47ms
step:1579/3250 train_time:262.844s step_avg:166.46ms
step:1580/3250 train_time:263.003s step_avg:166.46ms
step:1581/3250 train_time:263.162s step_avg:166.45ms
step:1582/3250 train_time:263.322s step_avg:166.45ms
step:1583/3250 train_time:263.482s step_avg:166.44ms
step:1584/3250 train_time:263.641s step_avg:166.44ms
step:1585/3250 train_time:263.802s step_avg:166.44ms
step:1586/3250 train_time:263.962s step_avg:166.43ms
step:1587/3250 train_time:264.126s step_avg:166.43ms
step:1588/3250 train_time:264.285s step_avg:166.43ms
step:1589/3250 train_time:264.445s step_avg:166.42ms
step:1590/3250 train_time:264.603s step_avg:166.42ms
step:1591/3250 train_time:264.762s step_avg:166.41ms
step:1592/3250 train_time:264.923s step_avg:166.41ms
step:1593/3250 train_time:265.083s step_avg:166.41ms
step:1594/3250 train_time:265.244s step_avg:166.40ms
step:1595/3250 train_time:265.404s step_avg:166.40ms
step:1596/3250 train_time:265.564s step_avg:166.39ms
step:1597/3250 train_time:265.724s step_avg:166.39ms
step:1598/3250 train_time:265.882s step_avg:166.38ms
step:1599/3250 train_time:266.042s step_avg:166.38ms
step:1600/3250 train_time:266.203s step_avg:166.38ms
step:1601/3250 train_time:266.362s step_avg:166.37ms
step:1602/3250 train_time:266.522s step_avg:166.37ms
step:1603/3250 train_time:266.681s step_avg:166.36ms
step:1604/3250 train_time:266.842s step_avg:166.36ms
step:1605/3250 train_time:267.002s step_avg:166.36ms
step:1606/3250 train_time:267.161s step_avg:166.35ms
step:1607/3250 train_time:267.324s step_avg:166.35ms
step:1608/3250 train_time:267.483s step_avg:166.34ms
step:1609/3250 train_time:267.643s step_avg:166.34ms
step:1610/3250 train_time:267.801s step_avg:166.34ms
step:1611/3250 train_time:267.961s step_avg:166.33ms
step:1612/3250 train_time:268.121s step_avg:166.33ms
step:1613/3250 train_time:268.281s step_avg:166.32ms
step:1614/3250 train_time:268.444s step_avg:166.32ms
step:1615/3250 train_time:268.603s step_avg:166.32ms
step:1616/3250 train_time:268.763s step_avg:166.31ms
step:1617/3250 train_time:268.922s step_avg:166.31ms
step:1618/3250 train_time:269.083s step_avg:166.31ms
step:1619/3250 train_time:269.241s step_avg:166.30ms
step:1620/3250 train_time:269.402s step_avg:166.30ms
step:1621/3250 train_time:269.561s step_avg:166.29ms
step:1622/3250 train_time:269.721s step_avg:166.29ms
step:1623/3250 train_time:269.881s step_avg:166.29ms
step:1624/3250 train_time:270.040s step_avg:166.28ms
step:1625/3250 train_time:270.201s step_avg:166.28ms
step:1625/3250 val_loss:3.50644 train_time:270.203s step_avg:160.86ms
probe_ema: n=84934656 align=-0.37949,-0.33942,-0.30427,-0.27186,-0.24079,-0.20945 rel_mse=1.05491,1.03386,1.02059,1.01239,1.00733,1.00425
step:1626/3250 train_time:270.363s step_avg:166.27ms
step:1627/3250 train_time:270.524s step_avg:166.27ms
step:1628/3250 train_time:270.685s step_avg:166.27ms
step:1629/3250 train_time:270.845s step_avg:166.26ms
step:1630/3250 train_time:271.006s step_avg:166.26ms
step:1631/3250 train_time:271.167s step_avg:166.26ms
step:1632/3250 train_time:271.326s step_avg:166.25ms
step:1633/3250 train_time:271.487s step_avg:166.25ms
step:1634/3250 train_time:271.646s step_avg:166.25ms
step:1635/3250 train_time:271.805s step_avg:166.24ms
step:1636/3250 train_time:271.967s step_avg:166.24ms
step:1637/3250 train_time:272.126s step_avg:166.23ms
step:1638/3250 train_time:272.288s step_avg:166.23ms
step:1639/3250 train_time:272.446s step_avg:166.23ms
step:1640/3250 train_time:272.606s step_avg:166.22ms
step:1641/3250 train_time:272.769s step_avg:166.22ms
step:1642/3250 train_time:272.928s step_avg:166.22ms
step:1643/3250 train_time:273.094s step_avg:166.22ms
step:1644/3250 train_time:273.254s step_avg:166.21ms
step:1645/3250 train_time:273.416s step_avg:166.21ms
step:1646/3250 train_time:273.576s step_avg:166.21ms
step:1647/3250 train_time:273.735s step_avg:166.20ms
step:1648/3250 train_time:273.896s step_avg:166.20ms
step:1649/3250 train_time:274.056s step_avg:166.20ms
step:1650/3250 train_time:274.218s step_avg:166.19ms
step:1651/3250 train_time:274.380s step_avg:166.19ms
step:1652/3250 train_time:274.543s step_avg:166.19ms
step:1653/3250 train_time:274.703s step_avg:166.18ms
step:1654/3250 train_time:274.863s step_avg:166.18ms
step:1655/3250 train_time:275.024s step_avg:166.18ms
step:1656/3250 train_time:275.183s step_avg:166.17ms
step:1657/3250 train_time:275.342s step_avg:166.17ms
step:1658/3250 train_time:275.502s step_avg:166.17ms
step:1659/3250 train_time:275.662s step_avg:166.16ms
step:1660/3250 train_time:275.825s step_avg:166.16ms
step:1661/3250 train_time:275.985s step_avg:166.16ms
step:1662/3250 train_time:276.147s step_avg:166.15ms
step:1663/3250 train_time:276.308s step_avg:166.15ms
step:1664/3250 train_time:276.468s step_avg:166.15ms
step:1665/3250 train_time:276.627s step_avg:166.14ms
step:1666/3250 train_time:276.787s step_avg:166.14ms
step:1667/3250 train_time:276.946s step_avg:166.13ms
step:1668/3250 train_time:277.106s step_avg:166.13ms
step:1669/3250 train_time:277.266s step_avg:166.13ms
step:1670/3250 train_time:277.425s step_avg:166.12ms
step:1671/3250 train_time:277.586s step_avg:166.12ms
step:1672/3250 train_time:277.745s step_avg:166.12ms
step:1673/3250 train_time:277.906s step_avg:166.11ms
step:1674/3250 train_time:278.066s step_avg:166.11ms
step:1675/3250 train_time:278.225s step_avg:166.10ms
step:1676/3250 train_time:278.386s step_avg:166.10ms
step:1677/3250 train_time:278.547s step_avg:166.10ms
step:1678/3250 train_time:278.708s step_avg:166.10ms
step:1679/3250 train_time:278.867s step_avg:166.09ms
step:1680/3250 train_time:279.026s step_avg:166.09ms
step:1681/3250 train_time:279.191s step_avg:166.09ms
step:1682/3250 train_time:279.352s step_avg:166.08ms
step:1683/3250 train_time:279.513s step_avg:166.08ms
step:1684/3250 train_time:279.672s step_avg:166.08ms
step:1685/3250 train_time:279.833s step_avg:166.07ms
step:1686/3250 train_time:279.994s step_avg:166.07ms
step:1687/3250 train_time:280.154s step_avg:166.07ms
step:1688/3250 train_time:280.315s step_avg:166.06ms
step:1689/3250 train_time:280.474s step_avg:166.06ms
step:1690/3250 train_time:280.634s step_avg:166.06ms
step:1691/3250 train_time:280.794s step_avg:166.05ms
step:1692/3250 train_time:280.955s step_avg:166.05ms
step:1693/3250 train_time:281.115s step_avg:166.05ms
step:1694/3250 train_time:281.276s step_avg:166.04ms
step:1695/3250 train_time:281.437s step_avg:166.04ms
step:1696/3250 train_time:281.597s step_avg:166.04ms
step:1697/3250 train_time:281.760s step_avg:166.03ms
step:1698/3250 train_time:281.920s step_avg:166.03ms
step:1699/3250 train_time:282.080s step_avg:166.03ms
step:1700/3250 train_time:282.240s step_avg:166.02ms
step:1701/3250 train_time:282.401s step_avg:166.02ms
step:1702/3250 train_time:282.562s step_avg:166.02ms
step:1703/3250 train_time:282.722s step_avg:166.01ms
step:1704/3250 train_time:282.883s step_avg:166.01ms
step:1705/3250 train_time:283.043s step_avg:166.01ms
step:1706/3250 train_time:283.203s step_avg:166.00ms
step:1707/3250 train_time:283.363s step_avg:166.00ms
step:1708/3250 train_time:283.524s step_avg:166.00ms
step:1709/3250 train_time:283.686s step_avg:166.00ms
step:1710/3250 train_time:283.844s step_avg:165.99ms
step:1711/3250 train_time:284.068s step_avg:166.02ms
step:1712/3250 train_time:284.227s step_avg:166.02ms
step:1713/3250 train_time:284.388s step_avg:166.02ms
step:1714/3250 train_time:284.547s step_avg:166.01ms
step:1715/3250 train_time:284.708s step_avg:166.01ms
step:1716/3250 train_time:284.868s step_avg:166.01ms
step:1717/3250 train_time:285.028s step_avg:166.00ms
step:1718/3250 train_time:285.189s step_avg:166.00ms
step:1719/3250 train_time:285.348s step_avg:166.00ms
step:1720/3250 train_time:285.508s step_avg:165.99ms
step:1721/3250 train_time:285.668s step_avg:165.99ms
step:1722/3250 train_time:285.828s step_avg:165.99ms
step:1723/3250 train_time:285.987s step_avg:165.98ms
step:1724/3250 train_time:286.146s step_avg:165.98ms
step:1725/3250 train_time:286.307s step_avg:165.97ms
step:1726/3250 train_time:286.466s step_avg:165.97ms
step:1727/3250 train_time:286.627s step_avg:165.97ms
step:1728/3250 train_time:286.786s step_avg:165.96ms
step:1729/3250 train_time:286.945s step_avg:165.96ms
step:1730/3250 train_time:287.105s step_avg:165.96ms
step:1731/3250 train_time:287.265s step_avg:165.95ms
step:1732/3250 train_time:287.426s step_avg:165.95ms
step:1733/3250 train_time:287.585s step_avg:165.95ms
step:1734/3250 train_time:287.747s step_avg:165.94ms
step:1735/3250 train_time:287.907s step_avg:165.94ms
step:1736/3250 train_time:288.066s step_avg:165.94ms
step:1737/3250 train_time:288.226s step_avg:165.93ms
step:1738/3250 train_time:288.386s step_avg:165.93ms
step:1739/3250 train_time:288.546s step_avg:165.93ms
step:1740/3250 train_time:288.705s step_avg:165.92ms
step:1741/3250 train_time:288.867s step_avg:165.92ms
step:1742/3250 train_time:289.025s step_avg:165.92ms
step:1743/3250 train_time:289.185s step_avg:165.91ms
step:1744/3250 train_time:289.344s step_avg:165.91ms
step:1745/3250 train_time:289.503s step_avg:165.90ms
step:1746/3250 train_time:289.663s step_avg:165.90ms
step:1747/3250 train_time:289.824s step_avg:165.90ms
step:1748/3250 train_time:289.986s step_avg:165.90ms
step:1749/3250 train_time:290.145s step_avg:165.89ms
step:1750/3250 train_time:290.305s step_avg:165.89ms
step:1750/3250 val_loss:3.48452 train_time:290.305s step_avg:160.81ms
probe_ema: n=84934656 align=-0.41327,-0.37578,-0.34068,-0.30816,-0.27727,-0.24668 rel_mse=1.06260,1.03886,1.02368,1.01426,1.00850,1.00502
step:1751/3250 train_time:290.465s step_avg:165.89ms
step:1752/3250 train_time:290.626s step_avg:165.88ms
step:1753/3250 train_time:290.786s step_avg:165.88ms
step:1754/3250 train_time:290.948s step_avg:165.88ms
step:1755/3250 train_time:291.107s step_avg:165.87ms
step:1756/3250 train_time:291.270s step_avg:165.87ms
step:1757/3250 train_time:291.429s step_avg:165.87ms
step:1758/3250 train_time:291.588s step_avg:165.86ms
step:1759/3250 train_time:291.755s step_avg:165.86ms
step:1760/3250 train_time:291.915s step_avg:165.86ms
step:1761/3250 train_time:292.077s step_avg:165.86ms
step:1762/3250 train_time:292.237s step_avg:165.86ms
step:1763/3250 train_time:292.396s step_avg:165.85ms
step:1764/3250 train_time:292.557s step_avg:165.85ms
step:1765/3250 train_time:292.717s step_avg:165.85ms
step:1766/3250 train_time:292.879s step_avg:165.84ms
step:1767/3250 train_time:293.039s step_avg:165.84ms
step:1768/3250 train_time:293.201s step_avg:165.84ms
step:1769/3250 train_time:293.360s step_avg:165.83ms
step:1770/3250 train_time:293.521s step_avg:165.83ms
step:1771/3250 train_time:293.683s step_avg:165.83ms
step:1772/3250 train_time:293.842s step_avg:165.83ms
step:1773/3250 train_time:294.002s step_avg:165.82ms
step:1774/3250 train_time:294.162s step_avg:165.82ms
step:1775/3250 train_time:294.322s step_avg:165.82ms
step:1776/3250 train_time:294.482s step_avg:165.81ms
step:1777/3250 train_time:294.642s step_avg:165.81ms
step:1778/3250 train_time:294.802s step_avg:165.81ms
step:1779/3250 train_time:294.963s step_avg:165.80ms
step:1780/3250 train_time:295.126s step_avg:165.80ms
step:1781/3250 train_time:295.286s step_avg:165.80ms
step:1782/3250 train_time:295.446s step_avg:165.79ms
step:1783/3250 train_time:295.606s step_avg:165.79ms
step:1784/3250 train_time:295.766s step_avg:165.79ms
step:1785/3250 train_time:295.926s step_avg:165.78ms
step:1786/3250 train_time:296.084s step_avg:165.78ms
step:1787/3250 train_time:296.246s step_avg:165.78ms
step:1788/3250 train_time:296.405s step_avg:165.77ms
step:1789/3250 train_time:296.567s step_avg:165.77ms
step:1790/3250 train_time:296.728s step_avg:165.77ms
step:1791/3250 train_time:296.888s step_avg:165.77ms
step:1792/3250 train_time:297.048s step_avg:165.76ms
step:1793/3250 train_time:297.206s step_avg:165.76ms
step:1794/3250 train_time:297.370s step_avg:165.76ms
step:1795/3250 train_time:297.529s step_avg:165.75ms
step:1796/3250 train_time:297.687s step_avg:165.75ms
step:1797/3250 train_time:297.847s step_avg:165.75ms
step:1798/3250 train_time:298.006s step_avg:165.74ms
step:1799/3250 train_time:298.166s step_avg:165.74ms
step:1800/3250 train_time:298.325s step_avg:165.74ms
step:1801/3250 train_time:298.487s step_avg:165.73ms
step:1802/3250 train_time:298.647s step_avg:165.73ms
step:1803/3250 train_time:298.807s step_avg:165.73ms
step:1804/3250 train_time:298.968s step_avg:165.73ms
step:1805/3250 train_time:299.128s step_avg:165.72ms
step:1806/3250 train_time:299.289s step_avg:165.72ms
step:1807/3250 train_time:299.447s step_avg:165.72ms
step:1808/3250 train_time:299.609s step_avg:165.71ms
step:1809/3250 train_time:299.768s step_avg:165.71ms
step:1810/3250 train_time:299.927s step_avg:165.71ms
step:1811/3250 train_time:300.089s step_avg:165.70ms
step:1812/3250 train_time:300.247s step_avg:165.70ms
step:1813/3250 train_time:300.410s step_avg:165.70ms
step:1814/3250 train_time:300.569s step_avg:165.69ms
step:1815/3250 train_time:300.728s step_avg:165.69ms
step:1816/3250 train_time:300.888s step_avg:165.69ms
step:1817/3250 train_time:301.047s step_avg:165.68ms
step:1818/3250 train_time:301.207s step_avg:165.68ms
step:1819/3250 train_time:301.369s step_avg:165.68ms
step:1820/3250 train_time:301.530s step_avg:165.68ms
step:1821/3250 train_time:301.688s step_avg:165.67ms
step:1822/3250 train_time:301.849s step_avg:165.67ms
step:1823/3250 train_time:302.009s step_avg:165.67ms
step:1824/3250 train_time:302.169s step_avg:165.66ms
step:1825/3250 train_time:302.328s step_avg:165.66ms
step:1826/3250 train_time:302.488s step_avg:165.66ms
step:1827/3250 train_time:302.649s step_avg:165.65ms
step:1828/3250 train_time:302.808s step_avg:165.65ms
step:1829/3250 train_time:302.969s step_avg:165.65ms
step:1830/3250 train_time:303.130s step_avg:165.64ms
step:1831/3250 train_time:303.289s step_avg:165.64ms
step:1832/3250 train_time:303.449s step_avg:165.64ms
step:1833/3250 train_time:303.608s step_avg:165.63ms
step:1834/3250 train_time:303.769s step_avg:165.63ms
step:1835/3250 train_time:303.927s step_avg:165.63ms
step:1836/3250 train_time:304.086s step_avg:165.62ms
step:1837/3250 train_time:304.248s step_avg:165.62ms
step:1838/3250 train_time:304.407s step_avg:165.62ms
step:1839/3250 train_time:304.568s step_avg:165.62ms
step:1840/3250 train_time:304.727s step_avg:165.61ms
step:1841/3250 train_time:304.888s step_avg:165.61ms
step:1842/3250 train_time:305.047s step_avg:165.61ms
step:1843/3250 train_time:305.207s step_avg:165.60ms
step:1844/3250 train_time:305.368s step_avg:165.60ms
step:1845/3250 train_time:305.528s step_avg:165.60ms
step:1846/3250 train_time:305.689s step_avg:165.60ms
step:1847/3250 train_time:305.849s step_avg:165.59ms
step:1848/3250 train_time:306.009s step_avg:165.59ms
step:1849/3250 train_time:306.169s step_avg:165.59ms
step:1850/3250 train_time:306.328s step_avg:165.58ms
step:1851/3250 train_time:306.488s step_avg:165.58ms
step:1852/3250 train_time:306.649s step_avg:165.58ms
step:1853/3250 train_time:306.809s step_avg:165.57ms
step:1854/3250 train_time:306.968s step_avg:165.57ms
step:1855/3250 train_time:307.127s step_avg:165.57ms
step:1856/3250 train_time:307.288s step_avg:165.56ms
step:1857/3250 train_time:307.447s step_avg:165.56ms
step:1858/3250 train_time:307.606s step_avg:165.56ms
step:1859/3250 train_time:307.767s step_avg:165.56ms
step:1860/3250 train_time:307.927s step_avg:165.55ms
step:1861/3250 train_time:308.087s step_avg:165.55ms
step:1862/3250 train_time:308.247s step_avg:165.55ms
step:1863/3250 train_time:308.407s step_avg:165.54ms
step:1864/3250 train_time:308.566s step_avg:165.54ms
step:1865/3250 train_time:308.727s step_avg:165.54ms
step:1866/3250 train_time:308.887s step_avg:165.53ms
step:1867/3250 train_time:309.049s step_avg:165.53ms
step:1868/3250 train_time:309.208s step_avg:165.53ms
step:1869/3250 train_time:309.367s step_avg:165.53ms
step:1870/3250 train_time:309.527s step_avg:165.52ms
step:1871/3250 train_time:309.687s step_avg:165.52ms
step:1872/3250 train_time:309.849s step_avg:165.52ms
step:1873/3250 train_time:310.008s step_avg:165.51ms
step:1874/3250 train_time:310.169s step_avg:165.51ms
step:1875/3250 train_time:310.328s step_avg:165.51ms
step:1875/3250 val_loss:3.46419 train_time:310.328s step_avg:160.18ms
probe_ema: n=84934656 align=-0.41168,-0.37194,-0.33477,-0.30056,-0.26860,-0.23742 rel_mse=1.06053,1.03734,1.02260,1.01350,1.00798,1.00468
step:1876/3250 train_time:310.488s step_avg:165.51ms
step:1877/3250 train_time:310.649s step_avg:165.50ms
step:1878/3250 train_time:310.810s step_avg:165.50ms
step:1879/3250 train_time:310.969s step_avg:165.50ms
step:1880/3250 train_time:311.128s step_avg:165.49ms
step:1881/3250 train_time:311.288s step_avg:165.49ms
step:1882/3250 train_time:311.448s step_avg:165.49ms
step:1883/3250 train_time:311.608s step_avg:165.49ms
step:1884/3250 train_time:311.768s step_avg:165.48ms
step:1885/3250 train_time:311.929s step_avg:165.48ms
step:1886/3250 train_time:312.088s step_avg:165.48ms
step:1887/3250 train_time:312.249s step_avg:165.47ms
step:1888/3250 train_time:312.409s step_avg:165.47ms
step:1889/3250 train_time:312.569s step_avg:165.47ms
step:1890/3250 train_time:312.729s step_avg:165.47ms
step:1891/3250 train_time:312.888s step_avg:165.46ms
step:1892/3250 train_time:313.049s step_avg:165.46ms
step:1893/3250 train_time:313.208s step_avg:165.46ms
step:1894/3250 train_time:313.369s step_avg:165.45ms
step:1895/3250 train_time:313.532s step_avg:165.45ms
step:1896/3250 train_time:313.692s step_avg:165.45ms
step:1897/3250 train_time:313.851s step_avg:165.45ms
step:1898/3250 train_time:314.011s step_avg:165.44ms
step:1899/3250 train_time:314.171s step_avg:165.44ms
step:1900/3250 train_time:314.329s step_avg:165.44ms
step:1901/3250 train_time:314.557s step_avg:165.47ms
step:1902/3250 train_time:314.717s step_avg:165.47ms
step:1903/3250 train_time:314.879s step_avg:165.46ms
step:1904/3250 train_time:315.041s step_avg:165.46ms
step:1905/3250 train_time:315.203s step_avg:165.46ms
step:1906/3250 train_time:315.364s step_avg:165.46ms
step:1907/3250 train_time:315.529s step_avg:165.46ms
step:1908/3250 train_time:315.689s step_avg:165.46ms
step:1909/3250 train_time:315.848s step_avg:165.45ms
step:1910/3250 train_time:316.010s step_avg:165.45ms
step:1911/3250 train_time:316.172s step_avg:165.45ms
step:1912/3250 train_time:316.333s step_avg:165.45ms
step:1913/3250 train_time:316.492s step_avg:165.44ms
step:1914/3250 train_time:316.651s step_avg:165.44ms
step:1915/3250 train_time:316.811s step_avg:165.44ms
step:1916/3250 train_time:316.971s step_avg:165.43ms
step:1917/3250 train_time:317.131s step_avg:165.43ms
step:1918/3250 train_time:317.291s step_avg:165.43ms
step:1919/3250 train_time:317.452s step_avg:165.43ms
step:1920/3250 train_time:317.611s step_avg:165.42ms
step:1921/3250 train_time:317.770s step_avg:165.42ms
step:1922/3250 train_time:317.932s step_avg:165.42ms
step:1923/3250 train_time:318.090s step_avg:165.41ms
step:1924/3250 train_time:318.250s step_avg:165.41ms
step:1925/3250 train_time:318.409s step_avg:165.41ms
step:1926/3250 train_time:318.570s step_avg:165.40ms
step:1927/3250 train_time:318.730s step_avg:165.40ms
step:1928/3250 train_time:318.889s step_avg:165.40ms
step:1929/3250 train_time:319.049s step_avg:165.40ms
step:1930/3250 train_time:319.208s step_avg:165.39ms
step:1931/3250 train_time:319.368s step_avg:165.39ms
step:1932/3250 train_time:319.529s step_avg:165.39ms
step:1933/3250 train_time:319.689s step_avg:165.38ms
step:1934/3250 train_time:319.849s step_avg:165.38ms
step:1935/3250 train_time:320.010s step_avg:165.38ms
step:1936/3250 train_time:320.172s step_avg:165.38ms
step:1937/3250 train_time:320.332s step_avg:165.38ms
step:1938/3250 train_time:320.493s step_avg:165.37ms
step:1939/3250 train_time:320.653s step_avg:165.37ms
step:1940/3250 train_time:320.813s step_avg:165.37ms
step:1941/3250 train_time:320.975s step_avg:165.37ms
step:1942/3250 train_time:321.135s step_avg:165.36ms
step:1943/3250 train_time:321.297s step_avg:165.36ms
step:1944/3250 train_time:321.457s step_avg:165.36ms
step:1945/3250 train_time:321.618s step_avg:165.36ms
step:1946/3250 train_time:321.780s step_avg:165.35ms
step:1947/3250 train_time:321.942s step_avg:165.35ms
step:1948/3250 train_time:322.105s step_avg:165.35ms
step:1949/3250 train_time:322.265s step_avg:165.35ms
step:1950/3250 train_time:322.426s step_avg:165.35ms
step:1951/3250 train_time:322.587s step_avg:165.34ms
step:1952/3250 train_time:322.747s step_avg:165.34ms
step:1953/3250 train_time:322.908s step_avg:165.34ms
step:1954/3250 train_time:323.068s step_avg:165.34ms
step:1955/3250 train_time:323.232s step_avg:165.34ms
step:1956/3250 train_time:323.390s step_avg:165.33ms
step:1957/3250 train_time:323.550s step_avg:165.33ms
step:1958/3250 train_time:323.711s step_avg:165.33ms
step:1959/3250 train_time:323.871s step_avg:165.32ms
step:1960/3250 train_time:324.033s step_avg:165.32ms
step:1961/3250 train_time:324.191s step_avg:165.32ms
step:1962/3250 train_time:324.351s step_avg:165.32ms
step:1963/3250 train_time:324.510s step_avg:165.31ms
step:1964/3250 train_time:324.670s step_avg:165.31ms
step:1965/3250 train_time:324.831s step_avg:165.31ms
step:1966/3250 train_time:324.991s step_avg:165.31ms
step:1967/3250 train_time:325.150s step_avg:165.30ms
step:1968/3250 train_time:325.310s step_avg:165.30ms
step:1969/3250 train_time:325.469s step_avg:165.30ms
step:1970/3250 train_time:325.629s step_avg:165.29ms
step:1971/3250 train_time:325.788s step_avg:165.29ms
step:1972/3250 train_time:325.950s step_avg:165.29ms
step:1973/3250 train_time:326.109s step_avg:165.29ms
step:1974/3250 train_time:326.269s step_avg:165.28ms
step:1975/3250 train_time:326.429s step_avg:165.28ms
step:1976/3250 train_time:326.590s step_avg:165.28ms
step:1977/3250 train_time:326.749s step_avg:165.28ms
step:1978/3250 train_time:326.909s step_avg:165.27ms
step:1979/3250 train_time:327.071s step_avg:165.27ms
step:1980/3250 train_time:327.230s step_avg:165.27ms
step:1981/3250 train_time:327.391s step_avg:165.27ms
step:1982/3250 train_time:327.550s step_avg:165.26ms
step:1983/3250 train_time:327.710s step_avg:165.26ms
step:1984/3250 train_time:327.869s step_avg:165.26ms
step:1985/3250 train_time:328.029s step_avg:165.25ms
step:1986/3250 train_time:328.191s step_avg:165.25ms
step:1987/3250 train_time:328.350s step_avg:165.25ms
step:1988/3250 train_time:328.510s step_avg:165.25ms
step:1989/3250 train_time:328.669s step_avg:165.24ms
step:1990/3250 train_time:328.830s step_avg:165.24ms
step:1991/3250 train_time:328.989s step_avg:165.24ms
step:1992/3250 train_time:329.148s step_avg:165.24ms
step:1993/3250 train_time:329.310s step_avg:165.23ms
step:1994/3250 train_time:329.469s step_avg:165.23ms
step:1995/3250 train_time:329.630s step_avg:165.23ms
step:1996/3250 train_time:329.790s step_avg:165.23ms
step:1997/3250 train_time:329.950s step_avg:165.22ms
step:1998/3250 train_time:330.111s step_avg:165.22ms
step:1999/3250 train_time:330.271s step_avg:165.22ms
step:2000/3250 train_time:330.432s step_avg:165.22ms
step:2000/3250 val_loss:3.44398 train_time:330.432s step_avg:160.83ms
probe_ema: n=84934656 align=-0.32160,-0.29484,-0.26987,-0.24558,-0.22041,-0.19248 rel_mse=1.05491,1.03475,1.02162,1.01319,1.00786,1.00455
step:2001/3250 train_time:330.593s step_avg:165.21ms
step:2002/3250 train_time:330.753s step_avg:165.21ms
step:2003/3250 train_time:330.913s step_avg:165.21ms
step:2004/3250 train_time:331.073s step_avg:165.21ms
step:2005/3250 train_time:331.233s step_avg:165.20ms
step:2006/3250 train_time:331.393s step_avg:165.20ms
step:2007/3250 train_time:331.552s step_avg:165.20ms
step:2008/3250 train_time:331.714s step_avg:165.20ms
step:2009/3250 train_time:331.873s step_avg:165.19ms
step:2010/3250 train_time:332.034s step_avg:165.19ms
step:2011/3250 train_time:332.192s step_avg:165.19ms
step:2012/3250 train_time:332.352s step_avg:165.18ms
step:2013/3250 train_time:332.511s step_avg:165.18ms
step:2014/3250 train_time:332.671s step_avg:165.18ms
step:2015/3250 train_time:332.832s step_avg:165.18ms
step:2016/3250 train_time:332.991s step_avg:165.17ms
step:2017/3250 train_time:333.152s step_avg:165.17ms
step:2018/3250 train_time:333.311s step_avg:165.17ms
step:2019/3250 train_time:333.471s step_avg:165.17ms
step:2020/3250 train_time:333.632s step_avg:165.16ms
step:2021/3250 train_time:333.791s step_avg:165.16ms
step:2022/3250 train_time:333.950s step_avg:165.16ms
step:2023/3250 train_time:334.110s step_avg:165.16ms
step:2024/3250 train_time:334.270s step_avg:165.15ms
step:2025/3250 train_time:334.430s step_avg:165.15ms
step:2026/3250 train_time:334.591s step_avg:165.15ms
step:2027/3250 train_time:334.753s step_avg:165.15ms
step:2028/3250 train_time:334.911s step_avg:165.14ms
step:2029/3250 train_time:335.072s step_avg:165.14ms
step:2030/3250 train_time:335.232s step_avg:165.14ms
step:2031/3250 train_time:335.393s step_avg:165.14ms
step:2032/3250 train_time:335.554s step_avg:165.13ms
step:2033/3250 train_time:335.714s step_avg:165.13ms
step:2034/3250 train_time:335.875s step_avg:165.13ms
step:2035/3250 train_time:336.035s step_avg:165.13ms
step:2036/3250 train_time:336.197s step_avg:165.13ms
step:2037/3250 train_time:336.358s step_avg:165.12ms
step:2038/3250 train_time:336.519s step_avg:165.12ms
step:2039/3250 train_time:336.680s step_avg:165.12ms
step:2040/3250 train_time:336.841s step_avg:165.12ms
step:2041/3250 train_time:337.003s step_avg:165.12ms
step:2042/3250 train_time:337.164s step_avg:165.11ms
step:2043/3250 train_time:337.326s step_avg:165.11ms
step:2044/3250 train_time:337.486s step_avg:165.11ms
step:2045/3250 train_time:337.645s step_avg:165.11ms
step:2046/3250 train_time:337.807s step_avg:165.11ms
step:2047/3250 train_time:337.967s step_avg:165.10ms
step:2048/3250 train_time:338.130s step_avg:165.10ms
step:2049/3250 train_time:338.289s step_avg:165.10ms
step:2050/3250 train_time:338.451s step_avg:165.10ms
step:2051/3250 train_time:338.613s step_avg:165.10ms
step:2052/3250 train_time:338.771s step_avg:165.09ms
step:2053/3250 train_time:338.931s step_avg:165.09ms
step:2054/3250 train_time:339.091s step_avg:165.09ms
step:2055/3250 train_time:339.251s step_avg:165.09ms
step:2056/3250 train_time:339.411s step_avg:165.08ms
step:2057/3250 train_time:339.571s step_avg:165.08ms
step:2058/3250 train_time:339.732s step_avg:165.08ms
step:2059/3250 train_time:339.891s step_avg:165.08ms
step:2060/3250 train_time:340.053s step_avg:165.07ms
step:2061/3250 train_time:340.213s step_avg:165.07ms
step:2062/3250 train_time:340.376s step_avg:165.07ms
step:2063/3250 train_time:340.537s step_avg:165.07ms
step:2064/3250 train_time:340.697s step_avg:165.07ms
step:2065/3250 train_time:340.857s step_avg:165.06ms
step:2066/3250 train_time:341.016s step_avg:165.06ms
step:2067/3250 train_time:341.177s step_avg:165.06ms
step:2068/3250 train_time:341.336s step_avg:165.06ms
step:2069/3250 train_time:341.497s step_avg:165.05ms
step:2070/3250 train_time:341.656s step_avg:165.05ms
step:2071/3250 train_time:341.816s step_avg:165.05ms
step:2072/3250 train_time:341.976s step_avg:165.05ms
step:2073/3250 train_time:342.137s step_avg:165.04ms
step:2074/3250 train_time:342.298s step_avg:165.04ms
step:2075/3250 train_time:342.457s step_avg:165.04ms
step:2076/3250 train_time:342.617s step_avg:165.04ms
step:2077/3250 train_time:342.779s step_avg:165.04ms
step:2078/3250 train_time:342.939s step_avg:165.03ms
step:2079/3250 train_time:343.102s step_avg:165.03ms
step:2080/3250 train_time:343.264s step_avg:165.03ms
step:2081/3250 train_time:343.427s step_avg:165.03ms
step:2082/3250 train_time:343.592s step_avg:165.03ms
step:2083/3250 train_time:343.751s step_avg:165.03ms
step:2084/3250 train_time:343.912s step_avg:165.02ms
step:2085/3250 train_time:344.071s step_avg:165.02ms
step:2086/3250 train_time:344.230s step_avg:165.02ms
step:2087/3250 train_time:344.390s step_avg:165.02ms
step:2088/3250 train_time:344.549s step_avg:165.01ms
step:2089/3250 train_time:344.712s step_avg:165.01ms
step:2090/3250 train_time:344.872s step_avg:165.01ms
step:2091/3250 train_time:345.103s step_avg:165.04ms
step:2092/3250 train_time:345.265s step_avg:165.04ms
step:2093/3250 train_time:345.426s step_avg:165.04ms
step:2094/3250 train_time:345.587s step_avg:165.04ms
step:2095/3250 train_time:345.747s step_avg:165.03ms
step:2096/3250 train_time:345.906s step_avg:165.03ms
step:2097/3250 train_time:346.067s step_avg:165.03ms
step:2098/3250 train_time:346.228s step_avg:165.03ms
step:2099/3250 train_time:346.387s step_avg:165.02ms
step:2100/3250 train_time:346.546s step_avg:165.02ms
step:2101/3250 train_time:346.707s step_avg:165.02ms
step:2102/3250 train_time:346.867s step_avg:165.02ms
step:2103/3250 train_time:347.027s step_avg:165.02ms
step:2104/3250 train_time:347.188s step_avg:165.01ms
step:2105/3250 train_time:347.349s step_avg:165.01ms
step:2106/3250 train_time:347.510s step_avg:165.01ms
step:2107/3250 train_time:347.672s step_avg:165.01ms
step:2108/3250 train_time:347.832s step_avg:165.01ms
step:2109/3250 train_time:347.991s step_avg:165.00ms
step:2110/3250 train_time:348.151s step_avg:165.00ms
step:2111/3250 train_time:348.312s step_avg:165.00ms
step:2112/3250 train_time:348.473s step_avg:165.00ms
step:2113/3250 train_time:348.632s step_avg:164.99ms
step:2114/3250 train_time:348.792s step_avg:164.99ms
step:2115/3250 train_time:348.951s step_avg:164.99ms
step:2116/3250 train_time:349.111s step_avg:164.99ms
step:2117/3250 train_time:349.271s step_avg:164.98ms
step:2118/3250 train_time:349.432s step_avg:164.98ms
step:2119/3250 train_time:349.593s step_avg:164.98ms
step:2120/3250 train_time:349.753s step_avg:164.98ms
step:2121/3250 train_time:349.912s step_avg:164.98ms
step:2122/3250 train_time:350.072s step_avg:164.97ms
step:2123/3250 train_time:350.232s step_avg:164.97ms
step:2124/3250 train_time:350.393s step_avg:164.97ms
step:2125/3250 train_time:350.555s step_avg:164.97ms
step:2125/3250 val_loss:3.42551 train_time:350.555s step_avg:160.99ms
probe_ema: n=84934656 align=-0.29047,-0.26504,-0.24292,-0.22215,-0.20089,-0.17731 rel_mse=1.05256,1.03314,1.02063,1.01267,1.00764,1.00448
step:2126/3250 train_time:350.718s step_avg:164.97ms
step:2127/3250 train_time:350.880s step_avg:164.96ms
step:2128/3250 train_time:351.041s step_avg:164.96ms
step:2129/3250 train_time:351.201s step_avg:164.96ms
step:2130/3250 train_time:351.365s step_avg:164.96ms
step:2131/3250 train_time:351.525s step_avg:164.96ms
step:2132/3250 train_time:351.685s step_avg:164.96ms
step:2133/3250 train_time:351.844s step_avg:164.95ms
step:2134/3250 train_time:352.004s step_avg:164.95ms
step:2135/3250 train_time:352.164s step_avg:164.95ms
step:2136/3250 train_time:352.325s step_avg:164.95ms
step:2137/3250 train_time:352.485s step_avg:164.94ms
step:2138/3250 train_time:352.645s step_avg:164.94ms
step:2139/3250 train_time:352.804s step_avg:164.94ms
step:2140/3250 train_time:352.965s step_avg:164.94ms
step:2141/3250 train_time:353.124s step_avg:164.93ms
step:2142/3250 train_time:353.284s step_avg:164.93ms
step:2143/3250 train_time:353.444s step_avg:164.93ms
step:2144/3250 train_time:353.605s step_avg:164.93ms
step:2145/3250 train_time:353.765s step_avg:164.93ms
step:2146/3250 train_time:353.927s step_avg:164.92ms
step:2147/3250 train_time:354.085s step_avg:164.92ms
step:2148/3250 train_time:354.245s step_avg:164.92ms
step:2149/3250 train_time:354.404s step_avg:164.92ms
step:2150/3250 train_time:354.565s step_avg:164.91ms
step:2151/3250 train_time:354.727s step_avg:164.91ms
step:2152/3250 train_time:354.886s step_avg:164.91ms
step:2153/3250 train_time:355.047s step_avg:164.91ms
step:2154/3250 train_time:355.206s step_avg:164.91ms
step:2155/3250 train_time:355.365s step_avg:164.90ms
step:2156/3250 train_time:355.525s step_avg:164.90ms
step:2157/3250 train_time:355.684s step_avg:164.90ms
step:2158/3250 train_time:355.847s step_avg:164.90ms
step:2159/3250 train_time:356.006s step_avg:164.89ms
step:2160/3250 train_time:356.167s step_avg:164.89ms
step:2161/3250 train_time:356.326s step_avg:164.89ms
step:2162/3250 train_time:356.486s step_avg:164.89ms
step:2163/3250 train_time:356.646s step_avg:164.88ms
step:2164/3250 train_time:356.805s step_avg:164.88ms
step:2165/3250 train_time:356.965s step_avg:164.88ms
step:2166/3250 train_time:357.126s step_avg:164.88ms
step:2167/3250 train_time:357.286s step_avg:164.88ms
step:2168/3250 train_time:357.445s step_avg:164.87ms
step:2169/3250 train_time:357.605s step_avg:164.87ms
step:2170/3250 train_time:357.765s step_avg:164.87ms
step:2171/3250 train_time:357.924s step_avg:164.87ms
step:2172/3250 train_time:358.084s step_avg:164.86ms
step:2173/3250 train_time:358.244s step_avg:164.86ms
step:2174/3250 train_time:358.404s step_avg:164.86ms
step:2175/3250 train_time:358.563s step_avg:164.86ms
step:2176/3250 train_time:358.724s step_avg:164.85ms
step:2177/3250 train_time:358.883s step_avg:164.85ms
step:2178/3250 train_time:359.044s step_avg:164.85ms
step:2179/3250 train_time:359.203s step_avg:164.85ms
step:2180/3250 train_time:359.364s step_avg:164.85ms
step:2181/3250 train_time:359.524s step_avg:164.84ms
step:2182/3250 train_time:359.684s step_avg:164.84ms
step:2183/3250 train_time:359.844s step_avg:164.84ms
step:2184/3250 train_time:360.003s step_avg:164.84ms
step:2185/3250 train_time:360.163s step_avg:164.83ms
step:2186/3250 train_time:360.324s step_avg:164.83ms
step:2187/3250 train_time:360.484s step_avg:164.83ms
step:2188/3250 train_time:360.643s step_avg:164.83ms
step:2189/3250 train_time:360.802s step_avg:164.82ms
step:2190/3250 train_time:360.963s step_avg:164.82ms
step:2191/3250 train_time:361.123s step_avg:164.82ms
step:2192/3250 train_time:361.283s step_avg:164.82ms
step:2193/3250 train_time:361.446s step_avg:164.82ms
step:2194/3250 train_time:361.605s step_avg:164.82ms
step:2195/3250 train_time:361.765s step_avg:164.81ms
step:2196/3250 train_time:361.925s step_avg:164.81ms
step:2197/3250 train_time:362.085s step_avg:164.81ms
step:2198/3250 train_time:362.247s step_avg:164.81ms
step:2199/3250 train_time:362.406s step_avg:164.80ms
step:2200/3250 train_time:362.566s step_avg:164.80ms
step:2201/3250 train_time:362.727s step_avg:164.80ms
step:2202/3250 train_time:362.888s step_avg:164.80ms
step:2203/3250 train_time:363.048s step_avg:164.80ms
step:2204/3250 train_time:363.207s step_avg:164.79ms
step:2205/3250 train_time:363.367s step_avg:164.79ms
step:2206/3250 train_time:363.526s step_avg:164.79ms
step:2207/3250 train_time:363.686s step_avg:164.79ms
step:2208/3250 train_time:363.847s step_avg:164.79ms
step:2209/3250 train_time:364.008s step_avg:164.78ms
step:2210/3250 train_time:364.167s step_avg:164.78ms
step:2211/3250 train_time:364.327s step_avg:164.78ms
step:2212/3250 train_time:364.487s step_avg:164.78ms
step:2213/3250 train_time:364.646s step_avg:164.77ms
step:2214/3250 train_time:364.806s step_avg:164.77ms
step:2215/3250 train_time:364.967s step_avg:164.77ms
step:2216/3250 train_time:365.127s step_avg:164.77ms
step:2217/3250 train_time:365.286s step_avg:164.77ms
step:2218/3250 train_time:365.446s step_avg:164.76ms
step:2219/3250 train_time:365.605s step_avg:164.76ms
step:2220/3250 train_time:365.764s step_avg:164.76ms
step:2221/3250 train_time:365.924s step_avg:164.76ms
step:2222/3250 train_time:366.084s step_avg:164.75ms
step:2223/3250 train_time:366.244s step_avg:164.75ms
step:2224/3250 train_time:366.406s step_avg:164.75ms
step:2225/3250 train_time:366.566s step_avg:164.75ms
step:2226/3250 train_time:366.726s step_avg:164.75ms
step:2227/3250 train_time:366.886s step_avg:164.74ms
step:2228/3250 train_time:367.046s step_avg:164.74ms
step:2229/3250 train_time:367.205s step_avg:164.74ms
step:2230/3250 train_time:367.367s step_avg:164.74ms
step:2231/3250 train_time:367.528s step_avg:164.74ms
step:2232/3250 train_time:367.688s step_avg:164.73ms
step:2233/3250 train_time:367.849s step_avg:164.73ms
step:2234/3250 train_time:368.009s step_avg:164.73ms
step:2235/3250 train_time:368.169s step_avg:164.73ms
step:2236/3250 train_time:368.332s step_avg:164.73ms
step:2237/3250 train_time:368.492s step_avg:164.73ms
step:2238/3250 train_time:368.652s step_avg:164.72ms
step:2239/3250 train_time:368.811s step_avg:164.72ms
step:2240/3250 train_time:368.971s step_avg:164.72ms
step:2241/3250 train_time:369.131s step_avg:164.72ms
step:2242/3250 train_time:369.291s step_avg:164.71ms
step:2243/3250 train_time:369.454s step_avg:164.71ms
step:2244/3250 train_time:369.614s step_avg:164.71ms
step:2245/3250 train_time:369.773s step_avg:164.71ms
step:2246/3250 train_time:369.934s step_avg:164.71ms
step:2247/3250 train_time:370.094s step_avg:164.71ms
step:2248/3250 train_time:370.257s step_avg:164.70ms
step:2249/3250 train_time:370.418s step_avg:164.70ms
step:2250/3250 train_time:370.579s step_avg:164.70ms
step:2250/3250 val_loss:3.40708 train_time:370.579s step_avg:160.19ms
probe_ema: n=84934656 align=-0.26379,-0.24664,-0.23206,-0.21825,-0.20383,-0.18817 rel_mse=1.05089,1.03305,1.02119,1.01342,1.00837,1.00514
step:2251/3250 train_time:370.740s step_avg:164.70ms
step:2252/3250 train_time:370.901s step_avg:164.70ms
step:2253/3250 train_time:371.062s step_avg:164.70ms
step:2254/3250 train_time:371.222s step_avg:164.69ms
step:2255/3250 train_time:371.381s step_avg:164.69ms
step:2256/3250 train_time:371.541s step_avg:164.69ms
step:2257/3250 train_time:371.702s step_avg:164.69ms
step:2258/3250 train_time:371.862s step_avg:164.69ms
step:2259/3250 train_time:372.022s step_avg:164.68ms
step:2260/3250 train_time:372.183s step_avg:164.68ms
step:2261/3250 train_time:372.342s step_avg:164.68ms
step:2262/3250 train_time:372.502s step_avg:164.68ms
step:2263/3250 train_time:372.663s step_avg:164.68ms
step:2264/3250 train_time:372.822s step_avg:164.67ms
step:2265/3250 train_time:372.983s step_avg:164.67ms
step:2266/3250 train_time:373.142s step_avg:164.67ms
step:2267/3250 train_time:373.302s step_avg:164.67ms
step:2268/3250 train_time:373.462s step_avg:164.67ms
step:2269/3250 train_time:373.623s step_avg:164.66ms
step:2270/3250 train_time:373.784s step_avg:164.66ms
step:2271/3250 train_time:373.943s step_avg:164.66ms
step:2272/3250 train_time:374.103s step_avg:164.66ms
step:2273/3250 train_time:374.263s step_avg:164.66ms
step:2274/3250 train_time:374.423s step_avg:164.65ms
step:2275/3250 train_time:374.583s step_avg:164.65ms
step:2276/3250 train_time:374.743s step_avg:164.65ms
step:2277/3250 train_time:374.905s step_avg:164.65ms
step:2278/3250 train_time:375.064s step_avg:164.65ms
step:2279/3250 train_time:375.224s step_avg:164.64ms
step:2280/3250 train_time:375.383s step_avg:164.64ms
step:2281/3250 train_time:375.616s step_avg:164.67ms
step:2282/3250 train_time:375.779s step_avg:164.67ms
step:2283/3250 train_time:375.941s step_avg:164.67ms
step:2284/3250 train_time:376.102s step_avg:164.67ms
step:2285/3250 train_time:376.263s step_avg:164.67ms
step:2286/3250 train_time:376.422s step_avg:164.66ms
step:2287/3250 train_time:376.582s step_avg:164.66ms
step:2288/3250 train_time:376.742s step_avg:164.66ms
step:2289/3250 train_time:376.902s step_avg:164.66ms
step:2290/3250 train_time:377.062s step_avg:164.66ms
step:2291/3250 train_time:377.226s step_avg:164.66ms
step:2292/3250 train_time:377.386s step_avg:164.65ms
step:2293/3250 train_time:377.547s step_avg:164.65ms
step:2294/3250 train_time:377.706s step_avg:164.65ms
step:2295/3250 train_time:377.867s step_avg:164.65ms
step:2296/3250 train_time:378.027s step_avg:164.65ms
step:2297/3250 train_time:378.186s step_avg:164.64ms
step:2298/3250 train_time:378.345s step_avg:164.64ms
step:2299/3250 train_time:378.505s step_avg:164.64ms
step:2300/3250 train_time:378.665s step_avg:164.64ms
step:2301/3250 train_time:378.824s step_avg:164.63ms
step:2302/3250 train_time:378.985s step_avg:164.63ms
step:2303/3250 train_time:379.145s step_avg:164.63ms
step:2304/3250 train_time:379.304s step_avg:164.63ms
step:2305/3250 train_time:379.463s step_avg:164.63ms
step:2306/3250 train_time:379.625s step_avg:164.62ms
step:2307/3250 train_time:379.786s step_avg:164.62ms
step:2308/3250 train_time:379.947s step_avg:164.62ms
step:2309/3250 train_time:380.107s step_avg:164.62ms
step:2310/3250 train_time:380.267s step_avg:164.62ms
step:2311/3250 train_time:380.426s step_avg:164.62ms
step:2312/3250 train_time:380.587s step_avg:164.61ms
step:2313/3250 train_time:380.747s step_avg:164.61ms
step:2314/3250 train_time:380.909s step_avg:164.61ms
step:2315/3250 train_time:381.068s step_avg:164.61ms
step:2316/3250 train_time:381.228s step_avg:164.61ms
step:2317/3250 train_time:381.388s step_avg:164.60ms
step:2318/3250 train_time:381.550s step_avg:164.60ms
step:2319/3250 train_time:381.711s step_avg:164.60ms
step:2320/3250 train_time:381.870s step_avg:164.60ms
step:2321/3250 train_time:382.032s step_avg:164.60ms
step:2322/3250 train_time:382.192s step_avg:164.60ms
step:2323/3250 train_time:382.353s step_avg:164.59ms
step:2324/3250 train_time:382.514s step_avg:164.59ms
step:2325/3250 train_time:382.674s step_avg:164.59ms
step:2326/3250 train_time:382.836s step_avg:164.59ms
step:2327/3250 train_time:382.998s step_avg:164.59ms
step:2328/3250 train_time:383.158s step_avg:164.59ms
step:2329/3250 train_time:383.318s step_avg:164.58ms
step:2330/3250 train_time:383.480s step_avg:164.58ms
step:2331/3250 train_time:383.641s step_avg:164.58ms
step:2332/3250 train_time:383.801s step_avg:164.58ms
step:2333/3250 train_time:383.962s step_avg:164.58ms
step:2334/3250 train_time:384.123s step_avg:164.58ms
step:2335/3250 train_time:384.283s step_avg:164.58ms
step:2336/3250 train_time:384.442s step_avg:164.57ms
step:2337/3250 train_time:384.603s step_avg:164.57ms
step:2338/3250 train_time:384.764s step_avg:164.57ms
step:2339/3250 train_time:384.924s step_avg:164.57ms
step:2340/3250 train_time:385.086s step_avg:164.57ms
step:2341/3250 train_time:385.245s step_avg:164.56ms
step:2342/3250 train_time:385.405s step_avg:164.56ms
step:2343/3250 train_time:385.565s step_avg:164.56ms
step:2344/3250 train_time:385.724s step_avg:164.56ms
step:2345/3250 train_time:385.885s step_avg:164.56ms
step:2346/3250 train_time:386.044s step_avg:164.55ms
step:2347/3250 train_time:386.205s step_avg:164.55ms
step:2348/3250 train_time:386.363s step_avg:164.55ms
step:2349/3250 train_time:386.523s step_avg:164.55ms
step:2350/3250 train_time:386.686s step_avg:164.55ms
step:2351/3250 train_time:386.845s step_avg:164.54ms
step:2352/3250 train_time:387.007s step_avg:164.54ms
step:2353/3250 train_time:387.168s step_avg:164.54ms
step:2354/3250 train_time:387.329s step_avg:164.54ms
step:2355/3250 train_time:387.488s step_avg:164.54ms
step:2356/3250 train_time:387.648s step_avg:164.54ms
step:2357/3250 train_time:387.809s step_avg:164.53ms
step:2358/3250 train_time:387.969s step_avg:164.53ms
step:2359/3250 train_time:388.129s step_avg:164.53ms
step:2360/3250 train_time:388.289s step_avg:164.53ms
step:2361/3250 train_time:388.451s step_avg:164.53ms
step:2362/3250 train_time:388.611s step_avg:164.53ms
step:2363/3250 train_time:388.770s step_avg:164.52ms
step:2364/3250 train_time:388.930s step_avg:164.52ms
step:2365/3250 train_time:389.090s step_avg:164.52ms
step:2366/3250 train_time:389.251s step_avg:164.52ms
step:2367/3250 train_time:389.412s step_avg:164.52ms
step:2368/3250 train_time:389.575s step_avg:164.52ms
step:2369/3250 train_time:389.736s step_avg:164.51ms
step:2370/3250 train_time:389.897s step_avg:164.51ms
step:2371/3250 train_time:390.059s step_avg:164.51ms
step:2372/3250 train_time:390.220s step_avg:164.51ms
step:2373/3250 train_time:390.380s step_avg:164.51ms
step:2374/3250 train_time:390.540s step_avg:164.51ms
step:2375/3250 train_time:390.699s step_avg:164.51ms
step:2375/3250 val_loss:3.38989 train_time:390.700s step_avg:160.97ms
probe_ema: n=84934656 align=-0.24907,-0.23354,-0.21935,-0.20443,-0.18805,-0.16953 rel_mse=1.05003,1.03245,1.02078,1.01308,1.00804,1.00482
step:2376/3250 train_time:390.863s step_avg:164.50ms
step:2377/3250 train_time:391.024s step_avg:164.50ms
step:2378/3250 train_time:391.188s step_avg:164.50ms
step:2379/3250 train_time:391.349s step_avg:164.50ms
step:2380/3250 train_time:391.509s step_avg:164.50ms
step:2381/3250 train_time:391.670s step_avg:164.50ms
step:2382/3250 train_time:391.833s step_avg:164.50ms
step:2383/3250 train_time:391.992s step_avg:164.50ms
step:2384/3250 train_time:392.153s step_avg:164.49ms
step:2385/3250 train_time:392.312s step_avg:164.49ms
step:2386/3250 train_time:392.475s step_avg:164.49ms
step:2387/3250 train_time:392.636s step_avg:164.49ms
step:2388/3250 train_time:392.797s step_avg:164.49ms
step:2389/3250 train_time:392.960s step_avg:164.49ms
step:2390/3250 train_time:393.120s step_avg:164.49ms
step:2391/3250 train_time:393.280s step_avg:164.48ms
step:2392/3250 train_time:393.441s step_avg:164.48ms
step:2393/3250 train_time:393.603s step_avg:164.48ms
step:2394/3250 train_time:393.764s step_avg:164.48ms
step:2395/3250 train_time:393.925s step_avg:164.48ms
step:2396/3250 train_time:394.084s step_avg:164.48ms
step:2397/3250 train_time:394.245s step_avg:164.47ms
step:2398/3250 train_time:394.404s step_avg:164.47ms
step:2399/3250 train_time:394.564s step_avg:164.47ms
step:2400/3250 train_time:394.724s step_avg:164.47ms
step:2401/3250 train_time:394.885s step_avg:164.47ms
step:2402/3250 train_time:395.045s step_avg:164.46ms
step:2403/3250 train_time:395.204s step_avg:164.46ms
step:2404/3250 train_time:395.364s step_avg:164.46ms
step:2405/3250 train_time:395.524s step_avg:164.46ms
step:2406/3250 train_time:395.683s step_avg:164.46ms
step:2407/3250 train_time:395.845s step_avg:164.46ms
step:2408/3250 train_time:396.006s step_avg:164.45ms
step:2409/3250 train_time:396.166s step_avg:164.45ms
step:2410/3250 train_time:396.325s step_avg:164.45ms
step:2411/3250 train_time:396.485s step_avg:164.45ms
step:2412/3250 train_time:396.644s step_avg:164.45ms
step:2413/3250 train_time:396.804s step_avg:164.44ms
step:2414/3250 train_time:396.964s step_avg:164.44ms
step:2415/3250 train_time:397.125s step_avg:164.44ms
step:2416/3250 train_time:397.285s step_avg:164.44ms
step:2417/3250 train_time:397.446s step_avg:164.44ms
step:2418/3250 train_time:397.605s step_avg:164.44ms
step:2419/3250 train_time:397.764s step_avg:164.43ms
step:2420/3250 train_time:397.924s step_avg:164.43ms
step:2421/3250 train_time:398.090s step_avg:164.43ms
step:2422/3250 train_time:398.250s step_avg:164.43ms
step:2423/3250 train_time:398.411s step_avg:164.43ms
step:2424/3250 train_time:398.571s step_avg:164.43ms
step:2425/3250 train_time:398.731s step_avg:164.43ms
step:2426/3250 train_time:398.891s step_avg:164.42ms
step:2427/3250 train_time:399.054s step_avg:164.42ms
step:2428/3250 train_time:399.215s step_avg:164.42ms
step:2429/3250 train_time:399.375s step_avg:164.42ms
step:2430/3250 train_time:399.536s step_avg:164.42ms
step:2431/3250 train_time:399.697s step_avg:164.42ms
step:2432/3250 train_time:399.859s step_avg:164.42ms
step:2433/3250 train_time:400.019s step_avg:164.41ms
step:2434/3250 train_time:400.182s step_avg:164.41ms
step:2435/3250 train_time:400.341s step_avg:164.41ms
step:2436/3250 train_time:400.500s step_avg:164.41ms
step:2437/3250 train_time:400.661s step_avg:164.41ms
step:2438/3250 train_time:400.821s step_avg:164.41ms
step:2439/3250 train_time:400.983s step_avg:164.40ms
step:2440/3250 train_time:401.144s step_avg:164.40ms
step:2441/3250 train_time:401.305s step_avg:164.40ms
step:2442/3250 train_time:401.465s step_avg:164.40ms
step:2443/3250 train_time:401.624s step_avg:164.40ms
step:2444/3250 train_time:401.784s step_avg:164.40ms
step:2445/3250 train_time:401.945s step_avg:164.39ms
step:2446/3250 train_time:402.106s step_avg:164.39ms
step:2447/3250 train_time:402.266s step_avg:164.39ms
step:2448/3250 train_time:402.426s step_avg:164.39ms
step:2449/3250 train_time:402.586s step_avg:164.39ms
step:2450/3250 train_time:402.747s step_avg:164.39ms
step:2451/3250 train_time:402.908s step_avg:164.39ms
step:2452/3250 train_time:403.068s step_avg:164.38ms
step:2453/3250 train_time:403.229s step_avg:164.38ms
step:2454/3250 train_time:403.388s step_avg:164.38ms
step:2455/3250 train_time:403.548s step_avg:164.38ms
step:2456/3250 train_time:403.707s step_avg:164.38ms
step:2457/3250 train_time:403.868s step_avg:164.37ms
step:2458/3250 train_time:404.028s step_avg:164.37ms
step:2459/3250 train_time:404.190s step_avg:164.37ms
step:2460/3250 train_time:404.350s step_avg:164.37ms
step:2461/3250 train_time:404.510s step_avg:164.37ms
step:2462/3250 train_time:404.669s step_avg:164.37ms
step:2463/3250 train_time:404.829s step_avg:164.36ms
step:2464/3250 train_time:404.988s step_avg:164.36ms
step:2465/3250 train_time:405.149s step_avg:164.36ms
step:2466/3250 train_time:405.310s step_avg:164.36ms
step:2467/3250 train_time:405.470s step_avg:164.36ms
step:2468/3250 train_time:405.629s step_avg:164.36ms
step:2469/3250 train_time:405.788s step_avg:164.35ms
step:2470/3250 train_time:405.948s step_avg:164.35ms
step:2471/3250 train_time:406.173s step_avg:164.38ms
step:2472/3250 train_time:406.333s step_avg:164.37ms
step:2473/3250 train_time:406.492s step_avg:164.37ms
step:2474/3250 train_time:406.652s step_avg:164.37ms
step:2475/3250 train_time:406.813s step_avg:164.37ms
step:2476/3250 train_time:406.974s step_avg:164.37ms
step:2477/3250 train_time:407.136s step_avg:164.37ms
step:2478/3250 train_time:407.298s step_avg:164.37ms
step:2479/3250 train_time:407.459s step_avg:164.36ms
step:2480/3250 train_time:407.619s step_avg:164.36ms
step:2481/3250 train_time:407.780s step_avg:164.36ms
step:2482/3250 train_time:407.940s step_avg:164.36ms
step:2483/3250 train_time:408.101s step_avg:164.36ms
step:2484/3250 train_time:408.261s step_avg:164.36ms
step:2485/3250 train_time:408.421s step_avg:164.35ms
step:2486/3250 train_time:408.581s step_avg:164.35ms
step:2487/3250 train_time:408.742s step_avg:164.35ms
step:2488/3250 train_time:408.903s step_avg:164.35ms
step:2489/3250 train_time:409.064s step_avg:164.35ms
step:2490/3250 train_time:409.222s step_avg:164.35ms
step:2491/3250 train_time:409.384s step_avg:164.35ms
step:2492/3250 train_time:409.544s step_avg:164.34ms
step:2493/3250 train_time:409.703s step_avg:164.34ms
step:2494/3250 train_time:409.866s step_avg:164.34ms
step:2495/3250 train_time:410.026s step_avg:164.34ms
step:2496/3250 train_time:410.186s step_avg:164.34ms
step:2497/3250 train_time:410.348s step_avg:164.34ms
step:2498/3250 train_time:410.506s step_avg:164.33ms
step:2499/3250 train_time:410.666s step_avg:164.33ms
step:2500/3250 train_time:410.828s step_avg:164.33ms
step:2500/3250 val_loss:3.37212 train_time:410.830s step_avg:161.04ms
probe_ema: n=84934656 align=-0.25490,-0.24412,-0.23250,-0.21911,-0.20329,-0.18475 rel_mse=1.05993,1.03876,1.02464,1.01538,1.00940,1.00563
step:2501/3250 train_time:410.993s step_avg:164.33ms
step:2502/3250 train_time:411.156s step_avg:164.33ms
step:2503/3250 train_time:411.319s step_avg:164.33ms
step:2504/3250 train_time:411.478s step_avg:164.33ms
step:2505/3250 train_time:411.637s step_avg:164.33ms
step:2506/3250 train_time:411.797s step_avg:164.32ms
step:2507/3250 train_time:411.958s step_avg:164.32ms
step:2508/3250 train_time:412.119s step_avg:164.32ms
step:2509/3250 train_time:412.279s step_avg:164.32ms
step:2510/3250 train_time:412.441s step_avg:164.32ms
step:2511/3250 train_time:412.600s step_avg:164.32ms
step:2512/3250 train_time:412.759s step_avg:164.31ms
step:2513/3250 train_time:412.919s step_avg:164.31ms
step:2514/3250 train_time:413.078s step_avg:164.31ms
step:2515/3250 train_time:413.239s step_avg:164.31ms
step:2516/3250 train_time:413.400s step_avg:164.31ms
step:2517/3250 train_time:413.560s step_avg:164.31ms
step:2518/3250 train_time:413.719s step_avg:164.30ms
step:2519/3250 train_time:413.880s step_avg:164.30ms
step:2520/3250 train_time:414.039s step_avg:164.30ms
step:2521/3250 train_time:414.200s step_avg:164.30ms
step:2522/3250 train_time:414.359s step_avg:164.30ms
step:2523/3250 train_time:414.519s step_avg:164.30ms
step:2524/3250 train_time:414.679s step_avg:164.29ms
step:2525/3250 train_time:414.841s step_avg:164.29ms
step:2526/3250 train_time:415.003s step_avg:164.29ms
step:2527/3250 train_time:415.164s step_avg:164.29ms
step:2528/3250 train_time:415.324s step_avg:164.29ms
step:2529/3250 train_time:415.485s step_avg:164.29ms
step:2530/3250 train_time:415.645s step_avg:164.29ms
step:2531/3250 train_time:415.806s step_avg:164.29ms
step:2532/3250 train_time:415.966s step_avg:164.28ms
step:2533/3250 train_time:416.129s step_avg:164.28ms
step:2534/3250 train_time:416.290s step_avg:164.28ms
step:2535/3250 train_time:416.448s step_avg:164.28ms
step:2536/3250 train_time:416.610s step_avg:164.28ms
step:2537/3250 train_time:416.770s step_avg:164.28ms
step:2538/3250 train_time:416.934s step_avg:164.28ms
step:2539/3250 train_time:417.095s step_avg:164.28ms
step:2540/3250 train_time:417.255s step_avg:164.27ms
step:2541/3250 train_time:417.416s step_avg:164.27ms
step:2542/3250 train_time:417.576s step_avg:164.27ms
step:2543/3250 train_time:417.736s step_avg:164.27ms
step:2544/3250 train_time:417.896s step_avg:164.27ms
step:2545/3250 train_time:418.057s step_avg:164.27ms
step:2546/3250 train_time:418.217s step_avg:164.26ms
step:2547/3250 train_time:418.376s step_avg:164.26ms
step:2548/3250 train_time:418.537s step_avg:164.26ms
step:2549/3250 train_time:418.697s step_avg:164.26ms
step:2550/3250 train_time:418.858s step_avg:164.26ms
step:2551/3250 train_time:419.020s step_avg:164.26ms
step:2552/3250 train_time:419.179s step_avg:164.26ms
step:2553/3250 train_time:419.338s step_avg:164.25ms
step:2554/3250 train_time:419.499s step_avg:164.25ms
step:2555/3250 train_time:419.659s step_avg:164.25ms
step:2556/3250 train_time:419.820s step_avg:164.25ms
step:2557/3250 train_time:419.980s step_avg:164.25ms
step:2558/3250 train_time:420.141s step_avg:164.25ms
step:2559/3250 train_time:420.300s step_avg:164.24ms
step:2560/3250 train_time:420.460s step_avg:164.24ms
step:2561/3250 train_time:420.620s step_avg:164.24ms
step:2562/3250 train_time:420.779s step_avg:164.24ms
step:2563/3250 train_time:420.939s step_avg:164.24ms
step:2564/3250 train_time:421.100s step_avg:164.24ms
step:2565/3250 train_time:421.260s step_avg:164.23ms
step:2566/3250 train_time:421.420s step_avg:164.23ms
step:2567/3250 train_time:421.581s step_avg:164.23ms
step:2568/3250 train_time:421.740s step_avg:164.23ms
step:2569/3250 train_time:421.899s step_avg:164.23ms
step:2570/3250 train_time:422.059s step_avg:164.23ms
step:2571/3250 train_time:422.220s step_avg:164.22ms
step:2572/3250 train_time:422.378s step_avg:164.22ms
step:2573/3250 train_time:422.538s step_avg:164.22ms
step:2574/3250 train_time:422.700s step_avg:164.22ms
step:2575/3250 train_time:422.859s step_avg:164.22ms
step:2576/3250 train_time:423.019s step_avg:164.22ms
step:2577/3250 train_time:423.180s step_avg:164.21ms
step:2578/3250 train_time:423.341s step_avg:164.21ms
step:2579/3250 train_time:423.501s step_avg:164.21ms
step:2580/3250 train_time:423.660s step_avg:164.21ms
step:2581/3250 train_time:423.820s step_avg:164.21ms
step:2582/3250 train_time:423.979s step_avg:164.21ms
step:2583/3250 train_time:424.138s step_avg:164.20ms
step:2584/3250 train_time:424.298s step_avg:164.20ms
step:2585/3250 train_time:424.459s step_avg:164.20ms
step:2586/3250 train_time:424.620s step_avg:164.20ms
step:2587/3250 train_time:424.779s step_avg:164.20ms
step:2588/3250 train_time:424.939s step_avg:164.20ms
step:2589/3250 train_time:425.098s step_avg:164.19ms
step:2590/3250 train_time:425.259s step_avg:164.19ms
step:2591/3250 train_time:425.420s step_avg:164.19ms
step:2592/3250 train_time:425.579s step_avg:164.19ms
step:2593/3250 train_time:425.739s step_avg:164.19ms
step:2594/3250 train_time:425.899s step_avg:164.19ms
step:2595/3250 train_time:426.059s step_avg:164.18ms
step:2596/3250 train_time:426.219s step_avg:164.18ms
step:2597/3250 train_time:426.379s step_avg:164.18ms
step:2598/3250 train_time:426.541s step_avg:164.18ms
step:2599/3250 train_time:426.701s step_avg:164.18ms
step:2600/3250 train_time:426.861s step_avg:164.18ms
step:2601/3250 train_time:427.020s step_avg:164.18ms
step:2602/3250 train_time:427.180s step_avg:164.17ms
step:2603/3250 train_time:427.339s step_avg:164.17ms
step:2604/3250 train_time:427.501s step_avg:164.17ms
step:2605/3250 train_time:427.665s step_avg:164.17ms
step:2606/3250 train_time:427.825s step_avg:164.17ms
step:2607/3250 train_time:427.988s step_avg:164.17ms
step:2608/3250 train_time:428.148s step_avg:164.17ms
step:2609/3250 train_time:428.310s step_avg:164.17ms
step:2610/3250 train_time:428.471s step_avg:164.17ms
step:2611/3250 train_time:428.633s step_avg:164.16ms
step:2612/3250 train_time:428.795s step_avg:164.16ms
step:2613/3250 train_time:428.955s step_avg:164.16ms
step:2614/3250 train_time:429.116s step_avg:164.16ms
step:2615/3250 train_time:429.276s step_avg:164.16ms
step:2616/3250 train_time:429.437s step_avg:164.16ms
step:2617/3250 train_time:429.599s step_avg:164.16ms
step:2618/3250 train_time:429.758s step_avg:164.16ms
step:2619/3250 train_time:429.919s step_avg:164.15ms
step:2620/3250 train_time:430.078s step_avg:164.15ms
step:2621/3250 train_time:430.239s step_avg:164.15ms
step:2622/3250 train_time:430.400s step_avg:164.15ms
step:2623/3250 train_time:430.563s step_avg:164.15ms
step:2624/3250 train_time:430.725s step_avg:164.15ms
step:2625/3250 train_time:430.884s step_avg:164.15ms
step:2625/3250 val_loss:3.35345 train_time:430.884s step_avg:160.44ms
probe_ema: n=84934656 align=-0.18700,-0.18023,-0.17490,-0.16878,-0.16058,-0.14967 rel_mse=1.04501,1.02981,1.01954,1.01263,1.00801,1.00497
step:2626/3250 train_time:431.044s step_avg:164.14ms
step:2627/3250 train_time:431.204s step_avg:164.14ms
step:2628/3250 train_time:431.363s step_avg:164.14ms
step:2629/3250 train_time:431.525s step_avg:164.14ms
step:2630/3250 train_time:431.685s step_avg:164.14ms
step:2631/3250 train_time:431.845s step_avg:164.14ms
step:2632/3250 train_time:432.009s step_avg:164.14ms
step:2633/3250 train_time:432.171s step_avg:164.14ms
step:2634/3250 train_time:432.332s step_avg:164.14ms
step:2635/3250 train_time:432.495s step_avg:164.13ms
step:2636/3250 train_time:432.655s step_avg:164.13ms
step:2637/3250 train_time:432.816s step_avg:164.13ms
step:2638/3250 train_time:432.977s step_avg:164.13ms
step:2639/3250 train_time:433.138s step_avg:164.13ms
step:2640/3250 train_time:433.297s step_avg:164.13ms
step:2641/3250 train_time:433.459s step_avg:164.13ms
step:2642/3250 train_time:433.618s step_avg:164.13ms
step:2643/3250 train_time:433.778s step_avg:164.12ms
step:2644/3250 train_time:433.940s step_avg:164.12ms
step:2645/3250 train_time:434.099s step_avg:164.12ms
step:2646/3250 train_time:434.259s step_avg:164.12ms
step:2647/3250 train_time:434.425s step_avg:164.12ms
step:2648/3250 train_time:434.584s step_avg:164.12ms
step:2649/3250 train_time:434.745s step_avg:164.12ms
step:2650/3250 train_time:434.904s step_avg:164.11ms
step:2651/3250 train_time:435.064s step_avg:164.11ms
step:2652/3250 train_time:435.224s step_avg:164.11ms
step:2653/3250 train_time:435.384s step_avg:164.11ms
step:2654/3250 train_time:435.546s step_avg:164.11ms
step:2655/3250 train_time:435.705s step_avg:164.11ms
step:2656/3250 train_time:435.866s step_avg:164.11ms
step:2657/3250 train_time:436.026s step_avg:164.10ms
step:2658/3250 train_time:436.184s step_avg:164.10ms
step:2659/3250 train_time:436.344s step_avg:164.10ms
step:2660/3250 train_time:436.504s step_avg:164.10ms
step:2661/3250 train_time:436.731s step_avg:164.12ms
step:2662/3250 train_time:436.891s step_avg:164.12ms
step:2663/3250 train_time:437.052s step_avg:164.12ms
step:2664/3250 train_time:437.213s step_avg:164.12ms
step:2665/3250 train_time:437.374s step_avg:164.12ms
step:2666/3250 train_time:437.535s step_avg:164.12ms
step:2667/3250 train_time:437.697s step_avg:164.12ms
step:2668/3250 train_time:437.856s step_avg:164.11ms
step:2669/3250 train_time:438.016s step_avg:164.11ms
step:2670/3250 train_time:438.175s step_avg:164.11ms
step:2671/3250 train_time:438.335s step_avg:164.11ms
step:2672/3250 train_time:438.496s step_avg:164.11ms
step:2673/3250 train_time:438.656s step_avg:164.11ms
step:2674/3250 train_time:438.817s step_avg:164.11ms
step:2675/3250 train_time:438.977s step_avg:164.10ms
step:2676/3250 train_time:439.135s step_avg:164.10ms
step:2677/3250 train_time:439.295s step_avg:164.10ms
step:2678/3250 train_time:439.455s step_avg:164.10ms
step:2679/3250 train_time:439.616s step_avg:164.10ms
step:2680/3250 train_time:439.776s step_avg:164.10ms
step:2681/3250 train_time:439.938s step_avg:164.09ms
step:2682/3250 train_time:440.097s step_avg:164.09ms
step:2683/3250 train_time:440.257s step_avg:164.09ms
step:2684/3250 train_time:440.415s step_avg:164.09ms
step:2685/3250 train_time:440.576s step_avg:164.09ms
step:2686/3250 train_time:440.737s step_avg:164.09ms
step:2687/3250 train_time:440.896s step_avg:164.08ms
step:2688/3250 train_time:441.057s step_avg:164.08ms
step:2689/3250 train_time:441.223s step_avg:164.08ms
step:2690/3250 train_time:441.383s step_avg:164.08ms
step:2691/3250 train_time:441.542s step_avg:164.08ms
step:2692/3250 train_time:441.701s step_avg:164.08ms
step:2693/3250 train_time:441.863s step_avg:164.08ms
step:2694/3250 train_time:442.022s step_avg:164.08ms
step:2695/3250 train_time:442.184s step_avg:164.08ms
step:2696/3250 train_time:442.342s step_avg:164.07ms
step:2697/3250 train_time:442.502s step_avg:164.07ms
step:2698/3250 train_time:442.661s step_avg:164.07ms
step:2699/3250 train_time:442.820s step_avg:164.07ms
step:2700/3250 train_time:442.981s step_avg:164.07ms
step:2701/3250 train_time:443.139s step_avg:164.06ms
step:2702/3250 train_time:443.301s step_avg:164.06ms
step:2703/3250 train_time:443.459s step_avg:164.06ms
step:2704/3250 train_time:443.618s step_avg:164.06ms
step:2705/3250 train_time:443.779s step_avg:164.06ms
step:2706/3250 train_time:443.938s step_avg:164.06ms
step:2707/3250 train_time:444.099s step_avg:164.06ms
step:2708/3250 train_time:444.259s step_avg:164.05ms
step:2709/3250 train_time:444.420s step_avg:164.05ms
step:2710/3250 train_time:444.580s step_avg:164.05ms
step:2711/3250 train_time:444.738s step_avg:164.05ms
step:2712/3250 train_time:444.898s step_avg:164.05ms
step:2713/3250 train_time:445.058s step_avg:164.05ms
step:2714/3250 train_time:445.218s step_avg:164.05ms
step:2715/3250 train_time:445.379s step_avg:164.04ms
step:2716/3250 train_time:445.540s step_avg:164.04ms
step:2717/3250 train_time:445.699s step_avg:164.04ms
step:2718/3250 train_time:445.859s step_avg:164.04ms
step:2719/3250 train_time:446.018s step_avg:164.04ms
step:2720/3250 train_time:446.178s step_avg:164.04ms
step:2721/3250 train_time:446.338s step_avg:164.03ms
step:2722/3250 train_time:446.498s step_avg:164.03ms
step:2723/3250 train_time:446.661s step_avg:164.03ms
step:2724/3250 train_time:446.822s step_avg:164.03ms
step:2725/3250 train_time:446.983s step_avg:164.03ms
step:2726/3250 train_time:447.143s step_avg:164.03ms
step:2727/3250 train_time:447.302s step_avg:164.03ms
step:2728/3250 train_time:447.460s step_avg:164.03ms
step:2729/3250 train_time:447.619s step_avg:164.02ms
step:2730/3250 train_time:447.780s step_avg:164.02ms
step:2731/3250 train_time:447.939s step_avg:164.02ms
step:2732/3250 train_time:448.099s step_avg:164.02ms
step:2733/3250 train_time:448.261s step_avg:164.02ms
step:2734/3250 train_time:448.419s step_avg:164.02ms
step:2735/3250 train_time:448.580s step_avg:164.01ms
step:2736/3250 train_time:448.738s step_avg:164.01ms
step:2737/3250 train_time:448.899s step_avg:164.01ms
step:2738/3250 train_time:449.059s step_avg:164.01ms
step:2739/3250 train_time:449.218s step_avg:164.01ms
step:2740/3250 train_time:449.379s step_avg:164.01ms
step:2741/3250 train_time:449.539s step_avg:164.01ms
step:2742/3250 train_time:449.700s step_avg:164.00ms
step:2743/3250 train_time:449.859s step_avg:164.00ms
step:2744/3250 train_time:450.019s step_avg:164.00ms
step:2745/3250 train_time:450.180s step_avg:164.00ms
step:2746/3250 train_time:450.339s step_avg:164.00ms
step:2747/3250 train_time:450.499s step_avg:164.00ms
step:2748/3250 train_time:450.659s step_avg:164.00ms
step:2749/3250 train_time:450.818s step_avg:163.99ms
step:2750/3250 train_time:450.978s step_avg:163.99ms
step:2750/3250 val_loss:3.33550 train_time:450.979s step_avg:160.75ms
probe_ema: n=84934656 align=-0.17868,-0.17723,-0.17454,-0.16960,-0.16232,-0.15227 rel_mse=1.04593,1.03131,1.02091,1.01369,1.00878,1.00551
step:2751/3250 train_time:451.138s step_avg:163.99ms
step:2752/3250 train_time:451.299s step_avg:163.99ms
step:2753/3250 train_time:451.459s step_avg:163.99ms
step:2754/3250 train_time:451.619s step_avg:163.99ms
step:2755/3250 train_time:451.779s step_avg:163.99ms
step:2756/3250 train_time:451.939s step_avg:163.98ms
step:2757/3250 train_time:452.099s step_avg:163.98ms
step:2758/3250 train_time:452.258s step_avg:163.98ms
step:2759/3250 train_time:452.418s step_avg:163.98ms
step:2760/3250 train_time:452.578s step_avg:163.98ms
step:2761/3250 train_time:452.738s step_avg:163.98ms
step:2762/3250 train_time:452.900s step_avg:163.98ms
step:2763/3250 train_time:453.059s step_avg:163.97ms
step:2764/3250 train_time:453.219s step_avg:163.97ms
step:2765/3250 train_time:453.378s step_avg:163.97ms
step:2766/3250 train_time:453.539s step_avg:163.97ms
step:2767/3250 train_time:453.699s step_avg:163.97ms
step:2768/3250 train_time:453.858s step_avg:163.97ms
step:2769/3250 train_time:454.020s step_avg:163.97ms
step:2770/3250 train_time:454.180s step_avg:163.96ms
step:2771/3250 train_time:454.339s step_avg:163.96ms
step:2772/3250 train_time:454.498s step_avg:163.96ms
step:2773/3250 train_time:454.660s step_avg:163.96ms
step:2774/3250 train_time:454.819s step_avg:163.96ms
step:2775/3250 train_time:454.978s step_avg:163.96ms
step:2776/3250 train_time:455.139s step_avg:163.96ms
step:2777/3250 train_time:455.300s step_avg:163.95ms
step:2778/3250 train_time:455.459s step_avg:163.95ms
step:2779/3250 train_time:455.620s step_avg:163.95ms
step:2780/3250 train_time:455.779s step_avg:163.95ms
step:2781/3250 train_time:455.939s step_avg:163.95ms
step:2782/3250 train_time:456.098s step_avg:163.95ms
step:2783/3250 train_time:456.259s step_avg:163.95ms
step:2784/3250 train_time:456.416s step_avg:163.94ms
step:2785/3250 train_time:456.576s step_avg:163.94ms
step:2786/3250 train_time:456.736s step_avg:163.94ms
step:2787/3250 train_time:456.898s step_avg:163.94ms
step:2788/3250 train_time:457.057s step_avg:163.94ms
step:2789/3250 train_time:457.217s step_avg:163.94ms
step:2790/3250 train_time:457.377s step_avg:163.93ms
step:2791/3250 train_time:457.536s step_avg:163.93ms
step:2792/3250 train_time:457.695s step_avg:163.93ms
step:2793/3250 train_time:457.855s step_avg:163.93ms
step:2794/3250 train_time:458.016s step_avg:163.93ms
step:2795/3250 train_time:458.174s step_avg:163.93ms
step:2796/3250 train_time:458.334s step_avg:163.93ms
step:2797/3250 train_time:458.496s step_avg:163.92ms
step:2798/3250 train_time:458.656s step_avg:163.92ms
step:2799/3250 train_time:458.818s step_avg:163.92ms
step:2800/3250 train_time:458.978s step_avg:163.92ms
step:2801/3250 train_time:459.138s step_avg:163.92ms
step:2802/3250 train_time:459.298s step_avg:163.92ms
step:2803/3250 train_time:459.458s step_avg:163.92ms
step:2804/3250 train_time:459.618s step_avg:163.92ms
step:2805/3250 train_time:459.777s step_avg:163.91ms
step:2806/3250 train_time:459.939s step_avg:163.91ms
step:2807/3250 train_time:460.098s step_avg:163.91ms
step:2808/3250 train_time:460.258s step_avg:163.91ms
step:2809/3250 train_time:460.422s step_avg:163.91ms
step:2810/3250 train_time:460.579s step_avg:163.91ms
step:2811/3250 train_time:460.739s step_avg:163.91ms
step:2812/3250 train_time:460.898s step_avg:163.90ms
step:2813/3250 train_time:461.059s step_avg:163.90ms
step:2814/3250 train_time:461.220s step_avg:163.90ms
step:2815/3250 train_time:461.379s step_avg:163.90ms
step:2816/3250 train_time:461.540s step_avg:163.90ms
step:2817/3250 train_time:461.700s step_avg:163.90ms
step:2818/3250 train_time:461.859s step_avg:163.90ms
step:2819/3250 train_time:462.019s step_avg:163.89ms
step:2820/3250 train_time:462.178s step_avg:163.89ms
step:2821/3250 train_time:462.338s step_avg:163.89ms
step:2822/3250 train_time:462.497s step_avg:163.89ms
step:2823/3250 train_time:462.659s step_avg:163.89ms
step:2824/3250 train_time:462.819s step_avg:163.89ms
step:2825/3250 train_time:462.979s step_avg:163.89ms
step:2826/3250 train_time:463.140s step_avg:163.89ms
step:2827/3250 train_time:463.301s step_avg:163.88ms
step:2828/3250 train_time:463.460s step_avg:163.88ms
step:2829/3250 train_time:463.620s step_avg:163.88ms
step:2830/3250 train_time:463.779s step_avg:163.88ms
step:2831/3250 train_time:463.939s step_avg:163.88ms
step:2832/3250 train_time:464.100s step_avg:163.88ms
step:2833/3250 train_time:464.261s step_avg:163.88ms
step:2834/3250 train_time:464.420s step_avg:163.87ms
step:2835/3250 train_time:464.580s step_avg:163.87ms
step:2836/3250 train_time:464.739s step_avg:163.87ms
step:2837/3250 train_time:464.898s step_avg:163.87ms
step:2838/3250 train_time:465.058s step_avg:163.87ms
step:2839/3250 train_time:465.219s step_avg:163.87ms
step:2840/3250 train_time:465.379s step_avg:163.87ms
step:2841/3250 train_time:465.540s step_avg:163.86ms
step:2842/3250 train_time:465.703s step_avg:163.86ms
step:2843/3250 train_time:465.861s step_avg:163.86ms
step:2844/3250 train_time:466.020s step_avg:163.86ms
step:2845/3250 train_time:466.178s step_avg:163.86ms
step:2846/3250 train_time:466.338s step_avg:163.86ms
step:2847/3250 train_time:466.499s step_avg:163.86ms
step:2848/3250 train_time:466.659s step_avg:163.85ms
step:2849/3250 train_time:466.821s step_avg:163.85ms
step:2850/3250 train_time:466.979s step_avg:163.85ms
step:2851/3250 train_time:467.203s step_avg:163.87ms
step:2852/3250 train_time:467.363s step_avg:163.87ms
step:2853/3250 train_time:467.522s step_avg:163.87ms
step:2854/3250 train_time:467.682s step_avg:163.87ms
step:2855/3250 train_time:467.841s step_avg:163.87ms
step:2856/3250 train_time:468.001s step_avg:163.87ms
step:2857/3250 train_time:468.161s step_avg:163.86ms
step:2858/3250 train_time:468.320s step_avg:163.86ms
step:2859/3250 train_time:468.478s step_avg:163.86ms
step:2860/3250 train_time:468.638s step_avg:163.86ms
step:2861/3250 train_time:468.798s step_avg:163.86ms
step:2862/3250 train_time:468.958s step_avg:163.86ms
step:2863/3250 train_time:469.117s step_avg:163.85ms
step:2864/3250 train_time:469.276s step_avg:163.85ms
step:2865/3250 train_time:469.437s step_avg:163.85ms
step:2866/3250 train_time:469.595s step_avg:163.85ms
step:2867/3250 train_time:469.755s step_avg:163.85ms
step:2868/3250 train_time:469.915s step_avg:163.85ms
step:2869/3250 train_time:470.075s step_avg:163.85ms
step:2870/3250 train_time:470.235s step_avg:163.84ms
step:2871/3250 train_time:470.397s step_avg:163.84ms
step:2872/3250 train_time:470.558s step_avg:163.84ms
step:2873/3250 train_time:470.718s step_avg:163.84ms
step:2874/3250 train_time:470.881s step_avg:163.84ms
step:2875/3250 train_time:471.040s step_avg:163.84ms
step:2875/3250 val_loss:3.31698 train_time:471.040s step_avg:160.49ms
probe_ema: n=84934656 align=-0.10192,-0.11710,-0.12855,-0.13502,-0.13623,-0.13254 rel_mse=1.03872,1.02825,1.02000,1.01369,1.00906,1.00581
step:2876/3250 train_time:471.202s step_avg:163.84ms
step:2877/3250 train_time:471.364s step_avg:163.84ms
step:2878/3250 train_time:471.524s step_avg:163.84ms
step:2879/3250 train_time:471.686s step_avg:163.84ms
step:2880/3250 train_time:471.844s step_avg:163.83ms
step:2881/3250 train_time:472.003s step_avg:163.83ms
step:2882/3250 train_time:472.162s step_avg:163.83ms
step:2883/3250 train_time:472.322s step_avg:163.83ms
step:2884/3250 train_time:472.482s step_avg:163.83ms
step:2885/3250 train_time:472.641s step_avg:163.83ms
step:2886/3250 train_time:472.800s step_avg:163.83ms
step:2887/3250 train_time:472.960s step_avg:163.82ms
step:2888/3250 train_time:473.120s step_avg:163.82ms
step:2889/3250 train_time:473.280s step_avg:163.82ms
step:2890/3250 train_time:473.440s step_avg:163.82ms
step:2891/3250 train_time:473.601s step_avg:163.82ms
step:2892/3250 train_time:473.759s step_avg:163.82ms
step:2893/3250 train_time:473.922s step_avg:163.82ms
step:2894/3250 train_time:474.083s step_avg:163.82ms
step:2895/3250 train_time:474.243s step_avg:163.81ms
step:2896/3250 train_time:474.407s step_avg:163.81ms
step:2897/3250 train_time:474.566s step_avg:163.81ms
step:2898/3250 train_time:474.725s step_avg:163.81ms
step:2899/3250 train_time:474.884s step_avg:163.81ms
step:2900/3250 train_time:475.044s step_avg:163.81ms
step:2900/3250 val_loss:3.31334 train_time:475.045s step_avg:160.17ms
probe_ema: n=84934656 align=-0.08845,-0.10559,-0.11876,-0.12705,-0.12971,-0.12690 rel_mse=1.03674,1.02719,1.01938,1.01336,1.00889,1.00571
step:2901/3250 train_time:475.205s step_avg:163.81ms
step:2902/3250 train_time:475.368s step_avg:163.81ms
step:2903/3250 train_time:475.527s step_avg:163.81ms
step:2904/3250 train_time:475.688s step_avg:163.80ms
step:2905/3250 train_time:475.847s step_avg:163.80ms
step:2906/3250 train_time:476.015s step_avg:163.80ms
step:2907/3250 train_time:476.174s step_avg:163.80ms
step:2908/3250 train_time:476.334s step_avg:163.80ms
step:2909/3250 train_time:476.493s step_avg:163.80ms
step:2910/3250 train_time:476.654s step_avg:163.80ms
step:2910/3250 val_loss:3.31168 train_time:476.654s step_avg:160.98ms
probe_ema: n=84934656 align=-0.07465,-0.08848,-0.10106,-0.11001,-0.11377,-0.11199 rel_mse=1.03107,1.02250,1.01618,1.01139,1.00774,1.00504
step:2911/3250 train_time:476.817s step_avg:163.80ms
step:2912/3250 train_time:476.980s step_avg:163.80ms
step:2913/3250 train_time:477.142s step_avg:163.80ms
step:2914/3250 train_time:477.301s step_avg:163.80ms
step:2915/3250 train_time:477.462s step_avg:163.79ms
step:2916/3250 train_time:477.623s step_avg:163.79ms
step:2917/3250 train_time:477.783s step_avg:163.79ms
step:2918/3250 train_time:477.942s step_avg:163.79ms
step:2919/3250 train_time:478.103s step_avg:163.79ms
step:2920/3250 train_time:478.262s step_avg:163.79ms
step:2920/3250 val_loss:3.31029 train_time:478.262s step_avg:160.77ms
probe_ema: n=84934656 align=-0.10018,-0.11076,-0.11965,-0.12525,-0.12650,-0.12323 rel_mse=1.04051,1.02837,1.01955,1.01323,1.00874,1.00561
step:2921/3250 train_time:478.424s step_avg:163.79ms
step:2922/3250 train_time:478.584s step_avg:163.79ms
step:2923/3250 train_time:478.746s step_avg:163.79ms
step:2924/3250 train_time:478.905s step_avg:163.78ms
step:2925/3250 train_time:479.066s step_avg:163.78ms
step:2925/3250 val_loss:3.30950 train_time:479.066s step_avg:160.85ms
probe_ema: n=84934656 align=-0.09802,-0.10949,-0.11869,-0.12443,-0.12610,-0.12318 rel_mse=1.04004,1.02813,1.01950,1.01327,1.00882,1.00570
step:2926/3250 train_time:479.229s step_avg:163.78ms
step:2927/3250 train_time:479.388s step_avg:163.78ms
step:2928/3250 train_time:479.550s step_avg:163.78ms
step:2929/3250 train_time:479.709s step_avg:163.78ms
step:2930/3250 train_time:479.869s step_avg:163.78ms
step:2930/3250 val_loss:3.30912 train_time:479.869s step_avg:160.52ms
probe_ema: n=84934656 align=-0.10248,-0.11751,-0.12776,-0.13268,-0.13295,-0.12901 rel_mse=1.03791,1.02760,1.01938,1.01314,1.00865,1.00555
step:2931/3250 train_time:480.030s step_avg:163.78ms
step:2932/3250 train_time:480.190s step_avg:163.78ms
step:2933/3250 train_time:480.349s step_avg:163.77ms
step:2934/3250 train_time:480.510s step_avg:163.77ms
step:2935/3250 train_time:480.668s step_avg:163.77ms
step:2936/3250 train_time:480.829s step_avg:163.77ms
step:2937/3250 train_time:480.989s step_avg:163.77ms
step:2938/3250 train_time:481.149s step_avg:163.77ms
step:2939/3250 train_time:481.309s step_avg:163.77ms
step:2940/3250 train_time:481.469s step_avg:163.77ms
step:2940/3250 val_loss:3.30773 train_time:481.470s step_avg:160.09ms
probe_ema: n=84934656 align=-0.06913,-0.08766,-0.10412,-0.11483,-0.11903,-0.11747 rel_mse=1.03335,1.02442,1.01771,1.01245,1.00840,1.00545
step:2941/3250 train_time:481.630s step_avg:163.76ms
step:2942/3250 train_time:481.791s step_avg:163.76ms
step:2943/3250 train_time:481.950s step_avg:163.76ms
step:2944/3250 train_time:482.112s step_avg:163.76ms
step:2945/3250 train_time:482.271s step_avg:163.76ms
step:2946/3250 train_time:482.431s step_avg:163.76ms
step:2947/3250 train_time:482.592s step_avg:163.76ms
step:2948/3250 train_time:482.752s step_avg:163.76ms
step:2949/3250 train_time:482.914s step_avg:163.76ms
step:2950/3250 train_time:483.073s step_avg:163.75ms
step:2950/3250 val_loss:3.30608 train_time:483.073s step_avg:160.36ms
probe_ema: n=84934656 align=-0.10855,-0.11759,-0.12424,-0.12765,-0.12734,-0.12330 rel_mse=1.04098,1.02867,1.01968,1.01323,1.00869,1.00556
step:2951/3250 train_time:483.237s step_avg:163.75ms
step:2952/3250 train_time:483.396s step_avg:163.75ms
step:2953/3250 train_time:483.554s step_avg:163.75ms
step:2954/3250 train_time:483.716s step_avg:163.75ms
step:2955/3250 train_time:483.875s step_avg:163.75ms
step:2956/3250 train_time:484.035s step_avg:163.75ms
step:2957/3250 train_time:484.195s step_avg:163.75ms
step:2958/3250 train_time:484.355s step_avg:163.74ms
step:2959/3250 train_time:484.516s step_avg:163.74ms
step:2960/3250 train_time:484.673s step_avg:163.74ms
step:2960/3250 val_loss:3.30471 train_time:484.673s step_avg:159.99ms
probe_ema: n=84934656 align=-0.08292,-0.09696,-0.10796,-0.11446,-0.11618,-0.11358 rel_mse=1.03348,1.02422,1.01716,1.01183,1.00791,1.00512
step:2961/3250 train_time:484.833s step_avg:163.74ms
step:2962/3250 train_time:484.996s step_avg:163.74ms
step:2963/3250 train_time:485.157s step_avg:163.74ms
step:2964/3250 train_time:485.315s step_avg:163.74ms
step:2965/3250 train_time:485.475s step_avg:163.74ms
step:2966/3250 train_time:485.635s step_avg:163.73ms
step:2967/3250 train_time:485.796s step_avg:163.73ms
step:2968/3250 train_time:485.954s step_avg:163.73ms
step:2969/3250 train_time:486.116s step_avg:163.73ms
step:2970/3250 train_time:486.276s step_avg:163.73ms
step:2970/3250 val_loss:3.30320 train_time:486.276s step_avg:160.24ms
probe_ema: n=84934656 align=-0.05832,-0.07574,-0.09100,-0.10164,-0.10676,-0.10651 rel_mse=1.03349,1.02406,1.01718,1.01200,1.00811,1.00529
step:2971/3250 train_time:486.439s step_avg:163.73ms
step:2972/3250 train_time:486.599s step_avg:163.73ms
step:2973/3250 train_time:486.759s step_avg:163.73ms
step:2974/3250 train_time:486.920s step_avg:163.73ms
step:2975/3250 train_time:487.080s step_avg:163.72ms
step:2975/3250 val_loss:3.30274 train_time:487.080s step_avg:160.82ms
probe_ema: n=84934656 align=-0.06304,-0.08443,-0.09971,-0.10893,-0.11254,-0.11129 rel_mse=1.03310,1.02526,1.01832,1.01272,1.00851,1.00550
step:2976/3250 train_time:487.242s step_avg:163.72ms
step:2977/3250 train_time:487.403s step_avg:163.72ms
step:2978/3250 train_time:487.564s step_avg:163.72ms
step:2979/3250 train_time:487.724s step_avg:163.72ms
step:2980/3250 train_time:487.885s step_avg:163.72ms
step:2980/3250 val_loss:3.30194 train_time:487.885s step_avg:161.03ms
probe_ema: n=84934656 align=-0.06532,-0.08078,-0.09432,-0.10373,-0.10802,-0.10742 rel_mse=1.03361,1.02423,1.01732,1.01209,1.00817,1.00532
step:2981/3250 train_time:488.049s step_avg:163.72ms
step:2982/3250 train_time:488.208s step_avg:163.72ms
step:2983/3250 train_time:488.368s step_avg:163.72ms
step:2984/3250 train_time:488.528s step_avg:163.72ms
step:2985/3250 train_time:488.689s step_avg:163.72ms
step:2986/3250 train_time:488.851s step_avg:163.71ms
step:2987/3250 train_time:489.009s step_avg:163.71ms
step:2988/3250 train_time:489.170s step_avg:163.71ms
step:2989/3250 train_time:489.329s step_avg:163.71ms
step:2990/3250 train_time:489.488s step_avg:163.71ms
step:2990/3250 val_loss:3.30085 train_time:489.488s step_avg:160.30ms
probe_ema: n=84934656 align=-0.17676,-0.17719,-0.17669,-0.17351,-0.16691,-0.15731 rel_mse=1.06789,1.04445,1.02863,1.01820,1.01140,1.00703
step:2991/3250 train_time:489.651s step_avg:163.71ms
step:2992/3250 train_time:489.812s step_avg:163.71ms
step:2993/3250 train_time:489.974s step_avg:163.71ms
step:2994/3250 train_time:490.134s step_avg:163.71ms
step:2995/3250 train_time:490.301s step_avg:163.71ms
step:2996/3250 train_time:490.462s step_avg:163.71ms
step:2997/3250 train_time:490.622s step_avg:163.70ms
step:2998/3250 train_time:490.781s step_avg:163.70ms
step:2999/3250 train_time:490.939s step_avg:163.70ms
step:3000/3250 train_time:491.099s step_avg:163.70ms
step:3000/3250 val_loss:3.29940 train_time:491.099s step_avg:161.13ms
probe_ema: n=84934656 align=-0.03567,-0.05988,-0.08056,-0.09487,-0.10223,-0.10369 rel_mse=1.02668,1.02110,1.01623,1.01188,1.00823,1.00545
step:3001/3250 train_time:491.261s step_avg:163.70ms
step:3002/3250 train_time:491.421s step_avg:163.70ms
step:3003/3250 train_time:491.580s step_avg:163.70ms
step:3004/3250 train_time:491.741s step_avg:163.70ms
step:3005/3250 train_time:491.901s step_avg:163.69ms
step:3006/3250 train_time:492.062s step_avg:163.69ms
step:3007/3250 train_time:492.221s step_avg:163.69ms
step:3008/3250 train_time:492.381s step_avg:163.69ms
step:3009/3250 train_time:492.540s step_avg:163.69ms
step:3010/3250 train_time:492.700s step_avg:163.69ms
step:3010/3250 val_loss:3.29793 train_time:492.700s step_avg:160.09ms
probe_ema: n=84934656 align=-0.08646,-0.09723,-0.10643,-0.11322,-0.11600,-0.11426 rel_mse=1.04164,1.02937,1.02028,1.01379,1.00917,1.00591
step:3011/3250 train_time:492.864s step_avg:163.69ms
step:3012/3250 train_time:493.026s step_avg:163.69ms
step:3013/3250 train_time:493.186s step_avg:163.69ms
step:3014/3250 train_time:493.348s step_avg:163.69ms
step:3015/3250 train_time:493.508s step_avg:163.68ms
step:3016/3250 train_time:493.667s step_avg:163.68ms
step:3017/3250 train_time:493.831s step_avg:163.68ms
step:3018/3250 train_time:493.990s step_avg:163.68ms
step:3019/3250 train_time:494.150s step_avg:163.68ms
step:3020/3250 train_time:494.309s step_avg:163.68ms
step:3020/3250 val_loss:3.29620 train_time:494.309s step_avg:160.85ms
probe_ema: n=84934656 align=-0.09093,-0.10163,-0.11059,-0.11628,-0.11802,-0.11581 rel_mse=1.04044,1.02838,1.01964,1.01336,1.00889,1.00576
step:3021/3250 train_time:494.469s step_avg:163.68ms
step:3022/3250 train_time:494.631s step_avg:163.68ms
step:3023/3250 train_time:494.790s step_avg:163.68ms
step:3024/3250 train_time:494.949s step_avg:163.67ms
step:3025/3250 train_time:495.109s step_avg:163.67ms
step:3025/3250 val_loss:3.29534 train_time:495.109s step_avg:160.05ms
probe_ema: n=84934656 align=-0.09627,-0.10258,-0.10954,-0.11414,-0.11508,-0.11224 rel_mse=1.04126,1.02836,1.01944,1.01316,1.00872,1.00562
step:3026/3250 train_time:495.270s step_avg:163.67ms
step:3027/3250 train_time:495.431s step_avg:163.67ms
step:3028/3250 train_time:495.593s step_avg:163.67ms
step:3029/3250 train_time:495.756s step_avg:163.67ms
step:3030/3250 train_time:495.916s step_avg:163.67ms
step:3030/3250 val_loss:3.29466 train_time:495.916s step_avg:161.38ms
probe_ema: n=84934656 align=-0.06982,-0.08676,-0.09949,-0.10705,-0.10954,-0.10770 rel_mse=1.03453,1.02536,1.01809,1.01247,1.00833,1.00539
step:3031/3250 train_time:496.079s step_avg:163.67ms
step:3032/3250 train_time:496.239s step_avg:163.67ms
step:3033/3250 train_time:496.400s step_avg:163.67ms
step:3034/3250 train_time:496.560s step_avg:163.67ms
step:3035/3250 train_time:496.720s step_avg:163.66ms
step:3036/3250 train_time:496.879s step_avg:163.66ms
step:3037/3250 train_time:497.039s step_avg:163.66ms
step:3038/3250 train_time:497.198s step_avg:163.66ms
step:3039/3250 train_time:497.358s step_avg:163.66ms
step:3040/3250 train_time:497.519s step_avg:163.66ms
step:3040/3250 val_loss:3.29330 train_time:497.519s step_avg:160.28ms
probe_ema: n=84934656 align=-0.01746,-0.04100,-0.06133,-0.07602,-0.08435,-0.08696 rel_mse=1.02502,1.01941,1.01474,1.01075,1.00749,1.00499
step:3041/3250 train_time:497.742s step_avg:163.68ms
step:3042/3250 train_time:497.901s step_avg:163.68ms
step:3043/3250 train_time:498.061s step_avg:163.67ms
step:3044/3250 train_time:498.222s step_avg:163.67ms
step:3045/3250 train_time:498.382s step_avg:163.67ms
step:3046/3250 train_time:498.542s step_avg:163.67ms
step:3047/3250 train_time:498.702s step_avg:163.67ms
step:3048/3250 train_time:498.861s step_avg:163.67ms
step:3049/3250 train_time:499.020s step_avg:163.67ms
step:3050/3250 train_time:499.187s step_avg:163.67ms
step:3050/3250 val_loss:3.29221 train_time:499.187s step_avg:166.85ms
probe_ema: n=84934656 align=-0.13674,-0.14103,-0.14397,-0.14387,-0.14006,-0.13299 rel_mse=1.05937,1.03877,1.02522,1.01626,1.01032,1.00644
step:3051/3250 train_time:499.347s step_avg:163.67ms
step:3052/3250 train_time:499.508s step_avg:163.67ms
step:3053/3250 train_time:499.671s step_avg:163.67ms
step:3054/3250 train_time:499.830s step_avg:163.66ms
step:3055/3250 train_time:499.990s step_avg:163.66ms
step:3056/3250 train_time:500.149s step_avg:163.66ms
step:3057/3250 train_time:500.308s step_avg:163.66ms
step:3058/3250 train_time:500.467s step_avg:163.66ms
step:3059/3250 train_time:500.629s step_avg:163.66ms
step:3060/3250 train_time:500.790s step_avg:163.66ms
step:3060/3250 val_loss:3.29126 train_time:500.790s step_avg:160.31ms
probe_ema: n=84934656 align=0.01375,-0.02985,-0.06301,-0.08376,-0.09391,-0.09634 rel_mse=1.01477,1.01608,1.01438,1.01119,1.00792,1.00526
step:3061/3250 train_time:500.954s step_avg:163.66ms
step:3062/3250 train_time:501.113s step_avg:163.66ms
step:3063/3250 train_time:501.274s step_avg:163.65ms
step:3064/3250 train_time:501.433s step_avg:163.65ms
step:3065/3250 train_time:501.594s step_avg:163.65ms
step:3066/3250 train_time:501.753s step_avg:163.65ms
step:3067/3250 train_time:501.912s step_avg:163.65ms
step:3068/3250 train_time:502.073s step_avg:163.65ms
step:3069/3250 train_time:502.232s step_avg:163.65ms
step:3070/3250 train_time:502.394s step_avg:163.65ms
step:3070/3250 val_loss:3.28982 train_time:502.394s step_avg:160.35ms
probe_ema: n=84934656 align=-0.07085,-0.08398,-0.09579,-0.10459,-0.10826,-0.10679 rel_mse=1.03434,1.02468,1.01753,1.01225,1.00829,1.00540
step:3071/3250 train_time:502.557s step_avg:163.65ms
step:3072/3250 train_time:502.719s step_avg:163.65ms
step:3073/3250 train_time:502.879s step_avg:163.64ms
step:3074/3250 train_time:503.039s step_avg:163.64ms
step:3075/3250 train_time:503.202s step_avg:163.64ms
step:3075/3250 val_loss:3.28908 train_time:503.203s step_avg:161.75ms
probe_ema: n=84934656 align=-0.03302,-0.05377,-0.07082,-0.08373,-0.09113,-0.09295 rel_mse=1.02836,1.02173,1.01611,1.01159,1.00801,1.00531
step:3076/3250 train_time:503.363s step_avg:163.64ms
step:3077/3250 train_time:503.523s step_avg:163.64ms
step:3078/3250 train_time:503.686s step_avg:163.64ms
step:3079/3250 train_time:503.845s step_avg:163.64ms
step:3080/3250 train_time:504.004s step_avg:163.64ms
step:3080/3250 val_loss:3.28852 train_time:504.005s step_avg:160.40ms
probe_ema: n=84934656 align=-0.02324,-0.04903,-0.06890,-0.08274,-0.09034,-0.09211 rel_mse=1.02610,1.02067,1.01558,1.01126,1.00779,1.00516
step:3081/3250 train_time:504.167s step_avg:163.64ms
step:3082/3250 train_time:504.328s step_avg:163.64ms
step:3083/3250 train_time:504.487s step_avg:163.64ms
step:3084/3250 train_time:504.647s step_avg:163.63ms
step:3085/3250 train_time:504.807s step_avg:163.63ms
step:3086/3250 train_time:504.966s step_avg:163.63ms
step:3087/3250 train_time:505.127s step_avg:163.63ms
step:3088/3250 train_time:505.287s step_avg:163.63ms
step:3089/3250 train_time:505.447s step_avg:163.63ms
step:3090/3250 train_time:505.605s step_avg:163.63ms
step:3090/3250 val_loss:3.28747 train_time:505.606s step_avg:160.10ms
probe_ema: n=84934656 align=-0.10058,-0.11244,-0.12036,-0.12358,-0.12221,-0.11676 rel_mse=1.04991,1.03378,1.02250,1.01474,1.00946,1.00593
step:3091/3250 train_time:505.767s step_avg:163.63ms
step:3092/3250 train_time:505.929s step_avg:163.63ms
step:3093/3250 train_time:506.089s step_avg:163.62ms
step:3094/3250 train_time:506.249s step_avg:163.62ms
step:3095/3250 train_time:506.410s step_avg:163.62ms
step:3096/3250 train_time:506.570s step_avg:163.62ms
step:3097/3250 train_time:506.731s step_avg:163.62ms
step:3098/3250 train_time:506.890s step_avg:163.62ms
step:3099/3250 train_time:507.051s step_avg:163.62ms
step:3100/3250 train_time:507.210s step_avg:163.62ms
step:3100/3250 val_loss:3.28625 train_time:507.210s step_avg:160.47ms
probe_ema: n=84934656 align=0.02705,-0.00771,-0.03860,-0.06047,-0.07319,-0.07847 rel_mse=1.01533,1.01473,1.01307,1.01036,1.00750,1.00509
step:3101/3250 train_time:507.373s step_avg:163.62ms
step:3102/3250 train_time:507.533s step_avg:163.61ms
step:3103/3250 train_time:507.694s step_avg:163.61ms
step:3104/3250 train_time:507.853s step_avg:163.61ms
step:3105/3250 train_time:508.013s step_avg:163.61ms
step:3106/3250 train_time:508.172s step_avg:163.61ms
step:3107/3250 train_time:508.333s step_avg:163.61ms
step:3108/3250 train_time:508.492s step_avg:163.61ms
step:3109/3250 train_time:508.652s step_avg:163.61ms
step:3110/3250 train_time:508.812s step_avg:163.61ms
step:3110/3250 val_loss:3.28514 train_time:508.814s step_avg:160.35ms
probe_ema: n=84934656 align=-0.02797,-0.05141,-0.07006,-0.08261,-0.08893,-0.08995 rel_mse=1.02934,1.02302,1.01715,1.01218,1.00827,1.00540
step:3111/3250 train_time:508.977s step_avg:163.61ms
step:3112/3250 train_time:509.140s step_avg:163.61ms
step:3113/3250 train_time:509.301s step_avg:163.60ms
step:3114/3250 train_time:509.462s step_avg:163.60ms
step:3115/3250 train_time:509.621s step_avg:163.60ms
step:3116/3250 train_time:509.780s step_avg:163.60ms
step:3117/3250 train_time:509.940s step_avg:163.60ms
step:3118/3250 train_time:510.100s step_avg:163.60ms
step:3119/3250 train_time:510.261s step_avg:163.60ms
step:3120/3250 train_time:510.420s step_avg:163.60ms
step:3120/3250 val_loss:3.28407 train_time:510.420s step_avg:160.68ms
probe_ema: n=84934656 align=-0.01758,-0.04239,-0.06219,-0.07585,-0.08325,-0.08520 rel_mse=1.02936,1.02270,1.01691,1.01209,1.00828,1.00544
step:3121/3250 train_time:510.580s step_avg:163.60ms
step:3122/3250 train_time:510.743s step_avg:163.59ms
step:3123/3250 train_time:510.908s step_avg:163.60ms
step:3124/3250 train_time:511.067s step_avg:163.59ms
step:3125/3250 train_time:511.228s step_avg:163.59ms
step:3125/3250 val_loss:3.28351 train_time:511.228s step_avg:161.47ms
probe_ema: n=84934656 align=-0.01350,-0.03649,-0.05801,-0.07321,-0.08135,-0.08357 rel_mse=1.02451,1.01924,1.01510,1.01126,1.00792,1.00528
step:3126/3250 train_time:511.392s step_avg:163.59ms
step:3127/3250 train_time:511.552s step_avg:163.59ms
step:3128/3250 train_time:511.713s step_avg:163.59ms
step:3129/3250 train_time:511.874s step_avg:163.59ms
step:3130/3250 train_time:512.034s step_avg:163.59ms
step:3130/3250 val_loss:3.28286 train_time:512.034s step_avg:161.32ms
probe_ema: n=84934656 align=-0.00727,-0.02924,-0.04828,-0.06276,-0.07130,-0.07397 rel_mse=1.02162,1.01704,1.01313,1.00978,1.00694,1.00466
step:3131/3250 train_time:512.194s step_avg:163.59ms
step:3132/3250 train_time:512.359s step_avg:163.59ms
step:3133/3250 train_time:512.518s step_avg:163.59ms
step:3134/3250 train_time:512.679s step_avg:163.59ms
step:3135/3250 train_time:512.838s step_avg:163.58ms
step:3136/3250 train_time:512.998s step_avg:163.58ms
step:3137/3250 train_time:513.158s step_avg:163.58ms
step:3138/3250 train_time:513.317s step_avg:163.58ms
step:3139/3250 train_time:513.478s step_avg:163.58ms
step:3140/3250 train_time:513.637s step_avg:163.58ms
step:3140/3250 val_loss:3.28183 train_time:513.637s step_avg:160.29ms
probe_ema: n=84934656 align=-0.02013,-0.03762,-0.05479,-0.06786,-0.07516,-0.07699 rel_mse=1.02602,1.01921,1.01431,1.01040,1.00726,1.00483
step:3141/3250 train_time:513.800s step_avg:163.58ms
step:3142/3250 train_time:513.960s step_avg:163.58ms
step:3143/3250 train_time:514.121s step_avg:163.58ms
step:3144/3250 train_time:514.281s step_avg:163.58ms
step:3145/3250 train_time:514.440s step_avg:163.57ms
step:3146/3250 train_time:514.601s step_avg:163.57ms
step:3147/3250 train_time:514.763s step_avg:163.57ms
step:3148/3250 train_time:514.922s step_avg:163.57ms
step:3149/3250 train_time:515.082s step_avg:163.57ms
step:3150/3250 train_time:515.241s step_avg:163.57ms
step:3150/3250 val_loss:3.28078 train_time:515.241s step_avg:160.40ms
probe_ema: n=84934656 align=-0.00291,-0.01844,-0.03385,-0.04734,-0.05673,-0.06097 rel_mse=1.02401,1.01719,1.01249,1.00907,1.00642,1.00434
step:3151/3250 train_time:515.405s step_avg:163.57ms
step:3152/3250 train_time:515.566s step_avg:163.57ms
step:3153/3250 train_time:515.726s step_avg:163.57ms
step:3154/3250 train_time:515.885s step_avg:163.57ms
step:3155/3250 train_time:516.045s step_avg:163.56ms
step:3156/3250 train_time:516.206s step_avg:163.56ms
step:3157/3250 train_time:516.365s step_avg:163.56ms
step:3158/3250 train_time:516.524s step_avg:163.56ms
step:3159/3250 train_time:516.685s step_avg:163.56ms
step:3160/3250 train_time:516.844s step_avg:163.56ms
step:3160/3250 val_loss:3.27982 train_time:516.844s step_avg:160.31ms
probe_ema: n=84934656 align=0.04157,0.01040,-0.01512,-0.03382,-0.04630,-0.05309 rel_mse=1.01319,1.01258,1.01050,1.00801,1.00577,1.00396
step:3161/3250 train_time:517.008s step_avg:163.56ms
step:3162/3250 train_time:517.170s step_avg:163.56ms
step:3163/3250 train_time:517.331s step_avg:163.56ms
step:3164/3250 train_time:517.491s step_avg:163.56ms
step:3165/3250 train_time:517.651s step_avg:163.55ms
step:3166/3250 train_time:517.810s step_avg:163.55ms
step:3167/3250 train_time:517.970s step_avg:163.55ms
step:3168/3250 train_time:518.129s step_avg:163.55ms
step:3169/3250 train_time:518.289s step_avg:163.55ms
step:3170/3250 train_time:518.451s step_avg:163.55ms
step:3170/3250 val_loss:3.27895 train_time:518.451s step_avg:160.70ms
probe_ema: n=84934656 align=0.01675,-0.00552,-0.02542,-0.04054,-0.05054,-0.05566 rel_mse=1.01771,1.01423,1.01132,1.00855,1.00610,1.00413
step:3171/3250 train_time:518.615s step_avg:163.55ms
step:3172/3250 train_time:518.775s step_avg:163.55ms
step:3173/3250 train_time:518.935s step_avg:163.55ms
step:3174/3250 train_time:519.096s step_avg:163.55ms
step:3175/3250 train_time:519.256s step_avg:163.55ms
step:3175/3250 val_loss:3.27851 train_time:519.257s step_avg:161.16ms
probe_ema: n=84934656 align=0.03519,0.01090,-0.01233,-0.03026,-0.04211,-0.04863 rel_mse=1.01332,1.01086,1.00911,1.00723,1.00534,1.00370
step:3176/3250 train_time:519.418s step_avg:163.54ms
step:3177/3250 train_time:519.580s step_avg:163.54ms
step:3178/3250 train_time:519.740s step_avg:163.54ms
step:3179/3250 train_time:519.901s step_avg:163.54ms
step:3180/3250 train_time:520.060s step_avg:163.54ms
step:3180/3250 val_loss:3.27813 train_time:520.060s step_avg:160.51ms
probe_ema: n=84934656 align=-0.02437,-0.03629,-0.04778,-0.05706,-0.06288,-0.06511 rel_mse=1.02941,1.02086,1.01471,1.01028,1.00700,1.00462
step:3181/3250 train_time:520.221s step_avg:163.54ms
step:3182/3250 train_time:520.383s step_avg:163.54ms
step:3183/3250 train_time:520.544s step_avg:163.54ms
step:3184/3250 train_time:520.703s step_avg:163.54ms
step:3185/3250 train_time:520.863s step_avg:163.54ms
step:3186/3250 train_time:521.023s step_avg:163.54ms
step:3187/3250 train_time:521.183s step_avg:163.53ms
step:3188/3250 train_time:521.343s step_avg:163.53ms
step:3189/3250 train_time:521.502s step_avg:163.53ms
step:3190/3250 train_time:521.663s step_avg:163.53ms
step:3190/3250 val_loss:3.27730 train_time:521.664s step_avg:160.37ms
probe_ema: n=84934656 align=-0.00202,-0.01551,-0.02875,-0.03964,-0.04718,-0.05115 rel_mse=1.02221,1.01582,1.01137,1.00809,1.00565,1.00382
step:3191/3250 train_time:521.825s step_avg:163.53ms
step:3192/3250 train_time:521.986s step_avg:163.53ms
step:3193/3250 train_time:522.145s step_avg:163.53ms
step:3194/3250 train_time:522.305s step_avg:163.53ms
step:3195/3250 train_time:522.464s step_avg:163.53ms
step:3196/3250 train_time:522.624s step_avg:163.52ms
step:3197/3250 train_time:522.785s step_avg:163.52ms
step:3198/3250 train_time:522.946s step_avg:163.52ms
step:3199/3250 train_time:523.107s step_avg:163.52ms
step:3200/3250 train_time:523.267s step_avg:163.52ms
step:3200/3250 val_loss:3.27656 train_time:523.267s step_avg:160.32ms
probe_ema: n=84934656 align=0.03900,0.01622,-0.00524,-0.02156,-0.03250,-0.03886 rel_mse=1.01216,1.01003,1.00831,1.00644,1.00469,1.00325
step:3201/3250 train_time:523.427s step_avg:163.52ms
step:3202/3250 train_time:523.590s step_avg:163.52ms
step:3203/3250 train_time:523.749s step_avg:163.52ms
step:3204/3250 train_time:523.910s step_avg:163.52ms
step:3205/3250 train_time:524.071s step_avg:163.52ms
step:3206/3250 train_time:524.232s step_avg:163.52ms
step:3207/3250 train_time:524.392s step_avg:163.51ms
step:3208/3250 train_time:524.551s step_avg:163.51ms
step:3209/3250 train_time:524.711s step_avg:163.51ms
step:3210/3250 train_time:524.869s step_avg:163.51ms
step:3210/3250 val_loss:3.27592 train_time:524.870s step_avg:160.28ms
probe_ema: n=84934656 align=0.04723,0.02444,0.00187,-0.01571,-0.02727,-0.03386 rel_mse=1.01055,1.00864,1.00740,1.00592,1.00437,1.00303
step:3211/3250 train_time:525.031s step_avg:163.51ms
step:3212/3250 train_time:525.192s step_avg:163.51ms
step:3213/3250 train_time:525.353s step_avg:163.51ms
step:3214/3250 train_time:525.513s step_avg:163.51ms
step:3215/3250 train_time:525.672s step_avg:163.51ms
step:3216/3250 train_time:525.832s step_avg:163.51ms
step:3217/3250 train_time:525.993s step_avg:163.50ms
step:3218/3250 train_time:526.153s step_avg:163.50ms
step:3219/3250 train_time:526.313s step_avg:163.50ms
step:3220/3250 train_time:526.473s step_avg:163.50ms
step:3220/3250 val_loss:3.27534 train_time:526.473s step_avg:160.33ms
probe_ema: n=84934656 align=0.03008,0.02147,0.00891,-0.00457,-0.01602,-0.02409 rel_mse=1.01599,1.00987,1.00680,1.00499,1.00364,1.00256
step:3221/3250 train_time:526.635s step_avg:163.50ms
step:3222/3250 train_time:526.794s step_avg:163.50ms
step:3223/3250 train_time:526.953s step_avg:163.50ms
step:3224/3250 train_time:527.114s step_avg:163.50ms
step:3225/3250 train_time:527.274s step_avg:163.50ms
step:3225/3250 val_loss:3.27511 train_time:527.274s step_avg:160.27ms
probe_ema: n=84934656 align=0.03149,0.02432,0.01393,0.00197,-0.00903,-0.01741 rel_mse=1.01536,1.00908,1.00590,1.00423,1.00310,1.00221
step:3226/3250 train_time:527.437s step_avg:163.50ms
step:3227/3250 train_time:527.596s step_avg:163.49ms
step:3228/3250 train_time:527.757s step_avg:163.49ms
step:3229/3250 train_time:527.916s step_avg:163.49ms
step:3230/3250 train_time:528.078s step_avg:163.49ms
step:3230/3250 val_loss:3.27494 train_time:528.078s step_avg:160.78ms
probe_ema: n=84934656 align=0.05510,0.03655,0.02015,0.00596,-0.00585,-0.01467 rel_mse=1.00804,1.00604,1.00465,1.00361,1.00274,1.00199
step:3231/3250 train_time:528.304s step_avg:163.51ms
step:3232/3250 train_time:528.465s step_avg:163.51ms
step:3233/3250 train_time:528.624s step_avg:163.51ms
step:3234/3250 train_time:528.783s step_avg:163.51ms
step:3235/3250 train_time:528.944s step_avg:163.51ms
step:3236/3250 train_time:529.104s step_avg:163.51ms
step:3237/3250 train_time:529.265s step_avg:163.50ms
step:3238/3250 train_time:529.424s step_avg:163.50ms
step:3239/3250 train_time:529.586s step_avg:163.50ms
step:3240/3250 train_time:529.746s step_avg:163.50ms
step:3240/3250 val_loss:3.27461 train_time:529.748s step_avg:166.97ms
probe_ema: n=84934656 align=0.00107,0.00377,0.00255,-0.00176,-0.00786,-0.01402 rel_mse=1.02373,1.01373,1.00792,1.00475,1.00302,1.00201
step:3241/3250 train_time:529.908s step_avg:163.50ms
step:3242/3250 train_time:530.068s step_avg:163.50ms
step:3243/3250 train_time:530.230s step_avg:163.50ms
step:3244/3250 train_time:530.389s step_avg:163.50ms
step:3245/3250 train_time:530.549s step_avg:163.50ms
step:3246/3250 train_time:530.708s step_avg:163.50ms
step:3247/3250 train_time:530.871s step_avg:163.50ms
step:3248/3250 train_time:531.031s step_avg:163.49ms
step:3249/3250 train_time:531.192s step_avg:163.49ms
step:3250/3250 train_time:531.353s step_avg:163.49ms
step:3250/3250 val_loss:3.27448 train_time:531.353s step_avg:160.57ms
probe_ema: n=84934656 align=0.09882,0.10188,0.09517,0.08158,0.06499,0.04873 rel_mse=0.99569,0.99107,0.99139,0.99369,0.99608,0.99784
==== 2026-08-23 23:06:38 K6_a36 exit=0 3150=3.28078 final=3.27448 ====
