W0822 06:26:12.446000 206861 torch/distributed/run.py:774] 
W0822 06:26:12.446000 206861 torch/distributed/run.py:774] *****************************************
W0822 06:26:12.446000 206861 torch/distributed/run.py:774] Setting OMP_NUM_THREADS environment variable for each process to be 1 in default, to avoid your system being overloaded, please further tune the variable for optimal performance in your application as needed. 
W0822 06:26:12.446000 206861 torch/distributed/run.py:774] *****************************************
logs/e12602e3-599a-4903-ba42-0e38d336e3ee.txt
step:0/3250 val_loss:10.82584 train_time:0.000s step_avg:nanms
step:1/3250 train_time:8.920s step_avg:8920.18ms
step:2/3250 train_time:9.196s step_avg:4598.07ms
step:3/3250 train_time:9.492s step_avg:3164.04ms
step:4/3250 train_time:9.784s step_avg:2446.02ms
step:5/3250 train_time:10.083s step_avg:2016.57ms
step:6/3250 train_time:10.382s step_avg:1730.27ms
step:7/3250 train_time:10.678s step_avg:1525.47ms
step:8/3250 train_time:10.979s step_avg:1372.39ms
step:9/3250 train_time:11.281s step_avg:1253.45ms
step:10/3250 train_time:11.580s step_avg:1158.03ms
step:11/3250 train_time:11.879s step_avg:1079.95ms
step:12/3250 train_time:12.181s step_avg:1015.08ms
step:13/3250 train_time:12.480s step_avg:960.03ms
step:14/3250 train_time:12.779s step_avg:912.77ms
step:15/3250 train_time:13.079s step_avg:871.91ms
step:16/3250 train_time:13.381s step_avg:836.31ms
step:17/3250 train_time:13.680s step_avg:804.70ms
step:18/3250 train_time:13.979s step_avg:776.60ms
step:19/3250 train_time:14.280s step_avg:751.60ms
step:20/3250 train_time:14.580s step_avg:729.01ms
step:21/3250 train_time:14.879s step_avg:708.54ms
step:22/3250 train_time:15.179s step_avg:689.95ms
step:23/3250 train_time:15.480s step_avg:673.06ms
step:24/3250 train_time:15.779s step_avg:657.47ms
step:25/3250 train_time:16.080s step_avg:643.20ms
step:26/3250 train_time:16.380s step_avg:630.02ms
step:27/3250 train_time:16.681s step_avg:617.80ms
step:28/3250 train_time:16.979s step_avg:606.41ms
step:29/3250 train_time:17.280s step_avg:595.86ms
step:30/3250 train_time:17.580s step_avg:586.01ms
step:31/3250 train_time:17.882s step_avg:576.85ms
step:32/3250 train_time:18.181s step_avg:568.14ms
step:33/3250 train_time:18.481s step_avg:560.03ms
step:34/3250 train_time:18.781s step_avg:552.39ms
step:35/3250 train_time:19.081s step_avg:545.17ms
step:36/3250 train_time:19.381s step_avg:538.36ms
step:37/3250 train_time:19.681s step_avg:531.91ms
step:38/3250 train_time:19.980s step_avg:525.80ms
step:39/3250 train_time:20.280s step_avg:520.01ms
step:40/3250 train_time:20.581s step_avg:514.52ms
step:41/3250 train_time:20.881s step_avg:509.29ms
step:42/3250 train_time:21.181s step_avg:504.31ms
step:43/3250 train_time:21.480s step_avg:499.53ms
step:44/3250 train_time:21.782s step_avg:495.04ms
step:45/3250 train_time:22.083s step_avg:490.73ms
step:46/3250 train_time:22.382s step_avg:486.56ms
step:47/3250 train_time:22.679s step_avg:482.53ms
step:48/3250 train_time:22.979s step_avg:478.73ms
step:49/3250 train_time:23.281s step_avg:475.12ms
step:50/3250 train_time:23.580s step_avg:471.60ms
step:51/3250 train_time:23.880s step_avg:468.23ms
step:52/3250 train_time:24.182s step_avg:465.04ms
step:53/3250 train_time:24.481s step_avg:461.91ms
step:54/3250 train_time:24.779s step_avg:458.88ms
step:55/3250 train_time:25.081s step_avg:456.02ms
step:56/3250 train_time:25.382s step_avg:453.25ms
step:57/3250 train_time:25.679s step_avg:450.51ms
step:58/3250 train_time:25.979s step_avg:447.92ms
step:59/3250 train_time:26.282s step_avg:445.46ms
step:60/3250 train_time:26.581s step_avg:443.02ms
step:61/3250 train_time:26.880s step_avg:440.66ms
step:62/3250 train_time:27.180s step_avg:438.39ms
step:63/3250 train_time:27.481s step_avg:436.21ms
step:64/3250 train_time:27.780s step_avg:434.06ms
step:65/3250 train_time:28.079s step_avg:431.98ms
step:66/3250 train_time:28.381s step_avg:430.01ms
step:67/3250 train_time:28.680s step_avg:428.06ms
step:68/3250 train_time:28.980s step_avg:426.18ms
step:69/3250 train_time:29.281s step_avg:424.36ms
step:70/3250 train_time:29.581s step_avg:422.58ms
step:71/3250 train_time:29.879s step_avg:420.83ms
step:72/3250 train_time:30.181s step_avg:419.18ms
step:73/3250 train_time:30.481s step_avg:417.55ms
step:74/3250 train_time:30.781s step_avg:415.96ms
step:75/3250 train_time:31.082s step_avg:414.42ms
step:76/3250 train_time:31.381s step_avg:412.90ms
step:77/3250 train_time:31.682s step_avg:411.45ms
step:78/3250 train_time:31.981s step_avg:410.01ms
step:79/3250 train_time:32.283s step_avg:408.65ms
step:80/3250 train_time:32.581s step_avg:407.26ms
step:81/3250 train_time:32.881s step_avg:405.93ms
step:82/3250 train_time:33.179s step_avg:404.63ms
step:83/3250 train_time:33.481s step_avg:403.38ms
step:84/3250 train_time:33.781s step_avg:402.16ms
step:85/3250 train_time:34.080s step_avg:400.94ms
step:86/3250 train_time:34.380s step_avg:399.77ms
step:87/3250 train_time:34.681s step_avg:398.63ms
step:88/3250 train_time:34.981s step_avg:397.51ms
step:89/3250 train_time:35.280s step_avg:396.41ms
step:90/3250 train_time:35.581s step_avg:395.34ms
step:91/3250 train_time:35.880s step_avg:394.29ms
step:92/3250 train_time:36.180s step_avg:393.26ms
step:93/3250 train_time:36.480s step_avg:392.26ms
step:94/3250 train_time:36.779s step_avg:391.27ms
step:95/3250 train_time:37.080s step_avg:390.31ms
step:96/3250 train_time:37.380s step_avg:389.37ms
step:97/3250 train_time:37.681s step_avg:388.46ms
step:98/3250 train_time:37.980s step_avg:387.55ms
step:99/3250 train_time:38.281s step_avg:386.67ms
step:100/3250 train_time:38.580s step_avg:385.80ms
step:101/3250 train_time:38.879s step_avg:384.94ms
step:102/3250 train_time:39.181s step_avg:384.13ms
step:103/3250 train_time:39.481s step_avg:383.31ms
step:104/3250 train_time:39.780s step_avg:382.50ms
step:105/3250 train_time:40.081s step_avg:381.73ms
step:106/3250 train_time:40.381s step_avg:380.96ms
step:107/3250 train_time:40.680s step_avg:380.19ms
step:108/3250 train_time:40.982s step_avg:379.46ms
step:109/3250 train_time:41.282s step_avg:378.74ms
step:110/3250 train_time:41.582s step_avg:378.02ms
step:111/3250 train_time:41.882s step_avg:377.31ms
step:112/3250 train_time:42.180s step_avg:376.61ms
step:113/3250 train_time:42.484s step_avg:375.96ms
step:114/3250 train_time:42.780s step_avg:375.26ms
step:115/3250 train_time:43.081s step_avg:374.61ms
step:116/3250 train_time:43.380s step_avg:373.96ms
step:117/3250 train_time:43.679s step_avg:373.33ms
step:118/3250 train_time:43.982s step_avg:372.73ms
step:119/3250 train_time:44.279s step_avg:372.10ms
step:120/3250 train_time:44.581s step_avg:371.51ms
step:121/3250 train_time:44.883s step_avg:370.93ms
step:122/3250 train_time:45.182s step_avg:370.34ms
step:123/3250 train_time:45.481s step_avg:369.76ms
step:124/3250 train_time:45.781s step_avg:369.21ms
step:125/3250 train_time:46.081s step_avg:368.65ms
step:125/3250 val_loss:4.58102 train_time:46.085s step_avg:368.67ms
step:126/3250 train_time:46.381s step_avg:368.10ms
step:127/3250 train_time:46.679s step_avg:367.55ms
step:128/3250 train_time:46.978s step_avg:367.01ms
step:129/3250 train_time:47.276s step_avg:366.48ms
step:130/3250 train_time:47.574s step_avg:365.96ms
step:131/3250 train_time:47.875s step_avg:365.46ms
step:132/3250 train_time:48.176s step_avg:364.97ms
step:133/3250 train_time:48.475s step_avg:364.48ms
step:134/3250 train_time:48.776s step_avg:364.00ms
step:135/3250 train_time:49.077s step_avg:363.53ms
step:136/3250 train_time:49.376s step_avg:363.06ms
step:137/3250 train_time:49.674s step_avg:362.58ms
step:138/3250 train_time:49.975s step_avg:362.14ms
step:139/3250 train_time:50.275s step_avg:361.69ms
step:140/3250 train_time:50.575s step_avg:361.25ms
step:141/3250 train_time:50.877s step_avg:360.83ms
step:142/3250 train_time:51.177s step_avg:360.40ms
step:143/3250 train_time:51.475s step_avg:359.96ms
step:144/3250 train_time:51.774s step_avg:359.54ms
step:145/3250 train_time:52.075s step_avg:359.14ms
step:146/3250 train_time:52.377s step_avg:358.74ms
step:147/3250 train_time:52.677s step_avg:358.35ms
step:148/3250 train_time:52.978s step_avg:357.96ms
step:149/3250 train_time:53.277s step_avg:357.56ms
step:150/3250 train_time:53.575s step_avg:357.17ms
step:151/3250 train_time:53.874s step_avg:356.78ms
step:152/3250 train_time:54.174s step_avg:356.41ms
step:153/3250 train_time:54.473s step_avg:356.03ms
step:154/3250 train_time:54.773s step_avg:355.67ms
step:155/3250 train_time:55.074s step_avg:355.31ms
step:156/3250 train_time:55.374s step_avg:354.96ms
step:157/3250 train_time:55.675s step_avg:354.62ms
step:158/3250 train_time:55.976s step_avg:354.28ms
step:159/3250 train_time:56.277s step_avg:353.94ms
step:160/3250 train_time:56.576s step_avg:353.60ms
step:161/3250 train_time:56.877s step_avg:353.27ms
step:162/3250 train_time:57.176s step_avg:352.94ms
step:163/3250 train_time:57.477s step_avg:352.62ms
step:164/3250 train_time:57.793s step_avg:352.39ms
step:165/3250 train_time:58.094s step_avg:352.08ms
step:166/3250 train_time:58.396s step_avg:351.78ms
step:167/3250 train_time:58.698s step_avg:351.48ms
step:168/3250 train_time:58.997s step_avg:351.17ms
step:169/3250 train_time:59.295s step_avg:350.86ms
step:170/3250 train_time:59.596s step_avg:350.56ms
step:171/3250 train_time:59.895s step_avg:350.26ms
step:172/3250 train_time:60.193s step_avg:349.96ms
step:173/3250 train_time:60.494s step_avg:349.68ms
step:174/3250 train_time:60.794s step_avg:349.39ms
step:175/3250 train_time:61.094s step_avg:349.11ms
step:176/3250 train_time:61.393s step_avg:348.82ms
step:177/3250 train_time:61.694s step_avg:348.55ms
step:178/3250 train_time:61.992s step_avg:348.27ms
step:179/3250 train_time:62.293s step_avg:348.00ms
step:180/3250 train_time:62.594s step_avg:347.74ms
step:181/3250 train_time:62.895s step_avg:347.49ms
step:182/3250 train_time:63.194s step_avg:347.22ms
step:183/3250 train_time:63.493s step_avg:346.96ms
step:184/3250 train_time:63.794s step_avg:346.71ms
step:185/3250 train_time:64.094s step_avg:346.45ms
step:186/3250 train_time:64.395s step_avg:346.21ms
step:187/3250 train_time:64.696s step_avg:345.97ms
step:188/3250 train_time:64.994s step_avg:345.71ms
step:189/3250 train_time:65.293s step_avg:345.47ms
step:190/3250 train_time:65.595s step_avg:345.24ms
step:191/3250 train_time:66.040s step_avg:345.76ms
step:192/3250 train_time:66.337s step_avg:345.50ms
step:193/3250 train_time:66.636s step_avg:345.26ms
step:194/3250 train_time:66.939s step_avg:345.05ms
step:195/3250 train_time:67.236s step_avg:344.80ms
step:196/3250 train_time:67.533s step_avg:344.55ms
step:197/3250 train_time:67.835s step_avg:344.34ms
step:198/3250 train_time:68.135s step_avg:344.12ms
step:199/3250 train_time:68.435s step_avg:343.90ms
step:200/3250 train_time:68.736s step_avg:343.68ms
step:201/3250 train_time:69.034s step_avg:343.45ms
step:202/3250 train_time:69.333s step_avg:343.23ms
step:203/3250 train_time:69.633s step_avg:343.02ms
step:204/3250 train_time:69.934s step_avg:342.81ms
step:205/3250 train_time:70.233s step_avg:342.60ms
step:206/3250 train_time:70.533s step_avg:342.40ms
step:207/3250 train_time:70.834s step_avg:342.19ms
step:208/3250 train_time:71.134s step_avg:341.99ms
step:209/3250 train_time:71.434s step_avg:341.79ms
step:210/3250 train_time:71.734s step_avg:341.59ms
step:211/3250 train_time:72.034s step_avg:341.39ms
step:212/3250 train_time:72.334s step_avg:341.20ms
step:213/3250 train_time:72.633s step_avg:341.00ms
step:214/3250 train_time:72.933s step_avg:340.81ms
step:215/3250 train_time:73.234s step_avg:340.62ms
step:216/3250 train_time:73.534s step_avg:340.43ms
step:217/3250 train_time:73.834s step_avg:340.25ms
step:218/3250 train_time:74.134s step_avg:340.06ms
step:219/3250 train_time:74.435s step_avg:339.88ms
step:220/3250 train_time:74.735s step_avg:339.70ms
step:221/3250 train_time:75.034s step_avg:339.52ms
step:222/3250 train_time:75.334s step_avg:339.34ms
step:223/3250 train_time:75.634s step_avg:339.17ms
step:224/3250 train_time:75.933s step_avg:338.99ms
step:225/3250 train_time:76.233s step_avg:338.81ms
step:226/3250 train_time:76.534s step_avg:338.65ms
step:227/3250 train_time:76.834s step_avg:338.48ms
step:228/3250 train_time:77.133s step_avg:338.30ms
step:229/3250 train_time:77.433s step_avg:338.14ms
step:230/3250 train_time:77.734s step_avg:337.97ms
step:231/3250 train_time:78.035s step_avg:337.81ms
step:232/3250 train_time:78.336s step_avg:337.65ms
step:233/3250 train_time:78.636s step_avg:337.49ms
step:234/3250 train_time:78.935s step_avg:337.33ms
step:235/3250 train_time:79.234s step_avg:337.17ms
step:236/3250 train_time:79.535s step_avg:337.01ms
step:237/3250 train_time:79.834s step_avg:336.85ms
step:238/3250 train_time:80.134s step_avg:336.70ms
step:239/3250 train_time:80.434s step_avg:336.54ms
step:240/3250 train_time:80.733s step_avg:336.39ms
step:241/3250 train_time:81.034s step_avg:336.24ms
step:242/3250 train_time:81.333s step_avg:336.09ms
step:243/3250 train_time:81.634s step_avg:335.94ms
step:244/3250 train_time:81.935s step_avg:335.80ms
step:245/3250 train_time:82.234s step_avg:335.65ms
step:246/3250 train_time:82.533s step_avg:335.50ms
step:247/3250 train_time:82.833s step_avg:335.36ms
step:248/3250 train_time:83.134s step_avg:335.22ms
step:249/3250 train_time:83.434s step_avg:335.08ms
step:250/3250 train_time:83.734s step_avg:334.93ms
step:250/3250 val_loss:4.09586 train_time:83.737s step_avg:301.22ms
step:251/3250 train_time:84.036s step_avg:334.80ms
step:252/3250 train_time:84.335s step_avg:334.66ms
step:253/3250 train_time:84.635s step_avg:334.53ms
step:254/3250 train_time:84.936s step_avg:334.40ms
step:255/3250 train_time:85.236s step_avg:334.26ms
step:256/3250 train_time:85.536s step_avg:334.12ms
step:257/3250 train_time:85.836s step_avg:333.99ms
step:258/3250 train_time:86.135s step_avg:333.86ms
step:259/3250 train_time:86.435s step_avg:333.73ms
step:260/3250 train_time:86.736s step_avg:333.60ms
step:261/3250 train_time:87.035s step_avg:333.47ms
step:262/3250 train_time:87.336s step_avg:333.34ms
step:263/3250 train_time:87.636s step_avg:333.22ms
step:264/3250 train_time:87.937s step_avg:333.09ms
step:265/3250 train_time:88.238s step_avg:332.97ms
step:266/3250 train_time:88.537s step_avg:332.85ms
step:267/3250 train_time:88.836s step_avg:332.72ms
step:268/3250 train_time:89.135s step_avg:332.59ms
step:269/3250 train_time:89.437s step_avg:332.48ms
step:270/3250 train_time:89.738s step_avg:332.36ms
step:271/3250 train_time:90.037s step_avg:332.24ms
step:272/3250 train_time:90.335s step_avg:332.12ms
step:273/3250 train_time:90.636s step_avg:332.00ms
step:274/3250 train_time:90.935s step_avg:331.88ms
step:275/3250 train_time:91.235s step_avg:331.76ms
step:276/3250 train_time:91.535s step_avg:331.65ms
step:277/3250 train_time:91.835s step_avg:331.54ms
step:278/3250 train_time:92.135s step_avg:331.42ms
step:279/3250 train_time:92.434s step_avg:331.30ms
step:280/3250 train_time:92.733s step_avg:331.19ms
step:281/3250 train_time:93.033s step_avg:331.08ms
step:282/3250 train_time:93.332s step_avg:330.96ms
step:283/3250 train_time:93.630s step_avg:330.85ms
step:284/3250 train_time:93.926s step_avg:330.73ms
step:285/3250 train_time:94.225s step_avg:330.61ms
step:286/3250 train_time:94.524s step_avg:330.50ms
step:287/3250 train_time:94.824s step_avg:330.40ms
step:288/3250 train_time:95.123s step_avg:330.29ms
step:289/3250 train_time:95.423s step_avg:330.18ms
step:290/3250 train_time:95.722s step_avg:330.08ms
step:291/3250 train_time:96.019s step_avg:329.96ms
step:292/3250 train_time:96.317s step_avg:329.85ms
step:293/3250 train_time:96.617s step_avg:329.75ms
step:294/3250 train_time:96.918s step_avg:329.65ms
step:295/3250 train_time:97.218s step_avg:329.55ms
step:296/3250 train_time:97.515s step_avg:329.44ms
step:297/3250 train_time:97.816s step_avg:329.35ms
step:298/3250 train_time:98.117s step_avg:329.25ms
step:299/3250 train_time:98.416s step_avg:329.15ms
step:300/3250 train_time:98.715s step_avg:329.05ms
step:301/3250 train_time:99.016s step_avg:328.96ms
step:302/3250 train_time:99.316s step_avg:328.86ms
step:303/3250 train_time:99.615s step_avg:328.76ms
step:304/3250 train_time:99.917s step_avg:328.67ms
step:305/3250 train_time:100.216s step_avg:328.58ms
step:306/3250 train_time:100.516s step_avg:328.48ms
step:307/3250 train_time:100.816s step_avg:328.39ms
step:308/3250 train_time:101.116s step_avg:328.30ms
step:309/3250 train_time:101.416s step_avg:328.21ms
step:310/3250 train_time:101.715s step_avg:328.11ms
step:311/3250 train_time:102.016s step_avg:328.03ms
step:312/3250 train_time:102.318s step_avg:327.94ms
step:313/3250 train_time:102.616s step_avg:327.85ms
step:314/3250 train_time:102.916s step_avg:327.76ms
step:315/3250 train_time:103.216s step_avg:327.67ms
step:316/3250 train_time:103.516s step_avg:327.58ms
step:317/3250 train_time:103.816s step_avg:327.50ms
step:318/3250 train_time:104.116s step_avg:327.41ms
step:319/3250 train_time:104.416s step_avg:327.32ms
step:320/3250 train_time:104.715s step_avg:327.24ms
step:321/3250 train_time:105.016s step_avg:327.15ms
step:322/3250 train_time:105.317s step_avg:327.07ms
step:323/3250 train_time:105.618s step_avg:326.99ms
step:324/3250 train_time:105.916s step_avg:326.90ms
step:325/3250 train_time:106.216s step_avg:326.82ms
step:326/3250 train_time:106.516s step_avg:326.74ms
step:327/3250 train_time:106.815s step_avg:326.65ms
step:328/3250 train_time:107.116s step_avg:326.57ms
step:329/3250 train_time:107.417s step_avg:326.49ms
step:330/3250 train_time:107.716s step_avg:326.41ms
step:331/3250 train_time:108.015s step_avg:326.33ms
step:332/3250 train_time:108.316s step_avg:326.25ms
step:333/3250 train_time:108.616s step_avg:326.17ms
step:334/3250 train_time:108.915s step_avg:326.09ms
step:335/3250 train_time:109.215s step_avg:326.02ms
step:336/3250 train_time:109.516s step_avg:325.94ms
step:337/3250 train_time:109.816s step_avg:325.86ms
step:338/3250 train_time:110.114s step_avg:325.78ms
step:339/3250 train_time:110.415s step_avg:325.71ms
step:340/3250 train_time:110.716s step_avg:325.64ms
step:341/3250 train_time:111.016s step_avg:325.56ms
step:342/3250 train_time:111.315s step_avg:325.48ms
step:343/3250 train_time:111.616s step_avg:325.41ms
step:344/3250 train_time:111.915s step_avg:325.34ms
step:345/3250 train_time:112.216s step_avg:325.26ms
step:346/3250 train_time:112.517s step_avg:325.19ms
step:347/3250 train_time:112.816s step_avg:325.12ms
step:348/3250 train_time:113.117s step_avg:325.05ms
step:349/3250 train_time:113.416s step_avg:324.97ms
step:350/3250 train_time:113.716s step_avg:324.90ms
step:351/3250 train_time:114.016s step_avg:324.83ms
step:352/3250 train_time:114.318s step_avg:324.77ms
step:353/3250 train_time:114.617s step_avg:324.69ms
step:354/3250 train_time:114.916s step_avg:324.62ms
step:355/3250 train_time:115.216s step_avg:324.55ms
step:356/3250 train_time:115.515s step_avg:324.48ms
step:357/3250 train_time:115.816s step_avg:324.42ms
step:358/3250 train_time:116.115s step_avg:324.34ms
step:359/3250 train_time:116.415s step_avg:324.28ms
step:360/3250 train_time:116.716s step_avg:324.21ms
step:361/3250 train_time:117.016s step_avg:324.14ms
step:362/3250 train_time:117.316s step_avg:324.08ms
step:363/3250 train_time:117.616s step_avg:324.01ms
step:364/3250 train_time:117.917s step_avg:323.95ms
step:365/3250 train_time:118.217s step_avg:323.88ms
step:366/3250 train_time:118.516s step_avg:323.81ms
step:367/3250 train_time:118.816s step_avg:323.75ms
step:368/3250 train_time:119.116s step_avg:323.69ms
step:369/3250 train_time:119.416s step_avg:323.62ms
step:370/3250 train_time:119.716s step_avg:323.56ms
step:371/3250 train_time:120.017s step_avg:323.50ms
step:372/3250 train_time:120.316s step_avg:323.43ms
step:373/3250 train_time:120.617s step_avg:323.37ms
step:374/3250 train_time:120.916s step_avg:323.31ms
step:375/3250 train_time:121.217s step_avg:323.24ms
step:375/3250 val_loss:3.92962 train_time:121.220s step_avg:299.86ms
step:376/3250 train_time:121.517s step_avg:323.18ms
step:377/3250 train_time:121.816s step_avg:323.12ms
step:378/3250 train_time:122.117s step_avg:323.06ms
step:379/3250 train_time:122.417s step_avg:323.00ms
step:380/3250 train_time:122.717s step_avg:322.94ms
step:381/3250 train_time:123.080s step_avg:323.05ms
step:382/3250 train_time:123.378s step_avg:322.98ms
step:383/3250 train_time:123.677s step_avg:322.92ms
step:384/3250 train_time:123.983s step_avg:322.87ms
step:385/3250 train_time:124.281s step_avg:322.81ms
step:386/3250 train_time:124.577s step_avg:322.74ms
step:387/3250 train_time:124.882s step_avg:322.69ms
step:388/3250 train_time:125.181s step_avg:322.63ms
step:389/3250 train_time:125.479s step_avg:322.57ms
step:390/3250 train_time:125.779s step_avg:322.51ms
step:391/3250 train_time:126.081s step_avg:322.46ms
step:392/3250 train_time:126.380s step_avg:322.40ms
step:393/3250 train_time:126.679s step_avg:322.34ms
step:394/3250 train_time:126.981s step_avg:322.29ms
step:395/3250 train_time:127.281s step_avg:322.23ms
step:396/3250 train_time:127.581s step_avg:322.17ms
step:397/3250 train_time:127.880s step_avg:322.12ms
step:398/3250 train_time:128.180s step_avg:322.06ms
step:399/3250 train_time:128.480s step_avg:322.01ms
step:400/3250 train_time:128.780s step_avg:321.95ms
step:401/3250 train_time:129.079s step_avg:321.89ms
step:402/3250 train_time:129.382s step_avg:321.85ms
step:403/3250 train_time:129.681s step_avg:321.79ms
step:404/3250 train_time:129.981s step_avg:321.73ms
step:405/3250 train_time:130.281s step_avg:321.68ms
step:406/3250 train_time:130.582s step_avg:321.63ms
step:407/3250 train_time:130.883s step_avg:321.58ms
step:408/3250 train_time:131.183s step_avg:321.53ms
step:409/3250 train_time:131.485s step_avg:321.48ms
step:410/3250 train_time:131.781s step_avg:321.42ms
step:411/3250 train_time:132.082s step_avg:321.37ms
step:412/3250 train_time:132.381s step_avg:321.31ms
step:413/3250 train_time:132.680s step_avg:321.26ms
step:414/3250 train_time:132.980s step_avg:321.21ms
step:415/3250 train_time:133.280s step_avg:321.16ms
step:416/3250 train_time:133.580s step_avg:321.11ms
step:417/3250 train_time:133.879s step_avg:321.05ms
step:418/3250 train_time:134.180s step_avg:321.00ms
step:419/3250 train_time:134.481s step_avg:320.96ms
step:420/3250 train_time:134.782s step_avg:320.91ms
step:421/3250 train_time:135.081s step_avg:320.86ms
step:422/3250 train_time:135.381s step_avg:320.81ms
step:423/3250 train_time:135.681s step_avg:320.76ms
step:424/3250 train_time:135.981s step_avg:320.71ms
step:425/3250 train_time:136.280s step_avg:320.66ms
step:426/3250 train_time:136.580s step_avg:320.61ms
step:427/3250 train_time:136.880s step_avg:320.56ms
step:428/3250 train_time:137.179s step_avg:320.51ms
step:429/3250 train_time:137.479s step_avg:320.46ms
step:430/3250 train_time:137.780s step_avg:320.42ms
step:431/3250 train_time:138.080s step_avg:320.37ms
step:432/3250 train_time:138.380s step_avg:320.32ms
step:433/3250 train_time:138.680s step_avg:320.28ms
step:434/3250 train_time:138.980s step_avg:320.23ms
step:435/3250 train_time:139.281s step_avg:320.19ms
step:436/3250 train_time:139.581s step_avg:320.14ms
step:437/3250 train_time:139.880s step_avg:320.09ms
step:438/3250 train_time:140.182s step_avg:320.05ms
step:439/3250 train_time:140.481s step_avg:320.00ms
step:440/3250 train_time:140.779s step_avg:319.95ms
step:441/3250 train_time:141.079s step_avg:319.91ms
step:442/3250 train_time:141.383s step_avg:319.87ms
step:443/3250 train_time:141.682s step_avg:319.82ms
step:444/3250 train_time:141.984s step_avg:319.78ms
step:445/3250 train_time:142.281s step_avg:319.73ms
step:446/3250 train_time:142.580s step_avg:319.69ms
step:447/3250 train_time:142.880s step_avg:319.64ms
step:448/3250 train_time:143.180s step_avg:319.60ms
step:449/3250 train_time:143.480s step_avg:319.56ms
step:450/3250 train_time:143.780s step_avg:319.51ms
step:451/3250 train_time:144.081s step_avg:319.47ms
step:452/3250 train_time:144.382s step_avg:319.43ms
step:453/3250 train_time:144.681s step_avg:319.38ms
step:454/3250 train_time:144.981s step_avg:319.34ms
step:455/3250 train_time:145.281s step_avg:319.30ms
step:456/3250 train_time:145.581s step_avg:319.26ms
step:457/3250 train_time:145.881s step_avg:319.21ms
step:458/3250 train_time:146.181s step_avg:319.17ms
step:459/3250 train_time:146.480s step_avg:319.13ms
step:460/3250 train_time:146.778s step_avg:319.08ms
step:461/3250 train_time:147.079s step_avg:319.04ms
step:462/3250 train_time:147.379s step_avg:319.00ms
step:463/3250 train_time:147.679s step_avg:318.96ms
step:464/3250 train_time:147.979s step_avg:318.92ms
step:465/3250 train_time:148.279s step_avg:318.88ms
step:466/3250 train_time:148.581s step_avg:318.84ms
step:467/3250 train_time:148.881s step_avg:318.80ms
step:468/3250 train_time:149.181s step_avg:318.76ms
step:469/3250 train_time:149.483s step_avg:318.73ms
step:470/3250 train_time:149.783s step_avg:318.69ms
step:471/3250 train_time:150.081s step_avg:318.64ms
step:472/3250 train_time:150.380s step_avg:318.60ms
step:473/3250 train_time:150.679s step_avg:318.56ms
step:474/3250 train_time:150.979s step_avg:318.52ms
step:475/3250 train_time:151.279s step_avg:318.48ms
step:476/3250 train_time:151.579s step_avg:318.44ms
step:477/3250 train_time:151.880s step_avg:318.41ms
step:478/3250 train_time:152.180s step_avg:318.37ms
step:479/3250 train_time:152.480s step_avg:318.33ms
step:480/3250 train_time:152.780s step_avg:318.29ms
step:481/3250 train_time:153.079s step_avg:318.25ms
step:482/3250 train_time:153.379s step_avg:318.21ms
step:483/3250 train_time:153.679s step_avg:318.18ms
step:484/3250 train_time:153.979s step_avg:318.14ms
step:485/3250 train_time:154.279s step_avg:318.10ms
step:486/3250 train_time:154.580s step_avg:318.06ms
step:487/3250 train_time:154.879s step_avg:318.03ms
step:488/3250 train_time:155.180s step_avg:317.99ms
step:489/3250 train_time:155.479s step_avg:317.95ms
step:490/3250 train_time:155.779s step_avg:317.92ms
step:491/3250 train_time:156.079s step_avg:317.88ms
step:492/3250 train_time:156.380s step_avg:317.85ms
step:493/3250 train_time:156.679s step_avg:317.81ms
step:494/3250 train_time:156.980s step_avg:317.77ms
step:495/3250 train_time:157.281s step_avg:317.74ms
step:496/3250 train_time:157.580s step_avg:317.70ms
step:497/3250 train_time:157.881s step_avg:317.67ms
step:498/3250 train_time:158.182s step_avg:317.63ms
step:499/3250 train_time:158.483s step_avg:317.60ms
step:500/3250 train_time:158.781s step_avg:317.56ms
step:500/3250 val_loss:3.82799 train_time:158.784s step_avg:300.51ms
step:501/3250 train_time:159.082s step_avg:317.53ms
step:502/3250 train_time:159.382s step_avg:317.49ms
step:503/3250 train_time:159.684s step_avg:317.46ms
step:504/3250 train_time:159.987s step_avg:317.43ms
step:505/3250 train_time:160.287s step_avg:317.40ms
step:506/3250 train_time:160.586s step_avg:317.36ms
step:507/3250 train_time:160.887s step_avg:317.33ms
step:508/3250 train_time:161.185s step_avg:317.29ms
step:509/3250 train_time:161.487s step_avg:317.26ms
step:510/3250 train_time:161.788s step_avg:317.23ms
step:511/3250 train_time:162.088s step_avg:317.20ms
step:512/3250 train_time:162.385s step_avg:317.16ms
step:513/3250 train_time:162.684s step_avg:317.12ms
step:514/3250 train_time:162.985s step_avg:317.09ms
step:515/3250 train_time:163.284s step_avg:317.06ms
step:516/3250 train_time:163.584s step_avg:317.02ms
step:517/3250 train_time:163.885s step_avg:316.99ms
step:518/3250 train_time:164.185s step_avg:316.96ms
step:519/3250 train_time:164.484s step_avg:316.93ms
step:520/3250 train_time:164.784s step_avg:316.89ms
step:521/3250 train_time:165.085s step_avg:316.86ms
step:522/3250 train_time:165.385s step_avg:316.83ms
step:523/3250 train_time:165.683s step_avg:316.79ms
step:524/3250 train_time:165.985s step_avg:316.77ms
step:525/3250 train_time:166.285s step_avg:316.73ms
step:526/3250 train_time:166.584s step_avg:316.70ms
step:527/3250 train_time:166.884s step_avg:316.67ms
step:528/3250 train_time:167.185s step_avg:316.64ms
step:529/3250 train_time:167.486s step_avg:316.61ms
step:530/3250 train_time:167.784s step_avg:316.57ms
step:531/3250 train_time:168.084s step_avg:316.54ms
step:532/3250 train_time:168.385s step_avg:316.51ms
step:533/3250 train_time:168.686s step_avg:316.48ms
step:534/3250 train_time:168.986s step_avg:316.45ms
step:535/3250 train_time:169.285s step_avg:316.42ms
step:536/3250 train_time:169.586s step_avg:316.39ms
step:537/3250 train_time:169.886s step_avg:316.36ms
step:538/3250 train_time:170.185s step_avg:316.33ms
step:539/3250 train_time:170.488s step_avg:316.30ms
step:540/3250 train_time:170.788s step_avg:316.27ms
step:541/3250 train_time:171.084s step_avg:316.24ms
step:542/3250 train_time:171.385s step_avg:316.21ms
step:543/3250 train_time:171.685s step_avg:316.18ms
step:544/3250 train_time:171.984s step_avg:316.15ms
step:545/3250 train_time:172.284s step_avg:316.12ms
step:546/3250 train_time:172.585s step_avg:316.09ms
step:547/3250 train_time:172.886s step_avg:316.06ms
step:548/3250 train_time:173.185s step_avg:316.03ms
step:549/3250 train_time:173.484s step_avg:316.00ms
step:550/3250 train_time:173.784s step_avg:315.97ms
step:551/3250 train_time:174.086s step_avg:315.95ms
step:552/3250 train_time:174.386s step_avg:315.92ms
step:553/3250 train_time:174.685s step_avg:315.89ms
step:554/3250 train_time:174.985s step_avg:315.86ms
step:555/3250 train_time:175.286s step_avg:315.83ms
step:556/3250 train_time:175.586s step_avg:315.80ms
step:557/3250 train_time:175.886s step_avg:315.77ms
step:558/3250 train_time:176.186s step_avg:315.74ms
step:559/3250 train_time:176.487s step_avg:315.72ms
step:560/3250 train_time:176.785s step_avg:315.69ms
step:561/3250 train_time:177.085s step_avg:315.66ms
step:562/3250 train_time:177.386s step_avg:315.63ms
step:563/3250 train_time:177.685s step_avg:315.60ms
step:564/3250 train_time:177.984s step_avg:315.57ms
step:565/3250 train_time:178.284s step_avg:315.55ms
step:566/3250 train_time:178.584s step_avg:315.52ms
step:567/3250 train_time:178.884s step_avg:315.49ms
step:568/3250 train_time:179.186s step_avg:315.47ms
step:569/3250 train_time:179.487s step_avg:315.44ms
step:570/3250 train_time:179.785s step_avg:315.41ms
step:571/3250 train_time:180.146s step_avg:315.49ms
step:572/3250 train_time:180.442s step_avg:315.46ms
step:573/3250 train_time:180.742s step_avg:315.43ms
step:574/3250 train_time:181.047s step_avg:315.41ms
step:575/3250 train_time:181.345s step_avg:315.38ms
step:576/3250 train_time:181.643s step_avg:315.35ms
step:577/3250 train_time:181.947s step_avg:315.33ms
step:578/3250 train_time:182.248s step_avg:315.31ms
step:579/3250 train_time:182.545s step_avg:315.28ms
step:580/3250 train_time:182.846s step_avg:315.25ms
step:581/3250 train_time:183.146s step_avg:315.23ms
step:582/3250 train_time:183.446s step_avg:315.20ms
step:583/3250 train_time:183.744s step_avg:315.17ms
step:584/3250 train_time:184.046s step_avg:315.15ms
step:585/3250 train_time:184.346s step_avg:315.12ms
step:586/3250 train_time:184.648s step_avg:315.10ms
step:587/3250 train_time:184.949s step_avg:315.07ms
step:588/3250 train_time:185.246s step_avg:315.04ms
step:589/3250 train_time:185.546s step_avg:315.02ms
step:590/3250 train_time:185.844s step_avg:314.99ms
step:591/3250 train_time:186.146s step_avg:314.97ms
step:592/3250 train_time:186.446s step_avg:314.94ms
step:593/3250 train_time:186.746s step_avg:314.92ms
step:594/3250 train_time:187.045s step_avg:314.89ms
step:595/3250 train_time:187.346s step_avg:314.87ms
step:596/3250 train_time:187.646s step_avg:314.84ms
step:597/3250 train_time:187.945s step_avg:314.82ms
step:598/3250 train_time:188.245s step_avg:314.79ms
step:599/3250 train_time:188.545s step_avg:314.77ms
step:600/3250 train_time:188.846s step_avg:314.74ms
step:601/3250 train_time:189.144s step_avg:314.72ms
step:602/3250 train_time:189.444s step_avg:314.69ms
step:603/3250 train_time:189.746s step_avg:314.67ms
step:604/3250 train_time:190.045s step_avg:314.64ms
step:605/3250 train_time:190.344s step_avg:314.62ms
step:606/3250 train_time:190.645s step_avg:314.60ms
step:607/3250 train_time:190.945s step_avg:314.57ms
step:608/3250 train_time:191.245s step_avg:314.55ms
step:609/3250 train_time:191.544s step_avg:314.52ms
step:610/3250 train_time:191.845s step_avg:314.50ms
step:611/3250 train_time:192.146s step_avg:314.48ms
step:612/3250 train_time:192.447s step_avg:314.46ms
step:613/3250 train_time:192.746s step_avg:314.43ms
step:614/3250 train_time:193.047s step_avg:314.41ms
step:615/3250 train_time:193.349s step_avg:314.39ms
step:616/3250 train_time:193.648s step_avg:314.36ms
step:617/3250 train_time:193.945s step_avg:314.34ms
step:618/3250 train_time:194.246s step_avg:314.31ms
step:619/3250 train_time:194.545s step_avg:314.29ms
step:620/3250 train_time:194.844s step_avg:314.27ms
step:621/3250 train_time:195.145s step_avg:314.24ms
step:622/3250 train_time:195.447s step_avg:314.22ms
step:623/3250 train_time:195.744s step_avg:314.20ms
step:624/3250 train_time:196.045s step_avg:314.18ms
step:625/3250 train_time:196.345s step_avg:314.15ms
step:625/3250 val_loss:3.76563 train_time:196.349s step_avg:300.51ms
step:626/3250 train_time:196.645s step_avg:314.13ms
step:627/3250 train_time:196.942s step_avg:314.10ms
step:628/3250 train_time:197.242s step_avg:314.08ms
step:629/3250 train_time:197.549s step_avg:314.07ms
step:630/3250 train_time:197.846s step_avg:314.04ms
step:631/3250 train_time:198.144s step_avg:314.02ms
step:632/3250 train_time:198.448s step_avg:314.00ms
step:633/3250 train_time:198.747s step_avg:313.98ms
step:634/3250 train_time:199.044s step_avg:313.95ms
step:635/3250 train_time:199.345s step_avg:313.93ms
step:636/3250 train_time:199.648s step_avg:313.91ms
step:637/3250 train_time:199.944s step_avg:313.88ms
step:638/3250 train_time:200.244s step_avg:313.86ms
step:639/3250 train_time:200.545s step_avg:313.84ms
step:640/3250 train_time:200.844s step_avg:313.82ms
step:641/3250 train_time:201.143s step_avg:313.80ms
step:642/3250 train_time:201.444s step_avg:313.78ms
step:643/3250 train_time:201.745s step_avg:313.76ms
step:644/3250 train_time:202.044s step_avg:313.73ms
step:645/3250 train_time:202.343s step_avg:313.71ms
step:646/3250 train_time:202.645s step_avg:313.69ms
step:647/3250 train_time:202.943s step_avg:313.67ms
step:648/3250 train_time:203.245s step_avg:313.65ms
step:649/3250 train_time:203.544s step_avg:313.63ms
step:650/3250 train_time:203.843s step_avg:313.60ms
step:651/3250 train_time:204.144s step_avg:313.58ms
step:652/3250 train_time:204.443s step_avg:313.56ms
step:653/3250 train_time:204.744s step_avg:313.54ms
step:654/3250 train_time:205.047s step_avg:313.53ms
step:655/3250 train_time:205.346s step_avg:313.51ms
step:656/3250 train_time:205.644s step_avg:313.48ms
step:657/3250 train_time:205.943s step_avg:313.46ms
step:658/3250 train_time:206.244s step_avg:313.44ms
step:659/3250 train_time:206.545s step_avg:313.42ms
step:660/3250 train_time:206.844s step_avg:313.40ms
step:661/3250 train_time:207.143s step_avg:313.38ms
step:662/3250 train_time:207.443s step_avg:313.36ms
step:663/3250 train_time:207.743s step_avg:313.34ms
step:664/3250 train_time:208.042s step_avg:313.32ms
step:665/3250 train_time:208.342s step_avg:313.30ms
step:666/3250 train_time:208.642s step_avg:313.28ms
step:667/3250 train_time:208.946s step_avg:313.26ms
step:668/3250 train_time:209.246s step_avg:313.24ms
step:669/3250 train_time:209.544s step_avg:313.22ms
step:670/3250 train_time:209.843s step_avg:313.20ms
step:671/3250 train_time:210.142s step_avg:313.18ms
step:672/3250 train_time:210.444s step_avg:313.16ms
step:673/3250 train_time:210.750s step_avg:313.15ms
step:674/3250 train_time:211.046s step_avg:313.12ms
step:675/3250 train_time:211.344s step_avg:313.10ms
step:676/3250 train_time:211.657s step_avg:313.10ms
step:677/3250 train_time:211.952s step_avg:313.07ms
step:678/3250 train_time:212.257s step_avg:313.06ms
step:679/3250 train_time:212.552s step_avg:313.04ms
step:680/3250 train_time:212.861s step_avg:313.03ms
step:681/3250 train_time:213.156s step_avg:313.00ms
step:682/3250 train_time:213.450s step_avg:312.98ms
step:683/3250 train_time:213.752s step_avg:312.96ms
step:684/3250 train_time:214.053s step_avg:312.94ms
step:685/3250 train_time:214.353s step_avg:312.92ms
step:686/3250 train_time:214.647s step_avg:312.90ms
step:687/3250 train_time:214.946s step_avg:312.88ms
step:688/3250 train_time:215.245s step_avg:312.86ms
step:689/3250 train_time:215.543s step_avg:312.83ms
step:690/3250 train_time:215.843s step_avg:312.82ms
step:691/3250 train_time:216.143s step_avg:312.80ms
step:692/3250 train_time:216.444s step_avg:312.78ms
step:693/3250 train_time:216.743s step_avg:312.76ms
step:694/3250 train_time:217.045s step_avg:312.74ms
step:695/3250 train_time:217.343s step_avg:312.72ms
step:696/3250 train_time:217.643s step_avg:312.71ms
step:697/3250 train_time:217.944s step_avg:312.69ms
step:698/3250 train_time:218.243s step_avg:312.67ms
step:699/3250 train_time:218.543s step_avg:312.65ms
step:700/3250 train_time:218.843s step_avg:312.63ms
step:701/3250 train_time:219.143s step_avg:312.61ms
step:702/3250 train_time:219.443s step_avg:312.60ms
step:703/3250 train_time:219.744s step_avg:312.58ms
step:704/3250 train_time:220.045s step_avg:312.56ms
step:705/3250 train_time:220.344s step_avg:312.54ms
step:706/3250 train_time:220.643s step_avg:312.53ms
step:707/3250 train_time:220.944s step_avg:312.51ms
step:708/3250 train_time:221.243s step_avg:312.49ms
step:709/3250 train_time:221.544s step_avg:312.47ms
step:710/3250 train_time:221.845s step_avg:312.46ms
step:711/3250 train_time:222.146s step_avg:312.44ms
step:712/3250 train_time:222.443s step_avg:312.42ms
step:713/3250 train_time:222.744s step_avg:312.40ms
step:714/3250 train_time:223.043s step_avg:312.38ms
step:715/3250 train_time:223.342s step_avg:312.37ms
step:716/3250 train_time:223.643s step_avg:312.35ms
step:717/3250 train_time:223.943s step_avg:312.33ms
step:718/3250 train_time:224.244s step_avg:312.32ms
step:719/3250 train_time:224.543s step_avg:312.30ms
step:720/3250 train_time:224.842s step_avg:312.28ms
step:721/3250 train_time:225.144s step_avg:312.27ms
step:722/3250 train_time:225.443s step_avg:312.25ms
step:723/3250 train_time:225.744s step_avg:312.23ms
step:724/3250 train_time:226.044s step_avg:312.21ms
step:725/3250 train_time:226.343s step_avg:312.20ms
step:726/3250 train_time:226.644s step_avg:312.18ms
step:727/3250 train_time:226.943s step_avg:312.16ms
step:728/3250 train_time:227.244s step_avg:312.15ms
step:729/3250 train_time:227.545s step_avg:312.13ms
step:730/3250 train_time:227.844s step_avg:312.12ms
step:731/3250 train_time:228.144s step_avg:312.10ms
step:732/3250 train_time:228.443s step_avg:312.08ms
step:733/3250 train_time:228.743s step_avg:312.06ms
step:734/3250 train_time:229.043s step_avg:312.05ms
step:735/3250 train_time:229.343s step_avg:312.03ms
step:736/3250 train_time:229.643s step_avg:312.02ms
step:737/3250 train_time:229.944s step_avg:312.00ms
step:738/3250 train_time:230.244s step_avg:311.98ms
step:739/3250 train_time:230.544s step_avg:311.97ms
step:740/3250 train_time:230.847s step_avg:311.95ms
step:741/3250 train_time:231.147s step_avg:311.94ms
step:742/3250 train_time:231.443s step_avg:311.92ms
step:743/3250 train_time:231.744s step_avg:311.90ms
step:744/3250 train_time:232.045s step_avg:311.89ms
step:745/3250 train_time:232.344s step_avg:311.87ms
step:746/3250 train_time:232.644s step_avg:311.86ms
step:747/3250 train_time:232.944s step_avg:311.84ms
step:748/3250 train_time:233.243s step_avg:311.82ms
step:749/3250 train_time:233.544s step_avg:311.81ms
step:750/3250 train_time:233.843s step_avg:311.79ms
step:750/3250 val_loss:3.72034 train_time:233.847s step_avg:299.98ms
step:751/3250 train_time:234.140s step_avg:311.77ms
step:752/3250 train_time:234.435s step_avg:311.75ms
step:753/3250 train_time:234.729s step_avg:311.73ms
step:754/3250 train_time:235.031s step_avg:311.71ms
step:755/3250 train_time:235.330s step_avg:311.70ms
step:756/3250 train_time:235.626s step_avg:311.67ms
step:757/3250 train_time:235.926s step_avg:311.66ms
step:758/3250 train_time:236.225s step_avg:311.64ms
step:759/3250 train_time:236.524s step_avg:311.63ms
step:760/3250 train_time:236.825s step_avg:311.61ms
step:761/3250 train_time:237.171s step_avg:311.66ms
step:762/3250 train_time:237.467s step_avg:311.64ms
step:763/3250 train_time:237.764s step_avg:311.62ms
step:764/3250 train_time:238.068s step_avg:311.61ms
step:765/3250 train_time:238.366s step_avg:311.59ms
step:766/3250 train_time:238.663s step_avg:311.57ms
step:767/3250 train_time:238.967s step_avg:311.56ms
step:768/3250 train_time:239.265s step_avg:311.54ms
step:769/3250 train_time:239.564s step_avg:311.53ms
step:770/3250 train_time:239.866s step_avg:311.51ms
step:771/3250 train_time:240.169s step_avg:311.50ms
step:772/3250 train_time:240.469s step_avg:311.49ms
step:773/3250 train_time:240.767s step_avg:311.47ms
step:774/3250 train_time:241.069s step_avg:311.46ms
step:775/3250 train_time:241.369s step_avg:311.44ms
step:776/3250 train_time:241.667s step_avg:311.43ms
step:777/3250 train_time:241.966s step_avg:311.41ms
step:778/3250 train_time:242.266s step_avg:311.40ms
step:779/3250 train_time:242.565s step_avg:311.38ms
step:780/3250 train_time:242.865s step_avg:311.37ms
step:781/3250 train_time:243.166s step_avg:311.35ms
step:782/3250 train_time:243.465s step_avg:311.34ms
step:783/3250 train_time:243.765s step_avg:311.32ms
step:784/3250 train_time:244.068s step_avg:311.31ms
step:785/3250 train_time:244.369s step_avg:311.30ms
step:786/3250 train_time:244.670s step_avg:311.29ms
step:787/3250 train_time:244.970s step_avg:311.27ms
step:788/3250 train_time:245.267s step_avg:311.25ms
step:789/3250 train_time:245.567s step_avg:311.24ms
step:790/3250 train_time:245.866s step_avg:311.22ms
step:791/3250 train_time:246.165s step_avg:311.21ms
step:792/3250 train_time:246.467s step_avg:311.20ms
step:793/3250 train_time:246.766s step_avg:311.18ms
step:794/3250 train_time:247.066s step_avg:311.17ms
step:795/3250 train_time:247.367s step_avg:311.15ms
step:796/3250 train_time:247.668s step_avg:311.14ms
step:797/3250 train_time:247.967s step_avg:311.13ms
step:798/3250 train_time:248.265s step_avg:311.11ms
step:799/3250 train_time:248.566s step_avg:311.10ms
step:800/3250 train_time:248.866s step_avg:311.08ms
step:801/3250 train_time:249.165s step_avg:311.07ms
step:802/3250 train_time:249.466s step_avg:311.05ms
step:803/3250 train_time:249.766s step_avg:311.04ms
step:804/3250 train_time:250.065s step_avg:311.03ms
step:805/3250 train_time:250.367s step_avg:311.02ms
step:806/3250 train_time:250.668s step_avg:311.00ms
step:807/3250 train_time:250.968s step_avg:310.99ms
step:808/3250 train_time:251.266s step_avg:310.97ms
step:809/3250 train_time:251.567s step_avg:310.96ms
step:810/3250 train_time:251.866s step_avg:310.95ms
step:811/3250 train_time:252.171s step_avg:310.94ms
step:812/3250 train_time:252.467s step_avg:310.92ms
step:813/3250 train_time:252.767s step_avg:310.91ms
step:814/3250 train_time:253.067s step_avg:310.89ms
step:815/3250 train_time:253.371s step_avg:310.88ms
step:816/3250 train_time:253.670s step_avg:310.87ms
step:817/3250 train_time:253.967s step_avg:310.85ms
step:818/3250 train_time:254.267s step_avg:310.84ms
step:819/3250 train_time:254.567s step_avg:310.83ms
step:820/3250 train_time:254.866s step_avg:310.81ms
step:821/3250 train_time:255.167s step_avg:310.80ms
step:822/3250 train_time:255.466s step_avg:310.79ms
step:823/3250 train_time:255.766s step_avg:310.77ms
step:824/3250 train_time:256.067s step_avg:310.76ms
step:825/3250 train_time:256.368s step_avg:310.75ms
step:826/3250 train_time:256.667s step_avg:310.73ms
step:827/3250 train_time:256.966s step_avg:310.72ms
step:828/3250 train_time:257.267s step_avg:310.71ms
step:829/3250 train_time:257.567s step_avg:310.70ms
step:830/3250 train_time:257.867s step_avg:310.68ms
step:831/3250 train_time:258.166s step_avg:310.67ms
step:832/3250 train_time:258.468s step_avg:310.66ms
step:833/3250 train_time:258.768s step_avg:310.65ms
step:834/3250 train_time:259.067s step_avg:310.63ms
step:835/3250 train_time:259.367s step_avg:310.62ms
step:836/3250 train_time:259.667s step_avg:310.61ms
step:837/3250 train_time:259.967s step_avg:310.59ms
step:838/3250 train_time:260.269s step_avg:310.58ms
step:839/3250 train_time:260.568s step_avg:310.57ms
step:840/3250 train_time:260.868s step_avg:310.56ms
step:841/3250 train_time:261.167s step_avg:310.54ms
step:842/3250 train_time:261.467s step_avg:310.53ms
step:843/3250 train_time:261.767s step_avg:310.52ms
step:844/3250 train_time:262.069s step_avg:310.51ms
step:845/3250 train_time:262.369s step_avg:310.50ms
step:846/3250 train_time:262.667s step_avg:310.48ms
step:847/3250 train_time:262.967s step_avg:310.47ms
step:848/3250 train_time:263.267s step_avg:310.46ms
step:849/3250 train_time:263.567s step_avg:310.44ms
step:850/3250 train_time:263.867s step_avg:310.43ms
step:851/3250 train_time:264.171s step_avg:310.42ms
step:852/3250 train_time:264.466s step_avg:310.41ms
step:853/3250 train_time:264.768s step_avg:310.40ms
step:854/3250 train_time:265.068s step_avg:310.38ms
step:855/3250 train_time:265.368s step_avg:310.37ms
step:856/3250 train_time:265.668s step_avg:310.36ms
step:857/3250 train_time:265.967s step_avg:310.35ms
step:858/3250 train_time:266.267s step_avg:310.33ms
step:859/3250 train_time:266.566s step_avg:310.32ms
step:860/3250 train_time:266.867s step_avg:310.31ms
step:861/3250 train_time:267.166s step_avg:310.30ms
step:862/3250 train_time:267.466s step_avg:310.29ms
step:863/3250 train_time:267.769s step_avg:310.28ms
step:864/3250 train_time:268.069s step_avg:310.26ms
step:865/3250 train_time:268.368s step_avg:310.25ms
step:866/3250 train_time:268.668s step_avg:310.24ms
step:867/3250 train_time:268.967s step_avg:310.23ms
step:868/3250 train_time:269.267s step_avg:310.22ms
step:869/3250 train_time:269.567s step_avg:310.20ms
step:870/3250 train_time:269.868s step_avg:310.19ms
step:871/3250 train_time:270.168s step_avg:310.18ms
step:872/3250 train_time:270.468s step_avg:310.17ms
step:873/3250 train_time:270.769s step_avg:310.16ms
step:874/3250 train_time:271.069s step_avg:310.15ms
step:875/3250 train_time:271.370s step_avg:310.14ms
step:875/3250 val_loss:3.68602 train_time:271.372s step_avg:300.20ms
step:876/3250 train_time:271.665s step_avg:310.12ms
step:877/3250 train_time:271.961s step_avg:310.10ms
step:878/3250 train_time:272.256s step_avg:310.09ms
step:879/3250 train_time:272.558s step_avg:310.08ms
step:880/3250 train_time:272.856s step_avg:310.06ms
step:881/3250 train_time:273.153s step_avg:310.05ms
step:882/3250 train_time:273.456s step_avg:310.04ms
step:883/3250 train_time:273.753s step_avg:310.03ms
step:884/3250 train_time:274.053s step_avg:310.01ms
step:885/3250 train_time:274.354s step_avg:310.00ms
step:886/3250 train_time:274.657s step_avg:310.00ms
step:887/3250 train_time:274.951s step_avg:309.98ms
step:888/3250 train_time:275.252s step_avg:309.97ms
step:889/3250 train_time:275.552s step_avg:309.96ms
step:890/3250 train_time:275.853s step_avg:309.95ms
step:891/3250 train_time:276.149s step_avg:309.93ms
step:892/3250 train_time:276.452s step_avg:309.92ms
step:893/3250 train_time:276.751s step_avg:309.91ms
step:894/3250 train_time:277.051s step_avg:309.90ms
step:895/3250 train_time:277.351s step_avg:309.89ms
step:896/3250 train_time:277.653s step_avg:309.88ms
step:897/3250 train_time:277.951s step_avg:309.87ms
step:898/3250 train_time:278.250s step_avg:309.85ms
step:899/3250 train_time:278.549s step_avg:309.84ms
step:900/3250 train_time:278.849s step_avg:309.83ms
step:901/3250 train_time:279.149s step_avg:309.82ms
step:902/3250 train_time:279.449s step_avg:309.81ms
step:903/3250 train_time:279.750s step_avg:309.80ms
step:904/3250 train_time:280.049s step_avg:309.79ms
step:905/3250 train_time:280.349s step_avg:309.78ms
step:906/3250 train_time:280.649s step_avg:309.77ms
step:907/3250 train_time:280.950s step_avg:309.76ms
step:908/3250 train_time:281.249s step_avg:309.75ms
step:909/3250 train_time:281.548s step_avg:309.73ms
step:910/3250 train_time:281.848s step_avg:309.72ms
step:911/3250 train_time:282.149s step_avg:309.71ms
step:912/3250 train_time:282.451s step_avg:309.70ms
step:913/3250 train_time:282.750s step_avg:309.69ms
step:914/3250 train_time:283.048s step_avg:309.68ms
step:915/3250 train_time:283.348s step_avg:309.67ms
step:916/3250 train_time:283.648s step_avg:309.66ms
step:917/3250 train_time:283.948s step_avg:309.65ms
step:918/3250 train_time:284.246s step_avg:309.64ms
step:919/3250 train_time:284.545s step_avg:309.62ms
step:920/3250 train_time:284.843s step_avg:309.61ms
step:921/3250 train_time:285.140s step_avg:309.60ms
step:922/3250 train_time:285.436s step_avg:309.58ms
step:923/3250 train_time:285.738s step_avg:309.58ms
step:924/3250 train_time:286.035s step_avg:309.56ms
step:925/3250 train_time:286.333s step_avg:309.55ms
step:926/3250 train_time:286.630s step_avg:309.54ms
step:927/3250 train_time:286.930s step_avg:309.53ms
step:928/3250 train_time:287.229s step_avg:309.51ms
step:929/3250 train_time:287.529s step_avg:309.50ms
step:930/3250 train_time:287.828s step_avg:309.49ms
step:931/3250 train_time:288.128s step_avg:309.48ms
step:932/3250 train_time:288.428s step_avg:309.47ms
step:933/3250 train_time:288.728s step_avg:309.46ms
step:934/3250 train_time:289.029s step_avg:309.45ms
step:935/3250 train_time:289.330s step_avg:309.44ms
step:936/3250 train_time:289.628s step_avg:309.43ms
step:937/3250 train_time:289.927s step_avg:309.42ms
step:938/3250 train_time:290.225s step_avg:309.41ms
step:939/3250 train_time:290.523s step_avg:309.40ms
step:940/3250 train_time:290.819s step_avg:309.38ms
step:941/3250 train_time:291.115s step_avg:309.37ms
step:942/3250 train_time:291.414s step_avg:309.36ms
step:943/3250 train_time:291.713s step_avg:309.35ms
step:944/3250 train_time:292.011s step_avg:309.33ms
step:945/3250 train_time:292.310s step_avg:309.32ms
step:946/3250 train_time:292.610s step_avg:309.31ms
step:947/3250 train_time:292.910s step_avg:309.30ms
step:948/3250 train_time:293.209s step_avg:309.29ms
step:949/3250 train_time:293.509s step_avg:309.28ms
step:950/3250 train_time:293.811s step_avg:309.27ms
step:951/3250 train_time:294.154s step_avg:309.31ms
step:952/3250 train_time:294.451s step_avg:309.30ms
step:953/3250 train_time:294.749s step_avg:309.28ms
step:954/3250 train_time:295.052s step_avg:309.28ms
step:955/3250 train_time:295.349s step_avg:309.27ms
step:956/3250 train_time:295.647s step_avg:309.25ms
step:957/3250 train_time:295.950s step_avg:309.25ms
step:958/3250 train_time:296.249s step_avg:309.24ms
step:959/3250 train_time:296.548s step_avg:309.23ms
step:960/3250 train_time:296.851s step_avg:309.22ms
step:961/3250 train_time:297.151s step_avg:309.21ms
step:962/3250 train_time:297.451s step_avg:309.20ms
step:963/3250 train_time:297.750s step_avg:309.19ms
step:964/3250 train_time:298.051s step_avg:309.18ms
step:965/3250 train_time:298.351s step_avg:309.17ms
step:966/3250 train_time:298.651s step_avg:309.16ms
step:967/3250 train_time:298.951s step_avg:309.15ms
step:968/3250 train_time:299.253s step_avg:309.15ms
step:969/3250 train_time:299.552s step_avg:309.13ms
step:970/3250 train_time:299.851s step_avg:309.13ms
step:971/3250 train_time:300.153s step_avg:309.12ms
step:972/3250 train_time:300.454s step_avg:309.11ms
step:973/3250 train_time:300.752s step_avg:309.10ms
step:974/3250 train_time:301.051s step_avg:309.09ms
step:975/3250 train_time:301.350s step_avg:309.08ms
step:976/3250 train_time:301.651s step_avg:309.07ms
step:977/3250 train_time:301.951s step_avg:309.06ms
step:978/3250 train_time:302.251s step_avg:309.05ms
step:979/3250 train_time:302.551s step_avg:309.04ms
step:980/3250 train_time:302.850s step_avg:309.03ms
step:981/3250 train_time:303.149s step_avg:309.02ms
step:982/3250 train_time:303.450s step_avg:309.01ms
step:983/3250 train_time:303.750s step_avg:309.00ms
step:984/3250 train_time:304.050s step_avg:308.99ms
step:985/3250 train_time:304.351s step_avg:308.99ms
step:986/3250 train_time:304.651s step_avg:308.98ms
step:987/3250 train_time:304.951s step_avg:308.97ms
step:988/3250 train_time:305.251s step_avg:308.96ms
step:989/3250 train_time:305.550s step_avg:308.95ms
step:990/3250 train_time:305.850s step_avg:308.94ms
step:991/3250 train_time:306.149s step_avg:308.93ms
step:992/3250 train_time:306.449s step_avg:308.92ms
step:993/3250 train_time:306.749s step_avg:308.91ms
step:994/3250 train_time:307.048s step_avg:308.90ms
step:995/3250 train_time:307.350s step_avg:308.89ms
step:996/3250 train_time:307.651s step_avg:308.89ms
step:997/3250 train_time:307.952s step_avg:308.88ms
step:998/3250 train_time:308.250s step_avg:308.87ms
step:999/3250 train_time:308.552s step_avg:308.86ms
step:1000/3250 train_time:308.854s step_avg:308.85ms
step:1000/3250 val_loss:3.65325 train_time:308.856s step_avg:299.87ms
step:1001/3250 train_time:309.151s step_avg:308.84ms
step:1002/3250 train_time:309.819s step_avg:309.20ms
step:1003/3250 train_time:310.121s step_avg:309.19ms
step:1004/3250 train_time:310.428s step_avg:309.19ms
step:1005/3250 train_time:310.733s step_avg:309.19ms
step:1006/3250 train_time:311.037s step_avg:309.18ms
step:1007/3250 train_time:311.340s step_avg:309.18ms
step:1008/3250 train_time:311.645s step_avg:309.17ms
step:1009/3250 train_time:311.950s step_avg:309.17ms
step:1010/3250 train_time:312.258s step_avg:309.17ms
step:1011/3250 train_time:312.561s step_avg:309.16ms
step:1012/3250 train_time:312.870s step_avg:309.16ms
step:1013/3250 train_time:313.178s step_avg:309.16ms
step:1014/3250 train_time:313.482s step_avg:309.15ms
step:1015/3250 train_time:313.789s step_avg:309.15ms
step:1016/3250 train_time:314.093s step_avg:309.15ms
step:1017/3250 train_time:314.396s step_avg:309.14ms
step:1018/3250 train_time:314.701s step_avg:309.14ms
step:1019/3250 train_time:315.006s step_avg:309.13ms
step:1020/3250 train_time:315.312s step_avg:309.13ms
step:1021/3250 train_time:315.617s step_avg:309.12ms
step:1022/3250 train_time:315.922s step_avg:309.12ms
step:1023/3250 train_time:316.229s step_avg:309.12ms
step:1024/3250 train_time:316.533s step_avg:309.11ms
step:1025/3250 train_time:316.837s step_avg:309.11ms
step:1026/3250 train_time:317.142s step_avg:309.11ms
step:1027/3250 train_time:317.447s step_avg:309.10ms
step:1028/3250 train_time:317.752s step_avg:309.10ms
step:1029/3250 train_time:318.057s step_avg:309.09ms
step:1030/3250 train_time:318.361s step_avg:309.09ms
step:1031/3250 train_time:318.664s step_avg:309.08ms
step:1032/3250 train_time:318.970s step_avg:309.08ms
step:1033/3250 train_time:319.278s step_avg:309.08ms
step:1034/3250 train_time:319.585s step_avg:309.08ms
step:1035/3250 train_time:319.895s step_avg:309.08ms
step:1036/3250 train_time:320.199s step_avg:309.07ms
step:1037/3250 train_time:320.507s step_avg:309.07ms
step:1038/3250 train_time:320.813s step_avg:309.07ms
step:1039/3250 train_time:321.118s step_avg:309.06ms
step:1040/3250 train_time:321.426s step_avg:309.06ms
step:1041/3250 train_time:321.732s step_avg:309.06ms
step:1042/3250 train_time:322.038s step_avg:309.06ms
step:1043/3250 train_time:322.344s step_avg:309.05ms
step:1044/3250 train_time:322.651s step_avg:309.05ms
step:1045/3250 train_time:322.956s step_avg:309.05ms
step:1046/3250 train_time:323.260s step_avg:309.04ms
step:1047/3250 train_time:323.563s step_avg:309.04ms
step:1048/3250 train_time:323.871s step_avg:309.04ms
step:1049/3250 train_time:324.176s step_avg:309.03ms
step:1050/3250 train_time:324.479s step_avg:309.03ms
step:1051/3250 train_time:324.790s step_avg:309.03ms
step:1052/3250 train_time:325.095s step_avg:309.03ms
step:1053/3250 train_time:325.399s step_avg:309.02ms
step:1054/3250 train_time:325.707s step_avg:309.02ms
step:1055/3250 train_time:326.014s step_avg:309.02ms
step:1056/3250 train_time:326.319s step_avg:309.01ms
step:1057/3250 train_time:326.624s step_avg:309.01ms
step:1058/3250 train_time:326.931s step_avg:309.01ms
step:1059/3250 train_time:327.235s step_avg:309.00ms
step:1060/3250 train_time:327.539s step_avg:309.00ms
step:1061/3250 train_time:327.844s step_avg:309.00ms
step:1062/3250 train_time:328.154s step_avg:309.00ms
step:1063/3250 train_time:328.462s step_avg:309.00ms
step:1064/3250 train_time:328.773s step_avg:309.00ms
step:1065/3250 train_time:329.078s step_avg:308.99ms
step:1066/3250 train_time:329.382s step_avg:308.99ms
step:1067/3250 train_time:329.690s step_avg:308.99ms
step:1068/3250 train_time:329.998s step_avg:308.99ms
step:1069/3250 train_time:330.304s step_avg:308.98ms
step:1070/3250 train_time:330.613s step_avg:308.98ms
step:1071/3250 train_time:330.919s step_avg:308.98ms
step:1072/3250 train_time:331.227s step_avg:308.98ms
step:1073/3250 train_time:331.533s step_avg:308.98ms
step:1074/3250 train_time:331.838s step_avg:308.97ms
step:1075/3250 train_time:332.144s step_avg:308.97ms
step:1076/3250 train_time:332.453s step_avg:308.97ms
step:1077/3250 train_time:332.757s step_avg:308.97ms
step:1078/3250 train_time:333.062s step_avg:308.96ms
step:1079/3250 train_time:333.370s step_avg:308.96ms
step:1080/3250 train_time:333.675s step_avg:308.96ms
step:1081/3250 train_time:333.981s step_avg:308.96ms
step:1082/3250 train_time:334.293s step_avg:308.96ms
step:1083/3250 train_time:334.598s step_avg:308.96ms
step:1084/3250 train_time:334.906s step_avg:308.95ms
step:1085/3250 train_time:335.212s step_avg:308.95ms
step:1086/3250 train_time:335.518s step_avg:308.95ms
step:1087/3250 train_time:335.824s step_avg:308.95ms
step:1088/3250 train_time:336.129s step_avg:308.94ms
step:1089/3250 train_time:336.433s step_avg:308.94ms
step:1090/3250 train_time:336.737s step_avg:308.93ms
step:1091/3250 train_time:337.043s step_avg:308.93ms
step:1092/3250 train_time:337.349s step_avg:308.93ms
step:1093/3250 train_time:337.655s step_avg:308.92ms
step:1094/3250 train_time:337.959s step_avg:308.92ms
step:1095/3250 train_time:338.267s step_avg:308.92ms
step:1096/3250 train_time:338.574s step_avg:308.92ms
step:1097/3250 train_time:338.878s step_avg:308.91ms
step:1098/3250 train_time:339.185s step_avg:308.91ms
step:1099/3250 train_time:339.495s step_avg:308.91ms
step:1100/3250 train_time:339.798s step_avg:308.91ms
step:1101/3250 train_time:340.104s step_avg:308.90ms
step:1102/3250 train_time:340.414s step_avg:308.91ms
step:1103/3250 train_time:340.721s step_avg:308.90ms
step:1104/3250 train_time:341.029s step_avg:308.90ms
step:1105/3250 train_time:341.334s step_avg:308.90ms
step:1106/3250 train_time:341.637s step_avg:308.89ms
step:1107/3250 train_time:341.942s step_avg:308.89ms
step:1108/3250 train_time:342.248s step_avg:308.89ms
step:1109/3250 train_time:342.554s step_avg:308.89ms
step:1110/3250 train_time:342.858s step_avg:308.88ms
step:1111/3250 train_time:343.159s step_avg:308.87ms
step:1112/3250 train_time:343.463s step_avg:308.87ms
step:1113/3250 train_time:343.771s step_avg:308.87ms
step:1114/3250 train_time:344.075s step_avg:308.86ms
step:1115/3250 train_time:344.380s step_avg:308.86ms
step:1116/3250 train_time:344.685s step_avg:308.86ms
step:1117/3250 train_time:344.992s step_avg:308.86ms
step:1118/3250 train_time:345.297s step_avg:308.85ms
step:1119/3250 train_time:345.602s step_avg:308.85ms
step:1120/3250 train_time:345.912s step_avg:308.85ms
step:1121/3250 train_time:346.226s step_avg:308.86ms
step:1122/3250 train_time:346.538s step_avg:308.86ms
step:1123/3250 train_time:346.846s step_avg:308.86ms
step:1124/3250 train_time:347.150s step_avg:308.85ms
step:1125/3250 train_time:347.455s step_avg:308.85ms
step:1125/3250 val_loss:3.60654 train_time:347.456s step_avg:308.80ms
probe_ema: n=84934656 align=-0.36438,-0.32054,-0.27408,-0.22560 rel_mse=1.06295,1.03331,1.01701,1.00843
step:1126/3250 train_time:347.760s step_avg:308.85ms
step:1127/3250 train_time:348.066s step_avg:308.84ms
step:1128/3250 train_time:348.370s step_avg:308.84ms
step:1129/3250 train_time:348.677s step_avg:308.84ms
step:1130/3250 train_time:348.983s step_avg:308.83ms
step:1131/3250 train_time:349.286s step_avg:308.83ms
step:1132/3250 train_time:349.591s step_avg:308.83ms
step:1133/3250 train_time:349.898s step_avg:308.82ms
step:1134/3250 train_time:350.203s step_avg:308.82ms
step:1135/3250 train_time:350.508s step_avg:308.82ms
step:1136/3250 train_time:350.813s step_avg:308.81ms
step:1137/3250 train_time:351.128s step_avg:308.82ms
step:1138/3250 train_time:351.433s step_avg:308.82ms
step:1139/3250 train_time:351.744s step_avg:308.82ms
step:1140/3250 train_time:352.049s step_avg:308.82ms
step:1141/3250 train_time:352.410s step_avg:308.86ms
step:1142/3250 train_time:352.716s step_avg:308.86ms
step:1143/3250 train_time:353.024s step_avg:308.86ms
step:1144/3250 train_time:353.329s step_avg:308.85ms
step:1145/3250 train_time:353.633s step_avg:308.85ms
step:1146/3250 train_time:353.942s step_avg:308.85ms
step:1147/3250 train_time:354.247s step_avg:308.85ms
step:1148/3250 train_time:354.551s step_avg:308.84ms
step:1149/3250 train_time:354.857s step_avg:308.84ms
step:1150/3250 train_time:355.163s step_avg:308.84ms
step:1151/3250 train_time:355.469s step_avg:308.83ms
step:1152/3250 train_time:355.781s step_avg:308.84ms
step:1153/3250 train_time:356.086s step_avg:308.83ms
step:1154/3250 train_time:356.389s step_avg:308.83ms
step:1155/3250 train_time:356.695s step_avg:308.83ms
step:1156/3250 train_time:357.004s step_avg:308.83ms
step:1157/3250 train_time:357.317s step_avg:308.83ms
step:1158/3250 train_time:357.626s step_avg:308.83ms
step:1159/3250 train_time:357.936s step_avg:308.83ms
step:1160/3250 train_time:358.249s step_avg:308.84ms
step:1161/3250 train_time:358.557s step_avg:308.83ms
step:1162/3250 train_time:358.868s step_avg:308.84ms
step:1163/3250 train_time:359.175s step_avg:308.83ms
step:1164/3250 train_time:359.482s step_avg:308.83ms
step:1165/3250 train_time:359.787s step_avg:308.83ms
step:1166/3250 train_time:360.090s step_avg:308.83ms
step:1167/3250 train_time:360.396s step_avg:308.82ms
step:1168/3250 train_time:360.704s step_avg:308.82ms
step:1169/3250 train_time:361.009s step_avg:308.82ms
step:1170/3250 train_time:361.317s step_avg:308.82ms
step:1171/3250 train_time:361.624s step_avg:308.82ms
step:1172/3250 train_time:361.929s step_avg:308.81ms
step:1173/3250 train_time:362.239s step_avg:308.81ms
step:1174/3250 train_time:362.545s step_avg:308.81ms
step:1175/3250 train_time:362.849s step_avg:308.81ms
step:1176/3250 train_time:363.153s step_avg:308.80ms
step:1177/3250 train_time:363.462s step_avg:308.80ms
step:1178/3250 train_time:363.767s step_avg:308.80ms
step:1179/3250 train_time:364.070s step_avg:308.80ms
step:1180/3250 train_time:364.383s step_avg:308.80ms
step:1181/3250 train_time:364.688s step_avg:308.80ms
step:1182/3250 train_time:364.998s step_avg:308.80ms
step:1183/3250 train_time:365.312s step_avg:308.80ms
step:1184/3250 train_time:365.627s step_avg:308.81ms
step:1185/3250 train_time:365.932s step_avg:308.80ms
step:1186/3250 train_time:366.242s step_avg:308.80ms
step:1187/3250 train_time:366.550s step_avg:308.80ms
step:1188/3250 train_time:366.854s step_avg:308.80ms
step:1189/3250 train_time:367.161s step_avg:308.80ms
step:1190/3250 train_time:367.466s step_avg:308.79ms
step:1191/3250 train_time:367.768s step_avg:308.79ms
step:1192/3250 train_time:368.073s step_avg:308.79ms
step:1193/3250 train_time:368.380s step_avg:308.78ms
step:1194/3250 train_time:368.685s step_avg:308.78ms
step:1195/3250 train_time:368.989s step_avg:308.78ms
step:1196/3250 train_time:369.293s step_avg:308.77ms
step:1197/3250 train_time:369.596s step_avg:308.77ms
step:1198/3250 train_time:369.902s step_avg:308.77ms
step:1199/3250 train_time:370.212s step_avg:308.77ms
step:1200/3250 train_time:370.518s step_avg:308.76ms
step:1201/3250 train_time:370.824s step_avg:308.76ms
step:1202/3250 train_time:371.128s step_avg:308.76ms
step:1203/3250 train_time:371.432s step_avg:308.75ms
step:1204/3250 train_time:371.739s step_avg:308.75ms
step:1205/3250 train_time:372.043s step_avg:308.75ms
step:1206/3250 train_time:372.347s step_avg:308.75ms
step:1207/3250 train_time:372.652s step_avg:308.74ms
step:1208/3250 train_time:372.956s step_avg:308.74ms
step:1209/3250 train_time:373.263s step_avg:308.74ms
step:1210/3250 train_time:373.567s step_avg:308.73ms
step:1211/3250 train_time:373.872s step_avg:308.73ms
step:1212/3250 train_time:374.177s step_avg:308.73ms
step:1213/3250 train_time:374.482s step_avg:308.72ms
step:1214/3250 train_time:374.787s step_avg:308.72ms
step:1215/3250 train_time:375.094s step_avg:308.72ms
step:1216/3250 train_time:375.402s step_avg:308.72ms
step:1217/3250 train_time:375.708s step_avg:308.72ms
step:1218/3250 train_time:376.013s step_avg:308.71ms
step:1219/3250 train_time:376.320s step_avg:308.71ms
step:1220/3250 train_time:376.629s step_avg:308.71ms
step:1221/3250 train_time:376.931s step_avg:308.71ms
step:1222/3250 train_time:377.241s step_avg:308.71ms
step:1223/3250 train_time:377.551s step_avg:308.71ms
step:1224/3250 train_time:377.859s step_avg:308.71ms
step:1225/3250 train_time:378.168s step_avg:308.71ms
step:1226/3250 train_time:378.472s step_avg:308.70ms
step:1227/3250 train_time:378.777s step_avg:308.70ms
step:1228/3250 train_time:379.082s step_avg:308.70ms
step:1229/3250 train_time:379.386s step_avg:308.69ms
step:1230/3250 train_time:379.690s step_avg:308.69ms
step:1231/3250 train_time:379.996s step_avg:308.69ms
step:1232/3250 train_time:380.302s step_avg:308.69ms
step:1233/3250 train_time:380.606s step_avg:308.68ms
step:1234/3250 train_time:380.909s step_avg:308.68ms
step:1235/3250 train_time:381.213s step_avg:308.67ms
step:1236/3250 train_time:381.519s step_avg:308.67ms
step:1237/3250 train_time:381.824s step_avg:308.67ms
step:1238/3250 train_time:382.128s step_avg:308.67ms
step:1239/3250 train_time:382.432s step_avg:308.66ms
step:1240/3250 train_time:382.737s step_avg:308.66ms
step:1241/3250 train_time:383.043s step_avg:308.66ms
step:1242/3250 train_time:383.347s step_avg:308.65ms
step:1243/3250 train_time:383.651s step_avg:308.65ms
step:1244/3250 train_time:383.956s step_avg:308.65ms
step:1245/3250 train_time:384.262s step_avg:308.64ms
step:1246/3250 train_time:384.566s step_avg:308.64ms
step:1247/3250 train_time:384.870s step_avg:308.64ms
step:1248/3250 train_time:385.177s step_avg:308.64ms
step:1249/3250 train_time:385.482s step_avg:308.63ms
step:1250/3250 train_time:385.787s step_avg:308.63ms
step:1250/3250 val_loss:3.57688 train_time:385.788s step_avg:306.65ms
probe_ema: n=84934656 align=-0.44234,-0.39342,-0.34576,-0.29732 rel_mse=1.07839,1.04104,1.02118,1.01085
step:1251/3250 train_time:386.093s step_avg:308.63ms
step:1252/3250 train_time:386.397s step_avg:308.62ms
step:1253/3250 train_time:386.700s step_avg:308.62ms
step:1254/3250 train_time:387.004s step_avg:308.62ms
step:1255/3250 train_time:387.310s step_avg:308.61ms
step:1256/3250 train_time:387.618s step_avg:308.61ms
step:1257/3250 train_time:387.922s step_avg:308.61ms
step:1258/3250 train_time:388.231s step_avg:308.61ms
step:1259/3250 train_time:388.538s step_avg:308.61ms
step:1260/3250 train_time:388.843s step_avg:308.61ms
step:1261/3250 train_time:389.149s step_avg:308.60ms
step:1262/3250 train_time:389.454s step_avg:308.60ms
step:1263/3250 train_time:389.758s step_avg:308.60ms
step:1264/3250 train_time:390.062s step_avg:308.59ms
step:1265/3250 train_time:390.368s step_avg:308.59ms
step:1266/3250 train_time:390.673s step_avg:308.59ms
step:1267/3250 train_time:390.976s step_avg:308.58ms
step:1268/3250 train_time:391.281s step_avg:308.58ms
step:1269/3250 train_time:391.585s step_avg:308.58ms
step:1270/3250 train_time:391.890s step_avg:308.57ms
step:1271/3250 train_time:392.193s step_avg:308.57ms
step:1272/3250 train_time:392.497s step_avg:308.57ms
step:1273/3250 train_time:392.800s step_avg:308.56ms
step:1274/3250 train_time:393.104s step_avg:308.56ms
step:1275/3250 train_time:393.409s step_avg:308.56ms
step:1276/3250 train_time:393.713s step_avg:308.55ms
step:1277/3250 train_time:394.016s step_avg:308.55ms
step:1278/3250 train_time:394.320s step_avg:308.54ms
step:1279/3250 train_time:394.624s step_avg:308.54ms
step:1280/3250 train_time:394.929s step_avg:308.54ms
step:1281/3250 train_time:395.232s step_avg:308.53ms
step:1282/3250 train_time:395.535s step_avg:308.53ms
step:1283/3250 train_time:395.838s step_avg:308.53ms
step:1284/3250 train_time:396.140s step_avg:308.52ms
step:1285/3250 train_time:396.443s step_avg:308.52ms
step:1286/3250 train_time:396.748s step_avg:308.51ms
step:1287/3250 train_time:397.051s step_avg:308.51ms
step:1288/3250 train_time:397.354s step_avg:308.50ms
step:1289/3250 train_time:397.658s step_avg:308.50ms
step:1290/3250 train_time:397.961s step_avg:308.50ms
step:1291/3250 train_time:398.264s step_avg:308.49ms
step:1292/3250 train_time:398.570s step_avg:308.49ms
step:1293/3250 train_time:398.875s step_avg:308.49ms
step:1294/3250 train_time:399.177s step_avg:308.48ms
step:1295/3250 train_time:399.481s step_avg:308.48ms
step:1296/3250 train_time:399.784s step_avg:308.48ms
step:1297/3250 train_time:400.089s step_avg:308.47ms
step:1298/3250 train_time:400.392s step_avg:308.47ms
step:1299/3250 train_time:400.694s step_avg:308.46ms
step:1300/3250 train_time:400.996s step_avg:308.46ms
step:1301/3250 train_time:401.300s step_avg:308.45ms
step:1302/3250 train_time:401.602s step_avg:308.45ms
step:1303/3250 train_time:401.906s step_avg:308.45ms
step:1304/3250 train_time:402.210s step_avg:308.44ms
step:1305/3250 train_time:402.515s step_avg:308.44ms
step:1306/3250 train_time:402.817s step_avg:308.44ms
step:1307/3250 train_time:403.119s step_avg:308.43ms
step:1308/3250 train_time:403.423s step_avg:308.43ms
step:1309/3250 train_time:403.729s step_avg:308.43ms
step:1310/3250 train_time:404.032s step_avg:308.42ms
step:1311/3250 train_time:404.335s step_avg:308.42ms
step:1312/3250 train_time:404.636s step_avg:308.41ms
step:1313/3250 train_time:404.939s step_avg:308.41ms
step:1314/3250 train_time:405.241s step_avg:308.40ms
step:1315/3250 train_time:405.546s step_avg:308.40ms
step:1316/3250 train_time:405.851s step_avg:308.40ms
step:1317/3250 train_time:406.153s step_avg:308.39ms
step:1318/3250 train_time:406.456s step_avg:308.39ms
step:1319/3250 train_time:406.759s step_avg:308.38ms
step:1320/3250 train_time:407.061s step_avg:308.38ms
step:1321/3250 train_time:407.368s step_avg:308.38ms
step:1322/3250 train_time:407.673s step_avg:308.38ms
step:1323/3250 train_time:407.978s step_avg:308.37ms
step:1324/3250 train_time:408.284s step_avg:308.37ms
step:1325/3250 train_time:408.592s step_avg:308.37ms
step:1326/3250 train_time:408.896s step_avg:308.37ms
step:1327/3250 train_time:409.199s step_avg:308.36ms
step:1328/3250 train_time:409.504s step_avg:308.36ms
step:1329/3250 train_time:409.810s step_avg:308.36ms
step:1330/3250 train_time:410.114s step_avg:308.36ms
step:1331/3250 train_time:410.503s step_avg:308.42ms
step:1332/3250 train_time:410.810s step_avg:308.42ms
step:1333/3250 train_time:411.115s step_avg:308.41ms
step:1334/3250 train_time:411.419s step_avg:308.41ms
step:1335/3250 train_time:411.726s step_avg:308.41ms
step:1336/3250 train_time:412.033s step_avg:308.41ms
step:1337/3250 train_time:412.336s step_avg:308.40ms
step:1338/3250 train_time:412.638s step_avg:308.40ms
step:1339/3250 train_time:412.942s step_avg:308.40ms
step:1340/3250 train_time:413.246s step_avg:308.39ms
step:1341/3250 train_time:413.550s step_avg:308.39ms
step:1342/3250 train_time:413.855s step_avg:308.39ms
step:1343/3250 train_time:414.156s step_avg:308.38ms
step:1344/3250 train_time:414.460s step_avg:308.38ms
step:1345/3250 train_time:414.764s step_avg:308.37ms
step:1346/3250 train_time:415.069s step_avg:308.37ms
step:1347/3250 train_time:415.374s step_avg:308.37ms
step:1348/3250 train_time:415.679s step_avg:308.37ms
step:1349/3250 train_time:415.992s step_avg:308.37ms
step:1350/3250 train_time:416.296s step_avg:308.37ms
step:1351/3250 train_time:416.600s step_avg:308.36ms
step:1352/3250 train_time:416.907s step_avg:308.36ms
step:1353/3250 train_time:417.212s step_avg:308.36ms
step:1354/3250 train_time:417.520s step_avg:308.36ms
step:1355/3250 train_time:417.827s step_avg:308.36ms
step:1356/3250 train_time:418.131s step_avg:308.36ms
step:1357/3250 train_time:418.435s step_avg:308.35ms
step:1358/3250 train_time:418.738s step_avg:308.35ms
step:1359/3250 train_time:419.046s step_avg:308.35ms
step:1360/3250 train_time:419.354s step_avg:308.35ms
step:1361/3250 train_time:419.657s step_avg:308.34ms
step:1362/3250 train_time:419.963s step_avg:308.34ms
step:1363/3250 train_time:420.275s step_avg:308.35ms
step:1364/3250 train_time:420.582s step_avg:308.34ms
step:1365/3250 train_time:420.894s step_avg:308.35ms
step:1366/3250 train_time:421.197s step_avg:308.34ms
step:1367/3250 train_time:421.501s step_avg:308.34ms
step:1368/3250 train_time:421.806s step_avg:308.34ms
step:1369/3250 train_time:422.111s step_avg:308.34ms
step:1370/3250 train_time:422.415s step_avg:308.33ms
step:1371/3250 train_time:422.717s step_avg:308.33ms
step:1372/3250 train_time:423.021s step_avg:308.32ms
step:1373/3250 train_time:423.326s step_avg:308.32ms
step:1374/3250 train_time:423.631s step_avg:308.32ms
step:1375/3250 train_time:423.934s step_avg:308.32ms
step:1375/3250 val_loss:3.55358 train_time:423.936s step_avg:305.18ms
probe_ema: n=84934656 align=-0.33158,-0.29962,-0.27027,-0.23820 rel_mse=1.06820,1.03713,1.01950,1.01003
step:1376/3250 train_time:424.242s step_avg:308.32ms
step:1377/3250 train_time:424.545s step_avg:308.31ms
step:1378/3250 train_time:424.851s step_avg:308.31ms
step:1379/3250 train_time:425.157s step_avg:308.31ms
step:1380/3250 train_time:425.462s step_avg:308.31ms
step:1381/3250 train_time:425.768s step_avg:308.30ms
step:1382/3250 train_time:426.074s step_avg:308.30ms
step:1383/3250 train_time:426.380s step_avg:308.30ms
step:1384/3250 train_time:426.685s step_avg:308.30ms
step:1385/3250 train_time:426.990s step_avg:308.30ms
step:1386/3250 train_time:427.299s step_avg:308.30ms
step:1387/3250 train_time:427.605s step_avg:308.29ms
step:1388/3250 train_time:427.912s step_avg:308.29ms
step:1389/3250 train_time:428.223s step_avg:308.30ms
step:1390/3250 train_time:428.537s step_avg:308.30ms
step:1391/3250 train_time:428.845s step_avg:308.30ms
step:1392/3250 train_time:429.149s step_avg:308.30ms
step:1393/3250 train_time:429.457s step_avg:308.30ms
step:1394/3250 train_time:429.765s step_avg:308.30ms
step:1395/3250 train_time:430.070s step_avg:308.29ms
step:1396/3250 train_time:430.381s step_avg:308.30ms
step:1397/3250 train_time:430.684s step_avg:308.29ms
step:1398/3250 train_time:430.989s step_avg:308.29ms
step:1399/3250 train_time:431.295s step_avg:308.29ms
step:1400/3250 train_time:431.601s step_avg:308.29ms
step:1401/3250 train_time:431.905s step_avg:308.28ms
step:1402/3250 train_time:432.213s step_avg:308.28ms
step:1403/3250 train_time:432.528s step_avg:308.29ms
step:1404/3250 train_time:432.832s step_avg:308.28ms
step:1405/3250 train_time:433.140s step_avg:308.28ms
step:1406/3250 train_time:433.448s step_avg:308.28ms
step:1407/3250 train_time:433.757s step_avg:308.29ms
step:1408/3250 train_time:434.072s step_avg:308.29ms
step:1409/3250 train_time:434.386s step_avg:308.29ms
step:1410/3250 train_time:434.700s step_avg:308.30ms
step:1411/3250 train_time:435.009s step_avg:308.30ms
step:1412/3250 train_time:435.318s step_avg:308.30ms
step:1413/3250 train_time:435.625s step_avg:308.30ms
step:1414/3250 train_time:435.934s step_avg:308.30ms
step:1415/3250 train_time:436.240s step_avg:308.30ms
step:1416/3250 train_time:436.553s step_avg:308.30ms
step:1417/3250 train_time:436.859s step_avg:308.30ms
step:1418/3250 train_time:437.171s step_avg:308.30ms
step:1419/3250 train_time:437.476s step_avg:308.30ms
step:1420/3250 train_time:437.783s step_avg:308.30ms
step:1421/3250 train_time:438.093s step_avg:308.30ms
step:1422/3250 train_time:438.399s step_avg:308.30ms
step:1423/3250 train_time:438.703s step_avg:308.29ms
step:1424/3250 train_time:439.007s step_avg:308.29ms
step:1425/3250 train_time:439.313s step_avg:308.29ms
step:1426/3250 train_time:439.618s step_avg:308.29ms
step:1427/3250 train_time:439.922s step_avg:308.28ms
step:1428/3250 train_time:440.226s step_avg:308.28ms
step:1429/3250 train_time:440.530s step_avg:308.28ms
step:1430/3250 train_time:440.836s step_avg:308.28ms
step:1431/3250 train_time:441.143s step_avg:308.28ms
step:1432/3250 train_time:441.448s step_avg:308.27ms
step:1433/3250 train_time:441.756s step_avg:308.27ms
step:1434/3250 train_time:442.062s step_avg:308.27ms
step:1435/3250 train_time:442.367s step_avg:308.27ms
step:1436/3250 train_time:442.672s step_avg:308.27ms
step:1437/3250 train_time:442.978s step_avg:308.27ms
step:1438/3250 train_time:443.285s step_avg:308.27ms
step:1439/3250 train_time:443.592s step_avg:308.26ms
step:1440/3250 train_time:443.901s step_avg:308.26ms
step:1441/3250 train_time:444.206s step_avg:308.26ms
step:1442/3250 train_time:444.513s step_avg:308.26ms
step:1443/3250 train_time:444.821s step_avg:308.26ms
step:1444/3250 train_time:445.126s step_avg:308.26ms
step:1445/3250 train_time:445.432s step_avg:308.26ms
step:1446/3250 train_time:445.740s step_avg:308.26ms
step:1447/3250 train_time:446.044s step_avg:308.25ms
step:1448/3250 train_time:446.349s step_avg:308.25ms
step:1449/3250 train_time:446.655s step_avg:308.25ms
step:1450/3250 train_time:446.961s step_avg:308.25ms
step:1451/3250 train_time:447.265s step_avg:308.25ms
step:1452/3250 train_time:447.570s step_avg:308.24ms
step:1453/3250 train_time:447.875s step_avg:308.24ms
step:1454/3250 train_time:448.181s step_avg:308.24ms
step:1455/3250 train_time:448.487s step_avg:308.24ms
step:1456/3250 train_time:448.792s step_avg:308.24ms
step:1457/3250 train_time:449.099s step_avg:308.24ms
step:1458/3250 train_time:449.403s step_avg:308.23ms
step:1459/3250 train_time:449.707s step_avg:308.23ms
step:1460/3250 train_time:450.012s step_avg:308.23ms
step:1461/3250 train_time:450.320s step_avg:308.23ms
step:1462/3250 train_time:450.625s step_avg:308.22ms
step:1463/3250 train_time:450.929s step_avg:308.22ms
step:1464/3250 train_time:451.236s step_avg:308.22ms
step:1465/3250 train_time:451.545s step_avg:308.22ms
step:1466/3250 train_time:451.851s step_avg:308.22ms
step:1467/3250 train_time:452.157s step_avg:308.22ms
step:1468/3250 train_time:452.460s step_avg:308.22ms
step:1469/3250 train_time:452.764s step_avg:308.21ms
step:1470/3250 train_time:453.068s step_avg:308.21ms
step:1471/3250 train_time:453.375s step_avg:308.21ms
step:1472/3250 train_time:453.681s step_avg:308.21ms
step:1473/3250 train_time:453.990s step_avg:308.21ms
step:1474/3250 train_time:454.300s step_avg:308.21ms
step:1475/3250 train_time:454.606s step_avg:308.21ms
step:1476/3250 train_time:454.911s step_avg:308.21ms
step:1477/3250 train_time:455.220s step_avg:308.21ms
step:1478/3250 train_time:455.527s step_avg:308.20ms
step:1479/3250 train_time:455.834s step_avg:308.20ms
step:1480/3250 train_time:456.143s step_avg:308.21ms
step:1481/3250 train_time:456.452s step_avg:308.21ms
step:1482/3250 train_time:456.759s step_avg:308.20ms
step:1483/3250 train_time:457.065s step_avg:308.20ms
step:1484/3250 train_time:457.370s step_avg:308.20ms
step:1485/3250 train_time:457.679s step_avg:308.20ms
step:1486/3250 train_time:457.982s step_avg:308.20ms
step:1487/3250 train_time:458.287s step_avg:308.20ms
step:1488/3250 train_time:458.594s step_avg:308.19ms
step:1489/3250 train_time:458.900s step_avg:308.19ms
step:1490/3250 train_time:459.204s step_avg:308.19ms
step:1491/3250 train_time:459.507s step_avg:308.19ms
step:1492/3250 train_time:459.813s step_avg:308.19ms
step:1493/3250 train_time:460.119s step_avg:308.18ms
step:1494/3250 train_time:460.424s step_avg:308.18ms
step:1495/3250 train_time:460.727s step_avg:308.18ms
step:1496/3250 train_time:461.032s step_avg:308.18ms
step:1497/3250 train_time:461.342s step_avg:308.18ms
step:1498/3250 train_time:461.649s step_avg:308.18ms
step:1499/3250 train_time:461.956s step_avg:308.18ms
step:1500/3250 train_time:462.264s step_avg:308.18ms
step:1500/3250 val_loss:3.52530 train_time:462.266s step_avg:306.64ms
probe_ema: n=84934656 align=-0.37977,-0.33646,-0.29513,-0.25196 rel_mse=1.07673,1.04044,1.02095,1.01066
step:1501/3250 train_time:462.572s step_avg:308.18ms
step:1502/3250 train_time:462.879s step_avg:308.18ms
step:1503/3250 train_time:463.184s step_avg:308.17ms
step:1504/3250 train_time:463.490s step_avg:308.17ms
step:1505/3250 train_time:463.796s step_avg:308.17ms
step:1506/3250 train_time:464.100s step_avg:308.17ms
step:1507/3250 train_time:464.403s step_avg:308.16ms
step:1508/3250 train_time:464.707s step_avg:308.16ms
step:1509/3250 train_time:465.012s step_avg:308.16ms
step:1510/3250 train_time:465.317s step_avg:308.16ms
step:1511/3250 train_time:465.621s step_avg:308.15ms
step:1512/3250 train_time:465.927s step_avg:308.15ms
step:1513/3250 train_time:466.234s step_avg:308.15ms
step:1514/3250 train_time:466.538s step_avg:308.15ms
step:1515/3250 train_time:466.842s step_avg:308.15ms
step:1516/3250 train_time:467.147s step_avg:308.14ms
step:1517/3250 train_time:467.454s step_avg:308.14ms
step:1518/3250 train_time:467.758s step_avg:308.14ms
step:1519/3250 train_time:468.063s step_avg:308.14ms
step:1520/3250 train_time:468.368s step_avg:308.14ms
step:1521/3250 train_time:468.727s step_avg:308.17ms
step:1522/3250 train_time:469.034s step_avg:308.17ms
step:1523/3250 train_time:469.337s step_avg:308.17ms
step:1524/3250 train_time:469.643s step_avg:308.16ms
step:1525/3250 train_time:469.947s step_avg:308.16ms
step:1526/3250 train_time:470.253s step_avg:308.16ms
step:1527/3250 train_time:470.558s step_avg:308.16ms
step:1528/3250 train_time:470.862s step_avg:308.16ms
step:1529/3250 train_time:471.166s step_avg:308.15ms
step:1530/3250 train_time:471.471s step_avg:308.15ms
step:1531/3250 train_time:471.779s step_avg:308.15ms
step:1532/3250 train_time:472.084s step_avg:308.15ms
step:1533/3250 train_time:472.391s step_avg:308.15ms
step:1534/3250 train_time:472.699s step_avg:308.15ms
step:1535/3250 train_time:473.003s step_avg:308.14ms
step:1536/3250 train_time:473.306s step_avg:308.14ms
step:1537/3250 train_time:473.612s step_avg:308.14ms
step:1538/3250 train_time:473.917s step_avg:308.14ms
step:1539/3250 train_time:474.221s step_avg:308.14ms
step:1540/3250 train_time:474.525s step_avg:308.13ms
step:1541/3250 train_time:474.831s step_avg:308.13ms
step:1542/3250 train_time:475.136s step_avg:308.13ms
step:1543/3250 train_time:475.440s step_avg:308.13ms
step:1544/3250 train_time:475.745s step_avg:308.13ms
step:1545/3250 train_time:476.050s step_avg:308.12ms
step:1546/3250 train_time:476.355s step_avg:308.12ms
step:1547/3250 train_time:476.658s step_avg:308.12ms
step:1548/3250 train_time:476.963s step_avg:308.12ms
step:1549/3250 train_time:477.268s step_avg:308.11ms
step:1550/3250 train_time:477.577s step_avg:308.11ms
step:1551/3250 train_time:477.881s step_avg:308.11ms
step:1552/3250 train_time:478.187s step_avg:308.11ms
step:1553/3250 train_time:478.499s step_avg:308.11ms
step:1554/3250 train_time:478.803s step_avg:308.11ms
step:1555/3250 train_time:479.108s step_avg:308.11ms
step:1556/3250 train_time:479.418s step_avg:308.11ms
step:1557/3250 train_time:479.724s step_avg:308.11ms
step:1558/3250 train_time:480.032s step_avg:308.11ms
step:1559/3250 train_time:480.340s step_avg:308.11ms
step:1560/3250 train_time:480.645s step_avg:308.11ms
step:1561/3250 train_time:480.952s step_avg:308.11ms
step:1562/3250 train_time:481.259s step_avg:308.10ms
step:1563/3250 train_time:481.563s step_avg:308.10ms
step:1564/3250 train_time:481.867s step_avg:308.10ms
step:1565/3250 train_time:482.173s step_avg:308.10ms
step:1566/3250 train_time:482.478s step_avg:308.10ms
step:1567/3250 train_time:482.782s step_avg:308.09ms
step:1568/3250 train_time:483.089s step_avg:308.09ms
step:1569/3250 train_time:483.396s step_avg:308.09ms
step:1570/3250 train_time:483.701s step_avg:308.09ms
step:1571/3250 train_time:484.009s step_avg:308.09ms
step:1572/3250 train_time:484.318s step_avg:308.09ms
step:1573/3250 train_time:484.623s step_avg:308.09ms
step:1574/3250 train_time:484.928s step_avg:308.09ms
step:1575/3250 train_time:485.238s step_avg:308.09ms
step:1576/3250 train_time:485.540s step_avg:308.08ms
step:1577/3250 train_time:485.843s step_avg:308.08ms
step:1578/3250 train_time:486.148s step_avg:308.08ms
step:1579/3250 train_time:486.453s step_avg:308.08ms
step:1580/3250 train_time:486.757s step_avg:308.07ms
step:1581/3250 train_time:487.063s step_avg:308.07ms
step:1582/3250 train_time:487.369s step_avg:308.07ms
step:1583/3250 train_time:487.675s step_avg:308.07ms
step:1584/3250 train_time:487.980s step_avg:308.07ms
step:1585/3250 train_time:488.285s step_avg:308.07ms
step:1586/3250 train_time:488.590s step_avg:308.06ms
step:1587/3250 train_time:488.899s step_avg:308.07ms
step:1588/3250 train_time:489.204s step_avg:308.06ms
step:1589/3250 train_time:489.514s step_avg:308.06ms
step:1590/3250 train_time:489.827s step_avg:308.07ms
step:1591/3250 train_time:490.135s step_avg:308.07ms
step:1592/3250 train_time:490.447s step_avg:308.07ms
step:1593/3250 train_time:490.754s step_avg:308.07ms
step:1594/3250 train_time:491.059s step_avg:308.07ms
step:1595/3250 train_time:491.367s step_avg:308.07ms
step:1596/3250 train_time:491.674s step_avg:308.07ms
step:1597/3250 train_time:491.979s step_avg:308.06ms
step:1598/3250 train_time:492.282s step_avg:308.06ms
step:1599/3250 train_time:492.590s step_avg:308.06ms
step:1600/3250 train_time:492.899s step_avg:308.06ms
step:1601/3250 train_time:493.212s step_avg:308.07ms
step:1602/3250 train_time:493.527s step_avg:308.07ms
step:1603/3250 train_time:493.831s step_avg:308.07ms
step:1604/3250 train_time:494.137s step_avg:308.07ms
step:1605/3250 train_time:494.446s step_avg:308.07ms
step:1606/3250 train_time:494.759s step_avg:308.07ms
step:1607/3250 train_time:495.066s step_avg:308.07ms
step:1608/3250 train_time:495.379s step_avg:308.07ms
step:1609/3250 train_time:495.684s step_avg:308.07ms
step:1610/3250 train_time:495.987s step_avg:308.07ms
step:1611/3250 train_time:496.297s step_avg:308.07ms
step:1612/3250 train_time:496.603s step_avg:308.07ms
step:1613/3250 train_time:496.911s step_avg:308.07ms
step:1614/3250 train_time:497.220s step_avg:308.07ms
step:1615/3250 train_time:497.523s step_avg:308.06ms
step:1616/3250 train_time:497.831s step_avg:308.06ms
step:1617/3250 train_time:498.143s step_avg:308.07ms
step:1618/3250 train_time:498.446s step_avg:308.06ms
step:1619/3250 train_time:498.752s step_avg:308.06ms
step:1620/3250 train_time:499.057s step_avg:308.06ms
step:1621/3250 train_time:499.368s step_avg:308.06ms
step:1622/3250 train_time:499.680s step_avg:308.06ms
step:1623/3250 train_time:499.991s step_avg:308.07ms
step:1624/3250 train_time:500.304s step_avg:308.07ms
step:1625/3250 train_time:500.613s step_avg:308.07ms
step:1625/3250 val_loss:3.50811 train_time:500.614s step_avg:306.79ms
probe_ema: n=84934656 align=-0.34019,-0.30188,-0.26259,-0.22109 rel_mse=1.06876,1.03682,1.01926,1.00975
step:1626/3250 train_time:500.921s step_avg:308.07ms
step:1627/3250 train_time:501.235s step_avg:308.07ms
step:1628/3250 train_time:501.542s step_avg:308.07ms
step:1629/3250 train_time:501.853s step_avg:308.07ms
step:1630/3250 train_time:502.163s step_avg:308.08ms
step:1631/3250 train_time:502.476s step_avg:308.08ms
step:1632/3250 train_time:502.787s step_avg:308.08ms
step:1633/3250 train_time:503.093s step_avg:308.08ms
step:1634/3250 train_time:503.398s step_avg:308.08ms
step:1635/3250 train_time:503.706s step_avg:308.08ms
step:1636/3250 train_time:504.011s step_avg:308.08ms
step:1637/3250 train_time:504.313s step_avg:308.07ms
step:1638/3250 train_time:504.616s step_avg:308.07ms
step:1639/3250 train_time:504.922s step_avg:308.07ms
step:1640/3250 train_time:505.229s step_avg:308.07ms
step:1641/3250 train_time:505.534s step_avg:308.06ms
step:1642/3250 train_time:505.838s step_avg:308.06ms
step:1643/3250 train_time:506.145s step_avg:308.06ms
step:1644/3250 train_time:506.450s step_avg:308.06ms
step:1645/3250 train_time:506.762s step_avg:308.06ms
step:1646/3250 train_time:507.067s step_avg:308.06ms
step:1647/3250 train_time:507.371s step_avg:308.06ms
step:1648/3250 train_time:507.673s step_avg:308.05ms
step:1649/3250 train_time:507.980s step_avg:308.05ms
step:1650/3250 train_time:508.287s step_avg:308.05ms
step:1651/3250 train_time:508.591s step_avg:308.05ms
step:1652/3250 train_time:508.897s step_avg:308.05ms
step:1653/3250 train_time:509.207s step_avg:308.05ms
step:1654/3250 train_time:509.515s step_avg:308.05ms
step:1655/3250 train_time:509.822s step_avg:308.05ms
step:1656/3250 train_time:510.130s step_avg:308.05ms
step:1657/3250 train_time:510.435s step_avg:308.05ms
step:1658/3250 train_time:510.740s step_avg:308.05ms
step:1659/3250 train_time:511.047s step_avg:308.04ms
step:1660/3250 train_time:511.351s step_avg:308.04ms
step:1661/3250 train_time:511.657s step_avg:308.04ms
step:1662/3250 train_time:511.966s step_avg:308.04ms
step:1663/3250 train_time:512.270s step_avg:308.04ms
step:1664/3250 train_time:512.572s step_avg:308.04ms
step:1665/3250 train_time:512.875s step_avg:308.03ms
step:1666/3250 train_time:513.181s step_avg:308.03ms
step:1667/3250 train_time:513.492s step_avg:308.03ms
step:1668/3250 train_time:513.801s step_avg:308.03ms
step:1669/3250 train_time:514.109s step_avg:308.03ms
step:1670/3250 train_time:514.413s step_avg:308.03ms
step:1671/3250 train_time:514.718s step_avg:308.03ms
step:1672/3250 train_time:515.027s step_avg:308.03ms
step:1673/3250 train_time:515.331s step_avg:308.03ms
step:1674/3250 train_time:515.634s step_avg:308.02ms
step:1675/3250 train_time:515.936s step_avg:308.02ms
step:1676/3250 train_time:516.243s step_avg:308.02ms
step:1677/3250 train_time:516.548s step_avg:308.02ms
step:1678/3250 train_time:516.851s step_avg:308.02ms
step:1679/3250 train_time:517.156s step_avg:308.01ms
step:1680/3250 train_time:517.463s step_avg:308.01ms
step:1681/3250 train_time:517.767s step_avg:308.01ms
step:1682/3250 train_time:518.071s step_avg:308.01ms
step:1683/3250 train_time:518.376s step_avg:308.01ms
step:1684/3250 train_time:518.682s step_avg:308.01ms
step:1685/3250 train_time:518.987s step_avg:308.00ms
step:1686/3250 train_time:519.291s step_avg:308.00ms
step:1687/3250 train_time:519.595s step_avg:308.00ms
step:1688/3250 train_time:519.901s step_avg:308.00ms
step:1689/3250 train_time:520.206s step_avg:308.00ms
step:1690/3250 train_time:520.512s step_avg:308.00ms
step:1691/3250 train_time:520.816s step_avg:307.99ms
step:1692/3250 train_time:521.119s step_avg:307.99ms
step:1693/3250 train_time:521.425s step_avg:307.99ms
step:1694/3250 train_time:521.728s step_avg:307.99ms
step:1695/3250 train_time:522.034s step_avg:307.98ms
step:1696/3250 train_time:522.339s step_avg:307.98ms
step:1697/3250 train_time:522.648s step_avg:307.98ms
step:1698/3250 train_time:522.952s step_avg:307.98ms
step:1699/3250 train_time:523.259s step_avg:307.98ms
step:1700/3250 train_time:523.568s step_avg:307.98ms
step:1701/3250 train_time:523.874s step_avg:307.98ms
step:1702/3250 train_time:524.178s step_avg:307.98ms
step:1703/3250 train_time:524.486s step_avg:307.98ms
step:1704/3250 train_time:524.791s step_avg:307.98ms
step:1705/3250 train_time:525.096s step_avg:307.97ms
step:1706/3250 train_time:525.402s step_avg:307.97ms
step:1707/3250 train_time:525.708s step_avg:307.97ms
step:1708/3250 train_time:526.011s step_avg:307.97ms
step:1709/3250 train_time:526.316s step_avg:307.97ms
step:1710/3250 train_time:526.626s step_avg:307.97ms
step:1711/3250 train_time:526.997s step_avg:308.01ms
step:1712/3250 train_time:527.304s step_avg:308.00ms
step:1713/3250 train_time:527.611s step_avg:308.00ms
step:1714/3250 train_time:527.914s step_avg:308.00ms
step:1715/3250 train_time:528.217s step_avg:308.00ms
step:1716/3250 train_time:528.522s step_avg:308.00ms
step:1717/3250 train_time:528.828s step_avg:308.00ms
step:1718/3250 train_time:529.131s step_avg:307.99ms
step:1719/3250 train_time:529.434s step_avg:307.99ms
step:1720/3250 train_time:529.739s step_avg:307.99ms
step:1721/3250 train_time:530.043s step_avg:307.99ms
step:1722/3250 train_time:530.348s step_avg:307.98ms
step:1723/3250 train_time:530.650s step_avg:307.98ms
step:1724/3250 train_time:530.954s step_avg:307.98ms
step:1725/3250 train_time:531.256s step_avg:307.97ms
step:1726/3250 train_time:531.559s step_avg:307.97ms
step:1727/3250 train_time:531.865s step_avg:307.97ms
step:1728/3250 train_time:532.168s step_avg:307.97ms
step:1729/3250 train_time:532.470s step_avg:307.96ms
step:1730/3250 train_time:532.772s step_avg:307.96ms
step:1731/3250 train_time:533.074s step_avg:307.96ms
step:1732/3250 train_time:533.377s step_avg:307.95ms
step:1733/3250 train_time:533.680s step_avg:307.95ms
step:1734/3250 train_time:533.985s step_avg:307.95ms
step:1735/3250 train_time:534.289s step_avg:307.95ms
step:1736/3250 train_time:534.592s step_avg:307.94ms
step:1737/3250 train_time:534.894s step_avg:307.94ms
step:1738/3250 train_time:535.197s step_avg:307.94ms
step:1739/3250 train_time:535.501s step_avg:307.94ms
step:1740/3250 train_time:535.805s step_avg:307.93ms
step:1741/3250 train_time:536.108s step_avg:307.93ms
step:1742/3250 train_time:536.411s step_avg:307.93ms
step:1743/3250 train_time:536.713s step_avg:307.92ms
step:1744/3250 train_time:537.015s step_avg:307.92ms
step:1745/3250 train_time:537.317s step_avg:307.92ms
step:1746/3250 train_time:537.622s step_avg:307.92ms
step:1747/3250 train_time:537.925s step_avg:307.91ms
step:1748/3250 train_time:538.233s step_avg:307.91ms
step:1749/3250 train_time:538.535s step_avg:307.91ms
step:1750/3250 train_time:538.842s step_avg:307.91ms
step:1750/3250 val_loss:3.48693 train_time:538.843s step_avg:305.83ms
probe_ema: n=84934656 align=-0.34858,-0.31563,-0.28229,-0.24786 rel_mse=1.07162,1.03868,1.02046,1.01068
step:1751/3250 train_time:539.147s step_avg:307.91ms
step:1752/3250 train_time:539.453s step_avg:307.91ms
step:1753/3250 train_time:539.755s step_avg:307.90ms
step:1754/3250 train_time:540.058s step_avg:307.90ms
step:1755/3250 train_time:540.363s step_avg:307.90ms
step:1756/3250 train_time:540.666s step_avg:307.90ms
step:1757/3250 train_time:540.971s step_avg:307.89ms
step:1758/3250 train_time:541.276s step_avg:307.89ms
step:1759/3250 train_time:541.577s step_avg:307.89ms
step:1760/3250 train_time:541.880s step_avg:307.89ms
step:1761/3250 train_time:542.184s step_avg:307.88ms
step:1762/3250 train_time:542.491s step_avg:307.88ms
step:1763/3250 train_time:542.794s step_avg:307.88ms
step:1764/3250 train_time:543.097s step_avg:307.88ms
step:1765/3250 train_time:543.399s step_avg:307.87ms
step:1766/3250 train_time:543.701s step_avg:307.87ms
step:1767/3250 train_time:544.004s step_avg:307.87ms
step:1768/3250 train_time:544.310s step_avg:307.87ms
step:1769/3250 train_time:544.613s step_avg:307.87ms
step:1770/3250 train_time:544.916s step_avg:307.86ms
step:1771/3250 train_time:545.219s step_avg:307.86ms
step:1772/3250 train_time:545.521s step_avg:307.86ms
step:1773/3250 train_time:545.825s step_avg:307.85ms
step:1774/3250 train_time:546.131s step_avg:307.85ms
step:1775/3250 train_time:546.434s step_avg:307.85ms
step:1776/3250 train_time:546.737s step_avg:307.85ms
step:1777/3250 train_time:547.039s step_avg:307.84ms
step:1778/3250 train_time:547.341s step_avg:307.84ms
step:1779/3250 train_time:547.644s step_avg:307.84ms
step:1780/3250 train_time:547.949s step_avg:307.84ms
step:1781/3250 train_time:548.253s step_avg:307.83ms
step:1782/3250 train_time:548.556s step_avg:307.83ms
step:1783/3250 train_time:548.859s step_avg:307.83ms
step:1784/3250 train_time:549.161s step_avg:307.83ms
step:1785/3250 train_time:549.463s step_avg:307.82ms
step:1786/3250 train_time:549.768s step_avg:307.82ms
step:1787/3250 train_time:550.073s step_avg:307.82ms
step:1788/3250 train_time:550.375s step_avg:307.82ms
step:1789/3250 train_time:550.677s step_avg:307.81ms
step:1790/3250 train_time:550.980s step_avg:307.81ms
step:1791/3250 train_time:551.283s step_avg:307.81ms
step:1792/3250 train_time:551.585s step_avg:307.80ms
step:1793/3250 train_time:551.889s step_avg:307.80ms
step:1794/3250 train_time:552.193s step_avg:307.80ms
step:1795/3250 train_time:552.500s step_avg:307.80ms
step:1796/3250 train_time:552.806s step_avg:307.80ms
step:1797/3250 train_time:553.112s step_avg:307.80ms
step:1798/3250 train_time:553.415s step_avg:307.79ms
step:1799/3250 train_time:553.718s step_avg:307.79ms
step:1800/3250 train_time:554.020s step_avg:307.79ms
step:1801/3250 train_time:554.323s step_avg:307.79ms
step:1802/3250 train_time:554.628s step_avg:307.78ms
step:1803/3250 train_time:554.932s step_avg:307.78ms
step:1804/3250 train_time:555.235s step_avg:307.78ms
step:1805/3250 train_time:555.537s step_avg:307.78ms
step:1806/3250 train_time:555.839s step_avg:307.77ms
step:1807/3250 train_time:556.141s step_avg:307.77ms
step:1808/3250 train_time:556.444s step_avg:307.77ms
step:1809/3250 train_time:556.751s step_avg:307.77ms
step:1810/3250 train_time:557.054s step_avg:307.76ms
step:1811/3250 train_time:557.357s step_avg:307.76ms
step:1812/3250 train_time:557.659s step_avg:307.76ms
step:1813/3250 train_time:557.962s step_avg:307.76ms
step:1814/3250 train_time:558.266s step_avg:307.75ms
step:1815/3250 train_time:558.571s step_avg:307.75ms
step:1816/3250 train_time:558.873s step_avg:307.75ms
step:1817/3250 train_time:559.176s step_avg:307.75ms
step:1818/3250 train_time:559.478s step_avg:307.74ms
step:1819/3250 train_time:559.782s step_avg:307.74ms
step:1820/3250 train_time:560.083s step_avg:307.74ms
step:1821/3250 train_time:560.387s step_avg:307.74ms
step:1822/3250 train_time:560.691s step_avg:307.73ms
step:1823/3250 train_time:560.994s step_avg:307.73ms
step:1824/3250 train_time:561.296s step_avg:307.73ms
step:1825/3250 train_time:561.599s step_avg:307.73ms
step:1826/3250 train_time:561.903s step_avg:307.72ms
step:1827/3250 train_time:562.208s step_avg:307.72ms
step:1828/3250 train_time:562.512s step_avg:307.72ms
step:1829/3250 train_time:562.818s step_avg:307.72ms
step:1830/3250 train_time:563.123s step_avg:307.72ms
step:1831/3250 train_time:563.429s step_avg:307.72ms
step:1832/3250 train_time:563.736s step_avg:307.72ms
step:1833/3250 train_time:564.040s step_avg:307.71ms
step:1834/3250 train_time:564.351s step_avg:307.72ms
step:1835/3250 train_time:564.658s step_avg:307.72ms
step:1836/3250 train_time:564.966s step_avg:307.72ms
step:1837/3250 train_time:565.274s step_avg:307.72ms
step:1838/3250 train_time:565.580s step_avg:307.71ms
step:1839/3250 train_time:565.888s step_avg:307.72ms
step:1840/3250 train_time:566.200s step_avg:307.72ms
step:1841/3250 train_time:566.505s step_avg:307.72ms
step:1842/3250 train_time:566.817s step_avg:307.72ms
step:1843/3250 train_time:567.119s step_avg:307.72ms
step:1844/3250 train_time:567.425s step_avg:307.71ms
step:1845/3250 train_time:567.731s step_avg:307.71ms
step:1846/3250 train_time:568.035s step_avg:307.71ms
step:1847/3250 train_time:568.337s step_avg:307.71ms
step:1848/3250 train_time:568.640s step_avg:307.71ms
step:1849/3250 train_time:568.948s step_avg:307.71ms
step:1850/3250 train_time:569.252s step_avg:307.70ms
step:1851/3250 train_time:569.556s step_avg:307.70ms
step:1852/3250 train_time:569.859s step_avg:307.70ms
step:1853/3250 train_time:570.173s step_avg:307.70ms
step:1854/3250 train_time:570.485s step_avg:307.71ms
step:1855/3250 train_time:570.792s step_avg:307.70ms
step:1856/3250 train_time:571.099s step_avg:307.70ms
step:1857/3250 train_time:571.411s step_avg:307.71ms
step:1858/3250 train_time:571.719s step_avg:307.71ms
step:1859/3250 train_time:572.025s step_avg:307.71ms
step:1860/3250 train_time:572.332s step_avg:307.71ms
step:1861/3250 train_time:572.636s step_avg:307.70ms
step:1862/3250 train_time:572.938s step_avg:307.70ms
step:1863/3250 train_time:573.241s step_avg:307.70ms
step:1864/3250 train_time:573.548s step_avg:307.70ms
step:1865/3250 train_time:573.860s step_avg:307.70ms
step:1866/3250 train_time:574.163s step_avg:307.70ms
step:1867/3250 train_time:574.471s step_avg:307.70ms
step:1868/3250 train_time:574.777s step_avg:307.70ms
step:1869/3250 train_time:575.080s step_avg:307.69ms
step:1870/3250 train_time:575.384s step_avg:307.69ms
step:1871/3250 train_time:575.691s step_avg:307.69ms
step:1872/3250 train_time:576.003s step_avg:307.69ms
step:1873/3250 train_time:576.309s step_avg:307.69ms
step:1874/3250 train_time:576.615s step_avg:307.69ms
step:1875/3250 train_time:576.919s step_avg:307.69ms
step:1875/3250 val_loss:3.46622 train_time:576.921s step_avg:304.62ms
probe_ema: n=84934656 align=-0.30912,-0.27826,-0.24721,-0.21391 rel_mse=1.06805,1.03655,1.01921,1.00991
step:1876/3250 train_time:577.227s step_avg:307.69ms
step:1877/3250 train_time:577.539s step_avg:307.69ms
step:1878/3250 train_time:577.843s step_avg:307.69ms
step:1879/3250 train_time:578.148s step_avg:307.69ms
step:1880/3250 train_time:578.452s step_avg:307.69ms
step:1881/3250 train_time:578.755s step_avg:307.68ms
step:1882/3250 train_time:579.058s step_avg:307.68ms
step:1883/3250 train_time:579.363s step_avg:307.68ms
step:1884/3250 train_time:579.673s step_avg:307.68ms
step:1885/3250 train_time:579.980s step_avg:307.68ms
step:1886/3250 train_time:580.284s step_avg:307.68ms
step:1887/3250 train_time:580.589s step_avg:307.68ms
step:1888/3250 train_time:580.892s step_avg:307.68ms
step:1889/3250 train_time:581.194s step_avg:307.67ms
step:1890/3250 train_time:581.497s step_avg:307.67ms
step:1891/3250 train_time:581.800s step_avg:307.67ms
step:1892/3250 train_time:582.106s step_avg:307.67ms
step:1893/3250 train_time:582.416s step_avg:307.67ms
step:1894/3250 train_time:582.719s step_avg:307.67ms
step:1895/3250 train_time:583.029s step_avg:307.67ms
step:1896/3250 train_time:583.340s step_avg:307.67ms
step:1897/3250 train_time:583.648s step_avg:307.67ms
step:1898/3250 train_time:583.953s step_avg:307.67ms
step:1899/3250 train_time:584.258s step_avg:307.67ms
step:1900/3250 train_time:584.564s step_avg:307.67ms
step:1901/3250 train_time:584.931s step_avg:307.70ms
step:1902/3250 train_time:585.234s step_avg:307.69ms
step:1903/3250 train_time:585.536s step_avg:307.69ms
step:1904/3250 train_time:585.840s step_avg:307.69ms
step:1905/3250 train_time:586.147s step_avg:307.69ms
step:1906/3250 train_time:586.451s step_avg:307.69ms
step:1907/3250 train_time:586.754s step_avg:307.68ms
step:1908/3250 train_time:587.057s step_avg:307.68ms
step:1909/3250 train_time:587.362s step_avg:307.68ms
step:1910/3250 train_time:587.667s step_avg:307.68ms
step:1911/3250 train_time:587.971s step_avg:307.68ms
step:1912/3250 train_time:588.274s step_avg:307.67ms
step:1913/3250 train_time:588.576s step_avg:307.67ms
step:1914/3250 train_time:588.879s step_avg:307.67ms
step:1915/3250 train_time:589.180s step_avg:307.67ms
step:1916/3250 train_time:589.484s step_avg:307.66ms
step:1917/3250 train_time:589.788s step_avg:307.66ms
step:1918/3250 train_time:590.100s step_avg:307.66ms
step:1919/3250 train_time:590.405s step_avg:307.66ms
step:1920/3250 train_time:590.713s step_avg:307.66ms
step:1921/3250 train_time:591.017s step_avg:307.66ms
step:1922/3250 train_time:591.322s step_avg:307.66ms
step:1923/3250 train_time:591.630s step_avg:307.66ms
step:1924/3250 train_time:591.933s step_avg:307.66ms
step:1925/3250 train_time:592.236s step_avg:307.65ms
step:1926/3250 train_time:592.540s step_avg:307.65ms
step:1927/3250 train_time:592.845s step_avg:307.65ms
step:1928/3250 train_time:593.148s step_avg:307.65ms
step:1929/3250 train_time:593.452s step_avg:307.65ms
step:1930/3250 train_time:593.754s step_avg:307.64ms
step:1931/3250 train_time:594.057s step_avg:307.64ms
step:1932/3250 train_time:594.360s step_avg:307.64ms
step:1933/3250 train_time:594.664s step_avg:307.64ms
step:1934/3250 train_time:594.970s step_avg:307.64ms
step:1935/3250 train_time:595.273s step_avg:307.63ms
step:1936/3250 train_time:595.575s step_avg:307.63ms
step:1937/3250 train_time:595.877s step_avg:307.63ms
step:1938/3250 train_time:596.179s step_avg:307.63ms
step:1939/3250 train_time:596.482s step_avg:307.62ms
step:1940/3250 train_time:596.786s step_avg:307.62ms
step:1941/3250 train_time:597.091s step_avg:307.62ms
step:1942/3250 train_time:597.394s step_avg:307.62ms
step:1943/3250 train_time:597.696s step_avg:307.62ms
step:1944/3250 train_time:598.000s step_avg:307.61ms
step:1945/3250 train_time:598.304s step_avg:307.61ms
step:1946/3250 train_time:598.609s step_avg:307.61ms
step:1947/3250 train_time:598.915s step_avg:307.61ms
step:1948/3250 train_time:599.218s step_avg:307.61ms
step:1949/3250 train_time:599.528s step_avg:307.61ms
step:1950/3250 train_time:599.832s step_avg:307.61ms
step:1951/3250 train_time:600.135s step_avg:307.60ms
step:1952/3250 train_time:600.438s step_avg:307.60ms
step:1953/3250 train_time:600.744s step_avg:307.60ms
step:1954/3250 train_time:601.048s step_avg:307.60ms
step:1955/3250 train_time:601.351s step_avg:307.60ms
step:1956/3250 train_time:601.654s step_avg:307.59ms
step:1957/3250 train_time:601.957s step_avg:307.59ms
step:1958/3250 train_time:602.261s step_avg:307.59ms
step:1959/3250 train_time:602.565s step_avg:307.59ms
step:1960/3250 train_time:602.875s step_avg:307.59ms
step:1961/3250 train_time:603.177s step_avg:307.59ms
step:1962/3250 train_time:603.479s step_avg:307.58ms
step:1963/3250 train_time:603.784s step_avg:307.58ms
step:1964/3250 train_time:604.090s step_avg:307.58ms
step:1965/3250 train_time:604.393s step_avg:307.58ms
step:1966/3250 train_time:604.695s step_avg:307.58ms
step:1967/3250 train_time:605.000s step_avg:307.58ms
step:1968/3250 train_time:605.305s step_avg:307.57ms
step:1969/3250 train_time:605.611s step_avg:307.57ms
step:1970/3250 train_time:605.913s step_avg:307.57ms
step:1971/3250 train_time:606.216s step_avg:307.57ms
step:1972/3250 train_time:606.517s step_avg:307.56ms
step:1973/3250 train_time:606.820s step_avg:307.56ms
step:1974/3250 train_time:607.123s step_avg:307.56ms
step:1975/3250 train_time:607.428s step_avg:307.56ms
step:1976/3250 train_time:607.738s step_avg:307.56ms
step:1977/3250 train_time:608.042s step_avg:307.56ms
step:1978/3250 train_time:608.347s step_avg:307.56ms
step:1979/3250 train_time:608.652s step_avg:307.56ms
step:1980/3250 train_time:608.954s step_avg:307.55ms
step:1981/3250 train_time:609.255s step_avg:307.55ms
step:1982/3250 train_time:609.557s step_avg:307.55ms
step:1983/3250 train_time:609.860s step_avg:307.54ms
step:1984/3250 train_time:610.164s step_avg:307.54ms
step:1985/3250 train_time:610.469s step_avg:307.54ms
step:1986/3250 train_time:610.774s step_avg:307.54ms
step:1987/3250 train_time:611.076s step_avg:307.54ms
step:1988/3250 train_time:611.379s step_avg:307.53ms
step:1989/3250 train_time:611.682s step_avg:307.53ms
step:1990/3250 train_time:611.988s step_avg:307.53ms
step:1991/3250 train_time:612.291s step_avg:307.53ms
step:1992/3250 train_time:612.594s step_avg:307.53ms
step:1993/3250 train_time:612.896s step_avg:307.52ms
step:1994/3250 train_time:613.199s step_avg:307.52ms
step:1995/3250 train_time:613.502s step_avg:307.52ms
step:1996/3250 train_time:613.806s step_avg:307.52ms
step:1997/3250 train_time:614.112s step_avg:307.52ms
step:1998/3250 train_time:614.415s step_avg:307.52ms
step:1999/3250 train_time:614.716s step_avg:307.51ms
step:2000/3250 train_time:615.019s step_avg:307.51ms
step:2000/3250 val_loss:3.44802 train_time:615.021s step_avg:304.80ms
probe_ema: n=84934656 align=-0.33300,-0.29704,-0.26217,-0.22499 rel_mse=1.07276,1.03897,1.02040,1.01042
step:2001/3250 train_time:615.321s step_avg:307.51ms
step:2002/3250 train_time:615.624s step_avg:307.50ms
step:2003/3250 train_time:615.926s step_avg:307.50ms
step:2004/3250 train_time:616.236s step_avg:307.50ms
step:2005/3250 train_time:616.543s step_avg:307.50ms
step:2006/3250 train_time:616.846s step_avg:307.50ms
step:2007/3250 train_time:617.151s step_avg:307.50ms
step:2008/3250 train_time:617.455s step_avg:307.50ms
step:2009/3250 train_time:617.758s step_avg:307.50ms
step:2010/3250 train_time:618.066s step_avg:307.50ms
step:2011/3250 train_time:618.374s step_avg:307.50ms
step:2012/3250 train_time:618.677s step_avg:307.49ms
step:2013/3250 train_time:618.980s step_avg:307.49ms
step:2014/3250 train_time:619.282s step_avg:307.49ms
step:2015/3250 train_time:619.584s step_avg:307.49ms
step:2016/3250 train_time:619.887s step_avg:307.48ms
step:2017/3250 train_time:620.193s step_avg:307.48ms
step:2018/3250 train_time:620.498s step_avg:307.48ms
step:2019/3250 train_time:620.806s step_avg:307.48ms
step:2020/3250 train_time:621.114s step_avg:307.48ms
step:2021/3250 train_time:621.421s step_avg:307.48ms
step:2022/3250 train_time:621.732s step_avg:307.48ms
step:2023/3250 train_time:622.039s step_avg:307.48ms
step:2024/3250 train_time:622.346s step_avg:307.48ms
step:2025/3250 train_time:622.656s step_avg:307.48ms
step:2026/3250 train_time:622.963s step_avg:307.48ms
step:2027/3250 train_time:623.273s step_avg:307.49ms
step:2028/3250 train_time:623.583s step_avg:307.49ms
step:2029/3250 train_time:623.886s step_avg:307.48ms
step:2030/3250 train_time:624.193s step_avg:307.48ms
step:2031/3250 train_time:624.500s step_avg:307.48ms
step:2032/3250 train_time:624.806s step_avg:307.48ms
step:2033/3250 train_time:625.115s step_avg:307.48ms
step:2034/3250 train_time:625.421s step_avg:307.48ms
step:2035/3250 train_time:625.729s step_avg:307.48ms
step:2036/3250 train_time:626.036s step_avg:307.48ms
step:2037/3250 train_time:626.343s step_avg:307.48ms
step:2038/3250 train_time:626.650s step_avg:307.48ms
step:2039/3250 train_time:626.966s step_avg:307.49ms
step:2040/3250 train_time:627.276s step_avg:307.49ms
step:2041/3250 train_time:627.591s step_avg:307.49ms
step:2042/3250 train_time:627.896s step_avg:307.49ms
step:2043/3250 train_time:628.202s step_avg:307.49ms
step:2044/3250 train_time:628.505s step_avg:307.49ms
step:2045/3250 train_time:628.810s step_avg:307.49ms
step:2046/3250 train_time:629.118s step_avg:307.49ms
step:2047/3250 train_time:629.422s step_avg:307.48ms
step:2048/3250 train_time:629.725s step_avg:307.48ms
step:2049/3250 train_time:630.031s step_avg:307.48ms
step:2050/3250 train_time:630.339s step_avg:307.48ms
step:2051/3250 train_time:630.642s step_avg:307.48ms
step:2052/3250 train_time:630.947s step_avg:307.48ms
step:2053/3250 train_time:631.253s step_avg:307.48ms
step:2054/3250 train_time:631.556s step_avg:307.48ms
step:2055/3250 train_time:631.859s step_avg:307.47ms
step:2056/3250 train_time:632.163s step_avg:307.47ms
step:2057/3250 train_time:632.466s step_avg:307.47ms
step:2058/3250 train_time:632.769s step_avg:307.47ms
step:2059/3250 train_time:633.078s step_avg:307.47ms
step:2060/3250 train_time:633.396s step_avg:307.47ms
step:2061/3250 train_time:633.701s step_avg:307.47ms
step:2062/3250 train_time:634.004s step_avg:307.47ms
step:2063/3250 train_time:634.306s step_avg:307.47ms
step:2064/3250 train_time:634.611s step_avg:307.47ms
step:2065/3250 train_time:634.915s step_avg:307.47ms
step:2066/3250 train_time:635.219s step_avg:307.46ms
step:2067/3250 train_time:635.522s step_avg:307.46ms
step:2068/3250 train_time:635.825s step_avg:307.46ms
step:2069/3250 train_time:636.128s step_avg:307.46ms
step:2070/3250 train_time:636.435s step_avg:307.46ms
step:2071/3250 train_time:636.739s step_avg:307.45ms
step:2072/3250 train_time:637.050s step_avg:307.46ms
step:2073/3250 train_time:637.355s step_avg:307.46ms
step:2074/3250 train_time:637.660s step_avg:307.45ms
step:2075/3250 train_time:637.963s step_avg:307.45ms
step:2076/3250 train_time:638.267s step_avg:307.45ms
step:2077/3250 train_time:638.580s step_avg:307.45ms
step:2078/3250 train_time:638.882s step_avg:307.45ms
step:2079/3250 train_time:639.183s step_avg:307.45ms
step:2080/3250 train_time:639.486s step_avg:307.44ms
step:2081/3250 train_time:639.794s step_avg:307.45ms
step:2082/3250 train_time:640.101s step_avg:307.45ms
step:2083/3250 train_time:640.405s step_avg:307.44ms
step:2084/3250 train_time:640.712s step_avg:307.44ms
step:2085/3250 train_time:641.019s step_avg:307.44ms
step:2086/3250 train_time:641.323s step_avg:307.44ms
step:2087/3250 train_time:641.626s step_avg:307.44ms
step:2088/3250 train_time:641.931s step_avg:307.44ms
step:2089/3250 train_time:642.237s step_avg:307.44ms
step:2090/3250 train_time:642.540s step_avg:307.44ms
step:2091/3250 train_time:642.900s step_avg:307.46ms
step:2092/3250 train_time:643.202s step_avg:307.46ms
step:2093/3250 train_time:643.509s step_avg:307.46ms
step:2094/3250 train_time:643.821s step_avg:307.46ms
step:2095/3250 train_time:644.126s step_avg:307.46ms
step:2096/3250 train_time:644.433s step_avg:307.46ms
step:2097/3250 train_time:644.746s step_avg:307.46ms
step:2098/3250 train_time:645.060s step_avg:307.46ms
step:2099/3250 train_time:645.367s step_avg:307.46ms
step:2100/3250 train_time:645.678s step_avg:307.47ms
step:2101/3250 train_time:645.987s step_avg:307.47ms
step:2102/3250 train_time:646.298s step_avg:307.47ms
step:2103/3250 train_time:646.606s step_avg:307.47ms
step:2104/3250 train_time:646.911s step_avg:307.47ms
step:2105/3250 train_time:647.223s step_avg:307.47ms
step:2106/3250 train_time:647.534s step_avg:307.47ms
step:2107/3250 train_time:647.845s step_avg:307.47ms
step:2108/3250 train_time:648.148s step_avg:307.47ms
step:2109/3250 train_time:648.451s step_avg:307.47ms
step:2110/3250 train_time:648.756s step_avg:307.47ms
step:2111/3250 train_time:649.061s step_avg:307.47ms
step:2112/3250 train_time:649.363s step_avg:307.46ms
step:2113/3250 train_time:649.665s step_avg:307.46ms
step:2114/3250 train_time:649.972s step_avg:307.46ms
step:2115/3250 train_time:650.277s step_avg:307.46ms
step:2116/3250 train_time:650.584s step_avg:307.46ms
step:2117/3250 train_time:650.895s step_avg:307.46ms
step:2118/3250 train_time:651.199s step_avg:307.46ms
step:2119/3250 train_time:651.508s step_avg:307.46ms
step:2120/3250 train_time:651.818s step_avg:307.46ms
step:2121/3250 train_time:652.123s step_avg:307.46ms
step:2122/3250 train_time:652.427s step_avg:307.46ms
step:2123/3250 train_time:652.739s step_avg:307.46ms
step:2124/3250 train_time:653.042s step_avg:307.46ms
step:2125/3250 train_time:653.349s step_avg:307.46ms
step:2125/3250 val_loss:3.42908 train_time:653.351s step_avg:306.64ms
probe_ema: n=84934656 align=-0.29805,-0.26618,-0.23333,-0.19770 rel_mse=1.06459,1.03476,1.01821,1.00924
step:2126/3250 train_time:653.656s step_avg:307.46ms
step:2127/3250 train_time:653.973s step_avg:307.46ms
step:2128/3250 train_time:654.289s step_avg:307.47ms
step:2129/3250 train_time:654.595s step_avg:307.47ms
step:2130/3250 train_time:654.899s step_avg:307.46ms
step:2131/3250 train_time:655.202s step_avg:307.46ms
step:2132/3250 train_time:655.507s step_avg:307.46ms
step:2133/3250 train_time:655.814s step_avg:307.46ms
step:2134/3250 train_time:656.119s step_avg:307.46ms
step:2135/3250 train_time:656.420s step_avg:307.46ms
step:2136/3250 train_time:656.731s step_avg:307.46ms
step:2137/3250 train_time:657.040s step_avg:307.46ms
step:2138/3250 train_time:657.342s step_avg:307.46ms
step:2139/3250 train_time:657.646s step_avg:307.45ms
step:2140/3250 train_time:657.953s step_avg:307.45ms
step:2141/3250 train_time:658.257s step_avg:307.45ms
step:2142/3250 train_time:658.559s step_avg:307.45ms
step:2143/3250 train_time:658.861s step_avg:307.45ms
step:2144/3250 train_time:659.164s step_avg:307.45ms
step:2145/3250 train_time:659.466s step_avg:307.44ms
step:2146/3250 train_time:659.771s step_avg:307.44ms
step:2147/3250 train_time:660.074s step_avg:307.44ms
step:2148/3250 train_time:660.378s step_avg:307.44ms
step:2149/3250 train_time:660.680s step_avg:307.44ms
step:2150/3250 train_time:660.983s step_avg:307.43ms
step:2151/3250 train_time:661.287s step_avg:307.43ms
step:2152/3250 train_time:661.593s step_avg:307.43ms
step:2153/3250 train_time:661.897s step_avg:307.43ms
step:2154/3250 train_time:662.201s step_avg:307.43ms
step:2155/3250 train_time:662.504s step_avg:307.43ms
step:2156/3250 train_time:662.807s step_avg:307.42ms
step:2157/3250 train_time:663.114s step_avg:307.42ms
step:2158/3250 train_time:663.417s step_avg:307.42ms
step:2159/3250 train_time:663.718s step_avg:307.42ms
step:2160/3250 train_time:664.020s step_avg:307.42ms
step:2161/3250 train_time:664.321s step_avg:307.41ms
step:2162/3250 train_time:664.623s step_avg:307.41ms
step:2163/3250 train_time:664.926s step_avg:307.41ms
step:2164/3250 train_time:665.230s step_avg:307.41ms
step:2165/3250 train_time:665.535s step_avg:307.41ms
step:2166/3250 train_time:665.838s step_avg:307.40ms
step:2167/3250 train_time:666.140s step_avg:307.40ms
step:2168/3250 train_time:666.442s step_avg:307.40ms
step:2169/3250 train_time:666.746s step_avg:307.40ms
step:2170/3250 train_time:667.052s step_avg:307.40ms
step:2171/3250 train_time:667.355s step_avg:307.40ms
step:2172/3250 train_time:667.659s step_avg:307.39ms
step:2173/3250 train_time:667.960s step_avg:307.39ms
step:2174/3250 train_time:668.262s step_avg:307.39ms
step:2175/3250 train_time:668.563s step_avg:307.39ms
step:2176/3250 train_time:668.866s step_avg:307.38ms
step:2177/3250 train_time:669.169s step_avg:307.38ms
step:2178/3250 train_time:669.474s step_avg:307.38ms
step:2179/3250 train_time:669.777s step_avg:307.38ms
step:2180/3250 train_time:670.080s step_avg:307.38ms
step:2181/3250 train_time:670.383s step_avg:307.37ms
step:2182/3250 train_time:670.687s step_avg:307.37ms
step:2183/3250 train_time:670.992s step_avg:307.37ms
step:2184/3250 train_time:671.295s step_avg:307.37ms
step:2185/3250 train_time:671.598s step_avg:307.37ms
step:2186/3250 train_time:671.901s step_avg:307.37ms
step:2187/3250 train_time:672.202s step_avg:307.36ms
step:2188/3250 train_time:672.506s step_avg:307.36ms
step:2189/3250 train_time:672.811s step_avg:307.36ms
step:2190/3250 train_time:673.114s step_avg:307.36ms
step:2191/3250 train_time:673.417s step_avg:307.36ms
step:2192/3250 train_time:673.720s step_avg:307.35ms
step:2193/3250 train_time:674.023s step_avg:307.35ms
step:2194/3250 train_time:674.326s step_avg:307.35ms
step:2195/3250 train_time:674.630s step_avg:307.35ms
step:2196/3250 train_time:674.934s step_avg:307.35ms
step:2197/3250 train_time:675.236s step_avg:307.34ms
step:2198/3250 train_time:675.538s step_avg:307.34ms
step:2199/3250 train_time:675.840s step_avg:307.34ms
step:2200/3250 train_time:676.142s step_avg:307.34ms
step:2201/3250 train_time:676.445s step_avg:307.34ms
step:2202/3250 train_time:676.750s step_avg:307.33ms
step:2203/3250 train_time:677.054s step_avg:307.33ms
step:2204/3250 train_time:677.357s step_avg:307.33ms
step:2205/3250 train_time:677.659s step_avg:307.33ms
step:2206/3250 train_time:677.961s step_avg:307.33ms
step:2207/3250 train_time:678.263s step_avg:307.32ms
step:2208/3250 train_time:678.567s step_avg:307.32ms
step:2209/3250 train_time:678.871s step_avg:307.32ms
step:2210/3250 train_time:679.175s step_avg:307.32ms
step:2211/3250 train_time:679.478s step_avg:307.32ms
step:2212/3250 train_time:679.779s step_avg:307.31ms
step:2213/3250 train_time:680.083s step_avg:307.31ms
step:2214/3250 train_time:680.386s step_avg:307.31ms
step:2215/3250 train_time:680.692s step_avg:307.31ms
step:2216/3250 train_time:680.998s step_avg:307.31ms
step:2217/3250 train_time:681.301s step_avg:307.31ms
step:2218/3250 train_time:681.604s step_avg:307.31ms
step:2219/3250 train_time:681.908s step_avg:307.30ms
step:2220/3250 train_time:682.214s step_avg:307.30ms
step:2221/3250 train_time:682.516s step_avg:307.30ms
step:2222/3250 train_time:682.818s step_avg:307.30ms
step:2223/3250 train_time:683.120s step_avg:307.30ms
step:2224/3250 train_time:683.422s step_avg:307.29ms
step:2225/3250 train_time:683.725s step_avg:307.29ms
step:2226/3250 train_time:684.028s step_avg:307.29ms
step:2227/3250 train_time:684.333s step_avg:307.29ms
step:2228/3250 train_time:684.636s step_avg:307.29ms
step:2229/3250 train_time:684.939s step_avg:307.29ms
step:2230/3250 train_time:685.241s step_avg:307.28ms
step:2231/3250 train_time:685.545s step_avg:307.28ms
step:2232/3250 train_time:685.849s step_avg:307.28ms
step:2233/3250 train_time:686.155s step_avg:307.28ms
step:2234/3250 train_time:686.459s step_avg:307.28ms
step:2235/3250 train_time:686.761s step_avg:307.28ms
step:2236/3250 train_time:687.065s step_avg:307.27ms
step:2237/3250 train_time:687.368s step_avg:307.27ms
step:2238/3250 train_time:687.674s step_avg:307.27ms
step:2239/3250 train_time:687.978s step_avg:307.27ms
step:2240/3250 train_time:688.280s step_avg:307.27ms
step:2241/3250 train_time:688.584s step_avg:307.27ms
step:2242/3250 train_time:688.888s step_avg:307.27ms
step:2243/3250 train_time:689.194s step_avg:307.26ms
step:2244/3250 train_time:689.497s step_avg:307.26ms
step:2245/3250 train_time:689.800s step_avg:307.26ms
step:2246/3250 train_time:690.103s step_avg:307.26ms
step:2247/3250 train_time:690.406s step_avg:307.26ms
step:2248/3250 train_time:690.715s step_avg:307.26ms
step:2249/3250 train_time:691.018s step_avg:307.26ms
step:2250/3250 train_time:691.321s step_avg:307.25ms
step:2250/3250 val_loss:3.41011 train_time:691.323s step_avg:303.77ms
probe_ema: n=84934656 align=-0.20830,-0.20071,-0.18908,-0.17221 rel_mse=1.06073,1.03442,1.01905,1.01028
step:2251/3250 train_time:691.629s step_avg:307.25ms
step:2252/3250 train_time:691.934s step_avg:307.25ms
step:2253/3250 train_time:692.236s step_avg:307.25ms
step:2254/3250 train_time:692.541s step_avg:307.25ms
step:2255/3250 train_time:692.846s step_avg:307.25ms
step:2256/3250 train_time:693.151s step_avg:307.25ms
step:2257/3250 train_time:693.455s step_avg:307.25ms
step:2258/3250 train_time:693.759s step_avg:307.24ms
step:2259/3250 train_time:694.065s step_avg:307.24ms
step:2260/3250 train_time:694.369s step_avg:307.24ms
step:2261/3250 train_time:694.672s step_avg:307.24ms
step:2262/3250 train_time:694.976s step_avg:307.24ms
step:2263/3250 train_time:695.281s step_avg:307.24ms
step:2264/3250 train_time:695.585s step_avg:307.24ms
step:2265/3250 train_time:695.890s step_avg:307.24ms
step:2266/3250 train_time:696.194s step_avg:307.23ms
step:2267/3250 train_time:696.496s step_avg:307.23ms
step:2268/3250 train_time:696.798s step_avg:307.23ms
step:2269/3250 train_time:697.101s step_avg:307.23ms
step:2270/3250 train_time:697.406s step_avg:307.23ms
step:2271/3250 train_time:697.710s step_avg:307.23ms
step:2272/3250 train_time:698.014s step_avg:307.22ms
step:2273/3250 train_time:698.315s step_avg:307.22ms
step:2274/3250 train_time:698.617s step_avg:307.22ms
step:2275/3250 train_time:698.921s step_avg:307.22ms
step:2276/3250 train_time:699.225s step_avg:307.22ms
step:2277/3250 train_time:699.531s step_avg:307.22ms
step:2278/3250 train_time:699.837s step_avg:307.22ms
step:2279/3250 train_time:700.141s step_avg:307.21ms
step:2280/3250 train_time:700.446s step_avg:307.21ms
step:2281/3250 train_time:700.802s step_avg:307.23ms
step:2282/3250 train_time:701.107s step_avg:307.23ms
step:2283/3250 train_time:701.412s step_avg:307.23ms
step:2284/3250 train_time:701.714s step_avg:307.23ms
step:2285/3250 train_time:702.017s step_avg:307.23ms
step:2286/3250 train_time:702.321s step_avg:307.23ms
step:2287/3250 train_time:702.627s step_avg:307.23ms
step:2288/3250 train_time:702.929s step_avg:307.22ms
step:2289/3250 train_time:703.233s step_avg:307.22ms
step:2290/3250 train_time:703.537s step_avg:307.22ms
step:2291/3250 train_time:703.840s step_avg:307.22ms
step:2292/3250 train_time:704.143s step_avg:307.22ms
step:2293/3250 train_time:704.449s step_avg:307.22ms
step:2294/3250 train_time:704.752s step_avg:307.22ms
step:2295/3250 train_time:705.055s step_avg:307.21ms
step:2296/3250 train_time:705.359s step_avg:307.21ms
step:2297/3250 train_time:705.660s step_avg:307.21ms
step:2298/3250 train_time:705.966s step_avg:307.21ms
step:2299/3250 train_time:706.270s step_avg:307.21ms
step:2300/3250 train_time:706.573s step_avg:307.21ms
step:2301/3250 train_time:706.876s step_avg:307.20ms
step:2302/3250 train_time:707.178s step_avg:307.20ms
step:2303/3250 train_time:707.481s step_avg:307.20ms
step:2304/3250 train_time:707.784s step_avg:307.20ms
step:2305/3250 train_time:708.089s step_avg:307.20ms
step:2306/3250 train_time:708.394s step_avg:307.20ms
step:2307/3250 train_time:708.697s step_avg:307.19ms
step:2308/3250 train_time:709.003s step_avg:307.19ms
step:2309/3250 train_time:709.311s step_avg:307.19ms
step:2310/3250 train_time:709.616s step_avg:307.19ms
step:2311/3250 train_time:709.922s step_avg:307.19ms
step:2312/3250 train_time:710.236s step_avg:307.20ms
step:2313/3250 train_time:710.539s step_avg:307.19ms
step:2314/3250 train_time:710.842s step_avg:307.19ms
step:2315/3250 train_time:711.148s step_avg:307.19ms
step:2316/3250 train_time:711.454s step_avg:307.19ms
step:2317/3250 train_time:711.761s step_avg:307.19ms
step:2318/3250 train_time:712.071s step_avg:307.19ms
step:2319/3250 train_time:712.374s step_avg:307.19ms
step:2320/3250 train_time:712.680s step_avg:307.19ms
step:2321/3250 train_time:712.991s step_avg:307.19ms
step:2322/3250 train_time:713.294s step_avg:307.19ms
step:2323/3250 train_time:713.597s step_avg:307.19ms
step:2324/3250 train_time:713.901s step_avg:307.19ms
step:2325/3250 train_time:714.212s step_avg:307.19ms
step:2326/3250 train_time:714.517s step_avg:307.19ms
step:2327/3250 train_time:714.821s step_avg:307.19ms
step:2328/3250 train_time:715.129s step_avg:307.19ms
step:2329/3250 train_time:715.433s step_avg:307.18ms
step:2330/3250 train_time:715.736s step_avg:307.18ms
step:2331/3250 train_time:716.041s step_avg:307.18ms
step:2332/3250 train_time:716.347s step_avg:307.18ms
step:2333/3250 train_time:716.651s step_avg:307.18ms
step:2334/3250 train_time:716.954s step_avg:307.18ms
step:2335/3250 train_time:717.257s step_avg:307.18ms
step:2336/3250 train_time:717.561s step_avg:307.18ms
step:2337/3250 train_time:717.867s step_avg:307.17ms
step:2338/3250 train_time:718.178s step_avg:307.18ms
step:2339/3250 train_time:718.490s step_avg:307.18ms
step:2340/3250 train_time:718.794s step_avg:307.18ms
step:2341/3250 train_time:719.097s step_avg:307.18ms
step:2342/3250 train_time:719.404s step_avg:307.18ms
step:2343/3250 train_time:719.716s step_avg:307.18ms
step:2344/3250 train_time:720.019s step_avg:307.18ms
step:2345/3250 train_time:720.325s step_avg:307.17ms
step:2346/3250 train_time:720.632s step_avg:307.17ms
step:2347/3250 train_time:720.935s step_avg:307.17ms
step:2348/3250 train_time:721.239s step_avg:307.17ms
step:2349/3250 train_time:721.543s step_avg:307.17ms
step:2350/3250 train_time:721.848s step_avg:307.17ms
step:2351/3250 train_time:722.152s step_avg:307.17ms
step:2352/3250 train_time:722.455s step_avg:307.17ms
step:2353/3250 train_time:722.757s step_avg:307.16ms
step:2354/3250 train_time:723.062s step_avg:307.16ms
step:2355/3250 train_time:723.368s step_avg:307.16ms
step:2356/3250 train_time:723.672s step_avg:307.16ms
step:2357/3250 train_time:723.975s step_avg:307.16ms
step:2358/3250 train_time:724.280s step_avg:307.16ms
step:2359/3250 train_time:724.583s step_avg:307.16ms
step:2360/3250 train_time:724.889s step_avg:307.16ms
step:2361/3250 train_time:725.193s step_avg:307.15ms
step:2362/3250 train_time:725.497s step_avg:307.15ms
step:2363/3250 train_time:725.801s step_avg:307.15ms
step:2364/3250 train_time:726.110s step_avg:307.15ms
step:2365/3250 train_time:726.414s step_avg:307.15ms
step:2366/3250 train_time:726.717s step_avg:307.15ms
step:2367/3250 train_time:727.021s step_avg:307.15ms
step:2368/3250 train_time:727.328s step_avg:307.15ms
step:2369/3250 train_time:727.631s step_avg:307.15ms
step:2370/3250 train_time:727.933s step_avg:307.14ms
step:2371/3250 train_time:728.235s step_avg:307.14ms
step:2372/3250 train_time:728.539s step_avg:307.14ms
step:2373/3250 train_time:728.841s step_avg:307.14ms
step:2374/3250 train_time:729.145s step_avg:307.14ms
step:2375/3250 train_time:729.450s step_avg:307.14ms
step:2375/3250 val_loss:3.39307 train_time:729.451s step_avg:305.03ms
probe_ema: n=84934656 align=-0.23593,-0.22162,-0.20331,-0.18182 rel_mse=1.06362,1.03571,1.01949,1.01036
step:2376/3250 train_time:729.760s step_avg:307.14ms
step:2377/3250 train_time:730.064s step_avg:307.14ms
step:2378/3250 train_time:730.368s step_avg:307.14ms
step:2379/3250 train_time:730.675s step_avg:307.14ms
step:2380/3250 train_time:730.979s step_avg:307.13ms
step:2381/3250 train_time:731.282s step_avg:307.13ms
step:2382/3250 train_time:731.585s step_avg:307.13ms
step:2383/3250 train_time:731.890s step_avg:307.13ms
step:2384/3250 train_time:732.196s step_avg:307.13ms
step:2385/3250 train_time:732.499s step_avg:307.13ms
step:2386/3250 train_time:732.802s step_avg:307.13ms
step:2387/3250 train_time:733.106s step_avg:307.12ms
step:2388/3250 train_time:733.409s step_avg:307.12ms
step:2389/3250 train_time:733.714s step_avg:307.12ms
step:2390/3250 train_time:734.019s step_avg:307.12ms
step:2391/3250 train_time:734.322s step_avg:307.12ms
step:2392/3250 train_time:734.628s step_avg:307.12ms
step:2393/3250 train_time:734.933s step_avg:307.12ms
step:2394/3250 train_time:735.238s step_avg:307.12ms
step:2395/3250 train_time:735.542s step_avg:307.12ms
step:2396/3250 train_time:735.846s step_avg:307.11ms
step:2397/3250 train_time:736.152s step_avg:307.11ms
step:2398/3250 train_time:736.463s step_avg:307.12ms
step:2399/3250 train_time:736.767s step_avg:307.11ms
step:2400/3250 train_time:737.070s step_avg:307.11ms
step:2401/3250 train_time:737.376s step_avg:307.11ms
step:2402/3250 train_time:737.682s step_avg:307.11ms
step:2403/3250 train_time:737.986s step_avg:307.11ms
step:2404/3250 train_time:738.293s step_avg:307.11ms
step:2405/3250 train_time:738.598s step_avg:307.11ms
step:2406/3250 train_time:738.901s step_avg:307.11ms
step:2407/3250 train_time:739.204s step_avg:307.11ms
step:2408/3250 train_time:739.508s step_avg:307.10ms
step:2409/3250 train_time:739.812s step_avg:307.10ms
step:2410/3250 train_time:740.116s step_avg:307.10ms
step:2411/3250 train_time:740.421s step_avg:307.10ms
step:2412/3250 train_time:740.725s step_avg:307.10ms
step:2413/3250 train_time:741.028s step_avg:307.10ms
step:2414/3250 train_time:741.332s step_avg:307.10ms
step:2415/3250 train_time:741.637s step_avg:307.10ms
step:2416/3250 train_time:741.939s step_avg:307.09ms
step:2417/3250 train_time:742.241s step_avg:307.09ms
step:2418/3250 train_time:742.543s step_avg:307.09ms
step:2419/3250 train_time:742.845s step_avg:307.09ms
step:2420/3250 train_time:743.149s step_avg:307.09ms
step:2421/3250 train_time:743.453s step_avg:307.08ms
step:2422/3250 train_time:743.758s step_avg:307.08ms
step:2423/3250 train_time:744.061s step_avg:307.08ms
step:2424/3250 train_time:744.363s step_avg:307.08ms
step:2425/3250 train_time:744.665s step_avg:307.08ms
step:2426/3250 train_time:744.968s step_avg:307.08ms
step:2427/3250 train_time:745.276s step_avg:307.08ms
step:2428/3250 train_time:745.580s step_avg:307.08ms
step:2429/3250 train_time:745.882s step_avg:307.07ms
step:2430/3250 train_time:746.184s step_avg:307.07ms
step:2431/3250 train_time:746.488s step_avg:307.07ms
step:2432/3250 train_time:746.793s step_avg:307.07ms
step:2433/3250 train_time:747.097s step_avg:307.07ms
step:2434/3250 train_time:747.400s step_avg:307.07ms
step:2435/3250 train_time:747.702s step_avg:307.06ms
step:2436/3250 train_time:748.004s step_avg:307.06ms
step:2437/3250 train_time:748.306s step_avg:307.06ms
step:2438/3250 train_time:748.609s step_avg:307.06ms
step:2439/3250 train_time:748.916s step_avg:307.06ms
step:2440/3250 train_time:749.220s step_avg:307.06ms
step:2441/3250 train_time:749.524s step_avg:307.06ms
step:2442/3250 train_time:749.827s step_avg:307.05ms
step:2443/3250 train_time:750.131s step_avg:307.05ms
step:2444/3250 train_time:750.437s step_avg:307.05ms
step:2445/3250 train_time:750.740s step_avg:307.05ms
step:2446/3250 train_time:751.042s step_avg:307.05ms
step:2447/3250 train_time:751.345s step_avg:307.05ms
step:2448/3250 train_time:751.648s step_avg:307.05ms
step:2449/3250 train_time:751.951s step_avg:307.04ms
step:2450/3250 train_time:752.257s step_avg:307.04ms
step:2451/3250 train_time:752.560s step_avg:307.04ms
step:2452/3250 train_time:752.862s step_avg:307.04ms
step:2453/3250 train_time:753.165s step_avg:307.04ms
step:2454/3250 train_time:753.469s step_avg:307.04ms
step:2455/3250 train_time:753.774s step_avg:307.04ms
step:2456/3250 train_time:754.079s step_avg:307.04ms
step:2457/3250 train_time:754.385s step_avg:307.03ms
step:2458/3250 train_time:754.689s step_avg:307.03ms
step:2459/3250 train_time:754.996s step_avg:307.03ms
step:2460/3250 train_time:755.301s step_avg:307.03ms
step:2461/3250 train_time:755.605s step_avg:307.03ms
step:2462/3250 train_time:755.909s step_avg:307.03ms
step:2463/3250 train_time:756.214s step_avg:307.03ms
step:2464/3250 train_time:756.519s step_avg:307.03ms
step:2465/3250 train_time:756.822s step_avg:307.03ms
step:2466/3250 train_time:757.126s step_avg:307.03ms
step:2467/3250 train_time:757.429s step_avg:307.02ms
step:2468/3250 train_time:757.735s step_avg:307.02ms
step:2469/3250 train_time:758.039s step_avg:307.02ms
step:2470/3250 train_time:758.341s step_avg:307.02ms
step:2471/3250 train_time:758.699s step_avg:307.04ms
step:2472/3250 train_time:759.002s step_avg:307.04ms
step:2473/3250 train_time:759.306s step_avg:307.04ms
step:2474/3250 train_time:759.611s step_avg:307.04ms
step:2475/3250 train_time:759.917s step_avg:307.04ms
step:2476/3250 train_time:760.222s step_avg:307.04ms
step:2477/3250 train_time:760.528s step_avg:307.04ms
step:2478/3250 train_time:760.832s step_avg:307.03ms
step:2479/3250 train_time:761.138s step_avg:307.03ms
step:2480/3250 train_time:761.440s step_avg:307.03ms
step:2481/3250 train_time:761.742s step_avg:307.03ms
step:2482/3250 train_time:762.046s step_avg:307.03ms
step:2483/3250 train_time:762.354s step_avg:307.03ms
step:2484/3250 train_time:762.661s step_avg:307.03ms
step:2485/3250 train_time:762.965s step_avg:307.03ms
step:2486/3250 train_time:763.270s step_avg:307.03ms
step:2487/3250 train_time:763.578s step_avg:307.03ms
step:2488/3250 train_time:763.882s step_avg:307.03ms
step:2489/3250 train_time:764.186s step_avg:307.03ms
step:2490/3250 train_time:764.491s step_avg:307.02ms
step:2491/3250 train_time:764.797s step_avg:307.02ms
step:2492/3250 train_time:765.101s step_avg:307.02ms
step:2493/3250 train_time:765.404s step_avg:307.02ms
step:2494/3250 train_time:765.708s step_avg:307.02ms
step:2495/3250 train_time:766.012s step_avg:307.02ms
step:2496/3250 train_time:766.318s step_avg:307.02ms
step:2497/3250 train_time:766.621s step_avg:307.02ms
step:2498/3250 train_time:766.923s step_avg:307.01ms
step:2499/3250 train_time:767.225s step_avg:307.01ms
step:2500/3250 train_time:767.530s step_avg:307.01ms
step:2500/3250 val_loss:3.37468 train_time:767.531s step_avg:304.63ms
probe_ema: n=84934656 align=-0.17336,-0.17412,-0.16706,-0.15228 rel_mse=1.05967,1.03424,1.01895,1.01010
step:2501/3250 train_time:767.838s step_avg:307.01ms
step:2502/3250 train_time:768.141s step_avg:307.01ms
step:2503/3250 train_time:768.442s step_avg:307.01ms
step:2504/3250 train_time:768.744s step_avg:307.01ms
step:2505/3250 train_time:769.048s step_avg:307.01ms
step:2506/3250 train_time:769.354s step_avg:307.00ms
step:2507/3250 train_time:769.657s step_avg:307.00ms
step:2508/3250 train_time:769.960s step_avg:307.00ms
step:2509/3250 train_time:770.263s step_avg:307.00ms
step:2510/3250 train_time:770.565s step_avg:307.00ms
step:2511/3250 train_time:770.868s step_avg:307.00ms
step:2512/3250 train_time:771.174s step_avg:307.00ms
step:2513/3250 train_time:771.478s step_avg:306.99ms
step:2514/3250 train_time:771.781s step_avg:306.99ms
step:2515/3250 train_time:772.085s step_avg:306.99ms
step:2516/3250 train_time:772.388s step_avg:306.99ms
step:2517/3250 train_time:772.693s step_avg:306.99ms
step:2518/3250 train_time:772.998s step_avg:306.99ms
step:2519/3250 train_time:773.302s step_avg:306.99ms
step:2520/3250 train_time:773.603s step_avg:306.99ms
step:2521/3250 train_time:773.905s step_avg:306.98ms
step:2522/3250 train_time:774.209s step_avg:306.98ms
step:2523/3250 train_time:774.516s step_avg:306.98ms
step:2524/3250 train_time:774.819s step_avg:306.98ms
step:2525/3250 train_time:775.122s step_avg:306.98ms
step:2526/3250 train_time:775.424s step_avg:306.98ms
step:2527/3250 train_time:775.729s step_avg:306.98ms
step:2528/3250 train_time:776.033s step_avg:306.97ms
step:2529/3250 train_time:776.337s step_avg:306.97ms
step:2530/3250 train_time:776.640s step_avg:306.97ms
step:2531/3250 train_time:776.943s step_avg:306.97ms
step:2532/3250 train_time:777.245s step_avg:306.97ms
step:2533/3250 train_time:777.546s step_avg:306.97ms
step:2534/3250 train_time:777.849s step_avg:306.96ms
step:2535/3250 train_time:778.155s step_avg:306.96ms
step:2536/3250 train_time:778.459s step_avg:306.96ms
step:2537/3250 train_time:778.763s step_avg:306.96ms
step:2538/3250 train_time:779.063s step_avg:306.96ms
step:2539/3250 train_time:779.367s step_avg:306.96ms
step:2540/3250 train_time:779.670s step_avg:306.96ms
step:2541/3250 train_time:779.975s step_avg:306.96ms
step:2542/3250 train_time:780.278s step_avg:306.95ms
step:2543/3250 train_time:780.581s step_avg:306.95ms
step:2544/3250 train_time:780.881s step_avg:306.95ms
step:2545/3250 train_time:781.184s step_avg:306.95ms
step:2546/3250 train_time:781.487s step_avg:306.95ms
step:2547/3250 train_time:781.790s step_avg:306.95ms
step:2548/3250 train_time:782.097s step_avg:306.95ms
step:2549/3250 train_time:782.400s step_avg:306.94ms
step:2550/3250 train_time:782.702s step_avg:306.94ms
step:2551/3250 train_time:783.004s step_avg:306.94ms
step:2552/3250 train_time:783.307s step_avg:306.94ms
step:2553/3250 train_time:783.612s step_avg:306.94ms
step:2554/3250 train_time:783.917s step_avg:306.94ms
step:2555/3250 train_time:784.221s step_avg:306.94ms
step:2556/3250 train_time:784.523s step_avg:306.93ms
step:2557/3250 train_time:784.826s step_avg:306.93ms
step:2558/3250 train_time:785.137s step_avg:306.93ms
step:2559/3250 train_time:785.447s step_avg:306.94ms
step:2560/3250 train_time:785.759s step_avg:306.94ms
step:2561/3250 train_time:786.067s step_avg:306.94ms
step:2562/3250 train_time:786.373s step_avg:306.94ms
step:2563/3250 train_time:786.680s step_avg:306.94ms
step:2564/3250 train_time:786.983s step_avg:306.94ms
step:2565/3250 train_time:787.286s step_avg:306.93ms
step:2566/3250 train_time:787.593s step_avg:306.93ms
step:2567/3250 train_time:787.900s step_avg:306.93ms
step:2568/3250 train_time:788.203s step_avg:306.93ms
step:2569/3250 train_time:788.507s step_avg:306.93ms
step:2570/3250 train_time:788.812s step_avg:306.93ms
step:2571/3250 train_time:789.119s step_avg:306.93ms
step:2572/3250 train_time:789.423s step_avg:306.93ms
step:2573/3250 train_time:789.728s step_avg:306.93ms
step:2574/3250 train_time:790.035s step_avg:306.93ms
step:2575/3250 train_time:790.341s step_avg:306.93ms
step:2576/3250 train_time:790.644s step_avg:306.93ms
step:2577/3250 train_time:790.947s step_avg:306.93ms
step:2578/3250 train_time:791.251s step_avg:306.92ms
step:2579/3250 train_time:791.557s step_avg:306.92ms
step:2580/3250 train_time:791.860s step_avg:306.92ms
step:2581/3250 train_time:792.163s step_avg:306.92ms
step:2582/3250 train_time:792.465s step_avg:306.92ms
step:2583/3250 train_time:792.771s step_avg:306.92ms
step:2584/3250 train_time:793.076s step_avg:306.92ms
step:2585/3250 train_time:793.379s step_avg:306.92ms
step:2586/3250 train_time:793.685s step_avg:306.92ms
step:2587/3250 train_time:793.997s step_avg:306.92ms
step:2588/3250 train_time:794.307s step_avg:306.92ms
step:2589/3250 train_time:794.612s step_avg:306.92ms
step:2590/3250 train_time:794.918s step_avg:306.92ms
step:2591/3250 train_time:795.222s step_avg:306.92ms
step:2592/3250 train_time:795.524s step_avg:306.92ms
step:2593/3250 train_time:795.828s step_avg:306.91ms
step:2594/3250 train_time:796.133s step_avg:306.91ms
step:2595/3250 train_time:796.442s step_avg:306.91ms
step:2596/3250 train_time:796.745s step_avg:306.91ms
step:2597/3250 train_time:797.048s step_avg:306.91ms
step:2598/3250 train_time:797.353s step_avg:306.91ms
step:2599/3250 train_time:797.658s step_avg:306.91ms
step:2600/3250 train_time:797.961s step_avg:306.91ms
step:2601/3250 train_time:798.263s step_avg:306.91ms
step:2602/3250 train_time:798.568s step_avg:306.91ms
step:2603/3250 train_time:798.873s step_avg:306.90ms
step:2604/3250 train_time:799.179s step_avg:306.90ms
step:2605/3250 train_time:799.482s step_avg:306.90ms
step:2606/3250 train_time:799.784s step_avg:306.90ms
step:2607/3250 train_time:800.090s step_avg:306.90ms
step:2608/3250 train_time:800.396s step_avg:306.90ms
step:2609/3250 train_time:800.699s step_avg:306.90ms
step:2610/3250 train_time:801.002s step_avg:306.90ms
step:2611/3250 train_time:801.306s step_avg:306.90ms
step:2612/3250 train_time:801.610s step_avg:306.90ms
step:2613/3250 train_time:801.919s step_avg:306.90ms
step:2614/3250 train_time:802.221s step_avg:306.89ms
step:2615/3250 train_time:802.524s step_avg:306.89ms
step:2616/3250 train_time:802.828s step_avg:306.89ms
step:2617/3250 train_time:803.140s step_avg:306.89ms
step:2618/3250 train_time:803.441s step_avg:306.89ms
step:2619/3250 train_time:803.746s step_avg:306.89ms
step:2620/3250 train_time:804.048s step_avg:306.89ms
step:2621/3250 train_time:804.358s step_avg:306.89ms
step:2622/3250 train_time:804.669s step_avg:306.89ms
step:2623/3250 train_time:804.985s step_avg:306.89ms
step:2624/3250 train_time:805.297s step_avg:306.90ms
step:2625/3250 train_time:805.600s step_avg:306.90ms
step:2625/3250 val_loss:3.35551 train_time:805.601s step_avg:304.56ms
probe_ema: n=84934656 align=-0.13717,-0.14214,-0.14006,-0.13106 rel_mse=1.05427,1.03184,1.01805,1.00989
step:2626/3250 train_time:805.904s step_avg:306.89ms
step:2627/3250 train_time:806.215s step_avg:306.90ms
step:2628/3250 train_time:806.516s step_avg:306.89ms
step:2629/3250 train_time:806.820s step_avg:306.89ms
step:2630/3250 train_time:807.125s step_avg:306.89ms
step:2631/3250 train_time:807.429s step_avg:306.89ms
step:2632/3250 train_time:807.734s step_avg:306.89ms
step:2633/3250 train_time:808.038s step_avg:306.89ms
step:2634/3250 train_time:808.342s step_avg:306.89ms
step:2635/3250 train_time:808.649s step_avg:306.89ms
step:2636/3250 train_time:808.954s step_avg:306.89ms
step:2637/3250 train_time:809.256s step_avg:306.88ms
step:2638/3250 train_time:809.559s step_avg:306.88ms
step:2639/3250 train_time:809.863s step_avg:306.88ms
step:2640/3250 train_time:810.169s step_avg:306.88ms
step:2641/3250 train_time:810.471s step_avg:306.88ms
step:2642/3250 train_time:810.775s step_avg:306.88ms
step:2643/3250 train_time:811.079s step_avg:306.88ms
step:2644/3250 train_time:811.382s step_avg:306.88ms
step:2645/3250 train_time:811.688s step_avg:306.88ms
step:2646/3250 train_time:811.991s step_avg:306.88ms
step:2647/3250 train_time:812.295s step_avg:306.87ms
step:2648/3250 train_time:812.598s step_avg:306.87ms
step:2649/3250 train_time:812.901s step_avg:306.87ms
step:2650/3250 train_time:813.209s step_avg:306.87ms
step:2651/3250 train_time:813.514s step_avg:306.87ms
step:2652/3250 train_time:813.818s step_avg:306.87ms
step:2653/3250 train_time:814.123s step_avg:306.87ms
step:2654/3250 train_time:814.430s step_avg:306.87ms
step:2655/3250 train_time:814.736s step_avg:306.87ms
step:2656/3250 train_time:815.038s step_avg:306.87ms
step:2657/3250 train_time:815.341s step_avg:306.87ms
step:2658/3250 train_time:815.645s step_avg:306.86ms
step:2659/3250 train_time:815.951s step_avg:306.86ms
step:2660/3250 train_time:816.256s step_avg:306.86ms
step:2661/3250 train_time:816.612s step_avg:306.88ms
step:2662/3250 train_time:816.916s step_avg:306.88ms
step:2663/3250 train_time:817.222s step_avg:306.88ms
step:2664/3250 train_time:817.536s step_avg:306.88ms
step:2665/3250 train_time:817.845s step_avg:306.88ms
step:2666/3250 train_time:818.155s step_avg:306.88ms
step:2667/3250 train_time:818.463s step_avg:306.89ms
step:2668/3250 train_time:818.770s step_avg:306.89ms
step:2669/3250 train_time:819.074s step_avg:306.88ms
step:2670/3250 train_time:819.380s step_avg:306.88ms
step:2671/3250 train_time:819.685s step_avg:306.88ms
step:2672/3250 train_time:819.991s step_avg:306.88ms
step:2673/3250 train_time:820.297s step_avg:306.88ms
step:2674/3250 train_time:820.603s step_avg:306.88ms
step:2675/3250 train_time:820.910s step_avg:306.88ms
step:2676/3250 train_time:821.218s step_avg:306.88ms
step:2677/3250 train_time:821.522s step_avg:306.88ms
step:2678/3250 train_time:821.830s step_avg:306.88ms
step:2679/3250 train_time:822.136s step_avg:306.88ms
step:2680/3250 train_time:822.443s step_avg:306.88ms
step:2681/3250 train_time:822.753s step_avg:306.88ms
step:2682/3250 train_time:823.059s step_avg:306.88ms
step:2683/3250 train_time:823.369s step_avg:306.88ms
step:2684/3250 train_time:823.676s step_avg:306.88ms
step:2685/3250 train_time:823.980s step_avg:306.88ms
step:2686/3250 train_time:824.287s step_avg:306.88ms
step:2687/3250 train_time:824.592s step_avg:306.88ms
step:2688/3250 train_time:824.898s step_avg:306.88ms
step:2689/3250 train_time:825.205s step_avg:306.88ms
step:2690/3250 train_time:825.512s step_avg:306.88ms
step:2691/3250 train_time:825.821s step_avg:306.88ms
step:2692/3250 train_time:826.130s step_avg:306.88ms
step:2693/3250 train_time:826.436s step_avg:306.88ms
step:2694/3250 train_time:826.741s step_avg:306.88ms
step:2695/3250 train_time:827.048s step_avg:306.88ms
step:2696/3250 train_time:827.352s step_avg:306.88ms
step:2697/3250 train_time:827.656s step_avg:306.88ms
step:2698/3250 train_time:827.961s step_avg:306.88ms
step:2699/3250 train_time:828.268s step_avg:306.88ms
step:2700/3250 train_time:828.572s step_avg:306.88ms
step:2701/3250 train_time:828.876s step_avg:306.88ms
step:2702/3250 train_time:829.182s step_avg:306.88ms
step:2703/3250 train_time:829.490s step_avg:306.88ms
step:2704/3250 train_time:829.794s step_avg:306.88ms
step:2705/3250 train_time:830.097s step_avg:306.87ms
step:2706/3250 train_time:830.402s step_avg:306.87ms
step:2707/3250 train_time:830.709s step_avg:306.87ms
step:2708/3250 train_time:831.014s step_avg:306.87ms
step:2709/3250 train_time:831.319s step_avg:306.87ms
step:2710/3250 train_time:831.628s step_avg:306.87ms
step:2711/3250 train_time:831.934s step_avg:306.87ms
step:2712/3250 train_time:832.238s step_avg:306.87ms
step:2713/3250 train_time:832.544s step_avg:306.87ms
step:2714/3250 train_time:832.854s step_avg:306.87ms
step:2715/3250 train_time:833.159s step_avg:306.87ms
step:2716/3250 train_time:833.465s step_avg:306.87ms
step:2717/3250 train_time:833.771s step_avg:306.87ms
step:2718/3250 train_time:834.075s step_avg:306.87ms
step:2719/3250 train_time:834.377s step_avg:306.87ms
step:2720/3250 train_time:834.682s step_avg:306.87ms
step:2721/3250 train_time:834.989s step_avg:306.87ms
step:2722/3250 train_time:835.293s step_avg:306.87ms
step:2723/3250 train_time:835.596s step_avg:306.87ms
step:2724/3250 train_time:835.901s step_avg:306.87ms
step:2725/3250 train_time:836.206s step_avg:306.86ms
step:2726/3250 train_time:836.512s step_avg:306.86ms
step:2727/3250 train_time:836.817s step_avg:306.86ms
step:2728/3250 train_time:837.121s step_avg:306.86ms
step:2729/3250 train_time:837.426s step_avg:306.86ms
step:2730/3250 train_time:837.731s step_avg:306.86ms
step:2731/3250 train_time:838.035s step_avg:306.86ms
step:2732/3250 train_time:838.340s step_avg:306.86ms
step:2733/3250 train_time:838.645s step_avg:306.86ms
step:2734/3250 train_time:838.951s step_avg:306.86ms
step:2735/3250 train_time:839.255s step_avg:306.86ms
step:2736/3250 train_time:839.558s step_avg:306.86ms
step:2737/3250 train_time:839.864s step_avg:306.86ms
step:2738/3250 train_time:840.170s step_avg:306.86ms
step:2739/3250 train_time:840.474s step_avg:306.85ms
step:2740/3250 train_time:840.778s step_avg:306.85ms
step:2741/3250 train_time:841.089s step_avg:306.85ms
step:2742/3250 train_time:841.395s step_avg:306.85ms
step:2743/3250 train_time:841.702s step_avg:306.85ms
step:2744/3250 train_time:842.011s step_avg:306.86ms
step:2745/3250 train_time:842.317s step_avg:306.86ms
step:2746/3250 train_time:842.623s step_avg:306.85ms
step:2747/3250 train_time:842.930s step_avg:306.85ms
step:2748/3250 train_time:843.234s step_avg:306.85ms
step:2749/3250 train_time:843.537s step_avg:306.85ms
step:2750/3250 train_time:843.841s step_avg:306.85ms
step:2750/3250 val_loss:3.33762 train_time:843.843s step_avg:305.94ms
probe_ema: n=84934656 align=-0.15126,-0.15125,-0.14598,-0.13526 rel_mse=1.05279,1.03080,1.01745,1.00963
step:2751/3250 train_time:844.148s step_avg:306.85ms
step:2752/3250 train_time:844.457s step_avg:306.85ms
step:2753/3250 train_time:844.761s step_avg:306.85ms
step:2754/3250 train_time:845.066s step_avg:306.85ms
step:2755/3250 train_time:845.371s step_avg:306.85ms
step:2756/3250 train_time:845.675s step_avg:306.85ms
step:2757/3250 train_time:845.980s step_avg:306.85ms
step:2758/3250 train_time:846.285s step_avg:306.85ms
step:2759/3250 train_time:846.590s step_avg:306.85ms
step:2760/3250 train_time:846.892s step_avg:306.85ms
step:2761/3250 train_time:847.197s step_avg:306.84ms
step:2762/3250 train_time:847.506s step_avg:306.84ms
step:2763/3250 train_time:847.813s step_avg:306.85ms
step:2764/3250 train_time:848.125s step_avg:306.85ms
step:2765/3250 train_time:848.430s step_avg:306.85ms
step:2766/3250 train_time:848.734s step_avg:306.85ms
step:2767/3250 train_time:849.041s step_avg:306.85ms
step:2768/3250 train_time:849.353s step_avg:306.85ms
step:2769/3250 train_time:849.664s step_avg:306.85ms
step:2770/3250 train_time:849.972s step_avg:306.85ms
step:2771/3250 train_time:850.279s step_avg:306.85ms
step:2772/3250 train_time:850.586s step_avg:306.85ms
step:2773/3250 train_time:850.890s step_avg:306.85ms
step:2774/3250 train_time:851.193s step_avg:306.85ms
step:2775/3250 train_time:851.497s step_avg:306.85ms
step:2776/3250 train_time:851.801s step_avg:306.84ms
step:2777/3250 train_time:852.106s step_avg:306.84ms
step:2778/3250 train_time:852.411s step_avg:306.84ms
step:2779/3250 train_time:852.718s step_avg:306.84ms
step:2780/3250 train_time:853.027s step_avg:306.84ms
step:2781/3250 train_time:853.331s step_avg:306.84ms
step:2782/3250 train_time:853.636s step_avg:306.84ms
step:2783/3250 train_time:853.942s step_avg:306.84ms
step:2784/3250 train_time:854.247s step_avg:306.84ms
step:2785/3250 train_time:854.551s step_avg:306.84ms
step:2786/3250 train_time:854.854s step_avg:306.84ms
step:2787/3250 train_time:855.158s step_avg:306.84ms
step:2788/3250 train_time:855.465s step_avg:306.84ms
step:2789/3250 train_time:855.770s step_avg:306.84ms
step:2790/3250 train_time:856.076s step_avg:306.84ms
step:2791/3250 train_time:856.384s step_avg:306.84ms
step:2792/3250 train_time:856.694s step_avg:306.84ms
step:2793/3250 train_time:857.001s step_avg:306.84ms
step:2794/3250 train_time:857.308s step_avg:306.84ms
step:2795/3250 train_time:857.613s step_avg:306.84ms
step:2796/3250 train_time:857.919s step_avg:306.84ms
step:2797/3250 train_time:858.229s step_avg:306.84ms
step:2798/3250 train_time:858.534s step_avg:306.84ms
step:2799/3250 train_time:858.842s step_avg:306.84ms
step:2800/3250 train_time:859.161s step_avg:306.84ms
step:2801/3250 train_time:859.469s step_avg:306.84ms
step:2802/3250 train_time:859.775s step_avg:306.84ms
step:2803/3250 train_time:860.092s step_avg:306.85ms
step:2804/3250 train_time:860.397s step_avg:306.85ms
step:2805/3250 train_time:860.706s step_avg:306.85ms
step:2806/3250 train_time:861.012s step_avg:306.85ms
step:2807/3250 train_time:861.318s step_avg:306.85ms
step:2808/3250 train_time:861.633s step_avg:306.85ms
step:2809/3250 train_time:861.936s step_avg:306.85ms
step:2810/3250 train_time:862.248s step_avg:306.85ms
step:2811/3250 train_time:862.552s step_avg:306.85ms
step:2812/3250 train_time:862.857s step_avg:306.85ms
step:2813/3250 train_time:863.165s step_avg:306.85ms
step:2814/3250 train_time:863.472s step_avg:306.85ms
step:2815/3250 train_time:863.777s step_avg:306.85ms
step:2816/3250 train_time:864.083s step_avg:306.85ms
step:2817/3250 train_time:864.388s step_avg:306.85ms
step:2818/3250 train_time:864.693s step_avg:306.85ms
step:2819/3250 train_time:865.001s step_avg:306.85ms
step:2820/3250 train_time:865.310s step_avg:306.85ms
step:2821/3250 train_time:865.616s step_avg:306.85ms
step:2822/3250 train_time:865.924s step_avg:306.85ms
step:2823/3250 train_time:866.228s step_avg:306.85ms
step:2824/3250 train_time:866.535s step_avg:306.85ms
step:2825/3250 train_time:866.842s step_avg:306.85ms
step:2826/3250 train_time:867.151s step_avg:306.85ms
step:2827/3250 train_time:867.457s step_avg:306.85ms
step:2828/3250 train_time:867.770s step_avg:306.85ms
step:2829/3250 train_time:868.074s step_avg:306.85ms
step:2830/3250 train_time:868.390s step_avg:306.85ms
step:2831/3250 train_time:868.694s step_avg:306.85ms
step:2832/3250 train_time:869.000s step_avg:306.85ms
step:2833/3250 train_time:869.307s step_avg:306.85ms
step:2834/3250 train_time:869.612s step_avg:306.85ms
step:2835/3250 train_time:869.918s step_avg:306.85ms
step:2836/3250 train_time:870.230s step_avg:306.85ms
step:2837/3250 train_time:870.536s step_avg:306.85ms
step:2838/3250 train_time:870.841s step_avg:306.85ms
step:2839/3250 train_time:871.148s step_avg:306.85ms
step:2840/3250 train_time:871.452s step_avg:306.85ms
step:2841/3250 train_time:871.756s step_avg:306.85ms
step:2842/3250 train_time:872.064s step_avg:306.85ms
step:2843/3250 train_time:872.368s step_avg:306.85ms
step:2844/3250 train_time:872.673s step_avg:306.85ms
step:2845/3250 train_time:872.983s step_avg:306.85ms
step:2846/3250 train_time:873.289s step_avg:306.85ms
step:2847/3250 train_time:873.596s step_avg:306.85ms
step:2848/3250 train_time:873.903s step_avg:306.85ms
step:2849/3250 train_time:874.209s step_avg:306.85ms
step:2850/3250 train_time:874.513s step_avg:306.85ms
step:2851/3250 train_time:874.867s step_avg:306.86ms
step:2852/3250 train_time:875.172s step_avg:306.86ms
step:2853/3250 train_time:875.476s step_avg:306.86ms
step:2854/3250 train_time:875.786s step_avg:306.86ms
step:2855/3250 train_time:876.093s step_avg:306.86ms
step:2856/3250 train_time:876.397s step_avg:306.86ms
step:2857/3250 train_time:876.702s step_avg:306.86ms
step:2858/3250 train_time:877.015s step_avg:306.86ms
step:2859/3250 train_time:877.323s step_avg:306.86ms
step:2860/3250 train_time:877.631s step_avg:306.86ms
step:2861/3250 train_time:877.940s step_avg:306.86ms
step:2862/3250 train_time:878.254s step_avg:306.87ms
step:2863/3250 train_time:878.562s step_avg:306.87ms
step:2864/3250 train_time:878.867s step_avg:306.87ms
step:2865/3250 train_time:879.172s step_avg:306.87ms
step:2866/3250 train_time:879.480s step_avg:306.87ms
step:2867/3250 train_time:879.792s step_avg:306.87ms
step:2868/3250 train_time:880.098s step_avg:306.87ms
step:2869/3250 train_time:880.407s step_avg:306.87ms
step:2870/3250 train_time:880.713s step_avg:306.87ms
step:2871/3250 train_time:881.019s step_avg:306.87ms
step:2872/3250 train_time:881.327s step_avg:306.87ms
step:2873/3250 train_time:881.632s step_avg:306.87ms
step:2874/3250 train_time:881.935s step_avg:306.87ms
step:2875/3250 train_time:882.240s step_avg:306.87ms
step:2875/3250 val_loss:3.31931 train_time:882.242s step_avg:307.19ms
probe_ema: n=84934656 align=-0.10847,-0.12023,-0.12312,-0.11776 rel_mse=1.04902,1.02982,1.01736,1.00967
step:2876/3250 train_time:882.545s step_avg:306.87ms
step:2877/3250 train_time:882.853s step_avg:306.87ms
step:2878/3250 train_time:883.159s step_avg:306.87ms
step:2879/3250 train_time:883.469s step_avg:306.87ms
step:2880/3250 train_time:883.775s step_avg:306.87ms
step:2881/3250 train_time:884.078s step_avg:306.86ms
step:2882/3250 train_time:884.384s step_avg:306.86ms
step:2883/3250 train_time:884.690s step_avg:306.86ms
step:2884/3250 train_time:884.997s step_avg:306.86ms
step:2885/3250 train_time:885.302s step_avg:306.86ms
step:2886/3250 train_time:885.610s step_avg:306.86ms
step:2887/3250 train_time:885.913s step_avg:306.86ms
step:2888/3250 train_time:886.218s step_avg:306.86ms
step:2889/3250 train_time:886.523s step_avg:306.86ms
step:2890/3250 train_time:886.830s step_avg:306.86ms
step:2891/3250 train_time:887.136s step_avg:306.86ms
step:2892/3250 train_time:887.440s step_avg:306.86ms
step:2893/3250 train_time:887.748s step_avg:306.86ms
step:2894/3250 train_time:888.054s step_avg:306.86ms
step:2895/3250 train_time:888.357s step_avg:306.86ms
step:2896/3250 train_time:888.661s step_avg:306.86ms
step:2897/3250 train_time:888.967s step_avg:306.86ms
step:2898/3250 train_time:889.272s step_avg:306.86ms
step:2899/3250 train_time:889.576s step_avg:306.86ms
step:2900/3250 train_time:889.879s step_avg:306.85ms
step:2900/3250 val_loss:3.31531 train_time:889.881s step_avg:305.58ms
probe_ema: n=84934656 align=-0.07351,-0.09290,-0.10157,-0.10047 rel_mse=1.04266,1.02659,1.01572,1.00885
step:2901/3250 train_time:890.187s step_avg:306.86ms
step:2902/3250 train_time:890.490s step_avg:306.85ms
step:2903/3250 train_time:890.793s step_avg:306.85ms
step:2904/3250 train_time:891.098s step_avg:306.85ms
step:2905/3250 train_time:891.402s step_avg:306.85ms
step:2906/3250 train_time:891.708s step_avg:306.85ms
step:2907/3250 train_time:892.012s step_avg:306.85ms
step:2908/3250 train_time:892.316s step_avg:306.85ms
step:2909/3250 train_time:892.619s step_avg:306.85ms
step:2910/3250 train_time:892.926s step_avg:306.85ms
step:2910/3250 val_loss:3.31370 train_time:892.927s step_avg:304.65ms
probe_ema: n=84934656 align=-0.08063,-0.09461,-0.10042,-0.09779 rel_mse=1.04199,1.02560,1.01505,1.00846
step:2911/3250 train_time:893.230s step_avg:306.85ms
step:2912/3250 train_time:893.540s step_avg:306.85ms
step:2913/3250 train_time:893.844s step_avg:306.85ms
step:2914/3250 train_time:894.147s step_avg:306.85ms
step:2915/3250 train_time:894.453s step_avg:306.85ms
step:2916/3250 train_time:894.760s step_avg:306.84ms
step:2917/3250 train_time:895.066s step_avg:306.84ms
step:2918/3250 train_time:895.372s step_avg:306.84ms
step:2919/3250 train_time:895.680s step_avg:306.84ms
step:2920/3250 train_time:895.983s step_avg:306.84ms
step:2920/3250 val_loss:3.31208 train_time:895.985s step_avg:305.75ms
probe_ema: n=84934656 align=-0.09295,-0.10395,-0.10820,-0.10525 rel_mse=1.05025,1.02971,1.01711,1.00957
step:2921/3250 train_time:896.288s step_avg:306.84ms
step:2922/3250 train_time:896.591s step_avg:306.84ms
step:2923/3250 train_time:896.896s step_avg:306.84ms
step:2924/3250 train_time:897.204s step_avg:306.84ms
step:2925/3250 train_time:897.510s step_avg:306.84ms
step:2925/3250 val_loss:3.31143 train_time:897.511s step_avg:305.24ms
probe_ema: n=84934656 align=-0.09875,-0.10828,-0.11061,-0.10597 rel_mse=1.04810,1.02853,1.01640,1.00913
step:2926/3250 train_time:897.815s step_avg:306.84ms
step:2927/3250 train_time:898.120s step_avg:306.84ms
step:2928/3250 train_time:898.425s step_avg:306.84ms
step:2929/3250 train_time:898.729s step_avg:306.84ms
step:2930/3250 train_time:899.035s step_avg:306.84ms
step:2930/3250 val_loss:3.31112 train_time:899.036s step_avg:304.99ms
probe_ema: n=84934656 align=-0.11127,-0.12068,-0.12184,-0.11599 rel_mse=1.05057,1.03004,1.01717,1.00951
step:2931/3250 train_time:899.343s step_avg:306.84ms
step:2932/3250 train_time:899.647s step_avg:306.84ms
step:2933/3250 train_time:899.951s step_avg:306.84ms
step:2934/3250 train_time:900.256s step_avg:306.84ms
step:2935/3250 train_time:900.563s step_avg:306.84ms
step:2936/3250 train_time:900.871s step_avg:306.84ms
step:2937/3250 train_time:901.176s step_avg:306.84ms
step:2938/3250 train_time:901.483s step_avg:306.84ms
step:2939/3250 train_time:901.787s step_avg:306.83ms
step:2940/3250 train_time:902.090s step_avg:306.83ms
step:2940/3250 val_loss:3.30960 train_time:902.091s step_avg:305.52ms
probe_ema: n=84934656 align=-0.07237,-0.09136,-0.09935,-0.09792 rel_mse=1.04428,1.02722,1.01599,1.00898
step:2941/3250 train_time:902.397s step_avg:306.83ms
step:2942/3250 train_time:902.705s step_avg:306.83ms
step:2943/3250 train_time:903.018s step_avg:306.84ms
step:2944/3250 train_time:903.324s step_avg:306.84ms
step:2945/3250 train_time:903.630s step_avg:306.84ms
step:2946/3250 train_time:903.943s step_avg:306.84ms
step:2947/3250 train_time:904.250s step_avg:306.84ms
step:2948/3250 train_time:904.557s step_avg:306.84ms
step:2949/3250 train_time:904.860s step_avg:306.84ms
step:2950/3250 train_time:905.166s step_avg:306.84ms
step:2950/3250 val_loss:3.30803 train_time:905.168s step_avg:307.65ms
probe_ema: n=84934656 align=-0.09721,-0.10823,-0.11100,-0.10648 rel_mse=1.04752,1.02852,1.01646,1.00916
step:2951/3250 train_time:905.472s step_avg:306.84ms
step:2952/3250 train_time:905.778s step_avg:306.84ms
step:2953/3250 train_time:906.085s step_avg:306.84ms
step:2954/3250 train_time:906.389s step_avg:306.83ms
step:2955/3250 train_time:906.692s step_avg:306.83ms
step:2956/3250 train_time:906.998s step_avg:306.83ms
step:2957/3250 train_time:907.305s step_avg:306.83ms
step:2958/3250 train_time:907.609s step_avg:306.83ms
step:2959/3250 train_time:907.914s step_avg:306.83ms
step:2960/3250 train_time:908.219s step_avg:306.83ms
step:2960/3250 val_loss:3.30668 train_time:908.221s step_avg:305.28ms
probe_ema: n=84934656 align=-0.09152,-0.10471,-0.10920,-0.10574 rel_mse=1.04934,1.02970,1.01717,1.00955
step:2961/3250 train_time:908.524s step_avg:306.83ms
step:2962/3250 train_time:908.829s step_avg:306.83ms
step:2963/3250 train_time:909.133s step_avg:306.83ms
step:2964/3250 train_time:909.440s step_avg:306.83ms
step:2965/3250 train_time:909.745s step_avg:306.83ms
step:2966/3250 train_time:910.055s step_avg:306.83ms
step:2967/3250 train_time:910.362s step_avg:306.83ms
step:2968/3250 train_time:910.666s step_avg:306.83ms
step:2969/3250 train_time:910.970s step_avg:306.83ms
step:2970/3250 train_time:911.282s step_avg:306.83ms
step:2970/3250 val_loss:3.30503 train_time:911.283s step_avg:306.29ms
probe_ema: n=84934656 align=-0.06706,-0.08352,-0.09172,-0.09149 rel_mse=1.04391,1.02654,1.01558,1.00878
step:2971/3250 train_time:911.599s step_avg:306.83ms
step:2972/3250 train_time:911.903s step_avg:306.83ms
step:2973/3250 train_time:912.212s step_avg:306.83ms
step:2974/3250 train_time:912.516s step_avg:306.83ms
step:2975/3250 train_time:912.826s step_avg:306.83ms
step:2975/3250 val_loss:3.30454 train_time:912.828s step_avg:308.81ms
probe_ema: n=84934656 align=-0.06434,-0.08316,-0.09206,-0.09223 rel_mse=1.04198,1.02601,1.01536,1.00868
step:2976/3250 train_time:913.135s step_avg:306.83ms
step:2977/3250 train_time:913.440s step_avg:306.83ms
step:2978/3250 train_time:913.744s step_avg:306.83ms
step:2979/3250 train_time:914.049s step_avg:306.83ms
step:2980/3250 train_time:914.362s step_avg:306.83ms
step:2980/3250 val_loss:3.30380 train_time:914.363s step_avg:307.17ms
probe_ema: n=84934656 align=-0.08494,-0.09784,-0.10273,-0.10024 rel_mse=1.04595,1.02779,1.01621,1.00910
step:2981/3250 train_time:914.671s step_avg:306.83ms
step:2982/3250 train_time:914.979s step_avg:306.83ms
step:2983/3250 train_time:915.284s step_avg:306.83ms
step:2984/3250 train_time:915.590s step_avg:306.83ms
step:2985/3250 train_time:915.899s step_avg:306.83ms
step:2986/3250 train_time:916.205s step_avg:306.83ms
step:2987/3250 train_time:916.507s step_avg:306.83ms
step:2988/3250 train_time:916.815s step_avg:306.83ms
step:2989/3250 train_time:917.121s step_avg:306.83ms
step:2990/3250 train_time:917.423s step_avg:306.83ms
step:2990/3250 val_loss:3.30275 train_time:917.424s step_avg:306.10ms
probe_ema: n=84934656 align=-0.15793,-0.15704,-0.15127,-0.14013 rel_mse=1.07469,1.04106,1.02228,1.01191
step:2991/3250 train_time:917.733s step_avg:306.83ms
step:2992/3250 train_time:918.037s step_avg:306.83ms
step:2993/3250 train_time:918.344s step_avg:306.83ms
step:2994/3250 train_time:918.651s step_avg:306.83ms
step:2995/3250 train_time:918.959s step_avg:306.83ms
step:2996/3250 train_time:919.260s step_avg:306.83ms
step:2997/3250 train_time:919.563s step_avg:306.83ms
step:2998/3250 train_time:919.871s step_avg:306.83ms
step:2999/3250 train_time:920.175s step_avg:306.83ms
step:3000/3250 train_time:920.477s step_avg:306.83ms
step:3000/3250 val_loss:3.30124 train_time:920.478s step_avg:305.38ms
probe_ema: n=84934656 align=-0.05578,-0.07494,-0.08429,-0.08542 rel_mse=1.04216,1.02641,1.01568,1.00889
step:3001/3250 train_time:920.790s step_avg:306.83ms
step:3002/3250 train_time:921.098s step_avg:306.83ms
step:3003/3250 train_time:921.407s step_avg:306.83ms
step:3004/3250 train_time:921.721s step_avg:306.83ms
step:3005/3250 train_time:922.035s step_avg:306.83ms
step:3006/3250 train_time:922.343s step_avg:306.83ms
step:3007/3250 train_time:922.654s step_avg:306.84ms
step:3008/3250 train_time:922.966s step_avg:306.84ms
step:3009/3250 train_time:923.269s step_avg:306.84ms
step:3010/3250 train_time:923.574s step_avg:306.84ms
step:3010/3250 val_loss:3.29982 train_time:923.576s step_avg:309.76ms
probe_ema: n=84934656 align=-0.08128,-0.09349,-0.09783,-0.09485 rel_mse=1.04804,1.02867,1.01650,1.00915
step:3011/3250 train_time:923.877s step_avg:306.83ms
step:3012/3250 train_time:924.182s step_avg:306.83ms
step:3013/3250 train_time:924.485s step_avg:306.83ms
step:3014/3250 train_time:924.790s step_avg:306.83ms
step:3015/3250 train_time:925.092s step_avg:306.83ms
step:3016/3250 train_time:925.396s step_avg:306.83ms
step:3017/3250 train_time:925.699s step_avg:306.83ms
step:3018/3250 train_time:926.001s step_avg:306.83ms
step:3019/3250 train_time:926.305s step_avg:306.83ms
step:3020/3250 train_time:926.612s step_avg:306.83ms
step:3020/3250 val_loss:3.29792 train_time:926.613s step_avg:303.70ms
probe_ema: n=84934656 align=-0.07769,-0.09123,-0.09647,-0.09415 rel_mse=1.04631,1.02780,1.01613,1.00903
step:3021/3250 train_time:926.918s step_avg:306.82ms
step:3022/3250 train_time:927.220s step_avg:306.82ms
step:3023/3250 train_time:927.521s step_avg:306.82ms
step:3024/3250 train_time:927.822s step_avg:306.82ms
step:3025/3250 train_time:928.126s step_avg:306.82ms
step:3025/3250 val_loss:3.29702 train_time:928.127s step_avg:302.82ms
probe_ema: n=84934656 align=-0.08260,-0.09278,-0.09643,-0.09313 rel_mse=1.04799,1.02847,1.01638,1.00910
step:3026/3250 train_time:928.431s step_avg:306.82ms
step:3027/3250 train_time:928.738s step_avg:306.82ms
step:3028/3250 train_time:929.041s step_avg:306.82ms
step:3029/3250 train_time:929.342s step_avg:306.81ms
step:3030/3250 train_time:929.646s step_avg:306.81ms
step:3030/3250 val_loss:3.29631 train_time:929.648s step_avg:304.21ms
probe_ema: n=84934656 align=-0.06760,-0.08147,-0.08717,-0.08551 rel_mse=1.04338,1.02612,1.01517,1.00848
step:3031/3250 train_time:929.949s step_avg:306.81ms
step:3032/3250 train_time:930.252s step_avg:306.81ms
step:3033/3250 train_time:930.559s step_avg:306.81ms
step:3034/3250 train_time:930.864s step_avg:306.81ms
step:3035/3250 train_time:931.169s step_avg:306.81ms
step:3036/3250 train_time:931.476s step_avg:306.81ms
step:3037/3250 train_time:931.783s step_avg:306.81ms
step:3038/3250 train_time:932.088s step_avg:306.81ms
step:3039/3250 train_time:932.394s step_avg:306.81ms
step:3040/3250 train_time:932.700s step_avg:306.81ms
step:3040/3250 val_loss:3.29490 train_time:932.702s step_avg:305.39ms
probe_ema: n=84934656 align=-0.04696,-0.06509,-0.07441,-0.07529 rel_mse=1.04047,1.02475,1.01458,1.00822
step:3041/3250 train_time:933.097s step_avg:306.84ms
step:3042/3250 train_time:933.401s step_avg:306.84ms
step:3043/3250 train_time:933.705s step_avg:306.84ms
step:3044/3250 train_time:934.012s step_avg:306.84ms
step:3045/3250 train_time:934.317s step_avg:306.84ms
step:3046/3250 train_time:934.621s step_avg:306.84ms
step:3047/3250 train_time:934.925s step_avg:306.83ms
step:3048/3250 train_time:935.229s step_avg:306.83ms
step:3049/3250 train_time:935.534s step_avg:306.83ms
step:3050/3250 train_time:935.838s step_avg:306.83ms
step:3050/3250 val_loss:3.29387 train_time:935.840s step_avg:313.81ms
probe_ema: n=84934656 align=-0.10857,-0.11532,-0.11523,-0.10836 rel_mse=1.06388,1.03554,1.01955,1.01051
step:3051/3250 train_time:936.145s step_avg:306.83ms
step:3052/3250 train_time:936.451s step_avg:306.83ms
step:3053/3250 train_time:936.756s step_avg:306.83ms
step:3054/3250 train_time:937.058s step_avg:306.83ms
step:3055/3250 train_time:937.364s step_avg:306.83ms
step:3056/3250 train_time:937.668s step_avg:306.83ms
step:3057/3250 train_time:937.973s step_avg:306.83ms
step:3058/3250 train_time:938.277s step_avg:306.83ms
step:3059/3250 train_time:938.583s step_avg:306.83ms
step:3060/3250 train_time:938.889s step_avg:306.83ms
step:3060/3250 val_loss:3.29295 train_time:938.890s step_avg:305.02ms
probe_ema: n=84934656 align=-0.01046,-0.04762,-0.06686,-0.07226 rel_mse=1.02832,1.02115,1.01367,1.00800
step:3061/3250 train_time:939.196s step_avg:306.83ms
step:3062/3250 train_time:939.505s step_avg:306.83ms
step:3063/3250 train_time:939.809s step_avg:306.83ms
step:3064/3250 train_time:940.113s step_avg:306.83ms
step:3065/3250 train_time:940.422s step_avg:306.83ms
step:3066/3250 train_time:940.728s step_avg:306.83ms
step:3067/3250 train_time:941.033s step_avg:306.83ms
step:3068/3250 train_time:941.341s step_avg:306.83ms
step:3069/3250 train_time:941.645s step_avg:306.82ms
step:3070/3250 train_time:941.947s step_avg:306.82ms
step:3070/3250 val_loss:3.29143 train_time:941.949s step_avg:305.91ms
probe_ema: n=84934656 align=-0.06941,-0.08357,-0.09103,-0.09011 rel_mse=1.04392,1.02668,1.01584,1.00900
step:3071/3250 train_time:942.252s step_avg:306.82ms
step:3072/3250 train_time:942.557s step_avg:306.82ms
step:3073/3250 train_time:942.865s step_avg:306.82ms
step:3074/3250 train_time:943.173s step_avg:306.82ms
step:3075/3250 train_time:943.476s step_avg:306.82ms
step:3075/3250 val_loss:3.29068 train_time:943.477s step_avg:305.63ms
probe_ema: n=84934656 align=-0.04916,-0.06726,-0.07728,-0.07875 rel_mse=1.04172,1.02590,1.01545,1.00879
step:3076/3250 train_time:943.785s step_avg:306.82ms
step:3077/3250 train_time:944.096s step_avg:306.82ms
step:3078/3250 train_time:944.403s step_avg:306.82ms
step:3079/3250 train_time:944.708s step_avg:306.82ms
step:3080/3250 train_time:945.015s step_avg:306.82ms
step:3080/3250 val_loss:3.29007 train_time:945.017s step_avg:307.88ms
probe_ema: n=84934656 align=-0.04206,-0.06383,-0.07545,-0.07747 rel_mse=1.04042,1.02526,1.01514,1.00864
step:3081/3250 train_time:945.322s step_avg:306.82ms
step:3082/3250 train_time:945.635s step_avg:306.82ms
step:3083/3250 train_time:945.937s step_avg:306.82ms
step:3084/3250 train_time:946.241s step_avg:306.82ms
step:3085/3250 train_time:946.547s step_avg:306.82ms
step:3086/3250 train_time:946.852s step_avg:306.82ms
step:3087/3250 train_time:947.156s step_avg:306.82ms
step:3088/3250 train_time:947.458s step_avg:306.82ms
step:3089/3250 train_time:947.763s step_avg:306.82ms
step:3090/3250 train_time:948.070s step_avg:306.82ms
step:3090/3250 val_loss:3.28889 train_time:948.072s step_avg:305.53ms
probe_ema: n=84934656 align=-0.10287,-0.11159,-0.11223,-0.10571 rel_mse=1.06063,1.03467,1.01933,1.01047
step:3091/3250 train_time:948.376s step_avg:306.82ms
step:3092/3250 train_time:948.689s step_avg:306.82ms
step:3093/3250 train_time:948.995s step_avg:306.82ms
step:3094/3250 train_time:949.303s step_avg:306.82ms
step:3095/3250 train_time:949.614s step_avg:306.82ms
step:3096/3250 train_time:949.926s step_avg:306.82ms
step:3097/3250 train_time:950.240s step_avg:306.83ms
step:3098/3250 train_time:950.553s step_avg:306.83ms
step:3099/3250 train_time:950.862s step_avg:306.83ms
step:3100/3250 train_time:951.167s step_avg:306.83ms
step:3100/3250 val_loss:3.28768 train_time:951.169s step_avg:309.70ms
probe_ema: n=84934656 align=-0.01706,-0.04475,-0.06118,-0.06678 rel_mse=1.03490,1.02295,1.01421,1.00824
step:3101/3250 train_time:951.475s step_avg:306.83ms
step:3102/3250 train_time:951.784s step_avg:306.83ms
step:3103/3250 train_time:952.092s step_avg:306.83ms
step:3104/3250 train_time:952.396s step_avg:306.83ms
step:3105/3250 train_time:952.700s step_avg:306.83ms
step:3106/3250 train_time:953.006s step_avg:306.83ms
step:3107/3250 train_time:953.313s step_avg:306.83ms
step:3108/3250 train_time:953.617s step_avg:306.83ms
step:3109/3250 train_time:953.922s step_avg:306.83ms
step:3110/3250 train_time:954.229s step_avg:306.83ms
step:3110/3250 val_loss:3.28673 train_time:954.230s step_avg:306.11ms
probe_ema: n=84934656 align=-0.07216,-0.09602,-0.10477,-0.10214 rel_mse=1.05287,1.03431,1.02028,1.01123
step:3111/3250 train_time:954.541s step_avg:306.83ms
step:3112/3250 train_time:954.851s step_avg:306.83ms
step:3113/3250 train_time:955.170s step_avg:306.83ms
step:3114/3250 train_time:955.476s step_avg:306.83ms
step:3115/3250 train_time:955.786s step_avg:306.83ms
step:3116/3250 train_time:956.092s step_avg:306.83ms
step:3117/3250 train_time:956.400s step_avg:306.83ms
step:3118/3250 train_time:956.704s step_avg:306.83ms
step:3119/3250 train_time:957.009s step_avg:306.83ms
step:3120/3250 train_time:957.315s step_avg:306.83ms
step:3120/3250 val_loss:3.28558 train_time:957.316s step_avg:308.64ms
probe_ema: n=84934656 align=-0.04530,-0.06777,-0.07747,-0.07799 rel_mse=1.04539,1.02847,1.01666,1.00931
step:3121/3250 train_time:957.616s step_avg:306.83ms
step:3122/3250 train_time:957.926s step_avg:306.83ms
step:3123/3250 train_time:958.236s step_avg:306.83ms
step:3124/3250 train_time:958.542s step_avg:306.83ms
step:3125/3250 train_time:958.850s step_avg:306.83ms
step:3125/3250 val_loss:3.28502 train_time:958.852s step_avg:307.08ms
probe_ema: n=84934656 align=-0.03403,-0.05954,-0.07018,-0.07093 rel_mse=1.03713,1.02441,1.01475,1.00835
step:3126/3250 train_time:959.163s step_avg:306.83ms
step:3127/3250 train_time:959.470s step_avg:306.83ms
step:3128/3250 train_time:959.777s step_avg:306.83ms
step:3129/3250 train_time:960.085s step_avg:306.83ms
step:3130/3250 train_time:960.394s step_avg:306.84ms
step:3130/3250 val_loss:3.28433 train_time:960.395s step_avg:308.69ms
probe_ema: n=84934656 align=-0.03661,-0.05480,-0.06485,-0.06665 rel_mse=1.03823,1.02369,1.01416,1.00806
step:3131/3250 train_time:960.701s step_avg:306.84ms
step:3132/3250 train_time:961.011s step_avg:306.84ms
step:3133/3250 train_time:961.322s step_avg:306.84ms
step:3134/3250 train_time:961.629s step_avg:306.84ms
step:3135/3250 train_time:961.934s step_avg:306.84ms
step:3136/3250 train_time:962.239s step_avg:306.84ms
step:3137/3250 train_time:962.544s step_avg:306.84ms
step:3138/3250 train_time:962.849s step_avg:306.84ms
step:3139/3250 train_time:963.152s step_avg:306.83ms
step:3140/3250 train_time:963.457s step_avg:306.83ms
step:3140/3250 val_loss:3.28319 train_time:963.459s step_avg:306.36ms
probe_ema: n=84934656 align=-0.01644,-0.03633,-0.04937,-0.05391 rel_mse=1.03363,1.02080,1.01261,1.00728
step:3141/3250 train_time:963.760s step_avg:306.83ms
step:3142/3250 train_time:964.063s step_avg:306.83ms
step:3143/3250 train_time:964.367s step_avg:306.83ms
step:3144/3250 train_time:964.670s step_avg:306.83ms
step:3145/3250 train_time:964.974s step_avg:306.83ms
step:3146/3250 train_time:965.278s step_avg:306.83ms
step:3147/3250 train_time:965.581s step_avg:306.83ms
step:3148/3250 train_time:965.886s step_avg:306.83ms
step:3149/3250 train_time:966.189s step_avg:306.82ms
step:3150/3250 train_time:966.492s step_avg:306.82ms
step:3150/3250 val_loss:3.28218 train_time:966.493s step_avg:303.41ms
probe_ema: n=84934656 align=-0.02449,-0.04069,-0.05041,-0.05347 rel_mse=1.03703,1.02228,1.01304,1.00737
step:3151/3250 train_time:966.800s step_avg:306.82ms
step:3152/3250 train_time:967.110s step_avg:306.82ms
step:3153/3250 train_time:967.423s step_avg:306.83ms
step:3154/3250 train_time:967.736s step_avg:306.83ms
step:3155/3250 train_time:968.037s step_avg:306.83ms
step:3156/3250 train_time:968.345s step_avg:306.83ms
step:3157/3250 train_time:968.661s step_avg:306.83ms
step:3158/3250 train_time:968.973s step_avg:306.83ms
step:3159/3250 train_time:969.285s step_avg:306.83ms
step:3160/3250 train_time:969.601s step_avg:306.84ms
step:3160/3250 val_loss:3.28124 train_time:969.602s step_avg:310.94ms
probe_ema: n=84934656 align=0.01825,-0.01068,-0.02840,-0.03652 rel_mse=1.02514,1.01684,1.01046,1.00609
step:3161/3250 train_time:969.906s step_avg:306.84ms
step:3162/3250 train_time:970.212s step_avg:306.83ms
step:3163/3250 train_time:970.516s step_avg:306.83ms
step:3164/3250 train_time:970.821s step_avg:306.83ms
step:3165/3250 train_time:971.123s step_avg:306.83ms
step:3166/3250 train_time:971.425s step_avg:306.83ms
step:3167/3250 train_time:971.728s step_avg:306.83ms
step:3168/3250 train_time:972.030s step_avg:306.83ms
step:3169/3250 train_time:972.333s step_avg:306.83ms
step:3170/3250 train_time:972.638s step_avg:306.83ms
step:3170/3250 val_loss:3.28038 train_time:972.640s step_avg:303.77ms
probe_ema: n=84934656 align=-0.00976,-0.03324,-0.04594,-0.04977 rel_mse=1.03068,1.02028,1.01237,1.00702
step:3171/3250 train_time:972.942s step_avg:306.82ms
step:3172/3250 train_time:973.245s step_avg:306.82ms
step:3173/3250 train_time:973.549s step_avg:306.82ms
step:3174/3250 train_time:973.855s step_avg:306.82ms
step:3175/3250 train_time:974.159s step_avg:306.82ms
step:3175/3250 val_loss:3.27989 train_time:974.160s step_avg:304.03ms
probe_ema: n=84934656 align=0.00042,-0.02083,-0.03469,-0.04073 rel_mse=1.03005,1.01871,1.01135,1.00651
step:3176/3250 train_time:974.467s step_avg:306.82ms
step:3177/3250 train_time:974.772s step_avg:306.82ms
step:3178/3250 train_time:975.077s step_avg:306.82ms
step:3179/3250 train_time:975.381s step_avg:306.82ms
step:3180/3250 train_time:975.685s step_avg:306.82ms
step:3180/3250 val_loss:3.27951 train_time:975.687s step_avg:305.29ms
probe_ema: n=84934656 align=-0.03819,-0.05027,-0.05688,-0.05763 rel_mse=1.04116,1.02447,1.01416,1.00789
step:3181/3250 train_time:975.992s step_avg:306.82ms
step:3182/3250 train_time:976.300s step_avg:306.82ms
step:3183/3250 train_time:976.604s step_avg:306.82ms
step:3184/3250 train_time:976.908s step_avg:306.82ms
step:3185/3250 train_time:977.213s step_avg:306.82ms
step:3186/3250 train_time:977.516s step_avg:306.82ms
step:3187/3250 train_time:977.820s step_avg:306.82ms
step:3188/3250 train_time:978.129s step_avg:306.82ms
step:3189/3250 train_time:978.435s step_avg:306.82ms
step:3190/3250 train_time:978.738s step_avg:306.81ms
step:3190/3250 val_loss:3.27867 train_time:978.739s step_avg:305.25ms
probe_ema: n=84934656 align=-0.02407,-0.03858,-0.04636,-0.04806 rel_mse=1.03708,1.02227,1.01288,1.00717
step:3191/3250 train_time:979.043s step_avg:306.81ms
step:3192/3250 train_time:979.351s step_avg:306.81ms
step:3193/3250 train_time:979.654s step_avg:306.81ms
step:3194/3250 train_time:979.958s step_avg:306.81ms
step:3195/3250 train_time:980.265s step_avg:306.81ms
step:3196/3250 train_time:980.571s step_avg:306.81ms
step:3197/3250 train_time:980.874s step_avg:306.81ms
step:3198/3250 train_time:981.178s step_avg:306.81ms
step:3199/3250 train_time:981.484s step_avg:306.81ms
step:3200/3250 train_time:981.790s step_avg:306.81ms
step:3200/3250 val_loss:3.27794 train_time:981.791s step_avg:305.21ms
probe_ema: n=84934656 align=0.01396,-0.00797,-0.02291,-0.03010 rel_mse=1.02565,1.01632,1.00995,1.00573
step:3201/3250 train_time:982.098s step_avg:306.81ms
step:3202/3250 train_time:982.402s step_avg:306.81ms
step:3203/3250 train_time:982.707s step_avg:306.81ms
step:3204/3250 train_time:983.009s step_avg:306.81ms
step:3205/3250 train_time:983.314s step_avg:306.81ms
step:3206/3250 train_time:983.617s step_avg:306.80ms
step:3207/3250 train_time:983.919s step_avg:306.80ms
step:3208/3250 train_time:984.223s step_avg:306.80ms
step:3209/3250 train_time:984.532s step_avg:306.80ms
step:3210/3250 train_time:984.837s step_avg:306.80ms
step:3210/3250 val_loss:3.27729 train_time:984.838s step_avg:304.65ms
probe_ema: n=84934656 align=0.03036,0.00475,-0.01266,-0.02167 rel_mse=1.02031,1.01340,1.00847,1.00498
step:3211/3250 train_time:985.144s step_avg:306.80ms
step:3212/3250 train_time:985.450s step_avg:306.80ms
step:3213/3250 train_time:985.757s step_avg:306.80ms
step:3214/3250 train_time:986.063s step_avg:306.80ms
step:3215/3250 train_time:986.370s step_avg:306.80ms
step:3216/3250 train_time:986.676s step_avg:306.80ms
step:3217/3250 train_time:986.982s step_avg:306.80ms
step:3218/3250 train_time:987.286s step_avg:306.80ms
step:3219/3250 train_time:987.590s step_avg:306.80ms
step:3220/3250 train_time:987.897s step_avg:306.80ms
step:3220/3250 val_loss:3.27669 train_time:987.899s step_avg:306.09ms
probe_ema: n=84934656 align=0.00603,-0.00565,-0.01621,-0.02291 rel_mse=1.03018,1.01694,1.00960,1.00535
step:3221/3250 train_time:988.205s step_avg:306.80ms
step:3222/3250 train_time:988.512s step_avg:306.80ms
step:3223/3250 train_time:988.819s step_avg:306.80ms
step:3224/3250 train_time:989.127s step_avg:306.80ms
step:3225/3250 train_time:989.432s step_avg:306.80ms
step:3225/3250 val_loss:3.27644 train_time:989.433s step_avg:306.89ms
probe_ema: n=84934656 align=0.01342,0.00150,-0.00949,-0.01695 rel_mse=1.02712,1.01513,1.00860,1.00480
step:3226/3250 train_time:989.737s step_avg:306.80ms
step:3227/3250 train_time:990.043s step_avg:306.80ms
step:3228/3250 train_time:990.347s step_avg:306.80ms
step:3229/3250 train_time:990.650s step_avg:306.80ms
step:3230/3250 train_time:990.955s step_avg:306.80ms
step:3230/3250 val_loss:3.27627 train_time:990.957s step_avg:304.69ms
probe_ema: n=84934656 align=0.03563,0.01723,0.00276,-0.00717 rel_mse=1.01974,1.01166,1.00682,1.00388
step:3231/3250 train_time:991.315s step_avg:306.81ms
step:3232/3250 train_time:991.619s step_avg:306.81ms
step:3233/3250 train_time:991.923s step_avg:306.81ms
step:3234/3250 train_time:992.229s step_avg:306.81ms
step:3235/3250 train_time:992.537s step_avg:306.81ms
step:3236/3250 train_time:992.843s step_avg:306.81ms
step:3237/3250 train_time:993.158s step_avg:306.81ms
step:3238/3250 train_time:993.461s step_avg:306.81ms
step:3239/3250 train_time:993.767s step_avg:306.81ms
step:3240/3250 train_time:994.074s step_avg:306.81ms
step:3240/3250 val_loss:3.27594 train_time:994.075s step_avg:311.85ms
probe_ema: n=84934656 align=-0.00719,-0.00773,-0.01101,-0.01510 rel_mse=1.03551,1.01841,1.00948,1.00492
step:3241/3250 train_time:994.382s step_avg:306.81ms
step:3242/3250 train_time:994.698s step_avg:306.82ms
step:3243/3250 train_time:995.007s step_avg:306.82ms
step:3244/3250 train_time:995.320s step_avg:306.82ms
step:3245/3250 train_time:995.627s step_avg:306.82ms
step:3246/3250 train_time:995.931s step_avg:306.82ms
step:3247/3250 train_time:996.233s step_avg:306.82ms
step:3248/3250 train_time:996.539s step_avg:306.82ms
step:3249/3250 train_time:996.852s step_avg:306.82ms
step:3250/3250 train_time:997.158s step_avg:306.82ms
step:3250/3250 val_loss:3.27580 train_time:997.160s step_avg:308.46ms
probe_ema: n=84934656 align=0.07173,0.06465,0.05120,0.03679 rel_mse=1.00935,1.00108,0.99936,0.99946
