W0822 20:26:42.691000 30197 torch/distributed/run.py:774] 
W0822 20:26:42.691000 30197 torch/distributed/run.py:774] *****************************************
W0822 20:26:42.691000 30197 torch/distributed/run.py:774] Setting OMP_NUM_THREADS environment variable for each process to be 1 in default, to avoid your system being overloaded, please further tune the variable for optimal performance in your application as needed. 
W0822 20:26:42.691000 30197 torch/distributed/run.py:774] *****************************************
logs/ce6ce16d-8e70-40ab-adb3-38c989959287.txt
step:0/3250 val_loss:10.82584 train_time:0.000s step_avg:nanms
step:1/3250 train_time:8.274s step_avg:8273.77ms
step:2/3250 train_time:8.553s step_avg:4276.44ms
step:3/3250 train_time:8.848s step_avg:2949.30ms
step:4/3250 train_time:9.141s step_avg:2285.16ms
step:5/3250 train_time:9.437s step_avg:1887.31ms
step:6/3250 train_time:9.736s step_avg:1622.59ms
step:7/3250 train_time:10.030s step_avg:1432.91ms
step:8/3250 train_time:10.328s step_avg:1290.99ms
step:9/3250 train_time:10.627s step_avg:1180.82ms
step:10/3250 train_time:10.928s step_avg:1092.78ms
step:11/3250 train_time:11.228s step_avg:1020.68ms
step:12/3250 train_time:11.524s step_avg:960.34ms
step:13/3250 train_time:11.821s step_avg:909.29ms
step:14/3250 train_time:12.118s step_avg:865.60ms
step:15/3250 train_time:12.418s step_avg:827.90ms
step:16/3250 train_time:12.714s step_avg:794.62ms
step:17/3250 train_time:13.012s step_avg:765.39ms
step:18/3250 train_time:13.311s step_avg:739.52ms
step:19/3250 train_time:13.614s step_avg:716.53ms
step:20/3250 train_time:13.910s step_avg:695.51ms
step:21/3250 train_time:14.211s step_avg:676.70ms
step:22/3250 train_time:14.512s step_avg:659.62ms
step:23/3250 train_time:14.812s step_avg:643.99ms
step:24/3250 train_time:15.111s step_avg:629.63ms
step:25/3250 train_time:15.413s step_avg:616.50ms
step:26/3250 train_time:15.713s step_avg:604.35ms
step:27/3250 train_time:16.012s step_avg:593.04ms
step:28/3250 train_time:16.312s step_avg:582.58ms
step:29/3250 train_time:16.612s step_avg:572.81ms
step:30/3250 train_time:16.910s step_avg:563.67ms
step:31/3250 train_time:17.211s step_avg:555.20ms
step:32/3250 train_time:17.511s step_avg:547.20ms
step:33/3250 train_time:17.810s step_avg:539.70ms
step:34/3250 train_time:18.109s step_avg:532.62ms
step:35/3250 train_time:18.409s step_avg:525.97ms
step:36/3250 train_time:18.706s step_avg:519.62ms
step:37/3250 train_time:19.003s step_avg:513.60ms
step:38/3250 train_time:19.302s step_avg:507.95ms
step:39/3250 train_time:19.597s step_avg:502.48ms
step:40/3250 train_time:19.899s step_avg:497.48ms
step:41/3250 train_time:20.193s step_avg:492.51ms
step:42/3250 train_time:20.493s step_avg:487.94ms
step:43/3250 train_time:20.792s step_avg:483.54ms
step:44/3250 train_time:21.092s step_avg:479.37ms
step:45/3250 train_time:21.399s step_avg:475.52ms
step:46/3250 train_time:21.693s step_avg:471.58ms
step:47/3250 train_time:21.992s step_avg:467.92ms
step:48/3250 train_time:22.291s step_avg:464.40ms
step:49/3250 train_time:22.599s step_avg:461.20ms
step:50/3250 train_time:22.894s step_avg:457.88ms
step:51/3250 train_time:23.191s step_avg:454.72ms
step:52/3250 train_time:23.490s step_avg:451.73ms
step:53/3250 train_time:23.789s step_avg:448.85ms
step:54/3250 train_time:24.089s step_avg:446.09ms
step:55/3250 train_time:24.387s step_avg:443.39ms
step:56/3250 train_time:24.685s step_avg:440.81ms
step:57/3250 train_time:24.982s step_avg:438.27ms
step:58/3250 train_time:25.280s step_avg:435.86ms
step:59/3250 train_time:25.579s step_avg:433.54ms
step:60/3250 train_time:25.877s step_avg:431.28ms
step:61/3250 train_time:26.173s step_avg:429.06ms
step:62/3250 train_time:26.473s step_avg:426.99ms
step:63/3250 train_time:26.772s step_avg:424.96ms
step:64/3250 train_time:27.072s step_avg:422.99ms
step:65/3250 train_time:27.369s step_avg:421.07ms
step:66/3250 train_time:27.670s step_avg:419.24ms
step:67/3250 train_time:27.967s step_avg:417.41ms
step:68/3250 train_time:28.264s step_avg:415.65ms
step:69/3250 train_time:28.561s step_avg:413.92ms
step:70/3250 train_time:28.861s step_avg:412.30ms
step:71/3250 train_time:29.158s step_avg:410.68ms
step:72/3250 train_time:29.456s step_avg:409.11ms
step:73/3250 train_time:29.752s step_avg:407.57ms
step:74/3250 train_time:30.052s step_avg:406.11ms
step:75/3250 train_time:30.350s step_avg:404.67ms
step:76/3250 train_time:30.650s step_avg:403.29ms
step:77/3250 train_time:30.950s step_avg:401.95ms
step:78/3250 train_time:31.247s step_avg:400.60ms
step:79/3250 train_time:31.544s step_avg:399.29ms
step:80/3250 train_time:31.842s step_avg:398.02ms
step:81/3250 train_time:32.140s step_avg:396.78ms
step:82/3250 train_time:32.443s step_avg:395.65ms
step:83/3250 train_time:32.741s step_avg:394.47ms
step:84/3250 train_time:33.037s step_avg:393.29ms
step:85/3250 train_time:33.334s step_avg:392.17ms
step:86/3250 train_time:33.634s step_avg:391.09ms
step:87/3250 train_time:33.934s step_avg:390.05ms
step:88/3250 train_time:34.233s step_avg:389.01ms
step:89/3250 train_time:34.535s step_avg:388.03ms
step:90/3250 train_time:34.835s step_avg:387.06ms
step:91/3250 train_time:35.134s step_avg:386.09ms
step:92/3250 train_time:35.432s step_avg:385.13ms
step:93/3250 train_time:35.734s step_avg:384.24ms
step:94/3250 train_time:36.035s step_avg:383.35ms
step:95/3250 train_time:36.331s step_avg:382.43ms
step:96/3250 train_time:36.631s step_avg:381.57ms
step:97/3250 train_time:36.931s step_avg:380.73ms
step:98/3250 train_time:37.231s step_avg:379.91ms
step:99/3250 train_time:37.533s step_avg:379.12ms
step:100/3250 train_time:37.833s step_avg:378.33ms
step:101/3250 train_time:38.133s step_avg:377.55ms
step:102/3250 train_time:38.435s step_avg:376.81ms
step:103/3250 train_time:38.735s step_avg:376.07ms
step:104/3250 train_time:39.033s step_avg:375.32ms
step:105/3250 train_time:39.331s step_avg:374.58ms
step:106/3250 train_time:39.632s step_avg:373.89ms
step:107/3250 train_time:39.930s step_avg:373.18ms
step:108/3250 train_time:40.231s step_avg:372.51ms
step:109/3250 train_time:40.532s step_avg:371.85ms
step:110/3250 train_time:40.833s step_avg:371.21ms
step:111/3250 train_time:41.130s step_avg:370.54ms
step:112/3250 train_time:41.432s step_avg:369.93ms
step:113/3250 train_time:41.732s step_avg:369.31ms
step:114/3250 train_time:42.032s step_avg:368.71ms
step:115/3250 train_time:42.331s step_avg:368.09ms
step:116/3250 train_time:42.631s step_avg:367.51ms
step:117/3250 train_time:42.931s step_avg:366.93ms
step:118/3250 train_time:43.230s step_avg:366.35ms
step:119/3250 train_time:43.530s step_avg:365.79ms
step:120/3250 train_time:43.829s step_avg:365.24ms
step:121/3250 train_time:44.129s step_avg:364.70ms
step:122/3250 train_time:44.429s step_avg:364.17ms
step:123/3250 train_time:44.731s step_avg:363.66ms
step:124/3250 train_time:45.032s step_avg:363.16ms
step:125/3250 train_time:45.330s step_avg:362.64ms
step:125/3250 val_loss:4.59788 train_time:45.333s step_avg:362.66ms
step:126/3250 train_time:45.632s step_avg:362.16ms
step:127/3250 train_time:45.932s step_avg:361.67ms
step:128/3250 train_time:46.233s step_avg:361.19ms
step:129/3250 train_time:46.533s step_avg:360.72ms
step:130/3250 train_time:46.833s step_avg:360.25ms
step:131/3250 train_time:47.133s step_avg:359.79ms
step:132/3250 train_time:47.433s step_avg:359.34ms
step:133/3250 train_time:47.733s step_avg:358.89ms
step:134/3250 train_time:48.034s step_avg:358.46ms
step:135/3250 train_time:48.333s step_avg:358.02ms
step:136/3250 train_time:48.632s step_avg:357.59ms
step:137/3250 train_time:48.934s step_avg:357.19ms
step:138/3250 train_time:49.233s step_avg:356.76ms
step:139/3250 train_time:49.534s step_avg:356.36ms
step:140/3250 train_time:49.835s step_avg:355.96ms
step:141/3250 train_time:50.134s step_avg:355.56ms
step:142/3250 train_time:50.432s step_avg:355.16ms
step:143/3250 train_time:50.731s step_avg:354.77ms
step:144/3250 train_time:51.033s step_avg:354.40ms
step:145/3250 train_time:51.333s step_avg:354.02ms
step:146/3250 train_time:51.632s step_avg:353.64ms
step:147/3250 train_time:51.935s step_avg:353.30ms
step:148/3250 train_time:52.236s step_avg:352.94ms
step:149/3250 train_time:52.534s step_avg:352.58ms
step:150/3250 train_time:52.836s step_avg:352.24ms
step:151/3250 train_time:53.135s step_avg:351.88ms
step:152/3250 train_time:53.436s step_avg:351.55ms
step:153/3250 train_time:53.733s step_avg:351.20ms
step:154/3250 train_time:54.033s step_avg:350.86ms
step:155/3250 train_time:54.333s step_avg:350.54ms
step:156/3250 train_time:54.634s step_avg:350.22ms
step:157/3250 train_time:54.936s step_avg:349.91ms
step:158/3250 train_time:55.233s step_avg:349.57ms
step:159/3250 train_time:55.533s step_avg:349.26ms
step:160/3250 train_time:55.832s step_avg:348.95ms
step:161/3250 train_time:56.134s step_avg:348.66ms
step:162/3250 train_time:56.435s step_avg:348.36ms
step:163/3250 train_time:56.734s step_avg:348.06ms
step:164/3250 train_time:57.033s step_avg:347.76ms
step:165/3250 train_time:57.333s step_avg:347.47ms
step:166/3250 train_time:57.634s step_avg:347.19ms
step:167/3250 train_time:57.934s step_avg:346.91ms
step:168/3250 train_time:58.233s step_avg:346.62ms
step:169/3250 train_time:58.534s step_avg:346.36ms
step:170/3250 train_time:58.834s step_avg:346.08ms
step:171/3250 train_time:59.134s step_avg:345.81ms
step:172/3250 train_time:59.433s step_avg:345.54ms
step:173/3250 train_time:59.733s step_avg:345.28ms
step:174/3250 train_time:60.033s step_avg:345.02ms
step:175/3250 train_time:60.335s step_avg:344.77ms
step:176/3250 train_time:60.634s step_avg:344.51ms
step:177/3250 train_time:60.934s step_avg:344.26ms
step:178/3250 train_time:61.234s step_avg:344.01ms
step:179/3250 train_time:61.534s step_avg:343.77ms
step:180/3250 train_time:61.835s step_avg:343.53ms
step:181/3250 train_time:62.134s step_avg:343.28ms
step:182/3250 train_time:62.433s step_avg:343.04ms
step:183/3250 train_time:62.733s step_avg:342.80ms
step:184/3250 train_time:63.033s step_avg:342.57ms
step:185/3250 train_time:63.334s step_avg:342.35ms
step:186/3250 train_time:63.634s step_avg:342.12ms
step:187/3250 train_time:63.935s step_avg:341.90ms
step:188/3250 train_time:64.235s step_avg:341.67ms
step:189/3250 train_time:64.533s step_avg:341.44ms
step:190/3250 train_time:64.835s step_avg:341.24ms
step:191/3250 train_time:65.261s step_avg:341.68ms
step:192/3250 train_time:65.556s step_avg:341.44ms
step:193/3250 train_time:65.853s step_avg:341.21ms
step:194/3250 train_time:66.157s step_avg:341.02ms
step:195/3250 train_time:66.456s step_avg:340.80ms
step:196/3250 train_time:66.750s step_avg:340.56ms
step:197/3250 train_time:67.053s step_avg:340.37ms
step:198/3250 train_time:67.354s step_avg:340.17ms
step:199/3250 train_time:67.654s step_avg:339.97ms
step:200/3250 train_time:67.952s step_avg:339.76ms
step:201/3250 train_time:68.253s step_avg:339.57ms
step:202/3250 train_time:68.553s step_avg:339.37ms
step:203/3250 train_time:68.852s step_avg:339.17ms
step:204/3250 train_time:69.153s step_avg:338.99ms
step:205/3250 train_time:69.454s step_avg:338.80ms
step:206/3250 train_time:69.753s step_avg:338.61ms
step:207/3250 train_time:70.052s step_avg:338.41ms
step:208/3250 train_time:70.351s step_avg:338.23ms
step:209/3250 train_time:70.650s step_avg:338.04ms
step:210/3250 train_time:70.951s step_avg:337.86ms
step:211/3250 train_time:71.251s step_avg:337.68ms
step:212/3250 train_time:71.552s step_avg:337.51ms
step:213/3250 train_time:71.852s step_avg:337.33ms
step:214/3250 train_time:72.151s step_avg:337.15ms
step:215/3250 train_time:72.449s step_avg:336.97ms
step:216/3250 train_time:72.750s step_avg:336.80ms
step:217/3250 train_time:73.049s step_avg:336.63ms
step:218/3250 train_time:73.350s step_avg:336.47ms
step:219/3250 train_time:73.649s step_avg:336.30ms
step:220/3250 train_time:73.948s step_avg:336.13ms
step:221/3250 train_time:74.249s step_avg:335.97ms
step:222/3250 train_time:74.549s step_avg:335.81ms
step:223/3250 train_time:74.849s step_avg:335.65ms
step:224/3250 train_time:75.149s step_avg:335.49ms
step:225/3250 train_time:75.449s step_avg:335.33ms
step:226/3250 train_time:75.751s step_avg:335.18ms
step:227/3250 train_time:76.052s step_avg:335.03ms
step:228/3250 train_time:76.349s step_avg:334.86ms
step:229/3250 train_time:76.649s step_avg:334.71ms
step:230/3250 train_time:76.950s step_avg:334.57ms
step:231/3250 train_time:77.251s step_avg:334.42ms
step:232/3250 train_time:77.549s step_avg:334.26ms
step:233/3250 train_time:77.849s step_avg:334.12ms
step:234/3250 train_time:78.150s step_avg:333.97ms
step:235/3250 train_time:78.449s step_avg:333.83ms
step:236/3250 train_time:78.748s step_avg:333.68ms
step:237/3250 train_time:79.046s step_avg:333.53ms
step:238/3250 train_time:79.345s step_avg:333.38ms
step:239/3250 train_time:79.640s step_avg:333.22ms
step:240/3250 train_time:79.939s step_avg:333.08ms
step:241/3250 train_time:80.235s step_avg:332.92ms
step:242/3250 train_time:80.534s step_avg:332.79ms
step:243/3250 train_time:80.835s step_avg:332.65ms
step:244/3250 train_time:81.134s step_avg:332.51ms
step:245/3250 train_time:81.435s step_avg:332.39ms
step:246/3250 train_time:81.735s step_avg:332.26ms
step:247/3250 train_time:82.035s step_avg:332.13ms
step:248/3250 train_time:82.337s step_avg:332.00ms
step:249/3250 train_time:82.637s step_avg:331.87ms
step:250/3250 train_time:82.937s step_avg:331.75ms
step:250/3250 val_loss:4.09533 train_time:82.937s step_avg:300.83ms
step:251/3250 train_time:83.238s step_avg:331.63ms
step:252/3250 train_time:83.534s step_avg:331.48ms
step:253/3250 train_time:83.832s step_avg:331.35ms
step:254/3250 train_time:84.131s step_avg:331.23ms
step:255/3250 train_time:84.430s step_avg:331.10ms
step:256/3250 train_time:84.730s step_avg:330.98ms
step:257/3250 train_time:85.029s step_avg:330.85ms
step:258/3250 train_time:85.332s step_avg:330.74ms
step:259/3250 train_time:85.629s step_avg:330.61ms
step:260/3250 train_time:85.932s step_avg:330.51ms
step:261/3250 train_time:86.229s step_avg:330.38ms
step:262/3250 train_time:86.529s step_avg:330.26ms
step:263/3250 train_time:86.830s step_avg:330.15ms
step:264/3250 train_time:87.129s step_avg:330.03ms
step:265/3250 train_time:87.429s step_avg:329.92ms
step:266/3250 train_time:87.731s step_avg:329.82ms
step:267/3250 train_time:88.031s step_avg:329.70ms
step:268/3250 train_time:88.327s step_avg:329.58ms
step:269/3250 train_time:88.628s step_avg:329.47ms
step:270/3250 train_time:88.929s step_avg:329.37ms
step:271/3250 train_time:89.229s step_avg:329.26ms
step:272/3250 train_time:89.530s step_avg:329.15ms
step:273/3250 train_time:89.829s step_avg:329.04ms
step:274/3250 train_time:90.128s step_avg:328.94ms
step:275/3250 train_time:90.487s step_avg:329.04ms
step:276/3250 train_time:90.785s step_avg:328.93ms
step:277/3250 train_time:91.083s step_avg:328.82ms
step:278/3250 train_time:91.386s step_avg:328.73ms
step:279/3250 train_time:91.684s step_avg:328.62ms
step:280/3250 train_time:91.983s step_avg:328.51ms
step:281/3250 train_time:92.286s step_avg:328.42ms
step:282/3250 train_time:92.587s step_avg:328.32ms
step:283/3250 train_time:92.889s step_avg:328.23ms
step:284/3250 train_time:93.190s step_avg:328.13ms
step:285/3250 train_time:93.490s step_avg:328.04ms
step:286/3250 train_time:93.788s step_avg:327.93ms
step:287/3250 train_time:94.088s step_avg:327.83ms
step:288/3250 train_time:94.387s step_avg:327.73ms
step:289/3250 train_time:94.688s step_avg:327.64ms
step:290/3250 train_time:94.990s step_avg:327.55ms
step:291/3250 train_time:95.288s step_avg:327.45ms
step:292/3250 train_time:95.588s step_avg:327.36ms
step:293/3250 train_time:95.888s step_avg:327.26ms
step:294/3250 train_time:96.188s step_avg:327.17ms
step:295/3250 train_time:96.488s step_avg:327.08ms
step:296/3250 train_time:96.789s step_avg:326.99ms
step:297/3250 train_time:97.089s step_avg:326.90ms
step:298/3250 train_time:97.389s step_avg:326.81ms
step:299/3250 train_time:97.689s step_avg:326.72ms
step:300/3250 train_time:97.989s step_avg:326.63ms
step:301/3250 train_time:98.290s step_avg:326.55ms
step:302/3250 train_time:98.590s step_avg:326.46ms
step:303/3250 train_time:98.888s step_avg:326.36ms
step:304/3250 train_time:99.187s step_avg:326.27ms
step:305/3250 train_time:99.487s step_avg:326.19ms
step:306/3250 train_time:99.787s step_avg:326.10ms
step:307/3250 train_time:100.088s step_avg:326.02ms
step:308/3250 train_time:100.388s step_avg:325.94ms
step:309/3250 train_time:100.687s step_avg:325.85ms
step:310/3250 train_time:100.989s step_avg:325.77ms
step:311/3250 train_time:101.289s step_avg:325.69ms
step:312/3250 train_time:101.587s step_avg:325.60ms
step:313/3250 train_time:101.888s step_avg:325.52ms
step:314/3250 train_time:102.189s step_avg:325.44ms
step:315/3250 train_time:102.488s step_avg:325.36ms
step:316/3250 train_time:102.788s step_avg:325.28ms
step:317/3250 train_time:103.088s step_avg:325.20ms
step:318/3250 train_time:103.388s step_avg:325.12ms
step:319/3250 train_time:103.687s step_avg:325.04ms
step:320/3250 train_time:103.988s step_avg:324.96ms
step:321/3250 train_time:104.288s step_avg:324.88ms
step:322/3250 train_time:104.589s step_avg:324.81ms
step:323/3250 train_time:104.888s step_avg:324.73ms
step:324/3250 train_time:105.188s step_avg:324.65ms
step:325/3250 train_time:105.488s step_avg:324.58ms
step:326/3250 train_time:105.788s step_avg:324.50ms
step:327/3250 train_time:106.088s step_avg:324.43ms
step:328/3250 train_time:106.387s step_avg:324.35ms
step:329/3250 train_time:106.688s step_avg:324.28ms
step:330/3250 train_time:106.987s step_avg:324.20ms
step:331/3250 train_time:107.290s step_avg:324.14ms
step:332/3250 train_time:107.588s step_avg:324.06ms
step:333/3250 train_time:107.889s step_avg:323.99ms
step:334/3250 train_time:108.189s step_avg:323.92ms
step:335/3250 train_time:108.488s step_avg:323.84ms
step:336/3250 train_time:108.787s step_avg:323.77ms
step:337/3250 train_time:109.088s step_avg:323.70ms
step:338/3250 train_time:109.389s step_avg:323.64ms
step:339/3250 train_time:109.691s step_avg:323.57ms
step:340/3250 train_time:109.988s step_avg:323.49ms
step:341/3250 train_time:110.289s step_avg:323.43ms
step:342/3250 train_time:110.588s step_avg:323.36ms
step:343/3250 train_time:110.888s step_avg:323.29ms
step:344/3250 train_time:111.187s step_avg:323.22ms
step:345/3250 train_time:111.489s step_avg:323.16ms
step:346/3250 train_time:111.787s step_avg:323.08ms
step:347/3250 train_time:112.087s step_avg:323.02ms
step:348/3250 train_time:112.390s step_avg:322.96ms
step:349/3250 train_time:112.688s step_avg:322.89ms
step:350/3250 train_time:112.988s step_avg:322.82ms
step:351/3250 train_time:113.286s step_avg:322.75ms
step:352/3250 train_time:113.588s step_avg:322.69ms
step:353/3250 train_time:113.889s step_avg:322.63ms
step:354/3250 train_time:114.186s step_avg:322.56ms
step:355/3250 train_time:114.485s step_avg:322.49ms
step:356/3250 train_time:114.786s step_avg:322.43ms
step:357/3250 train_time:115.087s step_avg:322.37ms
step:358/3250 train_time:115.387s step_avg:322.31ms
step:359/3250 train_time:115.688s step_avg:322.25ms
step:360/3250 train_time:115.987s step_avg:322.19ms
step:361/3250 train_time:116.287s step_avg:322.12ms
step:362/3250 train_time:116.585s step_avg:322.06ms
step:363/3250 train_time:116.886s step_avg:322.00ms
step:364/3250 train_time:117.184s step_avg:321.93ms
step:365/3250 train_time:117.483s step_avg:321.87ms
step:366/3250 train_time:117.782s step_avg:321.81ms
step:367/3250 train_time:118.082s step_avg:321.75ms
step:368/3250 train_time:118.383s step_avg:321.69ms
step:369/3250 train_time:118.683s step_avg:321.63ms
step:370/3250 train_time:118.982s step_avg:321.57ms
step:371/3250 train_time:119.282s step_avg:321.51ms
step:372/3250 train_time:119.580s step_avg:321.45ms
step:373/3250 train_time:119.877s step_avg:321.39ms
step:374/3250 train_time:120.174s step_avg:321.32ms
step:375/3250 train_time:120.472s step_avg:321.26ms
step:375/3250 val_loss:3.92552 train_time:120.475s step_avg:300.31ms
step:376/3250 train_time:120.775s step_avg:321.21ms
step:377/3250 train_time:121.072s step_avg:321.14ms
step:378/3250 train_time:121.368s step_avg:321.08ms
step:379/3250 train_time:121.667s step_avg:321.02ms
step:380/3250 train_time:121.965s step_avg:320.96ms
step:381/3250 train_time:122.299s step_avg:321.00ms
step:382/3250 train_time:122.594s step_avg:320.93ms
step:383/3250 train_time:122.889s step_avg:320.86ms
step:384/3250 train_time:123.192s step_avg:320.81ms
step:385/3250 train_time:123.490s step_avg:320.75ms
step:386/3250 train_time:123.789s step_avg:320.70ms
step:387/3250 train_time:124.088s step_avg:320.64ms
step:388/3250 train_time:124.389s step_avg:320.59ms
step:389/3250 train_time:124.687s step_avg:320.53ms
step:390/3250 train_time:124.988s step_avg:320.48ms
step:391/3250 train_time:125.288s step_avg:320.43ms
step:392/3250 train_time:125.588s step_avg:320.38ms
step:393/3250 train_time:125.888s step_avg:320.32ms
step:394/3250 train_time:126.189s step_avg:320.28ms
step:395/3250 train_time:126.488s step_avg:320.22ms
step:396/3250 train_time:126.788s step_avg:320.17ms
step:397/3250 train_time:127.088s step_avg:320.12ms
step:398/3250 train_time:127.387s step_avg:320.07ms
step:399/3250 train_time:127.688s step_avg:320.02ms
step:400/3250 train_time:127.988s step_avg:319.97ms
step:401/3250 train_time:128.289s step_avg:319.92ms
step:402/3250 train_time:128.589s step_avg:319.87ms
step:403/3250 train_time:128.888s step_avg:319.82ms
step:404/3250 train_time:129.190s step_avg:319.78ms
step:405/3250 train_time:129.488s step_avg:319.72ms
step:406/3250 train_time:129.787s step_avg:319.67ms
step:407/3250 train_time:130.088s step_avg:319.63ms
step:408/3250 train_time:130.389s step_avg:319.58ms
step:409/3250 train_time:130.687s step_avg:319.53ms
step:410/3250 train_time:130.986s step_avg:319.48ms
step:411/3250 train_time:131.287s step_avg:319.43ms
step:412/3250 train_time:131.587s step_avg:319.39ms
step:413/3250 train_time:131.888s step_avg:319.34ms
step:414/3250 train_time:132.189s step_avg:319.30ms
step:415/3250 train_time:132.489s step_avg:319.25ms
step:416/3250 train_time:132.788s step_avg:319.20ms
step:417/3250 train_time:133.087s step_avg:319.15ms
step:418/3250 train_time:133.388s step_avg:319.11ms
step:419/3250 train_time:133.687s step_avg:319.06ms
step:420/3250 train_time:133.986s step_avg:319.02ms
step:421/3250 train_time:134.288s step_avg:318.97ms
step:422/3250 train_time:134.588s step_avg:318.93ms
step:423/3250 train_time:134.888s step_avg:318.88ms
step:424/3250 train_time:135.187s step_avg:318.84ms
step:425/3250 train_time:135.487s step_avg:318.79ms
step:426/3250 train_time:135.789s step_avg:318.75ms
step:427/3250 train_time:136.087s step_avg:318.71ms
step:428/3250 train_time:136.388s step_avg:318.66ms
step:429/3250 train_time:136.688s step_avg:318.62ms
step:430/3250 train_time:136.987s step_avg:318.58ms
step:431/3250 train_time:137.287s step_avg:318.53ms
step:432/3250 train_time:137.588s step_avg:318.49ms
step:433/3250 train_time:137.888s step_avg:318.45ms
step:434/3250 train_time:138.187s step_avg:318.40ms
step:435/3250 train_time:138.488s step_avg:318.36ms
step:436/3250 train_time:138.788s step_avg:318.32ms
step:437/3250 train_time:139.090s step_avg:318.28ms
step:438/3250 train_time:139.387s step_avg:318.24ms
step:439/3250 train_time:139.688s step_avg:318.20ms
step:440/3250 train_time:139.988s step_avg:318.15ms
step:441/3250 train_time:140.289s step_avg:318.12ms
step:442/3250 train_time:140.588s step_avg:318.07ms
step:443/3250 train_time:140.887s step_avg:318.03ms
step:444/3250 train_time:141.189s step_avg:317.99ms
step:445/3250 train_time:141.489s step_avg:317.95ms
step:446/3250 train_time:141.787s step_avg:317.91ms
step:447/3250 train_time:142.087s step_avg:317.87ms
step:448/3250 train_time:142.385s step_avg:317.82ms
step:449/3250 train_time:142.686s step_avg:317.79ms
step:450/3250 train_time:142.985s step_avg:317.74ms
step:451/3250 train_time:143.286s step_avg:317.71ms
step:452/3250 train_time:143.586s step_avg:317.67ms
step:453/3250 train_time:143.886s step_avg:317.63ms
step:454/3250 train_time:144.187s step_avg:317.59ms
step:455/3250 train_time:144.486s step_avg:317.55ms
step:456/3250 train_time:144.786s step_avg:317.51ms
step:457/3250 train_time:145.085s step_avg:317.47ms
step:458/3250 train_time:145.386s step_avg:317.44ms
step:459/3250 train_time:145.686s step_avg:317.40ms
step:460/3250 train_time:145.987s step_avg:317.36ms
step:461/3250 train_time:146.286s step_avg:317.32ms
step:462/3250 train_time:146.586s step_avg:317.29ms
step:463/3250 train_time:146.886s step_avg:317.25ms
step:464/3250 train_time:147.186s step_avg:317.21ms
step:465/3250 train_time:147.487s step_avg:317.18ms
step:466/3250 train_time:147.785s step_avg:317.14ms
step:467/3250 train_time:148.086s step_avg:317.10ms
step:468/3250 train_time:148.388s step_avg:317.07ms
step:469/3250 train_time:148.687s step_avg:317.03ms
step:470/3250 train_time:148.986s step_avg:316.99ms
step:471/3250 train_time:149.286s step_avg:316.95ms
step:472/3250 train_time:149.587s step_avg:316.92ms
step:473/3250 train_time:149.886s step_avg:316.88ms
step:474/3250 train_time:150.186s step_avg:316.85ms
step:475/3250 train_time:150.486s step_avg:316.81ms
step:476/3250 train_time:150.786s step_avg:316.78ms
step:477/3250 train_time:151.086s step_avg:316.74ms
step:478/3250 train_time:151.385s step_avg:316.71ms
step:479/3250 train_time:151.686s step_avg:316.67ms
step:480/3250 train_time:151.987s step_avg:316.64ms
step:481/3250 train_time:152.287s step_avg:316.60ms
step:482/3250 train_time:152.586s step_avg:316.57ms
step:483/3250 train_time:152.885s step_avg:316.53ms
step:484/3250 train_time:153.186s step_avg:316.50ms
step:485/3250 train_time:153.486s step_avg:316.47ms
step:486/3250 train_time:153.786s step_avg:316.43ms
step:487/3250 train_time:154.086s step_avg:316.40ms
step:488/3250 train_time:154.386s step_avg:316.36ms
step:489/3250 train_time:154.686s step_avg:316.33ms
step:490/3250 train_time:154.986s step_avg:316.30ms
step:491/3250 train_time:155.286s step_avg:316.27ms
step:492/3250 train_time:155.586s step_avg:316.23ms
step:493/3250 train_time:155.887s step_avg:316.20ms
step:494/3250 train_time:156.188s step_avg:316.17ms
step:495/3250 train_time:156.485s step_avg:316.13ms
step:496/3250 train_time:156.787s step_avg:316.10ms
step:497/3250 train_time:157.087s step_avg:316.07ms
step:498/3250 train_time:157.386s step_avg:316.04ms
step:499/3250 train_time:157.688s step_avg:316.01ms
step:500/3250 train_time:157.986s step_avg:315.97ms
step:500/3250 val_loss:3.82871 train_time:157.989s step_avg:300.11ms
step:501/3250 train_time:158.288s step_avg:315.94ms
step:502/3250 train_time:158.587s step_avg:315.91ms
step:503/3250 train_time:158.887s step_avg:315.88ms
step:504/3250 train_time:159.187s step_avg:315.85ms
step:505/3250 train_time:159.485s step_avg:315.81ms
step:506/3250 train_time:159.786s step_avg:315.78ms
step:507/3250 train_time:160.086s step_avg:315.75ms
step:508/3250 train_time:160.385s step_avg:315.72ms
step:509/3250 train_time:160.687s step_avg:315.69ms
step:510/3250 train_time:160.986s step_avg:315.66ms
step:511/3250 train_time:161.285s step_avg:315.63ms
step:512/3250 train_time:161.585s step_avg:315.60ms
step:513/3250 train_time:161.887s step_avg:315.57ms
step:514/3250 train_time:162.185s step_avg:315.54ms
step:515/3250 train_time:162.486s step_avg:315.51ms
step:516/3250 train_time:162.786s step_avg:315.48ms
step:517/3250 train_time:163.086s step_avg:315.45ms
step:518/3250 train_time:163.385s step_avg:315.42ms
step:519/3250 train_time:163.685s step_avg:315.39ms
step:520/3250 train_time:163.987s step_avg:315.36ms
step:521/3250 train_time:164.286s step_avg:315.33ms
step:522/3250 train_time:164.585s step_avg:315.30ms
step:523/3250 train_time:164.888s step_avg:315.27ms
step:524/3250 train_time:165.186s step_avg:315.24ms
step:525/3250 train_time:165.487s step_avg:315.21ms
step:526/3250 train_time:165.787s step_avg:315.18ms
step:527/3250 train_time:166.085s step_avg:315.15ms
step:528/3250 train_time:166.384s step_avg:315.12ms
step:529/3250 train_time:166.684s step_avg:315.09ms
step:530/3250 train_time:166.985s step_avg:315.07ms
step:531/3250 train_time:167.285s step_avg:315.04ms
step:532/3250 train_time:167.586s step_avg:315.01ms
step:533/3250 train_time:167.886s step_avg:314.98ms
step:534/3250 train_time:168.185s step_avg:314.95ms
step:535/3250 train_time:168.485s step_avg:314.93ms
step:536/3250 train_time:168.785s step_avg:314.90ms
step:537/3250 train_time:169.085s step_avg:314.87ms
step:538/3250 train_time:169.385s step_avg:314.84ms
step:539/3250 train_time:169.685s step_avg:314.82ms
step:540/3250 train_time:169.985s step_avg:314.79ms
step:541/3250 train_time:170.285s step_avg:314.76ms
step:542/3250 train_time:170.586s step_avg:314.73ms
step:543/3250 train_time:170.886s step_avg:314.71ms
step:544/3250 train_time:171.188s step_avg:314.68ms
step:545/3250 train_time:171.488s step_avg:314.66ms
step:546/3250 train_time:171.785s step_avg:314.62ms
step:547/3250 train_time:172.086s step_avg:314.60ms
step:548/3250 train_time:172.385s step_avg:314.57ms
step:549/3250 train_time:172.686s step_avg:314.55ms
step:550/3250 train_time:172.986s step_avg:314.52ms
step:551/3250 train_time:173.286s step_avg:314.49ms
step:552/3250 train_time:173.585s step_avg:314.47ms
step:553/3250 train_time:173.886s step_avg:314.44ms
step:554/3250 train_time:174.186s step_avg:314.42ms
step:555/3250 train_time:174.485s step_avg:314.39ms
step:556/3250 train_time:174.787s step_avg:314.36ms
step:557/3250 train_time:175.086s step_avg:314.34ms
step:558/3250 train_time:175.384s step_avg:314.31ms
step:559/3250 train_time:175.684s step_avg:314.28ms
step:560/3250 train_time:175.984s step_avg:314.26ms
step:561/3250 train_time:176.284s step_avg:314.23ms
step:562/3250 train_time:176.584s step_avg:314.21ms
step:563/3250 train_time:176.882s step_avg:314.18ms
step:564/3250 train_time:177.181s step_avg:314.15ms
step:565/3250 train_time:177.481s step_avg:314.13ms
step:566/3250 train_time:177.779s step_avg:314.10ms
step:567/3250 train_time:178.077s step_avg:314.07ms
step:568/3250 train_time:178.375s step_avg:314.04ms
step:569/3250 train_time:178.673s step_avg:314.01ms
step:570/3250 train_time:178.969s step_avg:313.98ms
step:571/3250 train_time:179.301s step_avg:314.01ms
step:572/3250 train_time:179.593s step_avg:313.97ms
step:573/3250 train_time:179.889s step_avg:313.94ms
step:574/3250 train_time:180.191s step_avg:313.92ms
step:575/3250 train_time:180.488s step_avg:313.89ms
step:576/3250 train_time:180.787s step_avg:313.87ms
step:577/3250 train_time:181.089s step_avg:313.85ms
step:578/3250 train_time:181.388s step_avg:313.82ms
step:579/3250 train_time:181.687s step_avg:313.79ms
step:580/3250 train_time:181.989s step_avg:313.77ms
step:581/3250 train_time:182.293s step_avg:313.76ms
step:582/3250 train_time:182.600s step_avg:313.75ms
step:583/3250 train_time:182.899s step_avg:313.72ms
step:584/3250 train_time:183.204s step_avg:313.71ms
step:585/3250 train_time:183.505s step_avg:313.68ms
step:586/3250 train_time:183.801s step_avg:313.65ms
step:587/3250 train_time:184.112s step_avg:313.65ms
step:588/3250 train_time:184.416s step_avg:313.63ms
step:589/3250 train_time:184.713s step_avg:313.60ms
step:590/3250 train_time:185.008s step_avg:313.57ms
step:591/3250 train_time:185.307s step_avg:313.55ms
step:592/3250 train_time:185.612s step_avg:313.53ms
step:593/3250 train_time:185.910s step_avg:313.51ms
step:594/3250 train_time:186.208s step_avg:313.48ms
step:595/3250 train_time:186.510s step_avg:313.46ms
step:596/3250 train_time:186.806s step_avg:313.43ms
step:597/3250 train_time:187.107s step_avg:313.41ms
step:598/3250 train_time:187.408s step_avg:313.39ms
step:599/3250 train_time:187.707s step_avg:313.37ms
step:600/3250 train_time:188.006s step_avg:313.34ms
step:601/3250 train_time:188.307s step_avg:313.32ms
step:602/3250 train_time:188.607s step_avg:313.30ms
step:603/3250 train_time:188.907s step_avg:313.28ms
step:604/3250 train_time:189.205s step_avg:313.25ms
step:605/3250 train_time:189.507s step_avg:313.23ms
step:606/3250 train_time:189.805s step_avg:313.21ms
step:607/3250 train_time:190.104s step_avg:313.19ms
step:608/3250 train_time:190.403s step_avg:313.16ms
step:609/3250 train_time:190.700s step_avg:313.14ms
step:610/3250 train_time:190.997s step_avg:313.11ms
step:611/3250 train_time:191.293s step_avg:313.08ms
step:612/3250 train_time:191.591s step_avg:313.06ms
step:613/3250 train_time:191.888s step_avg:313.03ms
step:614/3250 train_time:192.190s step_avg:313.01ms
step:615/3250 train_time:192.490s step_avg:312.99ms
step:616/3250 train_time:192.786s step_avg:312.96ms
step:617/3250 train_time:193.086s step_avg:312.94ms
step:618/3250 train_time:193.387s step_avg:312.92ms
step:619/3250 train_time:193.686s step_avg:312.90ms
step:620/3250 train_time:193.986s step_avg:312.88ms
step:621/3250 train_time:194.287s step_avg:312.86ms
step:622/3250 train_time:194.586s step_avg:312.84ms
step:623/3250 train_time:194.887s step_avg:312.82ms
step:624/3250 train_time:195.186s step_avg:312.80ms
step:625/3250 train_time:195.486s step_avg:312.78ms
step:625/3250 val_loss:3.76208 train_time:195.489s step_avg:300.00ms
step:626/3250 train_time:195.787s step_avg:312.76ms
step:627/3250 train_time:196.084s step_avg:312.73ms
step:628/3250 train_time:196.383s step_avg:312.71ms
step:629/3250 train_time:196.683s step_avg:312.69ms
step:630/3250 train_time:196.984s step_avg:312.67ms
step:631/3250 train_time:197.283s step_avg:312.65ms
step:632/3250 train_time:197.583s step_avg:312.63ms
step:633/3250 train_time:197.882s step_avg:312.61ms
step:634/3250 train_time:198.183s step_avg:312.59ms
step:635/3250 train_time:198.483s step_avg:312.57ms
step:636/3250 train_time:198.781s step_avg:312.55ms
step:637/3250 train_time:199.079s step_avg:312.53ms
step:638/3250 train_time:199.378s step_avg:312.50ms
step:639/3250 train_time:199.677s step_avg:312.48ms
step:640/3250 train_time:199.977s step_avg:312.46ms
step:641/3250 train_time:200.276s step_avg:312.44ms
step:642/3250 train_time:200.573s step_avg:312.42ms
step:643/3250 train_time:200.871s step_avg:312.40ms
step:644/3250 train_time:201.167s step_avg:312.37ms
step:645/3250 train_time:201.465s step_avg:312.35ms
step:646/3250 train_time:201.764s step_avg:312.33ms
step:647/3250 train_time:202.063s step_avg:312.31ms
step:648/3250 train_time:202.364s step_avg:312.29ms
step:649/3250 train_time:202.665s step_avg:312.27ms
step:650/3250 train_time:202.963s step_avg:312.25ms
step:651/3250 train_time:203.262s step_avg:312.23ms
step:652/3250 train_time:203.564s step_avg:312.21ms
step:653/3250 train_time:203.865s step_avg:312.20ms
step:654/3250 train_time:204.163s step_avg:312.18ms
step:655/3250 train_time:204.463s step_avg:312.16ms
step:656/3250 train_time:204.765s step_avg:312.14ms
step:657/3250 train_time:205.062s step_avg:312.12ms
step:658/3250 train_time:205.361s step_avg:312.10ms
step:659/3250 train_time:205.659s step_avg:312.08ms
step:660/3250 train_time:205.959s step_avg:312.06ms
step:661/3250 train_time:206.258s step_avg:312.04ms
step:662/3250 train_time:206.558s step_avg:312.02ms
step:663/3250 train_time:206.857s step_avg:312.00ms
step:664/3250 train_time:207.158s step_avg:311.98ms
step:665/3250 train_time:207.457s step_avg:311.97ms
step:666/3250 train_time:207.755s step_avg:311.94ms
step:667/3250 train_time:208.051s step_avg:311.92ms
step:668/3250 train_time:208.347s step_avg:311.90ms
step:669/3250 train_time:208.644s step_avg:311.87ms
step:670/3250 train_time:208.944s step_avg:311.86ms
step:671/3250 train_time:209.244s step_avg:311.84ms
step:672/3250 train_time:209.543s step_avg:311.82ms
step:673/3250 train_time:209.844s step_avg:311.80ms
step:674/3250 train_time:210.144s step_avg:311.79ms
step:675/3250 train_time:210.442s step_avg:311.77ms
step:676/3250 train_time:210.742s step_avg:311.75ms
step:677/3250 train_time:211.041s step_avg:311.73ms
step:678/3250 train_time:211.342s step_avg:311.71ms
step:679/3250 train_time:211.644s step_avg:311.70ms
step:680/3250 train_time:211.940s step_avg:311.68ms
step:681/3250 train_time:212.238s step_avg:311.66ms
step:682/3250 train_time:212.537s step_avg:311.64ms
step:683/3250 train_time:212.836s step_avg:311.62ms
step:684/3250 train_time:213.132s step_avg:311.60ms
step:685/3250 train_time:213.429s step_avg:311.58ms
step:686/3250 train_time:213.727s step_avg:311.56ms
step:687/3250 train_time:214.023s step_avg:311.53ms
step:688/3250 train_time:214.322s step_avg:311.51ms
step:689/3250 train_time:214.623s step_avg:311.50ms
step:690/3250 train_time:214.923s step_avg:311.48ms
step:691/3250 train_time:215.222s step_avg:311.46ms
step:692/3250 train_time:215.522s step_avg:311.45ms
step:693/3250 train_time:215.823s step_avg:311.43ms
step:694/3250 train_time:216.125s step_avg:311.42ms
step:695/3250 train_time:216.423s step_avg:311.40ms
step:696/3250 train_time:216.724s step_avg:311.38ms
step:697/3250 train_time:217.023s step_avg:311.37ms
step:698/3250 train_time:217.323s step_avg:311.35ms
step:699/3250 train_time:217.623s step_avg:311.34ms
step:700/3250 train_time:217.922s step_avg:311.32ms
step:701/3250 train_time:218.224s step_avg:311.30ms
step:702/3250 train_time:218.522s step_avg:311.28ms
step:703/3250 train_time:218.820s step_avg:311.27ms
step:704/3250 train_time:219.121s step_avg:311.25ms
step:705/3250 train_time:219.420s step_avg:311.23ms
step:706/3250 train_time:219.721s step_avg:311.22ms
step:707/3250 train_time:220.017s step_avg:311.20ms
step:708/3250 train_time:220.316s step_avg:311.18ms
step:709/3250 train_time:220.613s step_avg:311.16ms
step:710/3250 train_time:220.912s step_avg:311.14ms
step:711/3250 train_time:221.213s step_avg:311.13ms
step:712/3250 train_time:221.510s step_avg:311.11ms
step:713/3250 train_time:221.805s step_avg:311.09ms
step:714/3250 train_time:222.102s step_avg:311.07ms
step:715/3250 train_time:222.404s step_avg:311.05ms
step:716/3250 train_time:222.701s step_avg:311.04ms
step:717/3250 train_time:223.000s step_avg:311.02ms
step:718/3250 train_time:223.297s step_avg:311.00ms
step:719/3250 train_time:223.597s step_avg:310.98ms
step:720/3250 train_time:223.895s step_avg:310.97ms
step:721/3250 train_time:224.191s step_avg:310.94ms
step:722/3250 train_time:224.488s step_avg:310.92ms
step:723/3250 train_time:224.785s step_avg:310.91ms
step:724/3250 train_time:225.083s step_avg:310.89ms
step:725/3250 train_time:225.383s step_avg:310.87ms
step:726/3250 train_time:225.684s step_avg:310.86ms
step:727/3250 train_time:225.985s step_avg:310.85ms
step:728/3250 train_time:226.284s step_avg:310.83ms
step:729/3250 train_time:226.580s step_avg:310.81ms
step:730/3250 train_time:226.882s step_avg:310.80ms
step:731/3250 train_time:227.179s step_avg:310.78ms
step:732/3250 train_time:227.477s step_avg:310.76ms
step:733/3250 train_time:227.774s step_avg:310.74ms
step:734/3250 train_time:228.071s step_avg:310.72ms
step:735/3250 train_time:228.368s step_avg:310.70ms
step:736/3250 train_time:228.665s step_avg:310.69ms
step:737/3250 train_time:228.965s step_avg:310.67ms
step:738/3250 train_time:229.263s step_avg:310.65ms
step:739/3250 train_time:229.565s step_avg:310.64ms
step:740/3250 train_time:229.865s step_avg:310.63ms
step:741/3250 train_time:230.166s step_avg:310.62ms
step:742/3250 train_time:230.464s step_avg:310.60ms
step:743/3250 train_time:230.763s step_avg:310.58ms
step:744/3250 train_time:231.064s step_avg:310.57ms
step:745/3250 train_time:231.365s step_avg:310.56ms
step:746/3250 train_time:231.663s step_avg:310.54ms
step:747/3250 train_time:231.962s step_avg:310.53ms
step:748/3250 train_time:232.263s step_avg:310.51ms
step:749/3250 train_time:232.561s step_avg:310.49ms
step:750/3250 train_time:232.859s step_avg:310.48ms
step:750/3250 val_loss:3.72245 train_time:232.863s step_avg:298.99ms
step:751/3250 train_time:233.165s step_avg:310.47ms
step:752/3250 train_time:233.466s step_avg:310.46ms
step:753/3250 train_time:233.766s step_avg:310.45ms
step:754/3250 train_time:234.066s step_avg:310.43ms
step:755/3250 train_time:234.367s step_avg:310.42ms
step:756/3250 train_time:234.665s step_avg:310.40ms
step:757/3250 train_time:234.965s step_avg:310.39ms
step:758/3250 train_time:235.266s step_avg:310.38ms
step:759/3250 train_time:235.567s step_avg:310.36ms
step:760/3250 train_time:235.866s step_avg:310.35ms
step:761/3250 train_time:236.199s step_avg:310.38ms
step:762/3250 train_time:236.495s step_avg:310.36ms
step:763/3250 train_time:236.789s step_avg:310.34ms
step:764/3250 train_time:237.089s step_avg:310.33ms
step:765/3250 train_time:237.387s step_avg:310.31ms
step:766/3250 train_time:237.686s step_avg:310.29ms
step:767/3250 train_time:237.985s step_avg:310.28ms
step:768/3250 train_time:238.288s step_avg:310.27ms
step:769/3250 train_time:238.586s step_avg:310.26ms
step:770/3250 train_time:238.886s step_avg:310.24ms
step:771/3250 train_time:239.186s step_avg:310.23ms
step:772/3250 train_time:239.487s step_avg:310.22ms
step:773/3250 train_time:239.785s step_avg:310.20ms
step:774/3250 train_time:240.085s step_avg:310.19ms
step:775/3250 train_time:240.385s step_avg:310.17ms
step:776/3250 train_time:240.685s step_avg:310.16ms
step:777/3250 train_time:240.984s step_avg:310.15ms
step:778/3250 train_time:241.285s step_avg:310.13ms
step:779/3250 train_time:241.581s step_avg:310.12ms
step:780/3250 train_time:241.881s step_avg:310.10ms
step:781/3250 train_time:242.181s step_avg:310.09ms
step:782/3250 train_time:242.477s step_avg:310.07ms
step:783/3250 train_time:242.774s step_avg:310.06ms
step:784/3250 train_time:243.073s step_avg:310.04ms
step:785/3250 train_time:243.369s step_avg:310.02ms
step:786/3250 train_time:243.669s step_avg:310.01ms
step:787/3250 train_time:243.967s step_avg:310.00ms
step:788/3250 train_time:244.267s step_avg:309.98ms
step:789/3250 train_time:244.567s step_avg:309.97ms
step:790/3250 train_time:244.866s step_avg:309.96ms
step:791/3250 train_time:245.168s step_avg:309.95ms
step:792/3250 train_time:245.466s step_avg:309.93ms
step:793/3250 train_time:245.765s step_avg:309.92ms
step:794/3250 train_time:246.066s step_avg:309.91ms
step:795/3250 train_time:246.365s step_avg:309.89ms
step:796/3250 train_time:246.664s step_avg:309.88ms
step:797/3250 train_time:246.962s step_avg:309.86ms
step:798/3250 train_time:247.261s step_avg:309.85ms
step:799/3250 train_time:247.562s step_avg:309.84ms
step:800/3250 train_time:247.861s step_avg:309.83ms
step:801/3250 train_time:248.159s step_avg:309.81ms
step:802/3250 train_time:248.454s step_avg:309.79ms
step:803/3250 train_time:248.749s step_avg:309.77ms
step:804/3250 train_time:249.046s step_avg:309.76ms
step:805/3250 train_time:249.346s step_avg:309.75ms
step:806/3250 train_time:249.643s step_avg:309.73ms
step:807/3250 train_time:249.943s step_avg:309.72ms
step:808/3250 train_time:250.241s step_avg:309.70ms
step:809/3250 train_time:250.537s step_avg:309.69ms
step:810/3250 train_time:250.833s step_avg:309.67ms
step:811/3250 train_time:251.128s step_avg:309.65ms
step:812/3250 train_time:251.427s step_avg:309.64ms
step:813/3250 train_time:251.725s step_avg:309.63ms
step:814/3250 train_time:252.025s step_avg:309.61ms
step:815/3250 train_time:252.325s step_avg:309.60ms
step:816/3250 train_time:252.627s step_avg:309.59ms
step:817/3250 train_time:252.926s step_avg:309.58ms
step:818/3250 train_time:253.225s step_avg:309.57ms
step:819/3250 train_time:253.525s step_avg:309.55ms
step:820/3250 train_time:253.824s step_avg:309.54ms
step:821/3250 train_time:254.125s step_avg:309.53ms
step:822/3250 train_time:254.424s step_avg:309.52ms
step:823/3250 train_time:254.722s step_avg:309.50ms
step:824/3250 train_time:255.021s step_avg:309.49ms
step:825/3250 train_time:255.320s step_avg:309.48ms
step:826/3250 train_time:255.616s step_avg:309.46ms
step:827/3250 train_time:255.912s step_avg:309.45ms
step:828/3250 train_time:256.207s step_avg:309.43ms
step:829/3250 train_time:256.508s step_avg:309.42ms
step:830/3250 train_time:256.807s step_avg:309.41ms
step:831/3250 train_time:257.104s step_avg:309.39ms
step:832/3250 train_time:257.405s step_avg:309.38ms
step:833/3250 train_time:257.704s step_avg:309.37ms
step:834/3250 train_time:258.003s step_avg:309.36ms
step:835/3250 train_time:258.300s step_avg:309.34ms
step:836/3250 train_time:258.597s step_avg:309.33ms
step:837/3250 train_time:258.893s step_avg:309.31ms
step:838/3250 train_time:259.189s step_avg:309.29ms
step:839/3250 train_time:259.487s step_avg:309.28ms
step:840/3250 train_time:259.785s step_avg:309.27ms
step:841/3250 train_time:260.083s step_avg:309.26ms
step:842/3250 train_time:260.382s step_avg:309.24ms
step:843/3250 train_time:260.682s step_avg:309.23ms
step:844/3250 train_time:260.981s step_avg:309.22ms
step:845/3250 train_time:261.281s step_avg:309.21ms
step:846/3250 train_time:261.580s step_avg:309.20ms
step:847/3250 train_time:261.877s step_avg:309.18ms
step:848/3250 train_time:262.174s step_avg:309.17ms
step:849/3250 train_time:262.470s step_avg:309.15ms
step:850/3250 train_time:262.767s step_avg:309.14ms
step:851/3250 train_time:263.064s step_avg:309.12ms
step:852/3250 train_time:263.364s step_avg:309.11ms
step:853/3250 train_time:263.663s step_avg:309.10ms
step:854/3250 train_time:263.962s step_avg:309.09ms
step:855/3250 train_time:264.262s step_avg:309.08ms
step:856/3250 train_time:264.560s step_avg:309.06ms
step:857/3250 train_time:264.857s step_avg:309.05ms
step:858/3250 train_time:265.153s step_avg:309.04ms
step:859/3250 train_time:265.449s step_avg:309.02ms
step:860/3250 train_time:265.745s step_avg:309.01ms
step:861/3250 train_time:266.045s step_avg:309.00ms
step:862/3250 train_time:266.345s step_avg:308.99ms
step:863/3250 train_time:266.645s step_avg:308.97ms
step:864/3250 train_time:266.944s step_avg:308.96ms
step:865/3250 train_time:267.242s step_avg:308.95ms
step:866/3250 train_time:267.541s step_avg:308.94ms
step:867/3250 train_time:267.840s step_avg:308.93ms
step:868/3250 train_time:268.139s step_avg:308.92ms
step:869/3250 train_time:268.436s step_avg:308.90ms
step:870/3250 train_time:268.733s step_avg:308.89ms
step:871/3250 train_time:269.030s step_avg:308.87ms
step:872/3250 train_time:269.328s step_avg:308.86ms
step:873/3250 train_time:269.627s step_avg:308.85ms
step:874/3250 train_time:269.927s step_avg:308.84ms
step:875/3250 train_time:270.225s step_avg:308.83ms
step:875/3250 val_loss:3.68634 train_time:270.228s step_avg:298.92ms
step:876/3250 train_time:270.527s step_avg:308.82ms
step:877/3250 train_time:270.827s step_avg:308.81ms
step:878/3250 train_time:271.128s step_avg:308.80ms
step:879/3250 train_time:271.424s step_avg:308.79ms
step:880/3250 train_time:271.724s step_avg:308.78ms
step:881/3250 train_time:272.023s step_avg:308.77ms
step:882/3250 train_time:272.322s step_avg:308.75ms
step:883/3250 train_time:272.620s step_avg:308.74ms
step:884/3250 train_time:272.918s step_avg:308.73ms
step:885/3250 train_time:273.213s step_avg:308.72ms
step:886/3250 train_time:273.509s step_avg:308.70ms
step:887/3250 train_time:273.808s step_avg:308.69ms
step:888/3250 train_time:274.107s step_avg:308.68ms
step:889/3250 train_time:274.406s step_avg:308.67ms
step:890/3250 train_time:274.706s step_avg:308.66ms
step:891/3250 train_time:275.007s step_avg:308.65ms
step:892/3250 train_time:275.305s step_avg:308.64ms
step:893/3250 train_time:275.607s step_avg:308.63ms
step:894/3250 train_time:275.905s step_avg:308.62ms
step:895/3250 train_time:276.204s step_avg:308.61ms
step:896/3250 train_time:276.501s step_avg:308.60ms
step:897/3250 train_time:276.801s step_avg:308.58ms
step:898/3250 train_time:277.099s step_avg:308.57ms
step:899/3250 train_time:277.398s step_avg:308.56ms
step:900/3250 train_time:277.691s step_avg:308.55ms
step:901/3250 train_time:277.991s step_avg:308.54ms
step:902/3250 train_time:278.288s step_avg:308.52ms
step:903/3250 train_time:278.587s step_avg:308.51ms
step:904/3250 train_time:278.886s step_avg:308.50ms
step:905/3250 train_time:279.186s step_avg:308.49ms
step:906/3250 train_time:279.484s step_avg:308.48ms
step:907/3250 train_time:279.783s step_avg:308.47ms
step:908/3250 train_time:280.080s step_avg:308.46ms
step:909/3250 train_time:280.376s step_avg:308.44ms
step:910/3250 train_time:280.671s step_avg:308.43ms
step:911/3250 train_time:280.968s step_avg:308.42ms
step:912/3250 train_time:281.268s step_avg:308.41ms
step:913/3250 train_time:281.567s step_avg:308.40ms
step:914/3250 train_time:281.868s step_avg:308.39ms
step:915/3250 train_time:282.167s step_avg:308.38ms
step:916/3250 train_time:282.465s step_avg:308.37ms
step:917/3250 train_time:282.764s step_avg:308.36ms
step:918/3250 train_time:283.063s step_avg:308.35ms
step:919/3250 train_time:283.362s step_avg:308.34ms
step:920/3250 train_time:283.658s step_avg:308.32ms
step:921/3250 train_time:283.955s step_avg:308.31ms
step:922/3250 train_time:284.251s step_avg:308.30ms
step:923/3250 train_time:284.548s step_avg:308.29ms
step:924/3250 train_time:284.845s step_avg:308.27ms
step:925/3250 train_time:285.145s step_avg:308.26ms
step:926/3250 train_time:285.442s step_avg:308.25ms
step:927/3250 train_time:285.740s step_avg:308.24ms
step:928/3250 train_time:286.036s step_avg:308.23ms
step:929/3250 train_time:286.330s step_avg:308.21ms
step:930/3250 train_time:286.628s step_avg:308.20ms
step:931/3250 train_time:286.929s step_avg:308.19ms
step:932/3250 train_time:287.226s step_avg:308.18ms
step:933/3250 train_time:287.528s step_avg:308.18ms
step:934/3250 train_time:287.827s step_avg:308.17ms
step:935/3250 train_time:288.127s step_avg:308.16ms
step:936/3250 train_time:288.429s step_avg:308.15ms
step:937/3250 train_time:288.726s step_avg:308.14ms
step:938/3250 train_time:289.028s step_avg:308.13ms
step:939/3250 train_time:289.331s step_avg:308.13ms
step:940/3250 train_time:289.629s step_avg:308.12ms
step:941/3250 train_time:289.933s step_avg:308.11ms
step:942/3250 train_time:290.227s step_avg:308.10ms
step:943/3250 train_time:290.526s step_avg:308.09ms
step:944/3250 train_time:290.824s step_avg:308.08ms
step:945/3250 train_time:291.124s step_avg:308.07ms
step:946/3250 train_time:291.422s step_avg:308.06ms
step:947/3250 train_time:291.722s step_avg:308.05ms
step:948/3250 train_time:292.018s step_avg:308.04ms
step:949/3250 train_time:292.315s step_avg:308.02ms
step:950/3250 train_time:292.608s step_avg:308.01ms
step:951/3250 train_time:292.941s step_avg:308.03ms
step:952/3250 train_time:293.236s step_avg:308.02ms
step:953/3250 train_time:293.531s step_avg:308.01ms
step:954/3250 train_time:293.832s step_avg:308.00ms
step:955/3250 train_time:294.129s step_avg:307.99ms
step:956/3250 train_time:294.429s step_avg:307.98ms
step:957/3250 train_time:294.728s step_avg:307.97ms
step:958/3250 train_time:295.028s step_avg:307.96ms
step:959/3250 train_time:295.326s step_avg:307.95ms
step:960/3250 train_time:295.627s step_avg:307.94ms
step:961/3250 train_time:295.926s step_avg:307.94ms
step:962/3250 train_time:296.224s step_avg:307.93ms
step:963/3250 train_time:296.522s step_avg:307.91ms
step:964/3250 train_time:296.820s step_avg:307.90ms
step:965/3250 train_time:297.121s step_avg:307.90ms
step:966/3250 train_time:297.415s step_avg:307.88ms
step:967/3250 train_time:297.712s step_avg:307.87ms
step:968/3250 train_time:298.008s step_avg:307.86ms
step:969/3250 train_time:298.307s step_avg:307.85ms
step:970/3250 train_time:298.606s step_avg:307.84ms
step:971/3250 train_time:298.905s step_avg:307.83ms
step:972/3250 train_time:299.203s step_avg:307.82ms
step:973/3250 train_time:299.504s step_avg:307.82ms
step:974/3250 train_time:299.804s step_avg:307.81ms
step:975/3250 train_time:300.102s step_avg:307.80ms
step:976/3250 train_time:300.396s step_avg:307.78ms
step:977/3250 train_time:300.693s step_avg:307.77ms
step:978/3250 train_time:300.989s step_avg:307.76ms
step:979/3250 train_time:301.286s step_avg:307.75ms
step:980/3250 train_time:301.588s step_avg:307.74ms
step:981/3250 train_time:301.886s step_avg:307.73ms
step:982/3250 train_time:302.186s step_avg:307.73ms
step:983/3250 train_time:302.485s step_avg:307.72ms
step:984/3250 train_time:302.786s step_avg:307.71ms
step:985/3250 train_time:303.082s step_avg:307.70ms
step:986/3250 train_time:303.379s step_avg:307.69ms
step:987/3250 train_time:303.675s step_avg:307.68ms
step:988/3250 train_time:303.974s step_avg:307.67ms
step:989/3250 train_time:304.271s step_avg:307.65ms
step:990/3250 train_time:304.569s step_avg:307.65ms
step:991/3250 train_time:304.865s step_avg:307.63ms
step:992/3250 train_time:305.162s step_avg:307.62ms
step:993/3250 train_time:305.461s step_avg:307.61ms
step:994/3250 train_time:305.757s step_avg:307.60ms
step:995/3250 train_time:306.053s step_avg:307.59ms
step:996/3250 train_time:306.347s step_avg:307.58ms
step:997/3250 train_time:306.648s step_avg:307.57ms
step:998/3250 train_time:306.947s step_avg:307.56ms
step:999/3250 train_time:307.245s step_avg:307.55ms
step:1000/3250 train_time:307.545s step_avg:307.55ms
step:1000/3250 val_loss:3.65047 train_time:307.548s step_avg:298.57ms
step:1001/3250 train_time:307.850s step_avg:307.54ms
step:1002/3250 train_time:308.596s step_avg:307.98ms
step:1003/3250 train_time:308.898s step_avg:307.97ms
step:1004/3250 train_time:309.202s step_avg:307.97ms
step:1005/3250 train_time:309.506s step_avg:307.97ms
step:1006/3250 train_time:309.809s step_avg:307.96ms
step:1007/3250 train_time:310.115s step_avg:307.96ms
step:1008/3250 train_time:310.419s step_avg:307.96ms
step:1009/3250 train_time:310.723s step_avg:307.95ms
step:1010/3250 train_time:311.029s step_avg:307.95ms
step:1011/3250 train_time:311.335s step_avg:307.95ms
step:1012/3250 train_time:311.641s step_avg:307.95ms
step:1013/3250 train_time:311.947s step_avg:307.94ms
step:1014/3250 train_time:312.253s step_avg:307.94ms
step:1015/3250 train_time:312.560s step_avg:307.94ms
step:1016/3250 train_time:312.867s step_avg:307.94ms
step:1017/3250 train_time:313.174s step_avg:307.94ms
step:1018/3250 train_time:313.481s step_avg:307.94ms
step:1019/3250 train_time:313.786s step_avg:307.94ms
step:1020/3250 train_time:314.092s step_avg:307.93ms
step:1021/3250 train_time:314.400s step_avg:307.93ms
step:1022/3250 train_time:314.704s step_avg:307.93ms
step:1023/3250 train_time:315.008s step_avg:307.93ms
step:1024/3250 train_time:315.312s step_avg:307.92ms
step:1025/3250 train_time:315.618s step_avg:307.92ms
step:1026/3250 train_time:315.924s step_avg:307.92ms
step:1027/3250 train_time:316.234s step_avg:307.92ms
step:1028/3250 train_time:316.539s step_avg:307.92ms
step:1029/3250 train_time:316.843s step_avg:307.91ms
step:1030/3250 train_time:317.147s step_avg:307.91ms
step:1031/3250 train_time:317.453s step_avg:307.91ms
step:1032/3250 train_time:317.758s step_avg:307.91ms
step:1033/3250 train_time:318.062s step_avg:307.90ms
step:1034/3250 train_time:318.367s step_avg:307.90ms
step:1035/3250 train_time:318.671s step_avg:307.89ms
step:1036/3250 train_time:318.979s step_avg:307.89ms
step:1037/3250 train_time:319.284s step_avg:307.89ms
step:1038/3250 train_time:319.591s step_avg:307.89ms
step:1039/3250 train_time:319.898s step_avg:307.89ms
step:1040/3250 train_time:320.203s step_avg:307.89ms
step:1041/3250 train_time:320.507s step_avg:307.88ms
step:1042/3250 train_time:320.813s step_avg:307.88ms
step:1043/3250 train_time:321.120s step_avg:307.88ms
step:1044/3250 train_time:321.424s step_avg:307.88ms
step:1045/3250 train_time:321.729s step_avg:307.87ms
step:1046/3250 train_time:322.036s step_avg:307.87ms
step:1047/3250 train_time:322.343s step_avg:307.87ms
step:1048/3250 train_time:322.648s step_avg:307.87ms
step:1049/3250 train_time:322.953s step_avg:307.87ms
step:1050/3250 train_time:323.259s step_avg:307.87ms
step:1051/3250 train_time:323.568s step_avg:307.87ms
step:1052/3250 train_time:323.876s step_avg:307.87ms
step:1053/3250 train_time:324.182s step_avg:307.86ms
step:1054/3250 train_time:324.489s step_avg:307.86ms
step:1055/3250 train_time:324.796s step_avg:307.86ms
step:1056/3250 train_time:325.101s step_avg:307.86ms
step:1057/3250 train_time:325.404s step_avg:307.86ms
step:1058/3250 train_time:325.709s step_avg:307.85ms
step:1059/3250 train_time:326.014s step_avg:307.85ms
step:1060/3250 train_time:326.322s step_avg:307.85ms
step:1061/3250 train_time:326.627s step_avg:307.85ms
step:1062/3250 train_time:326.933s step_avg:307.85ms
step:1063/3250 train_time:327.237s step_avg:307.84ms
step:1064/3250 train_time:327.543s step_avg:307.84ms
step:1065/3250 train_time:327.852s step_avg:307.84ms
step:1066/3250 train_time:328.158s step_avg:307.84ms
step:1067/3250 train_time:328.463s step_avg:307.84ms
step:1068/3250 train_time:328.771s step_avg:307.84ms
step:1069/3250 train_time:329.081s step_avg:307.84ms
step:1070/3250 train_time:329.386s step_avg:307.84ms
step:1071/3250 train_time:329.691s step_avg:307.83ms
step:1072/3250 train_time:329.999s step_avg:307.83ms
step:1073/3250 train_time:330.302s step_avg:307.83ms
step:1074/3250 train_time:330.608s step_avg:307.83ms
step:1075/3250 train_time:330.916s step_avg:307.83ms
step:1076/3250 train_time:331.225s step_avg:307.83ms
step:1077/3250 train_time:331.532s step_avg:307.83ms
step:1078/3250 train_time:331.844s step_avg:307.83ms
step:1079/3250 train_time:332.152s step_avg:307.83ms
step:1080/3250 train_time:332.462s step_avg:307.83ms
step:1081/3250 train_time:332.768s step_avg:307.83ms
step:1082/3250 train_time:333.074s step_avg:307.83ms
step:1083/3250 train_time:333.382s step_avg:307.83ms
step:1084/3250 train_time:333.690s step_avg:307.83ms
step:1085/3250 train_time:333.999s step_avg:307.83ms
step:1086/3250 train_time:334.306s step_avg:307.83ms
step:1087/3250 train_time:334.613s step_avg:307.83ms
step:1088/3250 train_time:334.923s step_avg:307.83ms
step:1089/3250 train_time:335.231s step_avg:307.83ms
step:1090/3250 train_time:335.544s step_avg:307.84ms
step:1091/3250 train_time:335.854s step_avg:307.84ms
step:1092/3250 train_time:336.164s step_avg:307.84ms
step:1093/3250 train_time:336.473s step_avg:307.84ms
step:1094/3250 train_time:336.785s step_avg:307.85ms
step:1095/3250 train_time:337.096s step_avg:307.85ms
step:1096/3250 train_time:337.408s step_avg:307.85ms
step:1097/3250 train_time:337.718s step_avg:307.86ms
step:1098/3250 train_time:338.026s step_avg:307.86ms
step:1099/3250 train_time:338.334s step_avg:307.86ms
step:1100/3250 train_time:338.644s step_avg:307.86ms
step:1101/3250 train_time:338.953s step_avg:307.86ms
step:1102/3250 train_time:339.264s step_avg:307.86ms
step:1103/3250 train_time:339.572s step_avg:307.86ms
step:1104/3250 train_time:339.882s step_avg:307.86ms
step:1105/3250 train_time:340.190s step_avg:307.86ms
step:1106/3250 train_time:340.502s step_avg:307.87ms
step:1107/3250 train_time:340.810s step_avg:307.87ms
step:1108/3250 train_time:341.124s step_avg:307.87ms
step:1109/3250 train_time:341.436s step_avg:307.88ms
step:1110/3250 train_time:341.747s step_avg:307.88ms
step:1111/3250 train_time:342.058s step_avg:307.88ms
step:1112/3250 train_time:342.368s step_avg:307.89ms
step:1113/3250 train_time:342.678s step_avg:307.89ms
step:1114/3250 train_time:342.987s step_avg:307.89ms
step:1115/3250 train_time:343.296s step_avg:307.89ms
step:1116/3250 train_time:343.605s step_avg:307.89ms
step:1117/3250 train_time:343.914s step_avg:307.89ms
step:1118/3250 train_time:344.224s step_avg:307.89ms
step:1119/3250 train_time:344.541s step_avg:307.90ms
step:1120/3250 train_time:344.851s step_avg:307.90ms
step:1121/3250 train_time:345.161s step_avg:307.90ms
step:1122/3250 train_time:345.473s step_avg:307.91ms
step:1123/3250 train_time:345.783s step_avg:307.91ms
step:1124/3250 train_time:346.095s step_avg:307.91ms
step:1125/3250 train_time:346.408s step_avg:307.92ms
step:1125/3250 val_loss:3.62312 train_time:346.409s step_avg:310.88ms
probe_ema: n=84934656 align=-0.46465,-0.41059,-0.35854,-0.30841 rel_mse=1.08464,1.04437,1.02290,1.01177
step:1126/3250 train_time:346.717s step_avg:307.92ms
step:1127/3250 train_time:347.028s step_avg:307.92ms
step:1128/3250 train_time:347.336s step_avg:307.92ms
step:1129/3250 train_time:347.646s step_avg:307.92ms
step:1130/3250 train_time:347.956s step_avg:307.93ms
step:1131/3250 train_time:348.267s step_avg:307.93ms
step:1132/3250 train_time:348.577s step_avg:307.93ms
step:1133/3250 train_time:348.885s step_avg:307.93ms
step:1134/3250 train_time:349.202s step_avg:307.94ms
step:1135/3250 train_time:349.512s step_avg:307.94ms
step:1136/3250 train_time:349.820s step_avg:307.94ms
step:1137/3250 train_time:350.135s step_avg:307.95ms
step:1138/3250 train_time:350.449s step_avg:307.95ms
step:1139/3250 train_time:350.762s step_avg:307.96ms
step:1140/3250 train_time:351.075s step_avg:307.96ms
step:1141/3250 train_time:351.421s step_avg:307.99ms
step:1142/3250 train_time:351.731s step_avg:308.00ms
step:1143/3250 train_time:352.040s step_avg:308.00ms
step:1144/3250 train_time:352.345s step_avg:307.99ms
step:1145/3250 train_time:352.652s step_avg:307.99ms
step:1146/3250 train_time:352.957s step_avg:307.99ms
step:1147/3250 train_time:353.262s step_avg:307.99ms
step:1148/3250 train_time:353.572s step_avg:307.99ms
step:1149/3250 train_time:353.878s step_avg:307.99ms
step:1150/3250 train_time:354.185s step_avg:307.99ms
step:1151/3250 train_time:354.494s step_avg:307.99ms
step:1152/3250 train_time:354.800s step_avg:307.99ms
step:1153/3250 train_time:355.107s step_avg:307.99ms
step:1154/3250 train_time:355.413s step_avg:307.98ms
step:1155/3250 train_time:355.717s step_avg:307.98ms
step:1156/3250 train_time:356.023s step_avg:307.98ms
step:1157/3250 train_time:356.330s step_avg:307.98ms
step:1158/3250 train_time:356.634s step_avg:307.97ms
step:1159/3250 train_time:356.939s step_avg:307.97ms
step:1160/3250 train_time:357.243s step_avg:307.97ms
step:1161/3250 train_time:357.551s step_avg:307.97ms
step:1162/3250 train_time:357.855s step_avg:307.96ms
step:1163/3250 train_time:358.159s step_avg:307.96ms
step:1164/3250 train_time:358.465s step_avg:307.96ms
step:1165/3250 train_time:358.772s step_avg:307.96ms
step:1166/3250 train_time:359.074s step_avg:307.95ms
step:1167/3250 train_time:359.379s step_avg:307.95ms
step:1168/3250 train_time:359.684s step_avg:307.95ms
step:1169/3250 train_time:359.991s step_avg:307.95ms
step:1170/3250 train_time:360.296s step_avg:307.95ms
step:1171/3250 train_time:360.600s step_avg:307.94ms
step:1172/3250 train_time:360.907s step_avg:307.94ms
step:1173/3250 train_time:361.212s step_avg:307.94ms
step:1174/3250 train_time:361.516s step_avg:307.94ms
step:1175/3250 train_time:361.821s step_avg:307.93ms
step:1176/3250 train_time:362.126s step_avg:307.93ms
step:1177/3250 train_time:362.433s step_avg:307.93ms
step:1178/3250 train_time:362.737s step_avg:307.93ms
step:1179/3250 train_time:363.041s step_avg:307.92ms
step:1180/3250 train_time:363.347s step_avg:307.92ms
step:1181/3250 train_time:363.651s step_avg:307.92ms
step:1182/3250 train_time:363.955s step_avg:307.91ms
step:1183/3250 train_time:364.261s step_avg:307.91ms
step:1184/3250 train_time:364.572s step_avg:307.92ms
step:1185/3250 train_time:364.879s step_avg:307.91ms
step:1186/3250 train_time:365.189s step_avg:307.92ms
step:1187/3250 train_time:365.495s step_avg:307.91ms
step:1188/3250 train_time:365.800s step_avg:307.91ms
step:1189/3250 train_time:366.105s step_avg:307.91ms
step:1190/3250 train_time:366.412s step_avg:307.91ms
step:1191/3250 train_time:366.718s step_avg:307.91ms
step:1192/3250 train_time:367.022s step_avg:307.90ms
step:1193/3250 train_time:367.329s step_avg:307.90ms
step:1194/3250 train_time:367.633s step_avg:307.90ms
step:1195/3250 train_time:367.937s step_avg:307.90ms
step:1196/3250 train_time:368.242s step_avg:307.89ms
step:1197/3250 train_time:368.548s step_avg:307.89ms
step:1198/3250 train_time:368.854s step_avg:307.89ms
step:1199/3250 train_time:369.157s step_avg:307.89ms
step:1200/3250 train_time:369.463s step_avg:307.89ms
step:1201/3250 train_time:369.770s step_avg:307.88ms
step:1202/3250 train_time:370.073s step_avg:307.88ms
step:1203/3250 train_time:370.377s step_avg:307.88ms
step:1204/3250 train_time:370.683s step_avg:307.88ms
step:1205/3250 train_time:370.990s step_avg:307.88ms
step:1206/3250 train_time:371.293s step_avg:307.87ms
step:1207/3250 train_time:371.599s step_avg:307.87ms
step:1208/3250 train_time:371.908s step_avg:307.87ms
step:1209/3250 train_time:372.215s step_avg:307.87ms
step:1210/3250 train_time:372.521s step_avg:307.87ms
step:1211/3250 train_time:372.828s step_avg:307.87ms
step:1212/3250 train_time:373.134s step_avg:307.87ms
step:1213/3250 train_time:373.439s step_avg:307.86ms
step:1214/3250 train_time:373.745s step_avg:307.86ms
step:1215/3250 train_time:374.051s step_avg:307.86ms
step:1216/3250 train_time:374.358s step_avg:307.86ms
step:1217/3250 train_time:374.667s step_avg:307.86ms
step:1218/3250 train_time:374.978s step_avg:307.86ms
step:1219/3250 train_time:375.284s step_avg:307.86ms
step:1220/3250 train_time:375.590s step_avg:307.86ms
step:1221/3250 train_time:375.895s step_avg:307.86ms
step:1222/3250 train_time:376.200s step_avg:307.86ms
step:1223/3250 train_time:376.507s step_avg:307.86ms
step:1224/3250 train_time:376.812s step_avg:307.85ms
step:1225/3250 train_time:377.118s step_avg:307.85ms
step:1226/3250 train_time:377.422s step_avg:307.85ms
step:1227/3250 train_time:377.728s step_avg:307.85ms
step:1228/3250 train_time:378.033s step_avg:307.84ms
step:1229/3250 train_time:378.339s step_avg:307.84ms
step:1230/3250 train_time:378.645s step_avg:307.84ms
step:1231/3250 train_time:378.951s step_avg:307.84ms
step:1232/3250 train_time:379.256s step_avg:307.84ms
step:1233/3250 train_time:379.561s step_avg:307.84ms
step:1234/3250 train_time:379.867s step_avg:307.83ms
step:1235/3250 train_time:380.171s step_avg:307.83ms
step:1236/3250 train_time:380.475s step_avg:307.83ms
step:1237/3250 train_time:380.779s step_avg:307.82ms
step:1238/3250 train_time:381.085s step_avg:307.82ms
step:1239/3250 train_time:381.391s step_avg:307.82ms
step:1240/3250 train_time:381.696s step_avg:307.82ms
step:1241/3250 train_time:382.001s step_avg:307.82ms
step:1242/3250 train_time:382.310s step_avg:307.82ms
step:1243/3250 train_time:382.614s step_avg:307.81ms
step:1244/3250 train_time:382.920s step_avg:307.81ms
step:1245/3250 train_time:383.225s step_avg:307.81ms
step:1246/3250 train_time:383.533s step_avg:307.81ms
step:1247/3250 train_time:383.836s step_avg:307.81ms
step:1248/3250 train_time:384.141s step_avg:307.81ms
step:1249/3250 train_time:384.453s step_avg:307.81ms
step:1250/3250 train_time:384.767s step_avg:307.81ms
step:1250/3250 val_loss:3.58691 train_time:384.767s step_avg:306.87ms
probe_ema: n=84934656 align=-0.39833,-0.34581,-0.29609,-0.24262 rel_mse=1.07024,1.03659,1.01861,1.00916
step:1251/3250 train_time:385.084s step_avg:307.82ms
step:1252/3250 train_time:385.395s step_avg:307.82ms
step:1253/3250 train_time:385.713s step_avg:307.83ms
step:1254/3250 train_time:386.025s step_avg:307.83ms
step:1255/3250 train_time:386.342s step_avg:307.84ms
step:1256/3250 train_time:386.650s step_avg:307.84ms
step:1257/3250 train_time:386.959s step_avg:307.84ms
step:1258/3250 train_time:387.267s step_avg:307.84ms
step:1259/3250 train_time:387.575s step_avg:307.84ms
step:1260/3250 train_time:387.885s step_avg:307.84ms
step:1261/3250 train_time:388.193s step_avg:307.85ms
step:1262/3250 train_time:388.503s step_avg:307.85ms
step:1263/3250 train_time:388.811s step_avg:307.85ms
step:1264/3250 train_time:389.125s step_avg:307.85ms
step:1265/3250 train_time:389.437s step_avg:307.86ms
step:1266/3250 train_time:389.749s step_avg:307.86ms
step:1267/3250 train_time:390.063s step_avg:307.86ms
step:1268/3250 train_time:390.375s step_avg:307.87ms
step:1269/3250 train_time:390.686s step_avg:307.87ms
step:1270/3250 train_time:390.996s step_avg:307.87ms
step:1271/3250 train_time:391.307s step_avg:307.87ms
step:1272/3250 train_time:391.623s step_avg:307.88ms
step:1273/3250 train_time:391.933s step_avg:307.88ms
step:1274/3250 train_time:392.244s step_avg:307.88ms
step:1275/3250 train_time:392.556s step_avg:307.89ms
step:1276/3250 train_time:392.866s step_avg:307.89ms
step:1277/3250 train_time:393.178s step_avg:307.89ms
step:1278/3250 train_time:393.489s step_avg:307.89ms
step:1279/3250 train_time:393.802s step_avg:307.90ms
step:1280/3250 train_time:394.112s step_avg:307.90ms
step:1281/3250 train_time:394.424s step_avg:307.90ms
step:1282/3250 train_time:394.734s step_avg:307.90ms
step:1283/3250 train_time:395.044s step_avg:307.91ms
step:1284/3250 train_time:395.360s step_avg:307.91ms
step:1285/3250 train_time:395.668s step_avg:307.91ms
step:1286/3250 train_time:395.981s step_avg:307.92ms
step:1287/3250 train_time:396.290s step_avg:307.92ms
step:1288/3250 train_time:396.609s step_avg:307.93ms
step:1289/3250 train_time:396.926s step_avg:307.93ms
step:1290/3250 train_time:397.239s step_avg:307.94ms
step:1291/3250 train_time:397.551s step_avg:307.94ms
step:1292/3250 train_time:397.864s step_avg:307.94ms
step:1293/3250 train_time:398.172s step_avg:307.94ms
step:1294/3250 train_time:398.484s step_avg:307.95ms
step:1295/3250 train_time:398.794s step_avg:307.95ms
step:1296/3250 train_time:399.111s step_avg:307.96ms
step:1297/3250 train_time:399.428s step_avg:307.96ms
step:1298/3250 train_time:399.740s step_avg:307.97ms
step:1299/3250 train_time:400.053s step_avg:307.97ms
step:1300/3250 train_time:400.366s step_avg:307.97ms
step:1301/3250 train_time:400.679s step_avg:307.98ms
step:1302/3250 train_time:400.996s step_avg:307.98ms
step:1303/3250 train_time:401.311s step_avg:307.99ms
step:1304/3250 train_time:401.633s step_avg:308.00ms
step:1305/3250 train_time:401.942s step_avg:308.00ms
step:1306/3250 train_time:402.252s step_avg:308.00ms
step:1307/3250 train_time:402.566s step_avg:308.01ms
step:1308/3250 train_time:402.874s step_avg:308.01ms
step:1309/3250 train_time:403.184s step_avg:308.01ms
step:1310/3250 train_time:403.495s step_avg:308.01ms
step:1311/3250 train_time:403.807s step_avg:308.01ms
step:1312/3250 train_time:404.119s step_avg:308.02ms
step:1313/3250 train_time:404.431s step_avg:308.02ms
step:1314/3250 train_time:404.743s step_avg:308.02ms
step:1315/3250 train_time:405.046s step_avg:308.02ms
step:1316/3250 train_time:405.351s step_avg:308.02ms
step:1317/3250 train_time:405.657s step_avg:308.02ms
step:1318/3250 train_time:405.961s step_avg:308.01ms
step:1319/3250 train_time:406.266s step_avg:308.01ms
step:1320/3250 train_time:406.570s step_avg:308.01ms
step:1321/3250 train_time:406.878s step_avg:308.01ms
step:1322/3250 train_time:407.182s step_avg:308.00ms
step:1323/3250 train_time:407.487s step_avg:308.00ms
step:1324/3250 train_time:407.793s step_avg:308.00ms
step:1325/3250 train_time:408.099s step_avg:308.00ms
step:1326/3250 train_time:408.402s step_avg:308.00ms
step:1327/3250 train_time:408.706s step_avg:307.99ms
step:1328/3250 train_time:409.011s step_avg:307.99ms
step:1329/3250 train_time:409.319s step_avg:307.99ms
step:1330/3250 train_time:409.622s step_avg:307.99ms
step:1331/3250 train_time:409.961s step_avg:308.01ms
step:1332/3250 train_time:410.268s step_avg:308.01ms
step:1333/3250 train_time:410.574s step_avg:308.01ms
step:1334/3250 train_time:410.879s step_avg:308.01ms
step:1335/3250 train_time:411.183s step_avg:308.00ms
step:1336/3250 train_time:411.488s step_avg:308.00ms
step:1337/3250 train_time:411.795s step_avg:308.00ms
step:1338/3250 train_time:412.104s step_avg:308.00ms
step:1339/3250 train_time:412.410s step_avg:308.00ms
step:1340/3250 train_time:412.718s step_avg:308.00ms
step:1341/3250 train_time:413.023s step_avg:308.00ms
step:1342/3250 train_time:413.328s step_avg:307.99ms
step:1343/3250 train_time:413.634s step_avg:307.99ms
step:1344/3250 train_time:413.939s step_avg:307.99ms
step:1345/3250 train_time:414.243s step_avg:307.99ms
step:1346/3250 train_time:414.548s step_avg:307.98ms
step:1347/3250 train_time:414.854s step_avg:307.98ms
step:1348/3250 train_time:415.159s step_avg:307.98ms
step:1349/3250 train_time:415.462s step_avg:307.98ms
step:1350/3250 train_time:415.767s step_avg:307.98ms
step:1351/3250 train_time:416.074s step_avg:307.98ms
step:1352/3250 train_time:416.380s step_avg:307.97ms
step:1353/3250 train_time:416.684s step_avg:307.97ms
step:1354/3250 train_time:416.989s step_avg:307.97ms
step:1355/3250 train_time:417.297s step_avg:307.97ms
step:1356/3250 train_time:417.602s step_avg:307.97ms
step:1357/3250 train_time:417.906s step_avg:307.96ms
step:1358/3250 train_time:418.211s step_avg:307.96ms
step:1359/3250 train_time:418.519s step_avg:307.96ms
step:1360/3250 train_time:418.825s step_avg:307.96ms
step:1361/3250 train_time:419.129s step_avg:307.96ms
step:1362/3250 train_time:419.435s step_avg:307.95ms
step:1363/3250 train_time:419.741s step_avg:307.95ms
step:1364/3250 train_time:420.049s step_avg:307.95ms
step:1365/3250 train_time:420.356s step_avg:307.95ms
step:1366/3250 train_time:420.662s step_avg:307.95ms
step:1367/3250 train_time:420.965s step_avg:307.95ms
step:1368/3250 train_time:421.271s step_avg:307.95ms
step:1369/3250 train_time:421.578s step_avg:307.95ms
step:1370/3250 train_time:421.883s step_avg:307.94ms
step:1371/3250 train_time:422.193s step_avg:307.95ms
step:1372/3250 train_time:422.504s step_avg:307.95ms
step:1373/3250 train_time:422.812s step_avg:307.95ms
step:1374/3250 train_time:423.123s step_avg:307.95ms
step:1375/3250 train_time:423.429s step_avg:307.95ms
step:1375/3250 val_loss:3.56086 train_time:423.429s step_avg:309.29ms
probe_ema: n=84934656 align=-0.32961,-0.29168,-0.26227,-0.23412 rel_mse=1.07134,1.03881,1.02039,1.01054
step:1376/3250 train_time:423.741s step_avg:307.95ms
step:1377/3250 train_time:424.056s step_avg:307.96ms
step:1378/3250 train_time:424.363s step_avg:307.96ms
step:1379/3250 train_time:424.670s step_avg:307.95ms
step:1380/3250 train_time:424.977s step_avg:307.95ms
step:1381/3250 train_time:425.284s step_avg:307.95ms
step:1382/3250 train_time:425.590s step_avg:307.95ms
step:1383/3250 train_time:425.895s step_avg:307.95ms
step:1384/3250 train_time:426.201s step_avg:307.95ms
step:1385/3250 train_time:426.506s step_avg:307.95ms
step:1386/3250 train_time:426.814s step_avg:307.95ms
step:1387/3250 train_time:427.117s step_avg:307.94ms
step:1388/3250 train_time:427.424s step_avg:307.94ms
step:1389/3250 train_time:427.734s step_avg:307.94ms
step:1390/3250 train_time:428.043s step_avg:307.94ms
step:1391/3250 train_time:428.354s step_avg:307.95ms
step:1392/3250 train_time:428.662s step_avg:307.95ms
step:1393/3250 train_time:428.971s step_avg:307.95ms
step:1394/3250 train_time:429.289s step_avg:307.96ms
step:1395/3250 train_time:429.595s step_avg:307.95ms
step:1396/3250 train_time:429.899s step_avg:307.95ms
step:1397/3250 train_time:430.204s step_avg:307.95ms
step:1398/3250 train_time:430.512s step_avg:307.95ms
step:1399/3250 train_time:430.817s step_avg:307.95ms
step:1400/3250 train_time:431.126s step_avg:307.95ms
step:1401/3250 train_time:431.438s step_avg:307.95ms
step:1402/3250 train_time:431.747s step_avg:307.95ms
step:1403/3250 train_time:432.057s step_avg:307.95ms
step:1404/3250 train_time:432.367s step_avg:307.95ms
step:1405/3250 train_time:432.676s step_avg:307.95ms
step:1406/3250 train_time:432.981s step_avg:307.95ms
step:1407/3250 train_time:433.287s step_avg:307.95ms
step:1408/3250 train_time:433.594s step_avg:307.95ms
step:1409/3250 train_time:433.897s step_avg:307.95ms
step:1410/3250 train_time:434.203s step_avg:307.95ms
step:1411/3250 train_time:434.509s step_avg:307.94ms
step:1412/3250 train_time:434.818s step_avg:307.94ms
step:1413/3250 train_time:435.128s step_avg:307.95ms
step:1414/3250 train_time:435.442s step_avg:307.95ms
step:1415/3250 train_time:435.751s step_avg:307.95ms
step:1416/3250 train_time:436.061s step_avg:307.95ms
step:1417/3250 train_time:436.371s step_avg:307.95ms
step:1418/3250 train_time:436.683s step_avg:307.96ms
step:1419/3250 train_time:436.992s step_avg:307.96ms
step:1420/3250 train_time:437.307s step_avg:307.96ms
step:1421/3250 train_time:437.619s step_avg:307.97ms
step:1422/3250 train_time:437.928s step_avg:307.97ms
step:1423/3250 train_time:438.242s step_avg:307.97ms
step:1424/3250 train_time:438.553s step_avg:307.97ms
step:1425/3250 train_time:438.866s step_avg:307.98ms
step:1426/3250 train_time:439.177s step_avg:307.98ms
step:1427/3250 train_time:439.490s step_avg:307.98ms
step:1428/3250 train_time:439.798s step_avg:307.98ms
step:1429/3250 train_time:440.106s step_avg:307.98ms
step:1430/3250 train_time:440.418s step_avg:307.98ms
step:1431/3250 train_time:440.728s step_avg:307.99ms
step:1432/3250 train_time:441.040s step_avg:307.99ms
step:1433/3250 train_time:441.350s step_avg:307.99ms
step:1434/3250 train_time:441.665s step_avg:307.99ms
step:1435/3250 train_time:441.978s step_avg:308.00ms
step:1436/3250 train_time:442.288s step_avg:308.00ms
step:1437/3250 train_time:442.597s step_avg:308.00ms
step:1438/3250 train_time:442.913s step_avg:308.01ms
step:1439/3250 train_time:443.223s step_avg:308.01ms
step:1440/3250 train_time:443.538s step_avg:308.01ms
step:1441/3250 train_time:443.850s step_avg:308.02ms
step:1442/3250 train_time:444.163s step_avg:308.02ms
step:1443/3250 train_time:444.477s step_avg:308.02ms
step:1444/3250 train_time:444.786s step_avg:308.02ms
step:1445/3250 train_time:445.099s step_avg:308.03ms
step:1446/3250 train_time:445.408s step_avg:308.03ms
step:1447/3250 train_time:445.720s step_avg:308.03ms
step:1448/3250 train_time:446.030s step_avg:308.03ms
step:1449/3250 train_time:446.340s step_avg:308.03ms
step:1450/3250 train_time:446.650s step_avg:308.03ms
step:1451/3250 train_time:446.961s step_avg:308.04ms
step:1452/3250 train_time:447.272s step_avg:308.04ms
step:1453/3250 train_time:447.581s step_avg:308.04ms
step:1454/3250 train_time:447.889s step_avg:308.04ms
step:1455/3250 train_time:448.199s step_avg:308.04ms
step:1456/3250 train_time:448.508s step_avg:308.04ms
step:1457/3250 train_time:448.821s step_avg:308.04ms
step:1458/3250 train_time:449.136s step_avg:308.05ms
step:1459/3250 train_time:449.447s step_avg:308.05ms
step:1460/3250 train_time:449.759s step_avg:308.05ms
step:1461/3250 train_time:450.070s step_avg:308.06ms
step:1462/3250 train_time:450.381s step_avg:308.06ms
step:1463/3250 train_time:450.689s step_avg:308.06ms
step:1464/3250 train_time:451.009s step_avg:308.07ms
step:1465/3250 train_time:451.320s step_avg:308.07ms
step:1466/3250 train_time:451.628s step_avg:308.07ms
step:1467/3250 train_time:451.938s step_avg:308.07ms
step:1468/3250 train_time:452.249s step_avg:308.07ms
step:1469/3250 train_time:452.560s step_avg:308.07ms
step:1470/3250 train_time:452.870s step_avg:308.07ms
step:1471/3250 train_time:453.179s step_avg:308.08ms
step:1472/3250 train_time:453.493s step_avg:308.08ms
step:1473/3250 train_time:453.805s step_avg:308.08ms
step:1474/3250 train_time:454.116s step_avg:308.08ms
step:1475/3250 train_time:454.426s step_avg:308.09ms
step:1476/3250 train_time:454.737s step_avg:308.09ms
step:1477/3250 train_time:455.046s step_avg:308.09ms
step:1478/3250 train_time:455.357s step_avg:308.09ms
step:1479/3250 train_time:455.669s step_avg:308.09ms
step:1480/3250 train_time:455.980s step_avg:308.09ms
step:1481/3250 train_time:456.289s step_avg:308.10ms
step:1482/3250 train_time:456.598s step_avg:308.10ms
step:1483/3250 train_time:456.906s step_avg:308.10ms
step:1484/3250 train_time:457.217s step_avg:308.10ms
step:1485/3250 train_time:457.524s step_avg:308.10ms
step:1486/3250 train_time:457.831s step_avg:308.10ms
step:1487/3250 train_time:458.138s step_avg:308.10ms
step:1488/3250 train_time:458.444s step_avg:308.09ms
step:1489/3250 train_time:458.752s step_avg:308.09ms
step:1490/3250 train_time:459.058s step_avg:308.09ms
step:1491/3250 train_time:459.365s step_avg:308.09ms
step:1492/3250 train_time:459.675s step_avg:308.09ms
step:1493/3250 train_time:459.982s step_avg:308.09ms
step:1494/3250 train_time:460.289s step_avg:308.09ms
step:1495/3250 train_time:460.596s step_avg:308.09ms
step:1496/3250 train_time:460.911s step_avg:308.10ms
step:1497/3250 train_time:461.217s step_avg:308.09ms
step:1498/3250 train_time:461.525s step_avg:308.09ms
step:1499/3250 train_time:461.833s step_avg:308.09ms
step:1500/3250 train_time:462.138s step_avg:308.09ms
step:1500/3250 val_loss:3.53233 train_time:462.138s step_avg:309.67ms
probe_ema: n=84934656 align=-0.29540,-0.26215,-0.23305,-0.20569 rel_mse=1.04379,1.02330,1.01226,1.00642
step:1501/3250 train_time:462.451s step_avg:308.10ms
step:1502/3250 train_time:462.760s step_avg:308.10ms
step:1503/3250 train_time:463.069s step_avg:308.10ms
step:1504/3250 train_time:463.375s step_avg:308.09ms
step:1505/3250 train_time:463.683s step_avg:308.09ms
step:1506/3250 train_time:463.989s step_avg:308.09ms
step:1507/3250 train_time:464.295s step_avg:308.09ms
step:1508/3250 train_time:464.604s step_avg:308.09ms
step:1509/3250 train_time:464.910s step_avg:308.09ms
step:1510/3250 train_time:465.214s step_avg:308.09ms
step:1511/3250 train_time:465.520s step_avg:308.09ms
step:1512/3250 train_time:465.828s step_avg:308.09ms
step:1513/3250 train_time:466.134s step_avg:308.09ms
step:1514/3250 train_time:466.448s step_avg:308.09ms
step:1515/3250 train_time:466.751s step_avg:308.09ms
step:1516/3250 train_time:467.058s step_avg:308.09ms
step:1517/3250 train_time:467.367s step_avg:308.09ms
step:1518/3250 train_time:467.672s step_avg:308.08ms
step:1519/3250 train_time:467.978s step_avg:308.08ms
step:1520/3250 train_time:468.285s step_avg:308.08ms
step:1521/3250 train_time:468.629s step_avg:308.11ms
step:1522/3250 train_time:468.933s step_avg:308.10ms
step:1523/3250 train_time:469.247s step_avg:308.11ms
step:1524/3250 train_time:469.553s step_avg:308.11ms
step:1525/3250 train_time:469.860s step_avg:308.10ms
step:1526/3250 train_time:470.168s step_avg:308.11ms
step:1527/3250 train_time:470.474s step_avg:308.10ms
step:1528/3250 train_time:470.778s step_avg:308.10ms
step:1529/3250 train_time:471.083s step_avg:308.10ms
step:1530/3250 train_time:471.389s step_avg:308.10ms
step:1531/3250 train_time:471.694s step_avg:308.10ms
step:1532/3250 train_time:472.001s step_avg:308.09ms
step:1533/3250 train_time:472.308s step_avg:308.09ms
step:1534/3250 train_time:472.613s step_avg:308.09ms
step:1535/3250 train_time:472.921s step_avg:308.09ms
step:1536/3250 train_time:473.229s step_avg:308.09ms
step:1537/3250 train_time:473.534s step_avg:308.09ms
step:1538/3250 train_time:473.841s step_avg:308.09ms
step:1539/3250 train_time:474.147s step_avg:308.09ms
step:1540/3250 train_time:474.451s step_avg:308.09ms
step:1541/3250 train_time:474.762s step_avg:308.09ms
step:1542/3250 train_time:475.070s step_avg:308.09ms
step:1543/3250 train_time:475.374s step_avg:308.08ms
step:1544/3250 train_time:475.683s step_avg:308.08ms
step:1545/3250 train_time:475.990s step_avg:308.08ms
step:1546/3250 train_time:476.298s step_avg:308.08ms
step:1547/3250 train_time:476.607s step_avg:308.08ms
step:1548/3250 train_time:476.911s step_avg:308.08ms
step:1549/3250 train_time:477.218s step_avg:308.08ms
step:1550/3250 train_time:477.523s step_avg:308.08ms
step:1551/3250 train_time:477.831s step_avg:308.08ms
step:1552/3250 train_time:478.137s step_avg:308.08ms
step:1553/3250 train_time:478.445s step_avg:308.08ms
step:1554/3250 train_time:478.750s step_avg:308.08ms
step:1555/3250 train_time:479.055s step_avg:308.07ms
step:1556/3250 train_time:479.364s step_avg:308.07ms
step:1557/3250 train_time:479.669s step_avg:308.07ms
step:1558/3250 train_time:479.975s step_avg:308.07ms
step:1559/3250 train_time:480.281s step_avg:308.07ms
step:1560/3250 train_time:480.590s step_avg:308.07ms
step:1561/3250 train_time:480.895s step_avg:308.07ms
step:1562/3250 train_time:481.203s step_avg:308.07ms
step:1563/3250 train_time:481.509s step_avg:308.07ms
step:1564/3250 train_time:481.815s step_avg:308.07ms
step:1565/3250 train_time:482.123s step_avg:308.07ms
step:1566/3250 train_time:482.430s step_avg:308.07ms
step:1567/3250 train_time:482.736s step_avg:308.06ms
step:1568/3250 train_time:483.043s step_avg:308.06ms
step:1569/3250 train_time:483.349s step_avg:308.06ms
step:1570/3250 train_time:483.653s step_avg:308.06ms
step:1571/3250 train_time:483.962s step_avg:308.06ms
step:1572/3250 train_time:484.269s step_avg:308.06ms
step:1573/3250 train_time:484.575s step_avg:308.06ms
step:1574/3250 train_time:484.883s step_avg:308.06ms
step:1575/3250 train_time:485.192s step_avg:308.06ms
step:1576/3250 train_time:485.500s step_avg:308.06ms
step:1577/3250 train_time:485.809s step_avg:308.06ms
step:1578/3250 train_time:486.117s step_avg:308.06ms
step:1579/3250 train_time:486.424s step_avg:308.06ms
step:1580/3250 train_time:486.731s step_avg:308.06ms
step:1581/3250 train_time:487.036s step_avg:308.06ms
step:1582/3250 train_time:487.343s step_avg:308.05ms
step:1583/3250 train_time:487.653s step_avg:308.06ms
step:1584/3250 train_time:487.966s step_avg:308.06ms
step:1585/3250 train_time:488.275s step_avg:308.06ms
step:1586/3250 train_time:488.583s step_avg:308.06ms
step:1587/3250 train_time:488.890s step_avg:308.06ms
step:1588/3250 train_time:489.199s step_avg:308.06ms
step:1589/3250 train_time:489.508s step_avg:308.06ms
step:1590/3250 train_time:489.825s step_avg:308.07ms
step:1591/3250 train_time:490.139s step_avg:308.07ms
step:1592/3250 train_time:490.448s step_avg:308.07ms
step:1593/3250 train_time:490.757s step_avg:308.07ms
step:1594/3250 train_time:491.065s step_avg:308.07ms
step:1595/3250 train_time:491.372s step_avg:308.07ms
step:1596/3250 train_time:491.679s step_avg:308.07ms
step:1597/3250 train_time:491.990s step_avg:308.07ms
step:1598/3250 train_time:492.298s step_avg:308.07ms
step:1599/3250 train_time:492.611s step_avg:308.07ms
step:1600/3250 train_time:492.922s step_avg:308.08ms
step:1601/3250 train_time:493.240s step_avg:308.08ms
step:1602/3250 train_time:493.549s step_avg:308.08ms
step:1603/3250 train_time:493.855s step_avg:308.08ms
step:1604/3250 train_time:494.171s step_avg:308.09ms
step:1605/3250 train_time:494.483s step_avg:308.09ms
step:1606/3250 train_time:494.794s step_avg:308.09ms
step:1607/3250 train_time:495.103s step_avg:308.09ms
step:1608/3250 train_time:495.414s step_avg:308.09ms
step:1609/3250 train_time:495.727s step_avg:308.10ms
step:1610/3250 train_time:496.036s step_avg:308.10ms
step:1611/3250 train_time:496.348s step_avg:308.10ms
step:1612/3250 train_time:496.657s step_avg:308.10ms
step:1613/3250 train_time:496.969s step_avg:308.10ms
step:1614/3250 train_time:497.277s step_avg:308.10ms
step:1615/3250 train_time:497.589s step_avg:308.10ms
step:1616/3250 train_time:497.897s step_avg:308.10ms
step:1617/3250 train_time:498.207s step_avg:308.11ms
step:1618/3250 train_time:498.517s step_avg:308.11ms
step:1619/3250 train_time:498.827s step_avg:308.11ms
step:1620/3250 train_time:499.139s step_avg:308.11ms
step:1621/3250 train_time:499.450s step_avg:308.11ms
step:1622/3250 train_time:499.767s step_avg:308.12ms
step:1623/3250 train_time:500.074s step_avg:308.12ms
step:1624/3250 train_time:500.382s step_avg:308.12ms
step:1625/3250 train_time:500.693s step_avg:308.12ms
step:1625/3250 val_loss:3.51264 train_time:500.693s step_avg:308.44ms
probe_ema: n=84934656 align=-0.32270,-0.28110,-0.24208,-0.20243 rel_mse=1.05173,1.02735,1.01414,1.00708
step:1626/3250 train_time:501.021s step_avg:308.13ms
step:1627/3250 train_time:501.338s step_avg:308.14ms
step:1628/3250 train_time:501.648s step_avg:308.14ms
step:1629/3250 train_time:501.960s step_avg:308.14ms
step:1630/3250 train_time:502.270s step_avg:308.14ms
step:1631/3250 train_time:502.581s step_avg:308.14ms
step:1632/3250 train_time:502.890s step_avg:308.14ms
step:1633/3250 train_time:503.200s step_avg:308.14ms
step:1634/3250 train_time:503.509s step_avg:308.15ms
step:1635/3250 train_time:503.821s step_avg:308.15ms
step:1636/3250 train_time:504.133s step_avg:308.15ms
step:1637/3250 train_time:504.446s step_avg:308.15ms
step:1638/3250 train_time:504.755s step_avg:308.15ms
step:1639/3250 train_time:505.067s step_avg:308.16ms
step:1640/3250 train_time:505.375s step_avg:308.16ms
step:1641/3250 train_time:505.684s step_avg:308.16ms
step:1642/3250 train_time:505.993s step_avg:308.16ms
step:1643/3250 train_time:506.302s step_avg:308.16ms
step:1644/3250 train_time:506.611s step_avg:308.16ms
step:1645/3250 train_time:506.926s step_avg:308.16ms
step:1646/3250 train_time:507.238s step_avg:308.16ms
step:1647/3250 train_time:507.548s step_avg:308.17ms
step:1648/3250 train_time:507.860s step_avg:308.17ms
step:1649/3250 train_time:508.173s step_avg:308.17ms
step:1650/3250 train_time:508.483s step_avg:308.17ms
step:1651/3250 train_time:508.789s step_avg:308.17ms
step:1652/3250 train_time:509.096s step_avg:308.17ms
step:1653/3250 train_time:509.403s step_avg:308.17ms
step:1654/3250 train_time:509.707s step_avg:308.17ms
step:1655/3250 train_time:510.013s step_avg:308.16ms
step:1656/3250 train_time:510.319s step_avg:308.16ms
step:1657/3250 train_time:510.624s step_avg:308.16ms
step:1658/3250 train_time:510.928s step_avg:308.16ms
step:1659/3250 train_time:511.234s step_avg:308.16ms
step:1660/3250 train_time:511.540s step_avg:308.16ms
step:1661/3250 train_time:511.845s step_avg:308.15ms
step:1662/3250 train_time:512.148s step_avg:308.15ms
step:1663/3250 train_time:512.454s step_avg:308.15ms
step:1664/3250 train_time:512.761s step_avg:308.15ms
step:1665/3250 train_time:513.064s step_avg:308.15ms
step:1666/3250 train_time:513.369s step_avg:308.14ms
step:1667/3250 train_time:513.676s step_avg:308.14ms
step:1668/3250 train_time:513.979s step_avg:308.14ms
step:1669/3250 train_time:514.283s step_avg:308.14ms
step:1670/3250 train_time:514.587s step_avg:308.14ms
step:1671/3250 train_time:514.893s step_avg:308.13ms
step:1672/3250 train_time:515.200s step_avg:308.13ms
step:1673/3250 train_time:515.506s step_avg:308.13ms
step:1674/3250 train_time:515.811s step_avg:308.13ms
step:1675/3250 train_time:516.118s step_avg:308.13ms
step:1676/3250 train_time:516.425s step_avg:308.13ms
step:1677/3250 train_time:516.728s step_avg:308.13ms
step:1678/3250 train_time:517.033s step_avg:308.12ms
step:1679/3250 train_time:517.339s step_avg:308.12ms
step:1680/3250 train_time:517.644s step_avg:308.12ms
step:1681/3250 train_time:517.949s step_avg:308.12ms
step:1682/3250 train_time:518.259s step_avg:308.12ms
step:1683/3250 train_time:518.565s step_avg:308.12ms
step:1684/3250 train_time:518.869s step_avg:308.12ms
step:1685/3250 train_time:519.175s step_avg:308.12ms
step:1686/3250 train_time:519.483s step_avg:308.12ms
step:1687/3250 train_time:519.789s step_avg:308.11ms
step:1688/3250 train_time:520.094s step_avg:308.11ms
step:1689/3250 train_time:520.406s step_avg:308.11ms
step:1690/3250 train_time:520.709s step_avg:308.11ms
step:1691/3250 train_time:521.013s step_avg:308.11ms
step:1692/3250 train_time:521.317s step_avg:308.11ms
step:1693/3250 train_time:521.623s step_avg:308.11ms
step:1694/3250 train_time:521.927s step_avg:308.10ms
step:1695/3250 train_time:522.231s step_avg:308.10ms
step:1696/3250 train_time:522.538s step_avg:308.10ms
step:1697/3250 train_time:522.844s step_avg:308.10ms
step:1698/3250 train_time:523.148s step_avg:308.10ms
step:1699/3250 train_time:523.452s step_avg:308.09ms
step:1700/3250 train_time:523.758s step_avg:308.09ms
step:1701/3250 train_time:524.066s step_avg:308.09ms
step:1702/3250 train_time:524.370s step_avg:308.09ms
step:1703/3250 train_time:524.675s step_avg:308.09ms
step:1704/3250 train_time:524.979s step_avg:308.09ms
step:1705/3250 train_time:525.292s step_avg:308.09ms
step:1706/3250 train_time:525.599s step_avg:308.09ms
step:1707/3250 train_time:525.906s step_avg:308.09ms
step:1708/3250 train_time:526.210s step_avg:308.09ms
step:1709/3250 train_time:526.519s step_avg:308.09ms
step:1710/3250 train_time:526.827s step_avg:308.09ms
step:1711/3250 train_time:527.168s step_avg:308.11ms
step:1712/3250 train_time:527.473s step_avg:308.10ms
step:1713/3250 train_time:527.779s step_avg:308.10ms
step:1714/3250 train_time:528.083s step_avg:308.10ms
step:1715/3250 train_time:528.387s step_avg:308.10ms
step:1716/3250 train_time:528.693s step_avg:308.10ms
step:1717/3250 train_time:529.000s step_avg:308.10ms
step:1718/3250 train_time:529.305s step_avg:308.09ms
step:1719/3250 train_time:529.612s step_avg:308.09ms
step:1720/3250 train_time:529.917s step_avg:308.09ms
step:1721/3250 train_time:530.225s step_avg:308.09ms
step:1722/3250 train_time:530.529s step_avg:308.09ms
step:1723/3250 train_time:530.836s step_avg:308.09ms
step:1724/3250 train_time:531.145s step_avg:308.09ms
step:1725/3250 train_time:531.452s step_avg:308.09ms
step:1726/3250 train_time:531.757s step_avg:308.09ms
step:1727/3250 train_time:532.065s step_avg:308.09ms
step:1728/3250 train_time:532.370s step_avg:308.08ms
step:1729/3250 train_time:532.678s step_avg:308.08ms
step:1730/3250 train_time:532.984s step_avg:308.08ms
step:1731/3250 train_time:533.297s step_avg:308.09ms
step:1732/3250 train_time:533.606s step_avg:308.09ms
step:1733/3250 train_time:533.912s step_avg:308.09ms
step:1734/3250 train_time:534.219s step_avg:308.08ms
step:1735/3250 train_time:534.523s step_avg:308.08ms
step:1736/3250 train_time:534.827s step_avg:308.08ms
step:1737/3250 train_time:535.135s step_avg:308.08ms
step:1738/3250 train_time:535.442s step_avg:308.08ms
step:1739/3250 train_time:535.747s step_avg:308.08ms
step:1740/3250 train_time:536.054s step_avg:308.08ms
step:1741/3250 train_time:536.360s step_avg:308.08ms
step:1742/3250 train_time:536.666s step_avg:308.07ms
step:1743/3250 train_time:536.971s step_avg:308.07ms
step:1744/3250 train_time:537.276s step_avg:308.07ms
step:1745/3250 train_time:537.580s step_avg:308.07ms
step:1746/3250 train_time:537.884s step_avg:308.07ms
step:1747/3250 train_time:538.189s step_avg:308.06ms
step:1748/3250 train_time:538.500s step_avg:308.07ms
step:1749/3250 train_time:538.805s step_avg:308.06ms
step:1750/3250 train_time:539.108s step_avg:308.06ms
step:1750/3250 val_loss:3.48734 train_time:539.108s step_avg:307.32ms
probe_ema: n=84934656 align=-0.29649,-0.26497,-0.23486,-0.20257 rel_mse=1.06076,1.03216,1.01671,1.00846
step:1751/3250 train_time:539.420s step_avg:308.06ms
step:1752/3250 train_time:539.730s step_avg:308.07ms
step:1753/3250 train_time:540.038s step_avg:308.07ms
step:1754/3250 train_time:540.346s step_avg:308.06ms
step:1755/3250 train_time:540.656s step_avg:308.07ms
step:1756/3250 train_time:540.963s step_avg:308.07ms
step:1757/3250 train_time:541.276s step_avg:308.07ms
step:1758/3250 train_time:541.589s step_avg:308.07ms
step:1759/3250 train_time:541.900s step_avg:308.07ms
step:1760/3250 train_time:542.208s step_avg:308.07ms
step:1761/3250 train_time:542.517s step_avg:308.07ms
step:1762/3250 train_time:542.830s step_avg:308.08ms
step:1763/3250 train_time:543.140s step_avg:308.08ms
step:1764/3250 train_time:543.448s step_avg:308.08ms
step:1765/3250 train_time:543.758s step_avg:308.08ms
step:1766/3250 train_time:544.066s step_avg:308.08ms
step:1767/3250 train_time:544.378s step_avg:308.08ms
step:1768/3250 train_time:544.690s step_avg:308.08ms
step:1769/3250 train_time:545.000s step_avg:308.08ms
step:1770/3250 train_time:545.311s step_avg:308.09ms
step:1771/3250 train_time:545.620s step_avg:308.09ms
step:1772/3250 train_time:545.929s step_avg:308.09ms
step:1773/3250 train_time:546.241s step_avg:308.09ms
step:1774/3250 train_time:546.551s step_avg:308.09ms
step:1775/3250 train_time:546.861s step_avg:308.09ms
step:1776/3250 train_time:547.170s step_avg:308.09ms
step:1777/3250 train_time:547.480s step_avg:308.09ms
step:1778/3250 train_time:547.790s step_avg:308.09ms
step:1779/3250 train_time:548.099s step_avg:308.09ms
step:1780/3250 train_time:548.408s step_avg:308.09ms
step:1781/3250 train_time:548.717s step_avg:308.09ms
step:1782/3250 train_time:549.029s step_avg:308.10ms
step:1783/3250 train_time:549.340s step_avg:308.10ms
step:1784/3250 train_time:549.651s step_avg:308.10ms
step:1785/3250 train_time:549.965s step_avg:308.10ms
step:1786/3250 train_time:550.276s step_avg:308.11ms
step:1787/3250 train_time:550.583s step_avg:308.10ms
step:1788/3250 train_time:550.892s step_avg:308.11ms
step:1789/3250 train_time:551.206s step_avg:308.11ms
step:1790/3250 train_time:551.519s step_avg:308.11ms
step:1791/3250 train_time:551.838s step_avg:308.12ms
step:1792/3250 train_time:552.150s step_avg:308.12ms
step:1793/3250 train_time:552.457s step_avg:308.12ms
step:1794/3250 train_time:552.770s step_avg:308.12ms
step:1795/3250 train_time:553.085s step_avg:308.13ms
step:1796/3250 train_time:553.396s step_avg:308.13ms
step:1797/3250 train_time:553.706s step_avg:308.13ms
step:1798/3250 train_time:554.020s step_avg:308.13ms
step:1799/3250 train_time:554.332s step_avg:308.13ms
step:1800/3250 train_time:554.643s step_avg:308.13ms
step:1801/3250 train_time:554.954s step_avg:308.14ms
step:1802/3250 train_time:555.264s step_avg:308.14ms
step:1803/3250 train_time:555.578s step_avg:308.14ms
step:1804/3250 train_time:555.889s step_avg:308.14ms
step:1805/3250 train_time:556.198s step_avg:308.14ms
step:1806/3250 train_time:556.507s step_avg:308.14ms
step:1807/3250 train_time:556.827s step_avg:308.15ms
step:1808/3250 train_time:557.137s step_avg:308.15ms
step:1809/3250 train_time:557.445s step_avg:308.15ms
step:1810/3250 train_time:557.756s step_avg:308.15ms
step:1811/3250 train_time:558.065s step_avg:308.15ms
step:1812/3250 train_time:558.377s step_avg:308.15ms
step:1813/3250 train_time:558.687s step_avg:308.16ms
step:1814/3250 train_time:558.999s step_avg:308.16ms
step:1815/3250 train_time:559.311s step_avg:308.16ms
step:1816/3250 train_time:559.621s step_avg:308.16ms
step:1817/3250 train_time:559.932s step_avg:308.16ms
step:1818/3250 train_time:560.240s step_avg:308.16ms
step:1819/3250 train_time:560.553s step_avg:308.17ms
step:1820/3250 train_time:560.859s step_avg:308.16ms
step:1821/3250 train_time:561.163s step_avg:308.16ms
step:1822/3250 train_time:561.471s step_avg:308.16ms
step:1823/3250 train_time:561.774s step_avg:308.16ms
step:1824/3250 train_time:562.079s step_avg:308.16ms
step:1825/3250 train_time:562.384s step_avg:308.16ms
step:1826/3250 train_time:562.693s step_avg:308.16ms
step:1827/3250 train_time:562.998s step_avg:308.15ms
step:1828/3250 train_time:563.309s step_avg:308.16ms
step:1829/3250 train_time:563.615s step_avg:308.15ms
step:1830/3250 train_time:563.919s step_avg:308.15ms
step:1831/3250 train_time:564.226s step_avg:308.15ms
step:1832/3250 train_time:564.533s step_avg:308.15ms
step:1833/3250 train_time:564.837s step_avg:308.15ms
step:1834/3250 train_time:565.141s step_avg:308.15ms
step:1835/3250 train_time:565.449s step_avg:308.15ms
step:1836/3250 train_time:565.754s step_avg:308.14ms
step:1837/3250 train_time:566.058s step_avg:308.14ms
step:1838/3250 train_time:566.364s step_avg:308.14ms
step:1839/3250 train_time:566.671s step_avg:308.14ms
step:1840/3250 train_time:566.976s step_avg:308.14ms
step:1841/3250 train_time:567.283s step_avg:308.14ms
step:1842/3250 train_time:567.593s step_avg:308.14ms
step:1843/3250 train_time:567.897s step_avg:308.14ms
step:1844/3250 train_time:568.204s step_avg:308.14ms
step:1845/3250 train_time:568.511s step_avg:308.14ms
step:1846/3250 train_time:568.816s step_avg:308.13ms
step:1847/3250 train_time:569.120s step_avg:308.13ms
step:1848/3250 train_time:569.436s step_avg:308.14ms
step:1849/3250 train_time:569.738s step_avg:308.13ms
step:1850/3250 train_time:570.042s step_avg:308.13ms
step:1851/3250 train_time:570.347s step_avg:308.13ms
step:1852/3250 train_time:570.653s step_avg:308.13ms
step:1853/3250 train_time:570.958s step_avg:308.13ms
step:1854/3250 train_time:571.265s step_avg:308.13ms
step:1855/3250 train_time:571.572s step_avg:308.13ms
step:1856/3250 train_time:571.875s step_avg:308.12ms
step:1857/3250 train_time:572.178s step_avg:308.12ms
step:1858/3250 train_time:572.483s step_avg:308.12ms
step:1859/3250 train_time:572.792s step_avg:308.12ms
step:1860/3250 train_time:573.097s step_avg:308.12ms
step:1861/3250 train_time:573.402s step_avg:308.12ms
step:1862/3250 train_time:573.711s step_avg:308.12ms
step:1863/3250 train_time:574.017s step_avg:308.11ms
step:1864/3250 train_time:574.324s step_avg:308.11ms
step:1865/3250 train_time:574.630s step_avg:308.11ms
step:1866/3250 train_time:574.935s step_avg:308.11ms
step:1867/3250 train_time:575.238s step_avg:308.11ms
step:1868/3250 train_time:575.544s step_avg:308.11ms
step:1869/3250 train_time:575.850s step_avg:308.11ms
step:1870/3250 train_time:576.158s step_avg:308.11ms
step:1871/3250 train_time:576.464s step_avg:308.10ms
step:1872/3250 train_time:576.774s step_avg:308.11ms
step:1873/3250 train_time:577.080s step_avg:308.10ms
step:1874/3250 train_time:577.386s step_avg:308.10ms
step:1875/3250 train_time:577.694s step_avg:308.10ms
step:1875/3250 val_loss:3.46775 train_time:577.694s step_avg:308.69ms
probe_ema: n=84934656 align=-0.32064,-0.28434,-0.25202,-0.22186 rel_mse=1.05977,1.03212,1.01696,1.00888
step:1876/3250 train_time:578.006s step_avg:308.11ms
step:1877/3250 train_time:578.312s step_avg:308.10ms
step:1878/3250 train_time:578.620s step_avg:308.10ms
step:1879/3250 train_time:578.927s step_avg:308.10ms
step:1880/3250 train_time:579.231s step_avg:308.10ms
step:1881/3250 train_time:579.538s step_avg:308.10ms
step:1882/3250 train_time:579.845s step_avg:308.10ms
step:1883/3250 train_time:580.156s step_avg:308.10ms
step:1884/3250 train_time:580.462s step_avg:308.10ms
step:1885/3250 train_time:580.767s step_avg:308.10ms
step:1886/3250 train_time:581.071s step_avg:308.10ms
step:1887/3250 train_time:581.375s step_avg:308.09ms
step:1888/3250 train_time:581.682s step_avg:308.09ms
step:1889/3250 train_time:581.986s step_avg:308.09ms
step:1890/3250 train_time:582.293s step_avg:308.09ms
step:1891/3250 train_time:582.599s step_avg:308.09ms
step:1892/3250 train_time:582.905s step_avg:308.09ms
step:1893/3250 train_time:583.209s step_avg:308.09ms
step:1894/3250 train_time:583.516s step_avg:308.09ms
step:1895/3250 train_time:583.823s step_avg:308.09ms
step:1896/3250 train_time:584.128s step_avg:308.08ms
step:1897/3250 train_time:584.431s step_avg:308.08ms
step:1898/3250 train_time:584.737s step_avg:308.08ms
step:1899/3250 train_time:585.048s step_avg:308.08ms
step:1900/3250 train_time:585.354s step_avg:308.08ms
step:1901/3250 train_time:585.691s step_avg:308.10ms
step:1902/3250 train_time:585.998s step_avg:308.10ms
step:1903/3250 train_time:586.305s step_avg:308.10ms
step:1904/3250 train_time:586.608s step_avg:308.09ms
step:1905/3250 train_time:586.911s step_avg:308.09ms
step:1906/3250 train_time:587.217s step_avg:308.09ms
step:1907/3250 train_time:587.522s step_avg:308.09ms
step:1908/3250 train_time:587.826s step_avg:308.08ms
step:1909/3250 train_time:588.129s step_avg:308.08ms
step:1910/3250 train_time:588.434s step_avg:308.08ms
step:1911/3250 train_time:588.740s step_avg:308.08ms
step:1912/3250 train_time:589.045s step_avg:308.08ms
step:1913/3250 train_time:589.348s step_avg:308.08ms
step:1914/3250 train_time:589.653s step_avg:308.07ms
step:1915/3250 train_time:589.961s step_avg:308.07ms
step:1916/3250 train_time:590.277s step_avg:308.08ms
step:1917/3250 train_time:590.583s step_avg:308.08ms
step:1918/3250 train_time:590.891s step_avg:308.08ms
step:1919/3250 train_time:591.204s step_avg:308.08ms
step:1920/3250 train_time:591.511s step_avg:308.08ms
step:1921/3250 train_time:591.821s step_avg:308.08ms
step:1922/3250 train_time:592.128s step_avg:308.08ms
step:1923/3250 train_time:592.436s step_avg:308.08ms
step:1924/3250 train_time:592.749s step_avg:308.08ms
step:1925/3250 train_time:593.061s step_avg:308.08ms
step:1926/3250 train_time:593.370s step_avg:308.08ms
step:1927/3250 train_time:593.681s step_avg:308.09ms
step:1928/3250 train_time:593.991s step_avg:308.09ms
step:1929/3250 train_time:594.300s step_avg:308.09ms
step:1930/3250 train_time:594.609s step_avg:308.09ms
step:1931/3250 train_time:594.918s step_avg:308.09ms
step:1932/3250 train_time:595.227s step_avg:308.09ms
step:1933/3250 train_time:595.535s step_avg:308.09ms
step:1934/3250 train_time:595.845s step_avg:308.09ms
step:1935/3250 train_time:596.157s step_avg:308.09ms
step:1936/3250 train_time:596.468s step_avg:308.09ms
step:1937/3250 train_time:596.778s step_avg:308.09ms
step:1938/3250 train_time:597.090s step_avg:308.10ms
step:1939/3250 train_time:597.401s step_avg:308.10ms
step:1940/3250 train_time:597.714s step_avg:308.10ms
step:1941/3250 train_time:598.024s step_avg:308.10ms
step:1942/3250 train_time:598.333s step_avg:308.10ms
step:1943/3250 train_time:598.644s step_avg:308.10ms
step:1944/3250 train_time:598.951s step_avg:308.10ms
step:1945/3250 train_time:599.262s step_avg:308.10ms
step:1946/3250 train_time:599.572s step_avg:308.10ms
step:1947/3250 train_time:599.882s step_avg:308.11ms
step:1948/3250 train_time:600.191s step_avg:308.11ms
step:1949/3250 train_time:600.501s step_avg:308.11ms
step:1950/3250 train_time:600.817s step_avg:308.11ms
step:1951/3250 train_time:601.128s step_avg:308.11ms
step:1952/3250 train_time:601.439s step_avg:308.11ms
step:1953/3250 train_time:601.749s step_avg:308.12ms
step:1954/3250 train_time:602.066s step_avg:308.12ms
step:1955/3250 train_time:602.377s step_avg:308.12ms
step:1956/3250 train_time:602.688s step_avg:308.12ms
step:1957/3250 train_time:602.996s step_avg:308.12ms
step:1958/3250 train_time:603.308s step_avg:308.12ms
step:1959/3250 train_time:603.616s step_avg:308.12ms
step:1960/3250 train_time:603.927s step_avg:308.13ms
step:1961/3250 train_time:604.234s step_avg:308.13ms
step:1962/3250 train_time:604.544s step_avg:308.13ms
step:1963/3250 train_time:604.851s step_avg:308.13ms
step:1964/3250 train_time:605.165s step_avg:308.13ms
step:1965/3250 train_time:605.477s step_avg:308.13ms
step:1966/3250 train_time:605.787s step_avg:308.13ms
step:1967/3250 train_time:606.097s step_avg:308.13ms
step:1968/3250 train_time:606.410s step_avg:308.14ms
step:1969/3250 train_time:606.722s step_avg:308.14ms
step:1970/3250 train_time:607.032s step_avg:308.14ms
step:1971/3250 train_time:607.343s step_avg:308.14ms
step:1972/3250 train_time:607.650s step_avg:308.14ms
step:1973/3250 train_time:607.961s step_avg:308.14ms
step:1974/3250 train_time:608.273s step_avg:308.14ms
step:1975/3250 train_time:608.586s step_avg:308.14ms
step:1976/3250 train_time:608.894s step_avg:308.14ms
step:1977/3250 train_time:609.209s step_avg:308.15ms
step:1978/3250 train_time:609.521s step_avg:308.15ms
step:1979/3250 train_time:609.830s step_avg:308.15ms
step:1980/3250 train_time:610.142s step_avg:308.15ms
step:1981/3250 train_time:610.452s step_avg:308.15ms
step:1982/3250 train_time:610.766s step_avg:308.16ms
step:1983/3250 train_time:611.083s step_avg:308.16ms
step:1984/3250 train_time:611.395s step_avg:308.16ms
step:1985/3250 train_time:611.706s step_avg:308.16ms
step:1986/3250 train_time:612.016s step_avg:308.16ms
step:1987/3250 train_time:612.326s step_avg:308.17ms
step:1988/3250 train_time:612.634s step_avg:308.17ms
step:1989/3250 train_time:612.946s step_avg:308.17ms
step:1990/3250 train_time:613.256s step_avg:308.17ms
step:1991/3250 train_time:613.571s step_avg:308.17ms
step:1992/3250 train_time:613.883s step_avg:308.17ms
step:1993/3250 train_time:614.193s step_avg:308.18ms
step:1994/3250 train_time:614.503s step_avg:308.18ms
step:1995/3250 train_time:614.810s step_avg:308.18ms
step:1996/3250 train_time:615.118s step_avg:308.18ms
step:1997/3250 train_time:615.425s step_avg:308.17ms
step:1998/3250 train_time:615.730s step_avg:308.17ms
step:1999/3250 train_time:616.035s step_avg:308.17ms
step:2000/3250 train_time:616.340s step_avg:308.17ms
step:2000/3250 val_loss:3.44761 train_time:616.340s step_avg:309.17ms
probe_ema: n=84934656 align=-0.31890,-0.28111,-0.24846,-0.21678 rel_mse=1.06556,1.03513,1.01850,1.00956
step:2001/3250 train_time:616.652s step_avg:308.17ms
step:2002/3250 train_time:616.959s step_avg:308.17ms
step:2003/3250 train_time:617.267s step_avg:308.17ms
step:2004/3250 train_time:617.574s step_avg:308.17ms
step:2005/3250 train_time:617.878s step_avg:308.17ms
step:2006/3250 train_time:618.183s step_avg:308.17ms
step:2007/3250 train_time:618.488s step_avg:308.17ms
step:2008/3250 train_time:618.794s step_avg:308.16ms
step:2009/3250 train_time:619.107s step_avg:308.17ms
step:2010/3250 train_time:619.412s step_avg:308.16ms
step:2011/3250 train_time:619.716s step_avg:308.16ms
step:2012/3250 train_time:620.024s step_avg:308.16ms
step:2013/3250 train_time:620.331s step_avg:308.16ms
step:2014/3250 train_time:620.636s step_avg:308.16ms
step:2015/3250 train_time:620.940s step_avg:308.16ms
step:2016/3250 train_time:621.244s step_avg:308.16ms
step:2017/3250 train_time:621.551s step_avg:308.16ms
step:2018/3250 train_time:621.857s step_avg:308.15ms
step:2019/3250 train_time:622.160s step_avg:308.15ms
step:2020/3250 train_time:622.466s step_avg:308.15ms
step:2021/3250 train_time:622.773s step_avg:308.15ms
step:2022/3250 train_time:623.079s step_avg:308.15ms
step:2023/3250 train_time:623.387s step_avg:308.15ms
step:2024/3250 train_time:623.695s step_avg:308.15ms
step:2025/3250 train_time:624.004s step_avg:308.15ms
step:2026/3250 train_time:624.309s step_avg:308.15ms
step:2027/3250 train_time:624.615s step_avg:308.15ms
step:2028/3250 train_time:624.920s step_avg:308.15ms
step:2029/3250 train_time:625.225s step_avg:308.14ms
step:2030/3250 train_time:625.532s step_avg:308.14ms
step:2031/3250 train_time:625.840s step_avg:308.14ms
step:2032/3250 train_time:626.145s step_avg:308.14ms
step:2033/3250 train_time:626.449s step_avg:308.14ms
step:2034/3250 train_time:626.754s step_avg:308.14ms
step:2035/3250 train_time:627.059s step_avg:308.14ms
step:2036/3250 train_time:627.363s step_avg:308.13ms
step:2037/3250 train_time:627.668s step_avg:308.13ms
step:2038/3250 train_time:627.973s step_avg:308.13ms
step:2039/3250 train_time:628.277s step_avg:308.13ms
step:2040/3250 train_time:628.580s step_avg:308.13ms
step:2041/3250 train_time:628.886s step_avg:308.13ms
step:2042/3250 train_time:629.192s step_avg:308.13ms
step:2043/3250 train_time:629.497s step_avg:308.12ms
step:2044/3250 train_time:629.799s step_avg:308.12ms
step:2045/3250 train_time:630.103s step_avg:308.12ms
step:2046/3250 train_time:630.409s step_avg:308.12ms
step:2047/3250 train_time:630.714s step_avg:308.12ms
step:2048/3250 train_time:631.018s step_avg:308.11ms
step:2049/3250 train_time:631.321s step_avg:308.11ms
step:2050/3250 train_time:631.630s step_avg:308.11ms
step:2051/3250 train_time:631.936s step_avg:308.11ms
step:2052/3250 train_time:632.241s step_avg:308.11ms
step:2053/3250 train_time:632.546s step_avg:308.11ms
step:2054/3250 train_time:632.850s step_avg:308.11ms
step:2055/3250 train_time:633.157s step_avg:308.11ms
step:2056/3250 train_time:633.461s step_avg:308.10ms
step:2057/3250 train_time:633.765s step_avg:308.10ms
step:2058/3250 train_time:634.070s step_avg:308.10ms
step:2059/3250 train_time:634.376s step_avg:308.10ms
step:2060/3250 train_time:634.678s step_avg:308.10ms
step:2061/3250 train_time:634.983s step_avg:308.09ms
step:2062/3250 train_time:635.287s step_avg:308.09ms
step:2063/3250 train_time:635.593s step_avg:308.09ms
step:2064/3250 train_time:635.897s step_avg:308.09ms
step:2065/3250 train_time:636.200s step_avg:308.09ms
step:2066/3250 train_time:636.506s step_avg:308.09ms
step:2067/3250 train_time:636.813s step_avg:308.09ms
step:2068/3250 train_time:637.118s step_avg:308.08ms
step:2069/3250 train_time:637.423s step_avg:308.08ms
step:2070/3250 train_time:637.730s step_avg:308.08ms
step:2071/3250 train_time:638.036s step_avg:308.08ms
step:2072/3250 train_time:638.339s step_avg:308.08ms
step:2073/3250 train_time:638.644s step_avg:308.08ms
step:2074/3250 train_time:638.949s step_avg:308.08ms
step:2075/3250 train_time:639.255s step_avg:308.07ms
step:2076/3250 train_time:639.559s step_avg:308.07ms
step:2077/3250 train_time:639.869s step_avg:308.07ms
step:2078/3250 train_time:640.177s step_avg:308.07ms
step:2079/3250 train_time:640.480s step_avg:308.07ms
step:2080/3250 train_time:640.788s step_avg:308.07ms
step:2081/3250 train_time:641.099s step_avg:308.07ms
step:2082/3250 train_time:641.403s step_avg:308.07ms
step:2083/3250 train_time:641.709s step_avg:308.07ms
step:2084/3250 train_time:642.015s step_avg:308.07ms
step:2085/3250 train_time:642.319s step_avg:308.07ms
step:2086/3250 train_time:642.626s step_avg:308.07ms
step:2087/3250 train_time:642.931s step_avg:308.06ms
step:2088/3250 train_time:643.237s step_avg:308.06ms
step:2089/3250 train_time:643.542s step_avg:308.06ms
step:2090/3250 train_time:643.852s step_avg:308.06ms
step:2091/3250 train_time:644.198s step_avg:308.08ms
step:2092/3250 train_time:644.504s step_avg:308.08ms
step:2093/3250 train_time:644.813s step_avg:308.08ms
step:2094/3250 train_time:645.125s step_avg:308.08ms
step:2095/3250 train_time:645.435s step_avg:308.08ms
step:2096/3250 train_time:645.741s step_avg:308.08ms
step:2097/3250 train_time:646.049s step_avg:308.08ms
step:2098/3250 train_time:646.360s step_avg:308.08ms
step:2099/3250 train_time:646.668s step_avg:308.08ms
step:2100/3250 train_time:646.981s step_avg:308.09ms
step:2101/3250 train_time:647.291s step_avg:308.09ms
step:2102/3250 train_time:647.600s step_avg:308.09ms
step:2103/3250 train_time:647.907s step_avg:308.09ms
step:2104/3250 train_time:648.216s step_avg:308.09ms
step:2105/3250 train_time:648.523s step_avg:308.09ms
step:2106/3250 train_time:648.833s step_avg:308.09ms
step:2107/3250 train_time:649.143s step_avg:308.09ms
step:2108/3250 train_time:649.454s step_avg:308.09ms
step:2109/3250 train_time:649.764s step_avg:308.09ms
step:2110/3250 train_time:650.074s step_avg:308.09ms
step:2111/3250 train_time:650.385s step_avg:308.09ms
step:2112/3250 train_time:650.696s step_avg:308.09ms
step:2113/3250 train_time:651.005s step_avg:308.10ms
step:2114/3250 train_time:651.315s step_avg:308.10ms
step:2115/3250 train_time:651.622s step_avg:308.10ms
step:2116/3250 train_time:651.936s step_avg:308.10ms
step:2117/3250 train_time:652.245s step_avg:308.10ms
step:2118/3250 train_time:652.555s step_avg:308.10ms
step:2119/3250 train_time:652.863s step_avg:308.10ms
step:2120/3250 train_time:653.173s step_avg:308.10ms
step:2121/3250 train_time:653.482s step_avg:308.10ms
step:2122/3250 train_time:653.793s step_avg:308.10ms
step:2123/3250 train_time:654.115s step_avg:308.11ms
step:2124/3250 train_time:654.423s step_avg:308.11ms
step:2125/3250 train_time:654.732s step_avg:308.11ms
step:2125/3250 val_loss:3.42860 train_time:654.732s step_avg:307.13ms
probe_ema: n=84934656 align=-0.27853,-0.24832,-0.21984,-0.18925 rel_mse=1.06355,1.03409,1.01794,1.00917
step:2126/3250 train_time:655.048s step_avg:308.11ms
step:2127/3250 train_time:655.358s step_avg:308.11ms
step:2128/3250 train_time:655.671s step_avg:308.12ms
step:2129/3250 train_time:655.982s step_avg:308.12ms
step:2130/3250 train_time:656.291s step_avg:308.12ms
step:2131/3250 train_time:656.600s step_avg:308.12ms
step:2132/3250 train_time:656.915s step_avg:308.12ms
step:2133/3250 train_time:657.227s step_avg:308.12ms
step:2134/3250 train_time:657.535s step_avg:308.12ms
step:2135/3250 train_time:657.846s step_avg:308.12ms
step:2136/3250 train_time:658.155s step_avg:308.12ms
step:2137/3250 train_time:658.465s step_avg:308.13ms
step:2138/3250 train_time:658.775s step_avg:308.13ms
step:2139/3250 train_time:659.088s step_avg:308.13ms
step:2140/3250 train_time:659.402s step_avg:308.13ms
step:2141/3250 train_time:659.713s step_avg:308.13ms
step:2142/3250 train_time:660.024s step_avg:308.13ms
step:2143/3250 train_time:660.345s step_avg:308.14ms
step:2144/3250 train_time:660.654s step_avg:308.14ms
step:2145/3250 train_time:660.966s step_avg:308.14ms
step:2146/3250 train_time:661.276s step_avg:308.14ms
step:2147/3250 train_time:661.586s step_avg:308.14ms
step:2148/3250 train_time:661.894s step_avg:308.14ms
step:2149/3250 train_time:662.203s step_avg:308.14ms
step:2150/3250 train_time:662.512s step_avg:308.15ms
step:2151/3250 train_time:662.824s step_avg:308.15ms
step:2152/3250 train_time:663.135s step_avg:308.15ms
step:2153/3250 train_time:663.446s step_avg:308.15ms
step:2154/3250 train_time:663.759s step_avg:308.15ms
step:2155/3250 train_time:664.072s step_avg:308.15ms
step:2156/3250 train_time:664.383s step_avg:308.16ms
step:2157/3250 train_time:664.693s step_avg:308.16ms
step:2158/3250 train_time:665.003s step_avg:308.16ms
step:2159/3250 train_time:665.312s step_avg:308.16ms
step:2160/3250 train_time:665.622s step_avg:308.16ms
step:2161/3250 train_time:665.928s step_avg:308.16ms
step:2162/3250 train_time:666.233s step_avg:308.16ms
step:2163/3250 train_time:666.539s step_avg:308.15ms
step:2164/3250 train_time:666.866s step_avg:308.16ms
step:2165/3250 train_time:667.170s step_avg:308.16ms
step:2166/3250 train_time:667.476s step_avg:308.16ms
step:2167/3250 train_time:667.783s step_avg:308.16ms
step:2168/3250 train_time:668.089s step_avg:308.16ms
step:2169/3250 train_time:668.396s step_avg:308.16ms
step:2170/3250 train_time:668.704s step_avg:308.16ms
step:2171/3250 train_time:669.009s step_avg:308.16ms
step:2172/3250 train_time:669.315s step_avg:308.16ms
step:2173/3250 train_time:669.623s step_avg:308.16ms
step:2174/3250 train_time:669.930s step_avg:308.16ms
step:2175/3250 train_time:670.234s step_avg:308.15ms
step:2176/3250 train_time:670.550s step_avg:308.16ms
step:2177/3250 train_time:670.854s step_avg:308.16ms
step:2178/3250 train_time:671.160s step_avg:308.15ms
step:2179/3250 train_time:671.468s step_avg:308.15ms
step:2180/3250 train_time:671.772s step_avg:308.15ms
step:2181/3250 train_time:672.078s step_avg:308.15ms
step:2182/3250 train_time:672.384s step_avg:308.15ms
step:2183/3250 train_time:672.688s step_avg:308.15ms
step:2184/3250 train_time:672.993s step_avg:308.15ms
step:2185/3250 train_time:673.299s step_avg:308.15ms
step:2186/3250 train_time:673.607s step_avg:308.15ms
step:2187/3250 train_time:673.913s step_avg:308.14ms
step:2188/3250 train_time:674.221s step_avg:308.14ms
step:2189/3250 train_time:674.529s step_avg:308.14ms
step:2190/3250 train_time:674.838s step_avg:308.15ms
step:2191/3250 train_time:675.145s step_avg:308.14ms
step:2192/3250 train_time:675.450s step_avg:308.14ms
step:2193/3250 train_time:675.757s step_avg:308.14ms
step:2194/3250 train_time:676.063s step_avg:308.14ms
step:2195/3250 train_time:676.368s step_avg:308.14ms
step:2196/3250 train_time:676.672s step_avg:308.14ms
step:2197/3250 train_time:676.979s step_avg:308.14ms
step:2198/3250 train_time:677.287s step_avg:308.14ms
step:2199/3250 train_time:677.590s step_avg:308.14ms
step:2200/3250 train_time:677.895s step_avg:308.13ms
step:2201/3250 train_time:678.201s step_avg:308.13ms
step:2202/3250 train_time:678.507s step_avg:308.13ms
step:2203/3250 train_time:678.813s step_avg:308.13ms
step:2204/3250 train_time:679.121s step_avg:308.13ms
step:2205/3250 train_time:679.430s step_avg:308.13ms
step:2206/3250 train_time:679.734s step_avg:308.13ms
step:2207/3250 train_time:680.050s step_avg:308.13ms
step:2208/3250 train_time:680.356s step_avg:308.13ms
step:2209/3250 train_time:680.664s step_avg:308.13ms
step:2210/3250 train_time:680.969s step_avg:308.13ms
step:2211/3250 train_time:681.274s step_avg:308.13ms
step:2212/3250 train_time:681.582s step_avg:308.13ms
step:2213/3250 train_time:681.889s step_avg:308.13ms
step:2214/3250 train_time:682.194s step_avg:308.13ms
step:2215/3250 train_time:682.501s step_avg:308.13ms
step:2216/3250 train_time:682.807s step_avg:308.13ms
step:2217/3250 train_time:683.112s step_avg:308.12ms
step:2218/3250 train_time:683.417s step_avg:308.12ms
step:2219/3250 train_time:683.725s step_avg:308.12ms
step:2220/3250 train_time:684.030s step_avg:308.12ms
step:2221/3250 train_time:684.334s step_avg:308.12ms
step:2222/3250 train_time:684.640s step_avg:308.12ms
step:2223/3250 train_time:684.946s step_avg:308.12ms
step:2224/3250 train_time:685.251s step_avg:308.12ms
step:2225/3250 train_time:685.556s step_avg:308.12ms
step:2226/3250 train_time:685.863s step_avg:308.11ms
step:2227/3250 train_time:686.167s step_avg:308.11ms
step:2228/3250 train_time:686.472s step_avg:308.11ms
step:2229/3250 train_time:686.778s step_avg:308.11ms
step:2230/3250 train_time:687.087s step_avg:308.11ms
step:2231/3250 train_time:687.391s step_avg:308.11ms
step:2232/3250 train_time:687.697s step_avg:308.11ms
step:2233/3250 train_time:688.003s step_avg:308.11ms
step:2234/3250 train_time:688.309s step_avg:308.11ms
step:2235/3250 train_time:688.613s step_avg:308.10ms
step:2236/3250 train_time:688.920s step_avg:308.10ms
step:2237/3250 train_time:689.227s step_avg:308.10ms
step:2238/3250 train_time:689.533s step_avg:308.10ms
step:2239/3250 train_time:689.839s step_avg:308.10ms
step:2240/3250 train_time:690.147s step_avg:308.10ms
step:2241/3250 train_time:690.451s step_avg:308.10ms
step:2242/3250 train_time:690.758s step_avg:308.10ms
step:2243/3250 train_time:691.069s step_avg:308.10ms
step:2244/3250 train_time:691.377s step_avg:308.10ms
step:2245/3250 train_time:691.685s step_avg:308.10ms
step:2246/3250 train_time:691.991s step_avg:308.10ms
step:2247/3250 train_time:692.296s step_avg:308.10ms
step:2248/3250 train_time:692.601s step_avg:308.10ms
step:2249/3250 train_time:692.908s step_avg:308.10ms
step:2250/3250 train_time:693.212s step_avg:308.09ms
step:2250/3250 val_loss:3.40930 train_time:693.213s step_avg:307.84ms
probe_ema: n=84934656 align=-0.20743,-0.19543,-0.18407,-0.17018 rel_mse=1.05703,1.03181,1.01756,1.00954
step:2251/3250 train_time:693.525s step_avg:308.10ms
step:2252/3250 train_time:693.830s step_avg:308.09ms
step:2253/3250 train_time:694.135s step_avg:308.09ms
step:2254/3250 train_time:694.445s step_avg:308.09ms
step:2255/3250 train_time:694.751s step_avg:308.09ms
step:2256/3250 train_time:695.060s step_avg:308.09ms
step:2257/3250 train_time:695.367s step_avg:308.09ms
step:2258/3250 train_time:695.671s step_avg:308.09ms
step:2259/3250 train_time:695.981s step_avg:308.09ms
step:2260/3250 train_time:696.290s step_avg:308.09ms
step:2261/3250 train_time:696.598s step_avg:308.09ms
step:2262/3250 train_time:696.907s step_avg:308.09ms
step:2263/3250 train_time:697.216s step_avg:308.09ms
step:2264/3250 train_time:697.525s step_avg:308.09ms
step:2265/3250 train_time:697.833s step_avg:308.09ms
step:2266/3250 train_time:698.142s step_avg:308.09ms
step:2267/3250 train_time:698.448s step_avg:308.09ms
step:2268/3250 train_time:698.758s step_avg:308.09ms
step:2269/3250 train_time:699.072s step_avg:308.10ms
step:2270/3250 train_time:699.393s step_avg:308.10ms
step:2271/3250 train_time:699.705s step_avg:308.10ms
step:2272/3250 train_time:700.016s step_avg:308.11ms
step:2273/3250 train_time:700.327s step_avg:308.11ms
step:2274/3250 train_time:700.635s step_avg:308.11ms
step:2275/3250 train_time:700.948s step_avg:308.11ms
step:2276/3250 train_time:701.258s step_avg:308.11ms
step:2277/3250 train_time:701.568s step_avg:308.11ms
step:2278/3250 train_time:701.877s step_avg:308.11ms
step:2279/3250 train_time:702.188s step_avg:308.11ms
step:2280/3250 train_time:702.511s step_avg:308.12ms
step:2281/3250 train_time:702.857s step_avg:308.14ms
step:2282/3250 train_time:703.169s step_avg:308.14ms
step:2283/3250 train_time:703.478s step_avg:308.14ms
step:2284/3250 train_time:703.788s step_avg:308.14ms
step:2285/3250 train_time:704.095s step_avg:308.14ms
step:2286/3250 train_time:704.408s step_avg:308.14ms
step:2287/3250 train_time:704.718s step_avg:308.14ms
step:2288/3250 train_time:705.032s step_avg:308.14ms
step:2289/3250 train_time:705.344s step_avg:308.15ms
step:2290/3250 train_time:705.652s step_avg:308.15ms
step:2291/3250 train_time:705.962s step_avg:308.15ms
step:2292/3250 train_time:706.270s step_avg:308.15ms
step:2293/3250 train_time:706.583s step_avg:308.15ms
step:2294/3250 train_time:706.894s step_avg:308.15ms
step:2295/3250 train_time:707.207s step_avg:308.15ms
step:2296/3250 train_time:707.513s step_avg:308.15ms
step:2297/3250 train_time:707.823s step_avg:308.15ms
step:2298/3250 train_time:708.132s step_avg:308.15ms
step:2299/3250 train_time:708.442s step_avg:308.15ms
step:2300/3250 train_time:708.753s step_avg:308.15ms
step:2301/3250 train_time:709.066s step_avg:308.16ms
step:2302/3250 train_time:709.378s step_avg:308.16ms
step:2303/3250 train_time:709.691s step_avg:308.16ms
step:2304/3250 train_time:710.002s step_avg:308.16ms
step:2305/3250 train_time:710.321s step_avg:308.17ms
step:2306/3250 train_time:710.631s step_avg:308.17ms
step:2307/3250 train_time:710.945s step_avg:308.17ms
step:2308/3250 train_time:711.256s step_avg:308.17ms
step:2309/3250 train_time:711.569s step_avg:308.17ms
step:2310/3250 train_time:711.880s step_avg:308.17ms
step:2311/3250 train_time:712.190s step_avg:308.17ms
step:2312/3250 train_time:712.501s step_avg:308.18ms
step:2313/3250 train_time:712.811s step_avg:308.18ms
step:2314/3250 train_time:713.124s step_avg:308.18ms
step:2315/3250 train_time:713.433s step_avg:308.18ms
step:2316/3250 train_time:713.743s step_avg:308.18ms
step:2317/3250 train_time:714.051s step_avg:308.18ms
step:2318/3250 train_time:714.363s step_avg:308.18ms
step:2319/3250 train_time:714.676s step_avg:308.18ms
step:2320/3250 train_time:714.992s step_avg:308.19ms
step:2321/3250 train_time:715.303s step_avg:308.19ms
step:2322/3250 train_time:715.612s step_avg:308.19ms
step:2323/3250 train_time:715.921s step_avg:308.19ms
step:2324/3250 train_time:716.231s step_avg:308.19ms
step:2325/3250 train_time:716.540s step_avg:308.19ms
step:2326/3250 train_time:716.849s step_avg:308.19ms
step:2327/3250 train_time:717.162s step_avg:308.19ms
step:2328/3250 train_time:717.472s step_avg:308.19ms
step:2329/3250 train_time:717.784s step_avg:308.19ms
step:2330/3250 train_time:718.092s step_avg:308.19ms
step:2331/3250 train_time:718.402s step_avg:308.19ms
step:2332/3250 train_time:718.711s step_avg:308.20ms
step:2333/3250 train_time:719.022s step_avg:308.20ms
step:2334/3250 train_time:719.333s step_avg:308.20ms
step:2335/3250 train_time:719.645s step_avg:308.20ms
step:2336/3250 train_time:719.953s step_avg:308.20ms
step:2337/3250 train_time:720.266s step_avg:308.20ms
step:2338/3250 train_time:720.574s step_avg:308.20ms
step:2339/3250 train_time:720.884s step_avg:308.20ms
step:2340/3250 train_time:721.191s step_avg:308.20ms
step:2341/3250 train_time:721.500s step_avg:308.20ms
step:2342/3250 train_time:721.815s step_avg:308.20ms
step:2343/3250 train_time:722.121s step_avg:308.20ms
step:2344/3250 train_time:722.427s step_avg:308.20ms
step:2345/3250 train_time:722.733s step_avg:308.20ms
step:2346/3250 train_time:723.041s step_avg:308.20ms
step:2347/3250 train_time:723.346s step_avg:308.20ms
step:2348/3250 train_time:723.650s step_avg:308.20ms
step:2349/3250 train_time:723.956s step_avg:308.20ms
step:2350/3250 train_time:724.263s step_avg:308.20ms
step:2351/3250 train_time:724.567s step_avg:308.20ms
step:2352/3250 train_time:724.874s step_avg:308.19ms
step:2353/3250 train_time:725.181s step_avg:308.19ms
step:2354/3250 train_time:725.488s step_avg:308.19ms
step:2355/3250 train_time:725.795s step_avg:308.19ms
step:2356/3250 train_time:726.103s step_avg:308.19ms
step:2357/3250 train_time:726.408s step_avg:308.19ms
step:2358/3250 train_time:726.714s step_avg:308.19ms
step:2359/3250 train_time:727.020s step_avg:308.19ms
step:2360/3250 train_time:727.325s step_avg:308.19ms
step:2361/3250 train_time:727.629s step_avg:308.19ms
step:2362/3250 train_time:727.935s step_avg:308.19ms
step:2363/3250 train_time:728.240s step_avg:308.18ms
step:2364/3250 train_time:728.545s step_avg:308.18ms
step:2365/3250 train_time:728.849s step_avg:308.18ms
step:2366/3250 train_time:729.156s step_avg:308.18ms
step:2367/3250 train_time:729.464s step_avg:308.18ms
step:2368/3250 train_time:729.768s step_avg:308.18ms
step:2369/3250 train_time:730.074s step_avg:308.18ms
step:2370/3250 train_time:730.382s step_avg:308.18ms
step:2371/3250 train_time:730.687s step_avg:308.18ms
step:2372/3250 train_time:730.993s step_avg:308.18ms
step:2373/3250 train_time:731.303s step_avg:308.18ms
step:2374/3250 train_time:731.607s step_avg:308.17ms
step:2375/3250 train_time:731.913s step_avg:308.17ms
step:2375/3250 val_loss:3.39188 train_time:731.913s step_avg:309.61ms
probe_ema: n=84934656 align=-0.21570,-0.20245,-0.18823,-0.17166 rel_mse=1.06179,1.03476,1.01916,1.01031
step:2376/3250 train_time:732.221s step_avg:308.17ms
step:2377/3250 train_time:732.528s step_avg:308.17ms
step:2378/3250 train_time:732.837s step_avg:308.17ms
step:2379/3250 train_time:733.143s step_avg:308.17ms
step:2380/3250 train_time:733.459s step_avg:308.18ms
step:2381/3250 train_time:733.764s step_avg:308.17ms
step:2382/3250 train_time:734.069s step_avg:308.17ms
step:2383/3250 train_time:734.376s step_avg:308.17ms
step:2384/3250 train_time:734.682s step_avg:308.17ms
step:2385/3250 train_time:734.987s step_avg:308.17ms
step:2386/3250 train_time:735.292s step_avg:308.17ms
step:2387/3250 train_time:735.600s step_avg:308.17ms
step:2388/3250 train_time:735.904s step_avg:308.17ms
step:2389/3250 train_time:736.209s step_avg:308.17ms
step:2390/3250 train_time:736.515s step_avg:308.17ms
step:2391/3250 train_time:736.822s step_avg:308.16ms
step:2392/3250 train_time:737.127s step_avg:308.16ms
step:2393/3250 train_time:737.433s step_avg:308.16ms
step:2394/3250 train_time:737.741s step_avg:308.16ms
step:2395/3250 train_time:738.048s step_avg:308.16ms
step:2396/3250 train_time:738.360s step_avg:308.16ms
step:2397/3250 train_time:738.665s step_avg:308.16ms
step:2398/3250 train_time:738.971s step_avg:308.16ms
step:2399/3250 train_time:739.278s step_avg:308.16ms
step:2400/3250 train_time:739.582s step_avg:308.16ms
step:2401/3250 train_time:739.888s step_avg:308.16ms
step:2402/3250 train_time:740.197s step_avg:308.16ms
step:2403/3250 train_time:740.503s step_avg:308.16ms
step:2404/3250 train_time:740.809s step_avg:308.16ms
step:2405/3250 train_time:741.116s step_avg:308.16ms
step:2406/3250 train_time:741.422s step_avg:308.16ms
step:2407/3250 train_time:741.726s step_avg:308.15ms
step:2408/3250 train_time:742.031s step_avg:308.15ms
step:2409/3250 train_time:742.340s step_avg:308.15ms
step:2410/3250 train_time:742.644s step_avg:308.15ms
step:2411/3250 train_time:742.949s step_avg:308.15ms
step:2412/3250 train_time:743.256s step_avg:308.15ms
step:2413/3250 train_time:743.562s step_avg:308.15ms
step:2414/3250 train_time:743.868s step_avg:308.15ms
step:2415/3250 train_time:744.175s step_avg:308.15ms
step:2416/3250 train_time:744.481s step_avg:308.15ms
step:2417/3250 train_time:744.785s step_avg:308.14ms
step:2418/3250 train_time:745.090s step_avg:308.14ms
step:2419/3250 train_time:745.396s step_avg:308.14ms
step:2420/3250 train_time:745.704s step_avg:308.14ms
step:2421/3250 train_time:746.008s step_avg:308.14ms
step:2422/3250 train_time:746.315s step_avg:308.14ms
step:2423/3250 train_time:746.620s step_avg:308.14ms
step:2424/3250 train_time:746.927s step_avg:308.14ms
step:2425/3250 train_time:747.234s step_avg:308.14ms
step:2426/3250 train_time:747.542s step_avg:308.14ms
step:2427/3250 train_time:747.847s step_avg:308.14ms
step:2428/3250 train_time:748.154s step_avg:308.14ms
step:2429/3250 train_time:748.461s step_avg:308.14ms
step:2430/3250 train_time:748.765s step_avg:308.13ms
step:2431/3250 train_time:749.074s step_avg:308.13ms
step:2432/3250 train_time:749.381s step_avg:308.13ms
step:2433/3250 train_time:749.686s step_avg:308.13ms
step:2434/3250 train_time:749.992s step_avg:308.13ms
step:2435/3250 train_time:750.301s step_avg:308.13ms
step:2436/3250 train_time:750.605s step_avg:308.13ms
step:2437/3250 train_time:750.909s step_avg:308.13ms
step:2438/3250 train_time:751.215s step_avg:308.13ms
step:2439/3250 train_time:751.527s step_avg:308.13ms
step:2440/3250 train_time:751.838s step_avg:308.13ms
step:2441/3250 train_time:752.156s step_avg:308.13ms
step:2442/3250 train_time:752.462s step_avg:308.13ms
step:2443/3250 train_time:752.768s step_avg:308.13ms
step:2444/3250 train_time:753.077s step_avg:308.13ms
step:2445/3250 train_time:753.385s step_avg:308.13ms
step:2446/3250 train_time:753.693s step_avg:308.13ms
step:2447/3250 train_time:754.007s step_avg:308.14ms
step:2448/3250 train_time:754.317s step_avg:308.14ms
step:2449/3250 train_time:754.628s step_avg:308.14ms
step:2450/3250 train_time:754.939s step_avg:308.14ms
step:2451/3250 train_time:755.247s step_avg:308.14ms
step:2452/3250 train_time:755.559s step_avg:308.14ms
step:2453/3250 train_time:755.868s step_avg:308.14ms
step:2454/3250 train_time:756.179s step_avg:308.14ms
step:2455/3250 train_time:756.487s step_avg:308.14ms
step:2456/3250 train_time:756.799s step_avg:308.14ms
step:2457/3250 train_time:757.108s step_avg:308.14ms
step:2458/3250 train_time:757.418s step_avg:308.14ms
step:2459/3250 train_time:757.727s step_avg:308.14ms
step:2460/3250 train_time:758.037s step_avg:308.15ms
step:2461/3250 train_time:758.346s step_avg:308.15ms
step:2462/3250 train_time:758.660s step_avg:308.15ms
step:2463/3250 train_time:758.971s step_avg:308.15ms
step:2464/3250 train_time:759.285s step_avg:308.15ms
step:2465/3250 train_time:759.597s step_avg:308.15ms
step:2466/3250 train_time:759.906s step_avg:308.15ms
step:2467/3250 train_time:760.218s step_avg:308.15ms
step:2468/3250 train_time:760.529s step_avg:308.16ms
step:2469/3250 train_time:760.840s step_avg:308.16ms
step:2470/3250 train_time:761.149s step_avg:308.16ms
step:2471/3250 train_time:761.502s step_avg:308.18ms
step:2472/3250 train_time:761.811s step_avg:308.18ms
step:2473/3250 train_time:762.121s step_avg:308.18ms
step:2474/3250 train_time:762.430s step_avg:308.18ms
step:2475/3250 train_time:762.741s step_avg:308.18ms
step:2476/3250 train_time:763.054s step_avg:308.18ms
step:2477/3250 train_time:763.365s step_avg:308.18ms
step:2478/3250 train_time:763.675s step_avg:308.18ms
step:2479/3250 train_time:763.986s step_avg:308.18ms
step:2480/3250 train_time:764.296s step_avg:308.18ms
step:2481/3250 train_time:764.610s step_avg:308.19ms
step:2482/3250 train_time:764.921s step_avg:308.19ms
step:2483/3250 train_time:765.232s step_avg:308.19ms
step:2484/3250 train_time:765.552s step_avg:308.19ms
step:2485/3250 train_time:765.862s step_avg:308.19ms
step:2486/3250 train_time:766.173s step_avg:308.20ms
step:2487/3250 train_time:766.483s step_avg:308.20ms
step:2488/3250 train_time:766.793s step_avg:308.20ms
step:2489/3250 train_time:767.105s step_avg:308.20ms
step:2490/3250 train_time:767.417s step_avg:308.20ms
step:2491/3250 train_time:767.726s step_avg:308.20ms
step:2492/3250 train_time:768.036s step_avg:308.20ms
step:2493/3250 train_time:768.347s step_avg:308.20ms
step:2494/3250 train_time:768.667s step_avg:308.21ms
step:2495/3250 train_time:768.980s step_avg:308.21ms
step:2496/3250 train_time:769.291s step_avg:308.21ms
step:2497/3250 train_time:769.604s step_avg:308.21ms
step:2498/3250 train_time:769.915s step_avg:308.21ms
step:2499/3250 train_time:770.224s step_avg:308.21ms
step:2500/3250 train_time:770.532s step_avg:308.21ms
step:2500/3250 val_loss:3.37345 train_time:770.533s step_avg:308.95ms
probe_ema: n=84934656 align=-0.20121,-0.19537,-0.18497,-0.16909 rel_mse=1.07316,1.04020,1.02166,1.01140
step:2501/3250 train_time:770.846s step_avg:308.22ms
step:2502/3250 train_time:771.160s step_avg:308.22ms
step:2503/3250 train_time:771.470s step_avg:308.22ms
step:2504/3250 train_time:771.780s step_avg:308.22ms
step:2505/3250 train_time:772.091s step_avg:308.22ms
step:2506/3250 train_time:772.402s step_avg:308.22ms
step:2507/3250 train_time:772.710s step_avg:308.22ms
step:2508/3250 train_time:773.022s step_avg:308.22ms
step:2509/3250 train_time:773.330s step_avg:308.22ms
step:2510/3250 train_time:773.642s step_avg:308.22ms
step:2511/3250 train_time:773.949s step_avg:308.22ms
step:2512/3250 train_time:774.255s step_avg:308.22ms
step:2513/3250 train_time:774.560s step_avg:308.22ms
step:2514/3250 train_time:774.865s step_avg:308.22ms
step:2515/3250 train_time:775.172s step_avg:308.22ms
step:2516/3250 train_time:775.477s step_avg:308.22ms
step:2517/3250 train_time:775.781s step_avg:308.22ms
step:2518/3250 train_time:776.088s step_avg:308.22ms
step:2519/3250 train_time:776.395s step_avg:308.22ms
step:2520/3250 train_time:776.699s step_avg:308.21ms
step:2521/3250 train_time:777.006s step_avg:308.21ms
step:2522/3250 train_time:777.315s step_avg:308.21ms
step:2523/3250 train_time:777.623s step_avg:308.21ms
step:2524/3250 train_time:777.930s step_avg:308.21ms
step:2525/3250 train_time:778.236s step_avg:308.21ms
step:2526/3250 train_time:778.541s step_avg:308.21ms
step:2527/3250 train_time:778.845s step_avg:308.21ms
step:2528/3250 train_time:779.153s step_avg:308.21ms
step:2529/3250 train_time:779.458s step_avg:308.21ms
step:2530/3250 train_time:779.764s step_avg:308.21ms
step:2531/3250 train_time:780.071s step_avg:308.21ms
step:2532/3250 train_time:780.378s step_avg:308.21ms
step:2533/3250 train_time:780.683s step_avg:308.20ms
step:2534/3250 train_time:780.990s step_avg:308.20ms
step:2535/3250 train_time:781.296s step_avg:308.20ms
step:2536/3250 train_time:781.606s step_avg:308.20ms
step:2537/3250 train_time:781.913s step_avg:308.20ms
step:2538/3250 train_time:782.217s step_avg:308.20ms
step:2539/3250 train_time:782.521s step_avg:308.20ms
step:2540/3250 train_time:782.827s step_avg:308.20ms
step:2541/3250 train_time:783.134s step_avg:308.20ms
step:2542/3250 train_time:783.440s step_avg:308.20ms
step:2543/3250 train_time:783.744s step_avg:308.20ms
step:2544/3250 train_time:784.050s step_avg:308.20ms
step:2545/3250 train_time:784.356s step_avg:308.20ms
step:2546/3250 train_time:784.661s step_avg:308.19ms
step:2547/3250 train_time:784.967s step_avg:308.19ms
step:2548/3250 train_time:785.277s step_avg:308.19ms
step:2549/3250 train_time:785.581s step_avg:308.19ms
step:2550/3250 train_time:785.892s step_avg:308.19ms
step:2551/3250 train_time:786.205s step_avg:308.19ms
step:2552/3250 train_time:786.513s step_avg:308.19ms
step:2553/3250 train_time:786.819s step_avg:308.19ms
step:2554/3250 train_time:787.123s step_avg:308.19ms
step:2555/3250 train_time:787.429s step_avg:308.19ms
step:2556/3250 train_time:787.738s step_avg:308.19ms
step:2557/3250 train_time:788.043s step_avg:308.19ms
step:2558/3250 train_time:788.351s step_avg:308.19ms
step:2559/3250 train_time:788.657s step_avg:308.19ms
step:2560/3250 train_time:788.961s step_avg:308.19ms
step:2561/3250 train_time:789.267s step_avg:308.19ms
step:2562/3250 train_time:789.574s step_avg:308.19ms
step:2563/3250 train_time:789.878s step_avg:308.18ms
step:2564/3250 train_time:790.182s step_avg:308.18ms
step:2565/3250 train_time:790.488s step_avg:308.18ms
step:2566/3250 train_time:790.803s step_avg:308.19ms
step:2567/3250 train_time:791.111s step_avg:308.19ms
step:2568/3250 train_time:791.417s step_avg:308.18ms
step:2569/3250 train_time:791.721s step_avg:308.18ms
step:2570/3250 train_time:792.026s step_avg:308.18ms
step:2571/3250 train_time:792.333s step_avg:308.18ms
step:2572/3250 train_time:792.640s step_avg:308.18ms
step:2573/3250 train_time:792.946s step_avg:308.18ms
step:2574/3250 train_time:793.254s step_avg:308.18ms
step:2575/3250 train_time:793.562s step_avg:308.18ms
step:2576/3250 train_time:793.869s step_avg:308.18ms
step:2577/3250 train_time:794.178s step_avg:308.18ms
step:2578/3250 train_time:794.484s step_avg:308.18ms
step:2579/3250 train_time:794.790s step_avg:308.18ms
step:2580/3250 train_time:795.098s step_avg:308.18ms
step:2581/3250 train_time:795.402s step_avg:308.18ms
step:2582/3250 train_time:795.709s step_avg:308.18ms
step:2583/3250 train_time:796.019s step_avg:308.18ms
step:2584/3250 train_time:796.324s step_avg:308.18ms
step:2585/3250 train_time:796.632s step_avg:308.17ms
step:2586/3250 train_time:796.937s step_avg:308.17ms
step:2587/3250 train_time:797.241s step_avg:308.17ms
step:2588/3250 train_time:797.545s step_avg:308.17ms
step:2589/3250 train_time:797.852s step_avg:308.17ms
step:2590/3250 train_time:798.158s step_avg:308.17ms
step:2591/3250 train_time:798.462s step_avg:308.17ms
step:2592/3250 train_time:798.769s step_avg:308.17ms
step:2593/3250 train_time:799.077s step_avg:308.17ms
step:2594/3250 train_time:799.382s step_avg:308.17ms
step:2595/3250 train_time:799.688s step_avg:308.17ms
step:2596/3250 train_time:799.995s step_avg:308.16ms
step:2597/3250 train_time:800.299s step_avg:308.16ms
step:2598/3250 train_time:800.604s step_avg:308.16ms
step:2599/3250 train_time:800.911s step_avg:308.16ms
step:2600/3250 train_time:801.218s step_avg:308.16ms
step:2601/3250 train_time:801.524s step_avg:308.16ms
step:2602/3250 train_time:801.829s step_avg:308.16ms
step:2603/3250 train_time:802.139s step_avg:308.16ms
step:2604/3250 train_time:802.446s step_avg:308.16ms
step:2605/3250 train_time:802.754s step_avg:308.16ms
step:2606/3250 train_time:803.059s step_avg:308.16ms
step:2607/3250 train_time:803.364s step_avg:308.16ms
step:2608/3250 train_time:803.672s step_avg:308.16ms
step:2609/3250 train_time:803.977s step_avg:308.16ms
step:2610/3250 train_time:804.283s step_avg:308.15ms
step:2611/3250 train_time:804.590s step_avg:308.15ms
step:2612/3250 train_time:804.898s step_avg:308.15ms
step:2613/3250 train_time:805.203s step_avg:308.15ms
step:2614/3250 train_time:805.509s step_avg:308.15ms
step:2615/3250 train_time:805.819s step_avg:308.15ms
step:2616/3250 train_time:806.124s step_avg:308.15ms
step:2617/3250 train_time:806.435s step_avg:308.15ms
step:2618/3250 train_time:806.743s step_avg:308.15ms
step:2619/3250 train_time:807.051s step_avg:308.15ms
step:2620/3250 train_time:807.359s step_avg:308.15ms
step:2621/3250 train_time:807.665s step_avg:308.15ms
step:2622/3250 train_time:807.977s step_avg:308.15ms
step:2623/3250 train_time:808.284s step_avg:308.15ms
step:2624/3250 train_time:808.595s step_avg:308.15ms
step:2625/3250 train_time:808.914s step_avg:308.16ms
step:2625/3250 val_loss:3.35497 train_time:808.914s step_avg:307.05ms
probe_ema: n=84934656 align=-0.13131,-0.13335,-0.13206,-0.12558 rel_mse=1.04890,1.02852,1.01623,1.00895
step:2626/3250 train_time:809.229s step_avg:308.16ms
step:2627/3250 train_time:809.540s step_avg:308.16ms
step:2628/3250 train_time:809.851s step_avg:308.16ms
step:2629/3250 train_time:810.168s step_avg:308.17ms
step:2630/3250 train_time:810.478s step_avg:308.17ms
step:2631/3250 train_time:810.789s step_avg:308.17ms
step:2632/3250 train_time:811.099s step_avg:308.17ms
step:2633/3250 train_time:811.411s step_avg:308.17ms
step:2634/3250 train_time:811.721s step_avg:308.17ms
step:2635/3250 train_time:812.033s step_avg:308.17ms
step:2636/3250 train_time:812.342s step_avg:308.17ms
step:2637/3250 train_time:812.654s step_avg:308.17ms
step:2638/3250 train_time:812.968s step_avg:308.18ms
step:2639/3250 train_time:813.278s step_avg:308.18ms
step:2640/3250 train_time:813.590s step_avg:308.18ms
step:2641/3250 train_time:813.898s step_avg:308.18ms
step:2642/3250 train_time:814.211s step_avg:308.18ms
step:2643/3250 train_time:814.524s step_avg:308.18ms
step:2644/3250 train_time:814.836s step_avg:308.18ms
step:2645/3250 train_time:815.147s step_avg:308.18ms
step:2646/3250 train_time:815.455s step_avg:308.18ms
step:2647/3250 train_time:815.767s step_avg:308.19ms
step:2648/3250 train_time:816.074s step_avg:308.18ms
step:2649/3250 train_time:816.386s step_avg:308.19ms
step:2650/3250 train_time:816.696s step_avg:308.19ms
step:2651/3250 train_time:817.008s step_avg:308.19ms
step:2652/3250 train_time:817.320s step_avg:308.19ms
step:2653/3250 train_time:817.630s step_avg:308.19ms
step:2654/3250 train_time:817.939s step_avg:308.19ms
step:2655/3250 train_time:818.251s step_avg:308.19ms
step:2656/3250 train_time:818.563s step_avg:308.19ms
step:2657/3250 train_time:818.877s step_avg:308.20ms
step:2658/3250 train_time:819.189s step_avg:308.20ms
step:2659/3250 train_time:819.498s step_avg:308.20ms
step:2660/3250 train_time:819.811s step_avg:308.20ms
step:2661/3250 train_time:820.165s step_avg:308.22ms
step:2662/3250 train_time:820.475s step_avg:308.22ms
step:2663/3250 train_time:820.788s step_avg:308.22ms
step:2664/3250 train_time:821.100s step_avg:308.22ms
step:2665/3250 train_time:821.413s step_avg:308.22ms
step:2666/3250 train_time:821.725s step_avg:308.22ms
step:2667/3250 train_time:822.038s step_avg:308.23ms
step:2668/3250 train_time:822.352s step_avg:308.23ms
step:2669/3250 train_time:822.664s step_avg:308.23ms
step:2670/3250 train_time:822.974s step_avg:308.23ms
step:2671/3250 train_time:823.284s step_avg:308.23ms
step:2672/3250 train_time:823.595s step_avg:308.23ms
step:2673/3250 train_time:823.906s step_avg:308.23ms
step:2674/3250 train_time:824.215s step_avg:308.23ms
step:2675/3250 train_time:824.526s step_avg:308.23ms
step:2676/3250 train_time:824.849s step_avg:308.24ms
step:2677/3250 train_time:825.160s step_avg:308.24ms
step:2678/3250 train_time:825.471s step_avg:308.24ms
step:2679/3250 train_time:825.778s step_avg:308.24ms
step:2680/3250 train_time:826.091s step_avg:308.24ms
step:2681/3250 train_time:826.402s step_avg:308.24ms
step:2682/3250 train_time:826.713s step_avg:308.25ms
step:2683/3250 train_time:827.024s step_avg:308.25ms
step:2684/3250 train_time:827.334s step_avg:308.25ms
step:2685/3250 train_time:827.643s step_avg:308.25ms
step:2686/3250 train_time:827.952s step_avg:308.25ms
step:2687/3250 train_time:828.265s step_avg:308.25ms
step:2688/3250 train_time:828.577s step_avg:308.25ms
step:2689/3250 train_time:828.886s step_avg:308.25ms
step:2690/3250 train_time:829.197s step_avg:308.25ms
step:2691/3250 train_time:829.507s step_avg:308.25ms
step:2692/3250 train_time:829.812s step_avg:308.25ms
step:2693/3250 train_time:830.116s step_avg:308.25ms
step:2694/3250 train_time:830.423s step_avg:308.25ms
step:2695/3250 train_time:830.729s step_avg:308.25ms
step:2696/3250 train_time:831.033s step_avg:308.25ms
step:2697/3250 train_time:831.337s step_avg:308.25ms
step:2698/3250 train_time:831.646s step_avg:308.25ms
step:2699/3250 train_time:831.952s step_avg:308.24ms
step:2700/3250 train_time:832.260s step_avg:308.24ms
step:2701/3250 train_time:832.573s step_avg:308.25ms
step:2702/3250 train_time:832.881s step_avg:308.25ms
step:2703/3250 train_time:833.189s step_avg:308.25ms
step:2704/3250 train_time:833.494s step_avg:308.24ms
step:2705/3250 train_time:833.801s step_avg:308.24ms
step:2706/3250 train_time:834.109s step_avg:308.24ms
step:2707/3250 train_time:834.412s step_avg:308.24ms
step:2708/3250 train_time:834.719s step_avg:308.24ms
step:2709/3250 train_time:835.026s step_avg:308.24ms
step:2710/3250 train_time:835.332s step_avg:308.24ms
step:2711/3250 train_time:835.636s step_avg:308.24ms
step:2712/3250 train_time:835.943s step_avg:308.24ms
step:2713/3250 train_time:836.253s step_avg:308.24ms
step:2714/3250 train_time:836.561s step_avg:308.24ms
step:2715/3250 train_time:836.873s step_avg:308.24ms
step:2716/3250 train_time:837.180s step_avg:308.24ms
step:2717/3250 train_time:837.487s step_avg:308.24ms
step:2718/3250 train_time:837.793s step_avg:308.24ms
step:2719/3250 train_time:838.099s step_avg:308.24ms
step:2720/3250 train_time:838.412s step_avg:308.24ms
step:2721/3250 train_time:838.719s step_avg:308.24ms
step:2722/3250 train_time:839.027s step_avg:308.24ms
step:2723/3250 train_time:839.339s step_avg:308.24ms
step:2724/3250 train_time:839.646s step_avg:308.24ms
step:2725/3250 train_time:839.950s step_avg:308.24ms
step:2726/3250 train_time:840.255s step_avg:308.24ms
step:2727/3250 train_time:840.563s step_avg:308.24ms
step:2728/3250 train_time:840.875s step_avg:308.24ms
step:2729/3250 train_time:841.182s step_avg:308.24ms
step:2730/3250 train_time:841.492s step_avg:308.24ms
step:2731/3250 train_time:841.800s step_avg:308.24ms
step:2732/3250 train_time:842.111s step_avg:308.24ms
step:2733/3250 train_time:842.418s step_avg:308.24ms
step:2734/3250 train_time:842.726s step_avg:308.24ms
step:2735/3250 train_time:843.032s step_avg:308.24ms
step:2736/3250 train_time:843.338s step_avg:308.24ms
step:2737/3250 train_time:843.644s step_avg:308.24ms
step:2738/3250 train_time:843.951s step_avg:308.24ms
step:2739/3250 train_time:844.254s step_avg:308.23ms
step:2740/3250 train_time:844.561s step_avg:308.23ms
step:2741/3250 train_time:844.870s step_avg:308.23ms
step:2742/3250 train_time:845.177s step_avg:308.23ms
step:2743/3250 train_time:845.485s step_avg:308.23ms
step:2744/3250 train_time:845.794s step_avg:308.23ms
step:2745/3250 train_time:846.101s step_avg:308.23ms
step:2746/3250 train_time:846.409s step_avg:308.23ms
step:2747/3250 train_time:846.714s step_avg:308.23ms
step:2748/3250 train_time:847.020s step_avg:308.23ms
step:2749/3250 train_time:847.331s step_avg:308.23ms
step:2750/3250 train_time:847.636s step_avg:308.23ms
step:2750/3250 val_loss:3.33640 train_time:847.636s step_avg:309.77ms
probe_ema: n=84934656 align=-0.12540,-0.12669,-0.12521,-0.11942 rel_mse=1.04806,1.02817,1.01605,1.00889
step:2751/3250 train_time:847.950s step_avg:308.23ms
step:2752/3250 train_time:848.256s step_avg:308.23ms
step:2753/3250 train_time:848.562s step_avg:308.23ms
step:2754/3250 train_time:848.869s step_avg:308.23ms
step:2755/3250 train_time:849.177s step_avg:308.23ms
step:2756/3250 train_time:849.483s step_avg:308.23ms
step:2757/3250 train_time:849.789s step_avg:308.23ms
step:2758/3250 train_time:850.094s step_avg:308.23ms
step:2759/3250 train_time:850.402s step_avg:308.23ms
step:2760/3250 train_time:850.708s step_avg:308.23ms
step:2761/3250 train_time:851.012s step_avg:308.23ms
step:2762/3250 train_time:851.324s step_avg:308.23ms
step:2763/3250 train_time:851.632s step_avg:308.23ms
step:2764/3250 train_time:851.939s step_avg:308.23ms
step:2765/3250 train_time:852.247s step_avg:308.23ms
step:2766/3250 train_time:852.553s step_avg:308.23ms
step:2767/3250 train_time:852.860s step_avg:308.23ms
step:2768/3250 train_time:853.168s step_avg:308.23ms
step:2769/3250 train_time:853.472s step_avg:308.22ms
step:2770/3250 train_time:853.778s step_avg:308.22ms
step:2771/3250 train_time:854.086s step_avg:308.22ms
step:2772/3250 train_time:854.391s step_avg:308.22ms
step:2773/3250 train_time:854.697s step_avg:308.22ms
step:2774/3250 train_time:855.006s step_avg:308.22ms
step:2775/3250 train_time:855.310s step_avg:308.22ms
step:2776/3250 train_time:855.616s step_avg:308.22ms
step:2777/3250 train_time:855.924s step_avg:308.22ms
step:2778/3250 train_time:856.231s step_avg:308.22ms
step:2779/3250 train_time:856.538s step_avg:308.22ms
step:2780/3250 train_time:856.844s step_avg:308.22ms
step:2781/3250 train_time:857.150s step_avg:308.22ms
step:2782/3250 train_time:857.454s step_avg:308.21ms
step:2783/3250 train_time:857.761s step_avg:308.21ms
step:2784/3250 train_time:858.068s step_avg:308.21ms
step:2785/3250 train_time:858.374s step_avg:308.21ms
step:2786/3250 train_time:858.685s step_avg:308.21ms
step:2787/3250 train_time:858.996s step_avg:308.22ms
step:2788/3250 train_time:859.305s step_avg:308.22ms
step:2789/3250 train_time:859.614s step_avg:308.22ms
step:2790/3250 train_time:859.922s step_avg:308.22ms
step:2791/3250 train_time:860.234s step_avg:308.22ms
step:2792/3250 train_time:860.548s step_avg:308.22ms
step:2793/3250 train_time:860.858s step_avg:308.22ms
step:2794/3250 train_time:861.170s step_avg:308.22ms
step:2795/3250 train_time:861.480s step_avg:308.22ms
step:2796/3250 train_time:861.791s step_avg:308.22ms
step:2797/3250 train_time:862.111s step_avg:308.23ms
step:2798/3250 train_time:862.419s step_avg:308.23ms
step:2799/3250 train_time:862.731s step_avg:308.23ms
step:2800/3250 train_time:863.040s step_avg:308.23ms
step:2801/3250 train_time:863.351s step_avg:308.23ms
step:2802/3250 train_time:863.658s step_avg:308.23ms
step:2803/3250 train_time:863.966s step_avg:308.23ms
step:2804/3250 train_time:864.274s step_avg:308.23ms
step:2805/3250 train_time:864.588s step_avg:308.23ms
step:2806/3250 train_time:864.896s step_avg:308.23ms
step:2807/3250 train_time:865.211s step_avg:308.23ms
step:2808/3250 train_time:865.521s step_avg:308.23ms
step:2809/3250 train_time:865.834s step_avg:308.24ms
step:2810/3250 train_time:866.146s step_avg:308.24ms
step:2811/3250 train_time:866.458s step_avg:308.24ms
step:2812/3250 train_time:866.770s step_avg:308.24ms
step:2813/3250 train_time:867.080s step_avg:308.24ms
step:2814/3250 train_time:867.389s step_avg:308.24ms
step:2815/3250 train_time:867.699s step_avg:308.24ms
step:2816/3250 train_time:868.010s step_avg:308.24ms
step:2817/3250 train_time:868.323s step_avg:308.24ms
step:2818/3250 train_time:868.635s step_avg:308.25ms
step:2819/3250 train_time:868.946s step_avg:308.25ms
step:2820/3250 train_time:869.261s step_avg:308.25ms
step:2821/3250 train_time:869.576s step_avg:308.25ms
step:2822/3250 train_time:869.886s step_avg:308.25ms
step:2823/3250 train_time:870.193s step_avg:308.25ms
step:2824/3250 train_time:870.502s step_avg:308.25ms
step:2825/3250 train_time:870.823s step_avg:308.26ms
step:2826/3250 train_time:871.135s step_avg:308.26ms
step:2827/3250 train_time:871.447s step_avg:308.26ms
step:2828/3250 train_time:871.756s step_avg:308.26ms
step:2829/3250 train_time:872.067s step_avg:308.26ms
step:2830/3250 train_time:872.377s step_avg:308.26ms
step:2831/3250 train_time:872.689s step_avg:308.26ms
step:2832/3250 train_time:873.006s step_avg:308.26ms
step:2833/3250 train_time:873.319s step_avg:308.27ms
step:2834/3250 train_time:873.631s step_avg:308.27ms
step:2835/3250 train_time:873.940s step_avg:308.27ms
step:2836/3250 train_time:874.256s step_avg:308.27ms
step:2837/3250 train_time:874.568s step_avg:308.27ms
step:2838/3250 train_time:874.877s step_avg:308.27ms
step:2839/3250 train_time:875.187s step_avg:308.27ms
step:2840/3250 train_time:875.497s step_avg:308.27ms
step:2841/3250 train_time:875.807s step_avg:308.27ms
step:2842/3250 train_time:876.116s step_avg:308.27ms
step:2843/3250 train_time:876.430s step_avg:308.28ms
step:2844/3250 train_time:876.743s step_avg:308.28ms
step:2845/3250 train_time:877.053s step_avg:308.28ms
step:2846/3250 train_time:877.369s step_avg:308.28ms
step:2847/3250 train_time:877.680s step_avg:308.28ms
step:2848/3250 train_time:877.989s step_avg:308.28ms
step:2849/3250 train_time:878.311s step_avg:308.29ms
step:2850/3250 train_time:878.620s step_avg:308.29ms
step:2851/3250 train_time:878.968s step_avg:308.30ms
step:2852/3250 train_time:879.280s step_avg:308.30ms
step:2853/3250 train_time:879.590s step_avg:308.30ms
step:2854/3250 train_time:879.909s step_avg:308.31ms
step:2855/3250 train_time:880.216s step_avg:308.31ms
step:2856/3250 train_time:880.530s step_avg:308.31ms
step:2857/3250 train_time:880.842s step_avg:308.31ms
step:2858/3250 train_time:881.154s step_avg:308.31ms
step:2859/3250 train_time:881.465s step_avg:308.31ms
step:2860/3250 train_time:881.773s step_avg:308.31ms
step:2861/3250 train_time:882.083s step_avg:308.31ms
step:2862/3250 train_time:882.395s step_avg:308.31ms
step:2863/3250 train_time:882.711s step_avg:308.32ms
step:2864/3250 train_time:883.021s step_avg:308.32ms
step:2865/3250 train_time:883.332s step_avg:308.32ms
step:2866/3250 train_time:883.640s step_avg:308.32ms
step:2867/3250 train_time:883.947s step_avg:308.32ms
step:2868/3250 train_time:884.250s step_avg:308.32ms
step:2869/3250 train_time:884.554s step_avg:308.31ms
step:2870/3250 train_time:884.861s step_avg:308.31ms
step:2871/3250 train_time:885.167s step_avg:308.31ms
step:2872/3250 train_time:885.471s step_avg:308.31ms
step:2873/3250 train_time:885.775s step_avg:308.31ms
step:2874/3250 train_time:886.082s step_avg:308.31ms
step:2875/3250 train_time:886.388s step_avg:308.31ms
step:2875/3250 val_loss:3.31799 train_time:886.389s step_avg:310.02ms
probe_ema: n=84934656 align=-0.09025,-0.10517,-0.11298,-0.11273 rel_mse=1.04748,1.02910,1.01720,1.00974
step:2876/3250 train_time:886.703s step_avg:308.31ms
step:2877/3250 train_time:887.009s step_avg:308.31ms
step:2878/3250 train_time:887.316s step_avg:308.31ms
step:2879/3250 train_time:887.621s step_avg:308.31ms
step:2880/3250 train_time:887.926s step_avg:308.31ms
step:2881/3250 train_time:888.240s step_avg:308.31ms
step:2882/3250 train_time:888.545s step_avg:308.31ms
step:2883/3250 train_time:888.854s step_avg:308.31ms
step:2884/3250 train_time:889.161s step_avg:308.31ms
step:2885/3250 train_time:889.467s step_avg:308.31ms
step:2886/3250 train_time:889.775s step_avg:308.31ms
step:2887/3250 train_time:890.081s step_avg:308.31ms
step:2888/3250 train_time:890.385s step_avg:308.31ms
step:2889/3250 train_time:890.694s step_avg:308.31ms
step:2890/3250 train_time:891.000s step_avg:308.30ms
step:2891/3250 train_time:891.304s step_avg:308.30ms
step:2892/3250 train_time:891.610s step_avg:308.30ms
step:2893/3250 train_time:891.919s step_avg:308.30ms
step:2894/3250 train_time:892.224s step_avg:308.30ms
step:2895/3250 train_time:892.531s step_avg:308.30ms
step:2896/3250 train_time:892.841s step_avg:308.30ms
step:2897/3250 train_time:893.155s step_avg:308.30ms
step:2898/3250 train_time:893.463s step_avg:308.30ms
step:2899/3250 train_time:893.769s step_avg:308.30ms
step:2900/3250 train_time:894.078s step_avg:308.30ms
step:2900/3250 val_loss:3.31427 train_time:894.078s step_avg:307.57ms
probe_ema: n=84934656 align=-0.06872,-0.08674,-0.09714,-0.09926 rel_mse=1.04191,1.02597,1.01548,1.00885
step:2901/3250 train_time:894.393s step_avg:308.31ms
step:2902/3250 train_time:894.703s step_avg:308.31ms
step:2903/3250 train_time:895.012s step_avg:308.31ms
step:2904/3250 train_time:895.320s step_avg:308.31ms
step:2905/3250 train_time:895.630s step_avg:308.31ms
step:2906/3250 train_time:895.936s step_avg:308.31ms
step:2907/3250 train_time:896.242s step_avg:308.30ms
step:2908/3250 train_time:896.551s step_avg:308.31ms
step:2909/3250 train_time:896.858s step_avg:308.30ms
step:2910/3250 train_time:897.164s step_avg:308.30ms
step:2910/3250 val_loss:3.31251 train_time:897.165s step_avg:308.69ms
probe_ema: n=84934656 align=-0.06685,-0.08209,-0.09160,-0.09312 rel_mse=1.04023,1.02457,1.01469,1.00840
step:2911/3250 train_time:897.478s step_avg:308.31ms
step:2912/3250 train_time:897.787s step_avg:308.31ms
step:2913/3250 train_time:898.097s step_avg:308.31ms
step:2914/3250 train_time:898.406s step_avg:308.31ms
step:2915/3250 train_time:898.712s step_avg:308.31ms
step:2916/3250 train_time:899.020s step_avg:308.31ms
step:2917/3250 train_time:899.327s step_avg:308.31ms
step:2918/3250 train_time:899.636s step_avg:308.31ms
step:2919/3250 train_time:899.944s step_avg:308.31ms
step:2920/3250 train_time:900.251s step_avg:308.31ms
step:2920/3250 val_loss:3.31089 train_time:900.251s step_avg:308.62ms
probe_ema: n=84934656 align=-0.08358,-0.09373,-0.09986,-0.09984 rel_mse=1.04677,1.02755,1.01599,1.00904
step:2921/3250 train_time:900.562s step_avg:308.31ms
step:2922/3250 train_time:900.869s step_avg:308.31ms
step:2923/3250 train_time:901.175s step_avg:308.30ms
step:2924/3250 train_time:901.481s step_avg:308.30ms
step:2925/3250 train_time:901.791s step_avg:308.30ms
step:2925/3250 val_loss:3.31026 train_time:901.792s step_avg:308.11ms
probe_ema: n=84934656 align=-0.08300,-0.09340,-0.09940,-0.09934 rel_mse=1.04437,1.02634,1.01541,1.00876
step:2926/3250 train_time:902.105s step_avg:308.31ms
step:2927/3250 train_time:902.410s step_avg:308.31ms
step:2928/3250 train_time:902.714s step_avg:308.30ms
step:2929/3250 train_time:903.022s step_avg:308.30ms
step:2930/3250 train_time:903.327s step_avg:308.30ms
step:2930/3250 val_loss:3.31002 train_time:903.327s step_avg:307.10ms
probe_ema: n=84934656 align=-0.09538,-0.10535,-0.10919,-0.10698 rel_mse=1.04633,1.02752,1.01588,1.00891
step:2931/3250 train_time:903.644s step_avg:308.31ms
step:2932/3250 train_time:903.957s step_avg:308.31ms
step:2933/3250 train_time:904.268s step_avg:308.31ms
step:2934/3250 train_time:904.580s step_avg:308.31ms
step:2935/3250 train_time:904.889s step_avg:308.31ms
step:2936/3250 train_time:905.202s step_avg:308.31ms
step:2937/3250 train_time:905.508s step_avg:308.31ms
step:2938/3250 train_time:905.819s step_avg:308.31ms
step:2939/3250 train_time:906.131s step_avg:308.31ms
step:2940/3250 train_time:906.440s step_avg:308.31ms
step:2940/3250 val_loss:3.30863 train_time:906.440s step_avg:311.27ms
probe_ema: n=84934656 align=-0.07250,-0.08825,-0.09656,-0.09693 rel_mse=1.04159,1.02540,1.01506,1.00856
step:2941/3250 train_time:906.755s step_avg:308.32ms
step:2942/3250 train_time:907.069s step_avg:308.32ms
step:2943/3250 train_time:907.379s step_avg:308.32ms
step:2944/3250 train_time:907.690s step_avg:308.32ms
step:2945/3250 train_time:908.001s step_avg:308.32ms
step:2946/3250 train_time:908.313s step_avg:308.32ms
step:2947/3250 train_time:908.623s step_avg:308.32ms
step:2948/3250 train_time:908.940s step_avg:308.32ms
step:2949/3250 train_time:909.253s step_avg:308.33ms
step:2950/3250 train_time:909.566s step_avg:308.33ms
step:2950/3250 val_loss:3.30689 train_time:909.566s step_avg:312.64ms
probe_ema: n=84934656 align=-0.10148,-0.10954,-0.11222,-0.10897 rel_mse=1.04817,1.02855,1.01646,1.00921
step:2951/3250 train_time:909.892s step_avg:308.33ms
step:2952/3250 train_time:910.205s step_avg:308.33ms
step:2953/3250 train_time:910.517s step_avg:308.34ms
step:2954/3250 train_time:910.828s step_avg:308.34ms
step:2955/3250 train_time:911.140s step_avg:308.34ms
step:2956/3250 train_time:911.451s step_avg:308.34ms
step:2957/3250 train_time:911.760s step_avg:308.34ms
step:2958/3250 train_time:912.073s step_avg:308.34ms
step:2959/3250 train_time:912.382s step_avg:308.34ms
step:2960/3250 train_time:912.693s step_avg:308.34ms
step:2960/3250 val_loss:3.30550 train_time:912.694s step_avg:312.74ms
probe_ema: n=84934656 align=-0.07163,-0.08557,-0.09380,-0.09472 rel_mse=1.04173,1.02529,1.01497,1.00853
step:2961/3250 train_time:913.008s step_avg:308.34ms
step:2962/3250 train_time:913.318s step_avg:308.35ms
step:2963/3250 train_time:913.632s step_avg:308.35ms
step:2964/3250 train_time:913.943s step_avg:308.35ms
step:2965/3250 train_time:914.252s step_avg:308.35ms
step:2966/3250 train_time:914.563s step_avg:308.35ms
step:2967/3250 train_time:914.873s step_avg:308.35ms
step:2968/3250 train_time:915.187s step_avg:308.35ms
step:2969/3250 train_time:915.500s step_avg:308.35ms
step:2970/3250 train_time:915.819s step_avg:308.36ms
step:2970/3250 val_loss:3.30390 train_time:915.821s step_avg:312.78ms
probe_ema: n=84934656 align=-0.05628,-0.07061,-0.08052,-0.08344 rel_mse=1.03975,1.02356,1.01391,1.00796
step:2971/3250 train_time:916.131s step_avg:308.36ms
step:2972/3250 train_time:916.440s step_avg:308.36ms
step:2973/3250 train_time:916.748s step_avg:308.36ms
step:2974/3250 train_time:917.055s step_avg:308.36ms
step:2975/3250 train_time:917.368s step_avg:308.36ms
step:2975/3250 val_loss:3.30336 train_time:917.368s step_avg:309.27ms
probe_ema: n=84934656 align=-0.05949,-0.07474,-0.08385,-0.08626 rel_mse=1.04156,1.02519,1.01481,1.00843
step:2976/3250 train_time:917.680s step_avg:308.36ms
step:2977/3250 train_time:917.990s step_avg:308.36ms
step:2978/3250 train_time:918.308s step_avg:308.36ms
step:2979/3250 train_time:918.616s step_avg:308.36ms
step:2980/3250 train_time:918.922s step_avg:308.36ms
step:2980/3250 val_loss:3.30267 train_time:918.923s step_avg:310.95ms
probe_ema: n=84934656 align=-0.05816,-0.07364,-0.08346,-0.08633 rel_mse=1.03968,1.02420,1.01443,1.00829
step:2981/3250 train_time:919.235s step_avg:308.36ms
step:2982/3250 train_time:919.540s step_avg:308.36ms
step:2983/3250 train_time:919.853s step_avg:308.36ms
step:2984/3250 train_time:920.160s step_avg:308.36ms
step:2985/3250 train_time:920.471s step_avg:308.37ms
step:2986/3250 train_time:920.778s step_avg:308.36ms
step:2987/3250 train_time:921.085s step_avg:308.36ms
step:2988/3250 train_time:921.394s step_avg:308.36ms
step:2989/3250 train_time:921.699s step_avg:308.36ms
step:2990/3250 train_time:922.006s step_avg:308.36ms
step:2990/3250 val_loss:3.30160 train_time:922.006s step_avg:308.36ms
probe_ema: n=84934656 align=-0.14721,-0.14646,-0.14225,-0.13394 rel_mse=1.07260,1.03997,1.02174,1.01168
step:2991/3250 train_time:922.317s step_avg:308.36ms
step:2992/3250 train_time:922.628s step_avg:308.37ms
step:2993/3250 train_time:922.935s step_avg:308.36ms
step:2994/3250 train_time:923.244s step_avg:308.36ms
step:2995/3250 train_time:923.550s step_avg:308.36ms
step:2996/3250 train_time:923.858s step_avg:308.36ms
step:2997/3250 train_time:924.166s step_avg:308.36ms
step:2998/3250 train_time:924.471s step_avg:308.36ms
step:2999/3250 train_time:924.780s step_avg:308.36ms
step:3000/3250 train_time:925.089s step_avg:308.36ms
step:3000/3250 val_loss:3.30006 train_time:925.089s step_avg:308.31ms
probe_ema: n=84934656 align=-0.04254,-0.06307,-0.07558,-0.07982 rel_mse=1.03751,1.02386,1.01451,1.00839
step:3001/3250 train_time:925.408s step_avg:308.37ms
step:3002/3250 train_time:925.719s step_avg:308.37ms
step:3003/3250 train_time:926.029s step_avg:308.37ms
step:3004/3250 train_time:926.337s step_avg:308.37ms
step:3005/3250 train_time:926.643s step_avg:308.37ms
step:3006/3250 train_time:926.950s step_avg:308.37ms
step:3007/3250 train_time:927.259s step_avg:308.37ms
step:3008/3250 train_time:927.563s step_avg:308.37ms
step:3009/3250 train_time:927.871s step_avg:308.37ms
step:3010/3250 train_time:928.181s step_avg:308.37ms
step:3010/3250 val_loss:3.29859 train_time:928.181s step_avg:309.18ms
probe_ema: n=84934656 align=-0.05786,-0.07294,-0.08223,-0.08422 rel_mse=1.04333,1.02611,1.01537,1.00871
step:3011/3250 train_time:928.492s step_avg:308.37ms
step:3012/3250 train_time:928.796s step_avg:308.37ms
step:3013/3250 train_time:929.101s step_avg:308.36ms
step:3014/3250 train_time:929.410s step_avg:308.36ms
step:3015/3250 train_time:929.716s step_avg:308.36ms
step:3016/3250 train_time:930.022s step_avg:308.36ms
step:3017/3250 train_time:930.333s step_avg:308.36ms
step:3018/3250 train_time:930.639s step_avg:308.36ms
step:3019/3250 train_time:930.945s step_avg:308.36ms
step:3020/3250 train_time:931.255s step_avg:308.36ms
step:3020/3250 val_loss:3.29695 train_time:931.255s step_avg:307.40ms
probe_ema: n=84934656 align=-0.08339,-0.09287,-0.09756,-0.09641 rel_mse=1.04780,1.02821,1.01629,1.00915
step:3021/3250 train_time:931.567s step_avg:308.36ms
step:3022/3250 train_time:931.874s step_avg:308.36ms
step:3023/3250 train_time:932.183s step_avg:308.36ms
step:3024/3250 train_time:932.504s step_avg:308.37ms
step:3025/3250 train_time:932.818s step_avg:308.37ms
step:3025/3250 val_loss:3.29610 train_time:932.818s step_avg:312.62ms
probe_ema: n=84934656 align=-0.07719,-0.08824,-0.09443,-0.09396 rel_mse=1.04806,1.02858,1.01662,1.00934
step:3026/3250 train_time:933.134s step_avg:308.37ms
step:3027/3250 train_time:933.445s step_avg:308.37ms
step:3028/3250 train_time:933.756s step_avg:308.37ms
step:3029/3250 train_time:934.065s step_avg:308.37ms
step:3030/3250 train_time:934.376s step_avg:308.37ms
step:3030/3250 val_loss:3.29540 train_time:934.377s step_avg:311.86ms
probe_ema: n=84934656 align=-0.06637,-0.08055,-0.08825,-0.08874 rel_mse=1.04277,1.02595,1.01526,1.00863
step:3031/3250 train_time:934.691s step_avg:308.38ms
step:3032/3250 train_time:935.003s step_avg:308.38ms
step:3033/3250 train_time:935.321s step_avg:308.38ms
step:3034/3250 train_time:935.632s step_avg:308.38ms
step:3035/3250 train_time:935.943s step_avg:308.38ms
step:3036/3250 train_time:936.265s step_avg:308.39ms
step:3037/3250 train_time:936.577s step_avg:308.39ms
step:3038/3250 train_time:936.886s step_avg:308.39ms
step:3039/3250 train_time:937.198s step_avg:308.39ms
step:3040/3250 train_time:937.509s step_avg:308.39ms
step:3040/3250 val_loss:3.29397 train_time:937.509s step_avg:313.20ms
probe_ema: n=84934656 align=-0.02350,-0.04406,-0.05870,-0.06519 rel_mse=1.03428,1.02126,1.01300,1.00762
step:3041/3250 train_time:937.869s step_avg:308.41ms
step:3042/3250 train_time:938.179s step_avg:308.41ms
step:3043/3250 train_time:938.496s step_avg:308.41ms
step:3044/3250 train_time:938.812s step_avg:308.41ms
step:3045/3250 train_time:939.122s step_avg:308.41ms
step:3046/3250 train_time:939.433s step_avg:308.42ms
step:3047/3250 train_time:939.742s step_avg:308.42ms
step:3048/3250 train_time:940.054s step_avg:308.42ms
step:3049/3250 train_time:940.363s step_avg:308.42ms
step:3050/3250 train_time:940.673s step_avg:308.42ms
step:3050/3250 val_loss:3.29278 train_time:940.673s step_avg:316.39ms
probe_ema: n=84934656 align=-0.09417,-0.10074,-0.10359,-0.10099 rel_mse=1.06069,1.03383,1.01881,1.01029
step:3051/3250 train_time:940.991s step_avg:308.42ms
step:3052/3250 train_time:941.302s step_avg:308.42ms
step:3053/3250 train_time:941.612s step_avg:308.42ms
step:3054/3250 train_time:941.922s step_avg:308.42ms
step:3055/3250 train_time:942.231s step_avg:308.42ms
step:3056/3250 train_time:942.542s step_avg:308.42ms
step:3057/3250 train_time:942.851s step_avg:308.42ms
step:3058/3250 train_time:943.158s step_avg:308.42ms
step:3059/3250 train_time:943.469s step_avg:308.42ms
step:3060/3250 train_time:943.780s step_avg:308.42ms
step:3060/3250 val_loss:3.29191 train_time:943.783s step_avg:310.97ms
probe_ema: n=84934656 align=-0.02606,-0.05667,-0.07275,-0.07767 rel_mse=1.03257,1.02283,1.01433,1.00831
step:3061/3250 train_time:944.094s step_avg:308.43ms
step:3062/3250 train_time:944.403s step_avg:308.43ms
step:3063/3250 train_time:944.708s step_avg:308.43ms
step:3064/3250 train_time:945.016s step_avg:308.43ms
step:3065/3250 train_time:945.322s step_avg:308.42ms
step:3066/3250 train_time:945.627s step_avg:308.42ms
step:3067/3250 train_time:945.935s step_avg:308.42ms
step:3068/3250 train_time:946.247s step_avg:308.42ms
step:3069/3250 train_time:946.558s step_avg:308.43ms
step:3070/3250 train_time:946.866s step_avg:308.43ms
step:3070/3250 val_loss:3.29051 train_time:946.866s step_avg:308.30ms
probe_ema: n=84934656 align=-0.05694,-0.07246,-0.08247,-0.08471 rel_mse=1.04078,1.02494,1.01500,1.00863
step:3071/3250 train_time:947.177s step_avg:308.43ms
step:3072/3250 train_time:947.485s step_avg:308.43ms
step:3073/3250 train_time:947.794s step_avg:308.43ms
step:3074/3250 train_time:948.100s step_avg:308.43ms
step:3075/3250 train_time:948.407s step_avg:308.43ms
step:3075/3250 val_loss:3.28970 train_time:948.408s step_avg:308.46ms
probe_ema: n=84934656 align=-0.03510,-0.05449,-0.06743,-0.07228 rel_mse=1.03732,1.02326,1.01410,1.00817
step:3076/3250 train_time:948.721s step_avg:308.43ms
step:3077/3250 train_time:949.028s step_avg:308.43ms
step:3078/3250 train_time:949.337s step_avg:308.43ms
step:3079/3250 train_time:949.642s step_avg:308.43ms
step:3080/3250 train_time:949.957s step_avg:308.43ms
step:3080/3250 val_loss:3.28911 train_time:949.957s step_avg:309.79ms
probe_ema: n=84934656 align=-0.03129,-0.05272,-0.06661,-0.07203 rel_mse=1.03654,1.02298,1.01399,1.00813
step:3081/3250 train_time:950.270s step_avg:308.43ms
step:3082/3250 train_time:950.585s step_avg:308.43ms
step:3083/3250 train_time:950.892s step_avg:308.43ms
step:3084/3250 train_time:951.198s step_avg:308.43ms
step:3085/3250 train_time:951.505s step_avg:308.43ms
step:3086/3250 train_time:951.810s step_avg:308.43ms
step:3087/3250 train_time:952.115s step_avg:308.43ms
step:3088/3250 train_time:952.425s step_avg:308.43ms
step:3089/3250 train_time:952.734s step_avg:308.43ms
step:3090/3250 train_time:953.040s step_avg:308.43ms
step:3090/3250 val_loss:3.28796 train_time:953.040s step_avg:308.33ms
probe_ema: n=84934656 align=-0.08296,-0.09409,-0.09853,-0.09631 rel_mse=1.05481,1.03144,1.01770,1.00972
step:3091/3250 train_time:953.347s step_avg:308.43ms
step:3092/3250 train_time:953.655s step_avg:308.43ms
step:3093/3250 train_time:953.963s step_avg:308.43ms
step:3094/3250 train_time:954.267s step_avg:308.43ms
step:3095/3250 train_time:954.571s step_avg:308.42ms
step:3096/3250 train_time:954.879s step_avg:308.42ms
step:3097/3250 train_time:955.188s step_avg:308.42ms
step:3098/3250 train_time:955.495s step_avg:308.42ms
step:3099/3250 train_time:955.804s step_avg:308.42ms
step:3100/3250 train_time:956.109s step_avg:308.42ms
step:3100/3250 val_loss:3.28670 train_time:956.110s step_avg:306.92ms
probe_ema: n=84934656 align=0.00284,-0.02666,-0.04614,-0.05559 rel_mse=1.02851,1.01931,1.01228,1.00730
step:3101/3250 train_time:956.419s step_avg:308.42ms
step:3102/3250 train_time:956.726s step_avg:308.42ms
step:3103/3250 train_time:957.033s step_avg:308.42ms
step:3104/3250 train_time:957.341s step_avg:308.42ms
step:3105/3250 train_time:957.649s step_avg:308.42ms
step:3106/3250 train_time:957.959s step_avg:308.42ms
step:3107/3250 train_time:958.264s step_avg:308.42ms
step:3108/3250 train_time:958.572s step_avg:308.42ms
step:3109/3250 train_time:958.878s step_avg:308.42ms
step:3110/3250 train_time:959.184s step_avg:308.42ms
step:3110/3250 val_loss:3.28576 train_time:959.184s step_avg:307.44ms
probe_ema: n=84934656 align=-0.06679,-0.08615,-0.09503,-0.09501 rel_mse=1.04888,1.03086,1.01828,1.01028
step:3111/3250 train_time:959.496s step_avg:308.42ms
step:3112/3250 train_time:959.799s step_avg:308.42ms
step:3113/3250 train_time:960.105s step_avg:308.42ms
step:3114/3250 train_time:960.414s step_avg:308.42ms
step:3115/3250 train_time:960.725s step_avg:308.42ms
step:3116/3250 train_time:961.038s step_avg:308.42ms
step:3117/3250 train_time:961.347s step_avg:308.42ms
step:3118/3250 train_time:961.656s step_avg:308.42ms
step:3119/3250 train_time:961.962s step_avg:308.42ms
step:3120/3250 train_time:962.272s step_avg:308.42ms
step:3120/3250 val_loss:3.28462 train_time:962.273s step_avg:308.87ms
probe_ema: n=84934656 align=-0.06461,-0.07915,-0.08595,-0.08578 rel_mse=1.05609,1.03296,1.01863,1.01023
step:3121/3250 train_time:962.592s step_avg:308.42ms
step:3122/3250 train_time:962.902s step_avg:308.42ms
step:3123/3250 train_time:963.213s step_avg:308.43ms
step:3124/3250 train_time:963.523s step_avg:308.43ms
step:3125/3250 train_time:963.835s step_avg:308.43ms
step:3125/3250 val_loss:3.28409 train_time:963.835s step_avg:312.52ms
probe_ema: n=84934656 align=-0.02215,-0.05223,-0.06758,-0.07143 rel_mse=1.03376,1.02316,1.01447,1.00834
step:3126/3250 train_time:964.155s step_avg:308.43ms
step:3127/3250 train_time:964.470s step_avg:308.43ms
step:3128/3250 train_time:964.779s step_avg:308.43ms
step:3129/3250 train_time:965.090s step_avg:308.43ms
step:3130/3250 train_time:965.400s step_avg:308.43ms
step:3130/3250 val_loss:3.28339 train_time:965.400s step_avg:312.99ms
probe_ema: n=84934656 align=-0.02380,-0.04374,-0.05738,-0.06287 rel_mse=1.03505,1.02197,1.01343,1.00781
step:3131/3250 train_time:965.716s step_avg:308.44ms
step:3132/3250 train_time:966.028s step_avg:308.44ms
step:3133/3250 train_time:966.340s step_avg:308.44ms
step:3134/3250 train_time:966.653s step_avg:308.44ms
step:3135/3250 train_time:966.966s step_avg:308.44ms
step:3136/3250 train_time:967.281s step_avg:308.44ms
step:3137/3250 train_time:967.590s step_avg:308.44ms
step:3138/3250 train_time:967.903s step_avg:308.45ms
step:3139/3250 train_time:968.225s step_avg:308.45ms
step:3140/3250 train_time:968.540s step_avg:308.45ms
step:3140/3250 val_loss:3.28229 train_time:968.540s step_avg:313.96ms
probe_ema: n=84934656 align=-0.03479,-0.04950,-0.06064,-0.06490 rel_mse=1.03919,1.02360,1.01410,1.00811
step:3141/3250 train_time:968.857s step_avg:308.45ms
step:3142/3250 train_time:969.167s step_avg:308.46ms
step:3143/3250 train_time:969.483s step_avg:308.46ms
step:3144/3250 train_time:969.798s step_avg:308.46ms
step:3145/3250 train_time:970.107s step_avg:308.46ms
step:3146/3250 train_time:970.419s step_avg:308.46ms
step:3147/3250 train_time:970.728s step_avg:308.46ms
step:3148/3250 train_time:971.039s step_avg:308.46ms
step:3149/3250 train_time:971.348s step_avg:308.46ms
step:3150/3250 train_time:971.663s step_avg:308.46ms
step:3150/3250 val_loss:3.28125 train_time:971.663s step_avg:312.29ms
probe_ema: n=84934656 align=-0.00352,-0.02049,-0.03490,-0.04289 rel_mse=1.03214,1.01913,1.01156,1.00676
step:3151/3250 train_time:971.974s step_avg:308.47ms
step:3152/3250 train_time:972.279s step_avg:308.46ms
step:3153/3250 train_time:972.584s step_avg:308.46ms
step:3154/3250 train_time:972.890s step_avg:308.46ms
step:3155/3250 train_time:973.195s step_avg:308.46ms
step:3156/3250 train_time:973.500s step_avg:308.46ms
step:3157/3250 train_time:973.808s step_avg:308.46ms
step:3158/3250 train_time:974.115s step_avg:308.46ms
step:3159/3250 train_time:974.421s step_avg:308.46ms
step:3160/3250 train_time:974.729s step_avg:308.46ms
step:3160/3250 val_loss:3.28028 train_time:974.729s step_avg:306.61ms
probe_ema: n=84934656 align=0.02514,-0.00225,-0.02123,-0.03221 rel_mse=1.02692,1.01691,1.01021,1.00596
step:3161/3250 train_time:975.039s step_avg:308.46ms
step:3162/3250 train_time:975.350s step_avg:308.46ms
step:3163/3250 train_time:975.658s step_avg:308.46ms
step:3164/3250 train_time:975.965s step_avg:308.46ms
step:3165/3250 train_time:976.271s step_avg:308.46ms
step:3166/3250 train_time:976.580s step_avg:308.46ms
step:3167/3250 train_time:976.886s step_avg:308.46ms
step:3168/3250 train_time:977.193s step_avg:308.46ms
step:3169/3250 train_time:977.502s step_avg:308.46ms
step:3170/3250 train_time:977.806s step_avg:308.46ms
step:3170/3250 val_loss:3.27942 train_time:977.806s step_avg:307.76ms
probe_ema: n=84934656 align=-0.00967,-0.02948,-0.04251,-0.04866 rel_mse=1.03155,1.02030,1.01241,1.00713
step:3171/3250 train_time:978.120s step_avg:308.46ms
step:3172/3250 train_time:978.426s step_avg:308.46ms
step:3173/3250 train_time:978.731s step_avg:308.46ms
step:3174/3250 train_time:979.040s step_avg:308.46ms
step:3175/3250 train_time:979.346s step_avg:308.46ms
step:3175/3250 val_loss:3.27893 train_time:979.346s step_avg:307.85ms
probe_ema: n=84934656 align=0.01120,-0.01351,-0.03030,-0.03900 rel_mse=1.02580,1.01692,1.01071,1.00633
step:3176/3250 train_time:979.655s step_avg:308.46ms
step:3177/3250 train_time:979.963s step_avg:308.46ms
step:3178/3250 train_time:980.269s step_avg:308.45ms
step:3179/3250 train_time:980.574s step_avg:308.45ms
step:3180/3250 train_time:980.878s step_avg:308.45ms
step:3180/3250 val_loss:3.27852 train_time:980.878s step_avg:306.41ms
probe_ema: n=84934656 align=-0.02371,-0.03707,-0.04737,-0.05200 rel_mse=1.03663,1.02184,1.01299,1.00743
step:3181/3250 train_time:981.190s step_avg:308.45ms
step:3182/3250 train_time:981.494s step_avg:308.45ms
step:3183/3250 train_time:981.800s step_avg:308.45ms
step:3184/3250 train_time:982.108s step_avg:308.45ms
step:3185/3250 train_time:982.417s step_avg:308.45ms
step:3186/3250 train_time:982.725s step_avg:308.45ms
step:3187/3250 train_time:983.031s step_avg:308.45ms
step:3188/3250 train_time:983.337s step_avg:308.45ms
step:3189/3250 train_time:983.645s step_avg:308.45ms
step:3190/3250 train_time:983.951s step_avg:308.45ms
step:3190/3250 val_loss:3.27769 train_time:983.952s step_avg:307.45ms
probe_ema: n=84934656 align=-0.00437,-0.02092,-0.03322,-0.03986 rel_mse=1.03078,1.01861,1.01116,1.00648
step:3191/3250 train_time:984.264s step_avg:308.45ms
step:3192/3250 train_time:984.571s step_avg:308.45ms
step:3193/3250 train_time:984.881s step_avg:308.45ms
step:3194/3250 train_time:985.186s step_avg:308.45ms
step:3195/3250 train_time:985.491s step_avg:308.45ms
step:3196/3250 train_time:985.800s step_avg:308.45ms
step:3197/3250 train_time:986.106s step_avg:308.45ms
step:3198/3250 train_time:986.413s step_avg:308.45ms
step:3199/3250 train_time:986.722s step_avg:308.45ms
step:3200/3250 train_time:987.026s step_avg:308.45ms
step:3200/3250 val_loss:3.27695 train_time:987.026s step_avg:307.40ms
probe_ema: n=84934656 align=0.01697,-0.00475,-0.02076,-0.03016 rel_mse=1.02420,1.01530,1.00942,1.00557
step:3201/3250 train_time:987.342s step_avg:308.45ms
step:3202/3250 train_time:987.652s step_avg:308.45ms
step:3203/3250 train_time:987.965s step_avg:308.45ms
step:3204/3250 train_time:988.281s step_avg:308.45ms
step:3205/3250 train_time:988.592s step_avg:308.45ms
step:3206/3250 train_time:988.899s step_avg:308.45ms
step:3207/3250 train_time:989.210s step_avg:308.45ms
step:3208/3250 train_time:989.520s step_avg:308.45ms
step:3209/3250 train_time:989.830s step_avg:308.45ms
step:3210/3250 train_time:990.142s step_avg:308.46ms
step:3210/3250 val_loss:3.27631 train_time:990.145s step_avg:311.85ms
probe_ema: n=84934656 align=0.03359,0.01107,-0.00613,-0.01710 rel_mse=1.01993,1.01239,1.00769,1.00461
step:3211/3250 train_time:990.464s step_avg:308.46ms
step:3212/3250 train_time:990.779s step_avg:308.46ms
step:3213/3250 train_time:991.093s step_avg:308.46ms
step:3214/3250 train_time:991.402s step_avg:308.46ms
step:3215/3250 train_time:991.714s step_avg:308.46ms
step:3216/3250 train_time:992.023s step_avg:308.46ms
step:3217/3250 train_time:992.338s step_avg:308.47ms
step:3218/3250 train_time:992.650s step_avg:308.47ms
step:3219/3250 train_time:992.965s step_avg:308.47ms
step:3220/3250 train_time:993.279s step_avg:308.47ms
step:3220/3250 val_loss:3.27571 train_time:993.280s step_avg:313.49ms
probe_ema: n=84934656 align=0.01903,0.00784,-0.00370,-0.01286 rel_mse=1.02544,1.01399,1.00786,1.00444
step:3221/3250 train_time:993.600s step_avg:308.48ms
step:3222/3250 train_time:993.914s step_avg:308.48ms
step:3223/3250 train_time:994.226s step_avg:308.48ms
step:3224/3250 train_time:994.536s step_avg:308.48ms
step:3225/3250 train_time:994.850s step_avg:308.48ms
step:3225/3250 val_loss:3.27547 train_time:994.853s step_avg:314.57ms
probe_ema: n=84934656 align=0.01592,0.00647,-0.00367,-0.01213 rel_mse=1.02655,1.01429,1.00788,1.00438
step:3226/3250 train_time:995.172s step_avg:308.48ms
step:3227/3250 train_time:995.484s step_avg:308.49ms
step:3228/3250 train_time:995.798s step_avg:308.49ms
step:3229/3250 train_time:996.110s step_avg:308.49ms
step:3230/3250 train_time:996.421s step_avg:308.49ms
step:3230/3250 val_loss:3.27530 train_time:996.422s step_avg:313.79ms
probe_ema: n=84934656 align=0.03539,0.01609,0.00182,-0.00826 rel_mse=1.01944,1.01186,1.00695,1.00395
step:3231/3250 train_time:996.781s step_avg:308.51ms
step:3232/3250 train_time:997.096s step_avg:308.51ms
step:3233/3250 train_time:997.407s step_avg:308.51ms
step:3234/3250 train_time:997.717s step_avg:308.51ms
step:3235/3250 train_time:998.027s step_avg:308.51ms
step:3236/3250 train_time:998.348s step_avg:308.51ms
step:3237/3250 train_time:998.662s step_avg:308.51ms
step:3238/3250 train_time:998.969s step_avg:308.51ms
step:3239/3250 train_time:999.279s step_avg:308.51ms
step:3240/3250 train_time:999.584s step_avg:308.51ms
step:3240/3250 val_loss:3.27498 train_time:999.584s step_avg:316.25ms
probe_ema: n=84934656 align=0.00178,-0.00090,-0.00592,-0.01143 rel_mse=1.03252,1.01704,1.00884,1.00461
step:3241/3250 train_time:999.899s step_avg:308.52ms
step:3242/3250 train_time:1000.205s step_avg:308.51ms
step:3243/3250 train_time:1000.512s step_avg:308.51ms
step:3244/3250 train_time:1000.818s step_avg:308.51ms
step:3245/3250 train_time:1001.124s step_avg:308.51ms
step:3246/3250 train_time:1001.433s step_avg:308.51ms
step:3247/3250 train_time:1001.742s step_avg:308.51ms
step:3248/3250 train_time:1002.051s step_avg:308.51ms
step:3249/3250 train_time:1002.356s step_avg:308.51ms
step:3250/3250 train_time:1002.663s step_avg:308.51ms
step:3250/3250 val_loss:3.27485 train_time:1002.664s step_avg:307.95ms
probe_ema: n=84934656 align=0.08097,0.07129,0.05543,0.03949 rel_mse=1.00569,0.99927,0.99855,0.99909
