W0822 23:06:04.809000 92289 torch/distributed/run.py:774] 
W0822 23:06:04.809000 92289 torch/distributed/run.py:774] *****************************************
W0822 23:06:04.809000 92289 torch/distributed/run.py:774] Setting OMP_NUM_THREADS environment variable for each process to be 1 in default, to avoid your system being overloaded, please further tune the variable for optimal performance in your application as needed. 
W0822 23:06:04.809000 92289 torch/distributed/run.py:774] *****************************************
logs/7fd64c35-ff45-4b0b-8f81-c8cd5785d019.txt
step:0/3250 val_loss:10.82584 train_time:0.000s step_avg:nanms
step:1/3250 train_time:8.415s step_avg:8414.80ms
step:2/3250 train_time:8.695s step_avg:4347.45ms
step:3/3250 train_time:8.988s step_avg:2996.09ms
step:4/3250 train_time:9.281s step_avg:2320.34ms
step:5/3250 train_time:9.580s step_avg:1915.97ms
step:6/3250 train_time:9.880s step_avg:1646.65ms
step:7/3250 train_time:10.182s step_avg:1454.60ms
step:8/3250 train_time:10.480s step_avg:1309.94ms
step:9/3250 train_time:10.781s step_avg:1197.94ms
step:10/3250 train_time:11.080s step_avg:1107.97ms
step:11/3250 train_time:11.377s step_avg:1034.28ms
step:12/3250 train_time:11.676s step_avg:972.98ms
step:13/3250 train_time:11.975s step_avg:921.16ms
step:14/3250 train_time:12.271s step_avg:876.52ms
step:15/3250 train_time:12.569s step_avg:837.93ms
step:16/3250 train_time:12.867s step_avg:804.21ms
step:17/3250 train_time:13.165s step_avg:774.39ms
step:18/3250 train_time:13.463s step_avg:747.92ms
step:19/3250 train_time:13.762s step_avg:724.33ms
step:20/3250 train_time:14.063s step_avg:703.15ms
step:21/3250 train_time:14.363s step_avg:683.93ms
step:22/3250 train_time:14.662s step_avg:666.46ms
step:23/3250 train_time:14.962s step_avg:650.53ms
step:24/3250 train_time:15.262s step_avg:635.90ms
step:25/3250 train_time:15.562s step_avg:622.48ms
step:26/3250 train_time:15.862s step_avg:610.09ms
step:27/3250 train_time:16.164s step_avg:598.68ms
step:28/3250 train_time:16.465s step_avg:588.03ms
step:29/3250 train_time:16.763s step_avg:578.02ms
step:30/3250 train_time:17.062s step_avg:568.74ms
step:31/3250 train_time:17.363s step_avg:560.09ms
step:32/3250 train_time:17.663s step_avg:551.98ms
step:33/3250 train_time:17.963s step_avg:544.32ms
step:34/3250 train_time:18.262s step_avg:537.13ms
step:35/3250 train_time:18.563s step_avg:530.37ms
step:36/3250 train_time:18.862s step_avg:523.93ms
step:37/3250 train_time:19.162s step_avg:517.88ms
step:38/3250 train_time:19.462s step_avg:512.15ms
step:39/3250 train_time:19.762s step_avg:506.72ms
step:40/3250 train_time:20.062s step_avg:501.55ms
step:41/3250 train_time:20.362s step_avg:496.64ms
step:42/3250 train_time:20.663s step_avg:491.97ms
step:43/3250 train_time:20.961s step_avg:487.48ms
step:44/3250 train_time:21.261s step_avg:483.21ms
step:45/3250 train_time:21.561s step_avg:479.14ms
step:46/3250 train_time:21.863s step_avg:475.28ms
step:47/3250 train_time:22.162s step_avg:471.54ms
step:48/3250 train_time:22.463s step_avg:467.98ms
step:49/3250 train_time:22.762s step_avg:464.53ms
step:50/3250 train_time:23.061s step_avg:461.22ms
step:51/3250 train_time:23.358s step_avg:458.01ms
step:52/3250 train_time:23.658s step_avg:454.96ms
step:53/3250 train_time:23.957s step_avg:452.02ms
step:54/3250 train_time:24.255s step_avg:449.16ms
step:55/3250 train_time:24.551s step_avg:446.38ms
step:56/3250 train_time:24.850s step_avg:443.75ms
step:57/3250 train_time:25.148s step_avg:441.20ms
step:58/3250 train_time:25.445s step_avg:438.70ms
step:59/3250 train_time:25.742s step_avg:436.31ms
step:60/3250 train_time:26.043s step_avg:434.05ms
step:61/3250 train_time:26.340s step_avg:431.81ms
step:62/3250 train_time:26.638s step_avg:429.65ms
step:63/3250 train_time:26.937s step_avg:427.57ms
step:64/3250 train_time:27.236s step_avg:425.56ms
step:65/3250 train_time:27.532s step_avg:423.56ms
step:66/3250 train_time:27.829s step_avg:421.65ms
step:67/3250 train_time:28.125s step_avg:419.78ms
step:68/3250 train_time:28.423s step_avg:417.98ms
step:69/3250 train_time:28.721s step_avg:416.25ms
step:70/3250 train_time:29.018s step_avg:414.55ms
step:71/3250 train_time:29.318s step_avg:412.93ms
step:72/3250 train_time:29.616s step_avg:411.33ms
step:73/3250 train_time:29.911s step_avg:409.74ms
step:74/3250 train_time:30.211s step_avg:408.25ms
step:75/3250 train_time:30.512s step_avg:406.83ms
step:76/3250 train_time:30.806s step_avg:405.35ms
step:77/3250 train_time:31.103s step_avg:403.94ms
step:78/3250 train_time:31.404s step_avg:402.61ms
step:79/3250 train_time:31.703s step_avg:401.30ms
step:80/3250 train_time:32.001s step_avg:400.01ms
step:81/3250 train_time:32.299s step_avg:398.75ms
step:82/3250 train_time:32.599s step_avg:397.55ms
step:83/3250 train_time:32.898s step_avg:396.37ms
step:84/3250 train_time:33.197s step_avg:395.20ms
step:85/3250 train_time:33.492s step_avg:394.02ms
step:86/3250 train_time:33.792s step_avg:392.93ms
step:87/3250 train_time:34.091s step_avg:391.85ms
step:88/3250 train_time:34.390s step_avg:390.80ms
step:89/3250 train_time:34.686s step_avg:389.73ms
step:90/3250 train_time:34.983s step_avg:388.71ms
step:91/3250 train_time:35.283s step_avg:387.73ms
step:92/3250 train_time:35.582s step_avg:386.76ms
step:93/3250 train_time:35.881s step_avg:385.82ms
step:94/3250 train_time:36.181s step_avg:384.91ms
step:95/3250 train_time:36.481s step_avg:384.01ms
step:96/3250 train_time:36.780s step_avg:383.12ms
step:97/3250 train_time:37.078s step_avg:382.25ms
step:98/3250 train_time:37.377s step_avg:381.40ms
step:99/3250 train_time:37.672s step_avg:380.53ms
step:100/3250 train_time:37.971s step_avg:379.71ms
step:101/3250 train_time:38.269s step_avg:378.90ms
step:102/3250 train_time:38.568s step_avg:378.12ms
step:103/3250 train_time:38.864s step_avg:377.32ms
step:104/3250 train_time:39.166s step_avg:376.59ms
step:105/3250 train_time:39.467s step_avg:375.87ms
step:106/3250 train_time:39.762s step_avg:375.11ms
step:107/3250 train_time:40.063s step_avg:374.42ms
step:108/3250 train_time:40.362s step_avg:373.72ms
step:109/3250 train_time:40.661s step_avg:373.04ms
step:110/3250 train_time:40.960s step_avg:372.36ms
step:111/3250 train_time:41.259s step_avg:371.70ms
step:112/3250 train_time:41.559s step_avg:371.06ms
step:113/3250 train_time:41.855s step_avg:370.40ms
step:114/3250 train_time:42.155s step_avg:369.78ms
step:115/3250 train_time:42.452s step_avg:369.15ms
step:116/3250 train_time:42.752s step_avg:368.55ms
step:117/3250 train_time:43.051s step_avg:367.96ms
step:118/3250 train_time:43.349s step_avg:367.37ms
step:119/3250 train_time:43.646s step_avg:366.77ms
step:120/3250 train_time:43.944s step_avg:366.20ms
step:121/3250 train_time:44.242s step_avg:365.64ms
step:122/3250 train_time:44.541s step_avg:365.09ms
step:123/3250 train_time:44.840s step_avg:364.56ms
step:124/3250 train_time:45.141s step_avg:364.04ms
step:125/3250 train_time:45.443s step_avg:363.54ms
step:125/3250 val_loss:4.58484 train_time:45.443s step_avg:363.54ms
step:126/3250 train_time:45.743s step_avg:363.04ms
step:127/3250 train_time:46.038s step_avg:362.51ms
step:128/3250 train_time:46.334s step_avg:361.99ms
step:129/3250 train_time:46.635s step_avg:361.51ms
step:130/3250 train_time:46.935s step_avg:361.04ms
step:131/3250 train_time:47.233s step_avg:360.56ms
step:132/3250 train_time:47.534s step_avg:360.10ms
step:133/3250 train_time:47.833s step_avg:359.65ms
step:134/3250 train_time:48.132s step_avg:359.19ms
step:135/3250 train_time:48.432s step_avg:358.75ms
step:136/3250 train_time:48.731s step_avg:358.31ms
step:137/3250 train_time:49.031s step_avg:357.89ms
step:138/3250 train_time:49.328s step_avg:357.45ms
step:139/3250 train_time:49.626s step_avg:357.02ms
step:140/3250 train_time:49.921s step_avg:356.58ms
step:141/3250 train_time:50.220s step_avg:356.17ms
step:142/3250 train_time:50.519s step_avg:355.76ms
step:143/3250 train_time:50.816s step_avg:355.36ms
step:144/3250 train_time:51.115s step_avg:354.96ms
step:145/3250 train_time:51.414s step_avg:354.58ms
step:146/3250 train_time:51.714s step_avg:354.20ms
step:147/3250 train_time:52.013s step_avg:353.83ms
step:148/3250 train_time:52.313s step_avg:353.47ms
step:149/3250 train_time:52.613s step_avg:353.11ms
step:150/3250 train_time:52.911s step_avg:352.74ms
step:151/3250 train_time:53.209s step_avg:352.38ms
step:152/3250 train_time:53.510s step_avg:352.04ms
step:153/3250 train_time:53.809s step_avg:351.69ms
step:154/3250 train_time:54.109s step_avg:351.36ms
step:155/3250 train_time:54.408s step_avg:351.02ms
step:156/3250 train_time:54.709s step_avg:350.70ms
step:157/3250 train_time:55.008s step_avg:350.37ms
step:158/3250 train_time:55.306s step_avg:350.04ms
step:159/3250 train_time:55.602s step_avg:349.70ms
step:160/3250 train_time:55.901s step_avg:349.38ms
step:161/3250 train_time:56.200s step_avg:349.07ms
step:162/3250 train_time:56.497s step_avg:348.75ms
step:163/3250 train_time:56.795s step_avg:348.43ms
step:164/3250 train_time:57.093s step_avg:348.13ms
step:165/3250 train_time:57.394s step_avg:347.84ms
step:166/3250 train_time:57.692s step_avg:347.55ms
step:167/3250 train_time:57.991s step_avg:347.25ms
step:168/3250 train_time:58.291s step_avg:346.97ms
step:169/3250 train_time:58.591s step_avg:346.70ms
step:170/3250 train_time:58.890s step_avg:346.41ms
step:171/3250 train_time:59.188s step_avg:346.13ms
step:172/3250 train_time:59.488s step_avg:345.86ms
step:173/3250 train_time:59.788s step_avg:345.60ms
step:174/3250 train_time:60.086s step_avg:345.32ms
step:175/3250 train_time:60.382s step_avg:345.04ms
step:176/3250 train_time:60.679s step_avg:344.77ms
step:177/3250 train_time:60.976s step_avg:344.50ms
step:178/3250 train_time:61.274s step_avg:344.24ms
step:179/3250 train_time:61.574s step_avg:343.99ms
step:180/3250 train_time:61.874s step_avg:343.74ms
step:181/3250 train_time:62.173s step_avg:343.50ms
step:182/3250 train_time:62.474s step_avg:343.26ms
step:183/3250 train_time:62.773s step_avg:343.02ms
step:184/3250 train_time:63.073s step_avg:342.79ms
step:185/3250 train_time:63.372s step_avg:342.55ms
step:186/3250 train_time:63.671s step_avg:342.32ms
step:187/3250 train_time:63.970s step_avg:342.09ms
step:188/3250 train_time:64.269s step_avg:341.86ms
step:189/3250 train_time:64.570s step_avg:341.64ms
step:190/3250 train_time:64.869s step_avg:341.41ms
step:191/3250 train_time:65.298s step_avg:341.88ms
step:192/3250 train_time:65.593s step_avg:341.63ms
step:193/3250 train_time:65.890s step_avg:341.40ms
step:194/3250 train_time:66.193s step_avg:341.20ms
step:195/3250 train_time:66.491s step_avg:340.98ms
step:196/3250 train_time:66.788s step_avg:340.76ms
step:197/3250 train_time:67.089s step_avg:340.55ms
step:198/3250 train_time:67.389s step_avg:340.35ms
step:199/3250 train_time:67.687s step_avg:340.13ms
step:200/3250 train_time:67.983s step_avg:339.92ms
step:201/3250 train_time:68.281s step_avg:339.71ms
step:202/3250 train_time:68.580s step_avg:339.51ms
step:203/3250 train_time:68.878s step_avg:339.30ms
step:204/3250 train_time:69.174s step_avg:339.09ms
step:205/3250 train_time:69.474s step_avg:338.90ms
step:206/3250 train_time:69.774s step_avg:338.71ms
step:207/3250 train_time:70.073s step_avg:338.52ms
step:208/3250 train_time:70.374s step_avg:338.34ms
step:209/3250 train_time:70.674s step_avg:338.15ms
step:210/3250 train_time:70.974s step_avg:337.97ms
step:211/3250 train_time:71.274s step_avg:337.79ms
step:212/3250 train_time:71.573s step_avg:337.61ms
step:213/3250 train_time:71.872s step_avg:337.43ms
step:214/3250 train_time:72.171s step_avg:337.25ms
step:215/3250 train_time:72.471s step_avg:337.07ms
step:216/3250 train_time:72.770s step_avg:336.90ms
step:217/3250 train_time:73.070s step_avg:336.73ms
step:218/3250 train_time:73.369s step_avg:336.56ms
step:219/3250 train_time:73.670s step_avg:336.39ms
step:220/3250 train_time:73.969s step_avg:336.22ms
step:221/3250 train_time:74.267s step_avg:336.05ms
step:222/3250 train_time:74.566s step_avg:335.88ms
step:223/3250 train_time:74.864s step_avg:335.71ms
step:224/3250 train_time:75.161s step_avg:335.54ms
step:225/3250 train_time:75.459s step_avg:335.37ms
step:226/3250 train_time:75.755s step_avg:335.20ms
step:227/3250 train_time:76.055s step_avg:335.04ms
step:228/3250 train_time:76.355s step_avg:334.89ms
step:229/3250 train_time:76.652s step_avg:334.73ms
step:230/3250 train_time:76.952s step_avg:334.57ms
step:231/3250 train_time:77.252s step_avg:334.43ms
step:232/3250 train_time:77.552s step_avg:334.28ms
step:233/3250 train_time:77.851s step_avg:334.13ms
step:234/3250 train_time:78.150s step_avg:333.97ms
step:235/3250 train_time:78.450s step_avg:333.83ms
step:236/3250 train_time:78.749s step_avg:333.68ms
step:237/3250 train_time:79.050s step_avg:333.54ms
step:238/3250 train_time:79.349s step_avg:333.40ms
step:239/3250 train_time:79.649s step_avg:333.26ms
step:240/3250 train_time:79.951s step_avg:333.13ms
step:241/3250 train_time:80.249s step_avg:332.98ms
step:242/3250 train_time:80.549s step_avg:332.85ms
step:243/3250 train_time:80.848s step_avg:332.71ms
step:244/3250 train_time:81.149s step_avg:332.58ms
step:245/3250 train_time:81.445s step_avg:332.43ms
step:246/3250 train_time:81.742s step_avg:332.28ms
step:247/3250 train_time:82.039s step_avg:332.14ms
step:248/3250 train_time:82.336s step_avg:332.00ms
step:249/3250 train_time:82.635s step_avg:331.87ms
step:250/3250 train_time:82.934s step_avg:331.74ms
step:250/3250 val_loss:4.09415 train_time:82.936s step_avg:299.95ms
step:251/3250 train_time:83.234s step_avg:331.61ms
step:252/3250 train_time:83.534s step_avg:331.49ms
step:253/3250 train_time:83.834s step_avg:331.36ms
step:254/3250 train_time:84.136s step_avg:331.24ms
step:255/3250 train_time:84.431s step_avg:331.10ms
step:256/3250 train_time:84.730s step_avg:330.98ms
step:257/3250 train_time:85.029s step_avg:330.85ms
step:258/3250 train_time:85.331s step_avg:330.74ms
step:259/3250 train_time:85.628s step_avg:330.61ms
step:260/3250 train_time:85.928s step_avg:330.49ms
step:261/3250 train_time:86.225s step_avg:330.36ms
step:262/3250 train_time:86.522s step_avg:330.24ms
step:263/3250 train_time:86.820s step_avg:330.11ms
step:264/3250 train_time:87.116s step_avg:329.99ms
step:265/3250 train_time:87.414s step_avg:329.86ms
step:266/3250 train_time:87.713s step_avg:329.75ms
step:267/3250 train_time:88.014s step_avg:329.64ms
step:268/3250 train_time:88.314s step_avg:329.53ms
step:269/3250 train_time:88.615s step_avg:329.42ms
step:270/3250 train_time:88.913s step_avg:329.31ms
step:271/3250 train_time:89.214s step_avg:329.20ms
step:272/3250 train_time:89.517s step_avg:329.11ms
step:273/3250 train_time:89.817s step_avg:329.00ms
step:274/3250 train_time:90.114s step_avg:328.88ms
step:275/3250 train_time:90.414s step_avg:328.78ms
step:276/3250 train_time:90.714s step_avg:328.67ms
step:277/3250 train_time:91.013s step_avg:328.57ms
step:278/3250 train_time:91.314s step_avg:328.47ms
step:279/3250 train_time:91.612s step_avg:328.36ms
step:280/3250 train_time:91.912s step_avg:328.26ms
step:281/3250 train_time:92.212s step_avg:328.16ms
step:282/3250 train_time:92.512s step_avg:328.06ms
step:283/3250 train_time:92.812s step_avg:327.96ms
step:284/3250 train_time:93.112s step_avg:327.86ms
step:285/3250 train_time:93.411s step_avg:327.76ms
step:286/3250 train_time:93.711s step_avg:327.66ms
step:287/3250 train_time:94.011s step_avg:327.56ms
step:288/3250 train_time:94.310s step_avg:327.47ms
step:289/3250 train_time:94.610s step_avg:327.37ms
step:290/3250 train_time:94.907s step_avg:327.27ms
step:291/3250 train_time:95.207s step_avg:327.17ms
step:292/3250 train_time:95.504s step_avg:327.07ms
step:293/3250 train_time:95.801s step_avg:326.97ms
step:294/3250 train_time:96.098s step_avg:326.86ms
step:295/3250 train_time:96.398s step_avg:326.77ms
step:296/3250 train_time:96.696s step_avg:326.68ms
step:297/3250 train_time:96.992s step_avg:326.57ms
step:298/3250 train_time:97.291s step_avg:326.48ms
step:299/3250 train_time:97.591s step_avg:326.39ms
step:300/3250 train_time:97.892s step_avg:326.31ms
step:301/3250 train_time:98.190s step_avg:326.21ms
step:302/3250 train_time:98.489s step_avg:326.12ms
step:303/3250 train_time:98.788s step_avg:326.03ms
step:304/3250 train_time:99.088s step_avg:325.95ms
step:305/3250 train_time:99.389s step_avg:325.87ms
step:306/3250 train_time:99.689s step_avg:325.78ms
step:307/3250 train_time:99.989s step_avg:325.70ms
step:308/3250 train_time:100.288s step_avg:325.61ms
step:309/3250 train_time:100.587s step_avg:325.52ms
step:310/3250 train_time:100.882s step_avg:325.43ms
step:311/3250 train_time:101.181s step_avg:325.34ms
step:312/3250 train_time:101.477s step_avg:325.25ms
step:313/3250 train_time:101.774s step_avg:325.16ms
step:314/3250 train_time:102.072s step_avg:325.07ms
step:315/3250 train_time:102.372s step_avg:324.99ms
step:316/3250 train_time:102.673s step_avg:324.91ms
step:317/3250 train_time:102.973s step_avg:324.84ms
step:318/3250 train_time:103.273s step_avg:324.76ms
step:319/3250 train_time:103.574s step_avg:324.68ms
step:320/3250 train_time:103.874s step_avg:324.61ms
step:321/3250 train_time:104.173s step_avg:324.53ms
step:322/3250 train_time:104.473s step_avg:324.45ms
step:323/3250 train_time:104.772s step_avg:324.37ms
step:324/3250 train_time:105.073s step_avg:324.30ms
step:325/3250 train_time:105.372s step_avg:324.22ms
step:326/3250 train_time:105.672s step_avg:324.15ms
step:327/3250 train_time:105.972s step_avg:324.07ms
step:328/3250 train_time:106.272s step_avg:324.00ms
step:329/3250 train_time:106.573s step_avg:323.93ms
step:330/3250 train_time:106.873s step_avg:323.86ms
step:331/3250 train_time:107.171s step_avg:323.78ms
step:332/3250 train_time:107.472s step_avg:323.71ms
step:333/3250 train_time:107.772s step_avg:323.64ms
step:334/3250 train_time:108.071s step_avg:323.57ms
step:335/3250 train_time:108.371s step_avg:323.49ms
step:336/3250 train_time:108.669s step_avg:323.42ms
step:337/3250 train_time:108.969s step_avg:323.35ms
step:338/3250 train_time:109.269s step_avg:323.28ms
step:339/3250 train_time:109.569s step_avg:323.21ms
step:340/3250 train_time:109.868s step_avg:323.14ms
step:341/3250 train_time:110.167s step_avg:323.07ms
step:342/3250 train_time:110.466s step_avg:323.00ms
step:343/3250 train_time:110.762s step_avg:322.92ms
step:344/3250 train_time:111.060s step_avg:322.85ms
step:345/3250 train_time:111.358s step_avg:322.78ms
step:346/3250 train_time:111.656s step_avg:322.71ms
step:347/3250 train_time:111.953s step_avg:322.63ms
step:348/3250 train_time:112.254s step_avg:322.57ms
step:349/3250 train_time:112.554s step_avg:322.51ms
step:350/3250 train_time:112.852s step_avg:322.43ms
step:351/3250 train_time:113.151s step_avg:322.37ms
step:352/3250 train_time:113.450s step_avg:322.30ms
step:353/3250 train_time:113.749s step_avg:322.23ms
step:354/3250 train_time:114.050s step_avg:322.17ms
step:355/3250 train_time:114.349s step_avg:322.11ms
step:356/3250 train_time:114.648s step_avg:322.04ms
step:357/3250 train_time:114.946s step_avg:321.98ms
step:358/3250 train_time:115.245s step_avg:321.91ms
step:359/3250 train_time:115.542s step_avg:321.84ms
step:360/3250 train_time:115.837s step_avg:321.77ms
step:361/3250 train_time:116.135s step_avg:321.70ms
step:362/3250 train_time:116.433s step_avg:321.64ms
step:363/3250 train_time:116.733s step_avg:321.58ms
step:364/3250 train_time:117.032s step_avg:321.52ms
step:365/3250 train_time:117.333s step_avg:321.46ms
step:366/3250 train_time:117.633s step_avg:321.40ms
step:367/3250 train_time:117.933s step_avg:321.34ms
step:368/3250 train_time:118.230s step_avg:321.28ms
step:369/3250 train_time:118.531s step_avg:321.22ms
step:370/3250 train_time:118.833s step_avg:321.17ms
step:371/3250 train_time:119.132s step_avg:321.11ms
step:372/3250 train_time:119.432s step_avg:321.05ms
step:373/3250 train_time:119.731s step_avg:321.00ms
step:374/3250 train_time:120.030s step_avg:320.93ms
step:375/3250 train_time:120.329s step_avg:320.88ms
step:375/3250 val_loss:3.92597 train_time:120.332s step_avg:299.16ms
step:376/3250 train_time:120.632s step_avg:320.83ms
step:377/3250 train_time:120.931s step_avg:320.77ms
step:378/3250 train_time:121.230s step_avg:320.71ms
step:379/3250 train_time:121.529s step_avg:320.66ms
step:380/3250 train_time:121.826s step_avg:320.59ms
step:381/3250 train_time:122.160s step_avg:320.63ms
step:382/3250 train_time:122.454s step_avg:320.56ms
step:383/3250 train_time:122.753s step_avg:320.50ms
step:384/3250 train_time:123.057s step_avg:320.46ms
step:385/3250 train_time:123.355s step_avg:320.40ms
step:386/3250 train_time:123.651s step_avg:320.34ms
step:387/3250 train_time:123.952s step_avg:320.29ms
step:388/3250 train_time:124.254s step_avg:320.24ms
step:389/3250 train_time:124.553s step_avg:320.19ms
step:390/3250 train_time:124.851s step_avg:320.13ms
step:391/3250 train_time:125.152s step_avg:320.08ms
step:392/3250 train_time:125.451s step_avg:320.03ms
step:393/3250 train_time:125.750s step_avg:319.98ms
step:394/3250 train_time:126.052s step_avg:319.93ms
step:395/3250 train_time:126.352s step_avg:319.88ms
step:396/3250 train_time:126.652s step_avg:319.83ms
step:397/3250 train_time:126.949s step_avg:319.77ms
step:398/3250 train_time:127.245s step_avg:319.71ms
step:399/3250 train_time:127.542s step_avg:319.66ms
step:400/3250 train_time:127.839s step_avg:319.60ms
step:401/3250 train_time:128.137s step_avg:319.54ms
step:402/3250 train_time:128.435s step_avg:319.49ms
step:403/3250 train_time:128.735s step_avg:319.44ms
step:404/3250 train_time:129.034s step_avg:319.39ms
step:405/3250 train_time:129.333s step_avg:319.34ms
step:406/3250 train_time:129.632s step_avg:319.29ms
step:407/3250 train_time:129.932s step_avg:319.24ms
step:408/3250 train_time:130.229s step_avg:319.19ms
step:409/3250 train_time:130.524s step_avg:319.13ms
step:410/3250 train_time:130.821s step_avg:319.07ms
step:411/3250 train_time:131.117s step_avg:319.02ms
step:412/3250 train_time:131.417s step_avg:318.97ms
step:413/3250 train_time:131.716s step_avg:318.92ms
step:414/3250 train_time:132.015s step_avg:318.88ms
step:415/3250 train_time:132.315s step_avg:318.83ms
step:416/3250 train_time:132.614s step_avg:318.78ms
step:417/3250 train_time:132.915s step_avg:318.74ms
step:418/3250 train_time:133.215s step_avg:318.70ms
step:419/3250 train_time:133.517s step_avg:318.66ms
step:420/3250 train_time:133.817s step_avg:318.61ms
step:421/3250 train_time:134.117s step_avg:318.57ms
step:422/3250 train_time:134.417s step_avg:318.52ms
step:423/3250 train_time:134.717s step_avg:318.48ms
step:424/3250 train_time:135.016s step_avg:318.43ms
step:425/3250 train_time:135.316s step_avg:318.39ms
step:426/3250 train_time:135.615s step_avg:318.35ms
step:427/3250 train_time:135.916s step_avg:318.30ms
step:428/3250 train_time:136.216s step_avg:318.26ms
step:429/3250 train_time:136.517s step_avg:318.22ms
step:430/3250 train_time:136.817s step_avg:318.18ms
step:431/3250 train_time:137.116s step_avg:318.13ms
step:432/3250 train_time:137.418s step_avg:318.10ms
step:433/3250 train_time:137.717s step_avg:318.05ms
step:434/3250 train_time:138.016s step_avg:318.01ms
step:435/3250 train_time:138.316s step_avg:317.97ms
step:436/3250 train_time:138.617s step_avg:317.93ms
step:437/3250 train_time:138.914s step_avg:317.88ms
step:438/3250 train_time:139.213s step_avg:317.84ms
step:439/3250 train_time:139.513s step_avg:317.80ms
step:440/3250 train_time:139.814s step_avg:317.76ms
step:441/3250 train_time:140.113s step_avg:317.72ms
step:442/3250 train_time:140.414s step_avg:317.68ms
step:443/3250 train_time:140.712s step_avg:317.63ms
step:444/3250 train_time:141.013s step_avg:317.60ms
step:445/3250 train_time:141.311s step_avg:317.55ms
step:446/3250 train_time:141.610s step_avg:317.51ms
step:447/3250 train_time:141.907s step_avg:317.47ms
step:448/3250 train_time:142.204s step_avg:317.42ms
step:449/3250 train_time:142.501s step_avg:317.37ms
step:450/3250 train_time:142.798s step_avg:317.33ms
step:451/3250 train_time:143.096s step_avg:317.29ms
step:452/3250 train_time:143.396s step_avg:317.25ms
step:453/3250 train_time:143.696s step_avg:317.21ms
step:454/3250 train_time:143.997s step_avg:317.17ms
step:455/3250 train_time:144.296s step_avg:317.13ms
step:456/3250 train_time:144.597s step_avg:317.10ms
step:457/3250 train_time:144.898s step_avg:317.06ms
step:458/3250 train_time:145.195s step_avg:317.02ms
step:459/3250 train_time:145.494s step_avg:316.98ms
step:460/3250 train_time:145.794s step_avg:316.94ms
step:461/3250 train_time:146.093s step_avg:316.90ms
step:462/3250 train_time:146.392s step_avg:316.87ms
step:463/3250 train_time:146.690s step_avg:316.83ms
step:464/3250 train_time:146.991s step_avg:316.79ms
step:465/3250 train_time:147.290s step_avg:316.75ms
step:466/3250 train_time:147.586s step_avg:316.71ms
step:467/3250 train_time:147.882s step_avg:316.66ms
step:468/3250 train_time:148.179s step_avg:316.62ms
step:469/3250 train_time:148.478s step_avg:316.58ms
step:470/3250 train_time:148.776s step_avg:316.54ms
step:471/3250 train_time:149.075s step_avg:316.51ms
step:472/3250 train_time:149.376s step_avg:316.47ms
step:473/3250 train_time:149.675s step_avg:316.44ms
step:474/3250 train_time:149.976s step_avg:316.40ms
step:475/3250 train_time:150.275s step_avg:316.37ms
step:476/3250 train_time:150.576s step_avg:316.34ms
step:477/3250 train_time:150.874s step_avg:316.30ms
step:478/3250 train_time:151.175s step_avg:316.27ms
step:479/3250 train_time:151.474s step_avg:316.23ms
step:480/3250 train_time:151.773s step_avg:316.19ms
step:481/3250 train_time:152.072s step_avg:316.16ms
step:482/3250 train_time:152.373s step_avg:316.13ms
step:483/3250 train_time:152.673s step_avg:316.09ms
step:484/3250 train_time:152.973s step_avg:316.06ms
step:485/3250 train_time:153.271s step_avg:316.02ms
step:486/3250 train_time:153.572s step_avg:315.99ms
step:487/3250 train_time:153.873s step_avg:315.96ms
step:488/3250 train_time:154.173s step_avg:315.93ms
step:489/3250 train_time:154.470s step_avg:315.89ms
step:490/3250 train_time:154.771s step_avg:315.86ms
step:491/3250 train_time:155.071s step_avg:315.83ms
step:492/3250 train_time:155.370s step_avg:315.79ms
step:493/3250 train_time:155.668s step_avg:315.76ms
step:494/3250 train_time:155.965s step_avg:315.72ms
step:495/3250 train_time:156.262s step_avg:315.68ms
step:496/3250 train_time:156.559s step_avg:315.64ms
step:497/3250 train_time:156.857s step_avg:315.61ms
step:498/3250 train_time:157.155s step_avg:315.57ms
step:499/3250 train_time:157.455s step_avg:315.54ms
step:500/3250 train_time:157.755s step_avg:315.51ms
step:500/3250 val_loss:3.82863 train_time:157.758s step_avg:299.40ms
step:501/3250 train_time:158.058s step_avg:315.49ms
step:502/3250 train_time:158.358s step_avg:315.45ms
step:503/3250 train_time:158.657s step_avg:315.42ms
step:504/3250 train_time:158.959s step_avg:315.39ms
step:505/3250 train_time:159.259s step_avg:315.36ms
step:506/3250 train_time:159.558s step_avg:315.33ms
step:507/3250 train_time:159.856s step_avg:315.30ms
step:508/3250 train_time:160.157s step_avg:315.27ms
step:509/3250 train_time:160.456s step_avg:315.24ms
step:510/3250 train_time:160.756s step_avg:315.21ms
step:511/3250 train_time:161.054s step_avg:315.17ms
step:512/3250 train_time:161.354s step_avg:315.14ms
step:513/3250 train_time:161.654s step_avg:315.11ms
step:514/3250 train_time:161.953s step_avg:315.08ms
step:515/3250 train_time:162.255s step_avg:315.06ms
step:516/3250 train_time:162.554s step_avg:315.03ms
step:517/3250 train_time:162.854s step_avg:315.00ms
step:518/3250 train_time:163.154s step_avg:314.97ms
step:519/3250 train_time:163.453s step_avg:314.94ms
step:520/3250 train_time:163.753s step_avg:314.91ms
step:521/3250 train_time:164.052s step_avg:314.88ms
step:522/3250 train_time:164.352s step_avg:314.85ms
step:523/3250 train_time:164.652s step_avg:314.82ms
step:524/3250 train_time:164.947s step_avg:314.78ms
step:525/3250 train_time:165.244s step_avg:314.75ms
step:526/3250 train_time:165.541s step_avg:314.72ms
step:527/3250 train_time:165.840s step_avg:314.69ms
step:528/3250 train_time:166.137s step_avg:314.65ms
step:529/3250 train_time:166.436s step_avg:314.62ms
step:530/3250 train_time:166.736s step_avg:314.60ms
step:531/3250 train_time:167.035s step_avg:314.57ms
step:532/3250 train_time:167.333s step_avg:314.54ms
step:533/3250 train_time:167.630s step_avg:314.50ms
step:534/3250 train_time:167.926s step_avg:314.47ms
step:535/3250 train_time:168.225s step_avg:314.44ms
step:536/3250 train_time:168.521s step_avg:314.41ms
step:537/3250 train_time:168.820s step_avg:314.38ms
step:538/3250 train_time:169.118s step_avg:314.35ms
step:539/3250 train_time:169.417s step_avg:314.32ms
step:540/3250 train_time:169.719s step_avg:314.29ms
step:541/3250 train_time:170.019s step_avg:314.27ms
step:542/3250 train_time:170.318s step_avg:314.24ms
step:543/3250 train_time:170.617s step_avg:314.21ms
step:544/3250 train_time:170.917s step_avg:314.19ms
step:545/3250 train_time:171.217s step_avg:314.16ms
step:546/3250 train_time:171.517s step_avg:314.13ms
step:547/3250 train_time:171.817s step_avg:314.11ms
step:548/3250 train_time:172.115s step_avg:314.08ms
step:549/3250 train_time:172.416s step_avg:314.05ms
step:550/3250 train_time:172.717s step_avg:314.03ms
step:551/3250 train_time:173.015s step_avg:314.00ms
step:552/3250 train_time:173.314s step_avg:313.98ms
step:553/3250 train_time:173.614s step_avg:313.95ms
step:554/3250 train_time:173.913s step_avg:313.92ms
step:555/3250 train_time:174.213s step_avg:313.90ms
step:556/3250 train_time:174.515s step_avg:313.88ms
step:557/3250 train_time:174.813s step_avg:313.85ms
step:558/3250 train_time:175.115s step_avg:313.83ms
step:559/3250 train_time:175.415s step_avg:313.80ms
step:560/3250 train_time:175.714s step_avg:313.77ms
step:561/3250 train_time:176.013s step_avg:313.75ms
step:562/3250 train_time:176.313s step_avg:313.72ms
step:563/3250 train_time:176.612s step_avg:313.70ms
step:564/3250 train_time:176.911s step_avg:313.67ms
step:565/3250 train_time:177.207s step_avg:313.64ms
step:566/3250 train_time:177.504s step_avg:313.61ms
step:567/3250 train_time:177.802s step_avg:313.58ms
step:568/3250 train_time:178.099s step_avg:313.55ms
step:569/3250 train_time:178.397s step_avg:313.53ms
step:570/3250 train_time:178.697s step_avg:313.50ms
step:571/3250 train_time:179.028s step_avg:313.53ms
step:572/3250 train_time:179.323s step_avg:313.50ms
step:573/3250 train_time:179.617s step_avg:313.47ms
step:574/3250 train_time:179.920s step_avg:313.45ms
step:575/3250 train_time:180.217s step_avg:313.42ms
step:576/3250 train_time:180.516s step_avg:313.40ms
step:577/3250 train_time:180.816s step_avg:313.37ms
step:578/3250 train_time:181.117s step_avg:313.35ms
step:579/3250 train_time:181.416s step_avg:313.33ms
step:580/3250 train_time:181.716s step_avg:313.30ms
step:581/3250 train_time:182.017s step_avg:313.28ms
step:582/3250 train_time:182.316s step_avg:313.26ms
step:583/3250 train_time:182.614s step_avg:313.23ms
step:584/3250 train_time:182.913s step_avg:313.21ms
step:585/3250 train_time:183.214s step_avg:313.19ms
step:586/3250 train_time:183.512s step_avg:313.16ms
step:587/3250 train_time:183.812s step_avg:313.14ms
step:588/3250 train_time:184.110s step_avg:313.11ms
step:589/3250 train_time:184.408s step_avg:313.09ms
step:590/3250 train_time:184.706s step_avg:313.06ms
step:591/3250 train_time:185.004s step_avg:313.04ms
step:592/3250 train_time:185.299s step_avg:313.00ms
step:593/3250 train_time:185.598s step_avg:312.98ms
step:594/3250 train_time:185.897s step_avg:312.96ms
step:595/3250 train_time:186.197s step_avg:312.94ms
step:596/3250 train_time:186.498s step_avg:312.92ms
step:597/3250 train_time:186.796s step_avg:312.89ms
step:598/3250 train_time:187.096s step_avg:312.87ms
step:599/3250 train_time:187.395s step_avg:312.85ms
step:600/3250 train_time:187.694s step_avg:312.82ms
step:601/3250 train_time:187.993s step_avg:312.80ms
step:602/3250 train_time:188.291s step_avg:312.78ms
step:603/3250 train_time:188.587s step_avg:312.75ms
step:604/3250 train_time:188.886s step_avg:312.72ms
step:605/3250 train_time:189.183s step_avg:312.70ms
step:606/3250 train_time:189.480s step_avg:312.67ms
step:607/3250 train_time:189.779s step_avg:312.65ms
step:608/3250 train_time:190.078s step_avg:312.63ms
step:609/3250 train_time:190.380s step_avg:312.61ms
step:610/3250 train_time:190.679s step_avg:312.59ms
step:611/3250 train_time:190.976s step_avg:312.56ms
step:612/3250 train_time:191.277s step_avg:312.54ms
step:613/3250 train_time:191.575s step_avg:312.52ms
step:614/3250 train_time:191.874s step_avg:312.50ms
step:615/3250 train_time:192.174s step_avg:312.48ms
step:616/3250 train_time:192.474s step_avg:312.46ms
step:617/3250 train_time:192.772s step_avg:312.43ms
step:618/3250 train_time:193.067s step_avg:312.41ms
step:619/3250 train_time:193.366s step_avg:312.39ms
step:620/3250 train_time:193.664s step_avg:312.36ms
step:621/3250 train_time:193.962s step_avg:312.34ms
step:622/3250 train_time:194.259s step_avg:312.31ms
step:623/3250 train_time:194.560s step_avg:312.30ms
step:624/3250 train_time:194.859s step_avg:312.27ms
step:625/3250 train_time:195.158s step_avg:312.25ms
step:625/3250 val_loss:3.76358 train_time:195.160s step_avg:299.22ms
step:626/3250 train_time:195.461s step_avg:312.24ms
step:627/3250 train_time:195.761s step_avg:312.22ms
step:628/3250 train_time:196.059s step_avg:312.20ms
step:629/3250 train_time:196.359s step_avg:312.18ms
step:630/3250 train_time:196.660s step_avg:312.16ms
step:631/3250 train_time:196.960s step_avg:312.14ms
step:632/3250 train_time:197.262s step_avg:312.12ms
step:633/3250 train_time:197.562s step_avg:312.10ms
step:634/3250 train_time:197.863s step_avg:312.09ms
step:635/3250 train_time:198.160s step_avg:312.06ms
step:636/3250 train_time:198.460s step_avg:312.04ms
step:637/3250 train_time:198.759s step_avg:312.02ms
step:638/3250 train_time:199.057s step_avg:312.00ms
step:639/3250 train_time:199.357s step_avg:311.98ms
step:640/3250 train_time:199.656s step_avg:311.96ms
step:641/3250 train_time:199.955s step_avg:311.94ms
step:642/3250 train_time:200.253s step_avg:311.92ms
step:643/3250 train_time:200.552s step_avg:311.90ms
step:644/3250 train_time:200.849s step_avg:311.88ms
step:645/3250 train_time:201.147s step_avg:311.86ms
step:646/3250 train_time:201.447s step_avg:311.84ms
step:647/3250 train_time:201.744s step_avg:311.81ms
step:648/3250 train_time:202.040s step_avg:311.79ms
step:649/3250 train_time:202.341s step_avg:311.77ms
step:650/3250 train_time:202.640s step_avg:311.75ms
step:651/3250 train_time:202.939s step_avg:311.73ms
step:652/3250 train_time:203.237s step_avg:311.71ms
step:653/3250 train_time:203.536s step_avg:311.69ms
step:654/3250 train_time:203.837s step_avg:311.68ms
step:655/3250 train_time:204.137s step_avg:311.66ms
step:656/3250 train_time:204.436s step_avg:311.64ms
step:657/3250 train_time:204.734s step_avg:311.62ms
step:658/3250 train_time:205.033s step_avg:311.60ms
step:659/3250 train_time:205.328s step_avg:311.58ms
step:660/3250 train_time:205.626s step_avg:311.55ms
step:661/3250 train_time:205.924s step_avg:311.53ms
step:662/3250 train_time:206.222s step_avg:311.51ms
step:663/3250 train_time:206.519s step_avg:311.49ms
step:664/3250 train_time:206.819s step_avg:311.47ms
step:665/3250 train_time:207.120s step_avg:311.46ms
step:666/3250 train_time:207.419s step_avg:311.44ms
step:667/3250 train_time:207.719s step_avg:311.42ms
step:668/3250 train_time:208.017s step_avg:311.40ms
step:669/3250 train_time:208.317s step_avg:311.39ms
step:670/3250 train_time:208.617s step_avg:311.37ms
step:671/3250 train_time:208.915s step_avg:311.35ms
step:672/3250 train_time:209.215s step_avg:311.33ms
step:673/3250 train_time:209.514s step_avg:311.31ms
step:674/3250 train_time:209.813s step_avg:311.30ms
step:675/3250 train_time:210.108s step_avg:311.27ms
step:676/3250 train_time:210.406s step_avg:311.25ms
step:677/3250 train_time:210.705s step_avg:311.23ms
step:678/3250 train_time:211.003s step_avg:311.21ms
step:679/3250 train_time:211.298s step_avg:311.19ms
step:680/3250 train_time:211.598s step_avg:311.17ms
step:681/3250 train_time:211.897s step_avg:311.16ms
step:682/3250 train_time:212.196s step_avg:311.14ms
step:683/3250 train_time:212.496s step_avg:311.12ms
step:684/3250 train_time:212.795s step_avg:311.10ms
step:685/3250 train_time:213.094s step_avg:311.09ms
step:686/3250 train_time:213.392s step_avg:311.07ms
step:687/3250 train_time:213.689s step_avg:311.05ms
step:688/3250 train_time:213.988s step_avg:311.03ms
step:689/3250 train_time:214.285s step_avg:311.01ms
step:690/3250 train_time:214.582s step_avg:310.99ms
step:691/3250 train_time:214.879s step_avg:310.97ms
step:692/3250 train_time:215.179s step_avg:310.95ms
step:693/3250 train_time:215.477s step_avg:310.93ms
step:694/3250 train_time:215.779s step_avg:310.92ms
step:695/3250 train_time:216.078s step_avg:310.90ms
step:696/3250 train_time:216.379s step_avg:310.89ms
step:697/3250 train_time:216.678s step_avg:310.87ms
step:698/3250 train_time:216.979s step_avg:310.86ms
step:699/3250 train_time:217.279s step_avg:310.84ms
step:700/3250 train_time:217.579s step_avg:310.83ms
step:701/3250 train_time:217.878s step_avg:310.81ms
step:702/3250 train_time:218.178s step_avg:310.79ms
step:703/3250 train_time:218.477s step_avg:310.78ms
step:704/3250 train_time:218.776s step_avg:310.76ms
step:705/3250 train_time:219.077s step_avg:310.75ms
step:706/3250 train_time:219.376s step_avg:310.73ms
step:707/3250 train_time:219.675s step_avg:310.71ms
step:708/3250 train_time:219.976s step_avg:310.70ms
step:709/3250 train_time:220.276s step_avg:310.69ms
step:710/3250 train_time:220.575s step_avg:310.67ms
step:711/3250 train_time:220.874s step_avg:310.65ms
step:712/3250 train_time:221.174s step_avg:310.64ms
step:713/3250 train_time:221.473s step_avg:310.62ms
step:714/3250 train_time:221.772s step_avg:310.60ms
step:715/3250 train_time:222.067s step_avg:310.58ms
step:716/3250 train_time:222.364s step_avg:310.56ms
step:717/3250 train_time:222.662s step_avg:310.55ms
step:718/3250 train_time:222.959s step_avg:310.53ms
step:719/3250 train_time:223.258s step_avg:310.51ms
step:720/3250 train_time:223.560s step_avg:310.50ms
step:721/3250 train_time:223.860s step_avg:310.49ms
step:722/3250 train_time:224.159s step_avg:310.47ms
step:723/3250 train_time:224.458s step_avg:310.45ms
step:724/3250 train_time:224.759s step_avg:310.44ms
step:725/3250 train_time:225.057s step_avg:310.42ms
step:726/3250 train_time:225.355s step_avg:310.41ms
step:727/3250 train_time:225.655s step_avg:310.39ms
step:728/3250 train_time:225.954s step_avg:310.38ms
step:729/3250 train_time:226.252s step_avg:310.36ms
step:730/3250 train_time:226.548s step_avg:310.34ms
step:731/3250 train_time:226.844s step_avg:310.32ms
step:732/3250 train_time:227.142s step_avg:310.30ms
step:733/3250 train_time:227.439s step_avg:310.29ms
step:734/3250 train_time:227.739s step_avg:310.27ms
step:735/3250 train_time:228.038s step_avg:310.26ms
step:736/3250 train_time:228.337s step_avg:310.24ms
step:737/3250 train_time:228.636s step_avg:310.23ms
step:738/3250 train_time:228.933s step_avg:310.21ms
step:739/3250 train_time:229.233s step_avg:310.19ms
step:740/3250 train_time:229.529s step_avg:310.17ms
step:741/3250 train_time:229.826s step_avg:310.16ms
step:742/3250 train_time:230.122s step_avg:310.14ms
step:743/3250 train_time:230.420s step_avg:310.12ms
step:744/3250 train_time:230.719s step_avg:310.11ms
step:745/3250 train_time:231.019s step_avg:310.09ms
step:746/3250 train_time:231.318s step_avg:310.08ms
step:747/3250 train_time:231.617s step_avg:310.06ms
step:748/3250 train_time:231.917s step_avg:310.05ms
step:749/3250 train_time:232.218s step_avg:310.04ms
step:750/3250 train_time:232.518s step_avg:310.02ms
step:750/3250 val_loss:3.71726 train_time:232.521s step_avg:298.89ms
step:751/3250 train_time:232.820s step_avg:310.01ms
step:752/3250 train_time:233.118s step_avg:310.00ms
step:753/3250 train_time:233.416s step_avg:309.98ms
step:754/3250 train_time:233.716s step_avg:309.97ms
step:755/3250 train_time:234.014s step_avg:309.95ms
step:756/3250 train_time:234.314s step_avg:309.94ms
step:757/3250 train_time:234.614s step_avg:309.93ms
step:758/3250 train_time:234.914s step_avg:309.91ms
step:759/3250 train_time:235.213s step_avg:309.90ms
step:760/3250 train_time:235.508s step_avg:309.88ms
step:761/3250 train_time:235.840s step_avg:309.91ms
step:762/3250 train_time:236.137s step_avg:309.89ms
step:763/3250 train_time:236.435s step_avg:309.88ms
step:764/3250 train_time:236.736s step_avg:309.86ms
step:765/3250 train_time:237.033s step_avg:309.85ms
step:766/3250 train_time:237.328s step_avg:309.83ms
step:767/3250 train_time:237.627s step_avg:309.81ms
step:768/3250 train_time:237.923s step_avg:309.80ms
step:769/3250 train_time:238.220s step_avg:309.78ms
step:770/3250 train_time:238.519s step_avg:309.77ms
step:771/3250 train_time:238.819s step_avg:309.75ms
step:772/3250 train_time:239.118s step_avg:309.74ms
step:773/3250 train_time:239.417s step_avg:309.72ms
step:774/3250 train_time:239.717s step_avg:309.71ms
step:775/3250 train_time:240.017s step_avg:309.70ms
step:776/3250 train_time:240.315s step_avg:309.68ms
step:777/3250 train_time:240.610s step_avg:309.67ms
step:778/3250 train_time:240.906s step_avg:309.65ms
step:779/3250 train_time:241.202s step_avg:309.63ms
step:780/3250 train_time:241.502s step_avg:309.62ms
step:781/3250 train_time:241.800s step_avg:309.60ms
step:782/3250 train_time:242.098s step_avg:309.59ms
step:783/3250 train_time:242.397s step_avg:309.57ms
step:784/3250 train_time:242.696s step_avg:309.56ms
step:785/3250 train_time:242.996s step_avg:309.55ms
step:786/3250 train_time:243.294s step_avg:309.53ms
step:787/3250 train_time:243.593s step_avg:309.52ms
step:788/3250 train_time:243.889s step_avg:309.50ms
step:789/3250 train_time:244.186s step_avg:309.49ms
step:790/3250 train_time:244.483s step_avg:309.47ms
step:791/3250 train_time:244.780s step_avg:309.46ms
step:792/3250 train_time:245.080s step_avg:309.44ms
step:793/3250 train_time:245.379s step_avg:309.43ms
step:794/3250 train_time:245.680s step_avg:309.42ms
step:795/3250 train_time:245.979s step_avg:309.41ms
step:796/3250 train_time:246.279s step_avg:309.40ms
step:797/3250 train_time:246.579s step_avg:309.38ms
step:798/3250 train_time:246.879s step_avg:309.37ms
step:799/3250 train_time:247.178s step_avg:309.36ms
step:800/3250 train_time:247.478s step_avg:309.35ms
step:801/3250 train_time:247.776s step_avg:309.33ms
step:802/3250 train_time:248.075s step_avg:309.32ms
step:803/3250 train_time:248.376s step_avg:309.31ms
step:804/3250 train_time:248.677s step_avg:309.30ms
step:805/3250 train_time:248.974s step_avg:309.28ms
step:806/3250 train_time:249.271s step_avg:309.27ms
step:807/3250 train_time:249.569s step_avg:309.26ms
step:808/3250 train_time:249.865s step_avg:309.24ms
step:809/3250 train_time:250.163s step_avg:309.22ms
step:810/3250 train_time:250.461s step_avg:309.21ms
step:811/3250 train_time:250.760s step_avg:309.20ms
step:812/3250 train_time:251.058s step_avg:309.19ms
step:813/3250 train_time:251.358s step_avg:309.17ms
step:814/3250 train_time:251.658s step_avg:309.16ms
step:815/3250 train_time:251.956s step_avg:309.15ms
step:816/3250 train_time:252.256s step_avg:309.14ms
step:817/3250 train_time:252.553s step_avg:309.12ms
step:818/3250 train_time:252.849s step_avg:309.11ms
step:819/3250 train_time:253.145s step_avg:309.09ms
step:820/3250 train_time:253.442s step_avg:309.08ms
step:821/3250 train_time:253.740s step_avg:309.06ms
step:822/3250 train_time:254.040s step_avg:309.05ms
step:823/3250 train_time:254.342s step_avg:309.04ms
step:824/3250 train_time:254.643s step_avg:309.03ms
step:825/3250 train_time:254.938s step_avg:309.02ms
step:826/3250 train_time:255.238s step_avg:309.00ms
step:827/3250 train_time:255.536s step_avg:308.99ms
step:828/3250 train_time:255.835s step_avg:308.98ms
step:829/3250 train_time:256.134s step_avg:308.97ms
step:830/3250 train_time:256.430s step_avg:308.95ms
step:831/3250 train_time:256.727s step_avg:308.94ms
step:832/3250 train_time:257.023s step_avg:308.92ms
step:833/3250 train_time:257.321s step_avg:308.91ms
step:834/3250 train_time:257.619s step_avg:308.90ms
step:835/3250 train_time:257.918s step_avg:308.88ms
step:836/3250 train_time:258.216s step_avg:308.87ms
step:837/3250 train_time:258.515s step_avg:308.86ms
step:838/3250 train_time:258.815s step_avg:308.85ms
step:839/3250 train_time:259.114s step_avg:308.84ms
step:840/3250 train_time:259.413s step_avg:308.83ms
step:841/3250 train_time:259.711s step_avg:308.81ms
step:842/3250 train_time:260.009s step_avg:308.80ms
step:843/3250 train_time:260.306s step_avg:308.79ms
step:844/3250 train_time:260.602s step_avg:308.77ms
step:845/3250 train_time:260.899s step_avg:308.76ms
step:846/3250 train_time:261.198s step_avg:308.74ms
step:847/3250 train_time:261.497s step_avg:308.73ms
step:848/3250 train_time:261.796s step_avg:308.72ms
step:849/3250 train_time:262.097s step_avg:308.71ms
step:850/3250 train_time:262.394s step_avg:308.70ms
step:851/3250 train_time:262.692s step_avg:308.69ms
step:852/3250 train_time:262.989s step_avg:308.67ms
step:853/3250 train_time:263.287s step_avg:308.66ms
step:854/3250 train_time:263.583s step_avg:308.64ms
step:855/3250 train_time:263.880s step_avg:308.63ms
step:856/3250 train_time:264.179s step_avg:308.62ms
step:857/3250 train_time:264.479s step_avg:308.61ms
step:858/3250 train_time:264.779s step_avg:308.60ms
step:859/3250 train_time:265.079s step_avg:308.59ms
step:860/3250 train_time:265.378s step_avg:308.58ms
step:861/3250 train_time:265.677s step_avg:308.57ms
step:862/3250 train_time:265.975s step_avg:308.56ms
step:863/3250 train_time:266.275s step_avg:308.55ms
step:864/3250 train_time:266.573s step_avg:308.53ms
step:865/3250 train_time:266.871s step_avg:308.52ms
step:866/3250 train_time:267.167s step_avg:308.51ms
step:867/3250 train_time:267.465s step_avg:308.50ms
step:868/3250 train_time:267.760s step_avg:308.48ms
step:869/3250 train_time:268.060s step_avg:308.47ms
step:870/3250 train_time:268.359s step_avg:308.46ms
step:871/3250 train_time:268.658s step_avg:308.45ms
step:872/3250 train_time:268.956s step_avg:308.44ms
step:873/3250 train_time:269.256s step_avg:308.43ms
step:874/3250 train_time:269.556s step_avg:308.42ms
step:875/3250 train_time:269.855s step_avg:308.41ms
step:875/3250 val_loss:3.68120 train_time:269.858s step_avg:298.70ms
step:876/3250 train_time:270.159s step_avg:308.40ms
step:877/3250 train_time:270.458s step_avg:308.39ms
step:878/3250 train_time:270.756s step_avg:308.38ms
step:879/3250 train_time:271.056s step_avg:308.37ms
step:880/3250 train_time:271.356s step_avg:308.36ms
step:881/3250 train_time:271.656s step_avg:308.35ms
step:882/3250 train_time:271.955s step_avg:308.34ms
step:883/3250 train_time:272.255s step_avg:308.33ms
step:884/3250 train_time:272.554s step_avg:308.32ms
step:885/3250 train_time:272.850s step_avg:308.31ms
step:886/3250 train_time:273.148s step_avg:308.29ms
step:887/3250 train_time:273.445s step_avg:308.28ms
step:888/3250 train_time:273.742s step_avg:308.27ms
step:889/3250 train_time:274.041s step_avg:308.26ms
step:890/3250 train_time:274.340s step_avg:308.25ms
step:891/3250 train_time:274.640s step_avg:308.24ms
step:892/3250 train_time:274.939s step_avg:308.23ms
step:893/3250 train_time:275.238s step_avg:308.22ms
step:894/3250 train_time:275.535s step_avg:308.20ms
step:895/3250 train_time:275.834s step_avg:308.19ms
step:896/3250 train_time:276.134s step_avg:308.18ms
step:897/3250 train_time:276.431s step_avg:308.17ms
step:898/3250 train_time:276.727s step_avg:308.16ms
step:899/3250 train_time:277.022s step_avg:308.14ms
step:900/3250 train_time:277.321s step_avg:308.13ms
step:901/3250 train_time:277.618s step_avg:308.12ms
step:902/3250 train_time:277.917s step_avg:308.11ms
step:903/3250 train_time:278.216s step_avg:308.10ms
step:904/3250 train_time:278.516s step_avg:308.09ms
step:905/3250 train_time:278.815s step_avg:308.08ms
step:906/3250 train_time:279.115s step_avg:308.07ms
step:907/3250 train_time:279.414s step_avg:308.06ms
step:908/3250 train_time:279.713s step_avg:308.05ms
step:909/3250 train_time:280.008s step_avg:308.04ms
step:910/3250 train_time:280.305s step_avg:308.03ms
step:911/3250 train_time:280.601s step_avg:308.01ms
step:912/3250 train_time:280.900s step_avg:308.00ms
step:913/3250 train_time:281.199s step_avg:307.99ms
step:914/3250 train_time:281.497s step_avg:307.98ms
step:915/3250 train_time:281.796s step_avg:307.97ms
step:916/3250 train_time:282.095s step_avg:307.96ms
step:917/3250 train_time:282.396s step_avg:307.96ms
step:918/3250 train_time:282.694s step_avg:307.95ms
step:919/3250 train_time:282.989s step_avg:307.93ms
step:920/3250 train_time:283.287s step_avg:307.92ms
step:921/3250 train_time:283.585s step_avg:307.91ms
step:922/3250 train_time:283.881s step_avg:307.90ms
step:923/3250 train_time:284.179s step_avg:307.89ms
step:924/3250 train_time:284.480s step_avg:307.88ms
step:925/3250 train_time:284.779s step_avg:307.87ms
step:926/3250 train_time:285.079s step_avg:307.86ms
step:927/3250 train_time:285.378s step_avg:307.85ms
step:928/3250 train_time:285.679s step_avg:307.84ms
step:929/3250 train_time:285.978s step_avg:307.83ms
step:930/3250 train_time:286.278s step_avg:307.83ms
step:931/3250 train_time:286.577s step_avg:307.82ms
step:932/3250 train_time:286.875s step_avg:307.81ms
step:933/3250 train_time:287.175s step_avg:307.80ms
step:934/3250 train_time:287.475s step_avg:307.79ms
step:935/3250 train_time:287.775s step_avg:307.78ms
step:936/3250 train_time:288.074s step_avg:307.77ms
step:937/3250 train_time:288.373s step_avg:307.76ms
step:938/3250 train_time:288.669s step_avg:307.75ms
step:939/3250 train_time:288.967s step_avg:307.74ms
step:940/3250 train_time:289.263s step_avg:307.73ms
step:941/3250 train_time:289.560s step_avg:307.72ms
step:942/3250 train_time:289.858s step_avg:307.71ms
step:943/3250 train_time:290.160s step_avg:307.70ms
step:944/3250 train_time:290.459s step_avg:307.69ms
step:945/3250 train_time:290.758s step_avg:307.68ms
step:946/3250 train_time:291.058s step_avg:307.67ms
step:947/3250 train_time:291.356s step_avg:307.66ms
step:948/3250 train_time:291.655s step_avg:307.65ms
step:949/3250 train_time:291.954s step_avg:307.64ms
step:950/3250 train_time:292.249s step_avg:307.63ms
step:951/3250 train_time:292.579s step_avg:307.65ms
step:952/3250 train_time:292.877s step_avg:307.64ms
step:953/3250 train_time:293.173s step_avg:307.63ms
step:954/3250 train_time:293.475s step_avg:307.63ms
step:955/3250 train_time:293.772s step_avg:307.61ms
step:956/3250 train_time:294.068s step_avg:307.60ms
step:957/3250 train_time:294.363s step_avg:307.59ms
step:958/3250 train_time:294.665s step_avg:307.58ms
step:959/3250 train_time:294.960s step_avg:307.57ms
step:960/3250 train_time:295.258s step_avg:307.56ms
step:961/3250 train_time:295.558s step_avg:307.55ms
step:962/3250 train_time:295.856s step_avg:307.54ms
step:963/3250 train_time:296.156s step_avg:307.53ms
step:964/3250 train_time:296.454s step_avg:307.53ms
step:965/3250 train_time:296.753s step_avg:307.52ms
step:966/3250 train_time:297.049s step_avg:307.50ms
step:967/3250 train_time:297.346s step_avg:307.49ms
step:968/3250 train_time:297.641s step_avg:307.48ms
step:969/3250 train_time:297.941s step_avg:307.47ms
step:970/3250 train_time:298.240s step_avg:307.46ms
step:971/3250 train_time:298.538s step_avg:307.45ms
step:972/3250 train_time:298.835s step_avg:307.44ms
step:973/3250 train_time:299.136s step_avg:307.44ms
step:974/3250 train_time:299.435s step_avg:307.43ms
step:975/3250 train_time:299.732s step_avg:307.42ms
step:976/3250 train_time:300.028s step_avg:307.41ms
step:977/3250 train_time:300.328s step_avg:307.40ms
step:978/3250 train_time:300.623s step_avg:307.39ms
step:979/3250 train_time:300.920s step_avg:307.37ms
step:980/3250 train_time:301.219s step_avg:307.37ms
step:981/3250 train_time:301.518s step_avg:307.36ms
step:982/3250 train_time:301.816s step_avg:307.35ms
step:983/3250 train_time:302.116s step_avg:307.34ms
step:984/3250 train_time:302.415s step_avg:307.33ms
step:985/3250 train_time:302.715s step_avg:307.32ms
step:986/3250 train_time:303.014s step_avg:307.32ms
step:987/3250 train_time:303.312s step_avg:307.31ms
step:988/3250 train_time:303.608s step_avg:307.30ms
step:989/3250 train_time:303.903s step_avg:307.28ms
step:990/3250 train_time:304.200s step_avg:307.27ms
step:991/3250 train_time:304.498s step_avg:307.26ms
step:992/3250 train_time:304.797s step_avg:307.25ms
step:993/3250 train_time:305.096s step_avg:307.25ms
step:994/3250 train_time:305.396s step_avg:307.24ms
step:995/3250 train_time:305.695s step_avg:307.23ms
step:996/3250 train_time:305.994s step_avg:307.22ms
step:997/3250 train_time:306.288s step_avg:307.21ms
step:998/3250 train_time:306.584s step_avg:307.20ms
step:999/3250 train_time:306.879s step_avg:307.19ms
step:1000/3250 train_time:307.180s step_avg:307.18ms
step:1000/3250 val_loss:3.65461 train_time:307.185s step_avg:298.61ms
step:1001/3250 train_time:307.482s step_avg:307.18ms
step:1002/3250 train_time:308.293s step_avg:307.68ms
step:1003/3250 train_time:308.598s step_avg:307.67ms
step:1004/3250 train_time:308.906s step_avg:307.67ms
step:1005/3250 train_time:309.212s step_avg:307.67ms
step:1006/3250 train_time:309.517s step_avg:307.67ms
step:1007/3250 train_time:309.823s step_avg:307.67ms
step:1008/3250 train_time:310.132s step_avg:307.67ms
step:1009/3250 train_time:310.438s step_avg:307.67ms
step:1010/3250 train_time:310.745s step_avg:307.67ms
step:1011/3250 train_time:311.052s step_avg:307.67ms
step:1012/3250 train_time:311.359s step_avg:307.67ms
step:1013/3250 train_time:311.667s step_avg:307.67ms
step:1014/3250 train_time:311.973s step_avg:307.67ms
step:1015/3250 train_time:312.280s step_avg:307.66ms
step:1016/3250 train_time:312.585s step_avg:307.66ms
step:1017/3250 train_time:312.891s step_avg:307.66ms
step:1018/3250 train_time:313.198s step_avg:307.66ms
step:1019/3250 train_time:313.506s step_avg:307.66ms
step:1020/3250 train_time:313.813s step_avg:307.66ms
step:1021/3250 train_time:314.119s step_avg:307.66ms
step:1022/3250 train_time:314.427s step_avg:307.66ms
step:1023/3250 train_time:314.732s step_avg:307.66ms
step:1024/3250 train_time:315.038s step_avg:307.65ms
step:1025/3250 train_time:315.345s step_avg:307.65ms
step:1026/3250 train_time:315.652s step_avg:307.65ms
step:1027/3250 train_time:315.956s step_avg:307.65ms
step:1028/3250 train_time:316.262s step_avg:307.65ms
step:1029/3250 train_time:316.571s step_avg:307.65ms
step:1030/3250 train_time:316.878s step_avg:307.65ms
step:1031/3250 train_time:317.186s step_avg:307.65ms
step:1032/3250 train_time:317.493s step_avg:307.65ms
step:1033/3250 train_time:317.800s step_avg:307.65ms
step:1034/3250 train_time:318.108s step_avg:307.65ms
step:1035/3250 train_time:318.415s step_avg:307.65ms
step:1036/3250 train_time:318.721s step_avg:307.65ms
step:1037/3250 train_time:319.032s step_avg:307.65ms
step:1038/3250 train_time:319.341s step_avg:307.65ms
step:1039/3250 train_time:319.650s step_avg:307.65ms
step:1040/3250 train_time:319.955s step_avg:307.65ms
step:1041/3250 train_time:320.261s step_avg:307.65ms
step:1042/3250 train_time:320.570s step_avg:307.65ms
step:1043/3250 train_time:320.877s step_avg:307.65ms
step:1044/3250 train_time:321.185s step_avg:307.65ms
step:1045/3250 train_time:321.492s step_avg:307.65ms
step:1046/3250 train_time:321.798s step_avg:307.65ms
step:1047/3250 train_time:322.105s step_avg:307.65ms
step:1048/3250 train_time:322.413s step_avg:307.65ms
step:1049/3250 train_time:322.717s step_avg:307.64ms
step:1050/3250 train_time:323.030s step_avg:307.65ms
step:1051/3250 train_time:323.337s step_avg:307.65ms
step:1052/3250 train_time:323.645s step_avg:307.65ms
step:1053/3250 train_time:323.953s step_avg:307.65ms
step:1054/3250 train_time:324.261s step_avg:307.65ms
step:1055/3250 train_time:324.570s step_avg:307.65ms
step:1056/3250 train_time:324.875s step_avg:307.65ms
step:1057/3250 train_time:325.180s step_avg:307.64ms
step:1058/3250 train_time:325.488s step_avg:307.65ms
step:1059/3250 train_time:325.794s step_avg:307.64ms
step:1060/3250 train_time:326.100s step_avg:307.64ms
step:1061/3250 train_time:326.409s step_avg:307.64ms
step:1062/3250 train_time:326.714s step_avg:307.64ms
step:1063/3250 train_time:327.020s step_avg:307.64ms
step:1064/3250 train_time:327.328s step_avg:307.64ms
step:1065/3250 train_time:327.635s step_avg:307.64ms
step:1066/3250 train_time:327.941s step_avg:307.64ms
step:1067/3250 train_time:328.249s step_avg:307.64ms
step:1068/3250 train_time:328.555s step_avg:307.64ms
step:1069/3250 train_time:328.860s step_avg:307.63ms
step:1070/3250 train_time:329.166s step_avg:307.63ms
step:1071/3250 train_time:329.472s step_avg:307.63ms
step:1072/3250 train_time:329.777s step_avg:307.63ms
step:1073/3250 train_time:330.086s step_avg:307.63ms
step:1074/3250 train_time:330.392s step_avg:307.63ms
step:1075/3250 train_time:330.696s step_avg:307.62ms
step:1076/3250 train_time:331.003s step_avg:307.62ms
step:1077/3250 train_time:331.310s step_avg:307.62ms
step:1078/3250 train_time:331.619s step_avg:307.62ms
step:1079/3250 train_time:331.927s step_avg:307.62ms
step:1080/3250 train_time:332.233s step_avg:307.62ms
step:1081/3250 train_time:332.540s step_avg:307.62ms
step:1082/3250 train_time:332.846s step_avg:307.62ms
step:1083/3250 train_time:333.151s step_avg:307.62ms
step:1084/3250 train_time:333.456s step_avg:307.62ms
step:1085/3250 train_time:333.764s step_avg:307.62ms
step:1086/3250 train_time:334.071s step_avg:307.62ms
step:1087/3250 train_time:334.378s step_avg:307.62ms
step:1088/3250 train_time:334.688s step_avg:307.62ms
step:1089/3250 train_time:334.995s step_avg:307.62ms
step:1090/3250 train_time:335.301s step_avg:307.62ms
step:1091/3250 train_time:335.608s step_avg:307.62ms
step:1092/3250 train_time:335.914s step_avg:307.61ms
step:1093/3250 train_time:336.220s step_avg:307.61ms
step:1094/3250 train_time:336.528s step_avg:307.61ms
step:1095/3250 train_time:336.833s step_avg:307.61ms
step:1096/3250 train_time:337.138s step_avg:307.61ms
step:1097/3250 train_time:337.445s step_avg:307.61ms
step:1098/3250 train_time:337.751s step_avg:307.61ms
step:1099/3250 train_time:338.056s step_avg:307.60ms
step:1100/3250 train_time:338.362s step_avg:307.60ms
step:1101/3250 train_time:338.669s step_avg:307.60ms
step:1102/3250 train_time:338.976s step_avg:307.60ms
step:1103/3250 train_time:339.285s step_avg:307.60ms
step:1104/3250 train_time:339.592s step_avg:307.60ms
step:1105/3250 train_time:339.901s step_avg:307.60ms
step:1106/3250 train_time:340.208s step_avg:307.60ms
step:1107/3250 train_time:340.513s step_avg:307.60ms
step:1108/3250 train_time:340.820s step_avg:307.60ms
step:1109/3250 train_time:341.131s step_avg:307.60ms
step:1110/3250 train_time:341.442s step_avg:307.61ms
step:1111/3250 train_time:341.754s step_avg:307.61ms
step:1112/3250 train_time:342.062s step_avg:307.61ms
step:1113/3250 train_time:342.373s step_avg:307.61ms
step:1114/3250 train_time:342.684s step_avg:307.62ms
step:1115/3250 train_time:342.995s step_avg:307.62ms
step:1116/3250 train_time:343.302s step_avg:307.62ms
step:1117/3250 train_time:343.613s step_avg:307.62ms
step:1118/3250 train_time:343.921s step_avg:307.62ms
step:1119/3250 train_time:344.234s step_avg:307.63ms
step:1120/3250 train_time:344.545s step_avg:307.63ms
step:1121/3250 train_time:344.856s step_avg:307.63ms
step:1122/3250 train_time:345.164s step_avg:307.63ms
step:1123/3250 train_time:345.473s step_avg:307.63ms
step:1124/3250 train_time:345.781s step_avg:307.63ms
step:1125/3250 train_time:346.094s step_avg:307.64ms
step:1125/3250 val_loss:3.62465 train_time:346.094s step_avg:311.27ms
probe_ema: n=84934656 align=-0.43784,-0.38728,-0.34153,-0.29289 rel_mse=1.08165,1.04290,1.02237,1.01140
step:1126/3250 train_time:346.405s step_avg:307.64ms
step:1127/3250 train_time:346.716s step_avg:307.64ms
step:1128/3250 train_time:347.023s step_avg:307.64ms
step:1129/3250 train_time:347.332s step_avg:307.65ms
step:1130/3250 train_time:347.641s step_avg:307.65ms
step:1131/3250 train_time:347.949s step_avg:307.65ms
step:1132/3250 train_time:348.258s step_avg:307.65ms
step:1133/3250 train_time:348.565s step_avg:307.65ms
step:1134/3250 train_time:348.875s step_avg:307.65ms
step:1135/3250 train_time:349.182s step_avg:307.65ms
step:1136/3250 train_time:349.494s step_avg:307.65ms
step:1137/3250 train_time:349.802s step_avg:307.65ms
step:1138/3250 train_time:350.113s step_avg:307.66ms
step:1139/3250 train_time:350.421s step_avg:307.66ms
step:1140/3250 train_time:350.729s step_avg:307.66ms
step:1141/3250 train_time:351.079s step_avg:307.69ms
step:1142/3250 train_time:351.389s step_avg:307.70ms
step:1143/3250 train_time:351.698s step_avg:307.70ms
step:1144/3250 train_time:352.008s step_avg:307.70ms
step:1145/3250 train_time:352.320s step_avg:307.70ms
step:1146/3250 train_time:352.630s step_avg:307.71ms
step:1147/3250 train_time:352.939s step_avg:307.71ms
step:1148/3250 train_time:353.249s step_avg:307.71ms
step:1149/3250 train_time:353.559s step_avg:307.71ms
step:1150/3250 train_time:353.869s step_avg:307.71ms
step:1151/3250 train_time:354.180s step_avg:307.71ms
step:1152/3250 train_time:354.491s step_avg:307.72ms
step:1153/3250 train_time:354.804s step_avg:307.72ms
step:1154/3250 train_time:355.120s step_avg:307.73ms
step:1155/3250 train_time:355.429s step_avg:307.73ms
step:1156/3250 train_time:355.740s step_avg:307.73ms
step:1157/3250 train_time:356.048s step_avg:307.73ms
step:1158/3250 train_time:356.359s step_avg:307.74ms
step:1159/3250 train_time:356.669s step_avg:307.74ms
step:1160/3250 train_time:356.980s step_avg:307.74ms
step:1161/3250 train_time:357.290s step_avg:307.74ms
step:1162/3250 train_time:357.600s step_avg:307.75ms
step:1163/3250 train_time:357.909s step_avg:307.75ms
step:1164/3250 train_time:358.219s step_avg:307.75ms
step:1165/3250 train_time:358.528s step_avg:307.75ms
step:1166/3250 train_time:358.838s step_avg:307.75ms
step:1167/3250 train_time:359.151s step_avg:307.76ms
step:1168/3250 train_time:359.462s step_avg:307.76ms
step:1169/3250 train_time:359.778s step_avg:307.77ms
step:1170/3250 train_time:360.091s step_avg:307.77ms
step:1171/3250 train_time:360.398s step_avg:307.77ms
step:1172/3250 train_time:360.707s step_avg:307.77ms
step:1173/3250 train_time:361.015s step_avg:307.77ms
step:1174/3250 train_time:361.321s step_avg:307.77ms
step:1175/3250 train_time:361.628s step_avg:307.77ms
step:1176/3250 train_time:361.935s step_avg:307.77ms
step:1177/3250 train_time:362.242s step_avg:307.77ms
step:1178/3250 train_time:362.548s step_avg:307.77ms
step:1179/3250 train_time:362.856s step_avg:307.77ms
step:1180/3250 train_time:363.161s step_avg:307.76ms
step:1181/3250 train_time:363.467s step_avg:307.76ms
step:1182/3250 train_time:363.775s step_avg:307.76ms
step:1183/3250 train_time:364.081s step_avg:307.76ms
step:1184/3250 train_time:364.387s step_avg:307.76ms
step:1185/3250 train_time:364.694s step_avg:307.76ms
step:1186/3250 train_time:364.999s step_avg:307.76ms
step:1187/3250 train_time:365.306s step_avg:307.76ms
step:1188/3250 train_time:365.616s step_avg:307.76ms
step:1189/3250 train_time:365.923s step_avg:307.76ms
step:1190/3250 train_time:366.231s step_avg:307.76ms
step:1191/3250 train_time:366.538s step_avg:307.76ms
step:1192/3250 train_time:366.845s step_avg:307.76ms
step:1193/3250 train_time:367.153s step_avg:307.76ms
step:1194/3250 train_time:367.459s step_avg:307.75ms
step:1195/3250 train_time:367.766s step_avg:307.75ms
step:1196/3250 train_time:368.073s step_avg:307.75ms
step:1197/3250 train_time:368.377s step_avg:307.75ms
step:1198/3250 train_time:368.684s step_avg:307.75ms
step:1199/3250 train_time:368.993s step_avg:307.75ms
step:1200/3250 train_time:369.299s step_avg:307.75ms
step:1201/3250 train_time:369.605s step_avg:307.75ms
step:1202/3250 train_time:369.912s step_avg:307.75ms
step:1203/3250 train_time:370.217s step_avg:307.75ms
step:1204/3250 train_time:370.524s step_avg:307.74ms
step:1205/3250 train_time:370.832s step_avg:307.74ms
step:1206/3250 train_time:371.138s step_avg:307.74ms
step:1207/3250 train_time:371.442s step_avg:307.74ms
step:1208/3250 train_time:371.750s step_avg:307.74ms
step:1209/3250 train_time:372.056s step_avg:307.74ms
step:1210/3250 train_time:372.361s step_avg:307.74ms
step:1211/3250 train_time:372.670s step_avg:307.74ms
step:1212/3250 train_time:372.980s step_avg:307.74ms
step:1213/3250 train_time:373.287s step_avg:307.74ms
step:1214/3250 train_time:373.593s step_avg:307.74ms
step:1215/3250 train_time:373.900s step_avg:307.74ms
step:1216/3250 train_time:374.206s step_avg:307.74ms
step:1217/3250 train_time:374.515s step_avg:307.74ms
step:1218/3250 train_time:374.819s step_avg:307.73ms
step:1219/3250 train_time:375.126s step_avg:307.73ms
step:1220/3250 train_time:375.433s step_avg:307.73ms
step:1221/3250 train_time:375.738s step_avg:307.73ms
step:1222/3250 train_time:376.042s step_avg:307.73ms
step:1223/3250 train_time:376.347s step_avg:307.72ms
step:1224/3250 train_time:376.655s step_avg:307.72ms
step:1225/3250 train_time:376.959s step_avg:307.72ms
step:1226/3250 train_time:377.269s step_avg:307.72ms
step:1227/3250 train_time:377.578s step_avg:307.72ms
step:1228/3250 train_time:377.882s step_avg:307.72ms
step:1229/3250 train_time:378.187s step_avg:307.72ms
step:1230/3250 train_time:378.494s step_avg:307.72ms
step:1231/3250 train_time:378.798s step_avg:307.72ms
step:1232/3250 train_time:379.103s step_avg:307.71ms
step:1233/3250 train_time:379.411s step_avg:307.71ms
step:1234/3250 train_time:379.718s step_avg:307.71ms
step:1235/3250 train_time:380.024s step_avg:307.71ms
step:1236/3250 train_time:380.336s step_avg:307.71ms
step:1237/3250 train_time:380.642s step_avg:307.71ms
step:1238/3250 train_time:380.949s step_avg:307.71ms
step:1239/3250 train_time:381.256s step_avg:307.71ms
step:1240/3250 train_time:381.564s step_avg:307.71ms
step:1241/3250 train_time:381.875s step_avg:307.72ms
step:1242/3250 train_time:382.185s step_avg:307.72ms
step:1243/3250 train_time:382.492s step_avg:307.72ms
step:1244/3250 train_time:382.799s step_avg:307.72ms
step:1245/3250 train_time:383.105s step_avg:307.72ms
step:1246/3250 train_time:383.413s step_avg:307.72ms
step:1247/3250 train_time:383.717s step_avg:307.71ms
step:1248/3250 train_time:384.023s step_avg:307.71ms
step:1249/3250 train_time:384.331s step_avg:307.71ms
step:1250/3250 train_time:384.637s step_avg:307.71ms
step:1250/3250 val_loss:3.58839 train_time:384.637s step_avg:308.35ms
probe_ema: n=84934656 align=-0.41955,-0.36614,-0.32027,-0.27671 rel_mse=1.07362,1.03851,1.02001,1.01037
step:1251/3250 train_time:384.950s step_avg:307.71ms
step:1252/3250 train_time:385.254s step_avg:307.71ms
step:1253/3250 train_time:385.560s step_avg:307.71ms
step:1254/3250 train_time:385.867s step_avg:307.71ms
step:1255/3250 train_time:386.171s step_avg:307.71ms
step:1256/3250 train_time:386.477s step_avg:307.70ms
step:1257/3250 train_time:386.785s step_avg:307.70ms
step:1258/3250 train_time:387.091s step_avg:307.70ms
step:1259/3250 train_time:387.399s step_avg:307.70ms
step:1260/3250 train_time:387.712s step_avg:307.71ms
step:1261/3250 train_time:388.023s step_avg:307.71ms
step:1262/3250 train_time:388.331s step_avg:307.71ms
step:1263/3250 train_time:388.638s step_avg:307.71ms
step:1264/3250 train_time:388.948s step_avg:307.71ms
step:1265/3250 train_time:389.254s step_avg:307.71ms
step:1266/3250 train_time:389.559s step_avg:307.71ms
step:1267/3250 train_time:389.867s step_avg:307.71ms
step:1268/3250 train_time:390.172s step_avg:307.71ms
step:1269/3250 train_time:390.481s step_avg:307.71ms
step:1270/3250 train_time:390.791s step_avg:307.71ms
step:1271/3250 train_time:391.098s step_avg:307.71ms
step:1272/3250 train_time:391.413s step_avg:307.71ms
step:1273/3250 train_time:391.723s step_avg:307.72ms
step:1274/3250 train_time:392.035s step_avg:307.72ms
step:1275/3250 train_time:392.346s step_avg:307.72ms
step:1276/3250 train_time:392.655s step_avg:307.72ms
step:1277/3250 train_time:392.970s step_avg:307.73ms
step:1278/3250 train_time:393.279s step_avg:307.73ms
step:1279/3250 train_time:393.590s step_avg:307.73ms
step:1280/3250 train_time:393.898s step_avg:307.73ms
step:1281/3250 train_time:394.212s step_avg:307.74ms
step:1282/3250 train_time:394.523s step_avg:307.74ms
step:1283/3250 train_time:394.832s step_avg:307.74ms
step:1284/3250 train_time:395.140s step_avg:307.74ms
step:1285/3250 train_time:395.450s step_avg:307.74ms
step:1286/3250 train_time:395.757s step_avg:307.74ms
step:1287/3250 train_time:396.069s step_avg:307.75ms
step:1288/3250 train_time:396.380s step_avg:307.75ms
step:1289/3250 train_time:396.693s step_avg:307.75ms
step:1290/3250 train_time:397.004s step_avg:307.75ms
step:1291/3250 train_time:397.313s step_avg:307.76ms
step:1292/3250 train_time:397.623s step_avg:307.76ms
step:1293/3250 train_time:397.933s step_avg:307.76ms
step:1294/3250 train_time:398.243s step_avg:307.76ms
step:1295/3250 train_time:398.553s step_avg:307.76ms
step:1296/3250 train_time:398.862s step_avg:307.76ms
step:1297/3250 train_time:399.172s step_avg:307.77ms
step:1298/3250 train_time:399.482s step_avg:307.77ms
step:1299/3250 train_time:399.791s step_avg:307.77ms
step:1300/3250 train_time:400.099s step_avg:307.77ms
step:1301/3250 train_time:400.414s step_avg:307.77ms
step:1302/3250 train_time:400.727s step_avg:307.78ms
step:1303/3250 train_time:401.037s step_avg:307.78ms
step:1304/3250 train_time:401.349s step_avg:307.78ms
step:1305/3250 train_time:401.660s step_avg:307.79ms
step:1306/3250 train_time:401.970s step_avg:307.79ms
step:1307/3250 train_time:402.280s step_avg:307.79ms
step:1308/3250 train_time:402.590s step_avg:307.79ms
step:1309/3250 train_time:402.902s step_avg:307.79ms
step:1310/3250 train_time:403.217s step_avg:307.80ms
step:1311/3250 train_time:403.531s step_avg:307.80ms
step:1312/3250 train_time:403.840s step_avg:307.80ms
step:1313/3250 train_time:404.154s step_avg:307.81ms
step:1314/3250 train_time:404.465s step_avg:307.81ms
step:1315/3250 train_time:404.775s step_avg:307.81ms
step:1316/3250 train_time:405.084s step_avg:307.81ms
step:1317/3250 train_time:405.394s step_avg:307.82ms
step:1318/3250 train_time:405.705s step_avg:307.82ms
step:1319/3250 train_time:406.017s step_avg:307.82ms
step:1320/3250 train_time:406.329s step_avg:307.82ms
step:1321/3250 train_time:406.638s step_avg:307.83ms
step:1322/3250 train_time:406.949s step_avg:307.83ms
step:1323/3250 train_time:407.258s step_avg:307.83ms
step:1324/3250 train_time:407.568s step_avg:307.83ms
step:1325/3250 train_time:407.879s step_avg:307.83ms
step:1326/3250 train_time:408.190s step_avg:307.84ms
step:1327/3250 train_time:408.497s step_avg:307.83ms
step:1328/3250 train_time:408.808s step_avg:307.84ms
step:1329/3250 train_time:409.117s step_avg:307.84ms
step:1330/3250 train_time:409.426s step_avg:307.84ms
step:1331/3250 train_time:409.775s step_avg:307.87ms
step:1332/3250 train_time:410.086s step_avg:307.87ms
step:1333/3250 train_time:410.398s step_avg:307.88ms
step:1334/3250 train_time:410.711s step_avg:307.88ms
step:1335/3250 train_time:411.021s step_avg:307.88ms
step:1336/3250 train_time:411.335s step_avg:307.89ms
step:1337/3250 train_time:411.646s step_avg:307.89ms
step:1338/3250 train_time:411.952s step_avg:307.89ms
step:1339/3250 train_time:412.259s step_avg:307.89ms
step:1340/3250 train_time:412.566s step_avg:307.88ms
step:1341/3250 train_time:412.871s step_avg:307.88ms
step:1342/3250 train_time:413.175s step_avg:307.88ms
step:1343/3250 train_time:413.480s step_avg:307.88ms
step:1344/3250 train_time:413.791s step_avg:307.88ms
step:1345/3250 train_time:414.097s step_avg:307.88ms
step:1346/3250 train_time:414.404s step_avg:307.88ms
step:1347/3250 train_time:414.710s step_avg:307.88ms
step:1348/3250 train_time:415.016s step_avg:307.88ms
step:1349/3250 train_time:415.322s step_avg:307.87ms
step:1350/3250 train_time:415.632s step_avg:307.88ms
step:1351/3250 train_time:415.938s step_avg:307.87ms
step:1352/3250 train_time:416.246s step_avg:307.87ms
step:1353/3250 train_time:416.553s step_avg:307.87ms
step:1354/3250 train_time:416.858s step_avg:307.87ms
step:1355/3250 train_time:417.166s step_avg:307.87ms
step:1356/3250 train_time:417.472s step_avg:307.87ms
step:1357/3250 train_time:417.778s step_avg:307.87ms
step:1358/3250 train_time:418.088s step_avg:307.87ms
step:1359/3250 train_time:418.393s step_avg:307.87ms
step:1360/3250 train_time:418.700s step_avg:307.87ms
step:1361/3250 train_time:419.008s step_avg:307.87ms
step:1362/3250 train_time:419.313s step_avg:307.87ms
step:1363/3250 train_time:419.619s step_avg:307.86ms
step:1364/3250 train_time:419.926s step_avg:307.86ms
step:1365/3250 train_time:420.231s step_avg:307.86ms
step:1366/3250 train_time:420.537s step_avg:307.86ms
step:1367/3250 train_time:420.845s step_avg:307.86ms
step:1368/3250 train_time:421.151s step_avg:307.86ms
step:1369/3250 train_time:421.459s step_avg:307.86ms
step:1370/3250 train_time:421.766s step_avg:307.86ms
step:1371/3250 train_time:422.072s step_avg:307.86ms
step:1372/3250 train_time:422.379s step_avg:307.86ms
step:1373/3250 train_time:422.686s step_avg:307.86ms
step:1374/3250 train_time:422.991s step_avg:307.85ms
step:1375/3250 train_time:423.297s step_avg:307.85ms
step:1375/3250 val_loss:3.56165 train_time:423.299s step_avg:309.29ms
probe_ema: n=84934656 align=-0.31806,-0.28435,-0.25792,-0.23312 rel_mse=1.06898,1.03779,1.02002,1.01048
step:1376/3250 train_time:423.609s step_avg:307.86ms
step:1377/3250 train_time:423.917s step_avg:307.86ms
step:1378/3250 train_time:424.224s step_avg:307.86ms
step:1379/3250 train_time:424.529s step_avg:307.85ms
step:1380/3250 train_time:424.834s step_avg:307.85ms
step:1381/3250 train_time:425.142s step_avg:307.85ms
step:1382/3250 train_time:425.446s step_avg:307.85ms
step:1383/3250 train_time:425.752s step_avg:307.85ms
step:1384/3250 train_time:426.059s step_avg:307.85ms
step:1385/3250 train_time:426.365s step_avg:307.84ms
step:1386/3250 train_time:426.675s step_avg:307.85ms
step:1387/3250 train_time:426.984s step_avg:307.85ms
step:1388/3250 train_time:427.290s step_avg:307.85ms
step:1389/3250 train_time:427.595s step_avg:307.84ms
step:1390/3250 train_time:427.902s step_avg:307.84ms
step:1391/3250 train_time:428.207s step_avg:307.84ms
step:1392/3250 train_time:428.513s step_avg:307.84ms
step:1393/3250 train_time:428.820s step_avg:307.84ms
step:1394/3250 train_time:429.127s step_avg:307.84ms
step:1395/3250 train_time:429.434s step_avg:307.84ms
step:1396/3250 train_time:429.744s step_avg:307.84ms
step:1397/3250 train_time:430.051s step_avg:307.84ms
step:1398/3250 train_time:430.360s step_avg:307.84ms
step:1399/3250 train_time:430.666s step_avg:307.84ms
step:1400/3250 train_time:430.974s step_avg:307.84ms
step:1401/3250 train_time:431.282s step_avg:307.84ms
step:1402/3250 train_time:431.587s step_avg:307.84ms
step:1403/3250 train_time:431.895s step_avg:307.84ms
step:1404/3250 train_time:432.202s step_avg:307.84ms
step:1405/3250 train_time:432.507s step_avg:307.83ms
step:1406/3250 train_time:432.810s step_avg:307.83ms
step:1407/3250 train_time:433.115s step_avg:307.83ms
step:1408/3250 train_time:433.424s step_avg:307.83ms
step:1409/3250 train_time:433.728s step_avg:307.83ms
step:1410/3250 train_time:434.035s step_avg:307.83ms
step:1411/3250 train_time:434.345s step_avg:307.83ms
step:1412/3250 train_time:434.652s step_avg:307.83ms
step:1413/3250 train_time:434.960s step_avg:307.83ms
step:1414/3250 train_time:435.266s step_avg:307.83ms
step:1415/3250 train_time:435.571s step_avg:307.82ms
step:1416/3250 train_time:435.881s step_avg:307.83ms
step:1417/3250 train_time:436.187s step_avg:307.82ms
step:1418/3250 train_time:436.495s step_avg:307.82ms
step:1419/3250 train_time:436.806s step_avg:307.83ms
step:1420/3250 train_time:437.112s step_avg:307.83ms
step:1421/3250 train_time:437.420s step_avg:307.83ms
step:1422/3250 train_time:437.726s step_avg:307.82ms
step:1423/3250 train_time:438.031s step_avg:307.82ms
step:1424/3250 train_time:438.339s step_avg:307.82ms
step:1425/3250 train_time:438.645s step_avg:307.82ms
step:1426/3250 train_time:438.952s step_avg:307.82ms
step:1427/3250 train_time:439.259s step_avg:307.82ms
step:1428/3250 train_time:439.566s step_avg:307.82ms
step:1429/3250 train_time:439.870s step_avg:307.82ms
step:1430/3250 train_time:440.175s step_avg:307.82ms
step:1431/3250 train_time:440.483s step_avg:307.81ms
step:1432/3250 train_time:440.787s step_avg:307.81ms
step:1433/3250 train_time:441.094s step_avg:307.81ms
step:1434/3250 train_time:441.402s step_avg:307.81ms
step:1435/3250 train_time:441.708s step_avg:307.81ms
step:1436/3250 train_time:442.016s step_avg:307.81ms
step:1437/3250 train_time:442.327s step_avg:307.81ms
step:1438/3250 train_time:442.637s step_avg:307.81ms
step:1439/3250 train_time:442.947s step_avg:307.82ms
step:1440/3250 train_time:443.255s step_avg:307.82ms
step:1441/3250 train_time:443.567s step_avg:307.82ms
step:1442/3250 train_time:443.877s step_avg:307.82ms
step:1443/3250 train_time:444.188s step_avg:307.82ms
step:1444/3250 train_time:444.497s step_avg:307.82ms
step:1445/3250 train_time:444.807s step_avg:307.82ms
step:1446/3250 train_time:445.115s step_avg:307.83ms
step:1447/3250 train_time:445.426s step_avg:307.83ms
step:1448/3250 train_time:445.736s step_avg:307.83ms
step:1449/3250 train_time:446.049s step_avg:307.83ms
step:1450/3250 train_time:446.359s step_avg:307.83ms
step:1451/3250 train_time:446.668s step_avg:307.83ms
step:1452/3250 train_time:446.977s step_avg:307.84ms
step:1453/3250 train_time:447.288s step_avg:307.84ms
step:1454/3250 train_time:447.597s step_avg:307.84ms
step:1455/3250 train_time:447.909s step_avg:307.84ms
step:1456/3250 train_time:448.220s step_avg:307.84ms
step:1457/3250 train_time:448.532s step_avg:307.85ms
step:1458/3250 train_time:448.843s step_avg:307.85ms
step:1459/3250 train_time:449.151s step_avg:307.85ms
step:1460/3250 train_time:449.459s step_avg:307.85ms
step:1461/3250 train_time:449.769s step_avg:307.85ms
step:1462/3250 train_time:450.079s step_avg:307.85ms
step:1463/3250 train_time:450.389s step_avg:307.85ms
step:1464/3250 train_time:450.699s step_avg:307.85ms
step:1465/3250 train_time:451.008s step_avg:307.86ms
step:1466/3250 train_time:451.317s step_avg:307.86ms
step:1467/3250 train_time:451.627s step_avg:307.86ms
step:1468/3250 train_time:451.938s step_avg:307.86ms
step:1469/3250 train_time:452.251s step_avg:307.86ms
step:1470/3250 train_time:452.563s step_avg:307.87ms
step:1471/3250 train_time:452.872s step_avg:307.87ms
step:1472/3250 train_time:453.185s step_avg:307.87ms
step:1473/3250 train_time:453.495s step_avg:307.87ms
step:1474/3250 train_time:453.805s step_avg:307.87ms
step:1475/3250 train_time:454.113s step_avg:307.87ms
step:1476/3250 train_time:454.426s step_avg:307.88ms
step:1477/3250 train_time:454.737s step_avg:307.88ms
step:1478/3250 train_time:455.052s step_avg:307.88ms
step:1479/3250 train_time:455.364s step_avg:307.89ms
step:1480/3250 train_time:455.673s step_avg:307.89ms
step:1481/3250 train_time:455.984s step_avg:307.89ms
step:1482/3250 train_time:456.293s step_avg:307.89ms
step:1483/3250 train_time:456.603s step_avg:307.89ms
step:1484/3250 train_time:456.912s step_avg:307.89ms
step:1485/3250 train_time:457.221s step_avg:307.89ms
step:1486/3250 train_time:457.530s step_avg:307.89ms
step:1487/3250 train_time:457.838s step_avg:307.89ms
step:1488/3250 train_time:458.149s step_avg:307.90ms
step:1489/3250 train_time:458.461s step_avg:307.90ms
step:1490/3250 train_time:458.772s step_avg:307.90ms
step:1491/3250 train_time:459.084s step_avg:307.90ms
step:1492/3250 train_time:459.392s step_avg:307.90ms
step:1493/3250 train_time:459.702s step_avg:307.90ms
step:1494/3250 train_time:460.021s step_avg:307.91ms
step:1495/3250 train_time:460.331s step_avg:307.91ms
step:1496/3250 train_time:460.644s step_avg:307.92ms
step:1497/3250 train_time:460.951s step_avg:307.92ms
step:1498/3250 train_time:461.261s step_avg:307.92ms
step:1499/3250 train_time:461.570s step_avg:307.92ms
step:1500/3250 train_time:461.882s step_avg:307.92ms
step:1500/3250 val_loss:3.53300 train_time:461.882s step_avg:308.66ms
probe_ema: n=84934656 align=-0.29865,-0.26141,-0.22758,-0.19305 rel_mse=1.04754,1.02497,1.01287,1.00648
step:1501/3250 train_time:462.192s step_avg:307.92ms
step:1502/3250 train_time:462.497s step_avg:307.92ms
step:1503/3250 train_time:462.803s step_avg:307.92ms
step:1504/3250 train_time:463.110s step_avg:307.92ms
step:1505/3250 train_time:463.414s step_avg:307.92ms
step:1506/3250 train_time:463.718s step_avg:307.91ms
step:1507/3250 train_time:464.025s step_avg:307.91ms
step:1508/3250 train_time:464.333s step_avg:307.91ms
step:1509/3250 train_time:464.637s step_avg:307.91ms
step:1510/3250 train_time:464.942s step_avg:307.91ms
step:1511/3250 train_time:465.249s step_avg:307.91ms
step:1512/3250 train_time:465.555s step_avg:307.91ms
step:1513/3250 train_time:465.863s step_avg:307.91ms
step:1514/3250 train_time:466.173s step_avg:307.91ms
step:1515/3250 train_time:466.479s step_avg:307.91ms
step:1516/3250 train_time:466.786s step_avg:307.91ms
step:1517/3250 train_time:467.092s step_avg:307.91ms
step:1518/3250 train_time:467.396s step_avg:307.90ms
step:1519/3250 train_time:467.703s step_avg:307.90ms
step:1520/3250 train_time:468.009s step_avg:307.90ms
step:1521/3250 train_time:468.354s step_avg:307.92ms
step:1522/3250 train_time:468.658s step_avg:307.92ms
step:1523/3250 train_time:468.964s step_avg:307.92ms
step:1524/3250 train_time:469.270s step_avg:307.92ms
step:1525/3250 train_time:469.575s step_avg:307.92ms
step:1526/3250 train_time:469.881s step_avg:307.92ms
step:1527/3250 train_time:470.189s step_avg:307.92ms
step:1528/3250 train_time:470.495s step_avg:307.92ms
step:1529/3250 train_time:470.799s step_avg:307.91ms
step:1530/3250 train_time:471.105s step_avg:307.91ms
step:1531/3250 train_time:471.415s step_avg:307.91ms
step:1532/3250 train_time:471.724s step_avg:307.91ms
step:1533/3250 train_time:472.033s step_avg:307.91ms
step:1534/3250 train_time:472.338s step_avg:307.91ms
step:1535/3250 train_time:472.643s step_avg:307.91ms
step:1536/3250 train_time:472.950s step_avg:307.91ms
step:1537/3250 train_time:473.254s step_avg:307.91ms
step:1538/3250 train_time:473.561s step_avg:307.91ms
step:1539/3250 train_time:473.868s step_avg:307.91ms
step:1540/3250 train_time:474.174s step_avg:307.91ms
step:1541/3250 train_time:474.478s step_avg:307.90ms
step:1542/3250 train_time:474.785s step_avg:307.90ms
step:1543/3250 train_time:475.093s step_avg:307.90ms
step:1544/3250 train_time:475.400s step_avg:307.90ms
step:1545/3250 train_time:475.710s step_avg:307.90ms
step:1546/3250 train_time:476.019s step_avg:307.90ms
step:1547/3250 train_time:476.325s step_avg:307.90ms
step:1548/3250 train_time:476.633s step_avg:307.90ms
step:1549/3250 train_time:476.938s step_avg:307.90ms
step:1550/3250 train_time:477.244s step_avg:307.90ms
step:1551/3250 train_time:477.551s step_avg:307.90ms
step:1552/3250 train_time:477.856s step_avg:307.90ms
step:1553/3250 train_time:478.161s step_avg:307.90ms
step:1554/3250 train_time:478.471s step_avg:307.90ms
step:1555/3250 train_time:478.775s step_avg:307.89ms
step:1556/3250 train_time:479.083s step_avg:307.89ms
step:1557/3250 train_time:479.390s step_avg:307.89ms
step:1558/3250 train_time:479.696s step_avg:307.89ms
step:1559/3250 train_time:480.002s step_avg:307.89ms
step:1560/3250 train_time:480.309s step_avg:307.89ms
step:1561/3250 train_time:480.615s step_avg:307.89ms
step:1562/3250 train_time:480.920s step_avg:307.89ms
step:1563/3250 train_time:481.227s step_avg:307.89ms
step:1564/3250 train_time:481.533s step_avg:307.89ms
step:1565/3250 train_time:481.838s step_avg:307.88ms
step:1566/3250 train_time:482.143s step_avg:307.88ms
step:1567/3250 train_time:482.450s step_avg:307.88ms
step:1568/3250 train_time:482.756s step_avg:307.88ms
step:1569/3250 train_time:483.064s step_avg:307.88ms
step:1570/3250 train_time:483.375s step_avg:307.88ms
step:1571/3250 train_time:483.684s step_avg:307.88ms
step:1572/3250 train_time:483.996s step_avg:307.89ms
step:1573/3250 train_time:484.303s step_avg:307.89ms
step:1574/3250 train_time:484.612s step_avg:307.89ms
step:1575/3250 train_time:484.917s step_avg:307.88ms
step:1576/3250 train_time:485.224s step_avg:307.88ms
step:1577/3250 train_time:485.531s step_avg:307.88ms
step:1578/3250 train_time:485.836s step_avg:307.88ms
step:1579/3250 train_time:486.141s step_avg:307.88ms
step:1580/3250 train_time:486.449s step_avg:307.88ms
step:1581/3250 train_time:486.755s step_avg:307.88ms
step:1582/3250 train_time:487.061s step_avg:307.88ms
step:1583/3250 train_time:487.372s step_avg:307.88ms
step:1584/3250 train_time:487.681s step_avg:307.88ms
step:1585/3250 train_time:487.991s step_avg:307.88ms
step:1586/3250 train_time:488.298s step_avg:307.88ms
step:1587/3250 train_time:488.604s step_avg:307.88ms
step:1588/3250 train_time:488.913s step_avg:307.88ms
step:1589/3250 train_time:489.218s step_avg:307.88ms
step:1590/3250 train_time:489.523s step_avg:307.88ms
step:1591/3250 train_time:489.829s step_avg:307.88ms
step:1592/3250 train_time:490.135s step_avg:307.87ms
step:1593/3250 train_time:490.441s step_avg:307.87ms
step:1594/3250 train_time:490.751s step_avg:307.87ms
step:1595/3250 train_time:491.058s step_avg:307.87ms
step:1596/3250 train_time:491.366s step_avg:307.87ms
step:1597/3250 train_time:491.674s step_avg:307.87ms
step:1598/3250 train_time:491.979s step_avg:307.87ms
step:1599/3250 train_time:492.284s step_avg:307.87ms
step:1600/3250 train_time:492.593s step_avg:307.87ms
step:1601/3250 train_time:492.898s step_avg:307.87ms
step:1602/3250 train_time:493.203s step_avg:307.87ms
step:1603/3250 train_time:493.510s step_avg:307.87ms
step:1604/3250 train_time:493.814s step_avg:307.86ms
step:1605/3250 train_time:494.121s step_avg:307.86ms
step:1606/3250 train_time:494.431s step_avg:307.86ms
step:1607/3250 train_time:494.739s step_avg:307.86ms
step:1608/3250 train_time:495.052s step_avg:307.87ms
step:1609/3250 train_time:495.360s step_avg:307.87ms
step:1610/3250 train_time:495.670s step_avg:307.87ms
step:1611/3250 train_time:495.978s step_avg:307.87ms
step:1612/3250 train_time:496.286s step_avg:307.87ms
step:1613/3250 train_time:496.595s step_avg:307.87ms
step:1614/3250 train_time:496.903s step_avg:307.87ms
step:1615/3250 train_time:497.215s step_avg:307.87ms
step:1616/3250 train_time:497.529s step_avg:307.88ms
step:1617/3250 train_time:497.839s step_avg:307.88ms
step:1618/3250 train_time:498.148s step_avg:307.88ms
step:1619/3250 train_time:498.457s step_avg:307.88ms
step:1620/3250 train_time:498.766s step_avg:307.88ms
step:1621/3250 train_time:499.077s step_avg:307.88ms
step:1622/3250 train_time:499.387s step_avg:307.88ms
step:1623/3250 train_time:499.696s step_avg:307.88ms
step:1624/3250 train_time:500.008s step_avg:307.89ms
step:1625/3250 train_time:500.318s step_avg:307.89ms
step:1625/3250 val_loss:3.51229 train_time:500.319s step_avg:307.49ms
probe_ema: n=84934656 align=-0.28544,-0.25402,-0.22580,-0.19690 rel_mse=1.05028,1.02727,1.01458,1.00762
step:1626/3250 train_time:500.633s step_avg:307.89ms
step:1627/3250 train_time:500.942s step_avg:307.89ms
step:1628/3250 train_time:501.264s step_avg:307.90ms
step:1629/3250 train_time:501.575s step_avg:307.90ms
step:1630/3250 train_time:501.886s step_avg:307.91ms
step:1631/3250 train_time:502.198s step_avg:307.91ms
step:1632/3250 train_time:502.526s step_avg:307.92ms
step:1633/3250 train_time:502.836s step_avg:307.92ms
step:1634/3250 train_time:503.144s step_avg:307.92ms
step:1635/3250 train_time:503.452s step_avg:307.92ms
step:1636/3250 train_time:503.761s step_avg:307.92ms
step:1637/3250 train_time:504.072s step_avg:307.92ms
step:1638/3250 train_time:504.382s step_avg:307.93ms
step:1639/3250 train_time:504.694s step_avg:307.93ms
step:1640/3250 train_time:505.003s step_avg:307.93ms
step:1641/3250 train_time:505.313s step_avg:307.93ms
step:1642/3250 train_time:505.622s step_avg:307.93ms
step:1643/3250 train_time:505.936s step_avg:307.93ms
step:1644/3250 train_time:506.251s step_avg:307.94ms
step:1645/3250 train_time:506.561s step_avg:307.94ms
step:1646/3250 train_time:506.871s step_avg:307.94ms
step:1647/3250 train_time:507.180s step_avg:307.94ms
step:1648/3250 train_time:507.489s step_avg:307.94ms
step:1649/3250 train_time:507.801s step_avg:307.94ms
step:1650/3250 train_time:508.113s step_avg:307.95ms
step:1651/3250 train_time:508.427s step_avg:307.95ms
step:1652/3250 train_time:508.737s step_avg:307.95ms
step:1653/3250 train_time:509.047s step_avg:307.95ms
step:1654/3250 train_time:509.356s step_avg:307.95ms
step:1655/3250 train_time:509.665s step_avg:307.95ms
step:1656/3250 train_time:509.976s step_avg:307.96ms
step:1657/3250 train_time:510.286s step_avg:307.96ms
step:1658/3250 train_time:510.599s step_avg:307.96ms
step:1659/3250 train_time:510.911s step_avg:307.96ms
step:1660/3250 train_time:511.222s step_avg:307.97ms
step:1661/3250 train_time:511.534s step_avg:307.97ms
step:1662/3250 train_time:511.843s step_avg:307.97ms
step:1663/3250 train_time:512.153s step_avg:307.97ms
step:1664/3250 train_time:512.462s step_avg:307.97ms
step:1665/3250 train_time:512.770s step_avg:307.97ms
step:1666/3250 train_time:513.076s step_avg:307.97ms
step:1667/3250 train_time:513.380s step_avg:307.97ms
step:1668/3250 train_time:513.687s step_avg:307.97ms
step:1669/3250 train_time:513.996s step_avg:307.97ms
step:1670/3250 train_time:514.300s step_avg:307.96ms
step:1671/3250 train_time:514.607s step_avg:307.96ms
step:1672/3250 train_time:514.915s step_avg:307.96ms
step:1673/3250 train_time:515.220s step_avg:307.96ms
step:1674/3250 train_time:515.526s step_avg:307.96ms
step:1675/3250 train_time:515.837s step_avg:307.96ms
step:1676/3250 train_time:516.142s step_avg:307.96ms
step:1677/3250 train_time:516.448s step_avg:307.96ms
step:1678/3250 train_time:516.755s step_avg:307.96ms
step:1679/3250 train_time:517.062s step_avg:307.96ms
step:1680/3250 train_time:517.367s step_avg:307.96ms
step:1681/3250 train_time:517.675s step_avg:307.96ms
step:1682/3250 train_time:517.980s step_avg:307.95ms
step:1683/3250 train_time:518.288s step_avg:307.95ms
step:1684/3250 train_time:518.597s step_avg:307.96ms
step:1685/3250 train_time:518.902s step_avg:307.95ms
step:1686/3250 train_time:519.207s step_avg:307.95ms
step:1687/3250 train_time:519.514s step_avg:307.95ms
step:1688/3250 train_time:519.819s step_avg:307.95ms
step:1689/3250 train_time:520.127s step_avg:307.95ms
step:1690/3250 train_time:520.435s step_avg:307.95ms
step:1691/3250 train_time:520.742s step_avg:307.95ms
step:1692/3250 train_time:521.048s step_avg:307.95ms
step:1693/3250 train_time:521.355s step_avg:307.95ms
step:1694/3250 train_time:521.660s step_avg:307.95ms
step:1695/3250 train_time:521.966s step_avg:307.94ms
step:1696/3250 train_time:522.274s step_avg:307.94ms
step:1697/3250 train_time:522.578s step_avg:307.94ms
step:1698/3250 train_time:522.881s step_avg:307.94ms
step:1699/3250 train_time:523.186s step_avg:307.94ms
step:1700/3250 train_time:523.494s step_avg:307.94ms
step:1701/3250 train_time:523.799s step_avg:307.94ms
step:1702/3250 train_time:524.105s step_avg:307.93ms
step:1703/3250 train_time:524.412s step_avg:307.93ms
step:1704/3250 train_time:524.719s step_avg:307.93ms
step:1705/3250 train_time:525.025s step_avg:307.93ms
step:1706/3250 train_time:525.334s step_avg:307.93ms
step:1707/3250 train_time:525.640s step_avg:307.93ms
step:1708/3250 train_time:525.947s step_avg:307.93ms
step:1709/3250 train_time:526.254s step_avg:307.93ms
step:1710/3250 train_time:526.559s step_avg:307.93ms
step:1711/3250 train_time:526.904s step_avg:307.95ms
step:1712/3250 train_time:527.210s step_avg:307.95ms
step:1713/3250 train_time:527.515s step_avg:307.95ms
step:1714/3250 train_time:527.820s step_avg:307.95ms
step:1715/3250 train_time:528.126s step_avg:307.95ms
step:1716/3250 train_time:528.435s step_avg:307.95ms
step:1717/3250 train_time:528.740s step_avg:307.94ms
step:1718/3250 train_time:529.046s step_avg:307.94ms
step:1719/3250 train_time:529.353s step_avg:307.94ms
step:1720/3250 train_time:529.659s step_avg:307.94ms
step:1721/3250 train_time:529.965s step_avg:307.94ms
step:1722/3250 train_time:530.273s step_avg:307.94ms
step:1723/3250 train_time:530.579s step_avg:307.94ms
step:1724/3250 train_time:530.888s step_avg:307.94ms
step:1725/3250 train_time:531.197s step_avg:307.94ms
step:1726/3250 train_time:531.504s step_avg:307.94ms
step:1727/3250 train_time:531.811s step_avg:307.94ms
step:1728/3250 train_time:532.116s step_avg:307.94ms
step:1729/3250 train_time:532.423s step_avg:307.94ms
step:1730/3250 train_time:532.730s step_avg:307.94ms
step:1731/3250 train_time:533.038s step_avg:307.94ms
step:1732/3250 train_time:533.344s step_avg:307.94ms
step:1733/3250 train_time:533.652s step_avg:307.94ms
step:1734/3250 train_time:533.958s step_avg:307.93ms
step:1735/3250 train_time:534.264s step_avg:307.93ms
step:1736/3250 train_time:534.570s step_avg:307.93ms
step:1737/3250 train_time:534.876s step_avg:307.93ms
step:1738/3250 train_time:535.181s step_avg:307.93ms
step:1739/3250 train_time:535.485s step_avg:307.93ms
step:1740/3250 train_time:535.793s step_avg:307.93ms
step:1741/3250 train_time:536.097s step_avg:307.92ms
step:1742/3250 train_time:536.403s step_avg:307.92ms
step:1743/3250 train_time:536.711s step_avg:307.92ms
step:1744/3250 train_time:537.016s step_avg:307.92ms
step:1745/3250 train_time:537.320s step_avg:307.92ms
step:1746/3250 train_time:537.626s step_avg:307.92ms
step:1747/3250 train_time:537.936s step_avg:307.92ms
step:1748/3250 train_time:538.239s step_avg:307.92ms
step:1749/3250 train_time:538.546s step_avg:307.92ms
step:1750/3250 train_time:538.855s step_avg:307.92ms
step:1750/3250 val_loss:3.48918 train_time:538.856s step_avg:308.30ms
probe_ema: n=84934656 align=-0.35342,-0.31217,-0.27333,-0.23321 rel_mse=1.06701,1.03524,1.01816,1.00911
step:1751/3250 train_time:539.168s step_avg:307.92ms
step:1752/3250 train_time:539.475s step_avg:307.92ms
step:1753/3250 train_time:539.781s step_avg:307.92ms
step:1754/3250 train_time:540.087s step_avg:307.92ms
step:1755/3250 train_time:540.394s step_avg:307.92ms
step:1756/3250 train_time:540.701s step_avg:307.92ms
step:1757/3250 train_time:541.010s step_avg:307.92ms
step:1758/3250 train_time:541.315s step_avg:307.92ms
step:1759/3250 train_time:541.622s step_avg:307.91ms
step:1760/3250 train_time:541.931s step_avg:307.92ms
step:1761/3250 train_time:542.238s step_avg:307.91ms
step:1762/3250 train_time:542.545s step_avg:307.91ms
step:1763/3250 train_time:542.854s step_avg:307.92ms
step:1764/3250 train_time:543.163s step_avg:307.92ms
step:1765/3250 train_time:543.472s step_avg:307.92ms
step:1766/3250 train_time:543.783s step_avg:307.92ms
step:1767/3250 train_time:544.091s step_avg:307.92ms
step:1768/3250 train_time:544.397s step_avg:307.92ms
step:1769/3250 train_time:544.706s step_avg:307.92ms
step:1770/3250 train_time:545.014s step_avg:307.92ms
step:1771/3250 train_time:545.324s step_avg:307.92ms
step:1772/3250 train_time:545.639s step_avg:307.92ms
step:1773/3250 train_time:545.951s step_avg:307.93ms
step:1774/3250 train_time:546.260s step_avg:307.93ms
step:1775/3250 train_time:546.568s step_avg:307.93ms
step:1776/3250 train_time:546.877s step_avg:307.93ms
step:1777/3250 train_time:547.185s step_avg:307.93ms
step:1778/3250 train_time:547.495s step_avg:307.93ms
step:1779/3250 train_time:547.804s step_avg:307.93ms
step:1780/3250 train_time:548.115s step_avg:307.93ms
step:1781/3250 train_time:548.428s step_avg:307.93ms
step:1782/3250 train_time:548.738s step_avg:307.93ms
step:1783/3250 train_time:549.051s step_avg:307.94ms
step:1784/3250 train_time:549.358s step_avg:307.94ms
step:1785/3250 train_time:549.671s step_avg:307.94ms
step:1786/3250 train_time:549.981s step_avg:307.94ms
step:1787/3250 train_time:550.293s step_avg:307.94ms
step:1788/3250 train_time:550.601s step_avg:307.94ms
step:1789/3250 train_time:550.911s step_avg:307.94ms
step:1790/3250 train_time:551.222s step_avg:307.95ms
step:1791/3250 train_time:551.538s step_avg:307.95ms
step:1792/3250 train_time:551.848s step_avg:307.95ms
step:1793/3250 train_time:552.158s step_avg:307.95ms
step:1794/3250 train_time:552.468s step_avg:307.95ms
step:1795/3250 train_time:552.775s step_avg:307.95ms
step:1796/3250 train_time:553.085s step_avg:307.95ms
step:1797/3250 train_time:553.394s step_avg:307.95ms
step:1798/3250 train_time:553.702s step_avg:307.95ms
step:1799/3250 train_time:554.014s step_avg:307.96ms
step:1800/3250 train_time:554.325s step_avg:307.96ms
step:1801/3250 train_time:554.634s step_avg:307.96ms
step:1802/3250 train_time:554.946s step_avg:307.96ms
step:1803/3250 train_time:555.255s step_avg:307.96ms
step:1804/3250 train_time:555.565s step_avg:307.96ms
step:1805/3250 train_time:555.874s step_avg:307.96ms
step:1806/3250 train_time:556.187s step_avg:307.97ms
step:1807/3250 train_time:556.498s step_avg:307.97ms
step:1808/3250 train_time:556.808s step_avg:307.97ms
step:1809/3250 train_time:557.117s step_avg:307.97ms
step:1810/3250 train_time:557.426s step_avg:307.97ms
step:1811/3250 train_time:557.735s step_avg:307.97ms
step:1812/3250 train_time:558.044s step_avg:307.97ms
step:1813/3250 train_time:558.353s step_avg:307.97ms
step:1814/3250 train_time:558.664s step_avg:307.97ms
step:1815/3250 train_time:558.974s step_avg:307.97ms
step:1816/3250 train_time:559.286s step_avg:307.98ms
step:1817/3250 train_time:559.594s step_avg:307.98ms
step:1818/3250 train_time:559.902s step_avg:307.98ms
step:1819/3250 train_time:560.213s step_avg:307.98ms
step:1820/3250 train_time:560.522s step_avg:307.98ms
step:1821/3250 train_time:560.833s step_avg:307.98ms
step:1822/3250 train_time:561.144s step_avg:307.98ms
step:1823/3250 train_time:561.458s step_avg:307.99ms
step:1824/3250 train_time:561.769s step_avg:307.99ms
step:1825/3250 train_time:562.078s step_avg:307.99ms
step:1826/3250 train_time:562.385s step_avg:307.99ms
step:1827/3250 train_time:562.697s step_avg:307.99ms
step:1828/3250 train_time:563.006s step_avg:307.99ms
step:1829/3250 train_time:563.315s step_avg:307.99ms
step:1830/3250 train_time:563.623s step_avg:307.99ms
step:1831/3250 train_time:563.933s step_avg:307.99ms
step:1832/3250 train_time:564.242s step_avg:307.99ms
step:1833/3250 train_time:564.557s step_avg:308.00ms
step:1834/3250 train_time:564.862s step_avg:307.99ms
step:1835/3250 train_time:565.171s step_avg:308.00ms
step:1836/3250 train_time:565.477s step_avg:307.99ms
step:1837/3250 train_time:565.782s step_avg:307.99ms
step:1838/3250 train_time:566.088s step_avg:307.99ms
step:1839/3250 train_time:566.394s step_avg:307.99ms
step:1840/3250 train_time:566.701s step_avg:307.99ms
step:1841/3250 train_time:567.009s step_avg:307.99ms
step:1842/3250 train_time:567.314s step_avg:307.99ms
step:1843/3250 train_time:567.621s step_avg:307.99ms
step:1844/3250 train_time:567.928s step_avg:307.99ms
step:1845/3250 train_time:568.233s step_avg:307.99ms
step:1846/3250 train_time:568.541s step_avg:307.99ms
step:1847/3250 train_time:568.849s step_avg:307.99ms
step:1848/3250 train_time:569.154s step_avg:307.98ms
step:1849/3250 train_time:569.459s step_avg:307.98ms
step:1850/3250 train_time:569.766s step_avg:307.98ms
step:1851/3250 train_time:570.071s step_avg:307.98ms
step:1852/3250 train_time:570.376s step_avg:307.98ms
step:1853/3250 train_time:570.682s step_avg:307.98ms
step:1854/3250 train_time:570.989s step_avg:307.98ms
step:1855/3250 train_time:571.293s step_avg:307.97ms
step:1856/3250 train_time:571.597s step_avg:307.97ms
step:1857/3250 train_time:571.903s step_avg:307.97ms
step:1858/3250 train_time:572.211s step_avg:307.97ms
step:1859/3250 train_time:572.518s step_avg:307.97ms
step:1860/3250 train_time:572.828s step_avg:307.97ms
step:1861/3250 train_time:573.134s step_avg:307.97ms
step:1862/3250 train_time:573.440s step_avg:307.97ms
step:1863/3250 train_time:573.747s step_avg:307.97ms
step:1864/3250 train_time:574.053s step_avg:307.97ms
step:1865/3250 train_time:574.357s step_avg:307.97ms
step:1866/3250 train_time:574.665s step_avg:307.97ms
step:1867/3250 train_time:574.971s step_avg:307.97ms
step:1868/3250 train_time:575.281s step_avg:307.97ms
step:1869/3250 train_time:575.591s step_avg:307.97ms
step:1870/3250 train_time:575.895s step_avg:307.97ms
step:1871/3250 train_time:576.201s step_avg:307.96ms
step:1872/3250 train_time:576.510s step_avg:307.96ms
step:1873/3250 train_time:576.816s step_avg:307.96ms
step:1874/3250 train_time:577.122s step_avg:307.96ms
step:1875/3250 train_time:577.430s step_avg:307.96ms
step:1875/3250 val_loss:3.46814 train_time:577.430s step_avg:308.59ms
probe_ema: n=84934656 align=-0.33692,-0.29953,-0.26788,-0.23861 rel_mse=1.06491,1.03461,1.01828,1.00959
step:1876/3250 train_time:577.745s step_avg:307.97ms
step:1877/3250 train_time:578.050s step_avg:307.97ms
step:1878/3250 train_time:578.358s step_avg:307.96ms
step:1879/3250 train_time:578.666s step_avg:307.96ms
step:1880/3250 train_time:578.973s step_avg:307.96ms
step:1881/3250 train_time:579.280s step_avg:307.96ms
step:1882/3250 train_time:579.585s step_avg:307.96ms
step:1883/3250 train_time:579.890s step_avg:307.96ms
step:1884/3250 train_time:580.195s step_avg:307.96ms
step:1885/3250 train_time:580.502s step_avg:307.96ms
step:1886/3250 train_time:580.806s step_avg:307.96ms
step:1887/3250 train_time:581.111s step_avg:307.95ms
step:1888/3250 train_time:581.418s step_avg:307.95ms
step:1889/3250 train_time:581.725s step_avg:307.95ms
step:1890/3250 train_time:582.029s step_avg:307.95ms
step:1891/3250 train_time:582.333s step_avg:307.95ms
step:1892/3250 train_time:582.641s step_avg:307.95ms
step:1893/3250 train_time:582.947s step_avg:307.95ms
step:1894/3250 train_time:583.255s step_avg:307.95ms
step:1895/3250 train_time:583.564s step_avg:307.95ms
step:1896/3250 train_time:583.870s step_avg:307.95ms
step:1897/3250 train_time:584.176s step_avg:307.95ms
step:1898/3250 train_time:584.483s step_avg:307.95ms
step:1899/3250 train_time:584.787s step_avg:307.94ms
step:1900/3250 train_time:585.092s step_avg:307.94ms
step:1901/3250 train_time:585.439s step_avg:307.96ms
step:1902/3250 train_time:585.745s step_avg:307.96ms
step:1903/3250 train_time:586.050s step_avg:307.96ms
step:1904/3250 train_time:586.356s step_avg:307.96ms
step:1905/3250 train_time:586.664s step_avg:307.96ms
step:1906/3250 train_time:586.968s step_avg:307.96ms
step:1907/3250 train_time:587.274s step_avg:307.96ms
step:1908/3250 train_time:587.581s step_avg:307.96ms
step:1909/3250 train_time:587.887s step_avg:307.96ms
step:1910/3250 train_time:588.195s step_avg:307.96ms
step:1911/3250 train_time:588.501s step_avg:307.95ms
step:1912/3250 train_time:588.807s step_avg:307.95ms
step:1913/3250 train_time:589.112s step_avg:307.95ms
step:1914/3250 train_time:589.421s step_avg:307.95ms
step:1915/3250 train_time:589.726s step_avg:307.95ms
step:1916/3250 train_time:590.030s step_avg:307.95ms
step:1917/3250 train_time:590.335s step_avg:307.95ms
step:1918/3250 train_time:590.642s step_avg:307.95ms
step:1919/3250 train_time:590.946s step_avg:307.94ms
step:1920/3250 train_time:591.250s step_avg:307.94ms
step:1921/3250 train_time:591.556s step_avg:307.94ms
step:1922/3250 train_time:591.864s step_avg:307.94ms
step:1923/3250 train_time:592.169s step_avg:307.94ms
step:1924/3250 train_time:592.476s step_avg:307.94ms
step:1925/3250 train_time:592.786s step_avg:307.94ms
step:1926/3250 train_time:593.092s step_avg:307.94ms
step:1927/3250 train_time:593.403s step_avg:307.94ms
step:1928/3250 train_time:593.709s step_avg:307.94ms
step:1929/3250 train_time:594.014s step_avg:307.94ms
step:1930/3250 train_time:594.323s step_avg:307.94ms
step:1931/3250 train_time:594.630s step_avg:307.94ms
step:1932/3250 train_time:594.939s step_avg:307.94ms
step:1933/3250 train_time:595.247s step_avg:307.94ms
step:1934/3250 train_time:595.555s step_avg:307.94ms
step:1935/3250 train_time:595.863s step_avg:307.94ms
step:1936/3250 train_time:596.171s step_avg:307.94ms
step:1937/3250 train_time:596.480s step_avg:307.94ms
step:1938/3250 train_time:596.789s step_avg:307.94ms
step:1939/3250 train_time:597.098s step_avg:307.94ms
step:1940/3250 train_time:597.407s step_avg:307.94ms
step:1941/3250 train_time:597.716s step_avg:307.94ms
step:1942/3250 train_time:598.025s step_avg:307.94ms
step:1943/3250 train_time:598.332s step_avg:307.94ms
step:1944/3250 train_time:598.644s step_avg:307.94ms
step:1945/3250 train_time:598.954s step_avg:307.95ms
step:1946/3250 train_time:599.265s step_avg:307.95ms
step:1947/3250 train_time:599.577s step_avg:307.95ms
step:1948/3250 train_time:599.886s step_avg:307.95ms
step:1949/3250 train_time:600.193s step_avg:307.95ms
step:1950/3250 train_time:600.503s step_avg:307.95ms
step:1951/3250 train_time:600.810s step_avg:307.95ms
step:1952/3250 train_time:601.119s step_avg:307.95ms
step:1953/3250 train_time:601.430s step_avg:307.95ms
step:1954/3250 train_time:601.741s step_avg:307.95ms
step:1955/3250 train_time:602.049s step_avg:307.95ms
step:1956/3250 train_time:602.359s step_avg:307.95ms
step:1957/3250 train_time:602.668s step_avg:307.96ms
step:1958/3250 train_time:602.975s step_avg:307.95ms
step:1959/3250 train_time:603.285s step_avg:307.96ms
step:1960/3250 train_time:603.592s step_avg:307.96ms
step:1961/3250 train_time:603.902s step_avg:307.96ms
step:1962/3250 train_time:604.210s step_avg:307.96ms
step:1963/3250 train_time:604.519s step_avg:307.96ms
step:1964/3250 train_time:604.831s step_avg:307.96ms
step:1965/3250 train_time:605.141s step_avg:307.96ms
step:1966/3250 train_time:605.450s step_avg:307.96ms
step:1967/3250 train_time:605.759s step_avg:307.96ms
step:1968/3250 train_time:606.069s step_avg:307.96ms
step:1969/3250 train_time:606.378s step_avg:307.96ms
step:1970/3250 train_time:606.687s step_avg:307.96ms
step:1971/3250 train_time:606.997s step_avg:307.96ms
step:1972/3250 train_time:607.309s step_avg:307.97ms
step:1973/3250 train_time:607.621s step_avg:307.97ms
step:1974/3250 train_time:607.931s step_avg:307.97ms
step:1975/3250 train_time:608.240s step_avg:307.97ms
step:1976/3250 train_time:608.548s step_avg:307.97ms
step:1977/3250 train_time:608.856s step_avg:307.97ms
step:1978/3250 train_time:609.167s step_avg:307.97ms
step:1979/3250 train_time:609.474s step_avg:307.97ms
step:1980/3250 train_time:609.785s step_avg:307.97ms
step:1981/3250 train_time:610.095s step_avg:307.97ms
step:1982/3250 train_time:610.407s step_avg:307.98ms
step:1983/3250 train_time:610.716s step_avg:307.98ms
step:1984/3250 train_time:611.025s step_avg:307.98ms
step:1985/3250 train_time:611.333s step_avg:307.98ms
step:1986/3250 train_time:611.647s step_avg:307.98ms
step:1987/3250 train_time:611.957s step_avg:307.98ms
step:1988/3250 train_time:612.271s step_avg:307.98ms
step:1989/3250 train_time:612.580s step_avg:307.98ms
step:1990/3250 train_time:612.888s step_avg:307.98ms
step:1991/3250 train_time:613.198s step_avg:307.98ms
step:1992/3250 train_time:613.507s step_avg:307.99ms
step:1993/3250 train_time:613.817s step_avg:307.99ms
step:1994/3250 train_time:614.126s step_avg:307.99ms
step:1995/3250 train_time:614.435s step_avg:307.99ms
step:1996/3250 train_time:614.747s step_avg:307.99ms
step:1997/3250 train_time:615.058s step_avg:307.99ms
step:1998/3250 train_time:615.367s step_avg:307.99ms
step:1999/3250 train_time:615.676s step_avg:307.99ms
step:2000/3250 train_time:615.986s step_avg:307.99ms
step:2000/3250 val_loss:3.44785 train_time:615.986s step_avg:308.45ms
probe_ema: n=84934656 align=-0.31403,-0.27865,-0.24896,-0.22130 rel_mse=1.06644,1.03556,1.01881,1.00984
step:2001/3250 train_time:616.299s step_avg:308.00ms
step:2002/3250 train_time:616.606s step_avg:307.99ms
step:2003/3250 train_time:616.914s step_avg:307.99ms
step:2004/3250 train_time:617.220s step_avg:307.99ms
step:2005/3250 train_time:617.524s step_avg:307.99ms
step:2006/3250 train_time:617.830s step_avg:307.99ms
step:2007/3250 train_time:618.137s step_avg:307.99ms
step:2008/3250 train_time:618.442s step_avg:307.99ms
step:2009/3250 train_time:618.748s step_avg:307.99ms
step:2010/3250 train_time:619.055s step_avg:307.99ms
step:2011/3250 train_time:619.361s step_avg:307.99ms
step:2012/3250 train_time:619.665s step_avg:307.98ms
step:2013/3250 train_time:619.975s step_avg:307.99ms
step:2014/3250 train_time:620.280s step_avg:307.98ms
step:2015/3250 train_time:620.583s step_avg:307.98ms
step:2016/3250 train_time:620.889s step_avg:307.98ms
step:2017/3250 train_time:621.200s step_avg:307.98ms
step:2018/3250 train_time:621.506s step_avg:307.98ms
step:2019/3250 train_time:621.813s step_avg:307.98ms
step:2020/3250 train_time:622.121s step_avg:307.98ms
step:2021/3250 train_time:622.426s step_avg:307.98ms
step:2022/3250 train_time:622.734s step_avg:307.98ms
step:2023/3250 train_time:623.039s step_avg:307.98ms
step:2024/3250 train_time:623.345s step_avg:307.98ms
step:2025/3250 train_time:623.651s step_avg:307.98ms
step:2026/3250 train_time:623.957s step_avg:307.97ms
step:2027/3250 train_time:624.261s step_avg:307.97ms
step:2028/3250 train_time:624.566s step_avg:307.97ms
step:2029/3250 train_time:624.874s step_avg:307.97ms
step:2030/3250 train_time:625.181s step_avg:307.97ms
step:2031/3250 train_time:625.486s step_avg:307.97ms
step:2032/3250 train_time:625.796s step_avg:307.97ms
step:2033/3250 train_time:626.102s step_avg:307.97ms
step:2034/3250 train_time:626.408s step_avg:307.97ms
step:2035/3250 train_time:626.716s step_avg:307.97ms
step:2036/3250 train_time:627.021s step_avg:307.97ms
step:2037/3250 train_time:627.329s step_avg:307.97ms
step:2038/3250 train_time:627.637s step_avg:307.97ms
step:2039/3250 train_time:627.943s step_avg:307.97ms
step:2040/3250 train_time:628.249s step_avg:307.97ms
step:2041/3250 train_time:628.557s step_avg:307.97ms
step:2042/3250 train_time:628.862s step_avg:307.96ms
step:2043/3250 train_time:629.168s step_avg:307.96ms
step:2044/3250 train_time:629.477s step_avg:307.96ms
step:2045/3250 train_time:629.782s step_avg:307.96ms
step:2046/3250 train_time:630.089s step_avg:307.96ms
step:2047/3250 train_time:630.396s step_avg:307.96ms
step:2048/3250 train_time:630.702s step_avg:307.96ms
step:2049/3250 train_time:631.009s step_avg:307.96ms
step:2050/3250 train_time:631.315s step_avg:307.96ms
step:2051/3250 train_time:631.620s step_avg:307.96ms
step:2052/3250 train_time:631.924s step_avg:307.95ms
step:2053/3250 train_time:632.230s step_avg:307.95ms
step:2054/3250 train_time:632.537s step_avg:307.95ms
step:2055/3250 train_time:632.843s step_avg:307.95ms
step:2056/3250 train_time:633.150s step_avg:307.95ms
step:2057/3250 train_time:633.461s step_avg:307.95ms
step:2058/3250 train_time:633.768s step_avg:307.95ms
step:2059/3250 train_time:634.076s step_avg:307.95ms
step:2060/3250 train_time:634.381s step_avg:307.95ms
step:2061/3250 train_time:634.687s step_avg:307.95ms
step:2062/3250 train_time:634.994s step_avg:307.95ms
step:2063/3250 train_time:635.302s step_avg:307.95ms
step:2064/3250 train_time:635.609s step_avg:307.95ms
step:2065/3250 train_time:635.918s step_avg:307.95ms
step:2066/3250 train_time:636.224s step_avg:307.95ms
step:2067/3250 train_time:636.529s step_avg:307.95ms
step:2068/3250 train_time:636.838s step_avg:307.95ms
step:2069/3250 train_time:637.143s step_avg:307.95ms
step:2070/3250 train_time:637.450s step_avg:307.95ms
step:2071/3250 train_time:637.760s step_avg:307.95ms
step:2072/3250 train_time:638.066s step_avg:307.95ms
step:2073/3250 train_time:638.372s step_avg:307.95ms
step:2074/3250 train_time:638.681s step_avg:307.95ms
step:2075/3250 train_time:638.985s step_avg:307.94ms
step:2076/3250 train_time:639.293s step_avg:307.94ms
step:2077/3250 train_time:639.598s step_avg:307.94ms
step:2078/3250 train_time:639.902s step_avg:307.94ms
step:2079/3250 train_time:640.209s step_avg:307.94ms
step:2080/3250 train_time:640.517s step_avg:307.94ms
step:2081/3250 train_time:640.822s step_avg:307.94ms
step:2082/3250 train_time:641.130s step_avg:307.94ms
step:2083/3250 train_time:641.441s step_avg:307.94ms
step:2084/3250 train_time:641.750s step_avg:307.94ms
step:2085/3250 train_time:642.058s step_avg:307.94ms
step:2086/3250 train_time:642.363s step_avg:307.94ms
step:2087/3250 train_time:642.669s step_avg:307.94ms
step:2088/3250 train_time:642.975s step_avg:307.94ms
step:2089/3250 train_time:643.280s step_avg:307.94ms
step:2090/3250 train_time:643.585s step_avg:307.94ms
step:2091/3250 train_time:643.932s step_avg:307.95ms
step:2092/3250 train_time:644.238s step_avg:307.95ms
step:2093/3250 train_time:644.542s step_avg:307.95ms
step:2094/3250 train_time:644.848s step_avg:307.95ms
step:2095/3250 train_time:645.156s step_avg:307.95ms
step:2096/3250 train_time:645.459s step_avg:307.95ms
step:2097/3250 train_time:645.764s step_avg:307.95ms
step:2098/3250 train_time:646.069s step_avg:307.95ms
step:2099/3250 train_time:646.385s step_avg:307.95ms
step:2100/3250 train_time:646.694s step_avg:307.95ms
step:2101/3250 train_time:647.005s step_avg:307.95ms
step:2102/3250 train_time:647.312s step_avg:307.95ms
step:2103/3250 train_time:647.618s step_avg:307.95ms
step:2104/3250 train_time:647.925s step_avg:307.95ms
step:2105/3250 train_time:648.233s step_avg:307.95ms
step:2106/3250 train_time:648.542s step_avg:307.95ms
step:2107/3250 train_time:648.850s step_avg:307.95ms
step:2108/3250 train_time:649.160s step_avg:307.95ms
step:2109/3250 train_time:649.467s step_avg:307.95ms
step:2110/3250 train_time:649.777s step_avg:307.95ms
step:2111/3250 train_time:650.088s step_avg:307.95ms
step:2112/3250 train_time:650.400s step_avg:307.95ms
step:2113/3250 train_time:650.709s step_avg:307.95ms
step:2114/3250 train_time:651.018s step_avg:307.96ms
step:2115/3250 train_time:651.324s step_avg:307.95ms
step:2116/3250 train_time:651.633s step_avg:307.96ms
step:2117/3250 train_time:651.946s step_avg:307.96ms
step:2118/3250 train_time:652.257s step_avg:307.96ms
step:2119/3250 train_time:652.565s step_avg:307.96ms
step:2120/3250 train_time:652.876s step_avg:307.96ms
step:2121/3250 train_time:653.184s step_avg:307.96ms
step:2122/3250 train_time:653.490s step_avg:307.96ms
step:2123/3250 train_time:653.801s step_avg:307.96ms
step:2124/3250 train_time:654.115s step_avg:307.96ms
step:2125/3250 train_time:654.424s step_avg:307.96ms
step:2125/3250 val_loss:3.42858 train_time:654.424s step_avg:307.51ms
probe_ema: n=84934656 align=-0.27090,-0.24100,-0.21402,-0.18596 rel_mse=1.06101,1.03273,1.01727,1.00889
step:2126/3250 train_time:654.739s step_avg:307.97ms
step:2127/3250 train_time:655.049s step_avg:307.97ms
step:2128/3250 train_time:655.360s step_avg:307.97ms
step:2129/3250 train_time:655.669s step_avg:307.97ms
step:2130/3250 train_time:655.978s step_avg:307.97ms
step:2131/3250 train_time:656.285s step_avg:307.97ms
step:2132/3250 train_time:656.595s step_avg:307.97ms
step:2133/3250 train_time:656.903s step_avg:307.97ms
step:2134/3250 train_time:657.215s step_avg:307.97ms
step:2135/3250 train_time:657.523s step_avg:307.97ms
step:2136/3250 train_time:657.834s step_avg:307.97ms
step:2137/3250 train_time:658.145s step_avg:307.98ms
step:2138/3250 train_time:658.455s step_avg:307.98ms
step:2139/3250 train_time:658.766s step_avg:307.98ms
step:2140/3250 train_time:659.081s step_avg:307.98ms
step:2141/3250 train_time:659.392s step_avg:307.98ms
step:2142/3250 train_time:659.700s step_avg:307.98ms
step:2143/3250 train_time:660.009s step_avg:307.98ms
step:2144/3250 train_time:660.318s step_avg:307.98ms
step:2145/3250 train_time:660.629s step_avg:307.99ms
step:2146/3250 train_time:660.943s step_avg:307.99ms
step:2147/3250 train_time:661.256s step_avg:307.99ms
step:2148/3250 train_time:661.566s step_avg:307.99ms
step:2149/3250 train_time:661.879s step_avg:307.99ms
step:2150/3250 train_time:662.190s step_avg:308.00ms
step:2151/3250 train_time:662.503s step_avg:308.00ms
step:2152/3250 train_time:662.816s step_avg:308.00ms
step:2153/3250 train_time:663.126s step_avg:308.00ms
step:2154/3250 train_time:663.439s step_avg:308.00ms
step:2155/3250 train_time:663.749s step_avg:308.00ms
step:2156/3250 train_time:664.059s step_avg:308.00ms
step:2157/3250 train_time:664.369s step_avg:308.01ms
step:2158/3250 train_time:664.679s step_avg:308.01ms
step:2159/3250 train_time:664.990s step_avg:308.01ms
step:2160/3250 train_time:665.301s step_avg:308.01ms
step:2161/3250 train_time:665.611s step_avg:308.01ms
step:2162/3250 train_time:665.919s step_avg:308.01ms
step:2163/3250 train_time:666.226s step_avg:308.01ms
step:2164/3250 train_time:666.536s step_avg:308.01ms
step:2165/3250 train_time:666.842s step_avg:308.01ms
step:2166/3250 train_time:667.149s step_avg:308.01ms
step:2167/3250 train_time:667.456s step_avg:308.01ms
step:2168/3250 train_time:667.765s step_avg:308.01ms
step:2169/3250 train_time:668.073s step_avg:308.01ms
step:2170/3250 train_time:668.380s step_avg:308.01ms
step:2171/3250 train_time:668.689s step_avg:308.01ms
step:2172/3250 train_time:668.997s step_avg:308.01ms
step:2173/3250 train_time:669.302s step_avg:308.01ms
step:2174/3250 train_time:669.609s step_avg:308.01ms
step:2175/3250 train_time:669.915s step_avg:308.01ms
step:2176/3250 train_time:670.220s step_avg:308.01ms
step:2177/3250 train_time:670.528s step_avg:308.01ms
step:2178/3250 train_time:670.836s step_avg:308.01ms
step:2179/3250 train_time:671.140s step_avg:308.00ms
step:2180/3250 train_time:671.447s step_avg:308.00ms
step:2181/3250 train_time:671.755s step_avg:308.00ms
step:2182/3250 train_time:672.060s step_avg:308.00ms
step:2183/3250 train_time:672.369s step_avg:308.00ms
step:2184/3250 train_time:672.681s step_avg:308.00ms
step:2185/3250 train_time:672.988s step_avg:308.00ms
step:2186/3250 train_time:673.295s step_avg:308.00ms
step:2187/3250 train_time:673.599s step_avg:308.00ms
step:2188/3250 train_time:673.909s step_avg:308.00ms
step:2189/3250 train_time:674.217s step_avg:308.00ms
step:2190/3250 train_time:674.525s step_avg:308.00ms
step:2191/3250 train_time:674.835s step_avg:308.00ms
step:2192/3250 train_time:675.142s step_avg:308.00ms
step:2193/3250 train_time:675.450s step_avg:308.00ms
step:2194/3250 train_time:675.759s step_avg:308.00ms
step:2195/3250 train_time:676.065s step_avg:308.00ms
step:2196/3250 train_time:676.372s step_avg:308.00ms
step:2197/3250 train_time:676.678s step_avg:308.00ms
step:2198/3250 train_time:676.984s step_avg:308.00ms
step:2199/3250 train_time:677.293s step_avg:308.00ms
step:2200/3250 train_time:677.598s step_avg:308.00ms
step:2201/3250 train_time:677.904s step_avg:308.00ms
step:2202/3250 train_time:678.213s step_avg:308.00ms
step:2203/3250 train_time:678.517s step_avg:308.00ms
step:2204/3250 train_time:678.822s step_avg:308.00ms
step:2205/3250 train_time:679.130s step_avg:308.00ms
step:2206/3250 train_time:679.436s step_avg:307.99ms
step:2207/3250 train_time:679.745s step_avg:308.00ms
step:2208/3250 train_time:680.053s step_avg:308.00ms
step:2209/3250 train_time:680.358s step_avg:307.99ms
step:2210/3250 train_time:680.663s step_avg:307.99ms
step:2211/3250 train_time:680.972s step_avg:307.99ms
step:2212/3250 train_time:681.277s step_avg:307.99ms
step:2213/3250 train_time:681.582s step_avg:307.99ms
step:2214/3250 train_time:681.891s step_avg:307.99ms
step:2215/3250 train_time:682.199s step_avg:307.99ms
step:2216/3250 train_time:682.508s step_avg:307.99ms
step:2217/3250 train_time:682.817s step_avg:307.99ms
step:2218/3250 train_time:683.123s step_avg:307.99ms
step:2219/3250 train_time:683.430s step_avg:307.99ms
step:2220/3250 train_time:683.736s step_avg:307.99ms
step:2221/3250 train_time:684.040s step_avg:307.99ms
step:2222/3250 train_time:684.345s step_avg:307.99ms
step:2223/3250 train_time:684.652s step_avg:307.99ms
step:2224/3250 train_time:684.957s step_avg:307.98ms
step:2225/3250 train_time:685.260s step_avg:307.98ms
step:2226/3250 train_time:685.565s step_avg:307.98ms
step:2227/3250 train_time:685.872s step_avg:307.98ms
step:2228/3250 train_time:686.176s step_avg:307.98ms
step:2229/3250 train_time:686.480s step_avg:307.98ms
step:2230/3250 train_time:686.786s step_avg:307.98ms
step:2231/3250 train_time:687.094s step_avg:307.98ms
step:2232/3250 train_time:687.400s step_avg:307.97ms
step:2233/3250 train_time:687.705s step_avg:307.97ms
step:2234/3250 train_time:688.016s step_avg:307.98ms
step:2235/3250 train_time:688.322s step_avg:307.97ms
step:2236/3250 train_time:688.630s step_avg:307.97ms
step:2237/3250 train_time:688.937s step_avg:307.97ms
step:2238/3250 train_time:689.242s step_avg:307.97ms
step:2239/3250 train_time:689.549s step_avg:307.97ms
step:2240/3250 train_time:689.856s step_avg:307.97ms
step:2241/3250 train_time:690.161s step_avg:307.97ms
step:2242/3250 train_time:690.471s step_avg:307.97ms
step:2243/3250 train_time:690.780s step_avg:307.97ms
step:2244/3250 train_time:691.086s step_avg:307.97ms
step:2245/3250 train_time:691.394s step_avg:307.97ms
step:2246/3250 train_time:691.700s step_avg:307.97ms
step:2247/3250 train_time:692.007s step_avg:307.97ms
step:2248/3250 train_time:692.315s step_avg:307.97ms
step:2249/3250 train_time:692.620s step_avg:307.97ms
step:2250/3250 train_time:692.925s step_avg:307.97ms
step:2250/3250 val_loss:3.40957 train_time:692.925s step_avg:308.01ms
probe_ema: n=84934656 align=-0.20829,-0.19589,-0.18422,-0.17132 rel_mse=1.05413,1.03045,1.01686,1.00920
step:2251/3250 train_time:693.236s step_avg:307.97ms
step:2252/3250 train_time:693.547s step_avg:307.97ms
step:2253/3250 train_time:693.852s step_avg:307.97ms
step:2254/3250 train_time:694.158s step_avg:307.97ms
step:2255/3250 train_time:694.466s step_avg:307.97ms
step:2256/3250 train_time:694.771s step_avg:307.97ms
step:2257/3250 train_time:695.075s step_avg:307.96ms
step:2258/3250 train_time:695.382s step_avg:307.96ms
step:2259/3250 train_time:695.692s step_avg:307.96ms
step:2260/3250 train_time:696.000s step_avg:307.96ms
step:2261/3250 train_time:696.309s step_avg:307.96ms
step:2262/3250 train_time:696.618s step_avg:307.97ms
step:2263/3250 train_time:696.926s step_avg:307.97ms
step:2264/3250 train_time:697.233s step_avg:307.97ms
step:2265/3250 train_time:697.543s step_avg:307.97ms
step:2266/3250 train_time:697.852s step_avg:307.97ms
step:2267/3250 train_time:698.162s step_avg:307.97ms
step:2268/3250 train_time:698.479s step_avg:307.97ms
step:2269/3250 train_time:698.791s step_avg:307.97ms
step:2270/3250 train_time:699.099s step_avg:307.97ms
step:2271/3250 train_time:699.409s step_avg:307.97ms
step:2272/3250 train_time:699.716s step_avg:307.97ms
step:2273/3250 train_time:700.026s step_avg:307.97ms
step:2274/3250 train_time:700.332s step_avg:307.97ms
step:2275/3250 train_time:700.639s step_avg:307.97ms
step:2276/3250 train_time:700.950s step_avg:307.97ms
step:2277/3250 train_time:701.261s step_avg:307.98ms
step:2278/3250 train_time:701.570s step_avg:307.98ms
step:2279/3250 train_time:701.878s step_avg:307.98ms
step:2280/3250 train_time:702.188s step_avg:307.98ms
step:2281/3250 train_time:702.536s step_avg:307.99ms
step:2282/3250 train_time:702.845s step_avg:308.00ms
step:2283/3250 train_time:703.152s step_avg:307.99ms
step:2284/3250 train_time:703.462s step_avg:308.00ms
step:2285/3250 train_time:703.771s step_avg:308.00ms
step:2286/3250 train_time:704.080s step_avg:308.00ms
step:2287/3250 train_time:704.390s step_avg:308.00ms
step:2288/3250 train_time:704.698s step_avg:308.00ms
step:2289/3250 train_time:705.009s step_avg:308.00ms
step:2290/3250 train_time:705.323s step_avg:308.00ms
step:2291/3250 train_time:705.634s step_avg:308.00ms
step:2292/3250 train_time:705.942s step_avg:308.00ms
step:2293/3250 train_time:706.252s step_avg:308.00ms
step:2294/3250 train_time:706.564s step_avg:308.01ms
step:2295/3250 train_time:706.874s step_avg:308.01ms
step:2296/3250 train_time:707.186s step_avg:308.01ms
step:2297/3250 train_time:707.496s step_avg:308.01ms
step:2298/3250 train_time:707.807s step_avg:308.01ms
step:2299/3250 train_time:708.114s step_avg:308.01ms
step:2300/3250 train_time:708.423s step_avg:308.01ms
step:2301/3250 train_time:708.731s step_avg:308.01ms
step:2302/3250 train_time:709.039s step_avg:308.01ms
step:2303/3250 train_time:709.355s step_avg:308.01ms
step:2304/3250 train_time:709.667s step_avg:308.02ms
step:2305/3250 train_time:709.977s step_avg:308.02ms
step:2306/3250 train_time:710.289s step_avg:308.02ms
step:2307/3250 train_time:710.599s step_avg:308.02ms
step:2308/3250 train_time:710.915s step_avg:308.02ms
step:2309/3250 train_time:711.226s step_avg:308.02ms
step:2310/3250 train_time:711.533s step_avg:308.02ms
step:2311/3250 train_time:711.841s step_avg:308.02ms
step:2312/3250 train_time:712.151s step_avg:308.02ms
step:2313/3250 train_time:712.462s step_avg:308.02ms
step:2314/3250 train_time:712.771s step_avg:308.03ms
step:2315/3250 train_time:713.081s step_avg:308.03ms
step:2316/3250 train_time:713.391s step_avg:308.03ms
step:2317/3250 train_time:713.700s step_avg:308.03ms
step:2318/3250 train_time:714.013s step_avg:308.03ms
step:2319/3250 train_time:714.325s step_avg:308.03ms
step:2320/3250 train_time:714.636s step_avg:308.03ms
step:2321/3250 train_time:714.949s step_avg:308.04ms
step:2322/3250 train_time:715.259s step_avg:308.04ms
step:2323/3250 train_time:715.572s step_avg:308.04ms
step:2324/3250 train_time:715.884s step_avg:308.04ms
step:2325/3250 train_time:716.192s step_avg:308.04ms
step:2326/3250 train_time:716.501s step_avg:308.04ms
step:2327/3250 train_time:716.811s step_avg:308.04ms
step:2328/3250 train_time:717.120s step_avg:308.04ms
step:2329/3250 train_time:717.430s step_avg:308.04ms
step:2330/3250 train_time:717.735s step_avg:308.04ms
step:2331/3250 train_time:718.043s step_avg:308.04ms
step:2332/3250 train_time:718.349s step_avg:308.04ms
step:2333/3250 train_time:718.652s step_avg:308.04ms
step:2334/3250 train_time:718.958s step_avg:308.04ms
step:2335/3250 train_time:719.266s step_avg:308.04ms
step:2336/3250 train_time:719.570s step_avg:308.04ms
step:2337/3250 train_time:719.874s step_avg:308.03ms
step:2338/3250 train_time:720.181s step_avg:308.03ms
step:2339/3250 train_time:720.489s step_avg:308.03ms
step:2340/3250 train_time:720.793s step_avg:308.03ms
step:2341/3250 train_time:721.101s step_avg:308.03ms
step:2342/3250 train_time:721.409s step_avg:308.03ms
step:2343/3250 train_time:721.716s step_avg:308.03ms
step:2344/3250 train_time:722.023s step_avg:308.03ms
step:2345/3250 train_time:722.329s step_avg:308.03ms
step:2346/3250 train_time:722.635s step_avg:308.03ms
step:2347/3250 train_time:722.944s step_avg:308.03ms
step:2348/3250 train_time:723.250s step_avg:308.03ms
step:2349/3250 train_time:723.556s step_avg:308.03ms
step:2350/3250 train_time:723.864s step_avg:308.03ms
step:2351/3250 train_time:724.170s step_avg:308.03ms
step:2352/3250 train_time:724.475s step_avg:308.03ms
step:2353/3250 train_time:724.780s step_avg:308.02ms
step:2354/3250 train_time:725.087s step_avg:308.02ms
step:2355/3250 train_time:725.393s step_avg:308.02ms
step:2356/3250 train_time:725.699s step_avg:308.02ms
step:2357/3250 train_time:726.007s step_avg:308.02ms
step:2358/3250 train_time:726.312s step_avg:308.02ms
step:2359/3250 train_time:726.618s step_avg:308.02ms
step:2360/3250 train_time:726.925s step_avg:308.02ms
step:2361/3250 train_time:727.231s step_avg:308.02ms
step:2362/3250 train_time:727.536s step_avg:308.02ms
step:2363/3250 train_time:727.842s step_avg:308.02ms
step:2364/3250 train_time:728.148s step_avg:308.02ms
step:2365/3250 train_time:728.452s step_avg:308.01ms
step:2366/3250 train_time:728.760s step_avg:308.01ms
step:2367/3250 train_time:729.069s step_avg:308.01ms
step:2368/3250 train_time:729.373s step_avg:308.01ms
step:2369/3250 train_time:729.680s step_avg:308.01ms
step:2370/3250 train_time:729.991s step_avg:308.01ms
step:2371/3250 train_time:730.297s step_avg:308.01ms
step:2372/3250 train_time:730.605s step_avg:308.01ms
step:2373/3250 train_time:730.909s step_avg:308.01ms
step:2374/3250 train_time:731.215s step_avg:308.01ms
step:2375/3250 train_time:731.522s step_avg:308.01ms
step:2375/3250 val_loss:3.39205 train_time:731.522s step_avg:308.77ms
probe_ema: n=84934656 align=-0.20500,-0.19242,-0.17979,-0.16514 rel_mse=1.05791,1.03252,1.01795,1.00969
step:2376/3250 train_time:731.831s step_avg:308.01ms
step:2377/3250 train_time:732.138s step_avg:308.01ms
step:2378/3250 train_time:732.446s step_avg:308.01ms
step:2379/3250 train_time:732.750s step_avg:308.01ms
step:2380/3250 train_time:733.058s step_avg:308.01ms
step:2381/3250 train_time:733.366s step_avg:308.01ms
step:2382/3250 train_time:733.670s step_avg:308.01ms
step:2383/3250 train_time:733.978s step_avg:308.01ms
step:2384/3250 train_time:734.286s step_avg:308.01ms
step:2385/3250 train_time:734.592s step_avg:308.00ms
step:2386/3250 train_time:734.897s step_avg:308.00ms
step:2387/3250 train_time:735.207s step_avg:308.00ms
step:2388/3250 train_time:735.511s step_avg:308.00ms
step:2389/3250 train_time:735.817s step_avg:308.00ms
step:2390/3250 train_time:736.125s step_avg:308.00ms
step:2391/3250 train_time:736.428s step_avg:308.00ms
step:2392/3250 train_time:736.733s step_avg:308.00ms
step:2393/3250 train_time:737.041s step_avg:308.00ms
step:2394/3250 train_time:737.346s step_avg:308.00ms
step:2395/3250 train_time:737.649s step_avg:308.00ms
step:2396/3250 train_time:737.955s step_avg:307.99ms
step:2397/3250 train_time:738.261s step_avg:307.99ms
step:2398/3250 train_time:738.567s step_avg:307.99ms
step:2399/3250 train_time:738.871s step_avg:307.99ms
step:2400/3250 train_time:739.176s step_avg:307.99ms
step:2401/3250 train_time:739.484s step_avg:307.99ms
step:2402/3250 train_time:739.788s step_avg:307.99ms
step:2403/3250 train_time:740.094s step_avg:307.99ms
step:2404/3250 train_time:740.402s step_avg:307.99ms
step:2405/3250 train_time:740.708s step_avg:307.99ms
step:2406/3250 train_time:741.013s step_avg:307.99ms
step:2407/3250 train_time:741.318s step_avg:307.98ms
step:2408/3250 train_time:741.624s step_avg:307.98ms
step:2409/3250 train_time:741.929s step_avg:307.98ms
step:2410/3250 train_time:742.235s step_avg:307.98ms
step:2411/3250 train_time:742.543s step_avg:307.98ms
step:2412/3250 train_time:742.849s step_avg:307.98ms
step:2413/3250 train_time:743.157s step_avg:307.98ms
step:2414/3250 train_time:743.467s step_avg:307.98ms
step:2415/3250 train_time:743.773s step_avg:307.98ms
step:2416/3250 train_time:744.081s step_avg:307.98ms
step:2417/3250 train_time:744.388s step_avg:307.98ms
step:2418/3250 train_time:744.692s step_avg:307.98ms
step:2419/3250 train_time:745.000s step_avg:307.98ms
step:2420/3250 train_time:745.307s step_avg:307.98ms
step:2421/3250 train_time:745.611s step_avg:307.98ms
step:2422/3250 train_time:745.918s step_avg:307.98ms
step:2423/3250 train_time:746.227s step_avg:307.98ms
step:2424/3250 train_time:746.532s step_avg:307.98ms
step:2425/3250 train_time:746.839s step_avg:307.97ms
step:2426/3250 train_time:747.145s step_avg:307.97ms
step:2427/3250 train_time:747.451s step_avg:307.97ms
step:2428/3250 train_time:747.763s step_avg:307.97ms
step:2429/3250 train_time:748.071s step_avg:307.97ms
step:2430/3250 train_time:748.382s step_avg:307.98ms
step:2431/3250 train_time:748.688s step_avg:307.98ms
step:2432/3250 train_time:748.994s step_avg:307.97ms
step:2433/3250 train_time:749.304s step_avg:307.98ms
step:2434/3250 train_time:749.612s step_avg:307.98ms
step:2435/3250 train_time:749.924s step_avg:307.98ms
step:2436/3250 train_time:750.233s step_avg:307.98ms
step:2437/3250 train_time:750.544s step_avg:307.98ms
step:2438/3250 train_time:750.854s step_avg:307.98ms
step:2439/3250 train_time:751.165s step_avg:307.98ms
step:2440/3250 train_time:751.474s step_avg:307.98ms
step:2441/3250 train_time:751.783s step_avg:307.98ms
step:2442/3250 train_time:752.091s step_avg:307.98ms
step:2443/3250 train_time:752.399s step_avg:307.98ms
step:2444/3250 train_time:752.710s step_avg:307.98ms
step:2445/3250 train_time:753.018s step_avg:307.98ms
step:2446/3250 train_time:753.332s step_avg:307.99ms
step:2447/3250 train_time:753.644s step_avg:307.99ms
step:2448/3250 train_time:753.952s step_avg:307.99ms
step:2449/3250 train_time:754.261s step_avg:307.99ms
step:2450/3250 train_time:754.569s step_avg:307.99ms
step:2451/3250 train_time:754.881s step_avg:307.99ms
step:2452/3250 train_time:755.192s step_avg:307.99ms
step:2453/3250 train_time:755.502s step_avg:307.99ms
step:2454/3250 train_time:755.813s step_avg:307.99ms
step:2455/3250 train_time:756.126s step_avg:307.99ms
step:2456/3250 train_time:756.435s step_avg:307.99ms
step:2457/3250 train_time:756.748s step_avg:308.00ms
step:2458/3250 train_time:757.054s step_avg:308.00ms
step:2459/3250 train_time:757.364s step_avg:308.00ms
step:2460/3250 train_time:757.673s step_avg:308.00ms
step:2461/3250 train_time:757.985s step_avg:308.00ms
step:2462/3250 train_time:758.295s step_avg:308.00ms
step:2463/3250 train_time:758.607s step_avg:308.00ms
step:2464/3250 train_time:758.916s step_avg:308.00ms
step:2465/3250 train_time:759.228s step_avg:308.00ms
step:2466/3250 train_time:759.537s step_avg:308.00ms
step:2467/3250 train_time:759.849s step_avg:308.01ms
step:2468/3250 train_time:760.158s step_avg:308.01ms
step:2469/3250 train_time:760.470s step_avg:308.01ms
step:2470/3250 train_time:760.780s step_avg:308.01ms
step:2471/3250 train_time:761.129s step_avg:308.02ms
step:2472/3250 train_time:761.438s step_avg:308.03ms
step:2473/3250 train_time:761.749s step_avg:308.03ms
step:2474/3250 train_time:762.060s step_avg:308.03ms
step:2475/3250 train_time:762.372s step_avg:308.03ms
step:2476/3250 train_time:762.682s step_avg:308.03ms
step:2477/3250 train_time:762.991s step_avg:308.03ms
step:2478/3250 train_time:763.301s step_avg:308.03ms
step:2479/3250 train_time:763.612s step_avg:308.03ms
step:2480/3250 train_time:763.923s step_avg:308.03ms
step:2481/3250 train_time:764.231s step_avg:308.03ms
step:2482/3250 train_time:764.539s step_avg:308.03ms
step:2483/3250 train_time:764.850s step_avg:308.03ms
step:2484/3250 train_time:765.158s step_avg:308.03ms
step:2485/3250 train_time:765.470s step_avg:308.04ms
step:2486/3250 train_time:765.780s step_avg:308.04ms
step:2487/3250 train_time:766.090s step_avg:308.04ms
step:2488/3250 train_time:766.399s step_avg:308.04ms
step:2489/3250 train_time:766.709s step_avg:308.04ms
step:2490/3250 train_time:767.021s step_avg:308.04ms
step:2491/3250 train_time:767.331s step_avg:308.04ms
step:2492/3250 train_time:767.643s step_avg:308.04ms
step:2493/3250 train_time:767.951s step_avg:308.04ms
step:2494/3250 train_time:768.260s step_avg:308.04ms
step:2495/3250 train_time:768.571s step_avg:308.04ms
step:2496/3250 train_time:768.879s step_avg:308.04ms
step:2497/3250 train_time:769.190s step_avg:308.05ms
step:2498/3250 train_time:769.499s step_avg:308.05ms
step:2499/3250 train_time:769.809s step_avg:308.05ms
step:2500/3250 train_time:770.118s step_avg:308.05ms
step:2500/3250 val_loss:3.37390 train_time:770.118s step_avg:308.77ms
probe_ema: n=84934656 align=-0.20125,-0.19425,-0.18380,-0.16876 rel_mse=1.07081,1.03841,1.02055,1.01079
step:2501/3250 train_time:770.427s step_avg:308.05ms
step:2502/3250 train_time:770.736s step_avg:308.05ms
step:2503/3250 train_time:771.042s step_avg:308.05ms
step:2504/3250 train_time:771.349s step_avg:308.05ms
step:2505/3250 train_time:771.658s step_avg:308.05ms
step:2506/3250 train_time:771.962s step_avg:308.05ms
step:2507/3250 train_time:772.269s step_avg:308.05ms
step:2508/3250 train_time:772.579s step_avg:308.05ms
step:2509/3250 train_time:772.899s step_avg:308.05ms
step:2510/3250 train_time:773.202s step_avg:308.05ms
step:2511/3250 train_time:773.508s step_avg:308.05ms
step:2512/3250 train_time:773.815s step_avg:308.05ms
step:2513/3250 train_time:774.119s step_avg:308.05ms
step:2514/3250 train_time:774.424s step_avg:308.04ms
step:2515/3250 train_time:774.735s step_avg:308.05ms
step:2516/3250 train_time:775.046s step_avg:308.05ms
step:2517/3250 train_time:775.355s step_avg:308.05ms
step:2518/3250 train_time:775.661s step_avg:308.05ms
step:2519/3250 train_time:775.968s step_avg:308.05ms
step:2520/3250 train_time:776.278s step_avg:308.05ms
step:2521/3250 train_time:776.582s step_avg:308.05ms
step:2522/3250 train_time:776.889s step_avg:308.04ms
step:2523/3250 train_time:777.198s step_avg:308.05ms
step:2524/3250 train_time:777.504s step_avg:308.04ms
step:2525/3250 train_time:777.814s step_avg:308.05ms
step:2526/3250 train_time:778.119s step_avg:308.04ms
step:2527/3250 train_time:778.425s step_avg:308.04ms
step:2528/3250 train_time:778.734s step_avg:308.04ms
step:2529/3250 train_time:779.041s step_avg:308.04ms
step:2530/3250 train_time:779.351s step_avg:308.04ms
step:2531/3250 train_time:779.659s step_avg:308.04ms
step:2532/3250 train_time:779.965s step_avg:308.04ms
step:2533/3250 train_time:780.272s step_avg:308.04ms
step:2534/3250 train_time:780.578s step_avg:308.04ms
step:2535/3250 train_time:780.882s step_avg:308.04ms
step:2536/3250 train_time:781.187s step_avg:308.04ms
step:2537/3250 train_time:781.497s step_avg:308.04ms
step:2538/3250 train_time:781.802s step_avg:308.04ms
step:2539/3250 train_time:782.108s step_avg:308.04ms
step:2540/3250 train_time:782.418s step_avg:308.04ms
step:2541/3250 train_time:782.724s step_avg:308.04ms
step:2542/3250 train_time:783.034s step_avg:308.04ms
step:2543/3250 train_time:783.340s step_avg:308.04ms
step:2544/3250 train_time:783.648s step_avg:308.04ms
step:2545/3250 train_time:783.959s step_avg:308.04ms
step:2546/3250 train_time:784.264s step_avg:308.04ms
step:2547/3250 train_time:784.574s step_avg:308.04ms
step:2548/3250 train_time:784.880s step_avg:308.04ms
step:2549/3250 train_time:785.187s step_avg:308.04ms
step:2550/3250 train_time:785.493s step_avg:308.04ms
step:2551/3250 train_time:785.798s step_avg:308.04ms
step:2552/3250 train_time:786.103s step_avg:308.03ms
step:2553/3250 train_time:786.408s step_avg:308.03ms
step:2554/3250 train_time:786.714s step_avg:308.03ms
step:2555/3250 train_time:787.018s step_avg:308.03ms
step:2556/3250 train_time:787.323s step_avg:308.03ms
step:2557/3250 train_time:787.632s step_avg:308.03ms
step:2558/3250 train_time:787.938s step_avg:308.03ms
step:2559/3250 train_time:788.242s step_avg:308.03ms
step:2560/3250 train_time:788.549s step_avg:308.03ms
step:2561/3250 train_time:788.857s step_avg:308.03ms
step:2562/3250 train_time:789.162s step_avg:308.03ms
step:2563/3250 train_time:789.470s step_avg:308.03ms
step:2564/3250 train_time:789.778s step_avg:308.03ms
step:2565/3250 train_time:790.081s step_avg:308.02ms
step:2566/3250 train_time:790.386s step_avg:308.02ms
step:2567/3250 train_time:790.695s step_avg:308.02ms
step:2568/3250 train_time:791.001s step_avg:308.02ms
step:2569/3250 train_time:791.308s step_avg:308.02ms
step:2570/3250 train_time:791.616s step_avg:308.02ms
step:2571/3250 train_time:791.920s step_avg:308.02ms
step:2572/3250 train_time:792.224s step_avg:308.02ms
step:2573/3250 train_time:792.532s step_avg:308.02ms
step:2574/3250 train_time:792.839s step_avg:308.02ms
step:2575/3250 train_time:793.143s step_avg:308.02ms
step:2576/3250 train_time:793.451s step_avg:308.02ms
step:2577/3250 train_time:793.758s step_avg:308.02ms
step:2578/3250 train_time:794.062s step_avg:308.01ms
step:2579/3250 train_time:794.369s step_avg:308.01ms
step:2580/3250 train_time:794.677s step_avg:308.01ms
step:2581/3250 train_time:794.982s step_avg:308.01ms
step:2582/3250 train_time:795.289s step_avg:308.01ms
step:2583/3250 train_time:795.596s step_avg:308.01ms
step:2584/3250 train_time:795.900s step_avg:308.01ms
step:2585/3250 train_time:796.206s step_avg:308.01ms
step:2586/3250 train_time:796.513s step_avg:308.01ms
step:2587/3250 train_time:796.819s step_avg:308.01ms
step:2588/3250 train_time:797.123s step_avg:308.01ms
step:2589/3250 train_time:797.431s step_avg:308.01ms
step:2590/3250 train_time:797.738s step_avg:308.01ms
step:2591/3250 train_time:798.042s step_avg:308.01ms
step:2592/3250 train_time:798.348s step_avg:308.00ms
step:2593/3250 train_time:798.658s step_avg:308.01ms
step:2594/3250 train_time:798.963s step_avg:308.00ms
step:2595/3250 train_time:799.269s step_avg:308.00ms
step:2596/3250 train_time:799.576s step_avg:308.00ms
step:2597/3250 train_time:799.888s step_avg:308.00ms
step:2598/3250 train_time:800.201s step_avg:308.01ms
step:2599/3250 train_time:800.509s step_avg:308.01ms
step:2600/3250 train_time:800.819s step_avg:308.01ms
step:2601/3250 train_time:801.125s step_avg:308.01ms
step:2602/3250 train_time:801.438s step_avg:308.01ms
step:2603/3250 train_time:801.747s step_avg:308.01ms
step:2604/3250 train_time:802.057s step_avg:308.01ms
step:2605/3250 train_time:802.364s step_avg:308.01ms
step:2606/3250 train_time:802.671s step_avg:308.01ms
step:2607/3250 train_time:802.982s step_avg:308.01ms
step:2608/3250 train_time:803.292s step_avg:308.01ms
step:2609/3250 train_time:803.601s step_avg:308.01ms
step:2610/3250 train_time:803.908s step_avg:308.01ms
step:2611/3250 train_time:804.216s step_avg:308.01ms
step:2612/3250 train_time:804.522s step_avg:308.01ms
step:2613/3250 train_time:804.830s step_avg:308.01ms
step:2614/3250 train_time:805.144s step_avg:308.01ms
step:2615/3250 train_time:805.456s step_avg:308.01ms
step:2616/3250 train_time:805.766s step_avg:308.01ms
step:2617/3250 train_time:806.076s step_avg:308.02ms
step:2618/3250 train_time:806.385s step_avg:308.02ms
step:2619/3250 train_time:806.699s step_avg:308.02ms
step:2620/3250 train_time:807.007s step_avg:308.02ms
step:2621/3250 train_time:807.320s step_avg:308.02ms
step:2622/3250 train_time:807.627s step_avg:308.02ms
step:2623/3250 train_time:807.937s step_avg:308.02ms
step:2624/3250 train_time:808.245s step_avg:308.02ms
step:2625/3250 train_time:808.553s step_avg:308.02ms
step:2625/3250 val_loss:3.35464 train_time:808.554s step_avg:307.48ms
probe_ema: n=84934656 align=-0.14391,-0.14115,-0.13675,-0.12814 rel_mse=1.04723,1.02713,1.01530,1.00838
step:2626/3250 train_time:808.870s step_avg:308.02ms
step:2627/3250 train_time:809.181s step_avg:308.02ms
step:2628/3250 train_time:809.488s step_avg:308.02ms
step:2629/3250 train_time:809.798s step_avg:308.03ms
step:2630/3250 train_time:810.108s step_avg:308.03ms
step:2631/3250 train_time:810.417s step_avg:308.03ms
step:2632/3250 train_time:810.728s step_avg:308.03ms
step:2633/3250 train_time:811.039s step_avg:308.03ms
step:2634/3250 train_time:811.351s step_avg:308.03ms
step:2635/3250 train_time:811.665s step_avg:308.03ms
step:2636/3250 train_time:811.974s step_avg:308.03ms
step:2637/3250 train_time:812.286s step_avg:308.03ms
step:2638/3250 train_time:812.598s step_avg:308.04ms
step:2639/3250 train_time:812.912s step_avg:308.04ms
step:2640/3250 train_time:813.223s step_avg:308.04ms
step:2641/3250 train_time:813.531s step_avg:308.04ms
step:2642/3250 train_time:813.843s step_avg:308.04ms
step:2643/3250 train_time:814.150s step_avg:308.04ms
step:2644/3250 train_time:814.460s step_avg:308.04ms
step:2645/3250 train_time:814.770s step_avg:308.04ms
step:2646/3250 train_time:815.081s step_avg:308.04ms
step:2647/3250 train_time:815.391s step_avg:308.04ms
step:2648/3250 train_time:815.704s step_avg:308.05ms
step:2649/3250 train_time:816.014s step_avg:308.05ms
step:2650/3250 train_time:816.326s step_avg:308.05ms
step:2651/3250 train_time:816.634s step_avg:308.05ms
step:2652/3250 train_time:816.946s step_avg:308.05ms
step:2653/3250 train_time:817.259s step_avg:308.05ms
step:2654/3250 train_time:817.572s step_avg:308.05ms
step:2655/3250 train_time:817.881s step_avg:308.05ms
step:2656/3250 train_time:818.191s step_avg:308.05ms
step:2657/3250 train_time:818.505s step_avg:308.06ms
step:2658/3250 train_time:818.812s step_avg:308.06ms
step:2659/3250 train_time:819.121s step_avg:308.06ms
step:2660/3250 train_time:819.428s step_avg:308.06ms
step:2661/3250 train_time:819.773s step_avg:308.07ms
step:2662/3250 train_time:820.081s step_avg:308.07ms
step:2663/3250 train_time:820.389s step_avg:308.07ms
step:2664/3250 train_time:820.697s step_avg:308.07ms
step:2665/3250 train_time:821.005s step_avg:308.07ms
step:2666/3250 train_time:821.311s step_avg:308.07ms
step:2667/3250 train_time:821.617s step_avg:308.07ms
step:2668/3250 train_time:821.923s step_avg:308.07ms
step:2669/3250 train_time:822.227s step_avg:308.07ms
step:2670/3250 train_time:822.533s step_avg:308.06ms
step:2671/3250 train_time:822.839s step_avg:308.06ms
step:2672/3250 train_time:823.144s step_avg:308.06ms
step:2673/3250 train_time:823.448s step_avg:308.06ms
step:2674/3250 train_time:823.754s step_avg:308.06ms
step:2675/3250 train_time:824.061s step_avg:308.06ms
step:2676/3250 train_time:824.367s step_avg:308.06ms
step:2677/3250 train_time:824.671s step_avg:308.06ms
step:2678/3250 train_time:824.980s step_avg:308.06ms
step:2679/3250 train_time:825.286s step_avg:308.06ms
step:2680/3250 train_time:825.591s step_avg:308.06ms
step:2681/3250 train_time:825.900s step_avg:308.06ms
step:2682/3250 train_time:826.206s step_avg:308.06ms
step:2683/3250 train_time:826.510s step_avg:308.05ms
step:2684/3250 train_time:826.817s step_avg:308.05ms
step:2685/3250 train_time:827.126s step_avg:308.05ms
step:2686/3250 train_time:827.431s step_avg:308.05ms
step:2687/3250 train_time:827.737s step_avg:308.05ms
step:2688/3250 train_time:828.044s step_avg:308.05ms
step:2689/3250 train_time:828.348s step_avg:308.05ms
step:2690/3250 train_time:828.654s step_avg:308.05ms
step:2691/3250 train_time:828.964s step_avg:308.05ms
step:2692/3250 train_time:829.271s step_avg:308.05ms
step:2693/3250 train_time:829.581s step_avg:308.05ms
step:2694/3250 train_time:829.888s step_avg:308.05ms
step:2695/3250 train_time:830.196s step_avg:308.05ms
step:2696/3250 train_time:830.504s step_avg:308.05ms
step:2697/3250 train_time:830.809s step_avg:308.05ms
step:2698/3250 train_time:831.114s step_avg:308.05ms
step:2699/3250 train_time:831.420s step_avg:308.05ms
step:2700/3250 train_time:831.724s step_avg:308.05ms
step:2701/3250 train_time:832.029s step_avg:308.04ms
step:2702/3250 train_time:832.333s step_avg:308.04ms
step:2703/3250 train_time:832.641s step_avg:308.04ms
step:2704/3250 train_time:832.945s step_avg:308.04ms
step:2705/3250 train_time:833.249s step_avg:308.04ms
step:2706/3250 train_time:833.558s step_avg:308.04ms
step:2707/3250 train_time:833.866s step_avg:308.04ms
step:2708/3250 train_time:834.174s step_avg:308.04ms
step:2709/3250 train_time:834.483s step_avg:308.04ms
step:2710/3250 train_time:834.787s step_avg:308.04ms
step:2711/3250 train_time:835.091s step_avg:308.04ms
step:2712/3250 train_time:835.400s step_avg:308.04ms
step:2713/3250 train_time:835.706s step_avg:308.04ms
step:2714/3250 train_time:836.011s step_avg:308.04ms
step:2715/3250 train_time:836.317s step_avg:308.04ms
step:2716/3250 train_time:836.624s step_avg:308.04ms
step:2717/3250 train_time:836.928s step_avg:308.03ms
step:2718/3250 train_time:837.234s step_avg:308.03ms
step:2719/3250 train_time:837.541s step_avg:308.03ms
step:2720/3250 train_time:837.846s step_avg:308.03ms
step:2721/3250 train_time:838.154s step_avg:308.03ms
step:2722/3250 train_time:838.465s step_avg:308.03ms
step:2723/3250 train_time:838.771s step_avg:308.03ms
step:2724/3250 train_time:839.079s step_avg:308.03ms
step:2725/3250 train_time:839.386s step_avg:308.03ms
step:2726/3250 train_time:839.690s step_avg:308.03ms
step:2727/3250 train_time:839.998s step_avg:308.03ms
step:2728/3250 train_time:840.304s step_avg:308.03ms
step:2729/3250 train_time:840.608s step_avg:308.03ms
step:2730/3250 train_time:840.913s step_avg:308.03ms
step:2731/3250 train_time:841.219s step_avg:308.03ms
step:2732/3250 train_time:841.525s step_avg:308.03ms
step:2733/3250 train_time:841.829s step_avg:308.02ms
step:2734/3250 train_time:842.136s step_avg:308.02ms
step:2735/3250 train_time:842.443s step_avg:308.02ms
step:2736/3250 train_time:842.749s step_avg:308.02ms
step:2737/3250 train_time:843.057s step_avg:308.02ms
step:2738/3250 train_time:843.364s step_avg:308.02ms
step:2739/3250 train_time:843.669s step_avg:308.02ms
step:2740/3250 train_time:843.978s step_avg:308.02ms
step:2741/3250 train_time:844.286s step_avg:308.02ms
step:2742/3250 train_time:844.592s step_avg:308.02ms
step:2743/3250 train_time:844.902s step_avg:308.02ms
step:2744/3250 train_time:845.206s step_avg:308.02ms
step:2745/3250 train_time:845.509s step_avg:308.02ms
step:2746/3250 train_time:845.815s step_avg:308.02ms
step:2747/3250 train_time:846.127s step_avg:308.02ms
step:2748/3250 train_time:846.432s step_avg:308.02ms
step:2749/3250 train_time:846.741s step_avg:308.02ms
step:2750/3250 train_time:847.049s step_avg:308.02ms
step:2750/3250 val_loss:3.33633 train_time:847.050s step_avg:307.97ms
probe_ema: n=84934656 align=-0.11686,-0.11811,-0.11716,-0.11193 rel_mse=1.04060,1.02379,1.01363,1.00761
step:2751/3250 train_time:847.362s step_avg:308.02ms
step:2752/3250 train_time:847.668s step_avg:308.02ms
step:2753/3250 train_time:847.975s step_avg:308.02ms
step:2754/3250 train_time:848.281s step_avg:308.02ms
step:2755/3250 train_time:848.589s step_avg:308.02ms
step:2756/3250 train_time:848.898s step_avg:308.02ms
step:2757/3250 train_time:849.204s step_avg:308.02ms
step:2758/3250 train_time:849.512s step_avg:308.02ms
step:2759/3250 train_time:849.823s step_avg:308.02ms
step:2760/3250 train_time:850.131s step_avg:308.02ms
step:2761/3250 train_time:850.440s step_avg:308.02ms
step:2762/3250 train_time:850.745s step_avg:308.02ms
step:2763/3250 train_time:851.056s step_avg:308.02ms
step:2764/3250 train_time:851.365s step_avg:308.02ms
step:2765/3250 train_time:851.675s step_avg:308.02ms
step:2766/3250 train_time:851.985s step_avg:308.02ms
step:2767/3250 train_time:852.295s step_avg:308.02ms
step:2768/3250 train_time:852.603s step_avg:308.02ms
step:2769/3250 train_time:852.913s step_avg:308.02ms
step:2770/3250 train_time:853.225s step_avg:308.02ms
step:2771/3250 train_time:853.534s step_avg:308.02ms
step:2772/3250 train_time:853.842s step_avg:308.02ms
step:2773/3250 train_time:854.155s step_avg:308.03ms
step:2774/3250 train_time:854.468s step_avg:308.03ms
step:2775/3250 train_time:854.778s step_avg:308.03ms
step:2776/3250 train_time:855.086s step_avg:308.03ms
step:2777/3250 train_time:855.395s step_avg:308.03ms
step:2778/3250 train_time:855.706s step_avg:308.03ms
step:2779/3250 train_time:856.017s step_avg:308.03ms
step:2780/3250 train_time:856.326s step_avg:308.03ms
step:2781/3250 train_time:856.637s step_avg:308.03ms
step:2782/3250 train_time:856.944s step_avg:308.03ms
step:2783/3250 train_time:857.254s step_avg:308.03ms
step:2784/3250 train_time:857.564s step_avg:308.03ms
step:2785/3250 train_time:857.873s step_avg:308.03ms
step:2786/3250 train_time:858.184s step_avg:308.03ms
step:2787/3250 train_time:858.493s step_avg:308.03ms
step:2788/3250 train_time:858.804s step_avg:308.04ms
step:2789/3250 train_time:859.117s step_avg:308.04ms
step:2790/3250 train_time:859.425s step_avg:308.04ms
step:2791/3250 train_time:859.736s step_avg:308.04ms
step:2792/3250 train_time:860.044s step_avg:308.04ms
step:2793/3250 train_time:860.353s step_avg:308.04ms
step:2794/3250 train_time:860.663s step_avg:308.04ms
step:2795/3250 train_time:860.973s step_avg:308.04ms
step:2796/3250 train_time:861.284s step_avg:308.04ms
step:2797/3250 train_time:861.596s step_avg:308.04ms
step:2798/3250 train_time:861.906s step_avg:308.04ms
step:2799/3250 train_time:862.217s step_avg:308.04ms
step:2800/3250 train_time:862.527s step_avg:308.05ms
step:2801/3250 train_time:862.835s step_avg:308.05ms
step:2802/3250 train_time:863.145s step_avg:308.05ms
step:2803/3250 train_time:863.457s step_avg:308.05ms
step:2804/3250 train_time:863.768s step_avg:308.05ms
step:2805/3250 train_time:864.081s step_avg:308.05ms
step:2806/3250 train_time:864.390s step_avg:308.05ms
step:2807/3250 train_time:864.701s step_avg:308.05ms
step:2808/3250 train_time:865.009s step_avg:308.05ms
step:2809/3250 train_time:865.324s step_avg:308.05ms
step:2810/3250 train_time:865.630s step_avg:308.05ms
step:2811/3250 train_time:865.942s step_avg:308.05ms
step:2812/3250 train_time:866.251s step_avg:308.06ms
step:2813/3250 train_time:866.561s step_avg:308.06ms
step:2814/3250 train_time:866.870s step_avg:308.06ms
step:2815/3250 train_time:867.180s step_avg:308.06ms
step:2816/3250 train_time:867.488s step_avg:308.06ms
step:2817/3250 train_time:867.799s step_avg:308.06ms
step:2818/3250 train_time:868.108s step_avg:308.06ms
step:2819/3250 train_time:868.417s step_avg:308.06ms
step:2820/3250 train_time:868.727s step_avg:308.06ms
step:2821/3250 train_time:869.039s step_avg:308.06ms
step:2822/3250 train_time:869.345s step_avg:308.06ms
step:2823/3250 train_time:869.655s step_avg:308.06ms
step:2824/3250 train_time:869.966s step_avg:308.06ms
step:2825/3250 train_time:870.274s step_avg:308.06ms
step:2826/3250 train_time:870.584s step_avg:308.06ms
step:2827/3250 train_time:870.892s step_avg:308.06ms
step:2828/3250 train_time:871.206s step_avg:308.06ms
step:2829/3250 train_time:871.515s step_avg:308.06ms
step:2830/3250 train_time:871.824s step_avg:308.07ms
step:2831/3250 train_time:872.132s step_avg:308.06ms
step:2832/3250 train_time:872.439s step_avg:308.06ms
step:2833/3250 train_time:872.746s step_avg:308.06ms
step:2834/3250 train_time:873.053s step_avg:308.06ms
step:2835/3250 train_time:873.361s step_avg:308.06ms
step:2836/3250 train_time:873.665s step_avg:308.06ms
step:2837/3250 train_time:873.971s step_avg:308.06ms
step:2838/3250 train_time:874.278s step_avg:308.06ms
step:2839/3250 train_time:874.582s step_avg:308.06ms
step:2840/3250 train_time:874.887s step_avg:308.06ms
step:2841/3250 train_time:875.196s step_avg:308.06ms
step:2842/3250 train_time:875.502s step_avg:308.06ms
step:2843/3250 train_time:875.806s step_avg:308.06ms
step:2844/3250 train_time:876.112s step_avg:308.06ms
step:2845/3250 train_time:876.419s step_avg:308.06ms
step:2846/3250 train_time:876.724s step_avg:308.05ms
step:2847/3250 train_time:877.030s step_avg:308.05ms
step:2848/3250 train_time:877.336s step_avg:308.05ms
step:2849/3250 train_time:877.643s step_avg:308.05ms
step:2850/3250 train_time:877.947s step_avg:308.05ms
step:2851/3250 train_time:878.294s step_avg:308.07ms
step:2852/3250 train_time:878.601s step_avg:308.07ms
step:2853/3250 train_time:878.906s step_avg:308.06ms
step:2854/3250 train_time:879.212s step_avg:308.06ms
step:2855/3250 train_time:879.518s step_avg:308.06ms
step:2856/3250 train_time:879.823s step_avg:308.06ms
step:2857/3250 train_time:880.128s step_avg:308.06ms
step:2858/3250 train_time:880.436s step_avg:308.06ms
step:2859/3250 train_time:880.741s step_avg:308.06ms
step:2860/3250 train_time:881.044s step_avg:308.06ms
step:2861/3250 train_time:881.349s step_avg:308.06ms
step:2862/3250 train_time:881.657s step_avg:308.06ms
step:2863/3250 train_time:881.961s step_avg:308.05ms
step:2864/3250 train_time:882.265s step_avg:308.05ms
step:2865/3250 train_time:882.569s step_avg:308.05ms
step:2866/3250 train_time:882.876s step_avg:308.05ms
step:2867/3250 train_time:883.182s step_avg:308.05ms
step:2868/3250 train_time:883.490s step_avg:308.05ms
step:2869/3250 train_time:883.801s step_avg:308.05ms
step:2870/3250 train_time:884.124s step_avg:308.06ms
step:2871/3250 train_time:884.430s step_avg:308.06ms
step:2872/3250 train_time:884.739s step_avg:308.06ms
step:2873/3250 train_time:885.044s step_avg:308.06ms
step:2874/3250 train_time:885.355s step_avg:308.06ms
step:2875/3250 train_time:885.662s step_avg:308.06ms
step:2875/3250 val_loss:3.31793 train_time:885.662s step_avg:308.90ms
probe_ema: n=84934656 align=-0.08488,-0.09927,-0.10710,-0.10726 rel_mse=1.04292,1.02643,1.01568,1.00891
step:2876/3250 train_time:885.974s step_avg:308.06ms
step:2877/3250 train_time:886.280s step_avg:308.06ms
step:2878/3250 train_time:886.587s step_avg:308.06ms
step:2879/3250 train_time:886.896s step_avg:308.06ms
step:2880/3250 train_time:887.202s step_avg:308.06ms
step:2881/3250 train_time:887.512s step_avg:308.06ms
step:2882/3250 train_time:887.819s step_avg:308.06ms
step:2883/3250 train_time:888.126s step_avg:308.06ms
step:2884/3250 train_time:888.434s step_avg:308.06ms
step:2885/3250 train_time:888.738s step_avg:308.05ms
step:2886/3250 train_time:889.044s step_avg:308.05ms
step:2887/3250 train_time:889.351s step_avg:308.05ms
step:2888/3250 train_time:889.656s step_avg:308.05ms
step:2889/3250 train_time:889.961s step_avg:308.05ms
step:2890/3250 train_time:890.268s step_avg:308.05ms
step:2891/3250 train_time:890.578s step_avg:308.05ms
step:2892/3250 train_time:890.883s step_avg:308.05ms
step:2893/3250 train_time:891.189s step_avg:308.05ms
step:2894/3250 train_time:891.496s step_avg:308.05ms
step:2895/3250 train_time:891.800s step_avg:308.05ms
step:2896/3250 train_time:892.107s step_avg:308.05ms
step:2897/3250 train_time:892.414s step_avg:308.05ms
step:2898/3250 train_time:892.718s step_avg:308.05ms
step:2899/3250 train_time:893.026s step_avg:308.05ms
step:2900/3250 train_time:893.338s step_avg:308.05ms
step:2900/3250 val_loss:3.31429 train_time:893.338s step_avg:307.06ms
probe_ema: n=84934656 align=-0.07087,-0.08642,-0.09566,-0.09720 rel_mse=1.03986,1.02441,1.01448,1.00824
step:2901/3250 train_time:893.653s step_avg:308.05ms
step:2902/3250 train_time:893.958s step_avg:308.05ms
step:2903/3250 train_time:894.264s step_avg:308.05ms
step:2904/3250 train_time:894.570s step_avg:308.05ms
step:2905/3250 train_time:894.874s step_avg:308.05ms
step:2906/3250 train_time:895.182s step_avg:308.05ms
step:2907/3250 train_time:895.490s step_avg:308.05ms
step:2908/3250 train_time:895.797s step_avg:308.05ms
step:2909/3250 train_time:896.106s step_avg:308.05ms
step:2910/3250 train_time:896.413s step_avg:308.05ms
step:2910/3250 val_loss:3.31245 train_time:896.414s step_avg:307.51ms
probe_ema: n=84934656 align=-0.06096,-0.07498,-0.08469,-0.08734 rel_mse=1.03537,1.02162,1.01302,1.00752
step:2911/3250 train_time:896.724s step_avg:308.05ms
step:2912/3250 train_time:897.032s step_avg:308.05ms
step:2913/3250 train_time:897.344s step_avg:308.05ms
step:2914/3250 train_time:897.652s step_avg:308.05ms
step:2915/3250 train_time:897.964s step_avg:308.05ms
step:2916/3250 train_time:898.273s step_avg:308.05ms
step:2917/3250 train_time:898.583s step_avg:308.05ms
step:2918/3250 train_time:898.890s step_avg:308.05ms
step:2919/3250 train_time:899.200s step_avg:308.05ms
step:2920/3250 train_time:899.508s step_avg:308.05ms
step:2920/3250 val_loss:3.31103 train_time:899.508s step_avg:309.44ms
probe_ema: n=84934656 align=-0.08404,-0.09291,-0.09908,-0.09952 rel_mse=1.04498,1.02631,1.01529,1.00867
step:2921/3250 train_time:899.835s step_avg:308.06ms
step:2922/3250 train_time:900.161s step_avg:308.06ms
step:2923/3250 train_time:900.470s step_avg:308.06ms
step:2924/3250 train_time:900.787s step_avg:308.07ms
step:2925/3250 train_time:901.096s step_avg:308.07ms
step:2925/3250 val_loss:3.31021 train_time:901.096s step_avg:317.56ms
probe_ema: n=84934656 align=-0.06768,-0.08030,-0.08872,-0.09098 rel_mse=1.04006,1.02406,1.01425,1.00820
step:2926/3250 train_time:901.417s step_avg:308.07ms
step:2927/3250 train_time:901.726s step_avg:308.07ms
step:2928/3250 train_time:902.035s step_avg:308.07ms
step:2929/3250 train_time:902.345s step_avg:308.07ms
step:2930/3250 train_time:902.656s step_avg:308.07ms
step:2930/3250 val_loss:3.30995 train_time:902.656s step_avg:312.09ms
probe_ema: n=84934656 align=-0.09858,-0.10636,-0.10930,-0.10715 rel_mse=1.04501,1.02659,1.01528,1.00857
step:2931/3250 train_time:902.971s step_avg:308.08ms
step:2932/3250 train_time:903.279s step_avg:308.08ms
step:2933/3250 train_time:903.592s step_avg:308.08ms
step:2934/3250 train_time:903.901s step_avg:308.08ms
step:2935/3250 train_time:904.211s step_avg:308.08ms
step:2936/3250 train_time:904.521s step_avg:308.08ms
step:2937/3250 train_time:904.833s step_avg:308.08ms
step:2938/3250 train_time:905.141s step_avg:308.08ms
step:2939/3250 train_time:905.452s step_avg:308.08ms
step:2940/3250 train_time:905.759s step_avg:308.08ms
step:2940/3250 val_loss:3.30857 train_time:905.760s step_avg:310.35ms
probe_ema: n=84934656 align=-0.06394,-0.07949,-0.08909,-0.09134 rel_mse=1.03984,1.02419,1.01440,1.00826
step:2941/3250 train_time:906.070s step_avg:308.08ms
step:2942/3250 train_time:906.384s step_avg:308.08ms
step:2943/3250 train_time:906.698s step_avg:308.09ms
step:2944/3250 train_time:907.008s step_avg:308.09ms
step:2945/3250 train_time:907.318s step_avg:308.09ms
step:2946/3250 train_time:907.627s step_avg:308.09ms
step:2947/3250 train_time:907.936s step_avg:308.09ms
step:2948/3250 train_time:908.248s step_avg:308.09ms
step:2949/3250 train_time:908.561s step_avg:308.09ms
step:2950/3250 train_time:908.874s step_avg:308.09ms
step:2950/3250 val_loss:3.30692 train_time:908.875s step_avg:311.54ms
probe_ema: n=84934656 align=-0.08989,-0.09818,-0.10231,-0.10095 rel_mse=1.04521,1.02680,1.01555,1.00877
step:2951/3250 train_time:909.189s step_avg:308.10ms
step:2952/3250 train_time:909.500s step_avg:308.10ms
step:2953/3250 train_time:909.807s step_avg:308.10ms
step:2954/3250 train_time:910.115s step_avg:308.10ms
step:2955/3250 train_time:910.426s step_avg:308.10ms
step:2956/3250 train_time:910.732s step_avg:308.10ms
step:2957/3250 train_time:911.043s step_avg:308.10ms
step:2958/3250 train_time:911.352s step_avg:308.10ms
step:2959/3250 train_time:911.664s step_avg:308.10ms
step:2960/3250 train_time:911.973s step_avg:308.10ms
step:2960/3250 val_loss:3.30534 train_time:911.973s step_avg:309.77ms
probe_ema: n=84934656 align=-0.07306,-0.08621,-0.09414,-0.09547 rel_mse=1.04526,1.02691,1.01571,1.00891
step:2961/3250 train_time:912.284s step_avg:308.10ms
step:2962/3250 train_time:912.590s step_avg:308.10ms
step:2963/3250 train_time:912.895s step_avg:308.10ms
step:2964/3250 train_time:913.203s step_avg:308.10ms
step:2965/3250 train_time:913.508s step_avg:308.10ms
step:2966/3250 train_time:913.813s step_avg:308.10ms
step:2967/3250 train_time:914.120s step_avg:308.10ms
step:2968/3250 train_time:914.426s step_avg:308.09ms
step:2969/3250 train_time:914.730s step_avg:308.09ms
step:2970/3250 train_time:915.034s step_avg:308.09ms
step:2970/3250 val_loss:3.30394 train_time:915.034s step_avg:306.15ms
probe_ema: n=84934656 align=-0.04359,-0.06199,-0.07485,-0.08010 rel_mse=1.03894,1.02372,1.01427,1.00827
step:2971/3250 train_time:915.345s step_avg:308.09ms
step:2972/3250 train_time:915.651s step_avg:308.09ms
step:2973/3250 train_time:915.958s step_avg:308.09ms
step:2974/3250 train_time:916.264s step_avg:308.09ms
step:2975/3250 train_time:916.567s step_avg:308.09ms
step:2975/3250 val_loss:3.30337 train_time:916.567s step_avg:306.49ms
probe_ema: n=84934656 align=-0.06108,-0.07725,-0.08689,-0.08942 rel_mse=1.04210,1.02562,1.01512,1.00862
step:2976/3250 train_time:916.878s step_avg:308.09ms
step:2977/3250 train_time:917.184s step_avg:308.09ms
step:2978/3250 train_time:917.491s step_avg:308.09ms
step:2979/3250 train_time:917.796s step_avg:308.09ms
step:2980/3250 train_time:918.100s step_avg:308.09ms
step:2980/3250 val_loss:3.30263 train_time:918.100s step_avg:306.62ms
probe_ema: n=84934656 align=-0.06578,-0.07970,-0.08851,-0.09088 rel_mse=1.04186,1.02540,1.01506,1.00862
step:2981/3250 train_time:918.412s step_avg:308.09ms
step:2982/3250 train_time:918.720s step_avg:308.09ms
step:2983/3250 train_time:919.036s step_avg:308.09ms
step:2984/3250 train_time:919.344s step_avg:308.09ms
step:2985/3250 train_time:919.650s step_avg:308.09ms
step:2986/3250 train_time:919.953s step_avg:308.09ms
step:2987/3250 train_time:920.258s step_avg:308.09ms
step:2988/3250 train_time:920.564s step_avg:308.09ms
step:2989/3250 train_time:920.871s step_avg:308.09ms
step:2990/3250 train_time:921.176s step_avg:308.09ms
step:2990/3250 val_loss:3.30147 train_time:921.176s step_avg:307.60ms
probe_ema: n=84934656 align=-0.14225,-0.14052,-0.13726,-0.12998 rel_mse=1.07243,1.03957,1.02161,1.01167
step:2991/3250 train_time:921.489s step_avg:308.09ms
step:2992/3250 train_time:921.797s step_avg:308.09ms
step:2993/3250 train_time:922.109s step_avg:308.09ms
step:2994/3250 train_time:922.415s step_avg:308.09ms
step:2995/3250 train_time:922.723s step_avg:308.09ms
step:2996/3250 train_time:923.028s step_avg:308.09ms
step:2997/3250 train_time:923.334s step_avg:308.09ms
step:2998/3250 train_time:923.640s step_avg:308.09ms
step:2999/3250 train_time:923.945s step_avg:308.08ms
step:3000/3250 train_time:924.249s step_avg:308.08ms
step:3000/3250 val_loss:3.30007 train_time:924.249s step_avg:307.30ms
probe_ema: n=84934656 align=-0.05267,-0.06787,-0.07806,-0.08172 rel_mse=1.04045,1.02474,1.01478,1.00850
step:3001/3250 train_time:924.564s step_avg:308.09ms
step:3002/3250 train_time:924.873s step_avg:308.09ms
step:3003/3250 train_time:925.179s step_avg:308.09ms
step:3004/3250 train_time:925.485s step_avg:308.08ms
step:3005/3250 train_time:925.793s step_avg:308.08ms
step:3006/3250 train_time:926.098s step_avg:308.08ms
step:3007/3250 train_time:926.401s step_avg:308.08ms
step:3008/3250 train_time:926.705s step_avg:308.08ms
step:3009/3250 train_time:927.013s step_avg:308.08ms
step:3010/3250 train_time:927.323s step_avg:308.08ms
step:3010/3250 val_loss:3.29862 train_time:927.323s step_avg:307.40ms
probe_ema: n=84934656 align=-0.05520,-0.07145,-0.08182,-0.08465 rel_mse=1.04205,1.02564,1.01525,1.00871
step:3011/3250 train_time:927.641s step_avg:308.08ms
step:3012/3250 train_time:927.954s step_avg:308.09ms
step:3013/3250 train_time:928.263s step_avg:308.09ms
step:3014/3250 train_time:928.581s step_avg:308.09ms
step:3015/3250 train_time:928.892s step_avg:308.09ms
step:3016/3250 train_time:929.199s step_avg:308.09ms
step:3017/3250 train_time:929.509s step_avg:308.09ms
step:3018/3250 train_time:929.817s step_avg:308.09ms
step:3019/3250 train_time:930.124s step_avg:308.09ms
step:3020/3250 train_time:930.435s step_avg:308.09ms
step:3020/3250 val_loss:3.29688 train_time:930.435s step_avg:311.23ms
probe_ema: n=84934656 align=-0.06083,-0.07533,-0.08460,-0.08668 rel_mse=1.04125,1.02491,1.01477,1.00845
step:3021/3250 train_time:930.751s step_avg:308.09ms
step:3022/3250 train_time:931.061s step_avg:308.09ms
step:3023/3250 train_time:931.370s step_avg:308.09ms
step:3024/3250 train_time:931.677s step_avg:308.09ms
step:3025/3250 train_time:931.986s step_avg:308.09ms
step:3025/3250 val_loss:3.29601 train_time:931.986s step_avg:310.22ms
probe_ema: n=84934656 align=-0.07204,-0.08215,-0.08897,-0.08950 rel_mse=1.04390,1.02606,1.01526,1.00866
step:3026/3250 train_time:932.304s step_avg:308.10ms
step:3027/3250 train_time:932.614s step_avg:308.10ms
step:3028/3250 train_time:932.924s step_avg:308.10ms
step:3029/3250 train_time:933.232s step_avg:308.10ms
step:3030/3250 train_time:933.541s step_avg:308.10ms
step:3030/3250 val_loss:3.29522 train_time:933.541s step_avg:311.03ms
probe_ema: n=84934656 align=-0.05566,-0.06974,-0.07873,-0.08094 rel_mse=1.03992,1.02405,1.01420,1.00810
step:3031/3250 train_time:933.858s step_avg:308.10ms
step:3032/3250 train_time:934.169s step_avg:308.10ms
step:3033/3250 train_time:934.479s step_avg:308.10ms
step:3034/3250 train_time:934.791s step_avg:308.11ms
step:3035/3250 train_time:935.100s step_avg:308.11ms
step:3036/3250 train_time:935.409s step_avg:308.11ms
step:3037/3250 train_time:935.717s step_avg:308.11ms
step:3038/3250 train_time:936.024s step_avg:308.11ms
step:3039/3250 train_time:936.335s step_avg:308.11ms
step:3040/3250 train_time:936.644s step_avg:308.11ms
step:3040/3250 val_loss:3.29384 train_time:936.644s step_avg:310.30ms
probe_ema: n=84934656 align=-0.02282,-0.04331,-0.05826,-0.06516 rel_mse=1.03449,1.02137,1.01311,1.00770
step:3041/3250 train_time:936.999s step_avg:308.12ms
step:3042/3250 train_time:937.311s step_avg:308.12ms
step:3043/3250 train_time:937.619s step_avg:308.12ms
step:3044/3250 train_time:937.933s step_avg:308.13ms
step:3045/3250 train_time:938.239s step_avg:308.12ms
step:3046/3250 train_time:938.548s step_avg:308.12ms
step:3047/3250 train_time:938.854s step_avg:308.12ms
step:3048/3250 train_time:939.159s step_avg:308.12ms
step:3049/3250 train_time:939.467s step_avg:308.12ms
step:3050/3250 train_time:939.772s step_avg:308.12ms
step:3050/3250 val_loss:3.29271 train_time:939.773s step_avg:312.82ms
probe_ema: n=84934656 align=-0.09101,-0.09780,-0.10175,-0.10031 rel_mse=1.05851,1.03255,1.01822,1.01006
step:3051/3250 train_time:940.085s step_avg:308.12ms
step:3052/3250 train_time:940.390s step_avg:308.12ms
step:3053/3250 train_time:940.697s step_avg:308.12ms
step:3054/3250 train_time:941.007s step_avg:308.12ms
step:3055/3250 train_time:941.313s step_avg:308.12ms
step:3056/3250 train_time:941.621s step_avg:308.12ms
step:3057/3250 train_time:941.928s step_avg:308.12ms
step:3058/3250 train_time:942.237s step_avg:308.12ms
step:3059/3250 train_time:942.545s step_avg:308.12ms
step:3060/3250 train_time:942.848s step_avg:308.12ms
step:3060/3250 val_loss:3.29180 train_time:942.848s step_avg:307.56ms
probe_ema: n=84934656 align=-0.01578,-0.04940,-0.06807,-0.07492 rel_mse=1.02959,1.02134,1.01367,1.00806
step:3061/3250 train_time:943.161s step_avg:308.12ms
step:3062/3250 train_time:943.467s step_avg:308.12ms
step:3063/3250 train_time:943.776s step_avg:308.12ms
step:3064/3250 train_time:944.083s step_avg:308.12ms
step:3065/3250 train_time:944.391s step_avg:308.12ms
step:3066/3250 train_time:944.698s step_avg:308.12ms
step:3067/3250 train_time:945.002s step_avg:308.12ms
step:3068/3250 train_time:945.308s step_avg:308.12ms
step:3069/3250 train_time:945.615s step_avg:308.12ms
step:3070/3250 train_time:945.920s step_avg:308.12ms
step:3070/3250 val_loss:3.29037 train_time:945.920s step_avg:307.17ms
probe_ema: n=84934656 align=-0.05424,-0.06774,-0.07823,-0.08179 rel_mse=1.03998,1.02397,1.01439,1.00834
step:3071/3250 train_time:946.233s step_avg:308.12ms
step:3072/3250 train_time:946.540s step_avg:308.12ms
step:3073/3250 train_time:946.848s step_avg:308.12ms
step:3074/3250 train_time:947.154s step_avg:308.12ms
step:3075/3250 train_time:947.459s step_avg:308.12ms
step:3075/3250 val_loss:3.28964 train_time:947.459s step_avg:307.83ms
probe_ema: n=84934656 align=-0.03460,-0.05168,-0.06444,-0.07031 rel_mse=1.03741,1.02293,1.01384,1.00806
step:3076/3250 train_time:947.771s step_avg:308.12ms
step:3077/3250 train_time:948.079s step_avg:308.12ms
step:3078/3250 train_time:948.385s step_avg:308.12ms
step:3079/3250 train_time:948.690s step_avg:308.12ms
step:3080/3250 train_time:948.996s step_avg:308.12ms
step:3080/3250 val_loss:3.28903 train_time:948.997s step_avg:307.63ms
probe_ema: n=84934656 align=-0.03275,-0.05314,-0.06626,-0.07163 rel_mse=1.03628,1.02281,1.01385,1.00805
step:3081/3250 train_time:949.307s step_avg:308.12ms
step:3082/3250 train_time:949.613s step_avg:308.12ms
step:3083/3250 train_time:949.921s step_avg:308.12ms
step:3084/3250 train_time:950.227s step_avg:308.12ms
step:3085/3250 train_time:950.535s step_avg:308.12ms
step:3086/3250 train_time:950.842s step_avg:308.11ms
step:3087/3250 train_time:951.146s step_avg:308.11ms
step:3088/3250 train_time:951.450s step_avg:308.11ms
step:3089/3250 train_time:951.757s step_avg:308.11ms
step:3090/3250 train_time:952.062s step_avg:308.11ms
step:3090/3250 val_loss:3.28784 train_time:952.064s step_avg:306.68ms
probe_ema: n=84934656 align=-0.08815,-0.09579,-0.09864,-0.09623 rel_mse=1.05545,1.03148,1.01764,1.00970
step:3091/3250 train_time:952.375s step_avg:308.11ms
step:3092/3250 train_time:952.680s step_avg:308.11ms
step:3093/3250 train_time:952.986s step_avg:308.11ms
step:3094/3250 train_time:953.295s step_avg:308.11ms
step:3095/3250 train_time:953.600s step_avg:308.11ms
step:3096/3250 train_time:953.907s step_avg:308.11ms
step:3097/3250 train_time:954.215s step_avg:308.11ms
step:3098/3250 train_time:954.519s step_avg:308.11ms
step:3099/3250 train_time:954.831s step_avg:308.11ms
step:3100/3250 train_time:955.138s step_avg:308.11ms
step:3100/3250 val_loss:3.28659 train_time:955.138s step_avg:307.40ms
probe_ema: n=84934656 align=-0.00422,-0.03109,-0.04926,-0.05811 rel_mse=1.02996,1.01983,1.01250,1.00741
step:3101/3250 train_time:955.456s step_avg:308.11ms
step:3102/3250 train_time:955.767s step_avg:308.11ms
step:3103/3250 train_time:956.076s step_avg:308.11ms
step:3104/3250 train_time:956.386s step_avg:308.11ms
step:3105/3250 train_time:956.697s step_avg:308.11ms
step:3106/3250 train_time:957.012s step_avg:308.12ms
step:3107/3250 train_time:957.321s step_avg:308.12ms
step:3108/3250 train_time:957.631s step_avg:308.12ms
step:3109/3250 train_time:957.937s step_avg:308.12ms
step:3110/3250 train_time:958.249s step_avg:308.12ms
step:3110/3250 val_loss:3.28549 train_time:958.249s step_avg:311.06ms
probe_ema: n=84934656 align=-0.03568,-0.05633,-0.06860,-0.07287 rel_mse=1.03831,1.02407,1.01446,1.00829
step:3111/3250 train_time:958.566s step_avg:308.12ms
step:3112/3250 train_time:958.874s step_avg:308.12ms
step:3113/3250 train_time:959.185s step_avg:308.12ms
step:3114/3250 train_time:959.492s step_avg:308.12ms
step:3115/3250 train_time:959.803s step_avg:308.12ms
step:3116/3250 train_time:960.111s step_avg:308.12ms
step:3117/3250 train_time:960.423s step_avg:308.12ms
step:3118/3250 train_time:960.732s step_avg:308.12ms
step:3119/3250 train_time:961.043s step_avg:308.13ms
step:3120/3250 train_time:961.354s step_avg:308.13ms
step:3120/3250 val_loss:3.28446 train_time:961.354s step_avg:310.51ms
probe_ema: n=84934656 align=-0.03206,-0.05145,-0.06417,-0.06929 rel_mse=1.03933,1.02432,1.01458,1.00837
step:3121/3250 train_time:961.665s step_avg:308.13ms
step:3122/3250 train_time:961.979s step_avg:308.13ms
step:3123/3250 train_time:962.289s step_avg:308.13ms
step:3124/3250 train_time:962.602s step_avg:308.13ms
step:3125/3250 train_time:962.913s step_avg:308.13ms
step:3125/3250 val_loss:3.28383 train_time:962.913s step_avg:311.90ms
probe_ema: n=84934656 align=-0.02757,-0.04755,-0.06110,-0.06680 rel_mse=1.03483,1.02208,1.01357,1.00792
step:3126/3250 train_time:963.230s step_avg:308.13ms
step:3127/3250 train_time:963.540s step_avg:308.14ms
step:3128/3250 train_time:963.853s step_avg:308.14ms
step:3129/3250 train_time:964.164s step_avg:308.14ms
step:3130/3250 train_time:964.474s step_avg:308.14ms
step:3130/3250 val_loss:3.28321 train_time:964.475s step_avg:312.22ms
probe_ema: n=84934656 align=-0.01704,-0.03526,-0.04980,-0.05722 rel_mse=1.03247,1.02002,1.01231,1.00727
step:3131/3250 train_time:964.791s step_avg:308.14ms
step:3132/3250 train_time:965.101s step_avg:308.14ms
step:3133/3250 train_time:965.414s step_avg:308.14ms
step:3134/3250 train_time:965.729s step_avg:308.15ms
step:3135/3250 train_time:966.038s step_avg:308.15ms
step:3136/3250 train_time:966.351s step_avg:308.15ms
step:3137/3250 train_time:966.658s step_avg:308.15ms
step:3138/3250 train_time:966.969s step_avg:308.15ms
step:3139/3250 train_time:967.274s step_avg:308.15ms
step:3140/3250 train_time:967.581s step_avg:308.15ms
step:3140/3250 val_loss:3.28213 train_time:967.581s step_avg:310.65ms
probe_ema: n=84934656 align=-0.01642,-0.03456,-0.04849,-0.05541 rel_mse=1.03187,1.01971,1.01209,1.00712
step:3141/3250 train_time:967.889s step_avg:308.15ms
step:3142/3250 train_time:968.195s step_avg:308.15ms
step:3143/3250 train_time:968.505s step_avg:308.15ms
step:3144/3250 train_time:968.809s step_avg:308.15ms
step:3145/3250 train_time:969.115s step_avg:308.14ms
step:3146/3250 train_time:969.424s step_avg:308.14ms
step:3147/3250 train_time:969.731s step_avg:308.14ms
step:3148/3250 train_time:970.040s step_avg:308.14ms
step:3149/3250 train_time:970.346s step_avg:308.14ms
step:3150/3250 train_time:970.651s step_avg:308.14ms
step:3150/3250 val_loss:3.28107 train_time:970.651s step_avg:307.04ms
probe_ema: n=84934656 align=0.00262,-0.01435,-0.02930,-0.03863 rel_mse=1.02829,1.01682,1.01024,1.00610
step:3151/3250 train_time:970.963s step_avg:308.14ms
step:3152/3250 train_time:971.270s step_avg:308.14ms
step:3153/3250 train_time:971.581s step_avg:308.14ms
step:3154/3250 train_time:971.886s step_avg:308.14ms
step:3155/3250 train_time:972.197s step_avg:308.14ms
step:3156/3250 train_time:972.503s step_avg:308.14ms
step:3157/3250 train_time:972.811s step_avg:308.14ms
step:3158/3250 train_time:973.120s step_avg:308.14ms
step:3159/3250 train_time:973.424s step_avg:308.14ms
step:3160/3250 train_time:973.728s step_avg:308.14ms
step:3160/3250 val_loss:3.28013 train_time:973.728s step_avg:307.70ms
probe_ema: n=84934656 align=0.03189,0.00622,-0.01281,-0.02524 rel_mse=1.02988,1.01707,1.00963,1.00550
step:3161/3250 train_time:974.040s step_avg:308.14ms
step:3162/3250 train_time:974.345s step_avg:308.14ms
step:3163/3250 train_time:974.652s step_avg:308.14ms
step:3164/3250 train_time:974.960s step_avg:308.14ms
step:3165/3250 train_time:975.268s step_avg:308.14ms
step:3166/3250 train_time:975.577s step_avg:308.14ms
step:3167/3250 train_time:975.882s step_avg:308.14ms
step:3168/3250 train_time:976.189s step_avg:308.14ms
step:3169/3250 train_time:976.497s step_avg:308.14ms
step:3170/3250 train_time:976.801s step_avg:308.14ms
step:3170/3250 val_loss:3.27926 train_time:976.801s step_avg:307.27ms
probe_ema: n=84934656 align=-0.01570,-0.03305,-0.04330,-0.04805 rel_mse=1.03497,1.02239,1.01337,1.00749
step:3171/3250 train_time:977.112s step_avg:308.14ms
step:3172/3250 train_time:977.419s step_avg:308.14ms
step:3173/3250 train_time:977.729s step_avg:308.14ms
step:3174/3250 train_time:978.037s step_avg:308.14ms
step:3175/3250 train_time:978.344s step_avg:308.14ms
step:3175/3250 val_loss:3.27882 train_time:978.344s step_avg:308.63ms
probe_ema: n=84934656 align=0.01492,-0.01037,-0.02679,-0.03548 rel_mse=1.02485,1.01659,1.01056,1.00620
step:3176/3250 train_time:978.653s step_avg:308.14ms
step:3177/3250 train_time:978.964s step_avg:308.14ms
step:3178/3250 train_time:979.272s step_avg:308.14ms
step:3179/3250 train_time:979.582s step_avg:308.14ms
step:3180/3250 train_time:979.887s step_avg:308.14ms
step:3180/3250 val_loss:3.27842 train_time:979.888s step_avg:308.64ms
probe_ema: n=84934656 align=-0.02716,-0.03989,-0.04808,-0.05141 rel_mse=1.03729,1.02236,1.01320,1.00748
step:3181/3250 train_time:980.198s step_avg:308.14ms
step:3182/3250 train_time:980.512s step_avg:308.14ms
step:3183/3250 train_time:980.829s step_avg:308.15ms
step:3184/3250 train_time:981.138s step_avg:308.15ms
step:3185/3250 train_time:981.448s step_avg:308.15ms
step:3186/3250 train_time:981.754s step_avg:308.15ms
step:3187/3250 train_time:982.060s step_avg:308.15ms
step:3188/3250 train_time:982.366s step_avg:308.15ms
step:3189/3250 train_time:982.677s step_avg:308.15ms
step:3190/3250 train_time:982.983s step_avg:308.15ms
step:3190/3250 val_loss:3.27759 train_time:982.983s step_avg:309.59ms
probe_ema: n=84934656 align=-0.01155,-0.02504,-0.03537,-0.04055 rel_mse=1.03236,1.01917,1.01132,1.00650
step:3191/3250 train_time:983.299s step_avg:308.15ms
step:3192/3250 train_time:983.610s step_avg:308.15ms
step:3193/3250 train_time:983.918s step_avg:308.15ms
step:3194/3250 train_time:984.229s step_avg:308.15ms
step:3195/3250 train_time:984.537s step_avg:308.15ms
step:3196/3250 train_time:984.849s step_avg:308.15ms
step:3197/3250 train_time:985.158s step_avg:308.15ms
step:3198/3250 train_time:985.468s step_avg:308.15ms
step:3199/3250 train_time:985.776s step_avg:308.15ms
step:3200/3250 train_time:986.087s step_avg:308.15ms
step:3200/3250 val_loss:3.27684 train_time:986.087s step_avg:310.38ms
probe_ema: n=84934656 align=0.01668,-0.00537,-0.02105,-0.02974 rel_mse=1.02448,1.01570,1.00966,1.00566
step:3201/3250 train_time:986.405s step_avg:308.16ms
step:3202/3250 train_time:986.717s step_avg:308.16ms
step:3203/3250 train_time:987.025s step_avg:308.16ms
step:3204/3250 train_time:987.335s step_avg:308.16ms
step:3205/3250 train_time:987.645s step_avg:308.16ms
step:3206/3250 train_time:987.955s step_avg:308.16ms
step:3207/3250 train_time:988.266s step_avg:308.16ms
step:3208/3250 train_time:988.577s step_avg:308.16ms
step:3209/3250 train_time:988.887s step_avg:308.16ms
step:3210/3250 train_time:989.198s step_avg:308.16ms
step:3210/3250 val_loss:3.27618 train_time:989.199s step_avg:311.15ms
probe_ema: n=84934656 align=0.03119,0.00652,-0.01153,-0.02200 rel_mse=1.02039,1.01331,1.00847,1.00507
step:3211/3250 train_time:989.516s step_avg:308.16ms
step:3212/3250 train_time:989.835s step_avg:308.17ms
step:3213/3250 train_time:990.142s step_avg:308.17ms
step:3214/3250 train_time:990.455s step_avg:308.17ms
step:3215/3250 train_time:990.765s step_avg:308.17ms
step:3216/3250 train_time:991.075s step_avg:308.17ms
step:3217/3250 train_time:991.389s step_avg:308.17ms
step:3218/3250 train_time:991.701s step_avg:308.17ms
step:3219/3250 train_time:992.013s step_avg:308.17ms
step:3220/3250 train_time:992.322s step_avg:308.17ms
step:3220/3250 val_loss:3.27560 train_time:992.322s step_avg:312.32ms
probe_ema: n=84934656 align=0.02423,0.01431,0.00140,-0.00909 rel_mse=1.02641,1.01442,1.00803,1.00448
step:3221/3250 train_time:992.632s step_avg:308.18ms
step:3222/3250 train_time:992.952s step_avg:308.18ms
step:3223/3250 train_time:993.264s step_avg:308.18ms
step:3224/3250 train_time:993.573s step_avg:308.18ms
step:3225/3250 train_time:993.883s step_avg:308.18ms
step:3225/3250 val_loss:3.27535 train_time:993.884s step_avg:312.31ms
probe_ema: n=84934656 align=0.01909,0.01172,0.00126,-0.00798 rel_mse=1.02574,1.01384,1.00776,1.00433
step:3226/3250 train_time:994.201s step_avg:308.18ms
step:3227/3250 train_time:994.513s step_avg:308.18ms
step:3228/3250 train_time:994.822s step_avg:308.19ms
step:3229/3250 train_time:995.132s step_avg:308.19ms
step:3230/3250 train_time:995.440s step_avg:308.19ms
step:3230/3250 val_loss:3.27519 train_time:995.440s step_avg:311.37ms
probe_ema: n=84934656 align=0.03253,0.01588,0.00265,-0.00728 rel_mse=1.02065,1.01228,1.00725,1.00415
step:3231/3250 train_time:995.783s step_avg:308.20ms
step:3232/3250 train_time:996.090s step_avg:308.20ms
step:3233/3250 train_time:996.396s step_avg:308.20ms
step:3234/3250 train_time:996.704s step_avg:308.20ms
step:3235/3250 train_time:997.018s step_avg:308.20ms
step:3236/3250 train_time:997.325s step_avg:308.20ms
step:3237/3250 train_time:997.634s step_avg:308.20ms
step:3238/3250 train_time:997.939s step_avg:308.20ms
step:3239/3250 train_time:998.246s step_avg:308.20ms
step:3240/3250 train_time:998.554s step_avg:308.20ms
step:3240/3250 val_loss:3.27486 train_time:998.554s step_avg:311.35ms
probe_ema: n=84934656 align=0.01056,0.00469,-0.00266,-0.00942 rel_mse=1.02812,1.01514,1.00821,1.00444
step:3241/3250 train_time:998.866s step_avg:308.20ms
step:3242/3250 train_time:999.172s step_avg:308.20ms
step:3243/3250 train_time:999.477s step_avg:308.20ms
step:3244/3250 train_time:999.786s step_avg:308.20ms
step:3245/3250 train_time:1000.091s step_avg:308.19ms
step:3246/3250 train_time:1000.398s step_avg:308.19ms
step:3247/3250 train_time:1000.707s step_avg:308.19ms
step:3248/3250 train_time:1001.013s step_avg:308.19ms
step:3249/3250 train_time:1001.320s step_avg:308.19ms
step:3250/3250 train_time:1001.632s step_avg:308.19ms
step:3250/3250 val_loss:3.27473 train_time:1001.632s step_avg:307.79ms
probe_ema: n=84934656 align=0.07851,0.07270,0.05767,0.04105 rel_mse=1.00648,0.99888,0.99818,0.99894
