W0822 09:03:25.265000 278377 torch/distributed/run.py:774] 
W0822 09:03:25.265000 278377 torch/distributed/run.py:774] *****************************************
W0822 09:03:25.265000 278377 torch/distributed/run.py:774] Setting OMP_NUM_THREADS environment variable for each process to be 1 in default, to avoid your system being overloaded, please further tune the variable for optimal performance in your application as needed. 
W0822 09:03:25.265000 278377 torch/distributed/run.py:774] *****************************************
logs/af705868-6fea-4b3f-a5b1-9fdc73566e37.txt
step:0/3250 val_loss:10.82584 train_time:0.000s step_avg:nanms
step:1/3250 train_time:9.718s step_avg:9718.02ms
step:2/3250 train_time:9.994s step_avg:4997.17ms
step:3/3250 train_time:10.288s step_avg:3429.33ms
step:4/3250 train_time:10.584s step_avg:2645.99ms
step:5/3250 train_time:10.888s step_avg:2177.64ms
step:6/3250 train_time:11.187s step_avg:1864.46ms
step:7/3250 train_time:11.483s step_avg:1640.43ms
step:8/3250 train_time:11.780s step_avg:1472.52ms
step:9/3250 train_time:12.078s step_avg:1341.98ms
step:10/3250 train_time:12.374s step_avg:1237.42ms
step:11/3250 train_time:12.674s step_avg:1152.16ms
step:12/3250 train_time:12.975s step_avg:1081.26ms
step:13/3250 train_time:13.273s step_avg:1021.04ms
step:14/3250 train_time:13.572s step_avg:969.42ms
step:15/3250 train_time:13.872s step_avg:924.83ms
step:16/3250 train_time:14.173s step_avg:885.81ms
step:17/3250 train_time:14.477s step_avg:851.57ms
step:18/3250 train_time:14.774s step_avg:820.76ms
step:19/3250 train_time:15.074s step_avg:793.36ms
step:20/3250 train_time:15.376s step_avg:768.79ms
step:21/3250 train_time:15.674s step_avg:746.40ms
step:22/3250 train_time:15.973s step_avg:726.06ms
step:23/3250 train_time:16.273s step_avg:707.51ms
step:24/3250 train_time:16.572s step_avg:690.50ms
step:25/3250 train_time:16.873s step_avg:674.91ms
step:26/3250 train_time:17.174s step_avg:660.54ms
step:27/3250 train_time:17.474s step_avg:647.20ms
step:28/3250 train_time:17.775s step_avg:634.82ms
step:29/3250 train_time:18.074s step_avg:623.24ms
step:30/3250 train_time:18.375s step_avg:612.50ms
step:31/3250 train_time:18.674s step_avg:602.40ms
step:32/3250 train_time:18.974s step_avg:592.92ms
step:33/3250 train_time:19.275s step_avg:584.09ms
step:34/3250 train_time:19.574s step_avg:575.72ms
step:35/3250 train_time:19.874s step_avg:567.83ms
step:36/3250 train_time:20.175s step_avg:560.40ms
step:37/3250 train_time:20.476s step_avg:553.39ms
step:38/3250 train_time:20.774s step_avg:546.69ms
step:39/3250 train_time:21.075s step_avg:540.37ms
step:40/3250 train_time:21.373s step_avg:534.33ms
step:41/3250 train_time:21.675s step_avg:528.66ms
step:42/3250 train_time:21.977s step_avg:523.27ms
step:43/3250 train_time:22.274s step_avg:517.99ms
step:44/3250 train_time:22.574s step_avg:513.05ms
step:45/3250 train_time:22.875s step_avg:508.33ms
step:46/3250 train_time:23.175s step_avg:503.81ms
step:47/3250 train_time:23.475s step_avg:499.46ms
step:48/3250 train_time:23.776s step_avg:495.34ms
step:49/3250 train_time:24.077s step_avg:491.38ms
step:50/3250 train_time:24.379s step_avg:487.57ms
step:51/3250 train_time:24.677s step_avg:483.86ms
step:52/3250 train_time:24.977s step_avg:480.33ms
step:53/3250 train_time:25.276s step_avg:476.91ms
step:54/3250 train_time:25.575s step_avg:473.61ms
step:55/3250 train_time:25.875s step_avg:470.46ms
step:56/3250 train_time:26.175s step_avg:467.40ms
step:57/3250 train_time:26.475s step_avg:464.47ms
step:58/3250 train_time:26.774s step_avg:461.62ms
step:59/3250 train_time:27.075s step_avg:458.89ms
step:60/3250 train_time:27.375s step_avg:456.26ms
step:61/3250 train_time:27.675s step_avg:453.68ms
step:62/3250 train_time:27.974s step_avg:451.19ms
step:63/3250 train_time:28.274s step_avg:448.79ms
step:64/3250 train_time:28.575s step_avg:446.48ms
step:65/3250 train_time:28.874s step_avg:444.22ms
step:66/3250 train_time:29.174s step_avg:442.03ms
step:67/3250 train_time:29.474s step_avg:439.92ms
step:68/3250 train_time:29.775s step_avg:437.87ms
step:69/3250 train_time:30.074s step_avg:435.86ms
step:70/3250 train_time:30.375s step_avg:433.93ms
step:71/3250 train_time:30.675s step_avg:432.04ms
step:72/3250 train_time:30.975s step_avg:430.20ms
step:73/3250 train_time:31.275s step_avg:428.42ms
step:74/3250 train_time:31.574s step_avg:426.68ms
step:75/3250 train_time:31.874s step_avg:424.99ms
step:76/3250 train_time:32.173s step_avg:423.33ms
step:77/3250 train_time:32.474s step_avg:421.74ms
step:78/3250 train_time:32.776s step_avg:420.21ms
step:79/3250 train_time:33.076s step_avg:418.69ms
step:80/3250 train_time:33.374s step_avg:417.18ms
step:81/3250 train_time:33.675s step_avg:415.74ms
step:82/3250 train_time:33.975s step_avg:414.33ms
step:83/3250 train_time:34.275s step_avg:412.95ms
step:84/3250 train_time:34.576s step_avg:411.62ms
step:85/3250 train_time:34.875s step_avg:410.30ms
step:86/3250 train_time:35.175s step_avg:409.01ms
step:87/3250 train_time:35.473s step_avg:407.73ms
step:88/3250 train_time:35.772s step_avg:406.51ms
step:89/3250 train_time:36.073s step_avg:405.31ms
step:90/3250 train_time:36.374s step_avg:404.15ms
step:91/3250 train_time:36.674s step_avg:403.01ms
step:92/3250 train_time:36.975s step_avg:401.91ms
step:93/3250 train_time:37.275s step_avg:400.80ms
step:94/3250 train_time:37.574s step_avg:399.72ms
step:95/3250 train_time:37.874s step_avg:398.67ms
step:96/3250 train_time:38.174s step_avg:397.65ms
step:97/3250 train_time:38.474s step_avg:396.64ms
step:98/3250 train_time:38.773s step_avg:395.65ms
step:99/3250 train_time:39.074s step_avg:394.68ms
step:100/3250 train_time:39.374s step_avg:393.74ms
step:101/3250 train_time:39.674s step_avg:392.81ms
step:102/3250 train_time:39.973s step_avg:391.89ms
step:103/3250 train_time:40.273s step_avg:391.00ms
step:104/3250 train_time:40.574s step_avg:390.13ms
step:105/3250 train_time:40.874s step_avg:389.28ms
step:106/3250 train_time:41.174s step_avg:388.44ms
step:107/3250 train_time:41.474s step_avg:387.61ms
step:108/3250 train_time:41.774s step_avg:386.80ms
step:109/3250 train_time:42.074s step_avg:386.00ms
step:110/3250 train_time:42.375s step_avg:385.23ms
step:111/3250 train_time:42.674s step_avg:384.45ms
step:112/3250 train_time:42.973s step_avg:383.69ms
step:113/3250 train_time:43.275s step_avg:382.96ms
step:114/3250 train_time:43.575s step_avg:382.23ms
step:115/3250 train_time:43.874s step_avg:381.51ms
step:116/3250 train_time:44.173s step_avg:380.80ms
step:117/3250 train_time:44.474s step_avg:380.12ms
step:118/3250 train_time:44.774s step_avg:379.44ms
step:119/3250 train_time:45.074s step_avg:378.77ms
step:120/3250 train_time:45.374s step_avg:378.12ms
step:121/3250 train_time:45.673s step_avg:377.47ms
step:122/3250 train_time:45.974s step_avg:376.84ms
step:123/3250 train_time:46.275s step_avg:376.22ms
step:124/3250 train_time:46.574s step_avg:375.60ms
step:125/3250 train_time:46.874s step_avg:374.99ms
step:125/3250 val_loss:4.59927 train_time:46.878s step_avg:375.03ms
step:126/3250 train_time:47.173s step_avg:374.39ms
step:127/3250 train_time:47.472s step_avg:373.79ms
step:128/3250 train_time:47.770s step_avg:373.20ms
step:129/3250 train_time:48.073s step_avg:372.66ms
step:130/3250 train_time:48.371s step_avg:372.09ms
step:131/3250 train_time:48.669s step_avg:371.52ms
step:132/3250 train_time:48.969s step_avg:370.98ms
step:133/3250 train_time:49.269s step_avg:370.45ms
step:134/3250 train_time:49.569s step_avg:369.92ms
step:135/3250 train_time:49.867s step_avg:369.39ms
step:136/3250 train_time:50.169s step_avg:368.89ms
step:137/3250 train_time:50.468s step_avg:368.38ms
step:138/3250 train_time:50.767s step_avg:367.88ms
step:139/3250 train_time:51.067s step_avg:367.39ms
step:140/3250 train_time:51.368s step_avg:366.92ms
step:141/3250 train_time:51.668s step_avg:366.44ms
step:142/3250 train_time:51.967s step_avg:365.96ms
step:143/3250 train_time:52.268s step_avg:365.51ms
step:144/3250 train_time:52.567s step_avg:365.05ms
step:145/3250 train_time:52.867s step_avg:364.60ms
step:146/3250 train_time:53.167s step_avg:364.16ms
step:147/3250 train_time:53.468s step_avg:363.73ms
step:148/3250 train_time:53.771s step_avg:363.32ms
step:149/3250 train_time:54.070s step_avg:362.88ms
step:150/3250 train_time:54.377s step_avg:362.51ms
step:151/3250 train_time:54.672s step_avg:362.07ms
step:152/3250 train_time:54.969s step_avg:361.64ms
step:153/3250 train_time:55.269s step_avg:361.23ms
step:154/3250 train_time:55.571s step_avg:360.85ms
step:155/3250 train_time:55.869s step_avg:360.44ms
step:156/3250 train_time:56.168s step_avg:360.05ms
step:157/3250 train_time:56.469s step_avg:359.67ms
step:158/3250 train_time:56.768s step_avg:359.29ms
step:159/3250 train_time:57.068s step_avg:358.92ms
step:160/3250 train_time:57.367s step_avg:358.54ms
step:161/3250 train_time:57.668s step_avg:358.19ms
step:162/3250 train_time:57.967s step_avg:357.82ms
step:163/3250 train_time:58.268s step_avg:357.47ms
step:164/3250 train_time:58.568s step_avg:357.12ms
step:165/3250 train_time:58.868s step_avg:356.77ms
step:166/3250 train_time:59.167s step_avg:356.43ms
step:167/3250 train_time:59.468s step_avg:356.10ms
step:168/3250 train_time:59.768s step_avg:355.76ms
step:169/3250 train_time:60.068s step_avg:355.43ms
step:170/3250 train_time:60.368s step_avg:355.11ms
step:171/3250 train_time:60.668s step_avg:354.78ms
step:172/3250 train_time:60.968s step_avg:354.47ms
step:173/3250 train_time:61.267s step_avg:354.15ms
step:174/3250 train_time:61.568s step_avg:353.84ms
step:175/3250 train_time:61.868s step_avg:353.53ms
step:176/3250 train_time:62.168s step_avg:353.23ms
step:177/3250 train_time:62.468s step_avg:352.93ms
step:178/3250 train_time:62.768s step_avg:352.63ms
step:179/3250 train_time:63.068s step_avg:352.33ms
step:180/3250 train_time:63.369s step_avg:352.05ms
step:181/3250 train_time:63.671s step_avg:351.77ms
step:182/3250 train_time:63.970s step_avg:351.48ms
step:183/3250 train_time:64.268s step_avg:351.19ms
step:184/3250 train_time:64.568s step_avg:350.91ms
step:185/3250 train_time:64.867s step_avg:350.63ms
step:186/3250 train_time:65.168s step_avg:350.37ms
step:187/3250 train_time:65.468s step_avg:350.10ms
step:188/3250 train_time:65.767s step_avg:349.83ms
step:189/3250 train_time:66.067s step_avg:349.56ms
step:190/3250 train_time:66.368s step_avg:349.30ms
step:191/3250 train_time:66.952s step_avg:350.53ms
step:192/3250 train_time:67.249s step_avg:350.25ms
step:193/3250 train_time:67.549s step_avg:350.00ms
step:194/3250 train_time:67.853s step_avg:349.76ms
step:195/3250 train_time:68.151s step_avg:349.49ms
step:196/3250 train_time:68.449s step_avg:349.23ms
step:197/3250 train_time:68.752s step_avg:348.99ms
step:198/3250 train_time:69.052s step_avg:348.75ms
step:199/3250 train_time:69.350s step_avg:348.49ms
step:200/3250 train_time:69.651s step_avg:348.25ms
step:201/3250 train_time:69.951s step_avg:348.02ms
step:202/3250 train_time:70.252s step_avg:347.78ms
step:203/3250 train_time:70.549s step_avg:347.53ms
step:204/3250 train_time:70.851s step_avg:347.31ms
step:205/3250 train_time:71.151s step_avg:347.08ms
step:206/3250 train_time:71.450s step_avg:346.84ms
step:207/3250 train_time:71.751s step_avg:346.63ms
step:208/3250 train_time:72.052s step_avg:346.40ms
step:209/3250 train_time:72.352s step_avg:346.18ms
step:210/3250 train_time:72.653s step_avg:345.97ms
step:211/3250 train_time:72.953s step_avg:345.75ms
step:212/3250 train_time:73.251s step_avg:345.52ms
step:213/3250 train_time:73.549s step_avg:345.30ms
step:214/3250 train_time:73.852s step_avg:345.10ms
step:215/3250 train_time:74.152s step_avg:344.89ms
step:216/3250 train_time:74.452s step_avg:344.69ms
step:217/3250 train_time:74.750s step_avg:344.47ms
step:218/3250 train_time:75.050s step_avg:344.27ms
step:219/3250 train_time:75.351s step_avg:344.07ms
step:220/3250 train_time:75.650s step_avg:343.86ms
step:221/3250 train_time:75.950s step_avg:343.66ms
step:222/3250 train_time:76.252s step_avg:343.48ms
step:223/3250 train_time:76.552s step_avg:343.28ms
step:224/3250 train_time:76.852s step_avg:343.09ms
step:225/3250 train_time:77.152s step_avg:342.90ms
step:226/3250 train_time:77.450s step_avg:342.70ms
step:227/3250 train_time:77.750s step_avg:342.51ms
step:228/3250 train_time:78.051s step_avg:342.33ms
step:229/3250 train_time:78.351s step_avg:342.15ms
step:230/3250 train_time:78.653s step_avg:341.97ms
step:231/3250 train_time:78.952s step_avg:341.78ms
step:232/3250 train_time:79.256s step_avg:341.62ms
step:233/3250 train_time:79.551s step_avg:341.42ms
step:234/3250 train_time:79.850s step_avg:341.24ms
step:235/3250 train_time:80.151s step_avg:341.07ms
step:236/3250 train_time:80.451s step_avg:340.89ms
step:237/3250 train_time:80.752s step_avg:340.72ms
step:238/3250 train_time:81.051s step_avg:340.55ms
step:239/3250 train_time:81.352s step_avg:340.39ms
step:240/3250 train_time:81.651s step_avg:340.21ms
step:241/3250 train_time:81.952s step_avg:340.05ms
step:242/3250 train_time:82.252s step_avg:339.88ms
step:243/3250 train_time:82.553s step_avg:339.72ms
step:244/3250 train_time:82.853s step_avg:339.56ms
step:245/3250 train_time:83.153s step_avg:339.40ms
step:246/3250 train_time:83.450s step_avg:339.23ms
step:247/3250 train_time:83.751s step_avg:339.07ms
step:248/3250 train_time:84.050s step_avg:338.91ms
step:249/3250 train_time:84.349s step_avg:338.75ms
step:250/3250 train_time:84.651s step_avg:338.61ms
step:250/3250 val_loss:4.10007 train_time:84.654s step_avg:302.21ms
step:251/3250 train_time:84.947s step_avg:338.43ms
step:252/3250 train_time:85.244s step_avg:338.27ms
step:253/3250 train_time:85.544s step_avg:338.12ms
step:254/3250 train_time:85.847s step_avg:337.98ms
step:255/3250 train_time:86.148s step_avg:337.84ms
step:256/3250 train_time:86.449s step_avg:337.69ms
step:257/3250 train_time:86.752s step_avg:337.56ms
step:258/3250 train_time:87.049s step_avg:337.40ms
step:259/3250 train_time:87.348s step_avg:337.25ms
step:260/3250 train_time:87.649s step_avg:337.11ms
step:261/3250 train_time:87.949s step_avg:336.97ms
step:262/3250 train_time:88.248s step_avg:336.82ms
step:263/3250 train_time:88.550s step_avg:336.69ms
step:264/3250 train_time:88.851s step_avg:336.56ms
step:265/3250 train_time:89.151s step_avg:336.42ms
step:266/3250 train_time:89.451s step_avg:336.28ms
step:267/3250 train_time:89.751s step_avg:336.15ms
step:268/3250 train_time:90.051s step_avg:336.01ms
step:269/3250 train_time:90.349s step_avg:335.87ms
step:270/3250 train_time:90.649s step_avg:335.74ms
step:271/3250 train_time:90.949s step_avg:335.60ms
step:272/3250 train_time:91.248s step_avg:335.47ms
step:273/3250 train_time:91.550s step_avg:335.35ms
step:274/3250 train_time:91.852s step_avg:335.23ms
step:275/3250 train_time:92.151s step_avg:335.09ms
step:276/3250 train_time:92.453s step_avg:334.97ms
step:277/3250 train_time:92.750s step_avg:334.84ms
step:278/3250 train_time:93.049s step_avg:334.71ms
step:279/3250 train_time:93.350s step_avg:334.59ms
step:280/3250 train_time:93.650s step_avg:334.46ms
step:281/3250 train_time:93.950s step_avg:334.34ms
step:282/3250 train_time:94.250s step_avg:334.22ms
step:283/3250 train_time:94.551s step_avg:334.10ms
step:284/3250 train_time:94.850s step_avg:333.98ms
step:285/3250 train_time:95.150s step_avg:333.86ms
step:286/3250 train_time:95.450s step_avg:333.74ms
step:287/3250 train_time:95.749s step_avg:333.62ms
step:288/3250 train_time:96.051s step_avg:333.51ms
step:289/3250 train_time:96.350s step_avg:333.39ms
step:290/3250 train_time:96.650s step_avg:333.27ms
step:291/3250 train_time:96.950s step_avg:333.16ms
step:292/3250 train_time:97.250s step_avg:333.05ms
step:293/3250 train_time:97.549s step_avg:332.93ms
step:294/3250 train_time:97.850s step_avg:332.82ms
step:295/3250 train_time:98.149s step_avg:332.71ms
step:296/3250 train_time:98.448s step_avg:332.59ms
step:297/3250 train_time:98.748s step_avg:332.49ms
step:298/3250 train_time:99.048s step_avg:332.38ms
step:299/3250 train_time:99.348s step_avg:332.27ms
step:300/3250 train_time:99.648s step_avg:332.16ms
step:301/3250 train_time:99.948s step_avg:332.05ms
step:302/3250 train_time:100.248s step_avg:331.95ms
step:303/3250 train_time:100.547s step_avg:331.84ms
step:304/3250 train_time:100.847s step_avg:331.73ms
step:305/3250 train_time:101.148s step_avg:331.63ms
step:306/3250 train_time:101.450s step_avg:331.53ms
step:307/3250 train_time:101.749s step_avg:331.43ms
step:308/3250 train_time:102.047s step_avg:331.32ms
step:309/3250 train_time:102.348s step_avg:331.22ms
step:310/3250 train_time:102.648s step_avg:331.12ms
step:311/3250 train_time:102.948s step_avg:331.02ms
step:312/3250 train_time:103.250s step_avg:330.93ms
step:313/3250 train_time:103.549s step_avg:330.83ms
step:314/3250 train_time:103.848s step_avg:330.73ms
step:315/3250 train_time:104.150s step_avg:330.63ms
step:316/3250 train_time:104.448s step_avg:330.53ms
step:317/3250 train_time:104.747s step_avg:330.43ms
step:318/3250 train_time:105.048s step_avg:330.34ms
step:319/3250 train_time:105.350s step_avg:330.25ms
step:320/3250 train_time:105.648s step_avg:330.15ms
step:321/3250 train_time:105.950s step_avg:330.06ms
step:322/3250 train_time:106.251s step_avg:329.97ms
step:323/3250 train_time:106.553s step_avg:329.88ms
step:324/3250 train_time:106.848s step_avg:329.78ms
step:325/3250 train_time:107.148s step_avg:329.69ms
step:326/3250 train_time:107.448s step_avg:329.60ms
step:327/3250 train_time:107.748s step_avg:329.51ms
step:328/3250 train_time:108.048s step_avg:329.41ms
step:329/3250 train_time:108.349s step_avg:329.33ms
step:330/3250 train_time:108.649s step_avg:329.24ms
step:331/3250 train_time:108.949s step_avg:329.15ms
step:332/3250 train_time:109.248s step_avg:329.06ms
step:333/3250 train_time:109.549s step_avg:328.98ms
step:334/3250 train_time:109.849s step_avg:328.89ms
step:335/3250 train_time:110.149s step_avg:328.80ms
step:336/3250 train_time:110.451s step_avg:328.72ms
step:337/3250 train_time:110.751s step_avg:328.64ms
step:338/3250 train_time:111.050s step_avg:328.55ms
step:339/3250 train_time:111.348s step_avg:328.46ms
step:340/3250 train_time:111.649s step_avg:328.38ms
step:341/3250 train_time:111.949s step_avg:328.30ms
step:342/3250 train_time:112.249s step_avg:328.21ms
step:343/3250 train_time:112.549s step_avg:328.13ms
step:344/3250 train_time:112.849s step_avg:328.05ms
step:345/3250 train_time:113.149s step_avg:327.97ms
step:346/3250 train_time:113.448s step_avg:327.89ms
step:347/3250 train_time:113.748s step_avg:327.80ms
step:348/3250 train_time:114.049s step_avg:327.73ms
step:349/3250 train_time:114.350s step_avg:327.65ms
step:350/3250 train_time:114.649s step_avg:327.57ms
step:351/3250 train_time:114.949s step_avg:327.49ms
step:352/3250 train_time:115.251s step_avg:327.42ms
step:353/3250 train_time:115.550s step_avg:327.34ms
step:354/3250 train_time:115.850s step_avg:327.26ms
step:355/3250 train_time:116.151s step_avg:327.19ms
step:356/3250 train_time:116.448s step_avg:327.10ms
step:357/3250 train_time:116.750s step_avg:327.03ms
step:358/3250 train_time:117.048s step_avg:326.95ms
step:359/3250 train_time:117.348s step_avg:326.87ms
step:360/3250 train_time:117.650s step_avg:326.80ms
step:361/3250 train_time:117.950s step_avg:326.73ms
step:362/3250 train_time:118.250s step_avg:326.66ms
step:363/3250 train_time:118.550s step_avg:326.58ms
step:364/3250 train_time:118.849s step_avg:326.51ms
step:365/3250 train_time:119.149s step_avg:326.43ms
step:366/3250 train_time:119.450s step_avg:326.36ms
step:367/3250 train_time:119.749s step_avg:326.29ms
step:368/3250 train_time:120.048s step_avg:326.22ms
step:369/3250 train_time:120.349s step_avg:326.15ms
step:370/3250 train_time:120.651s step_avg:326.08ms
step:371/3250 train_time:120.949s step_avg:326.01ms
step:372/3250 train_time:121.248s step_avg:325.94ms
step:373/3250 train_time:121.550s step_avg:325.87ms
step:374/3250 train_time:121.849s step_avg:325.80ms
step:375/3250 train_time:122.149s step_avg:325.73ms
step:375/3250 val_loss:3.92556 train_time:122.153s step_avg:299.99ms
step:376/3250 train_time:122.449s step_avg:325.66ms
step:377/3250 train_time:122.749s step_avg:325.59ms
step:378/3250 train_time:123.050s step_avg:325.53ms
step:379/3250 train_time:123.354s step_avg:325.47ms
step:380/3250 train_time:123.653s step_avg:325.40ms
step:381/3250 train_time:124.033s step_avg:325.55ms
step:382/3250 train_time:124.331s step_avg:325.47ms
step:383/3250 train_time:124.629s step_avg:325.40ms
step:384/3250 train_time:124.936s step_avg:325.35ms
step:385/3250 train_time:125.233s step_avg:325.28ms
step:386/3250 train_time:125.531s step_avg:325.21ms
step:387/3250 train_time:125.834s step_avg:325.15ms
step:388/3250 train_time:126.134s step_avg:325.09ms
step:389/3250 train_time:126.433s step_avg:325.02ms
step:390/3250 train_time:126.733s step_avg:324.96ms
step:391/3250 train_time:127.034s step_avg:324.90ms
step:392/3250 train_time:127.333s step_avg:324.83ms
step:393/3250 train_time:127.635s step_avg:324.77ms
step:394/3250 train_time:127.935s step_avg:324.71ms
step:395/3250 train_time:128.236s step_avg:324.65ms
step:396/3250 train_time:128.532s step_avg:324.58ms
step:397/3250 train_time:128.833s step_avg:324.52ms
step:398/3250 train_time:129.132s step_avg:324.45ms
step:399/3250 train_time:129.431s step_avg:324.39ms
step:400/3250 train_time:129.731s step_avg:324.33ms
step:401/3250 train_time:130.031s step_avg:324.27ms
step:402/3250 train_time:130.331s step_avg:324.21ms
step:403/3250 train_time:130.633s step_avg:324.15ms
step:404/3250 train_time:130.935s step_avg:324.10ms
step:405/3250 train_time:131.235s step_avg:324.04ms
step:406/3250 train_time:131.533s step_avg:323.97ms
step:407/3250 train_time:131.833s step_avg:323.91ms
step:408/3250 train_time:132.132s step_avg:323.85ms
step:409/3250 train_time:132.433s step_avg:323.80ms
step:410/3250 train_time:132.732s step_avg:323.74ms
step:411/3250 train_time:133.037s step_avg:323.69ms
step:412/3250 train_time:133.333s step_avg:323.62ms
step:413/3250 train_time:133.633s step_avg:323.57ms
step:414/3250 train_time:133.933s step_avg:323.51ms
step:415/3250 train_time:134.234s step_avg:323.46ms
step:416/3250 train_time:134.534s step_avg:323.40ms
step:417/3250 train_time:134.833s step_avg:323.34ms
step:418/3250 train_time:135.133s step_avg:323.28ms
step:419/3250 train_time:135.434s step_avg:323.23ms
step:420/3250 train_time:135.733s step_avg:323.17ms
step:421/3250 train_time:136.033s step_avg:323.12ms
step:422/3250 train_time:136.333s step_avg:323.06ms
step:423/3250 train_time:136.635s step_avg:323.01ms
step:424/3250 train_time:136.933s step_avg:322.95ms
step:425/3250 train_time:137.233s step_avg:322.90ms
step:426/3250 train_time:137.533s step_avg:322.85ms
step:427/3250 train_time:137.835s step_avg:322.80ms
step:428/3250 train_time:138.135s step_avg:322.75ms
step:429/3250 train_time:138.433s step_avg:322.69ms
step:430/3250 train_time:138.735s step_avg:322.64ms
step:431/3250 train_time:139.035s step_avg:322.59ms
step:432/3250 train_time:139.334s step_avg:322.53ms
step:433/3250 train_time:139.634s step_avg:322.48ms
step:434/3250 train_time:139.934s step_avg:322.43ms
step:435/3250 train_time:140.234s step_avg:322.38ms
step:436/3250 train_time:140.534s step_avg:322.33ms
step:437/3250 train_time:140.834s step_avg:322.27ms
step:438/3250 train_time:141.133s step_avg:322.22ms
step:439/3250 train_time:141.432s step_avg:322.17ms
step:440/3250 train_time:141.732s step_avg:322.12ms
step:441/3250 train_time:142.033s step_avg:322.07ms
step:442/3250 train_time:142.333s step_avg:322.02ms
step:443/3250 train_time:142.633s step_avg:321.97ms
step:444/3250 train_time:142.933s step_avg:321.92ms
step:445/3250 train_time:143.233s step_avg:321.87ms
step:446/3250 train_time:143.532s step_avg:321.82ms
step:447/3250 train_time:143.833s step_avg:321.77ms
step:448/3250 train_time:144.132s step_avg:321.72ms
step:449/3250 train_time:144.433s step_avg:321.68ms
step:450/3250 train_time:144.733s step_avg:321.63ms
step:451/3250 train_time:145.033s step_avg:321.58ms
step:452/3250 train_time:145.333s step_avg:321.53ms
step:453/3250 train_time:145.634s step_avg:321.49ms
step:454/3250 train_time:145.934s step_avg:321.44ms
step:455/3250 train_time:146.235s step_avg:321.40ms
step:456/3250 train_time:146.535s step_avg:321.35ms
step:457/3250 train_time:146.834s step_avg:321.30ms
step:458/3250 train_time:147.133s step_avg:321.25ms
step:459/3250 train_time:147.433s step_avg:321.20ms
step:460/3250 train_time:147.736s step_avg:321.16ms
step:461/3250 train_time:148.036s step_avg:321.12ms
step:462/3250 train_time:148.335s step_avg:321.07ms
step:463/3250 train_time:148.634s step_avg:321.02ms
step:464/3250 train_time:148.933s step_avg:320.98ms
step:465/3250 train_time:149.233s step_avg:320.93ms
step:466/3250 train_time:149.533s step_avg:320.89ms
step:467/3250 train_time:149.834s step_avg:320.84ms
step:468/3250 train_time:150.133s step_avg:320.80ms
step:469/3250 train_time:150.434s step_avg:320.75ms
step:470/3250 train_time:150.733s step_avg:320.71ms
step:471/3250 train_time:151.034s step_avg:320.67ms
step:472/3250 train_time:151.334s step_avg:320.62ms
step:473/3250 train_time:151.633s step_avg:320.58ms
step:474/3250 train_time:151.933s step_avg:320.53ms
step:475/3250 train_time:152.233s step_avg:320.49ms
step:476/3250 train_time:152.535s step_avg:320.45ms
step:477/3250 train_time:152.834s step_avg:320.41ms
step:478/3250 train_time:153.133s step_avg:320.36ms
step:479/3250 train_time:153.433s step_avg:320.32ms
step:480/3250 train_time:153.732s step_avg:320.28ms
step:481/3250 train_time:154.033s step_avg:320.24ms
step:482/3250 train_time:154.333s step_avg:320.19ms
step:483/3250 train_time:154.633s step_avg:320.15ms
step:484/3250 train_time:154.933s step_avg:320.11ms
step:485/3250 train_time:155.233s step_avg:320.07ms
step:486/3250 train_time:155.534s step_avg:320.03ms
step:487/3250 train_time:155.833s step_avg:319.99ms
step:488/3250 train_time:156.133s step_avg:319.95ms
step:489/3250 train_time:156.434s step_avg:319.91ms
step:490/3250 train_time:156.733s step_avg:319.86ms
step:491/3250 train_time:157.033s step_avg:319.82ms
step:492/3250 train_time:157.334s step_avg:319.78ms
step:493/3250 train_time:157.633s step_avg:319.74ms
step:494/3250 train_time:157.935s step_avg:319.71ms
step:495/3250 train_time:158.236s step_avg:319.67ms
step:496/3250 train_time:158.533s step_avg:319.62ms
step:497/3250 train_time:158.833s step_avg:319.58ms
step:498/3250 train_time:159.134s step_avg:319.55ms
step:499/3250 train_time:159.435s step_avg:319.51ms
step:500/3250 train_time:159.735s step_avg:319.47ms
step:500/3250 val_loss:3.82726 train_time:159.739s step_avg:300.68ms
step:501/3250 train_time:160.038s step_avg:319.44ms
step:502/3250 train_time:160.334s step_avg:319.39ms
step:503/3250 train_time:160.631s step_avg:319.35ms
step:504/3250 train_time:160.929s step_avg:319.30ms
step:505/3250 train_time:161.227s step_avg:319.26ms
step:506/3250 train_time:161.526s step_avg:319.22ms
step:507/3250 train_time:161.829s step_avg:319.19ms
step:508/3250 train_time:162.127s step_avg:319.15ms
step:509/3250 train_time:162.427s step_avg:319.11ms
step:510/3250 train_time:162.727s step_avg:319.07ms
step:511/3250 train_time:163.029s step_avg:319.04ms
step:512/3250 train_time:163.326s step_avg:319.00ms
step:513/3250 train_time:163.625s step_avg:318.96ms
step:514/3250 train_time:163.929s step_avg:318.93ms
step:515/3250 train_time:164.227s step_avg:318.89ms
step:516/3250 train_time:164.527s step_avg:318.85ms
step:517/3250 train_time:164.829s step_avg:318.82ms
step:518/3250 train_time:165.127s step_avg:318.78ms
step:519/3250 train_time:165.425s step_avg:318.74ms
step:520/3250 train_time:165.725s step_avg:318.70ms
step:521/3250 train_time:166.026s step_avg:318.67ms
step:522/3250 train_time:166.328s step_avg:318.64ms
step:523/3250 train_time:166.628s step_avg:318.60ms
step:524/3250 train_time:166.931s step_avg:318.57ms
step:525/3250 train_time:167.228s step_avg:318.53ms
step:526/3250 train_time:167.528s step_avg:318.49ms
step:527/3250 train_time:167.826s step_avg:318.46ms
step:528/3250 train_time:168.126s step_avg:318.42ms
step:529/3250 train_time:168.429s step_avg:318.39ms
step:530/3250 train_time:168.729s step_avg:318.36ms
step:531/3250 train_time:169.029s step_avg:318.32ms
step:532/3250 train_time:169.328s step_avg:318.29ms
step:533/3250 train_time:169.626s step_avg:318.25ms
step:534/3250 train_time:169.926s step_avg:318.21ms
step:535/3250 train_time:170.227s step_avg:318.18ms
step:536/3250 train_time:170.527s step_avg:318.15ms
step:537/3250 train_time:170.827s step_avg:318.11ms
step:538/3250 train_time:171.130s step_avg:318.09ms
step:539/3250 train_time:171.430s step_avg:318.05ms
step:540/3250 train_time:171.728s step_avg:318.01ms
step:541/3250 train_time:172.029s step_avg:317.98ms
step:542/3250 train_time:172.327s step_avg:317.95ms
step:543/3250 train_time:172.629s step_avg:317.92ms
step:544/3250 train_time:172.928s step_avg:317.88ms
step:545/3250 train_time:173.228s step_avg:317.85ms
step:546/3250 train_time:173.527s step_avg:317.82ms
step:547/3250 train_time:173.828s step_avg:317.78ms
step:548/3250 train_time:174.128s step_avg:317.75ms
step:549/3250 train_time:174.430s step_avg:317.72ms
step:550/3250 train_time:174.729s step_avg:317.69ms
step:551/3250 train_time:175.027s step_avg:317.65ms
step:552/3250 train_time:175.326s step_avg:317.62ms
step:553/3250 train_time:175.628s step_avg:317.59ms
step:554/3250 train_time:175.927s step_avg:317.56ms
step:555/3250 train_time:176.229s step_avg:317.53ms
step:556/3250 train_time:176.527s step_avg:317.50ms
step:557/3250 train_time:176.826s step_avg:317.46ms
step:558/3250 train_time:177.127s step_avg:317.43ms
step:559/3250 train_time:177.430s step_avg:317.41ms
step:560/3250 train_time:177.730s step_avg:317.38ms
step:561/3250 train_time:178.027s step_avg:317.34ms
step:562/3250 train_time:178.327s step_avg:317.31ms
step:563/3250 train_time:178.627s step_avg:317.28ms
step:564/3250 train_time:178.929s step_avg:317.25ms
step:565/3250 train_time:179.229s step_avg:317.22ms
step:566/3250 train_time:179.527s step_avg:317.19ms
step:567/3250 train_time:179.828s step_avg:317.16ms
step:568/3250 train_time:180.128s step_avg:317.13ms
step:569/3250 train_time:180.428s step_avg:317.10ms
step:570/3250 train_time:180.727s step_avg:317.07ms
step:571/3250 train_time:181.080s step_avg:317.13ms
step:572/3250 train_time:181.376s step_avg:317.09ms
step:573/3250 train_time:181.672s step_avg:317.05ms
step:574/3250 train_time:181.971s step_avg:317.02ms
step:575/3250 train_time:182.270s step_avg:316.99ms
step:576/3250 train_time:182.568s step_avg:316.96ms
step:577/3250 train_time:182.870s step_avg:316.93ms
step:578/3250 train_time:183.169s step_avg:316.90ms
step:579/3250 train_time:183.468s step_avg:316.87ms
step:580/3250 train_time:183.768s step_avg:316.84ms
step:581/3250 train_time:184.068s step_avg:316.81ms
step:582/3250 train_time:184.369s step_avg:316.79ms
step:583/3250 train_time:184.669s step_avg:316.76ms
step:584/3250 train_time:184.967s step_avg:316.73ms
step:585/3250 train_time:185.266s step_avg:316.69ms
step:586/3250 train_time:185.566s step_avg:316.67ms
step:587/3250 train_time:185.866s step_avg:316.64ms
step:588/3250 train_time:186.166s step_avg:316.61ms
step:589/3250 train_time:186.467s step_avg:316.58ms
step:590/3250 train_time:186.766s step_avg:316.55ms
step:591/3250 train_time:187.066s step_avg:316.52ms
step:592/3250 train_time:187.366s step_avg:316.50ms
step:593/3250 train_time:187.666s step_avg:316.47ms
step:594/3250 train_time:187.966s step_avg:316.44ms
step:595/3250 train_time:188.266s step_avg:316.41ms
step:596/3250 train_time:188.567s step_avg:316.39ms
step:597/3250 train_time:188.866s step_avg:316.36ms
step:598/3250 train_time:189.166s step_avg:316.33ms
step:599/3250 train_time:189.468s step_avg:316.31ms
step:600/3250 train_time:189.768s step_avg:316.28ms
step:601/3250 train_time:190.066s step_avg:316.25ms
step:602/3250 train_time:190.366s step_avg:316.22ms
step:603/3250 train_time:190.667s step_avg:316.20ms
step:604/3250 train_time:190.966s step_avg:316.17ms
step:605/3250 train_time:191.266s step_avg:316.14ms
step:606/3250 train_time:191.568s step_avg:316.12ms
step:607/3250 train_time:191.868s step_avg:316.09ms
step:608/3250 train_time:192.167s step_avg:316.06ms
step:609/3250 train_time:192.466s step_avg:316.04ms
step:610/3250 train_time:192.767s step_avg:316.01ms
step:611/3250 train_time:193.067s step_avg:315.98ms
step:612/3250 train_time:193.366s step_avg:315.96ms
step:613/3250 train_time:193.668s step_avg:315.93ms
step:614/3250 train_time:193.969s step_avg:315.91ms
step:615/3250 train_time:194.268s step_avg:315.88ms
step:616/3250 train_time:194.568s step_avg:315.86ms
step:617/3250 train_time:194.869s step_avg:315.83ms
step:618/3250 train_time:195.169s step_avg:315.81ms
step:619/3250 train_time:195.467s step_avg:315.78ms
step:620/3250 train_time:195.768s step_avg:315.76ms
step:621/3250 train_time:196.070s step_avg:315.73ms
step:622/3250 train_time:196.368s step_avg:315.70ms
step:623/3250 train_time:196.666s step_avg:315.68ms
step:624/3250 train_time:196.968s step_avg:315.65ms
step:625/3250 train_time:197.270s step_avg:315.63ms
step:625/3250 val_loss:3.76459 train_time:197.272s step_avg:300.27ms
step:626/3250 train_time:197.567s step_avg:315.60ms
step:627/3250 train_time:197.867s step_avg:315.58ms
step:628/3250 train_time:198.168s step_avg:315.55ms
step:629/3250 train_time:198.471s step_avg:315.53ms
step:630/3250 train_time:198.768s step_avg:315.51ms
step:631/3250 train_time:199.069s step_avg:315.48ms
step:632/3250 train_time:199.370s step_avg:315.46ms
step:633/3250 train_time:199.669s step_avg:315.43ms
step:634/3250 train_time:199.968s step_avg:315.41ms
step:635/3250 train_time:200.268s step_avg:315.38ms
step:636/3250 train_time:200.570s step_avg:315.36ms
step:637/3250 train_time:200.870s step_avg:315.34ms
step:638/3250 train_time:201.169s step_avg:315.31ms
step:639/3250 train_time:201.470s step_avg:315.29ms
step:640/3250 train_time:201.771s step_avg:315.27ms
step:641/3250 train_time:202.069s step_avg:315.24ms
step:642/3250 train_time:202.370s step_avg:315.22ms
step:643/3250 train_time:202.670s step_avg:315.20ms
step:644/3250 train_time:202.972s step_avg:315.17ms
step:645/3250 train_time:203.270s step_avg:315.15ms
step:646/3250 train_time:203.571s step_avg:315.13ms
step:647/3250 train_time:203.870s step_avg:315.10ms
step:648/3250 train_time:204.170s step_avg:315.08ms
step:649/3250 train_time:204.469s step_avg:315.05ms
step:650/3250 train_time:204.769s step_avg:315.03ms
step:651/3250 train_time:205.070s step_avg:315.01ms
step:652/3250 train_time:205.369s step_avg:314.98ms
step:653/3250 train_time:205.669s step_avg:314.96ms
step:654/3250 train_time:205.970s step_avg:314.94ms
step:655/3250 train_time:206.271s step_avg:314.92ms
step:656/3250 train_time:206.570s step_avg:314.89ms
step:657/3250 train_time:206.869s step_avg:314.87ms
step:658/3250 train_time:207.168s step_avg:314.85ms
step:659/3250 train_time:207.470s step_avg:314.82ms
step:660/3250 train_time:207.769s step_avg:314.80ms
step:661/3250 train_time:208.070s step_avg:314.78ms
step:662/3250 train_time:208.369s step_avg:314.76ms
step:663/3250 train_time:208.671s step_avg:314.74ms
step:664/3250 train_time:208.969s step_avg:314.71ms
step:665/3250 train_time:209.269s step_avg:314.69ms
step:666/3250 train_time:209.569s step_avg:314.67ms
step:667/3250 train_time:209.869s step_avg:314.65ms
step:668/3250 train_time:210.169s step_avg:314.62ms
step:669/3250 train_time:210.470s step_avg:314.60ms
step:670/3250 train_time:210.769s step_avg:314.58ms
step:671/3250 train_time:211.069s step_avg:314.56ms
step:672/3250 train_time:211.369s step_avg:314.54ms
step:673/3250 train_time:211.670s step_avg:314.52ms
step:674/3250 train_time:211.970s step_avg:314.50ms
step:675/3250 train_time:212.269s step_avg:314.47ms
step:676/3250 train_time:212.570s step_avg:314.45ms
step:677/3250 train_time:212.869s step_avg:314.43ms
step:678/3250 train_time:213.169s step_avg:314.41ms
step:679/3250 train_time:213.470s step_avg:314.39ms
step:680/3250 train_time:213.769s step_avg:314.37ms
step:681/3250 train_time:214.069s step_avg:314.35ms
step:682/3250 train_time:214.369s step_avg:314.32ms
step:683/3250 train_time:214.670s step_avg:314.30ms
step:684/3250 train_time:214.970s step_avg:314.28ms
step:685/3250 train_time:215.270s step_avg:314.26ms
step:686/3250 train_time:215.569s step_avg:314.24ms
step:687/3250 train_time:215.871s step_avg:314.22ms
step:688/3250 train_time:216.171s step_avg:314.20ms
step:689/3250 train_time:216.470s step_avg:314.18ms
step:690/3250 train_time:216.769s step_avg:314.16ms
step:691/3250 train_time:217.069s step_avg:314.14ms
step:692/3250 train_time:217.370s step_avg:314.12ms
step:693/3250 train_time:217.670s step_avg:314.10ms
step:694/3250 train_time:217.971s step_avg:314.08ms
step:695/3250 train_time:218.270s step_avg:314.06ms
step:696/3250 train_time:218.569s step_avg:314.04ms
step:697/3250 train_time:218.869s step_avg:314.02ms
step:698/3250 train_time:219.170s step_avg:314.00ms
step:699/3250 train_time:219.469s step_avg:313.98ms
step:700/3250 train_time:219.770s step_avg:313.96ms
step:701/3250 train_time:220.070s step_avg:313.94ms
step:702/3250 train_time:220.369s step_avg:313.92ms
step:703/3250 train_time:220.669s step_avg:313.90ms
step:704/3250 train_time:220.972s step_avg:313.88ms
step:705/3250 train_time:221.270s step_avg:313.86ms
step:706/3250 train_time:221.568s step_avg:313.84ms
step:707/3250 train_time:221.869s step_avg:313.82ms
step:708/3250 train_time:222.170s step_avg:313.80ms
step:709/3250 train_time:222.470s step_avg:313.78ms
step:710/3250 train_time:222.771s step_avg:313.76ms
step:711/3250 train_time:223.070s step_avg:313.74ms
step:712/3250 train_time:223.368s step_avg:313.72ms
step:713/3250 train_time:223.670s step_avg:313.70ms
step:714/3250 train_time:223.969s step_avg:313.68ms
step:715/3250 train_time:224.269s step_avg:313.66ms
step:716/3250 train_time:224.569s step_avg:313.64ms
step:717/3250 train_time:224.870s step_avg:313.63ms
step:718/3250 train_time:225.170s step_avg:313.61ms
step:719/3250 train_time:225.470s step_avg:313.59ms
step:720/3250 train_time:225.769s step_avg:313.57ms
step:721/3250 train_time:226.070s step_avg:313.55ms
step:722/3250 train_time:226.368s step_avg:313.53ms
step:723/3250 train_time:226.669s step_avg:313.51ms
step:724/3250 train_time:226.970s step_avg:313.49ms
step:725/3250 train_time:227.268s step_avg:313.47ms
step:726/3250 train_time:227.569s step_avg:313.46ms
step:727/3250 train_time:227.870s step_avg:313.44ms
step:728/3250 train_time:228.170s step_avg:313.42ms
step:729/3250 train_time:228.469s step_avg:313.40ms
step:730/3250 train_time:228.770s step_avg:313.38ms
step:731/3250 train_time:229.069s step_avg:313.36ms
step:732/3250 train_time:229.369s step_avg:313.35ms
step:733/3250 train_time:229.669s step_avg:313.33ms
step:734/3250 train_time:229.970s step_avg:313.31ms
step:735/3250 train_time:230.270s step_avg:313.29ms
step:736/3250 train_time:230.570s step_avg:313.27ms
step:737/3250 train_time:230.869s step_avg:313.26ms
step:738/3250 train_time:231.169s step_avg:313.24ms
step:739/3250 train_time:231.469s step_avg:313.22ms
step:740/3250 train_time:231.770s step_avg:313.20ms
step:741/3250 train_time:232.070s step_avg:313.18ms
step:742/3250 train_time:232.370s step_avg:313.17ms
step:743/3250 train_time:232.669s step_avg:313.15ms
step:744/3250 train_time:232.970s step_avg:313.13ms
step:745/3250 train_time:233.269s step_avg:313.11ms
step:746/3250 train_time:233.570s step_avg:313.10ms
step:747/3250 train_time:233.869s step_avg:313.08ms
step:748/3250 train_time:234.171s step_avg:313.06ms
step:749/3250 train_time:234.475s step_avg:313.05ms
step:750/3250 train_time:234.771s step_avg:313.03ms
step:750/3250 val_loss:3.72068 train_time:234.773s step_avg:300.01ms
step:751/3250 train_time:235.067s step_avg:313.01ms
step:752/3250 train_time:235.368s step_avg:312.99ms
step:753/3250 train_time:235.669s step_avg:312.97ms
step:754/3250 train_time:235.973s step_avg:312.96ms
step:755/3250 train_time:236.272s step_avg:312.94ms
step:756/3250 train_time:236.569s step_avg:312.92ms
step:757/3250 train_time:236.872s step_avg:312.91ms
step:758/3250 train_time:237.170s step_avg:312.89ms
step:759/3250 train_time:237.469s step_avg:312.87ms
step:760/3250 train_time:237.769s step_avg:312.85ms
step:761/3250 train_time:238.131s step_avg:312.92ms
step:762/3250 train_time:238.427s step_avg:312.90ms
step:763/3250 train_time:238.726s step_avg:312.88ms
step:764/3250 train_time:239.031s step_avg:312.87ms
step:765/3250 train_time:239.329s step_avg:312.85ms
step:766/3250 train_time:239.628s step_avg:312.83ms
step:767/3250 train_time:239.930s step_avg:312.82ms
step:768/3250 train_time:240.231s step_avg:312.80ms
step:769/3250 train_time:240.529s step_avg:312.78ms
step:770/3250 train_time:240.830s step_avg:312.77ms
step:771/3250 train_time:241.134s step_avg:312.75ms
step:772/3250 train_time:241.431s step_avg:312.73ms
step:773/3250 train_time:241.730s step_avg:312.72ms
step:774/3250 train_time:242.031s step_avg:312.70ms
step:775/3250 train_time:242.334s step_avg:312.69ms
step:776/3250 train_time:242.629s step_avg:312.67ms
step:777/3250 train_time:242.932s step_avg:312.65ms
step:778/3250 train_time:243.234s step_avg:312.64ms
step:779/3250 train_time:243.530s step_avg:312.62ms
step:780/3250 train_time:243.832s step_avg:312.60ms
step:781/3250 train_time:244.133s step_avg:312.59ms
step:782/3250 train_time:244.430s step_avg:312.57ms
step:783/3250 train_time:244.729s step_avg:312.55ms
step:784/3250 train_time:245.029s step_avg:312.54ms
step:785/3250 train_time:245.328s step_avg:312.52ms
step:786/3250 train_time:245.629s step_avg:312.51ms
step:787/3250 train_time:245.933s step_avg:312.49ms
step:788/3250 train_time:246.230s step_avg:312.48ms
step:789/3250 train_time:246.531s step_avg:312.46ms
step:790/3250 train_time:246.834s step_avg:312.45ms
step:791/3250 train_time:247.132s step_avg:312.43ms
step:792/3250 train_time:247.430s step_avg:312.41ms
step:793/3250 train_time:247.730s step_avg:312.40ms
step:794/3250 train_time:248.033s step_avg:312.38ms
step:795/3250 train_time:248.330s step_avg:312.37ms
step:796/3250 train_time:248.629s step_avg:312.35ms
step:797/3250 train_time:248.931s step_avg:312.33ms
step:798/3250 train_time:249.229s step_avg:312.32ms
step:799/3250 train_time:249.531s step_avg:312.30ms
step:800/3250 train_time:249.830s step_avg:312.29ms
step:801/3250 train_time:250.129s step_avg:312.27ms
step:802/3250 train_time:250.429s step_avg:312.26ms
step:803/3250 train_time:250.732s step_avg:312.24ms
step:804/3250 train_time:251.031s step_avg:312.23ms
step:805/3250 train_time:251.332s step_avg:312.21ms
step:806/3250 train_time:251.634s step_avg:312.20ms
step:807/3250 train_time:251.930s step_avg:312.18ms
step:808/3250 train_time:252.230s step_avg:312.17ms
step:809/3250 train_time:252.530s step_avg:312.15ms
step:810/3250 train_time:252.830s step_avg:312.14ms
step:811/3250 train_time:253.130s step_avg:312.12ms
step:812/3250 train_time:253.430s step_avg:312.11ms
step:813/3250 train_time:253.730s step_avg:312.09ms
step:814/3250 train_time:254.031s step_avg:312.08ms
step:815/3250 train_time:254.330s step_avg:312.06ms
step:816/3250 train_time:254.630s step_avg:312.05ms
step:817/3250 train_time:254.930s step_avg:312.03ms
step:818/3250 train_time:255.229s step_avg:312.02ms
step:819/3250 train_time:255.533s step_avg:312.01ms
step:820/3250 train_time:255.830s step_avg:311.99ms
step:821/3250 train_time:256.131s step_avg:311.97ms
step:822/3250 train_time:256.430s step_avg:311.96ms
step:823/3250 train_time:256.730s step_avg:311.94ms
step:824/3250 train_time:257.031s step_avg:311.93ms
step:825/3250 train_time:257.330s step_avg:311.91ms
step:826/3250 train_time:257.630s step_avg:311.90ms
step:827/3250 train_time:257.929s step_avg:311.89ms
step:828/3250 train_time:258.231s step_avg:311.87ms
step:829/3250 train_time:258.531s step_avg:311.86ms
step:830/3250 train_time:258.829s step_avg:311.84ms
step:831/3250 train_time:259.129s step_avg:311.83ms
step:832/3250 train_time:259.430s step_avg:311.81ms
step:833/3250 train_time:259.729s step_avg:311.80ms
step:834/3250 train_time:260.035s step_avg:311.79ms
step:835/3250 train_time:260.330s step_avg:311.77ms
step:836/3250 train_time:260.630s step_avg:311.76ms
step:837/3250 train_time:260.930s step_avg:311.74ms
step:838/3250 train_time:261.229s step_avg:311.73ms
step:839/3250 train_time:261.529s step_avg:311.72ms
step:840/3250 train_time:261.829s step_avg:311.70ms
step:841/3250 train_time:262.129s step_avg:311.69ms
step:842/3250 train_time:262.430s step_avg:311.68ms
step:843/3250 train_time:262.728s step_avg:311.66ms
step:844/3250 train_time:263.027s step_avg:311.64ms
step:845/3250 train_time:263.327s step_avg:311.63ms
step:846/3250 train_time:263.626s step_avg:311.62ms
step:847/3250 train_time:263.926s step_avg:311.60ms
step:848/3250 train_time:264.227s step_avg:311.59ms
step:849/3250 train_time:264.527s step_avg:311.58ms
step:850/3250 train_time:264.830s step_avg:311.56ms
step:851/3250 train_time:265.130s step_avg:311.55ms
step:852/3250 train_time:265.429s step_avg:311.54ms
step:853/3250 train_time:265.729s step_avg:311.52ms
step:854/3250 train_time:266.029s step_avg:311.51ms
step:855/3250 train_time:266.332s step_avg:311.50ms
step:856/3250 train_time:266.631s step_avg:311.48ms
step:857/3250 train_time:266.929s step_avg:311.47ms
step:858/3250 train_time:267.228s step_avg:311.45ms
step:859/3250 train_time:267.528s step_avg:311.44ms
step:860/3250 train_time:267.828s step_avg:311.43ms
step:861/3250 train_time:268.129s step_avg:311.42ms
step:862/3250 train_time:268.432s step_avg:311.41ms
step:863/3250 train_time:268.732s step_avg:311.39ms
step:864/3250 train_time:269.029s step_avg:311.38ms
step:865/3250 train_time:269.327s step_avg:311.36ms
step:866/3250 train_time:269.628s step_avg:311.35ms
step:867/3250 train_time:269.927s step_avg:311.33ms
step:868/3250 train_time:270.227s step_avg:311.32ms
step:869/3250 train_time:270.527s step_avg:311.31ms
step:870/3250 train_time:270.827s step_avg:311.30ms
step:871/3250 train_time:271.127s step_avg:311.28ms
step:872/3250 train_time:271.428s step_avg:311.27ms
step:873/3250 train_time:271.728s step_avg:311.26ms
step:874/3250 train_time:272.026s step_avg:311.24ms
step:875/3250 train_time:272.327s step_avg:311.23ms
step:875/3250 val_loss:3.68511 train_time:272.331s step_avg:300.46ms
step:876/3250 train_time:272.629s step_avg:311.22ms
step:877/3250 train_time:272.929s step_avg:311.21ms
step:878/3250 train_time:273.230s step_avg:311.20ms
step:879/3250 train_time:273.533s step_avg:311.19ms
step:880/3250 train_time:273.829s step_avg:311.17ms
step:881/3250 train_time:274.128s step_avg:311.16ms
step:882/3250 train_time:274.429s step_avg:311.14ms
step:883/3250 train_time:274.730s step_avg:311.13ms
step:884/3250 train_time:275.030s step_avg:311.12ms
step:885/3250 train_time:275.331s step_avg:311.11ms
step:886/3250 train_time:275.632s step_avg:311.10ms
step:887/3250 train_time:275.928s step_avg:311.08ms
step:888/3250 train_time:276.228s step_avg:311.07ms
step:889/3250 train_time:276.529s step_avg:311.06ms
step:890/3250 train_time:276.829s step_avg:311.04ms
step:891/3250 train_time:277.129s step_avg:311.03ms
step:892/3250 train_time:277.430s step_avg:311.02ms
step:893/3250 train_time:277.731s step_avg:311.01ms
step:894/3250 train_time:278.028s step_avg:310.99ms
step:895/3250 train_time:278.328s step_avg:310.98ms
step:896/3250 train_time:278.629s step_avg:310.97ms
step:897/3250 train_time:278.929s step_avg:310.96ms
step:898/3250 train_time:279.230s step_avg:310.95ms
step:899/3250 train_time:279.530s step_avg:310.93ms
step:900/3250 train_time:279.830s step_avg:310.92ms
step:901/3250 train_time:280.130s step_avg:310.91ms
step:902/3250 train_time:280.429s step_avg:310.90ms
step:903/3250 train_time:280.729s step_avg:310.88ms
step:904/3250 train_time:281.029s step_avg:310.87ms
step:905/3250 train_time:281.329s step_avg:310.86ms
step:906/3250 train_time:281.629s step_avg:310.85ms
step:907/3250 train_time:281.930s step_avg:310.84ms
step:908/3250 train_time:282.230s step_avg:310.83ms
step:909/3250 train_time:282.530s step_avg:310.81ms
step:910/3250 train_time:282.829s step_avg:310.80ms
step:911/3250 train_time:283.129s step_avg:310.79ms
step:912/3250 train_time:283.429s step_avg:310.78ms
step:913/3250 train_time:283.730s step_avg:310.77ms
step:914/3250 train_time:284.030s step_avg:310.75ms
step:915/3250 train_time:284.329s step_avg:310.74ms
step:916/3250 train_time:284.630s step_avg:310.73ms
step:917/3250 train_time:284.930s step_avg:310.72ms
step:918/3250 train_time:285.230s step_avg:310.71ms
step:919/3250 train_time:285.528s step_avg:310.69ms
step:920/3250 train_time:285.830s step_avg:310.68ms
step:921/3250 train_time:286.129s step_avg:310.67ms
step:922/3250 train_time:286.429s step_avg:310.66ms
step:923/3250 train_time:286.729s step_avg:310.65ms
step:924/3250 train_time:287.029s step_avg:310.64ms
step:925/3250 train_time:287.328s step_avg:310.62ms
step:926/3250 train_time:287.629s step_avg:310.61ms
step:927/3250 train_time:287.929s step_avg:310.60ms
step:928/3250 train_time:288.230s step_avg:310.59ms
step:929/3250 train_time:288.529s step_avg:310.58ms
step:930/3250 train_time:288.829s step_avg:310.57ms
step:931/3250 train_time:289.130s step_avg:310.56ms
step:932/3250 train_time:289.429s step_avg:310.55ms
step:933/3250 train_time:289.730s step_avg:310.54ms
step:934/3250 train_time:290.031s step_avg:310.53ms
step:935/3250 train_time:290.330s step_avg:310.51ms
step:936/3250 train_time:290.630s step_avg:310.50ms
step:937/3250 train_time:290.930s step_avg:310.49ms
step:938/3250 train_time:291.230s step_avg:310.48ms
step:939/3250 train_time:291.530s step_avg:310.47ms
step:940/3250 train_time:291.830s step_avg:310.46ms
step:941/3250 train_time:292.130s step_avg:310.45ms
step:942/3250 train_time:292.429s step_avg:310.43ms
step:943/3250 train_time:292.729s step_avg:310.42ms
step:944/3250 train_time:293.029s step_avg:310.41ms
step:945/3250 train_time:293.327s step_avg:310.40ms
step:946/3250 train_time:293.629s step_avg:310.39ms
step:947/3250 train_time:293.928s step_avg:310.38ms
step:948/3250 train_time:294.227s step_avg:310.37ms
step:949/3250 train_time:294.528s step_avg:310.36ms
step:950/3250 train_time:294.830s step_avg:310.35ms
step:951/3250 train_time:295.193s step_avg:310.40ms
step:952/3250 train_time:295.490s step_avg:310.39ms
step:953/3250 train_time:295.789s step_avg:310.38ms
step:954/3250 train_time:296.093s step_avg:310.37ms
step:955/3250 train_time:296.390s step_avg:310.36ms
step:956/3250 train_time:296.688s step_avg:310.34ms
step:957/3250 train_time:296.992s step_avg:310.34ms
step:958/3250 train_time:297.292s step_avg:310.33ms
step:959/3250 train_time:297.590s step_avg:310.31ms
step:960/3250 train_time:297.890s step_avg:310.30ms
step:961/3250 train_time:298.191s step_avg:310.29ms
step:962/3250 train_time:298.490s step_avg:310.28ms
step:963/3250 train_time:298.789s step_avg:310.27ms
step:964/3250 train_time:299.092s step_avg:310.26ms
step:965/3250 train_time:299.391s step_avg:310.25ms
step:966/3250 train_time:299.689s step_avg:310.24ms
step:967/3250 train_time:299.990s step_avg:310.23ms
step:968/3250 train_time:300.291s step_avg:310.22ms
step:969/3250 train_time:300.589s step_avg:310.21ms
step:970/3250 train_time:300.890s step_avg:310.20ms
step:971/3250 train_time:301.193s step_avg:310.19ms
step:972/3250 train_time:301.492s step_avg:310.18ms
step:973/3250 train_time:301.789s step_avg:310.16ms
step:974/3250 train_time:302.089s step_avg:310.15ms
step:975/3250 train_time:302.390s step_avg:310.14ms
step:976/3250 train_time:302.691s step_avg:310.13ms
step:977/3250 train_time:302.991s step_avg:310.12ms
step:978/3250 train_time:303.291s step_avg:310.11ms
step:979/3250 train_time:303.590s step_avg:310.10ms
step:980/3250 train_time:303.891s step_avg:310.09ms
step:981/3250 train_time:304.190s step_avg:310.08ms
step:982/3250 train_time:304.489s step_avg:310.07ms
step:983/3250 train_time:304.789s step_avg:310.06ms
step:984/3250 train_time:305.091s step_avg:310.05ms
step:985/3250 train_time:305.390s step_avg:310.04ms
step:986/3250 train_time:305.690s step_avg:310.03ms
step:987/3250 train_time:305.991s step_avg:310.02ms
step:988/3250 train_time:306.289s step_avg:310.01ms
step:989/3250 train_time:306.590s step_avg:310.00ms
step:990/3250 train_time:306.890s step_avg:309.99ms
step:991/3250 train_time:307.189s step_avg:309.98ms
step:992/3250 train_time:307.491s step_avg:309.97ms
step:993/3250 train_time:307.792s step_avg:309.96ms
step:994/3250 train_time:308.090s step_avg:309.95ms
step:995/3250 train_time:308.391s step_avg:309.94ms
step:996/3250 train_time:308.691s step_avg:309.93ms
step:997/3250 train_time:308.989s step_avg:309.92ms
step:998/3250 train_time:309.289s step_avg:309.91ms
step:999/3250 train_time:309.589s step_avg:309.90ms
step:1000/3250 train_time:309.889s step_avg:309.89ms
step:1000/3250 val_loss:3.65120 train_time:309.893s step_avg:300.50ms
step:1001/3250 train_time:310.186s step_avg:309.88ms
step:1002/3250 train_time:310.878s step_avg:310.26ms
step:1003/3250 train_time:311.185s step_avg:310.25ms
step:1004/3250 train_time:311.487s step_avg:310.25ms
step:1005/3250 train_time:311.789s step_avg:310.24ms
step:1006/3250 train_time:312.094s step_avg:310.23ms
step:1007/3250 train_time:312.398s step_avg:310.23ms
step:1008/3250 train_time:312.703s step_avg:310.22ms
step:1009/3250 train_time:313.006s step_avg:310.21ms
step:1010/3250 train_time:313.309s step_avg:310.21ms
step:1011/3250 train_time:313.611s step_avg:310.20ms
step:1012/3250 train_time:313.915s step_avg:310.19ms
step:1013/3250 train_time:314.219s step_avg:310.19ms
step:1014/3250 train_time:314.524s step_avg:310.18ms
step:1015/3250 train_time:314.827s step_avg:310.17ms
step:1016/3250 train_time:315.131s step_avg:310.17ms
step:1017/3250 train_time:315.433s step_avg:310.16ms
step:1018/3250 train_time:315.739s step_avg:310.16ms
step:1019/3250 train_time:316.050s step_avg:310.16ms
step:1020/3250 train_time:316.361s step_avg:310.16ms
step:1021/3250 train_time:316.666s step_avg:310.15ms
step:1022/3250 train_time:316.969s step_avg:310.15ms
step:1023/3250 train_time:317.278s step_avg:310.14ms
step:1024/3250 train_time:317.587s step_avg:310.14ms
step:1025/3250 train_time:317.893s step_avg:310.14ms
step:1026/3250 train_time:318.196s step_avg:310.13ms
step:1027/3250 train_time:318.506s step_avg:310.13ms
step:1028/3250 train_time:318.808s step_avg:310.12ms
step:1029/3250 train_time:319.112s step_avg:310.12ms
step:1030/3250 train_time:319.424s step_avg:310.12ms
step:1031/3250 train_time:319.730s step_avg:310.12ms
step:1032/3250 train_time:320.037s step_avg:310.11ms
step:1033/3250 train_time:320.346s step_avg:310.11ms
step:1034/3250 train_time:320.651s step_avg:310.11ms
step:1035/3250 train_time:320.957s step_avg:310.10ms
step:1036/3250 train_time:321.264s step_avg:310.10ms
step:1037/3250 train_time:321.567s step_avg:310.09ms
step:1038/3250 train_time:321.870s step_avg:310.09ms
step:1039/3250 train_time:322.173s step_avg:310.08ms
step:1040/3250 train_time:322.477s step_avg:310.07ms
step:1041/3250 train_time:322.784s step_avg:310.07ms
step:1042/3250 train_time:323.088s step_avg:310.07ms
step:1043/3250 train_time:323.393s step_avg:310.06ms
step:1044/3250 train_time:323.702s step_avg:310.06ms
step:1045/3250 train_time:324.006s step_avg:310.05ms
step:1046/3250 train_time:324.310s step_avg:310.05ms
step:1047/3250 train_time:324.614s step_avg:310.04ms
step:1048/3250 train_time:324.917s step_avg:310.04ms
step:1049/3250 train_time:325.223s step_avg:310.03ms
step:1050/3250 train_time:325.526s step_avg:310.03ms
step:1051/3250 train_time:325.832s step_avg:310.02ms
step:1052/3250 train_time:326.135s step_avg:310.01ms
step:1053/3250 train_time:326.438s step_avg:310.01ms
step:1054/3250 train_time:326.745s step_avg:310.00ms
step:1055/3250 train_time:327.056s step_avg:310.01ms
step:1056/3250 train_time:327.367s step_avg:310.01ms
step:1057/3250 train_time:327.674s step_avg:310.00ms
step:1058/3250 train_time:327.986s step_avg:310.01ms
step:1059/3250 train_time:328.297s step_avg:310.01ms
step:1060/3250 train_time:328.601s step_avg:310.00ms
step:1061/3250 train_time:328.915s step_avg:310.00ms
step:1062/3250 train_time:329.225s step_avg:310.00ms
step:1063/3250 train_time:329.527s step_avg:310.00ms
step:1064/3250 train_time:329.831s step_avg:309.99ms
step:1065/3250 train_time:330.135s step_avg:309.99ms
step:1066/3250 train_time:330.443s step_avg:309.98ms
step:1067/3250 train_time:330.754s step_avg:309.98ms
step:1068/3250 train_time:331.060s step_avg:309.98ms
step:1069/3250 train_time:331.367s step_avg:309.98ms
step:1070/3250 train_time:331.671s step_avg:309.97ms
step:1071/3250 train_time:331.977s step_avg:309.97ms
step:1072/3250 train_time:332.283s step_avg:309.97ms
step:1073/3250 train_time:332.590s step_avg:309.96ms
step:1074/3250 train_time:332.894s step_avg:309.96ms
step:1075/3250 train_time:333.199s step_avg:309.95ms
step:1076/3250 train_time:333.505s step_avg:309.95ms
step:1077/3250 train_time:333.810s step_avg:309.94ms
step:1078/3250 train_time:334.113s step_avg:309.94ms
step:1079/3250 train_time:334.420s step_avg:309.93ms
step:1080/3250 train_time:334.725s step_avg:309.93ms
step:1081/3250 train_time:335.029s step_avg:309.92ms
step:1082/3250 train_time:335.332s step_avg:309.92ms
step:1083/3250 train_time:335.636s step_avg:309.91ms
step:1084/3250 train_time:335.939s step_avg:309.91ms
step:1085/3250 train_time:336.244s step_avg:309.90ms
step:1086/3250 train_time:336.547s step_avg:309.90ms
step:1087/3250 train_time:336.850s step_avg:309.89ms
step:1088/3250 train_time:337.154s step_avg:309.88ms
step:1089/3250 train_time:337.456s step_avg:309.88ms
step:1090/3250 train_time:337.759s step_avg:309.87ms
step:1091/3250 train_time:338.063s step_avg:309.87ms
step:1092/3250 train_time:338.367s step_avg:309.86ms
step:1093/3250 train_time:338.670s step_avg:309.85ms
step:1094/3250 train_time:338.973s step_avg:309.85ms
step:1095/3250 train_time:339.276s step_avg:309.84ms
step:1096/3250 train_time:339.580s step_avg:309.84ms
step:1097/3250 train_time:339.884s step_avg:309.83ms
step:1098/3250 train_time:340.187s step_avg:309.82ms
step:1099/3250 train_time:340.489s step_avg:309.82ms
step:1100/3250 train_time:340.792s step_avg:309.81ms
step:1101/3250 train_time:341.094s step_avg:309.80ms
step:1102/3250 train_time:341.398s step_avg:309.80ms
step:1103/3250 train_time:341.703s step_avg:309.79ms
step:1104/3250 train_time:342.007s step_avg:309.79ms
step:1105/3250 train_time:342.310s step_avg:309.78ms
step:1106/3250 train_time:342.613s step_avg:309.78ms
step:1107/3250 train_time:342.916s step_avg:309.77ms
step:1108/3250 train_time:343.222s step_avg:309.77ms
step:1109/3250 train_time:343.526s step_avg:309.76ms
step:1110/3250 train_time:343.828s step_avg:309.76ms
step:1111/3250 train_time:344.132s step_avg:309.75ms
step:1112/3250 train_time:344.436s step_avg:309.74ms
step:1113/3250 train_time:344.738s step_avg:309.74ms
step:1114/3250 train_time:345.042s step_avg:309.73ms
step:1115/3250 train_time:345.346s step_avg:309.73ms
step:1116/3250 train_time:345.649s step_avg:309.72ms
step:1117/3250 train_time:345.953s step_avg:309.72ms
step:1118/3250 train_time:346.256s step_avg:309.71ms
step:1119/3250 train_time:346.561s step_avg:309.71ms
step:1120/3250 train_time:346.866s step_avg:309.70ms
step:1121/3250 train_time:347.168s step_avg:309.70ms
step:1122/3250 train_time:347.472s step_avg:309.69ms
step:1123/3250 train_time:347.775s step_avg:309.68ms
step:1124/3250 train_time:348.079s step_avg:309.68ms
step:1125/3250 train_time:348.384s step_avg:309.67ms
step:1125/3250 val_loss:3.59963 train_time:348.385s step_avg:307.93ms
probe_ema: n=84934656 align=-0.41892,-0.37579,-0.33200,-0.29092 rel_mse=1.07902,1.04186,1.02182,1.01150
step:1126/3250 train_time:348.687s step_avg:309.67ms
step:1127/3250 train_time:348.989s step_avg:309.66ms
step:1128/3250 train_time:349.294s step_avg:309.66ms
step:1129/3250 train_time:349.602s step_avg:309.66ms
step:1130/3250 train_time:349.907s step_avg:309.65ms
step:1131/3250 train_time:350.212s step_avg:309.65ms
step:1132/3250 train_time:350.519s step_avg:309.65ms
step:1133/3250 train_time:350.823s step_avg:309.64ms
step:1134/3250 train_time:351.126s step_avg:309.63ms
step:1135/3250 train_time:351.430s step_avg:309.63ms
step:1136/3250 train_time:351.736s step_avg:309.63ms
step:1137/3250 train_time:352.041s step_avg:309.62ms
step:1138/3250 train_time:352.346s step_avg:309.62ms
step:1139/3250 train_time:352.649s step_avg:309.61ms
step:1140/3250 train_time:352.954s step_avg:309.61ms
step:1141/3250 train_time:353.345s step_avg:309.68ms
step:1142/3250 train_time:353.648s step_avg:309.67ms
step:1143/3250 train_time:353.952s step_avg:309.67ms
step:1144/3250 train_time:354.259s step_avg:309.67ms
step:1145/3250 train_time:354.563s step_avg:309.66ms
step:1146/3250 train_time:354.867s step_avg:309.66ms
step:1147/3250 train_time:355.172s step_avg:309.65ms
step:1148/3250 train_time:355.478s step_avg:309.65ms
step:1149/3250 train_time:355.781s step_avg:309.64ms
step:1150/3250 train_time:356.084s step_avg:309.64ms
step:1151/3250 train_time:356.390s step_avg:309.64ms
step:1152/3250 train_time:356.695s step_avg:309.63ms
step:1153/3250 train_time:357.001s step_avg:309.63ms
step:1154/3250 train_time:357.306s step_avg:309.62ms
step:1155/3250 train_time:357.612s step_avg:309.62ms
step:1156/3250 train_time:357.919s step_avg:309.62ms
step:1157/3250 train_time:358.222s step_avg:309.61ms
step:1158/3250 train_time:358.527s step_avg:309.61ms
step:1159/3250 train_time:358.837s step_avg:309.61ms
step:1160/3250 train_time:359.142s step_avg:309.61ms
step:1161/3250 train_time:359.447s step_avg:309.60ms
step:1162/3250 train_time:359.751s step_avg:309.60ms
step:1163/3250 train_time:360.057s step_avg:309.59ms
step:1164/3250 train_time:360.363s step_avg:309.59ms
step:1165/3250 train_time:360.669s step_avg:309.59ms
step:1166/3250 train_time:360.975s step_avg:309.58ms
step:1167/3250 train_time:361.279s step_avg:309.58ms
step:1168/3250 train_time:361.583s step_avg:309.57ms
step:1169/3250 train_time:361.888s step_avg:309.57ms
step:1170/3250 train_time:362.192s step_avg:309.57ms
step:1171/3250 train_time:362.497s step_avg:309.56ms
step:1172/3250 train_time:362.800s step_avg:309.56ms
step:1173/3250 train_time:363.105s step_avg:309.55ms
step:1174/3250 train_time:363.410s step_avg:309.55ms
step:1175/3250 train_time:363.714s step_avg:309.54ms
step:1176/3250 train_time:364.019s step_avg:309.54ms
step:1177/3250 train_time:364.323s step_avg:309.54ms
step:1178/3250 train_time:364.629s step_avg:309.53ms
step:1179/3250 train_time:364.938s step_avg:309.53ms
step:1180/3250 train_time:365.243s step_avg:309.53ms
step:1181/3250 train_time:365.549s step_avg:309.53ms
step:1182/3250 train_time:365.855s step_avg:309.52ms
step:1183/3250 train_time:366.160s step_avg:309.52ms
step:1184/3250 train_time:366.463s step_avg:309.51ms
step:1185/3250 train_time:366.767s step_avg:309.51ms
step:1186/3250 train_time:367.073s step_avg:309.50ms
step:1187/3250 train_time:367.380s step_avg:309.50ms
step:1188/3250 train_time:367.685s step_avg:309.50ms
step:1189/3250 train_time:367.990s step_avg:309.50ms
step:1190/3250 train_time:368.295s step_avg:309.49ms
step:1191/3250 train_time:368.600s step_avg:309.49ms
step:1192/3250 train_time:368.907s step_avg:309.49ms
step:1193/3250 train_time:369.214s step_avg:309.48ms
step:1194/3250 train_time:369.522s step_avg:309.48ms
step:1195/3250 train_time:369.827s step_avg:309.48ms
step:1196/3250 train_time:370.131s step_avg:309.47ms
step:1197/3250 train_time:370.437s step_avg:309.47ms
step:1198/3250 train_time:370.741s step_avg:309.47ms
step:1199/3250 train_time:371.045s step_avg:309.46ms
step:1200/3250 train_time:371.349s step_avg:309.46ms
step:1201/3250 train_time:371.654s step_avg:309.45ms
step:1202/3250 train_time:371.960s step_avg:309.45ms
step:1203/3250 train_time:372.263s step_avg:309.45ms
step:1204/3250 train_time:372.566s step_avg:309.44ms
step:1205/3250 train_time:372.870s step_avg:309.44ms
step:1206/3250 train_time:373.176s step_avg:309.43ms
step:1207/3250 train_time:373.480s step_avg:309.43ms
step:1208/3250 train_time:373.786s step_avg:309.43ms
step:1209/3250 train_time:374.090s step_avg:309.42ms
step:1210/3250 train_time:374.395s step_avg:309.42ms
step:1211/3250 train_time:374.700s step_avg:309.41ms
step:1212/3250 train_time:375.003s step_avg:309.41ms
step:1213/3250 train_time:375.307s step_avg:309.40ms
step:1214/3250 train_time:375.611s step_avg:309.40ms
step:1215/3250 train_time:375.918s step_avg:309.40ms
step:1216/3250 train_time:376.222s step_avg:309.39ms
step:1217/3250 train_time:376.525s step_avg:309.39ms
step:1218/3250 train_time:376.830s step_avg:309.38ms
step:1219/3250 train_time:377.135s step_avg:309.38ms
step:1220/3250 train_time:377.440s step_avg:309.38ms
step:1221/3250 train_time:377.746s step_avg:309.37ms
step:1222/3250 train_time:378.049s step_avg:309.37ms
step:1223/3250 train_time:378.352s step_avg:309.36ms
step:1224/3250 train_time:378.658s step_avg:309.36ms
step:1225/3250 train_time:378.962s step_avg:309.36ms
step:1226/3250 train_time:379.268s step_avg:309.35ms
step:1227/3250 train_time:379.572s step_avg:309.35ms
step:1228/3250 train_time:379.881s step_avg:309.35ms
step:1229/3250 train_time:380.191s step_avg:309.35ms
step:1230/3250 train_time:380.502s step_avg:309.35ms
step:1231/3250 train_time:380.810s step_avg:309.35ms
step:1232/3250 train_time:381.120s step_avg:309.35ms
step:1233/3250 train_time:381.427s step_avg:309.35ms
step:1234/3250 train_time:381.735s step_avg:309.35ms
step:1235/3250 train_time:382.042s step_avg:309.35ms
step:1236/3250 train_time:382.348s step_avg:309.34ms
step:1237/3250 train_time:382.655s step_avg:309.34ms
step:1238/3250 train_time:382.961s step_avg:309.34ms
step:1239/3250 train_time:383.265s step_avg:309.33ms
step:1240/3250 train_time:383.571s step_avg:309.33ms
step:1241/3250 train_time:383.878s step_avg:309.33ms
step:1242/3250 train_time:384.181s step_avg:309.32ms
step:1243/3250 train_time:384.493s step_avg:309.33ms
step:1244/3250 train_time:384.808s step_avg:309.33ms
step:1245/3250 train_time:385.121s step_avg:309.33ms
step:1246/3250 train_time:385.425s step_avg:309.33ms
step:1247/3250 train_time:385.729s step_avg:309.33ms
step:1248/3250 train_time:386.036s step_avg:309.32ms
step:1249/3250 train_time:386.343s step_avg:309.32ms
step:1250/3250 train_time:386.651s step_avg:309.32ms
step:1250/3250 val_loss:3.57119 train_time:386.652s step_avg:306.13ms
probe_ema: n=84934656 align=-0.39351,-0.35167,-0.30890,-0.26337 rel_mse=1.06979,1.03723,1.01942,1.00999
step:1251/3250 train_time:386.958s step_avg:309.32ms
step:1252/3250 train_time:387.268s step_avg:309.32ms
step:1253/3250 train_time:387.574s step_avg:309.32ms
step:1254/3250 train_time:387.879s step_avg:309.31ms
step:1255/3250 train_time:388.187s step_avg:309.31ms
step:1256/3250 train_time:388.499s step_avg:309.31ms
step:1257/3250 train_time:388.803s step_avg:309.31ms
step:1258/3250 train_time:389.110s step_avg:309.31ms
step:1259/3250 train_time:389.417s step_avg:309.31ms
step:1260/3250 train_time:389.722s step_avg:309.30ms
step:1261/3250 train_time:390.032s step_avg:309.30ms
step:1262/3250 train_time:390.337s step_avg:309.30ms
step:1263/3250 train_time:390.640s step_avg:309.30ms
step:1264/3250 train_time:390.946s step_avg:309.29ms
step:1265/3250 train_time:391.252s step_avg:309.29ms
step:1266/3250 train_time:391.557s step_avg:309.29ms
step:1267/3250 train_time:391.862s step_avg:309.28ms
step:1268/3250 train_time:392.168s step_avg:309.28ms
step:1269/3250 train_time:392.474s step_avg:309.28ms
step:1270/3250 train_time:392.777s step_avg:309.27ms
step:1271/3250 train_time:393.081s step_avg:309.27ms
step:1272/3250 train_time:393.386s step_avg:309.27ms
step:1273/3250 train_time:393.692s step_avg:309.26ms
step:1274/3250 train_time:393.998s step_avg:309.26ms
step:1275/3250 train_time:394.304s step_avg:309.26ms
step:1276/3250 train_time:394.612s step_avg:309.26ms
step:1277/3250 train_time:394.922s step_avg:309.26ms
step:1278/3250 train_time:395.236s step_avg:309.26ms
step:1279/3250 train_time:395.546s step_avg:309.26ms
step:1280/3250 train_time:395.859s step_avg:309.26ms
step:1281/3250 train_time:396.168s step_avg:309.26ms
step:1282/3250 train_time:396.475s step_avg:309.26ms
step:1283/3250 train_time:396.779s step_avg:309.26ms
step:1284/3250 train_time:397.088s step_avg:309.26ms
step:1285/3250 train_time:397.393s step_avg:309.26ms
step:1286/3250 train_time:397.697s step_avg:309.25ms
step:1287/3250 train_time:398.001s step_avg:309.25ms
step:1288/3250 train_time:398.310s step_avg:309.25ms
step:1289/3250 train_time:398.620s step_avg:309.25ms
step:1290/3250 train_time:398.927s step_avg:309.25ms
step:1291/3250 train_time:399.234s step_avg:309.24ms
step:1292/3250 train_time:399.540s step_avg:309.24ms
step:1293/3250 train_time:399.843s step_avg:309.24ms
step:1294/3250 train_time:400.154s step_avg:309.24ms
step:1295/3250 train_time:400.460s step_avg:309.24ms
step:1296/3250 train_time:400.770s step_avg:309.24ms
step:1297/3250 train_time:401.074s step_avg:309.23ms
step:1298/3250 train_time:401.380s step_avg:309.23ms
step:1299/3250 train_time:401.686s step_avg:309.23ms
step:1300/3250 train_time:401.991s step_avg:309.22ms
step:1301/3250 train_time:402.295s step_avg:309.22ms
step:1302/3250 train_time:402.602s step_avg:309.22ms
step:1303/3250 train_time:402.909s step_avg:309.22ms
step:1304/3250 train_time:403.215s step_avg:309.21ms
step:1305/3250 train_time:403.520s step_avg:309.21ms
step:1306/3250 train_time:403.836s step_avg:309.22ms
step:1307/3250 train_time:404.141s step_avg:309.21ms
step:1308/3250 train_time:404.448s step_avg:309.21ms
step:1309/3250 train_time:404.755s step_avg:309.21ms
step:1310/3250 train_time:405.062s step_avg:309.21ms
step:1311/3250 train_time:405.368s step_avg:309.20ms
step:1312/3250 train_time:405.672s step_avg:309.20ms
step:1313/3250 train_time:405.976s step_avg:309.20ms
step:1314/3250 train_time:406.280s step_avg:309.19ms
step:1315/3250 train_time:406.584s step_avg:309.19ms
step:1316/3250 train_time:406.889s step_avg:309.19ms
step:1317/3250 train_time:407.194s step_avg:309.18ms
step:1318/3250 train_time:407.499s step_avg:309.18ms
step:1319/3250 train_time:407.802s step_avg:309.17ms
step:1320/3250 train_time:408.107s step_avg:309.17ms
step:1321/3250 train_time:408.412s step_avg:309.17ms
step:1322/3250 train_time:408.716s step_avg:309.16ms
step:1323/3250 train_time:409.019s step_avg:309.16ms
step:1324/3250 train_time:409.324s step_avg:309.16ms
step:1325/3250 train_time:409.630s step_avg:309.15ms
step:1326/3250 train_time:409.934s step_avg:309.15ms
step:1327/3250 train_time:410.240s step_avg:309.15ms
step:1328/3250 train_time:410.546s step_avg:309.15ms
step:1329/3250 train_time:410.854s step_avg:309.14ms
step:1330/3250 train_time:411.160s step_avg:309.14ms
step:1331/3250 train_time:411.541s step_avg:309.20ms
step:1332/3250 train_time:411.845s step_avg:309.19ms
step:1333/3250 train_time:412.152s step_avg:309.19ms
step:1334/3250 train_time:412.455s step_avg:309.19ms
step:1335/3250 train_time:412.758s step_avg:309.18ms
step:1336/3250 train_time:413.062s step_avg:309.18ms
step:1337/3250 train_time:413.366s step_avg:309.17ms
step:1338/3250 train_time:413.670s step_avg:309.17ms
step:1339/3250 train_time:413.974s step_avg:309.17ms
step:1340/3250 train_time:414.279s step_avg:309.16ms
step:1341/3250 train_time:414.583s step_avg:309.16ms
step:1342/3250 train_time:414.887s step_avg:309.16ms
step:1343/3250 train_time:415.193s step_avg:309.15ms
step:1344/3250 train_time:415.497s step_avg:309.15ms
step:1345/3250 train_time:415.802s step_avg:309.15ms
step:1346/3250 train_time:416.105s step_avg:309.14ms
step:1347/3250 train_time:416.411s step_avg:309.14ms
step:1348/3250 train_time:416.713s step_avg:309.13ms
step:1349/3250 train_time:417.016s step_avg:309.13ms
step:1350/3250 train_time:417.320s step_avg:309.13ms
step:1351/3250 train_time:417.625s step_avg:309.12ms
step:1352/3250 train_time:417.930s step_avg:309.12ms
step:1353/3250 train_time:418.233s step_avg:309.12ms
step:1354/3250 train_time:418.537s step_avg:309.11ms
step:1355/3250 train_time:418.839s step_avg:309.11ms
step:1356/3250 train_time:419.141s step_avg:309.10ms
step:1357/3250 train_time:419.444s step_avg:309.10ms
step:1358/3250 train_time:419.751s step_avg:309.09ms
step:1359/3250 train_time:420.054s step_avg:309.09ms
step:1360/3250 train_time:420.356s step_avg:309.09ms
step:1361/3250 train_time:420.658s step_avg:309.08ms
step:1362/3250 train_time:420.960s step_avg:309.08ms
step:1363/3250 train_time:421.265s step_avg:309.07ms
step:1364/3250 train_time:421.570s step_avg:309.07ms
step:1365/3250 train_time:421.872s step_avg:309.06ms
step:1366/3250 train_time:422.176s step_avg:309.06ms
step:1367/3250 train_time:422.479s step_avg:309.06ms
step:1368/3250 train_time:422.780s step_avg:309.05ms
step:1369/3250 train_time:423.082s step_avg:309.04ms
step:1370/3250 train_time:423.385s step_avg:309.04ms
step:1371/3250 train_time:423.690s step_avg:309.04ms
step:1372/3250 train_time:423.994s step_avg:309.03ms
step:1373/3250 train_time:424.297s step_avg:309.03ms
step:1374/3250 train_time:424.601s step_avg:309.03ms
step:1375/3250 train_time:424.904s step_avg:309.02ms
step:1375/3250 val_loss:3.55003 train_time:424.905s step_avg:306.03ms
probe_ema: n=84934656 align=-0.32946,-0.29669,-0.26785,-0.23812 rel_mse=1.06939,1.03782,1.01991,1.01032
step:1376/3250 train_time:425.212s step_avg:309.02ms
step:1377/3250 train_time:425.517s step_avg:309.02ms
step:1378/3250 train_time:425.819s step_avg:309.01ms
step:1379/3250 train_time:426.122s step_avg:309.01ms
step:1380/3250 train_time:426.427s step_avg:309.01ms
step:1381/3250 train_time:426.732s step_avg:309.00ms
step:1382/3250 train_time:427.036s step_avg:309.00ms
step:1383/3250 train_time:427.339s step_avg:308.99ms
step:1384/3250 train_time:427.644s step_avg:308.99ms
step:1385/3250 train_time:427.950s step_avg:308.99ms
step:1386/3250 train_time:428.254s step_avg:308.99ms
step:1387/3250 train_time:428.559s step_avg:308.98ms
step:1388/3250 train_time:428.864s step_avg:308.98ms
step:1389/3250 train_time:429.170s step_avg:308.98ms
step:1390/3250 train_time:429.474s step_avg:308.97ms
step:1391/3250 train_time:429.778s step_avg:308.97ms
step:1392/3250 train_time:430.081s step_avg:308.97ms
step:1393/3250 train_time:430.384s step_avg:308.96ms
step:1394/3250 train_time:430.690s step_avg:308.96ms
step:1395/3250 train_time:430.994s step_avg:308.96ms
step:1396/3250 train_time:431.298s step_avg:308.95ms
step:1397/3250 train_time:431.601s step_avg:308.95ms
step:1398/3250 train_time:431.904s step_avg:308.94ms
step:1399/3250 train_time:432.209s step_avg:308.94ms
step:1400/3250 train_time:432.513s step_avg:308.94ms
step:1401/3250 train_time:432.816s step_avg:308.93ms
step:1402/3250 train_time:433.118s step_avg:308.93ms
step:1403/3250 train_time:433.421s step_avg:308.92ms
step:1404/3250 train_time:433.727s step_avg:308.92ms
step:1405/3250 train_time:434.030s step_avg:308.92ms
step:1406/3250 train_time:434.333s step_avg:308.91ms
step:1407/3250 train_time:434.636s step_avg:308.91ms
step:1408/3250 train_time:434.939s step_avg:308.91ms
step:1409/3250 train_time:435.241s step_avg:308.90ms
step:1410/3250 train_time:435.545s step_avg:308.90ms
step:1411/3250 train_time:435.849s step_avg:308.89ms
step:1412/3250 train_time:436.151s step_avg:308.89ms
step:1413/3250 train_time:436.454s step_avg:308.88ms
step:1414/3250 train_time:436.757s step_avg:308.88ms
step:1415/3250 train_time:437.061s step_avg:308.88ms
step:1416/3250 train_time:437.364s step_avg:308.87ms
step:1417/3250 train_time:437.669s step_avg:308.87ms
step:1418/3250 train_time:437.971s step_avg:308.87ms
step:1419/3250 train_time:438.275s step_avg:308.86ms
step:1420/3250 train_time:438.578s step_avg:308.86ms
step:1421/3250 train_time:438.879s step_avg:308.85ms
step:1422/3250 train_time:439.183s step_avg:308.85ms
step:1423/3250 train_time:439.488s step_avg:308.85ms
step:1424/3250 train_time:439.790s step_avg:308.84ms
step:1425/3250 train_time:440.094s step_avg:308.84ms
step:1426/3250 train_time:440.398s step_avg:308.83ms
step:1427/3250 train_time:440.702s step_avg:308.83ms
step:1428/3250 train_time:441.007s step_avg:308.83ms
step:1429/3250 train_time:441.310s step_avg:308.82ms
step:1430/3250 train_time:441.613s step_avg:308.82ms
step:1431/3250 train_time:441.916s step_avg:308.82ms
step:1432/3250 train_time:442.221s step_avg:308.81ms
step:1433/3250 train_time:442.524s step_avg:308.81ms
step:1434/3250 train_time:442.830s step_avg:308.81ms
step:1435/3250 train_time:443.133s step_avg:308.80ms
step:1436/3250 train_time:443.438s step_avg:308.80ms
step:1437/3250 train_time:443.741s step_avg:308.80ms
step:1438/3250 train_time:444.046s step_avg:308.79ms
step:1439/3250 train_time:444.350s step_avg:308.79ms
step:1440/3250 train_time:444.655s step_avg:308.79ms
step:1441/3250 train_time:444.957s step_avg:308.78ms
step:1442/3250 train_time:445.260s step_avg:308.78ms
step:1443/3250 train_time:445.563s step_avg:308.78ms
step:1444/3250 train_time:445.867s step_avg:308.77ms
step:1445/3250 train_time:446.170s step_avg:308.77ms
step:1446/3250 train_time:446.472s step_avg:308.76ms
step:1447/3250 train_time:446.775s step_avg:308.76ms
step:1448/3250 train_time:447.078s step_avg:308.76ms
step:1449/3250 train_time:447.380s step_avg:308.75ms
step:1450/3250 train_time:447.684s step_avg:308.75ms
step:1451/3250 train_time:447.989s step_avg:308.74ms
step:1452/3250 train_time:448.293s step_avg:308.74ms
step:1453/3250 train_time:448.598s step_avg:308.74ms
step:1454/3250 train_time:448.903s step_avg:308.74ms
step:1455/3250 train_time:449.209s step_avg:308.73ms
step:1456/3250 train_time:449.510s step_avg:308.73ms
step:1457/3250 train_time:449.814s step_avg:308.73ms
step:1458/3250 train_time:450.116s step_avg:308.72ms
step:1459/3250 train_time:450.419s step_avg:308.72ms
step:1460/3250 train_time:450.721s step_avg:308.71ms
step:1461/3250 train_time:451.025s step_avg:308.71ms
step:1462/3250 train_time:451.330s step_avg:308.71ms
step:1463/3250 train_time:451.633s step_avg:308.70ms
step:1464/3250 train_time:451.936s step_avg:308.70ms
step:1465/3250 train_time:452.239s step_avg:308.70ms
step:1466/3250 train_time:452.541s step_avg:308.69ms
step:1467/3250 train_time:452.843s step_avg:308.69ms
step:1468/3250 train_time:453.148s step_avg:308.68ms
step:1469/3250 train_time:453.451s step_avg:308.68ms
step:1470/3250 train_time:453.754s step_avg:308.68ms
step:1471/3250 train_time:454.058s step_avg:308.67ms
step:1472/3250 train_time:454.362s step_avg:308.67ms
step:1473/3250 train_time:454.665s step_avg:308.67ms
step:1474/3250 train_time:454.969s step_avg:308.66ms
step:1475/3250 train_time:455.272s step_avg:308.66ms
step:1476/3250 train_time:455.577s step_avg:308.66ms
step:1477/3250 train_time:455.880s step_avg:308.65ms
step:1478/3250 train_time:456.183s step_avg:308.65ms
step:1479/3250 train_time:456.487s step_avg:308.65ms
step:1480/3250 train_time:456.795s step_avg:308.65ms
step:1481/3250 train_time:457.099s step_avg:308.64ms
step:1482/3250 train_time:457.403s step_avg:308.64ms
step:1483/3250 train_time:457.714s step_avg:308.64ms
step:1484/3250 train_time:458.018s step_avg:308.64ms
step:1485/3250 train_time:458.326s step_avg:308.64ms
step:1486/3250 train_time:458.640s step_avg:308.64ms
step:1487/3250 train_time:458.944s step_avg:308.64ms
step:1488/3250 train_time:459.258s step_avg:308.64ms
step:1489/3250 train_time:459.564s step_avg:308.64ms
step:1490/3250 train_time:459.874s step_avg:308.64ms
step:1491/3250 train_time:460.178s step_avg:308.64ms
step:1492/3250 train_time:460.487s step_avg:308.64ms
step:1493/3250 train_time:460.797s step_avg:308.64ms
step:1494/3250 train_time:461.100s step_avg:308.63ms
step:1495/3250 train_time:461.404s step_avg:308.63ms
step:1496/3250 train_time:461.709s step_avg:308.63ms
step:1497/3250 train_time:462.012s step_avg:308.63ms
step:1498/3250 train_time:462.316s step_avg:308.62ms
step:1499/3250 train_time:462.620s step_avg:308.62ms
step:1500/3250 train_time:462.924s step_avg:308.62ms
step:1500/3250 val_loss:3.52296 train_time:462.926s step_avg:304.16ms
probe_ema: n=84934656 align=-0.36012,-0.32264,-0.28315,-0.23856 rel_mse=1.07348,1.03915,1.02034,1.01026
step:1501/3250 train_time:463.226s step_avg:308.61ms
step:1502/3250 train_time:463.539s step_avg:308.61ms
step:1503/3250 train_time:463.847s step_avg:308.61ms
step:1504/3250 train_time:464.153s step_avg:308.61ms
step:1505/3250 train_time:464.466s step_avg:308.62ms
step:1506/3250 train_time:464.770s step_avg:308.61ms
step:1507/3250 train_time:465.074s step_avg:308.61ms
step:1508/3250 train_time:465.382s step_avg:308.61ms
step:1509/3250 train_time:465.686s step_avg:308.61ms
step:1510/3250 train_time:465.991s step_avg:308.60ms
step:1511/3250 train_time:466.297s step_avg:308.60ms
step:1512/3250 train_time:466.605s step_avg:308.60ms
step:1513/3250 train_time:466.911s step_avg:308.60ms
step:1514/3250 train_time:467.217s step_avg:308.60ms
step:1515/3250 train_time:467.523s step_avg:308.60ms
step:1516/3250 train_time:467.829s step_avg:308.59ms
step:1517/3250 train_time:468.133s step_avg:308.59ms
step:1518/3250 train_time:468.438s step_avg:308.59ms
step:1519/3250 train_time:468.743s step_avg:308.59ms
step:1520/3250 train_time:469.054s step_avg:308.59ms
step:1521/3250 train_time:469.422s step_avg:308.63ms
step:1522/3250 train_time:469.728s step_avg:308.63ms
step:1523/3250 train_time:470.040s step_avg:308.63ms
step:1524/3250 train_time:470.347s step_avg:308.63ms
step:1525/3250 train_time:470.656s step_avg:308.63ms
step:1526/3250 train_time:470.962s step_avg:308.63ms
step:1527/3250 train_time:471.265s step_avg:308.62ms
step:1528/3250 train_time:471.570s step_avg:308.62ms
step:1529/3250 train_time:471.877s step_avg:308.62ms
step:1530/3250 train_time:472.182s step_avg:308.62ms
step:1531/3250 train_time:472.485s step_avg:308.61ms
step:1532/3250 train_time:472.794s step_avg:308.61ms
step:1533/3250 train_time:473.103s step_avg:308.61ms
step:1534/3250 train_time:473.406s step_avg:308.61ms
step:1535/3250 train_time:473.709s step_avg:308.61ms
step:1536/3250 train_time:474.020s step_avg:308.61ms
step:1537/3250 train_time:474.324s step_avg:308.60ms
step:1538/3250 train_time:474.628s step_avg:308.60ms
step:1539/3250 train_time:474.932s step_avg:308.60ms
step:1540/3250 train_time:475.237s step_avg:308.60ms
step:1541/3250 train_time:475.542s step_avg:308.59ms
step:1542/3250 train_time:475.845s step_avg:308.59ms
step:1543/3250 train_time:476.156s step_avg:308.59ms
step:1544/3250 train_time:476.469s step_avg:308.59ms
step:1545/3250 train_time:476.779s step_avg:308.59ms
step:1546/3250 train_time:477.082s step_avg:308.59ms
step:1547/3250 train_time:477.385s step_avg:308.59ms
step:1548/3250 train_time:477.688s step_avg:308.58ms
step:1549/3250 train_time:477.991s step_avg:308.58ms
step:1550/3250 train_time:478.295s step_avg:308.58ms
step:1551/3250 train_time:478.601s step_avg:308.58ms
step:1552/3250 train_time:478.903s step_avg:308.57ms
step:1553/3250 train_time:479.207s step_avg:308.57ms
step:1554/3250 train_time:479.509s step_avg:308.56ms
step:1555/3250 train_time:479.812s step_avg:308.56ms
step:1556/3250 train_time:480.117s step_avg:308.56ms
step:1557/3250 train_time:480.421s step_avg:308.56ms
step:1558/3250 train_time:480.724s step_avg:308.55ms
step:1559/3250 train_time:481.028s step_avg:308.55ms
step:1560/3250 train_time:481.331s step_avg:308.55ms
step:1561/3250 train_time:481.633s step_avg:308.54ms
step:1562/3250 train_time:481.938s step_avg:308.54ms
step:1563/3250 train_time:482.242s step_avg:308.54ms
step:1564/3250 train_time:482.545s step_avg:308.53ms
step:1565/3250 train_time:482.848s step_avg:308.53ms
step:1566/3250 train_time:483.150s step_avg:308.52ms
step:1567/3250 train_time:483.452s step_avg:308.52ms
step:1568/3250 train_time:483.753s step_avg:308.52ms
step:1569/3250 train_time:484.056s step_avg:308.51ms
step:1570/3250 train_time:484.362s step_avg:308.51ms
step:1571/3250 train_time:484.666s step_avg:308.51ms
step:1572/3250 train_time:484.969s step_avg:308.50ms
step:1573/3250 train_time:485.271s step_avg:308.50ms
step:1574/3250 train_time:485.575s step_avg:308.50ms
step:1575/3250 train_time:485.879s step_avg:308.49ms
step:1576/3250 train_time:486.182s step_avg:308.49ms
step:1577/3250 train_time:486.485s step_avg:308.49ms
step:1578/3250 train_time:486.788s step_avg:308.48ms
step:1579/3250 train_time:487.090s step_avg:308.48ms
step:1580/3250 train_time:487.393s step_avg:308.48ms
step:1581/3250 train_time:487.695s step_avg:308.47ms
step:1582/3250 train_time:488.000s step_avg:308.47ms
step:1583/3250 train_time:488.303s step_avg:308.47ms
step:1584/3250 train_time:488.608s step_avg:308.46ms
step:1585/3250 train_time:488.910s step_avg:308.46ms
step:1586/3250 train_time:489.212s step_avg:308.46ms
step:1587/3250 train_time:489.514s step_avg:308.45ms
step:1588/3250 train_time:489.818s step_avg:308.45ms
step:1589/3250 train_time:490.122s step_avg:308.45ms
step:1590/3250 train_time:490.424s step_avg:308.44ms
step:1591/3250 train_time:490.727s step_avg:308.44ms
step:1592/3250 train_time:491.030s step_avg:308.44ms
step:1593/3250 train_time:491.332s step_avg:308.43ms
step:1594/3250 train_time:491.634s step_avg:308.43ms
step:1595/3250 train_time:491.940s step_avg:308.43ms
step:1596/3250 train_time:492.242s step_avg:308.42ms
step:1597/3250 train_time:492.547s step_avg:308.42ms
step:1598/3250 train_time:492.851s step_avg:308.42ms
step:1599/3250 train_time:493.153s step_avg:308.41ms
step:1600/3250 train_time:493.456s step_avg:308.41ms
step:1601/3250 train_time:493.760s step_avg:308.41ms
step:1602/3250 train_time:494.063s step_avg:308.40ms
step:1603/3250 train_time:494.367s step_avg:308.40ms
step:1604/3250 train_time:494.670s step_avg:308.40ms
step:1605/3250 train_time:494.971s step_avg:308.39ms
step:1606/3250 train_time:495.274s step_avg:308.39ms
step:1607/3250 train_time:495.578s step_avg:308.39ms
step:1608/3250 train_time:495.882s step_avg:308.38ms
step:1609/3250 train_time:496.184s step_avg:308.38ms
step:1610/3250 train_time:496.488s step_avg:308.38ms
step:1611/3250 train_time:496.790s step_avg:308.37ms
step:1612/3250 train_time:497.093s step_avg:308.37ms
step:1613/3250 train_time:497.399s step_avg:308.37ms
step:1614/3250 train_time:497.703s step_avg:308.37ms
step:1615/3250 train_time:498.005s step_avg:308.36ms
step:1616/3250 train_time:498.309s step_avg:308.36ms
step:1617/3250 train_time:498.611s step_avg:308.36ms
step:1618/3250 train_time:498.914s step_avg:308.35ms
step:1619/3250 train_time:499.217s step_avg:308.35ms
step:1620/3250 train_time:499.521s step_avg:308.35ms
step:1621/3250 train_time:499.823s step_avg:308.34ms
step:1622/3250 train_time:500.125s step_avg:308.34ms
step:1623/3250 train_time:500.428s step_avg:308.34ms
step:1624/3250 train_time:500.730s step_avg:308.33ms
step:1625/3250 train_time:501.033s step_avg:308.33ms
step:1625/3250 val_loss:3.50761 train_time:501.034s step_avg:304.87ms
probe_ema: n=84934656 align=-0.32881,-0.29229,-0.25183,-0.20837 rel_mse=1.06466,1.03481,1.01814,1.00908
step:1626/3250 train_time:501.337s step_avg:308.33ms
step:1627/3250 train_time:501.639s step_avg:308.32ms
step:1628/3250 train_time:501.941s step_avg:308.32ms
step:1629/3250 train_time:502.247s step_avg:308.32ms
step:1630/3250 train_time:502.552s step_avg:308.31ms
step:1631/3250 train_time:502.855s step_avg:308.31ms
step:1632/3250 train_time:503.158s step_avg:308.31ms
step:1633/3250 train_time:503.461s step_avg:308.30ms
step:1634/3250 train_time:503.761s step_avg:308.30ms
step:1635/3250 train_time:504.064s step_avg:308.30ms
step:1636/3250 train_time:504.369s step_avg:308.29ms
step:1637/3250 train_time:504.675s step_avg:308.29ms
step:1638/3250 train_time:504.979s step_avg:308.29ms
step:1639/3250 train_time:505.282s step_avg:308.29ms
step:1640/3250 train_time:505.585s step_avg:308.28ms
step:1641/3250 train_time:505.890s step_avg:308.28ms
step:1642/3250 train_time:506.193s step_avg:308.28ms
step:1643/3250 train_time:506.498s step_avg:308.28ms
step:1644/3250 train_time:506.800s step_avg:308.27ms
step:1645/3250 train_time:507.106s step_avg:308.27ms
step:1646/3250 train_time:507.412s step_avg:308.27ms
step:1647/3250 train_time:507.715s step_avg:308.27ms
step:1648/3250 train_time:508.019s step_avg:308.26ms
step:1649/3250 train_time:508.321s step_avg:308.26ms
step:1650/3250 train_time:508.625s step_avg:308.26ms
step:1651/3250 train_time:508.929s step_avg:308.25ms
step:1652/3250 train_time:509.233s step_avg:308.25ms
step:1653/3250 train_time:509.537s step_avg:308.25ms
step:1654/3250 train_time:509.839s step_avg:308.25ms
step:1655/3250 train_time:510.142s step_avg:308.24ms
step:1656/3250 train_time:510.446s step_avg:308.24ms
step:1657/3250 train_time:510.751s step_avg:308.24ms
step:1658/3250 train_time:511.054s step_avg:308.24ms
step:1659/3250 train_time:511.357s step_avg:308.23ms
step:1660/3250 train_time:511.660s step_avg:308.23ms
step:1661/3250 train_time:511.962s step_avg:308.22ms
step:1662/3250 train_time:512.263s step_avg:308.22ms
step:1663/3250 train_time:512.565s step_avg:308.22ms
step:1664/3250 train_time:512.870s step_avg:308.22ms
step:1665/3250 train_time:513.174s step_avg:308.21ms
step:1666/3250 train_time:513.477s step_avg:308.21ms
step:1667/3250 train_time:513.779s step_avg:308.21ms
step:1668/3250 train_time:514.083s step_avg:308.20ms
step:1669/3250 train_time:514.387s step_avg:308.20ms
step:1670/3250 train_time:514.692s step_avg:308.20ms
step:1671/3250 train_time:514.995s step_avg:308.20ms
step:1672/3250 train_time:515.298s step_avg:308.19ms
step:1673/3250 train_time:515.602s step_avg:308.19ms
step:1674/3250 train_time:515.904s step_avg:308.19ms
step:1675/3250 train_time:516.209s step_avg:308.18ms
step:1676/3250 train_time:516.513s step_avg:308.18ms
step:1677/3250 train_time:516.815s step_avg:308.18ms
step:1678/3250 train_time:517.119s step_avg:308.18ms
step:1679/3250 train_time:517.422s step_avg:308.17ms
step:1680/3250 train_time:517.724s step_avg:308.17ms
step:1681/3250 train_time:518.028s step_avg:308.17ms
step:1682/3250 train_time:518.331s step_avg:308.16ms
step:1683/3250 train_time:518.634s step_avg:308.16ms
step:1684/3250 train_time:518.938s step_avg:308.16ms
step:1685/3250 train_time:519.242s step_avg:308.16ms
step:1686/3250 train_time:519.546s step_avg:308.15ms
step:1687/3250 train_time:519.853s step_avg:308.15ms
step:1688/3250 train_time:520.160s step_avg:308.15ms
step:1689/3250 train_time:520.465s step_avg:308.15ms
step:1690/3250 train_time:520.775s step_avg:308.15ms
step:1691/3250 train_time:521.081s step_avg:308.15ms
step:1692/3250 train_time:521.385s step_avg:308.15ms
step:1693/3250 train_time:521.690s step_avg:308.15ms
step:1694/3250 train_time:521.994s step_avg:308.14ms
step:1695/3250 train_time:522.298s step_avg:308.14ms
step:1696/3250 train_time:522.602s step_avg:308.14ms
step:1697/3250 train_time:522.907s step_avg:308.14ms
step:1698/3250 train_time:523.211s step_avg:308.13ms
step:1699/3250 train_time:523.514s step_avg:308.13ms
step:1700/3250 train_time:523.817s step_avg:308.13ms
step:1701/3250 train_time:524.120s step_avg:308.12ms
step:1702/3250 train_time:524.423s step_avg:308.12ms
step:1703/3250 train_time:524.726s step_avg:308.12ms
step:1704/3250 train_time:525.033s step_avg:308.12ms
step:1705/3250 train_time:525.336s step_avg:308.11ms
step:1706/3250 train_time:525.638s step_avg:308.11ms
step:1707/3250 train_time:525.940s step_avg:308.11ms
step:1708/3250 train_time:526.243s step_avg:308.10ms
step:1709/3250 train_time:526.548s step_avg:308.10ms
step:1710/3250 train_time:526.853s step_avg:308.10ms
step:1711/3250 train_time:527.220s step_avg:308.14ms
step:1712/3250 train_time:527.522s step_avg:308.13ms
step:1713/3250 train_time:527.823s step_avg:308.13ms
step:1714/3250 train_time:528.129s step_avg:308.13ms
step:1715/3250 train_time:528.433s step_avg:308.12ms
step:1716/3250 train_time:528.736s step_avg:308.12ms
step:1717/3250 train_time:529.041s step_avg:308.12ms
step:1718/3250 train_time:529.346s step_avg:308.12ms
step:1719/3250 train_time:529.654s step_avg:308.12ms
step:1720/3250 train_time:529.963s step_avg:308.12ms
step:1721/3250 train_time:530.271s step_avg:308.12ms
step:1722/3250 train_time:530.583s step_avg:308.12ms
step:1723/3250 train_time:530.892s step_avg:308.12ms
step:1724/3250 train_time:531.196s step_avg:308.12ms
step:1725/3250 train_time:531.500s step_avg:308.12ms
step:1726/3250 train_time:531.804s step_avg:308.11ms
step:1727/3250 train_time:532.110s step_avg:308.11ms
step:1728/3250 train_time:532.414s step_avg:308.11ms
step:1729/3250 train_time:532.722s step_avg:308.11ms
step:1730/3250 train_time:533.027s step_avg:308.11ms
step:1731/3250 train_time:533.332s step_avg:308.11ms
step:1732/3250 train_time:533.636s step_avg:308.10ms
step:1733/3250 train_time:533.939s step_avg:308.10ms
step:1734/3250 train_time:534.243s step_avg:308.10ms
step:1735/3250 train_time:534.547s step_avg:308.10ms
step:1736/3250 train_time:534.853s step_avg:308.09ms
step:1737/3250 train_time:535.156s step_avg:308.09ms
step:1738/3250 train_time:535.461s step_avg:308.09ms
step:1739/3250 train_time:535.765s step_avg:308.09ms
step:1740/3250 train_time:536.071s step_avg:308.09ms
step:1741/3250 train_time:536.374s step_avg:308.08ms
step:1742/3250 train_time:536.685s step_avg:308.09ms
step:1743/3250 train_time:536.992s step_avg:308.08ms
step:1744/3250 train_time:537.295s step_avg:308.08ms
step:1745/3250 train_time:537.598s step_avg:308.08ms
step:1746/3250 train_time:537.907s step_avg:308.08ms
step:1747/3250 train_time:538.214s step_avg:308.08ms
step:1748/3250 train_time:538.520s step_avg:308.08ms
step:1749/3250 train_time:538.822s step_avg:308.07ms
step:1750/3250 train_time:539.133s step_avg:308.08ms
step:1750/3250 val_loss:3.48770 train_time:539.135s step_avg:304.80ms
probe_ema: n=84934656 align=-0.34670,-0.31074,-0.27336,-0.23296 rel_mse=1.07458,1.04055,1.02131,1.01082
step:1751/3250 train_time:539.439s step_avg:308.07ms
step:1752/3250 train_time:539.746s step_avg:308.07ms
step:1753/3250 train_time:540.050s step_avg:308.07ms
step:1754/3250 train_time:540.356s step_avg:308.07ms
step:1755/3250 train_time:540.663s step_avg:308.07ms
step:1756/3250 train_time:540.968s step_avg:308.07ms
step:1757/3250 train_time:541.274s step_avg:308.07ms
step:1758/3250 train_time:541.585s step_avg:308.07ms
step:1759/3250 train_time:541.890s step_avg:308.07ms
step:1760/3250 train_time:542.195s step_avg:308.07ms
step:1761/3250 train_time:542.502s step_avg:308.06ms
step:1762/3250 train_time:542.806s step_avg:308.06ms
step:1763/3250 train_time:543.114s step_avg:308.06ms
step:1764/3250 train_time:543.419s step_avg:308.06ms
step:1765/3250 train_time:543.723s step_avg:308.06ms
step:1766/3250 train_time:544.026s step_avg:308.06ms
step:1767/3250 train_time:544.327s step_avg:308.05ms
step:1768/3250 train_time:544.636s step_avg:308.05ms
step:1769/3250 train_time:544.943s step_avg:308.05ms
step:1770/3250 train_time:545.247s step_avg:308.05ms
step:1771/3250 train_time:545.552s step_avg:308.05ms
step:1772/3250 train_time:545.859s step_avg:308.05ms
step:1773/3250 train_time:546.167s step_avg:308.05ms
step:1774/3250 train_time:546.470s step_avg:308.04ms
step:1775/3250 train_time:546.773s step_avg:308.04ms
step:1776/3250 train_time:547.080s step_avg:308.04ms
step:1777/3250 train_time:547.386s step_avg:308.04ms
step:1778/3250 train_time:547.695s step_avg:308.04ms
step:1779/3250 train_time:547.999s step_avg:308.04ms
step:1780/3250 train_time:548.310s step_avg:308.04ms
step:1781/3250 train_time:548.617s step_avg:308.04ms
step:1782/3250 train_time:548.924s step_avg:308.04ms
step:1783/3250 train_time:549.237s step_avg:308.04ms
step:1784/3250 train_time:549.543s step_avg:308.04ms
step:1785/3250 train_time:549.847s step_avg:308.04ms
step:1786/3250 train_time:550.152s step_avg:308.04ms
step:1787/3250 train_time:550.457s step_avg:308.03ms
step:1788/3250 train_time:550.760s step_avg:308.03ms
step:1789/3250 train_time:551.063s step_avg:308.03ms
step:1790/3250 train_time:551.366s step_avg:308.03ms
step:1791/3250 train_time:551.668s step_avg:308.02ms
step:1792/3250 train_time:551.972s step_avg:308.02ms
step:1793/3250 train_time:552.278s step_avg:308.02ms
step:1794/3250 train_time:552.581s step_avg:308.02ms
step:1795/3250 train_time:552.885s step_avg:308.01ms
step:1796/3250 train_time:553.189s step_avg:308.01ms
step:1797/3250 train_time:553.492s step_avg:308.01ms
step:1798/3250 train_time:553.796s step_avg:308.01ms
step:1799/3250 train_time:554.100s step_avg:308.00ms
step:1800/3250 train_time:554.402s step_avg:308.00ms
step:1801/3250 train_time:554.705s step_avg:308.00ms
step:1802/3250 train_time:555.007s step_avg:307.99ms
step:1803/3250 train_time:555.308s step_avg:307.99ms
step:1804/3250 train_time:555.611s step_avg:307.99ms
step:1805/3250 train_time:555.914s step_avg:307.99ms
step:1806/3250 train_time:556.218s step_avg:307.98ms
step:1807/3250 train_time:556.520s step_avg:307.98ms
step:1808/3250 train_time:556.823s step_avg:307.98ms
step:1809/3250 train_time:557.127s step_avg:307.97ms
step:1810/3250 train_time:557.428s step_avg:307.97ms
step:1811/3250 train_time:557.730s step_avg:307.97ms
step:1812/3250 train_time:558.035s step_avg:307.97ms
step:1813/3250 train_time:558.339s step_avg:307.96ms
step:1814/3250 train_time:558.643s step_avg:307.96ms
step:1815/3250 train_time:558.947s step_avg:307.96ms
step:1816/3250 train_time:559.249s step_avg:307.96ms
step:1817/3250 train_time:559.552s step_avg:307.95ms
step:1818/3250 train_time:559.857s step_avg:307.95ms
step:1819/3250 train_time:560.159s step_avg:307.95ms
step:1820/3250 train_time:560.461s step_avg:307.95ms
step:1821/3250 train_time:560.766s step_avg:307.94ms
step:1822/3250 train_time:561.067s step_avg:307.94ms
step:1823/3250 train_time:561.370s step_avg:307.94ms
step:1824/3250 train_time:561.672s step_avg:307.93ms
step:1825/3250 train_time:561.977s step_avg:307.93ms
step:1826/3250 train_time:562.281s step_avg:307.93ms
step:1827/3250 train_time:562.584s step_avg:307.93ms
step:1828/3250 train_time:562.887s step_avg:307.92ms
step:1829/3250 train_time:563.189s step_avg:307.92ms
step:1830/3250 train_time:563.491s step_avg:307.92ms
step:1831/3250 train_time:563.795s step_avg:307.92ms
step:1832/3250 train_time:564.099s step_avg:307.91ms
step:1833/3250 train_time:564.402s step_avg:307.91ms
step:1834/3250 train_time:564.705s step_avg:307.91ms
step:1835/3250 train_time:565.008s step_avg:307.91ms
step:1836/3250 train_time:565.310s step_avg:307.90ms
step:1837/3250 train_time:565.612s step_avg:307.90ms
step:1838/3250 train_time:565.917s step_avg:307.90ms
step:1839/3250 train_time:566.219s step_avg:307.90ms
step:1840/3250 train_time:566.521s step_avg:307.89ms
step:1841/3250 train_time:566.825s step_avg:307.89ms
step:1842/3250 train_time:567.127s step_avg:307.89ms
step:1843/3250 train_time:567.429s step_avg:307.88ms
step:1844/3250 train_time:567.732s step_avg:307.88ms
step:1845/3250 train_time:568.036s step_avg:307.88ms
step:1846/3250 train_time:568.339s step_avg:307.88ms
step:1847/3250 train_time:568.643s step_avg:307.87ms
step:1848/3250 train_time:568.948s step_avg:307.87ms
step:1849/3250 train_time:569.251s step_avg:307.87ms
step:1850/3250 train_time:569.553s step_avg:307.87ms
step:1851/3250 train_time:569.858s step_avg:307.87ms
step:1852/3250 train_time:570.161s step_avg:307.86ms
step:1853/3250 train_time:570.465s step_avg:307.86ms
step:1854/3250 train_time:570.768s step_avg:307.86ms
step:1855/3250 train_time:571.070s step_avg:307.85ms
step:1856/3250 train_time:571.373s step_avg:307.85ms
step:1857/3250 train_time:571.678s step_avg:307.85ms
step:1858/3250 train_time:571.981s step_avg:307.85ms
step:1859/3250 train_time:572.284s step_avg:307.84ms
step:1860/3250 train_time:572.588s step_avg:307.84ms
step:1861/3250 train_time:572.889s step_avg:307.84ms
step:1862/3250 train_time:573.192s step_avg:307.84ms
step:1863/3250 train_time:573.495s step_avg:307.83ms
step:1864/3250 train_time:573.799s step_avg:307.83ms
step:1865/3250 train_time:574.101s step_avg:307.83ms
step:1866/3250 train_time:574.404s step_avg:307.83ms
step:1867/3250 train_time:574.707s step_avg:307.82ms
step:1868/3250 train_time:575.010s step_avg:307.82ms
step:1869/3250 train_time:575.313s step_avg:307.82ms
step:1870/3250 train_time:575.618s step_avg:307.82ms
step:1871/3250 train_time:575.922s step_avg:307.82ms
step:1872/3250 train_time:576.225s step_avg:307.81ms
step:1873/3250 train_time:576.528s step_avg:307.81ms
step:1874/3250 train_time:576.831s step_avg:307.81ms
step:1875/3250 train_time:577.134s step_avg:307.80ms
step:1875/3250 val_loss:3.46760 train_time:577.135s step_avg:304.01ms
probe_ema: n=84934656 align=-0.33694,-0.30216,-0.26532,-0.22426 rel_mse=1.07196,1.03841,1.01997,1.01011
step:1876/3250 train_time:577.438s step_avg:307.80ms
step:1877/3250 train_time:577.743s step_avg:307.80ms
step:1878/3250 train_time:578.048s step_avg:307.80ms
step:1879/3250 train_time:578.350s step_avg:307.80ms
step:1880/3250 train_time:578.654s step_avg:307.79ms
step:1881/3250 train_time:578.968s step_avg:307.80ms
step:1882/3250 train_time:579.282s step_avg:307.80ms
step:1883/3250 train_time:579.584s step_avg:307.80ms
step:1884/3250 train_time:579.888s step_avg:307.80ms
step:1885/3250 train_time:580.190s step_avg:307.79ms
step:1886/3250 train_time:580.493s step_avg:307.79ms
step:1887/3250 train_time:580.795s step_avg:307.79ms
step:1888/3250 train_time:581.097s step_avg:307.78ms
step:1889/3250 train_time:581.399s step_avg:307.78ms
step:1890/3250 train_time:581.702s step_avg:307.78ms
step:1891/3250 train_time:582.008s step_avg:307.78ms
step:1892/3250 train_time:582.310s step_avg:307.77ms
step:1893/3250 train_time:582.613s step_avg:307.77ms
step:1894/3250 train_time:582.916s step_avg:307.77ms
step:1895/3250 train_time:583.218s step_avg:307.77ms
step:1896/3250 train_time:583.519s step_avg:307.76ms
step:1897/3250 train_time:583.820s step_avg:307.76ms
step:1898/3250 train_time:584.123s step_avg:307.76ms
step:1899/3250 train_time:584.428s step_avg:307.76ms
step:1900/3250 train_time:584.731s step_avg:307.75ms
step:1901/3250 train_time:585.099s step_avg:307.78ms
step:1902/3250 train_time:585.411s step_avg:307.79ms
step:1903/3250 train_time:585.717s step_avg:307.79ms
step:1904/3250 train_time:586.021s step_avg:307.78ms
step:1905/3250 train_time:586.326s step_avg:307.78ms
step:1906/3250 train_time:586.631s step_avg:307.78ms
step:1907/3250 train_time:586.935s step_avg:307.78ms
step:1908/3250 train_time:587.237s step_avg:307.78ms
step:1909/3250 train_time:587.543s step_avg:307.78ms
step:1910/3250 train_time:587.849s step_avg:307.77ms
step:1911/3250 train_time:588.152s step_avg:307.77ms
step:1912/3250 train_time:588.458s step_avg:307.77ms
step:1913/3250 train_time:588.765s step_avg:307.77ms
step:1914/3250 train_time:589.070s step_avg:307.77ms
step:1915/3250 train_time:589.374s step_avg:307.77ms
step:1916/3250 train_time:589.677s step_avg:307.76ms
step:1917/3250 train_time:589.981s step_avg:307.76ms
step:1918/3250 train_time:590.286s step_avg:307.76ms
step:1919/3250 train_time:590.591s step_avg:307.76ms
step:1920/3250 train_time:590.896s step_avg:307.76ms
step:1921/3250 train_time:591.200s step_avg:307.76ms
step:1922/3250 train_time:591.505s step_avg:307.76ms
step:1923/3250 train_time:591.810s step_avg:307.75ms
step:1924/3250 train_time:592.114s step_avg:307.75ms
step:1925/3250 train_time:592.419s step_avg:307.75ms
step:1926/3250 train_time:592.724s step_avg:307.75ms
step:1927/3250 train_time:593.029s step_avg:307.75ms
step:1928/3250 train_time:593.333s step_avg:307.75ms
step:1929/3250 train_time:593.637s step_avg:307.74ms
step:1930/3250 train_time:593.942s step_avg:307.74ms
step:1931/3250 train_time:594.252s step_avg:307.74ms
step:1932/3250 train_time:594.559s step_avg:307.74ms
step:1933/3250 train_time:594.868s step_avg:307.74ms
step:1934/3250 train_time:595.177s step_avg:307.74ms
step:1935/3250 train_time:595.483s step_avg:307.74ms
step:1936/3250 train_time:595.800s step_avg:307.75ms
step:1937/3250 train_time:596.110s step_avg:307.75ms
step:1938/3250 train_time:596.417s step_avg:307.75ms
step:1939/3250 train_time:596.722s step_avg:307.75ms
step:1940/3250 train_time:597.031s step_avg:307.75ms
step:1941/3250 train_time:597.339s step_avg:307.75ms
step:1942/3250 train_time:597.648s step_avg:307.75ms
step:1943/3250 train_time:597.954s step_avg:307.75ms
step:1944/3250 train_time:598.260s step_avg:307.75ms
step:1945/3250 train_time:598.569s step_avg:307.75ms
step:1946/3250 train_time:598.876s step_avg:307.75ms
step:1947/3250 train_time:599.182s step_avg:307.75ms
step:1948/3250 train_time:599.492s step_avg:307.75ms
step:1949/3250 train_time:599.798s step_avg:307.75ms
step:1950/3250 train_time:600.106s step_avg:307.75ms
step:1951/3250 train_time:600.413s step_avg:307.75ms
step:1952/3250 train_time:600.719s step_avg:307.75ms
step:1953/3250 train_time:601.027s step_avg:307.75ms
step:1954/3250 train_time:601.335s step_avg:307.75ms
step:1955/3250 train_time:601.643s step_avg:307.75ms
step:1956/3250 train_time:601.957s step_avg:307.75ms
step:1957/3250 train_time:602.267s step_avg:307.75ms
step:1958/3250 train_time:602.574s step_avg:307.75ms
step:1959/3250 train_time:602.881s step_avg:307.75ms
step:1960/3250 train_time:603.188s step_avg:307.75ms
step:1961/3250 train_time:603.492s step_avg:307.75ms
step:1962/3250 train_time:603.796s step_avg:307.75ms
step:1963/3250 train_time:604.102s step_avg:307.74ms
step:1964/3250 train_time:604.409s step_avg:307.74ms
step:1965/3250 train_time:604.714s step_avg:307.74ms
step:1966/3250 train_time:605.018s step_avg:307.74ms
step:1967/3250 train_time:605.324s step_avg:307.74ms
step:1968/3250 train_time:605.629s step_avg:307.74ms
step:1969/3250 train_time:605.933s step_avg:307.74ms
step:1970/3250 train_time:606.238s step_avg:307.73ms
step:1971/3250 train_time:606.543s step_avg:307.73ms
step:1972/3250 train_time:606.850s step_avg:307.73ms
step:1973/3250 train_time:607.154s step_avg:307.73ms
step:1974/3250 train_time:607.458s step_avg:307.73ms
step:1975/3250 train_time:607.764s step_avg:307.73ms
step:1976/3250 train_time:608.070s step_avg:307.73ms
step:1977/3250 train_time:608.378s step_avg:307.73ms
step:1978/3250 train_time:608.686s step_avg:307.73ms
step:1979/3250 train_time:608.991s step_avg:307.73ms
step:1980/3250 train_time:609.295s step_avg:307.72ms
step:1981/3250 train_time:609.599s step_avg:307.72ms
step:1982/3250 train_time:609.906s step_avg:307.72ms
step:1983/3250 train_time:610.211s step_avg:307.72ms
step:1984/3250 train_time:610.516s step_avg:307.72ms
step:1985/3250 train_time:610.824s step_avg:307.72ms
step:1986/3250 train_time:611.133s step_avg:307.72ms
step:1987/3250 train_time:611.438s step_avg:307.72ms
step:1988/3250 train_time:611.742s step_avg:307.72ms
step:1989/3250 train_time:612.052s step_avg:307.72ms
step:1990/3250 train_time:612.360s step_avg:307.72ms
step:1991/3250 train_time:612.667s step_avg:307.72ms
step:1992/3250 train_time:612.975s step_avg:307.72ms
step:1993/3250 train_time:613.279s step_avg:307.72ms
step:1994/3250 train_time:613.585s step_avg:307.72ms
step:1995/3250 train_time:613.891s step_avg:307.71ms
step:1996/3250 train_time:614.196s step_avg:307.71ms
step:1997/3250 train_time:614.501s step_avg:307.71ms
step:1998/3250 train_time:614.807s step_avg:307.71ms
step:1999/3250 train_time:615.112s step_avg:307.71ms
step:2000/3250 train_time:615.416s step_avg:307.71ms
step:2000/3250 val_loss:3.44904 train_time:615.417s step_avg:306.26ms
probe_ema: n=84934656 align=-0.33608,-0.30095,-0.26480,-0.22515 rel_mse=1.07567,1.04060,1.02119,1.01074
step:2001/3250 train_time:615.724s step_avg:307.71ms
step:2002/3250 train_time:616.034s step_avg:307.71ms
step:2003/3250 train_time:616.340s step_avg:307.71ms
step:2004/3250 train_time:616.645s step_avg:307.71ms
step:2005/3250 train_time:616.950s step_avg:307.71ms
step:2006/3250 train_time:617.257s step_avg:307.71ms
step:2007/3250 train_time:617.562s step_avg:307.70ms
step:2008/3250 train_time:617.865s step_avg:307.70ms
step:2009/3250 train_time:618.168s step_avg:307.70ms
step:2010/3250 train_time:618.478s step_avg:307.70ms
step:2011/3250 train_time:618.782s step_avg:307.70ms
step:2012/3250 train_time:619.088s step_avg:307.70ms
step:2013/3250 train_time:619.392s step_avg:307.70ms
step:2014/3250 train_time:619.697s step_avg:307.69ms
step:2015/3250 train_time:620.005s step_avg:307.69ms
step:2016/3250 train_time:620.310s step_avg:307.69ms
step:2017/3250 train_time:620.621s step_avg:307.69ms
step:2018/3250 train_time:620.924s step_avg:307.69ms
step:2019/3250 train_time:621.229s step_avg:307.69ms
step:2020/3250 train_time:621.539s step_avg:307.69ms
step:2021/3250 train_time:621.845s step_avg:307.69ms
step:2022/3250 train_time:622.149s step_avg:307.69ms
step:2023/3250 train_time:622.453s step_avg:307.69ms
step:2024/3250 train_time:622.760s step_avg:307.69ms
step:2025/3250 train_time:623.064s step_avg:307.69ms
step:2026/3250 train_time:623.367s step_avg:307.68ms
step:2027/3250 train_time:623.671s step_avg:307.68ms
step:2028/3250 train_time:623.977s step_avg:307.68ms
step:2029/3250 train_time:624.280s step_avg:307.68ms
step:2030/3250 train_time:624.586s step_avg:307.68ms
step:2031/3250 train_time:624.890s step_avg:307.68ms
step:2032/3250 train_time:625.194s step_avg:307.67ms
step:2033/3250 train_time:625.499s step_avg:307.67ms
step:2034/3250 train_time:625.803s step_avg:307.67ms
step:2035/3250 train_time:626.106s step_avg:307.67ms
step:2036/3250 train_time:626.410s step_avg:307.67ms
step:2037/3250 train_time:626.715s step_avg:307.67ms
step:2038/3250 train_time:627.021s step_avg:307.67ms
step:2039/3250 train_time:627.326s step_avg:307.66ms
step:2040/3250 train_time:627.629s step_avg:307.66ms
step:2041/3250 train_time:627.935s step_avg:307.66ms
step:2042/3250 train_time:628.241s step_avg:307.66ms
step:2043/3250 train_time:628.546s step_avg:307.66ms
step:2044/3250 train_time:628.849s step_avg:307.66ms
step:2045/3250 train_time:629.155s step_avg:307.66ms
step:2046/3250 train_time:629.461s step_avg:307.65ms
step:2047/3250 train_time:629.765s step_avg:307.65ms
step:2048/3250 train_time:630.068s step_avg:307.65ms
step:2049/3250 train_time:630.375s step_avg:307.65ms
step:2050/3250 train_time:630.680s step_avg:307.65ms
step:2051/3250 train_time:630.985s step_avg:307.65ms
step:2052/3250 train_time:631.287s step_avg:307.64ms
step:2053/3250 train_time:631.591s step_avg:307.64ms
step:2054/3250 train_time:631.896s step_avg:307.64ms
step:2055/3250 train_time:632.202s step_avg:307.64ms
step:2056/3250 train_time:632.507s step_avg:307.64ms
step:2057/3250 train_time:632.810s step_avg:307.64ms
step:2058/3250 train_time:633.114s step_avg:307.64ms
step:2059/3250 train_time:633.422s step_avg:307.64ms
step:2060/3250 train_time:633.725s step_avg:307.63ms
step:2061/3250 train_time:634.030s step_avg:307.63ms
step:2062/3250 train_time:634.338s step_avg:307.63ms
step:2063/3250 train_time:634.645s step_avg:307.63ms
step:2064/3250 train_time:634.951s step_avg:307.63ms
step:2065/3250 train_time:635.260s step_avg:307.63ms
step:2066/3250 train_time:635.567s step_avg:307.63ms
step:2067/3250 train_time:635.872s step_avg:307.63ms
step:2068/3250 train_time:636.178s step_avg:307.63ms
step:2069/3250 train_time:636.482s step_avg:307.63ms
step:2070/3250 train_time:636.787s step_avg:307.63ms
step:2071/3250 train_time:637.091s step_avg:307.62ms
step:2072/3250 train_time:637.397s step_avg:307.62ms
step:2073/3250 train_time:637.706s step_avg:307.62ms
step:2074/3250 train_time:638.011s step_avg:307.62ms
step:2075/3250 train_time:638.319s step_avg:307.62ms
step:2076/3250 train_time:638.624s step_avg:307.62ms
step:2077/3250 train_time:638.928s step_avg:307.62ms
step:2078/3250 train_time:639.234s step_avg:307.62ms
step:2079/3250 train_time:639.540s step_avg:307.62ms
step:2080/3250 train_time:639.845s step_avg:307.62ms
step:2081/3250 train_time:640.148s step_avg:307.62ms
step:2082/3250 train_time:640.453s step_avg:307.61ms
step:2083/3250 train_time:640.759s step_avg:307.61ms
step:2084/3250 train_time:641.063s step_avg:307.61ms
step:2085/3250 train_time:641.368s step_avg:307.61ms
step:2086/3250 train_time:641.674s step_avg:307.61ms
step:2087/3250 train_time:641.979s step_avg:307.61ms
step:2088/3250 train_time:642.284s step_avg:307.61ms
step:2089/3250 train_time:642.588s step_avg:307.61ms
step:2090/3250 train_time:642.891s step_avg:307.60ms
step:2091/3250 train_time:643.255s step_avg:307.63ms
step:2092/3250 train_time:643.560s step_avg:307.63ms
step:2093/3250 train_time:643.865s step_avg:307.63ms
step:2094/3250 train_time:644.168s step_avg:307.63ms
step:2095/3250 train_time:644.477s step_avg:307.63ms
step:2096/3250 train_time:644.784s step_avg:307.63ms
step:2097/3250 train_time:645.089s step_avg:307.62ms
step:2098/3250 train_time:645.397s step_avg:307.62ms
step:2099/3250 train_time:645.702s step_avg:307.62ms
step:2100/3250 train_time:646.005s step_avg:307.62ms
step:2101/3250 train_time:646.310s step_avg:307.62ms
step:2102/3250 train_time:646.614s step_avg:307.62ms
step:2103/3250 train_time:646.921s step_avg:307.62ms
step:2104/3250 train_time:647.225s step_avg:307.62ms
step:2105/3250 train_time:647.528s step_avg:307.61ms
step:2106/3250 train_time:647.835s step_avg:307.61ms
step:2107/3250 train_time:648.140s step_avg:307.61ms
step:2108/3250 train_time:648.445s step_avg:307.61ms
step:2109/3250 train_time:648.750s step_avg:307.61ms
step:2110/3250 train_time:649.053s step_avg:307.61ms
step:2111/3250 train_time:649.361s step_avg:307.61ms
step:2112/3250 train_time:649.666s step_avg:307.61ms
step:2113/3250 train_time:649.969s step_avg:307.60ms
step:2114/3250 train_time:650.274s step_avg:307.60ms
step:2115/3250 train_time:650.581s step_avg:307.60ms
step:2116/3250 train_time:650.885s step_avg:307.60ms
step:2117/3250 train_time:651.190s step_avg:307.60ms
step:2118/3250 train_time:651.494s step_avg:307.60ms
step:2119/3250 train_time:651.801s step_avg:307.60ms
step:2120/3250 train_time:652.106s step_avg:307.60ms
step:2121/3250 train_time:652.410s step_avg:307.60ms
step:2122/3250 train_time:652.720s step_avg:307.60ms
step:2123/3250 train_time:653.024s step_avg:307.59ms
step:2124/3250 train_time:653.328s step_avg:307.59ms
step:2125/3250 train_time:653.634s step_avg:307.59ms
step:2125/3250 val_loss:3.43073 train_time:653.636s step_avg:305.75ms
probe_ema: n=84934656 align=-0.29853,-0.26823,-0.23611,-0.20053 rel_mse=1.06905,1.03711,1.01944,1.00988
step:2126/3250 train_time:653.938s step_avg:307.59ms
step:2127/3250 train_time:654.243s step_avg:307.59ms
step:2128/3250 train_time:654.547s step_avg:307.59ms
step:2129/3250 train_time:654.853s step_avg:307.59ms
step:2130/3250 train_time:655.156s step_avg:307.59ms
step:2131/3250 train_time:655.459s step_avg:307.58ms
step:2132/3250 train_time:655.761s step_avg:307.58ms
step:2133/3250 train_time:656.064s step_avg:307.58ms
step:2134/3250 train_time:656.369s step_avg:307.58ms
step:2135/3250 train_time:656.673s step_avg:307.58ms
step:2136/3250 train_time:656.976s step_avg:307.57ms
step:2137/3250 train_time:657.279s step_avg:307.57ms
step:2138/3250 train_time:657.581s step_avg:307.57ms
step:2139/3250 train_time:657.883s step_avg:307.57ms
step:2140/3250 train_time:658.187s step_avg:307.56ms
step:2141/3250 train_time:658.490s step_avg:307.56ms
step:2142/3250 train_time:658.793s step_avg:307.56ms
step:2143/3250 train_time:659.097s step_avg:307.56ms
step:2144/3250 train_time:659.402s step_avg:307.56ms
step:2145/3250 train_time:659.706s step_avg:307.56ms
step:2146/3250 train_time:660.009s step_avg:307.55ms
step:2147/3250 train_time:660.314s step_avg:307.55ms
step:2148/3250 train_time:660.617s step_avg:307.55ms
step:2149/3250 train_time:660.918s step_avg:307.55ms
step:2150/3250 train_time:661.220s step_avg:307.54ms
step:2151/3250 train_time:661.522s step_avg:307.54ms
step:2152/3250 train_time:661.825s step_avg:307.54ms
step:2153/3250 train_time:662.128s step_avg:307.54ms
step:2154/3250 train_time:662.434s step_avg:307.54ms
step:2155/3250 train_time:662.739s step_avg:307.54ms
step:2156/3250 train_time:663.042s step_avg:307.53ms
step:2157/3250 train_time:663.346s step_avg:307.53ms
step:2158/3250 train_time:663.652s step_avg:307.53ms
step:2159/3250 train_time:663.954s step_avg:307.53ms
step:2160/3250 train_time:664.257s step_avg:307.53ms
step:2161/3250 train_time:664.560s step_avg:307.52ms
step:2162/3250 train_time:664.862s step_avg:307.52ms
step:2163/3250 train_time:665.167s step_avg:307.52ms
step:2164/3250 train_time:665.471s step_avg:307.52ms
step:2165/3250 train_time:665.774s step_avg:307.52ms
step:2166/3250 train_time:666.076s step_avg:307.51ms
step:2167/3250 train_time:666.378s step_avg:307.51ms
step:2168/3250 train_time:666.680s step_avg:307.51ms
step:2169/3250 train_time:666.981s step_avg:307.51ms
step:2170/3250 train_time:667.285s step_avg:307.50ms
step:2171/3250 train_time:667.589s step_avg:307.50ms
step:2172/3250 train_time:667.892s step_avg:307.50ms
step:2173/3250 train_time:668.195s step_avg:307.50ms
step:2174/3250 train_time:668.498s step_avg:307.50ms
step:2175/3250 train_time:668.800s step_avg:307.49ms
step:2176/3250 train_time:669.102s step_avg:307.49ms
step:2177/3250 train_time:669.405s step_avg:307.49ms
step:2178/3250 train_time:669.710s step_avg:307.49ms
step:2179/3250 train_time:670.013s step_avg:307.49ms
step:2180/3250 train_time:670.317s step_avg:307.49ms
step:2181/3250 train_time:670.621s step_avg:307.48ms
step:2182/3250 train_time:670.922s step_avg:307.48ms
step:2183/3250 train_time:671.223s step_avg:307.48ms
step:2184/3250 train_time:671.527s step_avg:307.48ms
step:2185/3250 train_time:671.831s step_avg:307.47ms
step:2186/3250 train_time:672.135s step_avg:307.47ms
step:2187/3250 train_time:672.439s step_avg:307.47ms
step:2188/3250 train_time:672.741s step_avg:307.47ms
step:2189/3250 train_time:673.044s step_avg:307.47ms
step:2190/3250 train_time:673.348s step_avg:307.47ms
step:2191/3250 train_time:673.652s step_avg:307.46ms
step:2192/3250 train_time:673.956s step_avg:307.46ms
step:2193/3250 train_time:674.258s step_avg:307.46ms
step:2194/3250 train_time:674.560s step_avg:307.46ms
step:2195/3250 train_time:674.862s step_avg:307.45ms
step:2196/3250 train_time:675.167s step_avg:307.45ms
step:2197/3250 train_time:675.472s step_avg:307.45ms
step:2198/3250 train_time:675.775s step_avg:307.45ms
step:2199/3250 train_time:676.079s step_avg:307.45ms
step:2200/3250 train_time:676.380s step_avg:307.45ms
step:2201/3250 train_time:676.682s step_avg:307.44ms
step:2202/3250 train_time:676.986s step_avg:307.44ms
step:2203/3250 train_time:677.291s step_avg:307.44ms
step:2204/3250 train_time:677.595s step_avg:307.44ms
step:2205/3250 train_time:677.900s step_avg:307.44ms
step:2206/3250 train_time:678.203s step_avg:307.44ms
step:2207/3250 train_time:678.509s step_avg:307.43ms
step:2208/3250 train_time:678.813s step_avg:307.43ms
step:2209/3250 train_time:679.117s step_avg:307.43ms
step:2210/3250 train_time:679.420s step_avg:307.43ms
step:2211/3250 train_time:679.722s step_avg:307.43ms
step:2212/3250 train_time:680.027s step_avg:307.43ms
step:2213/3250 train_time:680.330s step_avg:307.42ms
step:2214/3250 train_time:680.633s step_avg:307.42ms
step:2215/3250 train_time:680.938s step_avg:307.42ms
step:2216/3250 train_time:681.251s step_avg:307.42ms
step:2217/3250 train_time:681.557s step_avg:307.42ms
step:2218/3250 train_time:681.867s step_avg:307.42ms
step:2219/3250 train_time:682.182s step_avg:307.43ms
step:2220/3250 train_time:682.488s step_avg:307.43ms
step:2221/3250 train_time:682.793s step_avg:307.43ms
step:2222/3250 train_time:683.102s step_avg:307.43ms
step:2223/3250 train_time:683.405s step_avg:307.42ms
step:2224/3250 train_time:683.712s step_avg:307.42ms
step:2225/3250 train_time:684.022s step_avg:307.43ms
step:2226/3250 train_time:684.325s step_avg:307.42ms
step:2227/3250 train_time:684.636s step_avg:307.43ms
step:2228/3250 train_time:684.939s step_avg:307.42ms
step:2229/3250 train_time:685.242s step_avg:307.42ms
step:2230/3250 train_time:685.546s step_avg:307.42ms
step:2231/3250 train_time:685.851s step_avg:307.42ms
step:2232/3250 train_time:686.156s step_avg:307.42ms
step:2233/3250 train_time:686.468s step_avg:307.42ms
step:2234/3250 train_time:686.779s step_avg:307.42ms
step:2235/3250 train_time:687.085s step_avg:307.42ms
step:2236/3250 train_time:687.394s step_avg:307.42ms
step:2237/3250 train_time:687.706s step_avg:307.42ms
step:2238/3250 train_time:688.017s step_avg:307.42ms
step:2239/3250 train_time:688.322s step_avg:307.42ms
step:2240/3250 train_time:688.628s step_avg:307.42ms
step:2241/3250 train_time:688.934s step_avg:307.42ms
step:2242/3250 train_time:689.237s step_avg:307.42ms
step:2243/3250 train_time:689.540s step_avg:307.42ms
step:2244/3250 train_time:689.849s step_avg:307.42ms
step:2245/3250 train_time:690.160s step_avg:307.42ms
step:2246/3250 train_time:690.466s step_avg:307.42ms
step:2247/3250 train_time:690.774s step_avg:307.42ms
step:2248/3250 train_time:691.079s step_avg:307.42ms
step:2249/3250 train_time:691.383s step_avg:307.42ms
step:2250/3250 train_time:691.689s step_avg:307.42ms
step:2250/3250 val_loss:3.41180 train_time:691.690s step_avg:304.44ms
probe_ema: n=84934656 align=-0.22675,-0.21613,-0.20088,-0.18094 rel_mse=1.06306,1.03555,1.01952,1.01047
step:2251/3250 train_time:691.994s step_avg:307.42ms
step:2252/3250 train_time:692.296s step_avg:307.41ms
step:2253/3250 train_time:692.599s step_avg:307.41ms
step:2254/3250 train_time:692.900s step_avg:307.41ms
step:2255/3250 train_time:693.202s step_avg:307.41ms
step:2256/3250 train_time:693.504s step_avg:307.40ms
step:2257/3250 train_time:693.808s step_avg:307.40ms
step:2258/3250 train_time:694.113s step_avg:307.40ms
step:2259/3250 train_time:694.417s step_avg:307.40ms
step:2260/3250 train_time:694.719s step_avg:307.40ms
step:2261/3250 train_time:695.023s step_avg:307.40ms
step:2262/3250 train_time:695.327s step_avg:307.39ms
step:2263/3250 train_time:695.633s step_avg:307.39ms
step:2264/3250 train_time:695.937s step_avg:307.39ms
step:2265/3250 train_time:696.240s step_avg:307.39ms
step:2266/3250 train_time:696.542s step_avg:307.39ms
step:2267/3250 train_time:696.847s step_avg:307.39ms
step:2268/3250 train_time:697.151s step_avg:307.39ms
step:2269/3250 train_time:697.454s step_avg:307.38ms
step:2270/3250 train_time:697.757s step_avg:307.38ms
step:2271/3250 train_time:698.059s step_avg:307.38ms
step:2272/3250 train_time:698.361s step_avg:307.38ms
step:2273/3250 train_time:698.664s step_avg:307.38ms
step:2274/3250 train_time:698.966s step_avg:307.37ms
step:2275/3250 train_time:699.271s step_avg:307.37ms
step:2276/3250 train_time:699.575s step_avg:307.37ms
step:2277/3250 train_time:699.877s step_avg:307.37ms
step:2278/3250 train_time:700.180s step_avg:307.37ms
step:2279/3250 train_time:700.483s step_avg:307.36ms
step:2280/3250 train_time:700.788s step_avg:307.36ms
step:2281/3250 train_time:701.174s step_avg:307.40ms
step:2282/3250 train_time:701.480s step_avg:307.40ms
step:2283/3250 train_time:701.785s step_avg:307.40ms
step:2284/3250 train_time:702.095s step_avg:307.40ms
step:2285/3250 train_time:702.399s step_avg:307.40ms
step:2286/3250 train_time:702.701s step_avg:307.39ms
step:2287/3250 train_time:703.004s step_avg:307.39ms
step:2288/3250 train_time:703.308s step_avg:307.39ms
step:2289/3250 train_time:703.613s step_avg:307.39ms
step:2290/3250 train_time:703.917s step_avg:307.39ms
step:2291/3250 train_time:704.220s step_avg:307.39ms
step:2292/3250 train_time:704.523s step_avg:307.38ms
step:2293/3250 train_time:704.827s step_avg:307.38ms
step:2294/3250 train_time:705.133s step_avg:307.38ms
step:2295/3250 train_time:705.436s step_avg:307.38ms
step:2296/3250 train_time:705.738s step_avg:307.38ms
step:2297/3250 train_time:706.041s step_avg:307.38ms
step:2298/3250 train_time:706.343s step_avg:307.37ms
step:2299/3250 train_time:706.648s step_avg:307.37ms
step:2300/3250 train_time:706.953s step_avg:307.37ms
step:2301/3250 train_time:707.255s step_avg:307.37ms
step:2302/3250 train_time:707.559s step_avg:307.37ms
step:2303/3250 train_time:707.860s step_avg:307.36ms
step:2304/3250 train_time:708.162s step_avg:307.36ms
step:2305/3250 train_time:708.466s step_avg:307.36ms
step:2306/3250 train_time:708.769s step_avg:307.36ms
step:2307/3250 train_time:709.074s step_avg:307.36ms
step:2308/3250 train_time:709.378s step_avg:307.36ms
step:2309/3250 train_time:709.680s step_avg:307.35ms
step:2310/3250 train_time:709.982s step_avg:307.35ms
step:2311/3250 train_time:710.285s step_avg:307.35ms
step:2312/3250 train_time:710.589s step_avg:307.35ms
step:2313/3250 train_time:710.893s step_avg:307.35ms
step:2314/3250 train_time:711.197s step_avg:307.35ms
step:2315/3250 train_time:711.499s step_avg:307.34ms
step:2316/3250 train_time:711.800s step_avg:307.34ms
step:2317/3250 train_time:712.102s step_avg:307.34ms
step:2318/3250 train_time:712.405s step_avg:307.34ms
step:2319/3250 train_time:712.712s step_avg:307.34ms
step:2320/3250 train_time:713.014s step_avg:307.33ms
step:2321/3250 train_time:713.318s step_avg:307.33ms
step:2322/3250 train_time:713.619s step_avg:307.33ms
step:2323/3250 train_time:713.923s step_avg:307.33ms
step:2324/3250 train_time:714.226s step_avg:307.33ms
step:2325/3250 train_time:714.531s step_avg:307.33ms
step:2326/3250 train_time:714.835s step_avg:307.32ms
step:2327/3250 train_time:715.138s step_avg:307.32ms
step:2328/3250 train_time:715.439s step_avg:307.32ms
step:2329/3250 train_time:715.741s step_avg:307.32ms
step:2330/3250 train_time:716.044s step_avg:307.32ms
step:2331/3250 train_time:716.349s step_avg:307.31ms
step:2332/3250 train_time:716.653s step_avg:307.31ms
step:2333/3250 train_time:716.956s step_avg:307.31ms
step:2334/3250 train_time:717.259s step_avg:307.31ms
step:2335/3250 train_time:717.560s step_avg:307.31ms
step:2336/3250 train_time:717.863s step_avg:307.30ms
step:2337/3250 train_time:718.168s step_avg:307.30ms
step:2338/3250 train_time:718.472s step_avg:307.30ms
step:2339/3250 train_time:718.777s step_avg:307.30ms
step:2340/3250 train_time:719.079s step_avg:307.30ms
step:2341/3250 train_time:719.381s step_avg:307.30ms
step:2342/3250 train_time:719.685s step_avg:307.29ms
step:2343/3250 train_time:719.987s step_avg:307.29ms
step:2344/3250 train_time:720.293s step_avg:307.29ms
step:2345/3250 train_time:720.596s step_avg:307.29ms
step:2346/3250 train_time:720.898s step_avg:307.29ms
step:2347/3250 train_time:721.198s step_avg:307.29ms
step:2348/3250 train_time:721.501s step_avg:307.28ms
step:2349/3250 train_time:721.804s step_avg:307.28ms
step:2350/3250 train_time:722.108s step_avg:307.28ms
step:2351/3250 train_time:722.412s step_avg:307.28ms
step:2352/3250 train_time:722.716s step_avg:307.28ms
step:2353/3250 train_time:723.019s step_avg:307.28ms
step:2354/3250 train_time:723.323s step_avg:307.27ms
step:2355/3250 train_time:723.626s step_avg:307.27ms
step:2356/3250 train_time:723.931s step_avg:307.27ms
step:2357/3250 train_time:724.234s step_avg:307.27ms
step:2358/3250 train_time:724.536s step_avg:307.27ms
step:2359/3250 train_time:724.840s step_avg:307.27ms
step:2360/3250 train_time:725.141s step_avg:307.26ms
step:2361/3250 train_time:725.444s step_avg:307.26ms
step:2362/3250 train_time:725.749s step_avg:307.26ms
step:2363/3250 train_time:726.055s step_avg:307.26ms
step:2364/3250 train_time:726.357s step_avg:307.26ms
step:2365/3250 train_time:726.658s step_avg:307.26ms
step:2366/3250 train_time:726.960s step_avg:307.25ms
step:2367/3250 train_time:727.263s step_avg:307.25ms
step:2368/3250 train_time:727.565s step_avg:307.25ms
step:2369/3250 train_time:727.871s step_avg:307.25ms
step:2370/3250 train_time:728.174s step_avg:307.25ms
step:2371/3250 train_time:728.478s step_avg:307.24ms
step:2372/3250 train_time:728.780s step_avg:307.24ms
step:2373/3250 train_time:729.083s step_avg:307.24ms
step:2374/3250 train_time:729.387s step_avg:307.24ms
step:2375/3250 train_time:729.691s step_avg:307.24ms
step:2375/3250 val_loss:3.39501 train_time:729.693s step_avg:304.02ms
probe_ema: n=84934656 align=-0.24247,-0.22819,-0.20933,-0.18654 rel_mse=1.06870,1.03843,1.02096,1.01116
step:2376/3250 train_time:730.000s step_avg:307.24ms
step:2377/3250 train_time:730.305s step_avg:307.24ms
step:2378/3250 train_time:730.608s step_avg:307.24ms
step:2379/3250 train_time:730.912s step_avg:307.24ms
step:2380/3250 train_time:731.217s step_avg:307.23ms
step:2381/3250 train_time:731.520s step_avg:307.23ms
step:2382/3250 train_time:731.824s step_avg:307.23ms
step:2383/3250 train_time:732.130s step_avg:307.23ms
step:2384/3250 train_time:732.435s step_avg:307.23ms
step:2385/3250 train_time:732.738s step_avg:307.23ms
step:2386/3250 train_time:733.043s step_avg:307.23ms
step:2387/3250 train_time:733.347s step_avg:307.23ms
step:2388/3250 train_time:733.651s step_avg:307.22ms
step:2389/3250 train_time:733.955s step_avg:307.22ms
step:2390/3250 train_time:734.262s step_avg:307.22ms
step:2391/3250 train_time:734.566s step_avg:307.22ms
step:2392/3250 train_time:734.872s step_avg:307.22ms
step:2393/3250 train_time:735.178s step_avg:307.22ms
step:2394/3250 train_time:735.484s step_avg:307.22ms
step:2395/3250 train_time:735.789s step_avg:307.22ms
step:2396/3250 train_time:736.096s step_avg:307.22ms
step:2397/3250 train_time:736.400s step_avg:307.22ms
step:2398/3250 train_time:736.703s step_avg:307.22ms
step:2399/3250 train_time:737.008s step_avg:307.21ms
step:2400/3250 train_time:737.312s step_avg:307.21ms
step:2401/3250 train_time:737.618s step_avg:307.21ms
step:2402/3250 train_time:737.923s step_avg:307.21ms
step:2403/3250 train_time:738.226s step_avg:307.21ms
step:2404/3250 train_time:738.532s step_avg:307.21ms
step:2405/3250 train_time:738.838s step_avg:307.21ms
step:2406/3250 train_time:739.140s step_avg:307.21ms
step:2407/3250 train_time:739.444s step_avg:307.21ms
step:2408/3250 train_time:739.749s step_avg:307.20ms
step:2409/3250 train_time:740.056s step_avg:307.20ms
step:2410/3250 train_time:740.362s step_avg:307.20ms
step:2411/3250 train_time:740.667s step_avg:307.20ms
step:2412/3250 train_time:740.973s step_avg:307.20ms
step:2413/3250 train_time:741.280s step_avg:307.20ms
step:2414/3250 train_time:741.586s step_avg:307.20ms
step:2415/3250 train_time:741.890s step_avg:307.20ms
step:2416/3250 train_time:742.197s step_avg:307.20ms
step:2417/3250 train_time:742.501s step_avg:307.20ms
step:2418/3250 train_time:742.806s step_avg:307.20ms
step:2419/3250 train_time:743.111s step_avg:307.20ms
step:2420/3250 train_time:743.415s step_avg:307.20ms
step:2421/3250 train_time:743.719s step_avg:307.19ms
step:2422/3250 train_time:744.024s step_avg:307.19ms
step:2423/3250 train_time:744.326s step_avg:307.19ms
step:2424/3250 train_time:744.632s step_avg:307.19ms
step:2425/3250 train_time:744.939s step_avg:307.19ms
step:2426/3250 train_time:745.241s step_avg:307.19ms
step:2427/3250 train_time:745.545s step_avg:307.19ms
step:2428/3250 train_time:745.855s step_avg:307.19ms
step:2429/3250 train_time:746.161s step_avg:307.19ms
step:2430/3250 train_time:746.466s step_avg:307.19ms
step:2431/3250 train_time:746.772s step_avg:307.19ms
step:2432/3250 train_time:747.081s step_avg:307.19ms
step:2433/3250 train_time:747.384s step_avg:307.19ms
step:2434/3250 train_time:747.689s step_avg:307.19ms
step:2435/3250 train_time:747.995s step_avg:307.18ms
step:2436/3250 train_time:748.302s step_avg:307.18ms
step:2437/3250 train_time:748.604s step_avg:307.18ms
step:2438/3250 train_time:748.909s step_avg:307.18ms
step:2439/3250 train_time:749.216s step_avg:307.18ms
step:2440/3250 train_time:749.522s step_avg:307.18ms
step:2441/3250 train_time:749.828s step_avg:307.18ms
step:2442/3250 train_time:750.136s step_avg:307.18ms
step:2443/3250 train_time:750.442s step_avg:307.18ms
step:2444/3250 train_time:750.746s step_avg:307.18ms
step:2445/3250 train_time:751.052s step_avg:307.18ms
step:2446/3250 train_time:751.360s step_avg:307.18ms
step:2447/3250 train_time:751.664s step_avg:307.18ms
step:2448/3250 train_time:751.968s step_avg:307.18ms
step:2449/3250 train_time:752.273s step_avg:307.18ms
step:2450/3250 train_time:752.581s step_avg:307.18ms
step:2451/3250 train_time:752.885s step_avg:307.17ms
step:2452/3250 train_time:753.191s step_avg:307.17ms
step:2453/3250 train_time:753.496s step_avg:307.17ms
step:2454/3250 train_time:753.801s step_avg:307.17ms
step:2455/3250 train_time:754.107s step_avg:307.17ms
step:2456/3250 train_time:754.413s step_avg:307.17ms
step:2457/3250 train_time:754.720s step_avg:307.17ms
step:2458/3250 train_time:755.030s step_avg:307.17ms
step:2459/3250 train_time:755.344s step_avg:307.18ms
step:2460/3250 train_time:755.650s step_avg:307.17ms
step:2461/3250 train_time:755.959s step_avg:307.18ms
step:2462/3250 train_time:756.268s step_avg:307.18ms
step:2463/3250 train_time:756.575s step_avg:307.18ms
step:2464/3250 train_time:756.881s step_avg:307.18ms
step:2465/3250 train_time:757.186s step_avg:307.17ms
step:2466/3250 train_time:757.494s step_avg:307.18ms
step:2467/3250 train_time:757.799s step_avg:307.17ms
step:2468/3250 train_time:758.104s step_avg:307.17ms
step:2469/3250 train_time:758.409s step_avg:307.17ms
step:2470/3250 train_time:758.717s step_avg:307.17ms
step:2471/3250 train_time:759.103s step_avg:307.20ms
step:2472/3250 train_time:759.409s step_avg:307.20ms
step:2473/3250 train_time:759.717s step_avg:307.20ms
step:2474/3250 train_time:760.022s step_avg:307.20ms
step:2475/3250 train_time:760.326s step_avg:307.20ms
step:2476/3250 train_time:760.631s step_avg:307.20ms
step:2477/3250 train_time:760.939s step_avg:307.20ms
step:2478/3250 train_time:761.244s step_avg:307.20ms
step:2479/3250 train_time:761.550s step_avg:307.20ms
step:2480/3250 train_time:761.871s step_avg:307.21ms
step:2481/3250 train_time:762.173s step_avg:307.20ms
step:2482/3250 train_time:762.478s step_avg:307.20ms
step:2483/3250 train_time:762.781s step_avg:307.20ms
step:2484/3250 train_time:763.091s step_avg:307.20ms
step:2485/3250 train_time:763.405s step_avg:307.21ms
step:2486/3250 train_time:763.706s step_avg:307.20ms
step:2487/3250 train_time:764.009s step_avg:307.20ms
step:2488/3250 train_time:764.313s step_avg:307.20ms
step:2489/3250 train_time:764.624s step_avg:307.20ms
step:2490/3250 train_time:764.926s step_avg:307.20ms
step:2491/3250 train_time:765.229s step_avg:307.20ms
step:2492/3250 train_time:765.532s step_avg:307.20ms
step:2493/3250 train_time:765.838s step_avg:307.20ms
step:2494/3250 train_time:766.141s step_avg:307.19ms
step:2495/3250 train_time:766.444s step_avg:307.19ms
step:2496/3250 train_time:766.746s step_avg:307.19ms
step:2497/3250 train_time:767.049s step_avg:307.19ms
step:2498/3250 train_time:767.354s step_avg:307.19ms
step:2499/3250 train_time:767.659s step_avg:307.19ms
step:2500/3250 train_time:767.964s step_avg:307.19ms
step:2500/3250 val_loss:3.37681 train_time:767.965s step_avg:306.18ms
probe_ema: n=84934656 align=-0.19467,-0.19104,-0.17985,-0.16198 rel_mse=1.06322,1.03562,1.01941,1.01027
step:2501/3250 train_time:768.268s step_avg:307.18ms
step:2502/3250 train_time:768.578s step_avg:307.19ms
step:2503/3250 train_time:768.882s step_avg:307.18ms
step:2504/3250 train_time:769.194s step_avg:307.19ms
step:2505/3250 train_time:769.502s step_avg:307.19ms
step:2506/3250 train_time:769.811s step_avg:307.19ms
step:2507/3250 train_time:770.118s step_avg:307.19ms
step:2508/3250 train_time:770.430s step_avg:307.19ms
step:2509/3250 train_time:770.733s step_avg:307.19ms
step:2510/3250 train_time:771.038s step_avg:307.19ms
step:2511/3250 train_time:771.341s step_avg:307.18ms
step:2512/3250 train_time:771.645s step_avg:307.18ms
step:2513/3250 train_time:771.949s step_avg:307.18ms
step:2514/3250 train_time:772.254s step_avg:307.18ms
step:2515/3250 train_time:772.559s step_avg:307.18ms
step:2516/3250 train_time:772.863s step_avg:307.18ms
step:2517/3250 train_time:773.166s step_avg:307.18ms
step:2518/3250 train_time:773.468s step_avg:307.18ms
step:2519/3250 train_time:773.772s step_avg:307.17ms
step:2520/3250 train_time:774.076s step_avg:307.17ms
step:2521/3250 train_time:774.379s step_avg:307.17ms
step:2522/3250 train_time:774.683s step_avg:307.17ms
step:2523/3250 train_time:774.987s step_avg:307.17ms
step:2524/3250 train_time:775.289s step_avg:307.17ms
step:2525/3250 train_time:775.592s step_avg:307.17ms
step:2526/3250 train_time:775.896s step_avg:307.16ms
step:2527/3250 train_time:776.200s step_avg:307.16ms
step:2528/3250 train_time:776.504s step_avg:307.16ms
step:2529/3250 train_time:776.807s step_avg:307.16ms
step:2530/3250 train_time:777.110s step_avg:307.16ms
step:2531/3250 train_time:777.413s step_avg:307.16ms
step:2532/3250 train_time:777.719s step_avg:307.16ms
step:2533/3250 train_time:778.021s step_avg:307.15ms
step:2534/3250 train_time:778.326s step_avg:307.15ms
step:2535/3250 train_time:778.628s step_avg:307.15ms
step:2536/3250 train_time:778.930s step_avg:307.15ms
step:2537/3250 train_time:779.235s step_avg:307.15ms
step:2538/3250 train_time:779.540s step_avg:307.15ms
step:2539/3250 train_time:779.843s step_avg:307.15ms
step:2540/3250 train_time:780.146s step_avg:307.14ms
step:2541/3250 train_time:780.448s step_avg:307.14ms
step:2542/3250 train_time:780.752s step_avg:307.14ms
step:2543/3250 train_time:781.055s step_avg:307.14ms
step:2544/3250 train_time:781.362s step_avg:307.14ms
step:2545/3250 train_time:781.666s step_avg:307.14ms
step:2546/3250 train_time:781.969s step_avg:307.14ms
step:2547/3250 train_time:782.272s step_avg:307.13ms
step:2548/3250 train_time:782.575s step_avg:307.13ms
step:2549/3250 train_time:782.880s step_avg:307.13ms
step:2550/3250 train_time:783.183s step_avg:307.13ms
step:2551/3250 train_time:783.486s step_avg:307.13ms
step:2552/3250 train_time:783.787s step_avg:307.13ms
step:2553/3250 train_time:784.090s step_avg:307.12ms
step:2554/3250 train_time:784.397s step_avg:307.12ms
step:2555/3250 train_time:784.700s step_avg:307.12ms
step:2556/3250 train_time:785.003s step_avg:307.12ms
step:2557/3250 train_time:785.305s step_avg:307.12ms
step:2558/3250 train_time:785.608s step_avg:307.12ms
step:2559/3250 train_time:785.911s step_avg:307.12ms
step:2560/3250 train_time:786.215s step_avg:307.12ms
step:2561/3250 train_time:786.520s step_avg:307.11ms
step:2562/3250 train_time:786.823s step_avg:307.11ms
step:2563/3250 train_time:787.131s step_avg:307.11ms
step:2564/3250 train_time:787.436s step_avg:307.11ms
step:2565/3250 train_time:787.740s step_avg:307.11ms
step:2566/3250 train_time:788.044s step_avg:307.11ms
step:2567/3250 train_time:788.346s step_avg:307.11ms
step:2568/3250 train_time:788.649s step_avg:307.11ms
step:2569/3250 train_time:788.951s step_avg:307.10ms
step:2570/3250 train_time:789.254s step_avg:307.10ms
step:2571/3250 train_time:789.558s step_avg:307.10ms
step:2572/3250 train_time:789.861s step_avg:307.10ms
step:2573/3250 train_time:790.164s step_avg:307.10ms
step:2574/3250 train_time:790.467s step_avg:307.10ms
step:2575/3250 train_time:790.769s step_avg:307.09ms
step:2576/3250 train_time:791.073s step_avg:307.09ms
step:2577/3250 train_time:791.377s step_avg:307.09ms
step:2578/3250 train_time:791.681s step_avg:307.09ms
step:2579/3250 train_time:791.983s step_avg:307.09ms
step:2580/3250 train_time:792.286s step_avg:307.09ms
step:2581/3250 train_time:792.590s step_avg:307.09ms
step:2582/3250 train_time:792.893s step_avg:307.08ms
step:2583/3250 train_time:793.200s step_avg:307.08ms
step:2584/3250 train_time:793.504s step_avg:307.08ms
step:2585/3250 train_time:793.806s step_avg:307.08ms
step:2586/3250 train_time:794.108s step_avg:307.08ms
step:2587/3250 train_time:794.412s step_avg:307.08ms
step:2588/3250 train_time:794.715s step_avg:307.08ms
step:2589/3250 train_time:795.021s step_avg:307.08ms
step:2590/3250 train_time:795.323s step_avg:307.07ms
step:2591/3250 train_time:795.628s step_avg:307.07ms
step:2592/3250 train_time:795.931s step_avg:307.07ms
step:2593/3250 train_time:796.236s step_avg:307.07ms
step:2594/3250 train_time:796.541s step_avg:307.07ms
step:2595/3250 train_time:796.845s step_avg:307.07ms
step:2596/3250 train_time:797.148s step_avg:307.07ms
step:2597/3250 train_time:797.450s step_avg:307.07ms
step:2598/3250 train_time:797.753s step_avg:307.06ms
step:2599/3250 train_time:798.058s step_avg:307.06ms
step:2600/3250 train_time:798.361s step_avg:307.06ms
step:2601/3250 train_time:798.664s step_avg:307.06ms
step:2602/3250 train_time:798.967s step_avg:307.06ms
step:2603/3250 train_time:799.270s step_avg:307.06ms
step:2604/3250 train_time:799.575s step_avg:307.06ms
step:2605/3250 train_time:799.879s step_avg:307.06ms
step:2606/3250 train_time:800.183s step_avg:307.05ms
step:2607/3250 train_time:800.485s step_avg:307.05ms
step:2608/3250 train_time:800.787s step_avg:307.05ms
step:2609/3250 train_time:801.089s step_avg:307.05ms
step:2610/3250 train_time:801.393s step_avg:307.05ms
step:2611/3250 train_time:801.698s step_avg:307.05ms
step:2612/3250 train_time:802.001s step_avg:307.04ms
step:2613/3250 train_time:802.306s step_avg:307.04ms
step:2614/3250 train_time:802.610s step_avg:307.04ms
step:2615/3250 train_time:802.915s step_avg:307.04ms
step:2616/3250 train_time:803.219s step_avg:307.04ms
step:2617/3250 train_time:803.521s step_avg:307.04ms
step:2618/3250 train_time:803.825s step_avg:307.04ms
step:2619/3250 train_time:804.128s step_avg:307.04ms
step:2620/3250 train_time:804.431s step_avg:307.03ms
step:2621/3250 train_time:804.735s step_avg:307.03ms
step:2622/3250 train_time:805.040s step_avg:307.03ms
step:2623/3250 train_time:805.343s step_avg:307.03ms
step:2624/3250 train_time:805.647s step_avg:307.03ms
step:2625/3250 train_time:805.948s step_avg:307.03ms
step:2625/3250 val_loss:3.35769 train_time:805.950s step_avg:303.87ms
probe_ema: n=84934656 align=-0.15410,-0.15612,-0.15003,-0.13684 rel_mse=1.05581,1.03248,1.01817,1.00981
step:2626/3250 train_time:806.256s step_avg:307.03ms
step:2627/3250 train_time:806.561s step_avg:307.03ms
step:2628/3250 train_time:806.865s step_avg:307.03ms
step:2629/3250 train_time:807.167s step_avg:307.02ms
step:2630/3250 train_time:807.472s step_avg:307.02ms
step:2631/3250 train_time:807.778s step_avg:307.02ms
step:2632/3250 train_time:808.081s step_avg:307.02ms
step:2633/3250 train_time:808.385s step_avg:307.02ms
step:2634/3250 train_time:808.687s step_avg:307.02ms
step:2635/3250 train_time:808.993s step_avg:307.02ms
step:2636/3250 train_time:809.297s step_avg:307.02ms
step:2637/3250 train_time:809.603s step_avg:307.02ms
step:2638/3250 train_time:809.905s step_avg:307.01ms
step:2639/3250 train_time:810.210s step_avg:307.01ms
step:2640/3250 train_time:810.515s step_avg:307.01ms
step:2641/3250 train_time:810.818s step_avg:307.01ms
step:2642/3250 train_time:811.121s step_avg:307.01ms
step:2643/3250 train_time:811.425s step_avg:307.01ms
step:2644/3250 train_time:811.727s step_avg:307.01ms
step:2645/3250 train_time:812.031s step_avg:307.01ms
step:2646/3250 train_time:812.336s step_avg:307.01ms
step:2647/3250 train_time:812.639s step_avg:307.00ms
step:2648/3250 train_time:812.943s step_avg:307.00ms
step:2649/3250 train_time:813.246s step_avg:307.00ms
step:2650/3250 train_time:813.549s step_avg:307.00ms
step:2651/3250 train_time:813.851s step_avg:307.00ms
step:2652/3250 train_time:814.158s step_avg:307.00ms
step:2653/3250 train_time:814.462s step_avg:307.00ms
step:2654/3250 train_time:814.767s step_avg:307.00ms
step:2655/3250 train_time:815.069s step_avg:306.99ms
step:2656/3250 train_time:815.370s step_avg:306.99ms
step:2657/3250 train_time:815.673s step_avg:306.99ms
step:2658/3250 train_time:815.977s step_avg:306.99ms
step:2659/3250 train_time:816.280s step_avg:306.99ms
step:2660/3250 train_time:816.583s step_avg:306.99ms
step:2661/3250 train_time:816.988s step_avg:307.02ms
step:2662/3250 train_time:817.291s step_avg:307.02ms
step:2663/3250 train_time:817.595s step_avg:307.02ms
step:2664/3250 train_time:817.898s step_avg:307.02ms
step:2665/3250 train_time:818.200s step_avg:307.02ms
step:2666/3250 train_time:818.503s step_avg:307.02ms
step:2667/3250 train_time:818.806s step_avg:307.01ms
step:2668/3250 train_time:819.112s step_avg:307.01ms
step:2669/3250 train_time:819.417s step_avg:307.01ms
step:2670/3250 train_time:819.722s step_avg:307.01ms
step:2671/3250 train_time:820.024s step_avg:307.01ms
step:2672/3250 train_time:820.327s step_avg:307.01ms
step:2673/3250 train_time:820.631s step_avg:307.01ms
step:2674/3250 train_time:820.935s step_avg:307.01ms
step:2675/3250 train_time:821.240s step_avg:307.01ms
step:2676/3250 train_time:821.543s step_avg:307.00ms
step:2677/3250 train_time:821.847s step_avg:307.00ms
step:2678/3250 train_time:822.159s step_avg:307.00ms
step:2679/3250 train_time:822.465s step_avg:307.00ms
step:2680/3250 train_time:822.768s step_avg:307.00ms
step:2681/3250 train_time:823.076s step_avg:307.00ms
step:2682/3250 train_time:823.383s step_avg:307.00ms
step:2683/3250 train_time:823.687s step_avg:307.00ms
step:2684/3250 train_time:823.992s step_avg:307.00ms
step:2685/3250 train_time:824.297s step_avg:307.00ms
step:2686/3250 train_time:824.601s step_avg:307.00ms
step:2687/3250 train_time:824.905s step_avg:307.00ms
step:2688/3250 train_time:825.210s step_avg:307.00ms
step:2689/3250 train_time:825.518s step_avg:307.00ms
step:2690/3250 train_time:825.823s step_avg:307.00ms
step:2691/3250 train_time:826.127s step_avg:307.00ms
step:2692/3250 train_time:826.433s step_avg:307.00ms
step:2693/3250 train_time:826.738s step_avg:307.00ms
step:2694/3250 train_time:827.044s step_avg:306.99ms
step:2695/3250 train_time:827.348s step_avg:306.99ms
step:2696/3250 train_time:827.653s step_avg:306.99ms
step:2697/3250 train_time:827.958s step_avg:306.99ms
step:2698/3250 train_time:828.262s step_avg:306.99ms
step:2699/3250 train_time:828.565s step_avg:306.99ms
step:2700/3250 train_time:828.869s step_avg:306.99ms
step:2701/3250 train_time:829.173s step_avg:306.99ms
step:2702/3250 train_time:829.478s step_avg:306.99ms
step:2703/3250 train_time:829.787s step_avg:306.99ms
step:2704/3250 train_time:830.094s step_avg:306.99ms
step:2705/3250 train_time:830.402s step_avg:306.99ms
step:2706/3250 train_time:830.710s step_avg:306.99ms
step:2707/3250 train_time:831.017s step_avg:306.99ms
step:2708/3250 train_time:831.322s step_avg:306.99ms
step:2709/3250 train_time:831.626s step_avg:306.99ms
step:2710/3250 train_time:831.933s step_avg:306.99ms
step:2711/3250 train_time:832.240s step_avg:306.99ms
step:2712/3250 train_time:832.543s step_avg:306.98ms
step:2713/3250 train_time:832.846s step_avg:306.98ms
step:2714/3250 train_time:833.152s step_avg:306.98ms
step:2715/3250 train_time:833.456s step_avg:306.98ms
step:2716/3250 train_time:833.762s step_avg:306.98ms
step:2717/3250 train_time:834.065s step_avg:306.98ms
step:2718/3250 train_time:834.370s step_avg:306.98ms
step:2719/3250 train_time:834.676s step_avg:306.98ms
step:2720/3250 train_time:834.981s step_avg:306.98ms
step:2721/3250 train_time:835.287s step_avg:306.98ms
step:2722/3250 train_time:835.590s step_avg:306.98ms
step:2723/3250 train_time:835.897s step_avg:306.98ms
step:2724/3250 train_time:836.201s step_avg:306.98ms
step:2725/3250 train_time:836.505s step_avg:306.97ms
step:2726/3250 train_time:836.810s step_avg:306.97ms
step:2727/3250 train_time:837.115s step_avg:306.97ms
step:2728/3250 train_time:837.420s step_avg:306.97ms
step:2729/3250 train_time:837.723s step_avg:306.97ms
step:2730/3250 train_time:838.026s step_avg:306.97ms
step:2731/3250 train_time:838.332s step_avg:306.97ms
step:2732/3250 train_time:838.637s step_avg:306.97ms
step:2733/3250 train_time:838.940s step_avg:306.97ms
step:2734/3250 train_time:839.243s step_avg:306.97ms
step:2735/3250 train_time:839.547s step_avg:306.96ms
step:2736/3250 train_time:839.851s step_avg:306.96ms
step:2737/3250 train_time:840.155s step_avg:306.96ms
step:2738/3250 train_time:840.459s step_avg:306.96ms
step:2739/3250 train_time:840.764s step_avg:306.96ms
step:2740/3250 train_time:841.066s step_avg:306.96ms
step:2741/3250 train_time:841.370s step_avg:306.96ms
step:2742/3250 train_time:841.673s step_avg:306.96ms
step:2743/3250 train_time:841.977s step_avg:306.95ms
step:2744/3250 train_time:842.282s step_avg:306.95ms
step:2745/3250 train_time:842.585s step_avg:306.95ms
step:2746/3250 train_time:842.889s step_avg:306.95ms
step:2747/3250 train_time:843.193s step_avg:306.95ms
step:2748/3250 train_time:843.500s step_avg:306.95ms
step:2749/3250 train_time:843.803s step_avg:306.95ms
step:2750/3250 train_time:844.111s step_avg:306.95ms
step:2750/3250 val_loss:3.33932 train_time:844.113s step_avg:305.30ms
probe_ema: n=84934656 align=-0.14312,-0.14636,-0.14202,-0.13032 rel_mse=1.05209,1.03078,1.01748,1.00959
step:2751/3250 train_time:844.415s step_avg:306.95ms
step:2752/3250 train_time:844.719s step_avg:306.95ms
step:2753/3250 train_time:845.024s step_avg:306.95ms
step:2754/3250 train_time:845.328s step_avg:306.95ms
step:2755/3250 train_time:845.629s step_avg:306.94ms
step:2756/3250 train_time:845.932s step_avg:306.94ms
step:2757/3250 train_time:846.235s step_avg:306.94ms
step:2758/3250 train_time:846.540s step_avg:306.94ms
step:2759/3250 train_time:846.842s step_avg:306.94ms
step:2760/3250 train_time:847.145s step_avg:306.94ms
step:2761/3250 train_time:847.446s step_avg:306.93ms
step:2762/3250 train_time:847.748s step_avg:306.93ms
step:2763/3250 train_time:848.052s step_avg:306.93ms
step:2764/3250 train_time:848.355s step_avg:306.93ms
step:2765/3250 train_time:848.659s step_avg:306.93ms
step:2766/3250 train_time:848.963s step_avg:306.93ms
step:2767/3250 train_time:849.265s step_avg:306.93ms
step:2768/3250 train_time:849.567s step_avg:306.92ms
step:2769/3250 train_time:849.869s step_avg:306.92ms
step:2770/3250 train_time:850.171s step_avg:306.92ms
step:2771/3250 train_time:850.476s step_avg:306.92ms
step:2772/3250 train_time:850.779s step_avg:306.92ms
step:2773/3250 train_time:851.082s step_avg:306.92ms
step:2774/3250 train_time:851.385s step_avg:306.92ms
step:2775/3250 train_time:851.689s step_avg:306.91ms
step:2776/3250 train_time:851.992s step_avg:306.91ms
step:2777/3250 train_time:852.295s step_avg:306.91ms
step:2778/3250 train_time:852.599s step_avg:306.91ms
step:2779/3250 train_time:852.903s step_avg:306.91ms
step:2780/3250 train_time:853.207s step_avg:306.91ms
step:2781/3250 train_time:853.509s step_avg:306.91ms
step:2782/3250 train_time:853.812s step_avg:306.91ms
step:2783/3250 train_time:854.118s step_avg:306.91ms
step:2784/3250 train_time:854.421s step_avg:306.90ms
step:2785/3250 train_time:854.725s step_avg:306.90ms
step:2786/3250 train_time:855.027s step_avg:306.90ms
step:2787/3250 train_time:855.331s step_avg:306.90ms
step:2788/3250 train_time:855.635s step_avg:306.90ms
step:2789/3250 train_time:855.939s step_avg:306.90ms
step:2790/3250 train_time:856.242s step_avg:306.90ms
step:2791/3250 train_time:856.546s step_avg:306.90ms
step:2792/3250 train_time:856.849s step_avg:306.89ms
step:2793/3250 train_time:857.154s step_avg:306.89ms
step:2794/3250 train_time:857.460s step_avg:306.89ms
step:2795/3250 train_time:857.765s step_avg:306.89ms
step:2796/3250 train_time:858.069s step_avg:306.89ms
step:2797/3250 train_time:858.374s step_avg:306.89ms
step:2798/3250 train_time:858.679s step_avg:306.89ms
step:2799/3250 train_time:858.984s step_avg:306.89ms
step:2800/3250 train_time:859.288s step_avg:306.89ms
step:2801/3250 train_time:859.595s step_avg:306.89ms
step:2802/3250 train_time:859.900s step_avg:306.89ms
step:2803/3250 train_time:860.203s step_avg:306.89ms
step:2804/3250 train_time:860.506s step_avg:306.89ms
step:2805/3250 train_time:860.809s step_avg:306.88ms
step:2806/3250 train_time:861.112s step_avg:306.88ms
step:2807/3250 train_time:861.415s step_avg:306.88ms
step:2808/3250 train_time:861.718s step_avg:306.88ms
step:2809/3250 train_time:862.022s step_avg:306.88ms
step:2810/3250 train_time:862.326s step_avg:306.88ms
step:2811/3250 train_time:862.629s step_avg:306.88ms
step:2812/3250 train_time:862.933s step_avg:306.88ms
step:2813/3250 train_time:863.238s step_avg:306.87ms
step:2814/3250 train_time:863.541s step_avg:306.87ms
step:2815/3250 train_time:863.843s step_avg:306.87ms
step:2816/3250 train_time:864.147s step_avg:306.87ms
step:2817/3250 train_time:864.449s step_avg:306.87ms
step:2818/3250 train_time:864.754s step_avg:306.87ms
step:2819/3250 train_time:865.059s step_avg:306.87ms
step:2820/3250 train_time:865.362s step_avg:306.87ms
step:2821/3250 train_time:865.665s step_avg:306.86ms
step:2822/3250 train_time:865.967s step_avg:306.86ms
step:2823/3250 train_time:866.269s step_avg:306.86ms
step:2824/3250 train_time:866.575s step_avg:306.86ms
step:2825/3250 train_time:866.880s step_avg:306.86ms
step:2826/3250 train_time:867.183s step_avg:306.86ms
step:2827/3250 train_time:867.486s step_avg:306.86ms
step:2828/3250 train_time:867.790s step_avg:306.86ms
step:2829/3250 train_time:868.094s step_avg:306.86ms
step:2830/3250 train_time:868.397s step_avg:306.85ms
step:2831/3250 train_time:868.701s step_avg:306.85ms
step:2832/3250 train_time:869.004s step_avg:306.85ms
step:2833/3250 train_time:869.307s step_avg:306.85ms
step:2834/3250 train_time:869.609s step_avg:306.85ms
step:2835/3250 train_time:869.911s step_avg:306.85ms
step:2836/3250 train_time:870.215s step_avg:306.85ms
step:2837/3250 train_time:870.519s step_avg:306.84ms
step:2838/3250 train_time:870.823s step_avg:306.84ms
step:2839/3250 train_time:871.125s step_avg:306.84ms
step:2840/3250 train_time:871.429s step_avg:306.84ms
step:2841/3250 train_time:871.732s step_avg:306.84ms
step:2842/3250 train_time:872.035s step_avg:306.84ms
step:2843/3250 train_time:872.340s step_avg:306.84ms
step:2844/3250 train_time:872.643s step_avg:306.84ms
step:2845/3250 train_time:872.945s step_avg:306.83ms
step:2846/3250 train_time:873.249s step_avg:306.83ms
step:2847/3250 train_time:873.551s step_avg:306.83ms
step:2848/3250 train_time:873.855s step_avg:306.83ms
step:2849/3250 train_time:874.166s step_avg:306.83ms
step:2850/3250 train_time:874.469s step_avg:306.83ms
step:2851/3250 train_time:874.834s step_avg:306.85ms
step:2852/3250 train_time:875.140s step_avg:306.85ms
step:2853/3250 train_time:875.443s step_avg:306.85ms
step:2854/3250 train_time:875.746s step_avg:306.85ms
step:2855/3250 train_time:876.054s step_avg:306.85ms
step:2856/3250 train_time:876.363s step_avg:306.85ms
step:2857/3250 train_time:876.669s step_avg:306.85ms
step:2858/3250 train_time:876.974s step_avg:306.85ms
step:2859/3250 train_time:877.281s step_avg:306.85ms
step:2860/3250 train_time:877.585s step_avg:306.85ms
step:2861/3250 train_time:877.890s step_avg:306.85ms
step:2862/3250 train_time:878.195s step_avg:306.85ms
step:2863/3250 train_time:878.501s step_avg:306.85ms
step:2864/3250 train_time:878.805s step_avg:306.85ms
step:2865/3250 train_time:879.107s step_avg:306.84ms
step:2866/3250 train_time:879.410s step_avg:306.84ms
step:2867/3250 train_time:879.714s step_avg:306.84ms
step:2868/3250 train_time:880.018s step_avg:306.84ms
step:2869/3250 train_time:880.322s step_avg:306.84ms
step:2870/3250 train_time:880.627s step_avg:306.84ms
step:2871/3250 train_time:880.930s step_avg:306.84ms
step:2872/3250 train_time:881.233s step_avg:306.84ms
step:2873/3250 train_time:881.536s step_avg:306.83ms
step:2874/3250 train_time:881.841s step_avg:306.83ms
step:2875/3250 train_time:882.146s step_avg:306.83ms
step:2875/3250 val_loss:3.32116 train_time:882.147s step_avg:304.28ms
probe_ema: n=84934656 align=-0.10987,-0.12264,-0.12485,-0.11814 rel_mse=1.05050,1.03076,1.01779,1.00981
step:2876/3250 train_time:882.453s step_avg:306.83ms
step:2877/3250 train_time:882.765s step_avg:306.84ms
step:2878/3250 train_time:883.068s step_avg:306.83ms
step:2879/3250 train_time:883.372s step_avg:306.83ms
step:2880/3250 train_time:883.682s step_avg:306.83ms
step:2881/3250 train_time:883.986s step_avg:306.83ms
step:2882/3250 train_time:884.289s step_avg:306.83ms
step:2883/3250 train_time:884.593s step_avg:306.83ms
step:2884/3250 train_time:884.900s step_avg:306.83ms
step:2885/3250 train_time:885.203s step_avg:306.83ms
step:2886/3250 train_time:885.507s step_avg:306.83ms
step:2887/3250 train_time:885.810s step_avg:306.83ms
step:2888/3250 train_time:886.115s step_avg:306.83ms
step:2889/3250 train_time:886.420s step_avg:306.83ms
step:2890/3250 train_time:886.723s step_avg:306.82ms
step:2891/3250 train_time:887.029s step_avg:306.82ms
step:2892/3250 train_time:887.334s step_avg:306.82ms
step:2893/3250 train_time:887.640s step_avg:306.82ms
step:2894/3250 train_time:887.949s step_avg:306.82ms
step:2895/3250 train_time:888.254s step_avg:306.82ms
step:2896/3250 train_time:888.559s step_avg:306.82ms
step:2897/3250 train_time:888.862s step_avg:306.82ms
step:2898/3250 train_time:889.165s step_avg:306.82ms
step:2899/3250 train_time:889.468s step_avg:306.82ms
step:2900/3250 train_time:889.773s step_avg:306.82ms
step:2900/3250 val_loss:3.31739 train_time:889.775s step_avg:305.10ms
probe_ema: n=84934656 align=-0.08389,-0.10219,-0.10875,-0.10533 rel_mse=1.04513,1.02792,1.01630,1.00905
step:2901/3250 train_time:890.079s step_avg:306.82ms
step:2902/3250 train_time:890.383s step_avg:306.82ms
step:2903/3250 train_time:890.687s step_avg:306.82ms
step:2904/3250 train_time:890.991s step_avg:306.82ms
step:2905/3250 train_time:891.296s step_avg:306.81ms
step:2906/3250 train_time:891.602s step_avg:306.81ms
step:2907/3250 train_time:891.911s step_avg:306.81ms
step:2908/3250 train_time:892.216s step_avg:306.81ms
step:2909/3250 train_time:892.519s step_avg:306.81ms
step:2910/3250 train_time:892.826s step_avg:306.81ms
step:2910/3250 val_loss:3.31561 train_time:892.827s step_avg:305.25ms
probe_ema: n=84934656 align=-0.08860,-0.10274,-0.10693,-0.10221 rel_mse=1.04440,1.02716,1.01587,1.00883
step:2911/3250 train_time:893.138s step_avg:306.81ms
step:2912/3250 train_time:893.443s step_avg:306.81ms
step:2913/3250 train_time:893.754s step_avg:306.82ms
step:2914/3250 train_time:894.068s step_avg:306.82ms
step:2915/3250 train_time:894.380s step_avg:306.82ms
step:2916/3250 train_time:894.683s step_avg:306.82ms
step:2917/3250 train_time:894.993s step_avg:306.82ms
step:2918/3250 train_time:895.298s step_avg:306.82ms
step:2919/3250 train_time:895.601s step_avg:306.82ms
step:2920/3250 train_time:895.906s step_avg:306.82ms
step:2920/3250 val_loss:3.31408 train_time:895.908s step_avg:308.06ms
probe_ema: n=84934656 align=-0.11372,-0.12156,-0.12185,-0.11488 rel_mse=1.05446,1.03196,1.01816,1.00999
step:2921/3250 train_time:896.219s step_avg:306.82ms
step:2922/3250 train_time:896.527s step_avg:306.82ms
step:2923/3250 train_time:896.833s step_avg:306.82ms
step:2924/3250 train_time:897.138s step_avg:306.82ms
step:2925/3250 train_time:897.444s step_avg:306.82ms
step:2925/3250 val_loss:3.31336 train_time:897.445s step_avg:307.42ms
probe_ema: n=84934656 align=-0.09563,-0.10708,-0.10986,-0.10486 rel_mse=1.04805,1.02882,1.01665,1.00927
step:2926/3250 train_time:897.756s step_avg:306.82ms
step:2927/3250 train_time:898.063s step_avg:306.82ms
step:2928/3250 train_time:898.368s step_avg:306.82ms
step:2929/3250 train_time:898.674s step_avg:306.82ms
step:2930/3250 train_time:898.982s step_avg:306.82ms
step:2930/3250 val_loss:3.31327 train_time:898.984s step_avg:307.86ms
probe_ema: n=84934656 align=-0.12564,-0.13249,-0.13071,-0.12188 rel_mse=1.05490,1.03226,1.01823,1.00999
step:2931/3250 train_time:899.290s step_avg:306.82ms
step:2932/3250 train_time:899.597s step_avg:306.82ms
step:2933/3250 train_time:899.902s step_avg:306.82ms
step:2934/3250 train_time:900.213s step_avg:306.82ms
step:2935/3250 train_time:900.518s step_avg:306.82ms
step:2936/3250 train_time:900.823s step_avg:306.82ms
step:2937/3250 train_time:901.127s step_avg:306.82ms
step:2938/3250 train_time:901.432s step_avg:306.82ms
step:2939/3250 train_time:901.738s step_avg:306.82ms
step:2940/3250 train_time:902.042s step_avg:306.82ms
step:2940/3250 val_loss:3.31158 train_time:902.044s step_avg:305.97ms
probe_ema: n=84934656 align=-0.07927,-0.09682,-0.10310,-0.09995 rel_mse=1.04488,1.02741,1.01601,1.00893
step:2941/3250 train_time:902.348s step_avg:306.82ms
step:2942/3250 train_time:902.659s step_avg:306.82ms
step:2943/3250 train_time:902.963s step_avg:306.82ms
step:2944/3250 train_time:903.266s step_avg:306.82ms
step:2945/3250 train_time:903.569s step_avg:306.81ms
step:2946/3250 train_time:903.875s step_avg:306.81ms
step:2947/3250 train_time:904.181s step_avg:306.81ms
step:2948/3250 train_time:904.487s step_avg:306.81ms
step:2949/3250 train_time:904.790s step_avg:306.81ms
step:2950/3250 train_time:905.096s step_avg:306.81ms
step:2950/3250 val_loss:3.31006 train_time:905.097s step_avg:305.33ms
probe_ema: n=84934656 align=-0.10465,-0.11511,-0.11613,-0.10971 rel_mse=1.04941,1.02962,1.01700,1.00941
step:2951/3250 train_time:905.402s step_avg:306.81ms
step:2952/3250 train_time:905.714s step_avg:306.81ms
step:2953/3250 train_time:906.023s step_avg:306.81ms
step:2954/3250 train_time:906.326s step_avg:306.81ms
step:2955/3250 train_time:906.630s step_avg:306.81ms
step:2956/3250 train_time:906.934s step_avg:306.81ms
step:2957/3250 train_time:907.239s step_avg:306.81ms
step:2958/3250 train_time:907.543s step_avg:306.81ms
step:2959/3250 train_time:907.848s step_avg:306.81ms
step:2960/3250 train_time:908.153s step_avg:306.81ms
step:2960/3250 val_loss:3.30872 train_time:908.154s step_avg:305.71ms
probe_ema: n=84934656 align=-0.11135,-0.12120,-0.12153,-0.11429 rel_mse=1.05142,1.03079,1.01765,1.00973
step:2961/3250 train_time:908.460s step_avg:306.81ms
step:2962/3250 train_time:908.773s step_avg:306.81ms
step:2963/3250 train_time:909.078s step_avg:306.81ms
step:2964/3250 train_time:909.380s step_avg:306.81ms
step:2965/3250 train_time:909.685s step_avg:306.81ms
step:2966/3250 train_time:909.990s step_avg:306.81ms
step:2967/3250 train_time:910.295s step_avg:306.81ms
step:2968/3250 train_time:910.599s step_avg:306.81ms
step:2969/3250 train_time:910.905s step_avg:306.81ms
step:2970/3250 train_time:911.211s step_avg:306.81ms
step:2970/3250 val_loss:3.30710 train_time:911.212s step_avg:305.84ms
probe_ema: n=84934656 align=-0.06625,-0.08393,-0.09149,-0.09000 rel_mse=1.04214,1.02566,1.01502,1.00841
step:2971/3250 train_time:911.518s step_avg:306.81ms
step:2972/3250 train_time:911.828s step_avg:306.81ms
step:2973/3250 train_time:912.131s step_avg:306.81ms
step:2974/3250 train_time:912.435s step_avg:306.80ms
step:2975/3250 train_time:912.739s step_avg:306.80ms
step:2975/3250 val_loss:3.30663 train_time:912.740s step_avg:305.45ms
probe_ema: n=84934656 align=-0.06121,-0.08141,-0.09003,-0.08930 rel_mse=1.04088,1.02555,1.01506,1.00846
step:2976/3250 train_time:913.042s step_avg:306.80ms
step:2977/3250 train_time:913.345s step_avg:306.80ms
step:2978/3250 train_time:913.649s step_avg:306.80ms
step:2979/3250 train_time:913.954s step_avg:306.80ms
step:2980/3250 train_time:914.259s step_avg:306.80ms
step:2980/3250 val_loss:3.30590 train_time:914.261s step_avg:304.17ms
probe_ema: n=84934656 align=-0.09326,-0.10503,-0.10791,-0.10316 rel_mse=1.04804,1.02894,1.01672,1.00929
step:2981/3250 train_time:914.564s step_avg:306.80ms
step:2982/3250 train_time:914.872s step_avg:306.80ms
step:2983/3250 train_time:915.176s step_avg:306.80ms
step:2984/3250 train_time:915.478s step_avg:306.80ms
step:2985/3250 train_time:915.784s step_avg:306.80ms
step:2986/3250 train_time:916.090s step_avg:306.80ms
step:2987/3250 train_time:916.394s step_avg:306.79ms
step:2988/3250 train_time:916.700s step_avg:306.79ms
step:2989/3250 train_time:917.009s step_avg:306.79ms
step:2990/3250 train_time:917.316s step_avg:306.79ms
step:2990/3250 val_loss:3.30478 train_time:917.318s step_avg:305.71ms
probe_ema: n=84934656 align=-0.14378,-0.14621,-0.14216,-0.13220 rel_mse=1.07421,1.04084,1.02215,1.01185
step:2991/3250 train_time:917.623s step_avg:306.79ms
step:2992/3250 train_time:917.925s step_avg:306.79ms
step:2993/3250 train_time:918.229s step_avg:306.79ms
step:2994/3250 train_time:918.540s step_avg:306.79ms
step:2995/3250 train_time:918.846s step_avg:306.79ms
step:2996/3250 train_time:919.150s step_avg:306.79ms
step:2997/3250 train_time:919.454s step_avg:306.79ms
step:2998/3250 train_time:919.760s step_avg:306.79ms
step:2999/3250 train_time:920.065s step_avg:306.79ms
step:3000/3250 train_time:920.369s step_avg:306.79ms
step:3000/3250 val_loss:3.30351 train_time:920.371s step_avg:305.31ms
probe_ema: n=84934656 align=-0.07679,-0.09376,-0.09956,-0.09699 rel_mse=1.04738,1.02948,1.01728,1.00966
step:3001/3250 train_time:920.676s step_avg:306.79ms
step:3002/3250 train_time:920.983s step_avg:306.79ms
step:3003/3250 train_time:921.285s step_avg:306.79ms
step:3004/3250 train_time:921.588s step_avg:306.79ms
step:3005/3250 train_time:921.892s step_avg:306.79ms
step:3006/3250 train_time:922.197s step_avg:306.79ms
step:3007/3250 train_time:922.500s step_avg:306.78ms
step:3008/3250 train_time:922.803s step_avg:306.78ms
step:3009/3250 train_time:923.105s step_avg:306.78ms
step:3010/3250 train_time:923.412s step_avg:306.78ms
step:3010/3250 val_loss:3.30179 train_time:923.414s step_avg:304.28ms
probe_ema: n=84934656 align=-0.09019,-0.10201,-0.10431,-0.09888 rel_mse=1.05054,1.03021,1.01728,1.00948
step:3011/3250 train_time:923.717s step_avg:306.78ms
step:3012/3250 train_time:924.022s step_avg:306.78ms
step:3013/3250 train_time:924.323s step_avg:306.78ms
step:3014/3250 train_time:924.627s step_avg:306.78ms
step:3015/3250 train_time:924.929s step_avg:306.78ms
step:3016/3250 train_time:925.232s step_avg:306.77ms
step:3017/3250 train_time:925.538s step_avg:306.77ms
step:3018/3250 train_time:925.841s step_avg:306.77ms
step:3019/3250 train_time:926.146s step_avg:306.77ms
step:3020/3250 train_time:926.450s step_avg:306.77ms
step:3020/3250 val_loss:3.29989 train_time:926.452s step_avg:303.84ms
probe_ema: n=84934656 align=-0.08194,-0.09453,-0.09797,-0.09384 rel_mse=1.04807,1.02872,1.01653,1.00917
step:3021/3250 train_time:926.757s step_avg:306.77ms
step:3022/3250 train_time:927.060s step_avg:306.77ms
step:3023/3250 train_time:927.363s step_avg:306.77ms
step:3024/3250 train_time:927.666s step_avg:306.77ms
step:3025/3250 train_time:927.969s step_avg:306.77ms
step:3025/3250 val_loss:3.29897 train_time:927.971s step_avg:303.70ms
probe_ema: n=84934656 align=-0.08472,-0.09508,-0.09715,-0.09202 rel_mse=1.04848,1.02887,1.01652,1.00911
step:3026/3250 train_time:928.276s step_avg:306.77ms
step:3027/3250 train_time:928.580s step_avg:306.77ms
step:3028/3250 train_time:928.886s step_avg:306.77ms
step:3029/3250 train_time:929.190s step_avg:306.76ms
step:3030/3250 train_time:929.493s step_avg:306.76ms
step:3030/3250 val_loss:3.29820 train_time:929.495s step_avg:304.86ms
probe_ema: n=84934656 align=-0.08508,-0.09496,-0.09681,-0.09173 rel_mse=1.04787,1.02822,1.01607,1.00884
step:3031/3250 train_time:929.810s step_avg:306.77ms
step:3032/3250 train_time:930.126s step_avg:306.77ms
step:3033/3250 train_time:930.430s step_avg:306.77ms
step:3034/3250 train_time:930.735s step_avg:306.77ms
step:3035/3250 train_time:931.044s step_avg:306.77ms
step:3036/3250 train_time:931.353s step_avg:306.77ms
step:3037/3250 train_time:931.659s step_avg:306.77ms
step:3038/3250 train_time:931.963s step_avg:306.77ms
step:3039/3250 train_time:932.268s step_avg:306.77ms
step:3040/3250 train_time:932.576s step_avg:306.77ms
step:3040/3250 val_loss:3.29695 train_time:932.578s step_avg:308.32ms
probe_ema: n=84934656 align=-0.06934,-0.08296,-0.08759,-0.08445 rel_mse=1.04669,1.02793,1.01605,1.00887
step:3041/3250 train_time:932.965s step_avg:306.80ms
step:3042/3250 train_time:933.270s step_avg:306.79ms
step:3043/3250 train_time:933.579s step_avg:306.80ms
step:3044/3250 train_time:933.885s step_avg:306.80ms
step:3045/3250 train_time:934.189s step_avg:306.79ms
step:3046/3250 train_time:934.500s step_avg:306.80ms
step:3047/3250 train_time:934.805s step_avg:306.80ms
step:3048/3250 train_time:935.122s step_avg:306.80ms
step:3049/3250 train_time:935.428s step_avg:306.80ms
step:3050/3250 train_time:935.737s step_avg:306.80ms
step:3050/3250 val_loss:3.29584 train_time:935.738s step_avg:316.01ms
probe_ema: n=84934656 align=-0.11253,-0.12007,-0.11901,-0.11011 rel_mse=1.06467,1.03618,1.01983,1.01058
step:3051/3250 train_time:936.043s step_avg:306.80ms
step:3052/3250 train_time:936.349s step_avg:306.80ms
step:3053/3250 train_time:936.655s step_avg:306.80ms
step:3054/3250 train_time:936.960s step_avg:306.80ms
step:3055/3250 train_time:937.264s step_avg:306.80ms
step:3056/3250 train_time:937.572s step_avg:306.80ms
step:3057/3250 train_time:937.880s step_avg:306.80ms
step:3058/3250 train_time:938.189s step_avg:306.80ms
step:3059/3250 train_time:938.494s step_avg:306.80ms
step:3060/3250 train_time:938.805s step_avg:306.80ms
step:3060/3250 val_loss:3.29499 train_time:938.806s step_avg:306.82ms
probe_ema: n=84934656 align=-0.04317,-0.07203,-0.08445,-0.08467 rel_mse=1.03814,1.02594,1.01585,1.00895
step:3061/3250 train_time:939.110s step_avg:306.80ms
step:3062/3250 train_time:939.419s step_avg:306.80ms
step:3063/3250 train_time:939.725s step_avg:306.80ms
step:3064/3250 train_time:940.029s step_avg:306.80ms
step:3065/3250 train_time:940.341s step_avg:306.80ms
step:3066/3250 train_time:940.647s step_avg:306.80ms
step:3067/3250 train_time:940.952s step_avg:306.80ms
step:3068/3250 train_time:941.261s step_avg:306.80ms
step:3069/3250 train_time:941.574s step_avg:306.80ms
step:3070/3250 train_time:941.882s step_avg:306.80ms
step:3070/3250 val_loss:3.29344 train_time:941.883s step_avg:307.71ms
probe_ema: n=84934656 align=-0.06303,-0.08014,-0.08831,-0.08704 rel_mse=1.04151,1.02574,1.01540,1.00873
step:3071/3250 train_time:942.194s step_avg:306.80ms
step:3072/3250 train_time:942.498s step_avg:306.80ms
step:3073/3250 train_time:942.802s step_avg:306.80ms
step:3074/3250 train_time:943.107s step_avg:306.80ms
step:3075/3250 train_time:943.419s step_avg:306.80ms
step:3075/3250 val_loss:3.29274 train_time:943.420s step_avg:307.30ms
probe_ema: n=84934656 align=-0.05402,-0.07261,-0.08131,-0.08067 rel_mse=1.04147,1.02585,1.01534,1.00864
step:3076/3250 train_time:943.726s step_avg:306.80ms
step:3077/3250 train_time:944.034s step_avg:306.80ms
step:3078/3250 train_time:944.340s step_avg:306.80ms
step:3079/3250 train_time:944.643s step_avg:306.80ms
step:3080/3250 train_time:944.948s step_avg:306.80ms
step:3080/3250 val_loss:3.29207 train_time:944.949s step_avg:305.81ms
probe_ema: n=84934656 align=-0.04540,-0.06645,-0.07682,-0.07745 rel_mse=1.04108,1.02569,1.01531,1.00866
step:3081/3250 train_time:945.254s step_avg:306.80ms
step:3082/3250 train_time:945.559s step_avg:306.80ms
step:3083/3250 train_time:945.864s step_avg:306.80ms
step:3084/3250 train_time:946.168s step_avg:306.80ms
step:3085/3250 train_time:946.473s step_avg:306.80ms
step:3086/3250 train_time:946.781s step_avg:306.80ms
step:3087/3250 train_time:947.085s step_avg:306.80ms
step:3088/3250 train_time:947.392s step_avg:306.80ms
step:3089/3250 train_time:947.698s step_avg:306.80ms
step:3090/3250 train_time:948.002s step_avg:306.80ms
step:3090/3250 val_loss:3.29099 train_time:948.003s step_avg:305.42ms
probe_ema: n=84934656 align=-0.10073,-0.11045,-0.11039,-0.10279 rel_mse=1.06091,1.03507,1.01950,1.01051
step:3091/3250 train_time:948.309s step_avg:306.80ms
step:3092/3250 train_time:948.615s step_avg:306.80ms
step:3093/3250 train_time:948.921s step_avg:306.80ms
step:3094/3250 train_time:949.229s step_avg:306.80ms
step:3095/3250 train_time:949.533s step_avg:306.80ms
step:3096/3250 train_time:949.837s step_avg:306.79ms
step:3097/3250 train_time:950.140s step_avg:306.79ms
step:3098/3250 train_time:950.447s step_avg:306.79ms
step:3099/3250 train_time:950.751s step_avg:306.79ms
step:3100/3250 train_time:951.054s step_avg:306.79ms
step:3100/3250 val_loss:3.28976 train_time:951.055s step_avg:305.22ms
probe_ema: n=84934656 align=-0.02103,-0.04896,-0.06354,-0.06719 rel_mse=1.03585,1.02390,1.01468,1.00841
step:3101/3250 train_time:951.360s step_avg:306.79ms
step:3102/3250 train_time:951.666s step_avg:306.79ms
step:3103/3250 train_time:951.970s step_avg:306.79ms
step:3104/3250 train_time:952.272s step_avg:306.79ms
step:3105/3250 train_time:952.580s step_avg:306.79ms
step:3106/3250 train_time:952.884s step_avg:306.79ms
step:3107/3250 train_time:953.188s step_avg:306.79ms
step:3108/3250 train_time:953.491s step_avg:306.79ms
step:3109/3250 train_time:953.796s step_avg:306.79ms
step:3110/3250 train_time:954.101s step_avg:306.78ms
step:3110/3250 val_loss:3.28875 train_time:954.103s step_avg:304.74ms
probe_ema: n=84934656 align=-0.06280,-0.08687,-0.09525,-0.09226 rel_mse=1.04902,1.03165,1.01867,1.01030
step:3111/3250 train_time:954.406s step_avg:306.78ms
step:3112/3250 train_time:954.710s step_avg:306.78ms
step:3113/3250 train_time:955.015s step_avg:306.78ms
step:3114/3250 train_time:955.322s step_avg:306.78ms
step:3115/3250 train_time:955.627s step_avg:306.78ms
step:3116/3250 train_time:955.929s step_avg:306.78ms
step:3117/3250 train_time:956.232s step_avg:306.78ms
step:3118/3250 train_time:956.536s step_avg:306.78ms
step:3119/3250 train_time:956.841s step_avg:306.78ms
step:3120/3250 train_time:957.145s step_avg:306.78ms
step:3120/3250 val_loss:3.28767 train_time:957.147s step_avg:304.42ms
probe_ema: n=84934656 align=-0.05717,-0.07643,-0.08285,-0.08067 rel_mse=1.04708,1.02935,1.01703,1.00941
step:3121/3250 train_time:957.452s step_avg:306.78ms
step:3122/3250 train_time:957.760s step_avg:306.78ms
step:3123/3250 train_time:958.065s step_avg:306.78ms
step:3124/3250 train_time:958.370s step_avg:306.78ms
step:3125/3250 train_time:958.673s step_avg:306.78ms
step:3125/3250 val_loss:3.28699 train_time:958.675s step_avg:305.60ms
probe_ema: n=84934656 align=-0.04006,-0.05955,-0.06870,-0.06883 rel_mse=1.04055,1.02532,1.01507,1.00847
step:3126/3250 train_time:958.981s step_avg:306.78ms
step:3127/3250 train_time:959.286s step_avg:306.78ms
step:3128/3250 train_time:959.592s step_avg:306.77ms
step:3129/3250 train_time:959.898s step_avg:306.77ms
step:3130/3250 train_time:960.204s step_avg:306.77ms
step:3130/3250 val_loss:3.28633 train_time:960.206s step_avg:306.12ms
probe_ema: n=84934656 align=-0.04536,-0.06291,-0.07092,-0.07014 rel_mse=1.03955,1.02467,1.01466,1.00824
step:3131/3250 train_time:960.512s step_avg:306.77ms
step:3132/3250 train_time:960.819s step_avg:306.77ms
step:3133/3250 train_time:961.124s step_avg:306.77ms
step:3134/3250 train_time:961.430s step_avg:306.77ms
step:3135/3250 train_time:961.737s step_avg:306.77ms
step:3136/3250 train_time:962.040s step_avg:306.77ms
step:3137/3250 train_time:962.344s step_avg:306.77ms
step:3138/3250 train_time:962.650s step_avg:306.77ms
step:3139/3250 train_time:962.957s step_avg:306.77ms
step:3140/3250 train_time:963.261s step_avg:306.77ms
step:3140/3250 val_loss:3.28523 train_time:963.263s step_avg:305.70ms
probe_ema: n=84934656 align=-0.03704,-0.05437,-0.06388,-0.06477 rel_mse=1.03931,1.02409,1.01429,1.00806
step:3141/3250 train_time:963.569s step_avg:306.77ms
step:3142/3250 train_time:963.877s step_avg:306.77ms
step:3143/3250 train_time:964.182s step_avg:306.77ms
step:3144/3250 train_time:964.488s step_avg:306.77ms
step:3145/3250 train_time:964.795s step_avg:306.77ms
step:3146/3250 train_time:965.102s step_avg:306.77ms
step:3147/3250 train_time:965.406s step_avg:306.77ms
step:3148/3250 train_time:965.711s step_avg:306.77ms
step:3149/3250 train_time:966.018s step_avg:306.77ms
step:3150/3250 train_time:966.323s step_avg:306.77ms
step:3150/3250 val_loss:3.28419 train_time:966.324s step_avg:306.17ms
probe_ema: n=84934656 align=-0.03919,-0.05286,-0.06008,-0.06043 rel_mse=1.04168,1.02471,1.01424,1.00790
step:3151/3250 train_time:966.633s step_avg:306.77ms
step:3152/3250 train_time:966.944s step_avg:306.77ms
step:3153/3250 train_time:967.252s step_avg:306.77ms
step:3154/3250 train_time:967.556s step_avg:306.77ms
step:3155/3250 train_time:967.860s step_avg:306.77ms
step:3156/3250 train_time:968.167s step_avg:306.77ms
step:3157/3250 train_time:968.483s step_avg:306.77ms
step:3158/3250 train_time:968.791s step_avg:306.77ms
step:3159/3250 train_time:969.096s step_avg:306.77ms
step:3160/3250 train_time:969.402s step_avg:306.77ms
step:3160/3250 val_loss:3.28321 train_time:969.403s step_avg:307.91ms
probe_ema: n=84934656 align=0.01790,-0.00868,-0.02556,-0.03346 rel_mse=1.02495,1.01618,1.00997,1.00580
step:3161/3250 train_time:969.708s step_avg:306.77ms
step:3162/3250 train_time:970.021s step_avg:306.77ms
step:3163/3250 train_time:970.336s step_avg:306.78ms
step:3164/3250 train_time:970.643s step_avg:306.78ms
step:3165/3250 train_time:970.950s step_avg:306.78ms
step:3166/3250 train_time:971.261s step_avg:306.78ms
step:3167/3250 train_time:971.571s step_avg:306.78ms
step:3168/3250 train_time:971.878s step_avg:306.78ms
step:3169/3250 train_time:972.188s step_avg:306.78ms
step:3170/3250 train_time:972.494s step_avg:306.78ms
step:3170/3250 val_loss:3.28237 train_time:972.496s step_avg:309.26ms
probe_ema: n=84934656 align=-0.01328,-0.03495,-0.04618,-0.04916 rel_mse=1.03236,1.02073,1.01240,1.00697
step:3171/3250 train_time:972.802s step_avg:306.78ms
step:3172/3250 train_time:973.114s step_avg:306.78ms
step:3173/3250 train_time:973.417s step_avg:306.78ms
step:3174/3250 train_time:973.731s step_avg:306.78ms
step:3175/3250 train_time:974.036s step_avg:306.78ms
step:3175/3250 val_loss:3.28192 train_time:974.038s step_avg:308.32ms
probe_ema: n=84934656 align=-0.01837,-0.03725,-0.04735,-0.05009 rel_mse=1.03589,1.02204,1.01298,1.00727
step:3176/3250 train_time:974.345s step_avg:306.78ms
step:3177/3250 train_time:974.655s step_avg:306.78ms
step:3178/3250 train_time:974.963s step_avg:306.79ms
step:3179/3250 train_time:975.268s step_avg:306.78ms
step:3180/3250 train_time:975.573s step_avg:306.78ms
step:3180/3250 val_loss:3.28151 train_time:975.574s step_avg:307.35ms
probe_ema: n=84934656 align=-0.04213,-0.05602,-0.06187,-0.06111 rel_mse=1.04159,1.02529,1.01465,1.00810
step:3181/3250 train_time:975.880s step_avg:306.78ms
step:3182/3250 train_time:976.188s step_avg:306.78ms
step:3183/3250 train_time:976.495s step_avg:306.78ms
step:3184/3250 train_time:976.802s step_avg:306.78ms
step:3185/3250 train_time:977.107s step_avg:306.78ms
step:3186/3250 train_time:977.412s step_avg:306.78ms
step:3187/3250 train_time:977.718s step_avg:306.78ms
step:3188/3250 train_time:978.026s step_avg:306.78ms
step:3189/3250 train_time:978.339s step_avg:306.79ms
step:3190/3250 train_time:978.649s step_avg:306.79ms
step:3190/3250 val_loss:3.28065 train_time:978.650s step_avg:307.57ms
probe_ema: n=84934656 align=-0.02676,-0.04251,-0.05020,-0.05106 rel_mse=1.03755,1.02295,1.01338,1.00744
step:3191/3250 train_time:978.954s step_avg:306.79ms
step:3192/3250 train_time:979.258s step_avg:306.79ms
step:3193/3250 train_time:979.564s step_avg:306.78ms
step:3194/3250 train_time:979.881s step_avg:306.79ms
step:3195/3250 train_time:980.193s step_avg:306.79ms
step:3196/3250 train_time:980.500s step_avg:306.79ms
step:3197/3250 train_time:980.808s step_avg:306.79ms
step:3198/3250 train_time:981.114s step_avg:306.79ms
step:3199/3250 train_time:981.420s step_avg:306.79ms
step:3200/3250 train_time:981.729s step_avg:306.79ms
step:3200/3250 val_loss:3.27989 train_time:981.731s step_avg:308.08ms
probe_ema: n=84934656 align=0.00966,-0.01383,-0.02853,-0.03472 rel_mse=1.02678,1.01726,1.01052,1.00601
step:3201/3250 train_time:982.035s step_avg:306.79ms
step:3202/3250 train_time:982.342s step_avg:306.79ms
step:3203/3250 train_time:982.646s step_avg:306.79ms
step:3204/3250 train_time:982.956s step_avg:306.79ms
step:3205/3250 train_time:983.265s step_avg:306.79ms
step:3206/3250 train_time:983.570s step_avg:306.79ms
step:3207/3250 train_time:983.879s step_avg:306.79ms
step:3208/3250 train_time:984.185s step_avg:306.79ms
step:3209/3250 train_time:984.488s step_avg:306.79ms
step:3210/3250 train_time:984.792s step_avg:306.79ms
step:3210/3250 val_loss:3.27920 train_time:984.793s step_avg:306.24ms
probe_ema: n=84934656 align=0.01945,0.00028,-0.01366,-0.02127 rel_mse=1.02477,1.01487,1.00885,1.00505
step:3211/3250 train_time:985.096s step_avg:306.79ms
step:3212/3250 train_time:985.402s step_avg:306.79ms
step:3213/3250 train_time:985.707s step_avg:306.79ms
step:3214/3250 train_time:986.013s step_avg:306.79ms
step:3215/3250 train_time:986.321s step_avg:306.79ms
step:3216/3250 train_time:986.628s step_avg:306.79ms
step:3217/3250 train_time:986.936s step_avg:306.79ms
step:3218/3250 train_time:987.243s step_avg:306.79ms
step:3219/3250 train_time:987.550s step_avg:306.79ms
step:3220/3250 train_time:987.860s step_avg:306.79ms
step:3220/3250 val_loss:3.27865 train_time:987.862s step_avg:306.83ms
probe_ema: n=84934656 align=-0.00046,-0.01090,-0.01919,-0.02426 rel_mse=1.03317,1.01883,1.01039,1.00561
step:3221/3250 train_time:988.167s step_avg:306.79ms
step:3222/3250 train_time:988.474s step_avg:306.79ms
step:3223/3250 train_time:988.782s step_avg:306.79ms
step:3224/3250 train_time:989.086s step_avg:306.79ms
step:3225/3250 train_time:989.391s step_avg:306.79ms
step:3225/3250 val_loss:3.27842 train_time:989.393s step_avg:306.37ms
probe_ema: n=84934656 align=0.00037,-0.00966,-0.01750,-0.02237 rel_mse=1.03210,1.01813,1.01005,1.00542
step:3226/3250 train_time:989.699s step_avg:306.79ms
step:3227/3250 train_time:990.005s step_avg:306.79ms
step:3228/3250 train_time:990.309s step_avg:306.79ms
step:3229/3250 train_time:990.613s step_avg:306.79ms
step:3230/3250 train_time:990.918s step_avg:306.79ms
step:3230/3250 val_loss:3.27825 train_time:990.919s step_avg:305.16ms
probe_ema: n=84934656 align=0.03269,0.01331,-0.00035,-0.00895 rel_mse=1.02106,1.01273,1.00742,1.00412
step:3231/3250 train_time:991.303s step_avg:306.81ms
step:3232/3250 train_time:991.606s step_avg:306.81ms
step:3233/3250 train_time:991.910s step_avg:306.81ms
step:3234/3250 train_time:992.215s step_avg:306.81ms
step:3235/3250 train_time:992.521s step_avg:306.81ms
step:3236/3250 train_time:992.828s step_avg:306.81ms
step:3237/3250 train_time:993.134s step_avg:306.81ms
step:3238/3250 train_time:993.441s step_avg:306.81ms
step:3239/3250 train_time:993.746s step_avg:306.81ms
step:3240/3250 train_time:994.050s step_avg:306.81ms
step:3240/3250 val_loss:3.27792 train_time:994.051s step_avg:313.19ms
probe_ema: n=84934656 align=-0.00051,-0.00428,-0.00889,-0.01302 rel_mse=1.03336,1.01761,1.00918,1.00476
step:3241/3250 train_time:994.356s step_avg:306.81ms
step:3242/3250 train_time:994.662s step_avg:306.81ms
step:3243/3250 train_time:994.965s step_avg:306.80ms
step:3244/3250 train_time:995.268s step_avg:306.80ms
step:3245/3250 train_time:995.575s step_avg:306.80ms
step:3246/3250 train_time:995.882s step_avg:306.80ms
step:3247/3250 train_time:996.193s step_avg:306.80ms
step:3248/3250 train_time:996.499s step_avg:306.80ms
step:3249/3250 train_time:996.808s step_avg:306.80ms
step:3250/3250 train_time:997.112s step_avg:306.80ms
step:3250/3250 val_loss:3.27777 train_time:997.113s step_avg:306.24ms
probe_ema: n=84934656 align=0.07122,0.06294,0.04962,0.03588 rel_mse=1.01002,1.00175,0.99978,0.99966
