==== 2026-08-25T01:21:26.320591Z ANL64_s7 ANNEAL seed=7 age 58.0->26.0 frac=1.0 ====
cd /root/modded-nanogpt && /root/venv/bin/torchrun --standalone --nproc_per_node=8 --master_port=29511 -- records/track_3_optimization/results/20260715_bimaxwell_baseline_3210/train_gpt_kmaxwell_anneal.py --seed 7 --start 1000 --k 8 --tau-min 3.0 --tau-max 64.0 --weights 0.005094,0.010188,0.015282,0.020376,0.025470,0.030564,0.035658,0.857369 --weights-end 0.032262,0.064524,0.096786,0.129047,0.161309,0.193571,0.225833,0.096669 --anneal-frac 1.0
W0825 01:21:27.411000 12210 torch/distributed/run.py:852] 
W0825 01:21:27.411000 12210 torch/distributed/run.py:852] *****************************************
W0825 01:21:27.411000 12210 torch/distributed/run.py:852] Setting OMP_NUM_THREADS environment variable for each process to be 1 in default, to avoid your system being overloaded, please further tune the variable for optimal performance in your application as needed. 
W0825 01:21:27.411000 12210 torch/distributed/run.py:852] *****************************************
logs/f76052c3-9f1b-47e5-b8c2-142b8103c7a1.txt
step:0/3250 val_loss:10.82584 train_time:0.000s step_avg:nanms
step:1/3250 train_time:2.673s step_avg:2672.92ms
step:2/3250 train_time:2.808s step_avg:1403.80ms
step:3/3250 train_time:2.960s step_avg:986.68ms
step:4/3250 train_time:3.114s step_avg:778.48ms
step:5/3250 train_time:3.267s step_avg:653.31ms
step:6/3250 train_time:3.420s step_avg:570.07ms
step:7/3250 train_time:3.575s step_avg:510.67ms
step:8/3250 train_time:3.732s step_avg:466.53ms
step:9/3250 train_time:3.891s step_avg:432.28ms
step:10/3250 train_time:4.041s step_avg:404.09ms
step:11/3250 train_time:4.196s step_avg:381.45ms
step:12/3250 train_time:4.351s step_avg:362.54ms
step:13/3250 train_time:4.504s step_avg:346.45ms
step:14/3250 train_time:4.659s step_avg:332.78ms
step:15/3250 train_time:4.816s step_avg:321.09ms
step:16/3250 train_time:4.970s step_avg:310.62ms
step:17/3250 train_time:5.124s step_avg:301.43ms
step:18/3250 train_time:5.278s step_avg:293.23ms
step:19/3250 train_time:5.433s step_avg:285.97ms
step:20/3250 train_time:5.590s step_avg:279.52ms
step:21/3250 train_time:5.746s step_avg:273.62ms
step:22/3250 train_time:5.899s step_avg:268.15ms
step:23/3250 train_time:6.055s step_avg:263.26ms
step:24/3250 train_time:6.211s step_avg:258.80ms
step:25/3250 train_time:6.365s step_avg:254.59ms
step:26/3250 train_time:6.519s step_avg:250.75ms
step:27/3250 train_time:6.675s step_avg:247.22ms
step:28/3250 train_time:6.831s step_avg:243.98ms
step:29/3250 train_time:6.985s step_avg:240.86ms
step:30/3250 train_time:7.139s step_avg:237.98ms
step:31/3250 train_time:7.295s step_avg:235.32ms
step:32/3250 train_time:7.451s step_avg:232.85ms
step:33/3250 train_time:7.606s step_avg:230.47ms
step:34/3250 train_time:7.760s step_avg:228.23ms
step:35/3250 train_time:7.915s step_avg:226.13ms
step:36/3250 train_time:8.070s step_avg:224.16ms
step:37/3250 train_time:8.225s step_avg:222.29ms
step:38/3250 train_time:8.379s step_avg:220.50ms
step:39/3250 train_time:8.537s step_avg:218.89ms
step:40/3250 train_time:8.690s step_avg:217.26ms
step:41/3250 train_time:8.845s step_avg:215.73ms
step:42/3250 train_time:8.998s step_avg:214.24ms
step:43/3250 train_time:9.154s step_avg:212.89ms
step:44/3250 train_time:9.310s step_avg:211.59ms
step:45/3250 train_time:9.464s step_avg:210.32ms
step:46/3250 train_time:9.619s step_avg:209.12ms
step:47/3250 train_time:9.775s step_avg:207.97ms
step:48/3250 train_time:9.931s step_avg:206.89ms
step:49/3250 train_time:10.085s step_avg:205.81ms
step:50/3250 train_time:10.240s step_avg:204.79ms
step:51/3250 train_time:10.395s step_avg:203.83ms
step:52/3250 train_time:10.551s step_avg:202.90ms
step:53/3250 train_time:10.706s step_avg:201.99ms
step:54/3250 train_time:10.860s step_avg:201.11ms
step:55/3250 train_time:11.018s step_avg:200.32ms
step:56/3250 train_time:11.173s step_avg:199.52ms
step:57/3250 train_time:11.328s step_avg:198.75ms
step:58/3250 train_time:11.482s step_avg:197.97ms
step:59/3250 train_time:11.637s step_avg:197.24ms
step:60/3250 train_time:11.792s step_avg:196.54ms
step:61/3250 train_time:11.947s step_avg:195.86ms
step:62/3250 train_time:12.101s step_avg:195.17ms
step:63/3250 train_time:12.257s step_avg:194.56ms
step:64/3250 train_time:12.412s step_avg:193.94ms
step:65/3250 train_time:12.567s step_avg:193.34ms
step:66/3250 train_time:12.722s step_avg:192.75ms
step:67/3250 train_time:12.877s step_avg:192.20ms
step:68/3250 train_time:13.033s step_avg:191.66ms
step:69/3250 train_time:13.188s step_avg:191.13ms
step:70/3250 train_time:13.342s step_avg:190.60ms
step:71/3250 train_time:13.497s step_avg:190.10ms
step:72/3250 train_time:13.652s step_avg:189.61ms
step:73/3250 train_time:13.805s step_avg:189.11ms
step:74/3250 train_time:13.960s step_avg:188.64ms
step:75/3250 train_time:14.116s step_avg:188.21ms
step:76/3250 train_time:14.270s step_avg:187.76ms
step:77/3250 train_time:14.424s step_avg:187.33ms
step:78/3250 train_time:14.578s step_avg:186.90ms
step:79/3250 train_time:14.736s step_avg:186.53ms
step:80/3250 train_time:14.891s step_avg:186.14ms
step:81/3250 train_time:15.045s step_avg:185.74ms
step:82/3250 train_time:15.198s step_avg:185.34ms
step:83/3250 train_time:15.353s step_avg:184.98ms
step:84/3250 train_time:15.509s step_avg:184.63ms
step:85/3250 train_time:15.662s step_avg:184.26ms
step:86/3250 train_time:15.818s step_avg:183.93ms
step:87/3250 train_time:15.972s step_avg:183.59ms
step:88/3250 train_time:16.128s step_avg:183.27ms
step:89/3250 train_time:16.281s step_avg:182.94ms
step:90/3250 train_time:16.438s step_avg:182.64ms
step:91/3250 train_time:16.591s step_avg:182.32ms
step:92/3250 train_time:16.746s step_avg:182.02ms
step:93/3250 train_time:16.900s step_avg:181.72ms
step:94/3250 train_time:17.057s step_avg:181.46ms
step:95/3250 train_time:17.213s step_avg:181.19ms
step:96/3250 train_time:17.369s step_avg:180.93ms
step:97/3250 train_time:17.523s step_avg:180.65ms
step:98/3250 train_time:17.678s step_avg:180.38ms
step:99/3250 train_time:17.832s step_avg:180.12ms
step:100/3250 train_time:17.987s step_avg:179.87ms
step:101/3250 train_time:18.141s step_avg:179.61ms
step:102/3250 train_time:18.297s step_avg:179.38ms
step:103/3250 train_time:18.454s step_avg:179.16ms
step:104/3250 train_time:18.610s step_avg:178.95ms
step:105/3250 train_time:18.765s step_avg:178.71ms
step:106/3250 train_time:18.919s step_avg:178.48ms
step:107/3250 train_time:19.073s step_avg:178.25ms
step:108/3250 train_time:19.229s step_avg:178.05ms
step:109/3250 train_time:19.384s step_avg:177.84ms
step:110/3250 train_time:19.539s step_avg:177.63ms
step:111/3250 train_time:19.696s step_avg:177.44ms
step:112/3250 train_time:19.852s step_avg:177.25ms
step:113/3250 train_time:20.006s step_avg:177.05ms
step:114/3250 train_time:20.161s step_avg:176.85ms
step:115/3250 train_time:20.317s step_avg:176.67ms
step:116/3250 train_time:20.471s step_avg:176.47ms
step:117/3250 train_time:20.625s step_avg:176.28ms
step:118/3250 train_time:20.779s step_avg:176.09ms
step:119/3250 train_time:20.933s step_avg:175.91ms
step:120/3250 train_time:21.089s step_avg:175.74ms
step:121/3250 train_time:21.244s step_avg:175.57ms
step:122/3250 train_time:21.398s step_avg:175.39ms
step:123/3250 train_time:21.553s step_avg:175.23ms
step:124/3250 train_time:21.708s step_avg:175.06ms
step:125/3250 train_time:21.861s step_avg:174.89ms
step:125/3250 val_loss:4.58283 train_time:21.874s step_avg:174.99ms
step:126/3250 train_time:22.021s step_avg:174.77ms
step:127/3250 train_time:22.176s step_avg:174.62ms
step:128/3250 train_time:22.331s step_avg:174.46ms
step:129/3250 train_time:22.484s step_avg:174.30ms
step:130/3250 train_time:22.640s step_avg:174.15ms
step:131/3250 train_time:22.794s step_avg:174.00ms
step:132/3250 train_time:22.950s step_avg:173.86ms
step:133/3250 train_time:23.104s step_avg:173.72ms
step:134/3250 train_time:23.261s step_avg:173.59ms
step:135/3250 train_time:23.415s step_avg:173.45ms
step:136/3250 train_time:23.570s step_avg:173.31ms
step:137/3250 train_time:23.723s step_avg:173.16ms
step:138/3250 train_time:23.879s step_avg:173.04ms
step:139/3250 train_time:24.034s step_avg:172.91ms
step:140/3250 train_time:24.188s step_avg:172.77ms
step:141/3250 train_time:24.342s step_avg:172.64ms
step:142/3250 train_time:24.498s step_avg:172.52ms
step:143/3250 train_time:24.654s step_avg:172.40ms
step:144/3250 train_time:24.808s step_avg:172.27ms
step:145/3250 train_time:24.962s step_avg:172.15ms
step:146/3250 train_time:25.119s step_avg:172.05ms
step:147/3250 train_time:25.275s step_avg:171.94ms
step:148/3250 train_time:25.430s step_avg:171.83ms
step:149/3250 train_time:25.585s step_avg:171.71ms
step:150/3250 train_time:25.741s step_avg:171.60ms
step:151/3250 train_time:25.894s step_avg:171.48ms
step:152/3250 train_time:26.048s step_avg:171.37ms
step:153/3250 train_time:26.202s step_avg:171.26ms
step:154/3250 train_time:26.359s step_avg:171.16ms
step:155/3250 train_time:26.514s step_avg:171.06ms
step:156/3250 train_time:26.669s step_avg:170.96ms
step:157/3250 train_time:26.822s step_avg:170.84ms
step:158/3250 train_time:26.977s step_avg:170.74ms
step:159/3250 train_time:27.131s step_avg:170.63ms
step:160/3250 train_time:27.285s step_avg:170.53ms
step:161/3250 train_time:27.441s step_avg:170.44ms
step:162/3250 train_time:27.596s step_avg:170.34ms
step:163/3250 train_time:27.751s step_avg:170.25ms
step:164/3250 train_time:27.904s step_avg:170.15ms
step:165/3250 train_time:28.062s step_avg:170.07ms
step:166/3250 train_time:28.216s step_avg:169.98ms
step:167/3250 train_time:28.372s step_avg:169.89ms
step:168/3250 train_time:28.526s step_avg:169.80ms
step:169/3250 train_time:28.682s step_avg:169.71ms
step:170/3250 train_time:28.839s step_avg:169.64ms
step:171/3250 train_time:28.992s step_avg:169.54ms
step:172/3250 train_time:29.145s step_avg:169.45ms
step:173/3250 train_time:29.300s step_avg:169.37ms
step:174/3250 train_time:29.455s step_avg:169.28ms
step:175/3250 train_time:29.610s step_avg:169.20ms
step:176/3250 train_time:29.764s step_avg:169.11ms
step:177/3250 train_time:29.920s step_avg:169.04ms
step:178/3250 train_time:30.075s step_avg:168.96ms
step:179/3250 train_time:30.228s step_avg:168.87ms
step:180/3250 train_time:30.383s step_avg:168.79ms
step:181/3250 train_time:30.536s step_avg:168.71ms
step:182/3250 train_time:30.690s step_avg:168.63ms
step:183/3250 train_time:30.844s step_avg:168.55ms
step:184/3250 train_time:31.000s step_avg:168.48ms
step:185/3250 train_time:31.155s step_avg:168.40ms
step:186/3250 train_time:31.310s step_avg:168.33ms
step:187/3250 train_time:31.464s step_avg:168.26ms
step:188/3250 train_time:31.619s step_avg:168.19ms
step:189/3250 train_time:31.775s step_avg:168.12ms
step:190/3250 train_time:31.928s step_avg:168.04ms
step:191/3250 train_time:32.219s step_avg:168.69ms
step:192/3250 train_time:32.374s step_avg:168.62ms
step:193/3250 train_time:32.527s step_avg:168.54ms
step:194/3250 train_time:32.682s step_avg:168.46ms
step:195/3250 train_time:32.836s step_avg:168.39ms
step:196/3250 train_time:32.989s step_avg:168.31ms
step:197/3250 train_time:33.144s step_avg:168.24ms
step:198/3250 train_time:33.298s step_avg:168.17ms
step:199/3250 train_time:33.454s step_avg:168.11ms
step:200/3250 train_time:33.609s step_avg:168.04ms
step:201/3250 train_time:33.762s step_avg:167.97ms
step:202/3250 train_time:33.917s step_avg:167.91ms
step:203/3250 train_time:34.072s step_avg:167.84ms
step:204/3250 train_time:34.225s step_avg:167.77ms
step:205/3250 train_time:34.380s step_avg:167.71ms
step:206/3250 train_time:34.535s step_avg:167.65ms
step:207/3250 train_time:34.690s step_avg:167.58ms
step:208/3250 train_time:34.844s step_avg:167.52ms
step:209/3250 train_time:34.999s step_avg:167.46ms
step:210/3250 train_time:35.154s step_avg:167.40ms
step:211/3250 train_time:35.308s step_avg:167.34ms
step:212/3250 train_time:35.463s step_avg:167.28ms
step:213/3250 train_time:35.618s step_avg:167.22ms
step:214/3250 train_time:35.774s step_avg:167.17ms
step:215/3250 train_time:35.929s step_avg:167.11ms
step:216/3250 train_time:36.083s step_avg:167.05ms
step:217/3250 train_time:36.239s step_avg:167.00ms
step:218/3250 train_time:36.393s step_avg:166.94ms
step:219/3250 train_time:36.547s step_avg:166.88ms
step:220/3250 train_time:36.701s step_avg:166.82ms
step:221/3250 train_time:36.857s step_avg:166.77ms
step:222/3250 train_time:37.011s step_avg:166.72ms
step:223/3250 train_time:37.165s step_avg:166.66ms
step:224/3250 train_time:37.320s step_avg:166.61ms
step:225/3250 train_time:37.475s step_avg:166.56ms
step:226/3250 train_time:37.630s step_avg:166.50ms
step:227/3250 train_time:37.784s step_avg:166.45ms
step:228/3250 train_time:37.939s step_avg:166.40ms
step:229/3250 train_time:38.093s step_avg:166.35ms
step:230/3250 train_time:38.247s step_avg:166.29ms
step:231/3250 train_time:38.401s step_avg:166.24ms
step:232/3250 train_time:38.557s step_avg:166.19ms
step:233/3250 train_time:38.712s step_avg:166.14ms
step:234/3250 train_time:38.866s step_avg:166.09ms
step:235/3250 train_time:39.020s step_avg:166.04ms
step:236/3250 train_time:39.174s step_avg:165.99ms
step:237/3250 train_time:39.329s step_avg:165.94ms
step:238/3250 train_time:39.482s step_avg:165.89ms
step:239/3250 train_time:39.637s step_avg:165.85ms
step:240/3250 train_time:39.792s step_avg:165.80ms
step:241/3250 train_time:39.946s step_avg:165.75ms
step:242/3250 train_time:40.101s step_avg:165.71ms
step:243/3250 train_time:40.256s step_avg:165.66ms
step:244/3250 train_time:40.412s step_avg:165.62ms
step:245/3250 train_time:40.566s step_avg:165.57ms
step:246/3250 train_time:40.720s step_avg:165.53ms
step:247/3250 train_time:40.875s step_avg:165.48ms
step:248/3250 train_time:41.030s step_avg:165.44ms
step:249/3250 train_time:41.183s step_avg:165.39ms
step:250/3250 train_time:41.340s step_avg:165.36ms
step:250/3250 val_loss:4.10517 train_time:41.352s step_avg:155.83ms
step:251/3250 train_time:41.500s step_avg:165.34ms
step:252/3250 train_time:41.654s step_avg:165.29ms
step:253/3250 train_time:41.808s step_avg:165.25ms
step:254/3250 train_time:41.962s step_avg:165.21ms
step:255/3250 train_time:42.116s step_avg:165.16ms
step:256/3250 train_time:42.270s step_avg:165.12ms
step:257/3250 train_time:42.426s step_avg:165.08ms
step:258/3250 train_time:42.582s step_avg:165.05ms
step:259/3250 train_time:42.737s step_avg:165.01ms
step:260/3250 train_time:42.891s step_avg:164.96ms
step:261/3250 train_time:43.044s step_avg:164.92ms
step:262/3250 train_time:43.199s step_avg:164.88ms
step:263/3250 train_time:43.353s step_avg:164.84ms
step:264/3250 train_time:43.507s step_avg:164.80ms
step:265/3250 train_time:43.663s step_avg:164.77ms
step:266/3250 train_time:43.817s step_avg:164.73ms
step:267/3250 train_time:43.972s step_avg:164.69ms
step:268/3250 train_time:44.126s step_avg:164.65ms
step:269/3250 train_time:44.282s step_avg:164.62ms
step:270/3250 train_time:44.437s step_avg:164.58ms
step:271/3250 train_time:44.592s step_avg:164.55ms
step:272/3250 train_time:44.745s step_avg:164.50ms
step:273/3250 train_time:44.900s step_avg:164.47ms
step:274/3250 train_time:45.056s step_avg:164.44ms
step:275/3250 train_time:45.210s step_avg:164.40ms
step:276/3250 train_time:45.365s step_avg:164.37ms
step:277/3250 train_time:45.520s step_avg:164.33ms
step:278/3250 train_time:45.675s step_avg:164.30ms
step:279/3250 train_time:45.829s step_avg:164.26ms
step:280/3250 train_time:45.984s step_avg:164.23ms
step:281/3250 train_time:46.139s step_avg:164.19ms
step:282/3250 train_time:46.292s step_avg:164.16ms
step:283/3250 train_time:46.446s step_avg:164.12ms
step:284/3250 train_time:46.602s step_avg:164.09ms
step:285/3250 train_time:46.758s step_avg:164.06ms
step:286/3250 train_time:46.911s step_avg:164.03ms
step:287/3250 train_time:47.066s step_avg:163.99ms
step:288/3250 train_time:47.220s step_avg:163.96ms
step:289/3250 train_time:47.375s step_avg:163.93ms
step:290/3250 train_time:47.529s step_avg:163.89ms
step:291/3250 train_time:47.684s step_avg:163.86ms
step:292/3250 train_time:47.838s step_avg:163.83ms
step:293/3250 train_time:47.993s step_avg:163.80ms
step:294/3250 train_time:48.146s step_avg:163.76ms
step:295/3250 train_time:48.301s step_avg:163.73ms
step:296/3250 train_time:48.457s step_avg:163.70ms
step:297/3250 train_time:48.610s step_avg:163.67ms
step:298/3250 train_time:48.765s step_avg:163.64ms
step:299/3250 train_time:48.920s step_avg:163.61ms
step:300/3250 train_time:49.075s step_avg:163.58ms
step:301/3250 train_time:49.229s step_avg:163.55ms
step:302/3250 train_time:49.385s step_avg:163.53ms
step:303/3250 train_time:49.540s step_avg:163.50ms
step:304/3250 train_time:49.696s step_avg:163.47ms
step:305/3250 train_time:49.849s step_avg:163.44ms
step:306/3250 train_time:50.004s step_avg:163.41ms
step:307/3250 train_time:50.159s step_avg:163.38ms
step:308/3250 train_time:50.312s step_avg:163.35ms
step:309/3250 train_time:50.466s step_avg:163.32ms
step:310/3250 train_time:50.621s step_avg:163.29ms
step:311/3250 train_time:50.777s step_avg:163.27ms
step:312/3250 train_time:50.930s step_avg:163.24ms
step:313/3250 train_time:51.085s step_avg:163.21ms
step:314/3250 train_time:51.241s step_avg:163.19ms
step:315/3250 train_time:51.396s step_avg:163.16ms
step:316/3250 train_time:51.550s step_avg:163.13ms
step:317/3250 train_time:51.704s step_avg:163.10ms
step:318/3250 train_time:51.858s step_avg:163.08ms
step:319/3250 train_time:52.011s step_avg:163.04ms
step:320/3250 train_time:52.166s step_avg:163.02ms
step:321/3250 train_time:52.320s step_avg:162.99ms
step:322/3250 train_time:52.475s step_avg:162.97ms
step:323/3250 train_time:52.629s step_avg:162.94ms
step:324/3250 train_time:52.785s step_avg:162.92ms
step:325/3250 train_time:52.940s step_avg:162.89ms
step:326/3250 train_time:53.095s step_avg:162.87ms
step:327/3250 train_time:53.247s step_avg:162.84ms
step:328/3250 train_time:53.404s step_avg:162.82ms
step:329/3250 train_time:53.559s step_avg:162.79ms
step:330/3250 train_time:53.714s step_avg:162.77ms
step:331/3250 train_time:53.868s step_avg:162.74ms
step:332/3250 train_time:54.023s step_avg:162.72ms
step:333/3250 train_time:54.177s step_avg:162.70ms
step:334/3250 train_time:54.332s step_avg:162.67ms
step:335/3250 train_time:54.487s step_avg:162.65ms
step:336/3250 train_time:54.642s step_avg:162.63ms
step:337/3250 train_time:54.798s step_avg:162.61ms
step:338/3250 train_time:54.953s step_avg:162.58ms
step:339/3250 train_time:55.106s step_avg:162.56ms
step:340/3250 train_time:55.261s step_avg:162.53ms
step:341/3250 train_time:55.415s step_avg:162.51ms
step:342/3250 train_time:55.569s step_avg:162.48ms
step:343/3250 train_time:55.723s step_avg:162.46ms
step:344/3250 train_time:55.878s step_avg:162.44ms
step:345/3250 train_time:56.033s step_avg:162.41ms
step:346/3250 train_time:56.187s step_avg:162.39ms
step:347/3250 train_time:56.343s step_avg:162.37ms
step:348/3250 train_time:56.501s step_avg:162.36ms
step:349/3250 train_time:56.656s step_avg:162.34ms
step:350/3250 train_time:56.809s step_avg:162.31ms
step:351/3250 train_time:56.965s step_avg:162.29ms
step:352/3250 train_time:57.118s step_avg:162.27ms
step:353/3250 train_time:57.272s step_avg:162.24ms
step:354/3250 train_time:57.426s step_avg:162.22ms
step:355/3250 train_time:57.582s step_avg:162.20ms
step:356/3250 train_time:57.737s step_avg:162.18ms
step:357/3250 train_time:57.891s step_avg:162.16ms
step:358/3250 train_time:58.045s step_avg:162.14ms
step:359/3250 train_time:58.200s step_avg:162.12ms
step:360/3250 train_time:58.352s step_avg:162.09ms
step:361/3250 train_time:58.506s step_avg:162.07ms
step:362/3250 train_time:58.662s step_avg:162.05ms
step:363/3250 train_time:58.817s step_avg:162.03ms
step:364/3250 train_time:58.971s step_avg:162.01ms
step:365/3250 train_time:59.125s step_avg:161.99ms
step:366/3250 train_time:59.280s step_avg:161.97ms
step:367/3250 train_time:59.434s step_avg:161.94ms
step:368/3250 train_time:59.588s step_avg:161.92ms
step:369/3250 train_time:59.743s step_avg:161.91ms
step:370/3250 train_time:59.899s step_avg:161.89ms
step:371/3250 train_time:60.053s step_avg:161.87ms
step:372/3250 train_time:60.208s step_avg:161.85ms
step:373/3250 train_time:60.363s step_avg:161.83ms
step:374/3250 train_time:60.517s step_avg:161.81ms
step:375/3250 train_time:60.671s step_avg:161.79ms
step:375/3250 val_loss:3.92792 train_time:60.683s step_avg:154.64ms
step:376/3250 train_time:60.829s step_avg:161.78ms
step:377/3250 train_time:60.984s step_avg:161.76ms
step:378/3250 train_time:61.137s step_avg:161.74ms
step:379/3250 train_time:61.290s step_avg:161.72ms
step:380/3250 train_time:61.445s step_avg:161.70ms
step:381/3250 train_time:61.639s step_avg:161.78ms
step:382/3250 train_time:61.792s step_avg:161.76ms
step:383/3250 train_time:61.947s step_avg:161.74ms
step:384/3250 train_time:62.101s step_avg:161.72ms
step:385/3250 train_time:62.254s step_avg:161.70ms
step:386/3250 train_time:62.409s step_avg:161.68ms
step:387/3250 train_time:62.566s step_avg:161.67ms
step:388/3250 train_time:62.721s step_avg:161.65ms
step:389/3250 train_time:62.875s step_avg:161.63ms
step:390/3250 train_time:63.029s step_avg:161.61ms
step:391/3250 train_time:63.185s step_avg:161.60ms
step:392/3250 train_time:63.338s step_avg:161.58ms
step:393/3250 train_time:63.492s step_avg:161.56ms
step:394/3250 train_time:63.646s step_avg:161.54ms
step:395/3250 train_time:63.802s step_avg:161.52ms
step:396/3250 train_time:63.956s step_avg:161.50ms
step:397/3250 train_time:64.110s step_avg:161.49ms
step:398/3250 train_time:64.265s step_avg:161.47ms
step:399/3250 train_time:64.420s step_avg:161.45ms
step:400/3250 train_time:64.575s step_avg:161.44ms
step:401/3250 train_time:64.730s step_avg:161.42ms
step:402/3250 train_time:64.886s step_avg:161.41ms
step:403/3250 train_time:65.041s step_avg:161.39ms
step:404/3250 train_time:65.196s step_avg:161.38ms
step:405/3250 train_time:65.350s step_avg:161.36ms
step:406/3250 train_time:65.505s step_avg:161.34ms
step:407/3250 train_time:65.660s step_avg:161.33ms
step:408/3250 train_time:65.815s step_avg:161.31ms
step:409/3250 train_time:65.969s step_avg:161.29ms
step:410/3250 train_time:66.124s step_avg:161.28ms
step:411/3250 train_time:66.279s step_avg:161.26ms
step:412/3250 train_time:66.433s step_avg:161.24ms
step:413/3250 train_time:66.587s step_avg:161.23ms
step:414/3250 train_time:66.741s step_avg:161.21ms
step:415/3250 train_time:66.895s step_avg:161.19ms
step:416/3250 train_time:67.050s step_avg:161.18ms
step:417/3250 train_time:67.205s step_avg:161.16ms
step:418/3250 train_time:67.361s step_avg:161.15ms
step:419/3250 train_time:67.515s step_avg:161.13ms
step:420/3250 train_time:67.669s step_avg:161.12ms
step:421/3250 train_time:67.824s step_avg:161.10ms
step:422/3250 train_time:67.977s step_avg:161.08ms
step:423/3250 train_time:68.131s step_avg:161.07ms
step:424/3250 train_time:68.287s step_avg:161.05ms
step:425/3250 train_time:68.441s step_avg:161.04ms
step:426/3250 train_time:68.595s step_avg:161.02ms
step:427/3250 train_time:68.749s step_avg:161.01ms
step:428/3250 train_time:68.903s step_avg:160.99ms
step:429/3250 train_time:69.057s step_avg:160.97ms
step:430/3250 train_time:69.211s step_avg:160.96ms
step:431/3250 train_time:69.367s step_avg:160.94ms
step:432/3250 train_time:69.523s step_avg:160.93ms
step:433/3250 train_time:69.678s step_avg:160.92ms
step:434/3250 train_time:69.832s step_avg:160.90ms
step:435/3250 train_time:69.987s step_avg:160.89ms
step:436/3250 train_time:70.141s step_avg:160.87ms
step:437/3250 train_time:70.295s step_avg:160.86ms
step:438/3250 train_time:70.448s step_avg:160.84ms
step:439/3250 train_time:70.603s step_avg:160.83ms
step:440/3250 train_time:70.757s step_avg:160.81ms
step:441/3250 train_time:70.911s step_avg:160.80ms
step:442/3250 train_time:71.065s step_avg:160.78ms
step:443/3250 train_time:71.220s step_avg:160.77ms
step:444/3250 train_time:71.374s step_avg:160.75ms
step:445/3250 train_time:71.529s step_avg:160.74ms
step:446/3250 train_time:71.685s step_avg:160.73ms
step:447/3250 train_time:71.839s step_avg:160.71ms
step:448/3250 train_time:71.995s step_avg:160.70ms
step:449/3250 train_time:72.148s step_avg:160.69ms
step:450/3250 train_time:72.303s step_avg:160.67ms
step:451/3250 train_time:72.459s step_avg:160.66ms
step:452/3250 train_time:72.612s step_avg:160.65ms
step:453/3250 train_time:72.766s step_avg:160.63ms
step:454/3250 train_time:72.921s step_avg:160.62ms
step:455/3250 train_time:73.076s step_avg:160.61ms
step:456/3250 train_time:73.231s step_avg:160.59ms
step:457/3250 train_time:73.386s step_avg:160.58ms
step:458/3250 train_time:73.540s step_avg:160.57ms
step:459/3250 train_time:73.694s step_avg:160.55ms
step:460/3250 train_time:73.849s step_avg:160.54ms
step:461/3250 train_time:74.002s step_avg:160.53ms
step:462/3250 train_time:74.157s step_avg:160.51ms
step:463/3250 train_time:74.312s step_avg:160.50ms
step:464/3250 train_time:74.467s step_avg:160.49ms
step:465/3250 train_time:74.623s step_avg:160.48ms
step:466/3250 train_time:74.778s step_avg:160.47ms
step:467/3250 train_time:74.931s step_avg:160.45ms
step:468/3250 train_time:75.089s step_avg:160.45ms
step:469/3250 train_time:75.243s step_avg:160.43ms
step:470/3250 train_time:75.398s step_avg:160.42ms
step:471/3250 train_time:75.551s step_avg:160.41ms
step:472/3250 train_time:75.707s step_avg:160.40ms
step:473/3250 train_time:75.862s step_avg:160.38ms
step:474/3250 train_time:76.016s step_avg:160.37ms
step:475/3250 train_time:76.169s step_avg:160.36ms
step:476/3250 train_time:76.323s step_avg:160.34ms
step:477/3250 train_time:76.478s step_avg:160.33ms
step:478/3250 train_time:76.631s step_avg:160.32ms
step:479/3250 train_time:76.788s step_avg:160.31ms
step:480/3250 train_time:76.942s step_avg:160.30ms
step:481/3250 train_time:77.095s step_avg:160.28ms
step:482/3250 train_time:77.249s step_avg:160.27ms
step:483/3250 train_time:77.406s step_avg:160.26ms
step:484/3250 train_time:77.561s step_avg:160.25ms
step:485/3250 train_time:77.716s step_avg:160.24ms
step:486/3250 train_time:77.869s step_avg:160.23ms
step:487/3250 train_time:78.025s step_avg:160.21ms
step:488/3250 train_time:78.177s step_avg:160.20ms
step:489/3250 train_time:78.331s step_avg:160.19ms
step:490/3250 train_time:78.485s step_avg:160.17ms
step:491/3250 train_time:78.641s step_avg:160.16ms
step:492/3250 train_time:78.795s step_avg:160.15ms
step:493/3250 train_time:78.949s step_avg:160.14ms
step:494/3250 train_time:79.104s step_avg:160.13ms
step:495/3250 train_time:79.258s step_avg:160.12ms
step:496/3250 train_time:79.412s step_avg:160.11ms
step:497/3250 train_time:79.569s step_avg:160.10ms
step:498/3250 train_time:79.724s step_avg:160.09ms
step:499/3250 train_time:79.878s step_avg:160.08ms
step:500/3250 train_time:80.032s step_avg:160.06ms
step:500/3250 val_loss:3.82771 train_time:80.045s step_avg:154.89ms
step:501/3250 train_time:80.191s step_avg:160.06ms
step:502/3250 train_time:80.347s step_avg:160.05ms
step:503/3250 train_time:80.500s step_avg:160.04ms
step:504/3250 train_time:80.655s step_avg:160.03ms
step:505/3250 train_time:80.810s step_avg:160.02ms
step:506/3250 train_time:80.964s step_avg:160.01ms
step:507/3250 train_time:81.118s step_avg:160.00ms
step:508/3250 train_time:81.274s step_avg:159.99ms
step:509/3250 train_time:81.429s step_avg:159.98ms
step:510/3250 train_time:81.582s step_avg:159.97ms
step:511/3250 train_time:81.736s step_avg:159.95ms
step:512/3250 train_time:81.892s step_avg:159.94ms
step:513/3250 train_time:82.047s step_avg:159.94ms
step:514/3250 train_time:82.201s step_avg:159.92ms
step:515/3250 train_time:82.355s step_avg:159.91ms
step:516/3250 train_time:82.510s step_avg:159.90ms
step:517/3250 train_time:82.664s step_avg:159.89ms
step:518/3250 train_time:82.817s step_avg:159.88ms
step:519/3250 train_time:82.972s step_avg:159.87ms
step:520/3250 train_time:83.128s step_avg:159.86ms
step:521/3250 train_time:83.282s step_avg:159.85ms
step:522/3250 train_time:83.436s step_avg:159.84ms
step:523/3250 train_time:83.591s step_avg:159.83ms
step:524/3250 train_time:83.746s step_avg:159.82ms
step:525/3250 train_time:83.899s step_avg:159.81ms
step:526/3250 train_time:84.057s step_avg:159.80ms
step:527/3250 train_time:84.213s step_avg:159.80ms
step:528/3250 train_time:84.366s step_avg:159.78ms
step:529/3250 train_time:84.520s step_avg:159.77ms
step:530/3250 train_time:84.674s step_avg:159.76ms
step:531/3250 train_time:84.828s step_avg:159.75ms
step:532/3250 train_time:84.982s step_avg:159.74ms
step:533/3250 train_time:85.136s step_avg:159.73ms
step:534/3250 train_time:85.289s step_avg:159.72ms
step:535/3250 train_time:85.444s step_avg:159.71ms
step:536/3250 train_time:85.598s step_avg:159.70ms
step:537/3250 train_time:85.756s step_avg:159.70ms
step:538/3250 train_time:85.912s step_avg:159.69ms
step:539/3250 train_time:86.066s step_avg:159.68ms
step:540/3250 train_time:86.219s step_avg:159.67ms
step:541/3250 train_time:86.374s step_avg:159.66ms
step:542/3250 train_time:86.531s step_avg:159.65ms
step:543/3250 train_time:86.685s step_avg:159.64ms
step:544/3250 train_time:86.839s step_avg:159.63ms
step:545/3250 train_time:86.994s step_avg:159.62ms
step:546/3250 train_time:87.149s step_avg:159.61ms
step:547/3250 train_time:87.302s step_avg:159.60ms
step:548/3250 train_time:87.456s step_avg:159.59ms
step:549/3250 train_time:87.612s step_avg:159.58ms
step:550/3250 train_time:87.766s step_avg:159.57ms
step:551/3250 train_time:87.921s step_avg:159.57ms
step:552/3250 train_time:88.076s step_avg:159.56ms
step:553/3250 train_time:88.229s step_avg:159.55ms
step:554/3250 train_time:88.382s step_avg:159.53ms
step:555/3250 train_time:88.536s step_avg:159.52ms
step:556/3250 train_time:88.692s step_avg:159.52ms
step:557/3250 train_time:88.848s step_avg:159.51ms
step:558/3250 train_time:89.002s step_avg:159.50ms
step:559/3250 train_time:89.156s step_avg:159.49ms
step:560/3250 train_time:89.312s step_avg:159.49ms
step:561/3250 train_time:89.467s step_avg:159.48ms
step:562/3250 train_time:89.620s step_avg:159.47ms
step:563/3250 train_time:89.775s step_avg:159.46ms
step:564/3250 train_time:89.930s step_avg:159.45ms
step:565/3250 train_time:90.083s step_avg:159.44ms
step:566/3250 train_time:90.237s step_avg:159.43ms
step:567/3250 train_time:90.391s step_avg:159.42ms
step:568/3250 train_time:90.546s step_avg:159.41ms
step:569/3250 train_time:90.699s step_avg:159.40ms
step:570/3250 train_time:90.856s step_avg:159.40ms
step:571/3250 train_time:91.048s step_avg:159.45ms
step:572/3250 train_time:91.200s step_avg:159.44ms
step:573/3250 train_time:91.355s step_avg:159.43ms
step:574/3250 train_time:91.508s step_avg:159.42ms
step:575/3250 train_time:91.661s step_avg:159.41ms
step:576/3250 train_time:91.817s step_avg:159.40ms
step:577/3250 train_time:91.974s step_avg:159.40ms
step:578/3250 train_time:92.129s step_avg:159.39ms
step:579/3250 train_time:92.283s step_avg:159.38ms
step:580/3250 train_time:92.438s step_avg:159.38ms
step:581/3250 train_time:92.593s step_avg:159.37ms
step:582/3250 train_time:92.748s step_avg:159.36ms
step:583/3250 train_time:92.902s step_avg:159.35ms
step:584/3250 train_time:93.056s step_avg:159.34ms
step:585/3250 train_time:93.213s step_avg:159.34ms
step:586/3250 train_time:93.366s step_avg:159.33ms
step:587/3250 train_time:93.520s step_avg:159.32ms
step:588/3250 train_time:93.675s step_avg:159.31ms
step:589/3250 train_time:93.829s step_avg:159.30ms
step:590/3250 train_time:93.984s step_avg:159.30ms
step:591/3250 train_time:94.139s step_avg:159.29ms
step:592/3250 train_time:94.294s step_avg:159.28ms
step:593/3250 train_time:94.448s step_avg:159.27ms
step:594/3250 train_time:94.602s step_avg:159.26ms
step:595/3250 train_time:94.757s step_avg:159.26ms
step:596/3250 train_time:94.913s step_avg:159.25ms
step:597/3250 train_time:95.066s step_avg:159.24ms
step:598/3250 train_time:95.221s step_avg:159.23ms
step:599/3250 train_time:95.375s step_avg:159.22ms
step:600/3250 train_time:95.529s step_avg:159.22ms
step:601/3250 train_time:95.682s step_avg:159.20ms
step:602/3250 train_time:95.837s step_avg:159.20ms
step:603/3250 train_time:95.991s step_avg:159.19ms
step:604/3250 train_time:96.147s step_avg:159.18ms
step:605/3250 train_time:96.302s step_avg:159.18ms
step:606/3250 train_time:96.456s step_avg:159.17ms
step:607/3250 train_time:96.613s step_avg:159.16ms
step:608/3250 train_time:96.767s step_avg:159.16ms
step:609/3250 train_time:96.920s step_avg:159.15ms
step:610/3250 train_time:97.075s step_avg:159.14ms
step:611/3250 train_time:97.231s step_avg:159.13ms
step:612/3250 train_time:97.386s step_avg:159.13ms
step:613/3250 train_time:97.540s step_avg:159.12ms
step:614/3250 train_time:97.694s step_avg:159.11ms
step:615/3250 train_time:97.849s step_avg:159.10ms
step:616/3250 train_time:98.003s step_avg:159.10ms
step:617/3250 train_time:98.157s step_avg:159.09ms
step:618/3250 train_time:98.313s step_avg:159.08ms
step:619/3250 train_time:98.467s step_avg:159.07ms
step:620/3250 train_time:98.621s step_avg:159.07ms
step:621/3250 train_time:98.775s step_avg:159.06ms
step:622/3250 train_time:98.930s step_avg:159.05ms
step:623/3250 train_time:99.085s step_avg:159.04ms
step:624/3250 train_time:99.239s step_avg:159.04ms
step:625/3250 train_time:99.394s step_avg:159.03ms
step:625/3250 val_loss:3.76684 train_time:99.406s step_avg:154.89ms
step:626/3250 train_time:99.552s step_avg:159.03ms
step:627/3250 train_time:99.706s step_avg:159.02ms
step:628/3250 train_time:99.860s step_avg:159.01ms
step:629/3250 train_time:100.014s step_avg:159.01ms
step:630/3250 train_time:100.169s step_avg:159.00ms
step:631/3250 train_time:100.322s step_avg:158.99ms
step:632/3250 train_time:100.476s step_avg:158.98ms
step:633/3250 train_time:100.632s step_avg:158.98ms
step:634/3250 train_time:100.786s step_avg:158.97ms
step:635/3250 train_time:100.941s step_avg:158.96ms
step:636/3250 train_time:101.096s step_avg:158.96ms
step:637/3250 train_time:101.251s step_avg:158.95ms
step:638/3250 train_time:101.406s step_avg:158.94ms
step:639/3250 train_time:101.562s step_avg:158.94ms
step:640/3250 train_time:101.718s step_avg:158.93ms
step:641/3250 train_time:101.873s step_avg:158.93ms
step:642/3250 train_time:102.026s step_avg:158.92ms
step:643/3250 train_time:102.180s step_avg:158.91ms
step:644/3250 train_time:102.335s step_avg:158.91ms
step:645/3250 train_time:102.490s step_avg:158.90ms
step:646/3250 train_time:102.644s step_avg:158.89ms
step:647/3250 train_time:102.798s step_avg:158.88ms
step:648/3250 train_time:102.954s step_avg:158.88ms
step:649/3250 train_time:103.110s step_avg:158.87ms
step:650/3250 train_time:103.263s step_avg:158.87ms
step:651/3250 train_time:103.417s step_avg:158.86ms
step:652/3250 train_time:103.573s step_avg:158.85ms
step:653/3250 train_time:103.726s step_avg:158.85ms
step:654/3250 train_time:103.880s step_avg:158.84ms
step:655/3250 train_time:104.036s step_avg:158.83ms
step:656/3250 train_time:104.190s step_avg:158.83ms
step:657/3250 train_time:104.344s step_avg:158.82ms
step:658/3250 train_time:104.499s step_avg:158.81ms
step:659/3250 train_time:104.653s step_avg:158.81ms
step:660/3250 train_time:104.807s step_avg:158.80ms
step:661/3250 train_time:104.961s step_avg:158.79ms
step:662/3250 train_time:105.117s step_avg:158.79ms
step:663/3250 train_time:105.272s step_avg:158.78ms
step:664/3250 train_time:105.426s step_avg:158.77ms
step:665/3250 train_time:105.581s step_avg:158.77ms
step:666/3250 train_time:105.737s step_avg:158.76ms
step:667/3250 train_time:105.891s step_avg:158.76ms
step:668/3250 train_time:106.044s step_avg:158.75ms
step:669/3250 train_time:106.199s step_avg:158.74ms
step:670/3250 train_time:106.354s step_avg:158.74ms
step:671/3250 train_time:106.510s step_avg:158.73ms
step:672/3250 train_time:106.663s step_avg:158.73ms
step:673/3250 train_time:106.818s step_avg:158.72ms
step:674/3250 train_time:106.973s step_avg:158.71ms
step:675/3250 train_time:107.127s step_avg:158.71ms
step:676/3250 train_time:107.281s step_avg:158.70ms
step:677/3250 train_time:107.437s step_avg:158.70ms
step:678/3250 train_time:107.592s step_avg:158.69ms
step:679/3250 train_time:107.746s step_avg:158.68ms
step:680/3250 train_time:107.900s step_avg:158.68ms
step:681/3250 train_time:108.056s step_avg:158.67ms
step:682/3250 train_time:108.209s step_avg:158.66ms
step:683/3250 train_time:108.364s step_avg:158.66ms
step:684/3250 train_time:108.518s step_avg:158.65ms
step:685/3250 train_time:108.674s step_avg:158.65ms
step:686/3250 train_time:108.829s step_avg:158.64ms
step:687/3250 train_time:108.982s step_avg:158.64ms
step:688/3250 train_time:109.138s step_avg:158.63ms
step:689/3250 train_time:109.293s step_avg:158.63ms
step:690/3250 train_time:109.447s step_avg:158.62ms
step:691/3250 train_time:109.601s step_avg:158.61ms
step:692/3250 train_time:109.756s step_avg:158.61ms
step:693/3250 train_time:109.912s step_avg:158.60ms
step:694/3250 train_time:110.066s step_avg:158.60ms
step:695/3250 train_time:110.219s step_avg:158.59ms
step:696/3250 train_time:110.375s step_avg:158.58ms
step:697/3250 train_time:110.529s step_avg:158.58ms
step:698/3250 train_time:110.683s step_avg:158.57ms
step:699/3250 train_time:110.836s step_avg:158.56ms
step:700/3250 train_time:110.992s step_avg:158.56ms
step:701/3250 train_time:111.148s step_avg:158.56ms
step:702/3250 train_time:111.301s step_avg:158.55ms
step:703/3250 train_time:111.456s step_avg:158.54ms
step:704/3250 train_time:111.610s step_avg:158.54ms
step:705/3250 train_time:111.764s step_avg:158.53ms
step:706/3250 train_time:111.919s step_avg:158.53ms
step:707/3250 train_time:112.074s step_avg:158.52ms
step:708/3250 train_time:112.230s step_avg:158.52ms
step:709/3250 train_time:112.384s step_avg:158.51ms
step:710/3250 train_time:112.539s step_avg:158.50ms
step:711/3250 train_time:112.692s step_avg:158.50ms
step:712/3250 train_time:112.847s step_avg:158.49ms
step:713/3250 train_time:113.001s step_avg:158.49ms
step:714/3250 train_time:113.156s step_avg:158.48ms
step:715/3250 train_time:113.311s step_avg:158.48ms
step:716/3250 train_time:113.465s step_avg:158.47ms
step:717/3250 train_time:113.619s step_avg:158.46ms
step:718/3250 train_time:113.773s step_avg:158.46ms
step:719/3250 train_time:113.928s step_avg:158.45ms
step:720/3250 train_time:114.081s step_avg:158.45ms
step:721/3250 train_time:114.236s step_avg:158.44ms
step:722/3250 train_time:114.390s step_avg:158.44ms
step:723/3250 train_time:114.544s step_avg:158.43ms
step:724/3250 train_time:114.699s step_avg:158.42ms
step:725/3250 train_time:114.853s step_avg:158.42ms
step:726/3250 train_time:115.006s step_avg:158.41ms
step:727/3250 train_time:115.161s step_avg:158.41ms
step:728/3250 train_time:115.316s step_avg:158.40ms
step:729/3250 train_time:115.471s step_avg:158.40ms
step:730/3250 train_time:115.625s step_avg:158.39ms
step:731/3250 train_time:115.780s step_avg:158.39ms
step:732/3250 train_time:115.936s step_avg:158.38ms
step:733/3250 train_time:116.089s step_avg:158.38ms
step:734/3250 train_time:116.243s step_avg:158.37ms
step:735/3250 train_time:116.398s step_avg:158.36ms
step:736/3250 train_time:116.553s step_avg:158.36ms
step:737/3250 train_time:116.708s step_avg:158.35ms
step:738/3250 train_time:116.861s step_avg:158.35ms
step:739/3250 train_time:117.017s step_avg:158.34ms
step:740/3250 train_time:117.171s step_avg:158.34ms
step:741/3250 train_time:117.324s step_avg:158.33ms
step:742/3250 train_time:117.480s step_avg:158.33ms
step:743/3250 train_time:117.636s step_avg:158.33ms
step:744/3250 train_time:117.790s step_avg:158.32ms
step:745/3250 train_time:117.944s step_avg:158.31ms
step:746/3250 train_time:118.099s step_avg:158.31ms
step:747/3250 train_time:118.254s step_avg:158.31ms
step:748/3250 train_time:118.409s step_avg:158.30ms
step:749/3250 train_time:118.563s step_avg:158.30ms
step:750/3250 train_time:118.719s step_avg:158.29ms
step:750/3250 val_loss:3.72458 train_time:118.731s step_avg:154.60ms
step:751/3250 train_time:118.878s step_avg:158.29ms
step:752/3250 train_time:119.032s step_avg:158.29ms
step:753/3250 train_time:119.186s step_avg:158.28ms
step:754/3250 train_time:119.341s step_avg:158.28ms
step:755/3250 train_time:119.495s step_avg:158.27ms
step:756/3250 train_time:119.649s step_avg:158.27ms
step:757/3250 train_time:119.805s step_avg:158.26ms
step:758/3250 train_time:119.960s step_avg:158.26ms
step:759/3250 train_time:120.114s step_avg:158.25ms
step:760/3250 train_time:120.268s step_avg:158.25ms
step:761/3250 train_time:120.464s step_avg:158.30ms
step:762/3250 train_time:120.617s step_avg:158.29ms
step:763/3250 train_time:120.771s step_avg:158.28ms
step:764/3250 train_time:120.924s step_avg:158.28ms
step:765/3250 train_time:121.079s step_avg:158.27ms
step:766/3250 train_time:121.233s step_avg:158.27ms
step:767/3250 train_time:121.389s step_avg:158.26ms
step:768/3250 train_time:121.543s step_avg:158.26ms
step:769/3250 train_time:121.697s step_avg:158.25ms
step:770/3250 train_time:121.852s step_avg:158.25ms
step:771/3250 train_time:122.006s step_avg:158.24ms
step:772/3250 train_time:122.162s step_avg:158.24ms
step:773/3250 train_time:122.317s step_avg:158.24ms
step:774/3250 train_time:122.471s step_avg:158.23ms
step:775/3250 train_time:122.625s step_avg:158.23ms
step:776/3250 train_time:122.782s step_avg:158.22ms
step:777/3250 train_time:122.937s step_avg:158.22ms
step:778/3250 train_time:123.091s step_avg:158.21ms
step:779/3250 train_time:123.244s step_avg:158.21ms
step:780/3250 train_time:123.398s step_avg:158.20ms
step:781/3250 train_time:123.553s step_avg:158.20ms
step:782/3250 train_time:123.707s step_avg:158.19ms
step:783/3250 train_time:123.861s step_avg:158.19ms
step:784/3250 train_time:124.016s step_avg:158.18ms
step:785/3250 train_time:124.171s step_avg:158.18ms
step:786/3250 train_time:124.325s step_avg:158.17ms
step:787/3250 train_time:124.480s step_avg:158.17ms
step:788/3250 train_time:124.635s step_avg:158.17ms
step:789/3250 train_time:124.789s step_avg:158.16ms
step:790/3250 train_time:124.943s step_avg:158.16ms
step:791/3250 train_time:125.098s step_avg:158.15ms
step:792/3250 train_time:125.252s step_avg:158.15ms
step:793/3250 train_time:125.405s step_avg:158.14ms
step:794/3250 train_time:125.562s step_avg:158.14ms
step:795/3250 train_time:125.717s step_avg:158.14ms
step:796/3250 train_time:125.874s step_avg:158.13ms
step:797/3250 train_time:126.027s step_avg:158.13ms
step:798/3250 train_time:126.183s step_avg:158.12ms
step:799/3250 train_time:126.336s step_avg:158.12ms
step:800/3250 train_time:126.489s step_avg:158.11ms
step:801/3250 train_time:126.643s step_avg:158.11ms
step:802/3250 train_time:126.798s step_avg:158.10ms
step:803/3250 train_time:126.952s step_avg:158.10ms
step:804/3250 train_time:127.106s step_avg:158.09ms
step:805/3250 train_time:127.261s step_avg:158.09ms
step:806/3250 train_time:127.415s step_avg:158.08ms
step:807/3250 train_time:127.569s step_avg:158.08ms
step:808/3250 train_time:127.723s step_avg:158.07ms
step:809/3250 train_time:127.877s step_avg:158.07ms
step:810/3250 train_time:128.032s step_avg:158.06ms
step:811/3250 train_time:128.186s step_avg:158.06ms
step:812/3250 train_time:128.340s step_avg:158.05ms
step:813/3250 train_time:128.495s step_avg:158.05ms
step:814/3250 train_time:128.649s step_avg:158.05ms
step:815/3250 train_time:128.804s step_avg:158.04ms
step:816/3250 train_time:128.960s step_avg:158.04ms
step:817/3250 train_time:129.115s step_avg:158.03ms
step:818/3250 train_time:129.268s step_avg:158.03ms
step:819/3250 train_time:129.423s step_avg:158.03ms
step:820/3250 train_time:129.578s step_avg:158.02ms
step:821/3250 train_time:129.731s step_avg:158.02ms
step:822/3250 train_time:129.885s step_avg:158.01ms
step:823/3250 train_time:130.042s step_avg:158.01ms
step:824/3250 train_time:130.197s step_avg:158.01ms
step:825/3250 train_time:130.351s step_avg:158.00ms
step:826/3250 train_time:130.506s step_avg:158.00ms
step:827/3250 train_time:130.661s step_avg:157.99ms
step:828/3250 train_time:130.815s step_avg:157.99ms
step:829/3250 train_time:130.969s step_avg:157.98ms
step:830/3250 train_time:131.123s step_avg:157.98ms
step:831/3250 train_time:131.277s step_avg:157.97ms
step:832/3250 train_time:131.430s step_avg:157.97ms
step:833/3250 train_time:131.585s step_avg:157.97ms
step:834/3250 train_time:131.740s step_avg:157.96ms
step:835/3250 train_time:131.896s step_avg:157.96ms
step:836/3250 train_time:132.050s step_avg:157.95ms
step:837/3250 train_time:132.204s step_avg:157.95ms
step:838/3250 train_time:132.359s step_avg:157.95ms
step:839/3250 train_time:132.513s step_avg:157.94ms
step:840/3250 train_time:132.666s step_avg:157.94ms
step:841/3250 train_time:132.821s step_avg:157.93ms
step:842/3250 train_time:132.976s step_avg:157.93ms
step:843/3250 train_time:133.129s step_avg:157.92ms
step:844/3250 train_time:133.284s step_avg:157.92ms
step:845/3250 train_time:133.438s step_avg:157.91ms
step:846/3250 train_time:133.593s step_avg:157.91ms
step:847/3250 train_time:133.746s step_avg:157.91ms
step:848/3250 train_time:133.903s step_avg:157.90ms
step:849/3250 train_time:134.058s step_avg:157.90ms
step:850/3250 train_time:134.210s step_avg:157.89ms
step:851/3250 train_time:134.364s step_avg:157.89ms
step:852/3250 train_time:134.519s step_avg:157.89ms
step:853/3250 train_time:134.673s step_avg:157.88ms
step:854/3250 train_time:134.827s step_avg:157.88ms
step:855/3250 train_time:134.983s step_avg:157.87ms
step:856/3250 train_time:135.137s step_avg:157.87ms
step:857/3250 train_time:135.291s step_avg:157.87ms
step:858/3250 train_time:135.445s step_avg:157.86ms
step:859/3250 train_time:135.599s step_avg:157.86ms
step:860/3250 train_time:135.755s step_avg:157.85ms
step:861/3250 train_time:135.908s step_avg:157.85ms
step:862/3250 train_time:136.063s step_avg:157.85ms
step:863/3250 train_time:136.217s step_avg:157.84ms
step:864/3250 train_time:136.371s step_avg:157.84ms
step:865/3250 train_time:136.525s step_avg:157.83ms
step:866/3250 train_time:136.678s step_avg:157.83ms
step:867/3250 train_time:136.832s step_avg:157.82ms
step:868/3250 train_time:136.986s step_avg:157.82ms
step:869/3250 train_time:137.142s step_avg:157.82ms
step:870/3250 train_time:137.297s step_avg:157.81ms
step:871/3250 train_time:137.451s step_avg:157.81ms
step:872/3250 train_time:137.605s step_avg:157.80ms
step:873/3250 train_time:137.762s step_avg:157.80ms
step:874/3250 train_time:137.915s step_avg:157.80ms
step:875/3250 train_time:138.069s step_avg:157.79ms
step:875/3250 val_loss:3.68599 train_time:138.081s step_avg:154.80ms
step:876/3250 train_time:138.227s step_avg:157.79ms
step:877/3250 train_time:138.382s step_avg:157.79ms
step:878/3250 train_time:138.535s step_avg:157.78ms
step:879/3250 train_time:138.689s step_avg:157.78ms
step:880/3250 train_time:138.843s step_avg:157.78ms
step:881/3250 train_time:138.997s step_avg:157.77ms
step:882/3250 train_time:139.150s step_avg:157.77ms
step:883/3250 train_time:139.306s step_avg:157.76ms
step:884/3250 train_time:139.461s step_avg:157.76ms
step:885/3250 train_time:139.616s step_avg:157.76ms
step:886/3250 train_time:139.769s step_avg:157.75ms
step:887/3250 train_time:139.924s step_avg:157.75ms
step:888/3250 train_time:140.080s step_avg:157.75ms
step:889/3250 train_time:140.233s step_avg:157.74ms
step:890/3250 train_time:140.387s step_avg:157.74ms
step:891/3250 train_time:140.541s step_avg:157.73ms
step:892/3250 train_time:140.696s step_avg:157.73ms
step:893/3250 train_time:140.850s step_avg:157.73ms
step:894/3250 train_time:141.006s step_avg:157.72ms
step:895/3250 train_time:141.161s step_avg:157.72ms
step:896/3250 train_time:141.314s step_avg:157.72ms
step:897/3250 train_time:141.469s step_avg:157.71ms
step:898/3250 train_time:141.624s step_avg:157.71ms
step:899/3250 train_time:141.779s step_avg:157.71ms
step:900/3250 train_time:141.933s step_avg:157.70ms
step:901/3250 train_time:142.088s step_avg:157.70ms
step:902/3250 train_time:142.242s step_avg:157.70ms
step:903/3250 train_time:142.395s step_avg:157.69ms
step:904/3250 train_time:142.549s step_avg:157.69ms
step:905/3250 train_time:142.703s step_avg:157.68ms
step:906/3250 train_time:142.856s step_avg:157.68ms
step:907/3250 train_time:143.011s step_avg:157.67ms
step:908/3250 train_time:143.165s step_avg:157.67ms
step:909/3250 train_time:143.321s step_avg:157.67ms
step:910/3250 train_time:143.474s step_avg:157.66ms
step:911/3250 train_time:143.630s step_avg:157.66ms
step:912/3250 train_time:143.786s step_avg:157.66ms
step:913/3250 train_time:143.940s step_avg:157.66ms
step:914/3250 train_time:144.094s step_avg:157.65ms
step:915/3250 train_time:144.248s step_avg:157.65ms
step:916/3250 train_time:144.403s step_avg:157.65ms
step:917/3250 train_time:144.558s step_avg:157.64ms
step:918/3250 train_time:144.713s step_avg:157.64ms
step:919/3250 train_time:144.867s step_avg:157.64ms
step:920/3250 train_time:145.022s step_avg:157.63ms
step:921/3250 train_time:145.176s step_avg:157.63ms
step:922/3250 train_time:145.330s step_avg:157.62ms
step:923/3250 train_time:145.484s step_avg:157.62ms
step:924/3250 train_time:145.639s step_avg:157.62ms
step:925/3250 train_time:145.792s step_avg:157.61ms
step:926/3250 train_time:145.947s step_avg:157.61ms
step:927/3250 train_time:146.102s step_avg:157.61ms
step:928/3250 train_time:146.257s step_avg:157.60ms
step:929/3250 train_time:146.411s step_avg:157.60ms
step:930/3250 train_time:146.566s step_avg:157.60ms
step:931/3250 train_time:146.722s step_avg:157.60ms
step:932/3250 train_time:146.876s step_avg:157.59ms
step:933/3250 train_time:147.030s step_avg:157.59ms
step:934/3250 train_time:147.184s step_avg:157.58ms
step:935/3250 train_time:147.338s step_avg:157.58ms
step:936/3250 train_time:147.492s step_avg:157.58ms
step:937/3250 train_time:147.647s step_avg:157.57ms
step:938/3250 train_time:147.803s step_avg:157.57ms
step:939/3250 train_time:147.959s step_avg:157.57ms
step:940/3250 train_time:148.113s step_avg:157.57ms
step:941/3250 train_time:148.268s step_avg:157.56ms
step:942/3250 train_time:148.423s step_avg:157.56ms
step:943/3250 train_time:148.578s step_avg:157.56ms
step:944/3250 train_time:148.732s step_avg:157.56ms
step:945/3250 train_time:148.888s step_avg:157.55ms
step:946/3250 train_time:149.043s step_avg:157.55ms
step:947/3250 train_time:149.196s step_avg:157.55ms
step:948/3250 train_time:149.350s step_avg:157.54ms
step:949/3250 train_time:149.505s step_avg:157.54ms
step:950/3250 train_time:149.660s step_avg:157.54ms
step:951/3250 train_time:149.853s step_avg:157.57ms
step:952/3250 train_time:150.008s step_avg:157.57ms
step:953/3250 train_time:150.162s step_avg:157.57ms
step:954/3250 train_time:150.316s step_avg:157.56ms
step:955/3250 train_time:150.469s step_avg:157.56ms
step:956/3250 train_time:150.625s step_avg:157.56ms
step:957/3250 train_time:150.782s step_avg:157.56ms
step:958/3250 train_time:150.936s step_avg:157.55ms
step:959/3250 train_time:151.090s step_avg:157.55ms
step:960/3250 train_time:151.245s step_avg:157.55ms
step:961/3250 train_time:151.401s step_avg:157.55ms
step:962/3250 train_time:151.556s step_avg:157.54ms
step:963/3250 train_time:151.710s step_avg:157.54ms
step:964/3250 train_time:151.865s step_avg:157.54ms
step:965/3250 train_time:152.021s step_avg:157.54ms
step:966/3250 train_time:152.175s step_avg:157.53ms
step:967/3250 train_time:152.329s step_avg:157.53ms
step:968/3250 train_time:152.483s step_avg:157.52ms
step:969/3250 train_time:152.637s step_avg:157.52ms
step:970/3250 train_time:152.790s step_avg:157.52ms
step:971/3250 train_time:152.945s step_avg:157.51ms
step:972/3250 train_time:153.101s step_avg:157.51ms
step:973/3250 train_time:153.255s step_avg:157.51ms
step:974/3250 train_time:153.409s step_avg:157.50ms
step:975/3250 train_time:153.564s step_avg:157.50ms
step:976/3250 train_time:153.719s step_avg:157.50ms
step:977/3250 train_time:153.871s step_avg:157.49ms
step:978/3250 train_time:154.028s step_avg:157.49ms
step:979/3250 train_time:154.183s step_avg:157.49ms
step:980/3250 train_time:154.336s step_avg:157.49ms
step:981/3250 train_time:154.490s step_avg:157.48ms
step:982/3250 train_time:154.645s step_avg:157.48ms
step:983/3250 train_time:154.801s step_avg:157.48ms
step:984/3250 train_time:154.954s step_avg:157.47ms
step:985/3250 train_time:155.109s step_avg:157.47ms
step:986/3250 train_time:155.264s step_avg:157.47ms
step:987/3250 train_time:155.420s step_avg:157.47ms
step:988/3250 train_time:155.572s step_avg:157.46ms
step:989/3250 train_time:155.727s step_avg:157.46ms
step:990/3250 train_time:155.882s step_avg:157.46ms
step:991/3250 train_time:156.037s step_avg:157.45ms
step:992/3250 train_time:156.191s step_avg:157.45ms
step:993/3250 train_time:156.346s step_avg:157.45ms
step:994/3250 train_time:156.501s step_avg:157.45ms
step:995/3250 train_time:156.655s step_avg:157.44ms
step:996/3250 train_time:156.810s step_avg:157.44ms
step:997/3250 train_time:156.965s step_avg:157.44ms
step:998/3250 train_time:157.122s step_avg:157.44ms
step:999/3250 train_time:157.276s step_avg:157.43ms
step:1000/3250 train_time:157.430s step_avg:157.43ms
step:1000/3250 val_loss:3.64958 train_time:157.442s step_avg:154.89ms
step:1001/3250 train_time:157.588s step_avg:157.43ms
step:1002/3250 train_time:158.503s step_avg:158.19ms
step:1003/3250 train_time:158.664s step_avg:158.19ms
step:1004/3250 train_time:158.826s step_avg:158.19ms
step:1005/3250 train_time:158.986s step_avg:158.20ms
step:1006/3250 train_time:159.149s step_avg:158.20ms
step:1007/3250 train_time:159.311s step_avg:158.20ms
step:1008/3250 train_time:159.473s step_avg:158.21ms
step:1009/3250 train_time:159.634s step_avg:158.21ms
step:1010/3250 train_time:159.795s step_avg:158.21ms
step:1011/3250 train_time:159.957s step_avg:158.22ms
step:1012/3250 train_time:160.117s step_avg:158.22ms
step:1013/3250 train_time:160.277s step_avg:158.22ms
step:1014/3250 train_time:160.439s step_avg:158.22ms
step:1015/3250 train_time:160.599s step_avg:158.23ms
step:1016/3250 train_time:160.761s step_avg:158.23ms
step:1017/3250 train_time:160.921s step_avg:158.23ms
step:1018/3250 train_time:161.082s step_avg:158.23ms
step:1019/3250 train_time:161.246s step_avg:158.24ms
step:1020/3250 train_time:161.406s step_avg:158.24ms
step:1021/3250 train_time:161.567s step_avg:158.24ms
step:1022/3250 train_time:161.728s step_avg:158.25ms
step:1023/3250 train_time:161.890s step_avg:158.25ms
step:1024/3250 train_time:162.050s step_avg:158.25ms
step:1025/3250 train_time:162.213s step_avg:158.26ms
step:1026/3250 train_time:162.374s step_avg:158.26ms
step:1027/3250 train_time:162.535s step_avg:158.26ms
step:1028/3250 train_time:162.697s step_avg:158.27ms
step:1029/3250 train_time:162.858s step_avg:158.27ms
step:1030/3250 train_time:163.019s step_avg:158.27ms
step:1031/3250 train_time:163.179s step_avg:158.27ms
step:1032/3250 train_time:163.340s step_avg:158.28ms
step:1033/3250 train_time:163.500s step_avg:158.28ms
step:1034/3250 train_time:163.660s step_avg:158.28ms
step:1035/3250 train_time:163.821s step_avg:158.28ms
step:1036/3250 train_time:163.991s step_avg:158.29ms
step:1037/3250 train_time:164.153s step_avg:158.30ms
step:1038/3250 train_time:164.315s step_avg:158.30ms
step:1039/3250 train_time:164.476s step_avg:158.30ms
step:1040/3250 train_time:164.637s step_avg:158.30ms
step:1041/3250 train_time:164.798s step_avg:158.31ms
step:1042/3250 train_time:164.959s step_avg:158.31ms
step:1043/3250 train_time:165.119s step_avg:158.31ms
step:1044/3250 train_time:165.280s step_avg:158.31ms
step:1045/3250 train_time:165.441s step_avg:158.32ms
step:1046/3250 train_time:165.602s step_avg:158.32ms
step:1047/3250 train_time:165.764s step_avg:158.32ms
step:1048/3250 train_time:165.925s step_avg:158.33ms
step:1049/3250 train_time:166.086s step_avg:158.33ms
step:1050/3250 train_time:166.249s step_avg:158.33ms
step:1051/3250 train_time:166.412s step_avg:158.34ms
step:1052/3250 train_time:166.572s step_avg:158.34ms
step:1053/3250 train_time:166.734s step_avg:158.34ms
step:1054/3250 train_time:166.894s step_avg:158.34ms
step:1055/3250 train_time:167.054s step_avg:158.35ms
step:1056/3250 train_time:167.215s step_avg:158.35ms
step:1057/3250 train_time:167.377s step_avg:158.35ms
step:1058/3250 train_time:167.537s step_avg:158.35ms
step:1059/3250 train_time:167.697s step_avg:158.35ms
step:1060/3250 train_time:167.858s step_avg:158.36ms
step:1061/3250 train_time:168.019s step_avg:158.36ms
step:1062/3250 train_time:168.180s step_avg:158.36ms
step:1063/3250 train_time:168.341s step_avg:158.36ms
step:1064/3250 train_time:168.503s step_avg:158.37ms
step:1065/3250 train_time:168.667s step_avg:158.37ms
step:1066/3250 train_time:168.829s step_avg:158.38ms
step:1067/3250 train_time:168.991s step_avg:158.38ms
step:1068/3250 train_time:169.153s step_avg:158.38ms
step:1069/3250 train_time:169.314s step_avg:158.39ms
step:1070/3250 train_time:169.475s step_avg:158.39ms
step:1071/3250 train_time:169.636s step_avg:158.39ms
step:1072/3250 train_time:169.797s step_avg:158.39ms
step:1073/3250 train_time:169.958s step_avg:158.40ms
step:1074/3250 train_time:170.118s step_avg:158.40ms
step:1075/3250 train_time:170.279s step_avg:158.40ms
step:1076/3250 train_time:170.440s step_avg:158.40ms
step:1077/3250 train_time:170.601s step_avg:158.40ms
step:1078/3250 train_time:170.762s step_avg:158.41ms
step:1079/3250 train_time:170.924s step_avg:158.41ms
step:1080/3250 train_time:171.085s step_avg:158.41ms
step:1081/3250 train_time:171.246s step_avg:158.41ms
step:1082/3250 train_time:171.408s step_avg:158.42ms
step:1083/3250 train_time:171.571s step_avg:158.42ms
step:1084/3250 train_time:171.733s step_avg:158.42ms
step:1085/3250 train_time:171.893s step_avg:158.43ms
step:1086/3250 train_time:172.055s step_avg:158.43ms
step:1087/3250 train_time:172.216s step_avg:158.43ms
step:1088/3250 train_time:172.377s step_avg:158.43ms
step:1089/3250 train_time:172.537s step_avg:158.44ms
step:1090/3250 train_time:172.697s step_avg:158.44ms
step:1091/3250 train_time:172.860s step_avg:158.44ms
step:1092/3250 train_time:173.022s step_avg:158.45ms
step:1093/3250 train_time:173.183s step_avg:158.45ms
step:1094/3250 train_time:173.345s step_avg:158.45ms
step:1095/3250 train_time:173.505s step_avg:158.45ms
step:1096/3250 train_time:173.668s step_avg:158.46ms
step:1097/3250 train_time:173.829s step_avg:158.46ms
step:1098/3250 train_time:173.990s step_avg:158.46ms
step:1099/3250 train_time:174.153s step_avg:158.46ms
step:1100/3250 train_time:174.314s step_avg:158.47ms
step:1101/3250 train_time:174.476s step_avg:158.47ms
step:1102/3250 train_time:174.638s step_avg:158.47ms
step:1103/3250 train_time:174.799s step_avg:158.48ms
step:1104/3250 train_time:174.961s step_avg:158.48ms
step:1105/3250 train_time:175.122s step_avg:158.48ms
step:1106/3250 train_time:175.283s step_avg:158.48ms
step:1107/3250 train_time:175.446s step_avg:158.49ms
step:1108/3250 train_time:175.608s step_avg:158.49ms
step:1109/3250 train_time:175.771s step_avg:158.50ms
step:1110/3250 train_time:175.934s step_avg:158.50ms
step:1111/3250 train_time:176.096s step_avg:158.50ms
step:1112/3250 train_time:176.260s step_avg:158.51ms
step:1113/3250 train_time:176.422s step_avg:158.51ms
step:1114/3250 train_time:176.584s step_avg:158.51ms
step:1115/3250 train_time:176.747s step_avg:158.52ms
step:1116/3250 train_time:176.910s step_avg:158.52ms
step:1117/3250 train_time:177.072s step_avg:158.52ms
step:1118/3250 train_time:177.235s step_avg:158.53ms
step:1119/3250 train_time:177.396s step_avg:158.53ms
step:1120/3250 train_time:177.558s step_avg:158.53ms
step:1121/3250 train_time:177.720s step_avg:158.54ms
step:1122/3250 train_time:177.882s step_avg:158.54ms
step:1123/3250 train_time:178.043s step_avg:158.54ms
step:1124/3250 train_time:178.204s step_avg:158.54ms
step:1125/3250 train_time:178.366s step_avg:158.55ms
step:1125/3250 val_loss:3.64865 train_time:178.366s step_avg:167.39ms
probe_ema: n=84934656 align=-0.48516,-0.44594,-0.40689,-0.36806,-0.33023,-0.29389,-0.25857,-0.22139 rel_mse=1.06541,1.04535,1.03109,1.02113,1.01423,1.00950,1.00628,1.00406
step:1126/3250 train_time:178.526s step_avg:158.55ms
step:1127/3250 train_time:178.686s step_avg:158.55ms
step:1128/3250 train_time:178.847s step_avg:158.55ms
step:1129/3250 train_time:179.008s step_avg:158.55ms
step:1130/3250 train_time:179.170s step_avg:158.56ms
step:1131/3250 train_time:179.329s step_avg:158.56ms
step:1132/3250 train_time:179.490s step_avg:158.56ms
step:1133/3250 train_time:179.650s step_avg:158.56ms
step:1134/3250 train_time:179.810s step_avg:158.56ms
step:1135/3250 train_time:179.972s step_avg:158.57ms
step:1136/3250 train_time:180.131s step_avg:158.57ms
step:1137/3250 train_time:180.292s step_avg:158.57ms
step:1138/3250 train_time:180.454s step_avg:158.57ms
step:1139/3250 train_time:180.614s step_avg:158.57ms
step:1140/3250 train_time:180.776s step_avg:158.58ms
step:1141/3250 train_time:180.992s step_avg:158.63ms
step:1142/3250 train_time:181.152s step_avg:158.63ms
step:1143/3250 train_time:181.312s step_avg:158.63ms
step:1144/3250 train_time:181.474s step_avg:158.63ms
step:1145/3250 train_time:181.635s step_avg:158.63ms
step:1146/3250 train_time:181.797s step_avg:158.64ms
step:1147/3250 train_time:181.958s step_avg:158.64ms
step:1148/3250 train_time:182.120s step_avg:158.64ms
step:1149/3250 train_time:182.281s step_avg:158.64ms
step:1150/3250 train_time:182.443s step_avg:158.65ms
step:1151/3250 train_time:182.604s step_avg:158.65ms
step:1152/3250 train_time:182.765s step_avg:158.65ms
step:1153/3250 train_time:182.925s step_avg:158.65ms
step:1154/3250 train_time:183.086s step_avg:158.65ms
step:1155/3250 train_time:183.247s step_avg:158.66ms
step:1156/3250 train_time:183.409s step_avg:158.66ms
step:1157/3250 train_time:183.569s step_avg:158.66ms
step:1158/3250 train_time:183.730s step_avg:158.66ms
step:1159/3250 train_time:183.889s step_avg:158.66ms
step:1160/3250 train_time:184.050s step_avg:158.66ms
step:1161/3250 train_time:184.212s step_avg:158.67ms
step:1162/3250 train_time:184.373s step_avg:158.67ms
step:1163/3250 train_time:184.534s step_avg:158.67ms
step:1164/3250 train_time:184.696s step_avg:158.67ms
step:1165/3250 train_time:184.857s step_avg:158.68ms
step:1166/3250 train_time:185.018s step_avg:158.68ms
step:1167/3250 train_time:185.181s step_avg:158.68ms
step:1168/3250 train_time:185.343s step_avg:158.68ms
step:1169/3250 train_time:185.504s step_avg:158.69ms
step:1170/3250 train_time:185.665s step_avg:158.69ms
step:1171/3250 train_time:185.826s step_avg:158.69ms
step:1172/3250 train_time:185.987s step_avg:158.69ms
step:1173/3250 train_time:186.147s step_avg:158.69ms
step:1174/3250 train_time:186.307s step_avg:158.69ms
step:1175/3250 train_time:186.469s step_avg:158.70ms
step:1176/3250 train_time:186.630s step_avg:158.70ms
step:1177/3250 train_time:186.790s step_avg:158.70ms
step:1178/3250 train_time:186.951s step_avg:158.70ms
step:1179/3250 train_time:187.112s step_avg:158.70ms
step:1180/3250 train_time:187.272s step_avg:158.71ms
step:1181/3250 train_time:187.431s step_avg:158.71ms
step:1182/3250 train_time:187.592s step_avg:158.71ms
step:1183/3250 train_time:187.753s step_avg:158.71ms
step:1184/3250 train_time:187.914s step_avg:158.71ms
step:1185/3250 train_time:188.075s step_avg:158.71ms
step:1186/3250 train_time:188.236s step_avg:158.72ms
step:1187/3250 train_time:188.397s step_avg:158.72ms
step:1188/3250 train_time:188.558s step_avg:158.72ms
step:1189/3250 train_time:188.719s step_avg:158.72ms
step:1190/3250 train_time:188.880s step_avg:158.72ms
step:1191/3250 train_time:189.043s step_avg:158.73ms
step:1192/3250 train_time:189.204s step_avg:158.73ms
step:1193/3250 train_time:189.366s step_avg:158.73ms
step:1194/3250 train_time:189.526s step_avg:158.73ms
step:1195/3250 train_time:189.688s step_avg:158.73ms
step:1196/3250 train_time:189.849s step_avg:158.74ms
step:1197/3250 train_time:190.009s step_avg:158.74ms
step:1198/3250 train_time:190.170s step_avg:158.74ms
step:1199/3250 train_time:190.332s step_avg:158.74ms
step:1200/3250 train_time:190.491s step_avg:158.74ms
step:1201/3250 train_time:190.652s step_avg:158.74ms
step:1202/3250 train_time:190.813s step_avg:158.75ms
step:1203/3250 train_time:190.975s step_avg:158.75ms
step:1204/3250 train_time:191.136s step_avg:158.75ms
step:1205/3250 train_time:191.297s step_avg:158.75ms
step:1206/3250 train_time:191.458s step_avg:158.75ms
step:1207/3250 train_time:191.619s step_avg:158.76ms
step:1208/3250 train_time:191.782s step_avg:158.76ms
step:1209/3250 train_time:191.942s step_avg:158.76ms
step:1210/3250 train_time:192.104s step_avg:158.76ms
step:1211/3250 train_time:192.265s step_avg:158.77ms
step:1212/3250 train_time:192.425s step_avg:158.77ms
step:1213/3250 train_time:192.587s step_avg:158.77ms
step:1214/3250 train_time:192.749s step_avg:158.77ms
step:1215/3250 train_time:192.909s step_avg:158.77ms
step:1216/3250 train_time:193.070s step_avg:158.77ms
step:1217/3250 train_time:193.230s step_avg:158.78ms
step:1218/3250 train_time:193.391s step_avg:158.78ms
step:1219/3250 train_time:193.551s step_avg:158.78ms
step:1220/3250 train_time:193.711s step_avg:158.78ms
step:1221/3250 train_time:193.872s step_avg:158.78ms
step:1222/3250 train_time:194.032s step_avg:158.78ms
step:1223/3250 train_time:194.192s step_avg:158.78ms
step:1224/3250 train_time:194.353s step_avg:158.79ms
step:1225/3250 train_time:194.514s step_avg:158.79ms
step:1226/3250 train_time:194.677s step_avg:158.79ms
step:1227/3250 train_time:194.839s step_avg:158.79ms
step:1228/3250 train_time:195.001s step_avg:158.80ms
step:1229/3250 train_time:195.163s step_avg:158.80ms
step:1230/3250 train_time:195.324s step_avg:158.80ms
step:1231/3250 train_time:195.485s step_avg:158.80ms
step:1232/3250 train_time:195.647s step_avg:158.80ms
step:1233/3250 train_time:195.810s step_avg:158.81ms
step:1234/3250 train_time:195.970s step_avg:158.81ms
step:1235/3250 train_time:196.130s step_avg:158.81ms
step:1236/3250 train_time:196.290s step_avg:158.81ms
step:1237/3250 train_time:196.451s step_avg:158.81ms
step:1238/3250 train_time:196.611s step_avg:158.81ms
step:1239/3250 train_time:196.773s step_avg:158.82ms
step:1240/3250 train_time:196.934s step_avg:158.82ms
step:1241/3250 train_time:197.094s step_avg:158.82ms
step:1242/3250 train_time:197.255s step_avg:158.82ms
step:1243/3250 train_time:197.416s step_avg:158.82ms
step:1244/3250 train_time:197.578s step_avg:158.82ms
step:1245/3250 train_time:197.739s step_avg:158.83ms
step:1246/3250 train_time:197.899s step_avg:158.83ms
step:1247/3250 train_time:198.061s step_avg:158.83ms
step:1248/3250 train_time:198.223s step_avg:158.83ms
step:1249/3250 train_time:198.385s step_avg:158.84ms
step:1250/3250 train_time:198.546s step_avg:158.84ms
step:1250/3250 val_loss:3.59882 train_time:198.547s step_avg:161.45ms
probe_ema: n=84934656 align=-0.54236,-0.50101,-0.46007,-0.42078,-0.38356,-0.34853,-0.31503,-0.28131 rel_mse=1.06874,1.04773,1.03266,1.02215,1.01493,1.01004,1.00674,1.00454
step:1251/3250 train_time:198.714s step_avg:158.84ms
step:1252/3250 train_time:198.876s step_avg:158.85ms
step:1253/3250 train_time:199.037s step_avg:158.85ms
step:1254/3250 train_time:199.197s step_avg:158.85ms
step:1255/3250 train_time:199.356s step_avg:158.85ms
step:1256/3250 train_time:199.517s step_avg:158.85ms
step:1257/3250 train_time:199.676s step_avg:158.85ms
step:1258/3250 train_time:199.836s step_avg:158.85ms
step:1259/3250 train_time:199.999s step_avg:158.86ms
step:1260/3250 train_time:200.158s step_avg:158.86ms
step:1261/3250 train_time:200.319s step_avg:158.86ms
step:1262/3250 train_time:200.479s step_avg:158.86ms
step:1263/3250 train_time:200.639s step_avg:158.86ms
step:1264/3250 train_time:200.800s step_avg:158.86ms
step:1265/3250 train_time:200.961s step_avg:158.86ms
step:1266/3250 train_time:201.123s step_avg:158.86ms
step:1267/3250 train_time:201.283s step_avg:158.87ms
step:1268/3250 train_time:201.443s step_avg:158.87ms
step:1269/3250 train_time:201.606s step_avg:158.87ms
step:1270/3250 train_time:201.767s step_avg:158.87ms
step:1271/3250 train_time:201.929s step_avg:158.87ms
step:1272/3250 train_time:202.089s step_avg:158.88ms
step:1273/3250 train_time:202.256s step_avg:158.88ms
step:1274/3250 train_time:202.419s step_avg:158.88ms
step:1275/3250 train_time:202.578s step_avg:158.89ms
step:1276/3250 train_time:202.739s step_avg:158.89ms
step:1277/3250 train_time:202.900s step_avg:158.89ms
step:1278/3250 train_time:203.060s step_avg:158.89ms
step:1279/3250 train_time:203.223s step_avg:158.89ms
step:1280/3250 train_time:203.384s step_avg:158.89ms
step:1281/3250 train_time:203.544s step_avg:158.89ms
step:1282/3250 train_time:203.706s step_avg:158.90ms
step:1283/3250 train_time:203.867s step_avg:158.90ms
step:1284/3250 train_time:204.031s step_avg:158.90ms
step:1285/3250 train_time:204.192s step_avg:158.90ms
step:1286/3250 train_time:204.352s step_avg:158.91ms
step:1287/3250 train_time:204.514s step_avg:158.91ms
step:1288/3250 train_time:204.675s step_avg:158.91ms
step:1289/3250 train_time:204.837s step_avg:158.91ms
step:1290/3250 train_time:204.998s step_avg:158.91ms
step:1291/3250 train_time:205.158s step_avg:158.91ms
step:1292/3250 train_time:205.319s step_avg:158.92ms
step:1293/3250 train_time:205.480s step_avg:158.92ms
step:1294/3250 train_time:205.643s step_avg:158.92ms
step:1295/3250 train_time:205.804s step_avg:158.92ms
step:1296/3250 train_time:205.965s step_avg:158.92ms
step:1297/3250 train_time:206.128s step_avg:158.93ms
step:1298/3250 train_time:206.288s step_avg:158.93ms
step:1299/3250 train_time:206.450s step_avg:158.93ms
step:1300/3250 train_time:206.613s step_avg:158.93ms
step:1301/3250 train_time:206.774s step_avg:158.93ms
step:1302/3250 train_time:206.935s step_avg:158.94ms
step:1303/3250 train_time:207.095s step_avg:158.94ms
step:1304/3250 train_time:207.257s step_avg:158.94ms
step:1305/3250 train_time:207.417s step_avg:158.94ms
step:1306/3250 train_time:207.577s step_avg:158.94ms
step:1307/3250 train_time:207.738s step_avg:158.94ms
step:1308/3250 train_time:207.898s step_avg:158.94ms
step:1309/3250 train_time:208.059s step_avg:158.94ms
step:1310/3250 train_time:208.220s step_avg:158.95ms
step:1311/3250 train_time:208.380s step_avg:158.95ms
step:1312/3250 train_time:208.539s step_avg:158.95ms
step:1313/3250 train_time:208.701s step_avg:158.95ms
step:1314/3250 train_time:208.862s step_avg:158.95ms
step:1315/3250 train_time:209.024s step_avg:158.95ms
step:1316/3250 train_time:209.185s step_avg:158.96ms
step:1317/3250 train_time:209.345s step_avg:158.96ms
step:1318/3250 train_time:209.505s step_avg:158.96ms
step:1319/3250 train_time:209.667s step_avg:158.96ms
step:1320/3250 train_time:209.829s step_avg:158.96ms
step:1321/3250 train_time:209.990s step_avg:158.96ms
step:1322/3250 train_time:210.150s step_avg:158.96ms
step:1323/3250 train_time:210.312s step_avg:158.97ms
step:1324/3250 train_time:210.473s step_avg:158.97ms
step:1325/3250 train_time:210.634s step_avg:158.97ms
step:1326/3250 train_time:210.795s step_avg:158.97ms
step:1327/3250 train_time:210.955s step_avg:158.97ms
step:1328/3250 train_time:211.117s step_avg:158.97ms
step:1329/3250 train_time:211.278s step_avg:158.97ms
step:1330/3250 train_time:211.437s step_avg:158.98ms
step:1331/3250 train_time:211.650s step_avg:159.02ms
step:1332/3250 train_time:211.812s step_avg:159.02ms
step:1333/3250 train_time:211.972s step_avg:159.02ms
step:1334/3250 train_time:212.133s step_avg:159.02ms
step:1335/3250 train_time:212.295s step_avg:159.02ms
step:1336/3250 train_time:212.455s step_avg:159.02ms
step:1337/3250 train_time:212.616s step_avg:159.02ms
step:1338/3250 train_time:212.777s step_avg:159.03ms
step:1339/3250 train_time:212.937s step_avg:159.03ms
step:1340/3250 train_time:213.100s step_avg:159.03ms
step:1341/3250 train_time:213.260s step_avg:159.03ms
step:1342/3250 train_time:213.423s step_avg:159.03ms
step:1343/3250 train_time:213.584s step_avg:159.04ms
step:1344/3250 train_time:213.745s step_avg:159.04ms
step:1345/3250 train_time:213.909s step_avg:159.04ms
step:1346/3250 train_time:214.069s step_avg:159.04ms
step:1347/3250 train_time:214.231s step_avg:159.04ms
step:1348/3250 train_time:214.393s step_avg:159.05ms
step:1349/3250 train_time:214.554s step_avg:159.05ms
step:1350/3250 train_time:214.716s step_avg:159.05ms
step:1351/3250 train_time:214.876s step_avg:159.05ms
step:1352/3250 train_time:215.037s step_avg:159.05ms
step:1353/3250 train_time:215.198s step_avg:159.05ms
step:1354/3250 train_time:215.359s step_avg:159.05ms
step:1355/3250 train_time:215.521s step_avg:159.06ms
step:1356/3250 train_time:215.682s step_avg:159.06ms
step:1357/3250 train_time:215.842s step_avg:159.06ms
step:1358/3250 train_time:216.005s step_avg:159.06ms
step:1359/3250 train_time:216.168s step_avg:159.06ms
step:1360/3250 train_time:216.330s step_avg:159.07ms
step:1361/3250 train_time:216.492s step_avg:159.07ms
step:1362/3250 train_time:216.652s step_avg:159.07ms
step:1363/3250 train_time:216.813s step_avg:159.07ms
step:1364/3250 train_time:216.973s step_avg:159.07ms
step:1365/3250 train_time:217.136s step_avg:159.07ms
step:1366/3250 train_time:217.298s step_avg:159.08ms
step:1367/3250 train_time:217.458s step_avg:159.08ms
step:1368/3250 train_time:217.619s step_avg:159.08ms
step:1369/3250 train_time:217.778s step_avg:159.08ms
step:1370/3250 train_time:217.940s step_avg:159.08ms
step:1371/3250 train_time:218.102s step_avg:159.08ms
step:1372/3250 train_time:218.263s step_avg:159.08ms
step:1373/3250 train_time:218.426s step_avg:159.09ms
step:1374/3250 train_time:218.587s step_avg:159.09ms
step:1375/3250 train_time:218.748s step_avg:159.09ms
step:1375/3250 val_loss:3.56187 train_time:218.748s step_avg:161.61ms
probe_ema: n=84934656 align=-0.42968,-0.39390,-0.36136,-0.33335,-0.30939,-0.28783,-0.26668,-0.24401 rel_mse=1.06227,1.04421,1.03083,1.02123,1.01450,1.00984,1.00665,1.00448
step:1376/3250 train_time:218.911s step_avg:159.09ms
step:1377/3250 train_time:219.073s step_avg:159.09ms
step:1378/3250 train_time:219.234s step_avg:159.10ms
step:1379/3250 train_time:219.397s step_avg:159.10ms
step:1380/3250 train_time:219.558s step_avg:159.10ms
step:1381/3250 train_time:219.719s step_avg:159.10ms
step:1382/3250 train_time:219.880s step_avg:159.10ms
step:1383/3250 train_time:220.041s step_avg:159.10ms
step:1384/3250 train_time:220.202s step_avg:159.11ms
step:1385/3250 train_time:220.362s step_avg:159.11ms
step:1386/3250 train_time:220.522s step_avg:159.11ms
step:1387/3250 train_time:220.685s step_avg:159.11ms
step:1388/3250 train_time:220.846s step_avg:159.11ms
step:1389/3250 train_time:221.009s step_avg:159.11ms
step:1390/3250 train_time:221.170s step_avg:159.12ms
step:1391/3250 train_time:221.331s step_avg:159.12ms
step:1392/3250 train_time:221.492s step_avg:159.12ms
step:1393/3250 train_time:221.653s step_avg:159.12ms
step:1394/3250 train_time:221.815s step_avg:159.12ms
step:1395/3250 train_time:221.976s step_avg:159.12ms
step:1396/3250 train_time:222.138s step_avg:159.12ms
step:1397/3250 train_time:222.300s step_avg:159.13ms
step:1398/3250 train_time:222.460s step_avg:159.13ms
step:1399/3250 train_time:222.622s step_avg:159.13ms
step:1400/3250 train_time:222.782s step_avg:159.13ms
step:1401/3250 train_time:222.944s step_avg:159.13ms
step:1402/3250 train_time:223.105s step_avg:159.13ms
step:1403/3250 train_time:223.266s step_avg:159.13ms
step:1404/3250 train_time:223.428s step_avg:159.14ms
step:1405/3250 train_time:223.589s step_avg:159.14ms
step:1406/3250 train_time:223.751s step_avg:159.14ms
step:1407/3250 train_time:223.911s step_avg:159.14ms
step:1408/3250 train_time:224.072s step_avg:159.14ms
step:1409/3250 train_time:224.234s step_avg:159.14ms
step:1410/3250 train_time:224.396s step_avg:159.15ms
step:1411/3250 train_time:224.557s step_avg:159.15ms
step:1412/3250 train_time:224.718s step_avg:159.15ms
step:1413/3250 train_time:224.879s step_avg:159.15ms
step:1414/3250 train_time:225.044s step_avg:159.15ms
step:1415/3250 train_time:225.203s step_avg:159.15ms
step:1416/3250 train_time:225.364s step_avg:159.16ms
step:1417/3250 train_time:225.524s step_avg:159.16ms
step:1418/3250 train_time:225.685s step_avg:159.16ms
step:1419/3250 train_time:225.846s step_avg:159.16ms
step:1420/3250 train_time:226.007s step_avg:159.16ms
step:1421/3250 train_time:226.169s step_avg:159.16ms
step:1422/3250 train_time:226.332s step_avg:159.16ms
step:1423/3250 train_time:226.493s step_avg:159.17ms
step:1424/3250 train_time:226.656s step_avg:159.17ms
step:1425/3250 train_time:226.817s step_avg:159.17ms
step:1426/3250 train_time:226.978s step_avg:159.17ms
step:1427/3250 train_time:227.139s step_avg:159.17ms
step:1428/3250 train_time:227.300s step_avg:159.17ms
step:1429/3250 train_time:227.462s step_avg:159.18ms
step:1430/3250 train_time:227.623s step_avg:159.18ms
step:1431/3250 train_time:227.783s step_avg:159.18ms
step:1432/3250 train_time:227.943s step_avg:159.18ms
step:1433/3250 train_time:228.103s step_avg:159.18ms
step:1434/3250 train_time:228.265s step_avg:159.18ms
step:1435/3250 train_time:228.425s step_avg:159.18ms
step:1436/3250 train_time:228.585s step_avg:159.18ms
step:1437/3250 train_time:228.746s step_avg:159.18ms
step:1438/3250 train_time:228.908s step_avg:159.18ms
step:1439/3250 train_time:229.071s step_avg:159.19ms
step:1440/3250 train_time:229.230s step_avg:159.19ms
step:1441/3250 train_time:229.392s step_avg:159.19ms
step:1442/3250 train_time:229.553s step_avg:159.19ms
step:1443/3250 train_time:229.715s step_avg:159.19ms
step:1444/3250 train_time:229.878s step_avg:159.20ms
step:1445/3250 train_time:230.039s step_avg:159.20ms
step:1446/3250 train_time:230.202s step_avg:159.20ms
step:1447/3250 train_time:230.363s step_avg:159.20ms
step:1448/3250 train_time:230.523s step_avg:159.20ms
step:1449/3250 train_time:230.685s step_avg:159.20ms
step:1450/3250 train_time:230.847s step_avg:159.20ms
step:1451/3250 train_time:231.008s step_avg:159.21ms
step:1452/3250 train_time:231.170s step_avg:159.21ms
step:1453/3250 train_time:231.330s step_avg:159.21ms
step:1454/3250 train_time:231.491s step_avg:159.21ms
step:1455/3250 train_time:231.653s step_avg:159.21ms
step:1456/3250 train_time:231.815s step_avg:159.21ms
step:1457/3250 train_time:231.977s step_avg:159.22ms
step:1458/3250 train_time:232.140s step_avg:159.22ms
step:1459/3250 train_time:232.300s step_avg:159.22ms
step:1460/3250 train_time:232.461s step_avg:159.22ms
step:1461/3250 train_time:232.622s step_avg:159.22ms
step:1462/3250 train_time:232.782s step_avg:159.22ms
step:1463/3250 train_time:232.943s step_avg:159.22ms
step:1464/3250 train_time:233.104s step_avg:159.22ms
step:1465/3250 train_time:233.265s step_avg:159.23ms
step:1466/3250 train_time:233.427s step_avg:159.23ms
step:1467/3250 train_time:233.588s step_avg:159.23ms
step:1468/3250 train_time:233.749s step_avg:159.23ms
step:1469/3250 train_time:233.911s step_avg:159.23ms
step:1470/3250 train_time:234.072s step_avg:159.23ms
step:1471/3250 train_time:234.235s step_avg:159.24ms
step:1472/3250 train_time:234.396s step_avg:159.24ms
step:1473/3250 train_time:234.557s step_avg:159.24ms
step:1474/3250 train_time:234.718s step_avg:159.24ms
step:1475/3250 train_time:234.879s step_avg:159.24ms
step:1476/3250 train_time:235.041s step_avg:159.24ms
step:1477/3250 train_time:235.202s step_avg:159.24ms
step:1478/3250 train_time:235.362s step_avg:159.24ms
step:1479/3250 train_time:235.523s step_avg:159.24ms
step:1480/3250 train_time:235.683s step_avg:159.25ms
step:1481/3250 train_time:235.843s step_avg:159.25ms
step:1482/3250 train_time:236.004s step_avg:159.25ms
step:1483/3250 train_time:236.166s step_avg:159.25ms
step:1484/3250 train_time:236.327s step_avg:159.25ms
step:1485/3250 train_time:236.487s step_avg:159.25ms
step:1486/3250 train_time:236.649s step_avg:159.25ms
step:1487/3250 train_time:236.811s step_avg:159.25ms
step:1488/3250 train_time:236.972s step_avg:159.26ms
step:1489/3250 train_time:237.137s step_avg:159.26ms
step:1490/3250 train_time:237.298s step_avg:159.26ms
step:1491/3250 train_time:237.459s step_avg:159.26ms
step:1492/3250 train_time:237.619s step_avg:159.26ms
step:1493/3250 train_time:237.780s step_avg:159.26ms
step:1494/3250 train_time:237.942s step_avg:159.27ms
step:1495/3250 train_time:238.102s step_avg:159.27ms
step:1496/3250 train_time:238.263s step_avg:159.27ms
step:1497/3250 train_time:238.425s step_avg:159.27ms
step:1498/3250 train_time:238.585s step_avg:159.27ms
step:1499/3250 train_time:238.748s step_avg:159.27ms
step:1500/3250 train_time:238.909s step_avg:159.27ms
step:1500/3250 val_loss:3.52854 train_time:238.909s step_avg:161.29ms
probe_ema: n=84934656 align=-0.41694,-0.38574,-0.35674,-0.32996,-0.30536,-0.28262,-0.26109,-0.23963 rel_mse=1.05420,1.03770,1.02595,1.01774,1.01208,1.00819,1.00554,1.00375
step:1501/3250 train_time:239.074s step_avg:159.28ms
step:1502/3250 train_time:239.235s step_avg:159.28ms
step:1503/3250 train_time:239.397s step_avg:159.28ms
step:1504/3250 train_time:239.559s step_avg:159.28ms
step:1505/3250 train_time:239.720s step_avg:159.28ms
step:1506/3250 train_time:239.881s step_avg:159.28ms
step:1507/3250 train_time:240.042s step_avg:159.28ms
step:1508/3250 train_time:240.204s step_avg:159.29ms
step:1509/3250 train_time:240.364s step_avg:159.29ms
step:1510/3250 train_time:240.526s step_avg:159.29ms
step:1511/3250 train_time:240.687s step_avg:159.29ms
step:1512/3250 train_time:240.851s step_avg:159.29ms
step:1513/3250 train_time:241.014s step_avg:159.30ms
step:1514/3250 train_time:241.176s step_avg:159.30ms
step:1515/3250 train_time:241.337s step_avg:159.30ms
step:1516/3250 train_time:241.500s step_avg:159.30ms
step:1517/3250 train_time:241.661s step_avg:159.30ms
step:1518/3250 train_time:241.822s step_avg:159.30ms
step:1519/3250 train_time:241.983s step_avg:159.30ms
step:1520/3250 train_time:242.144s step_avg:159.31ms
step:1521/3250 train_time:242.359s step_avg:159.34ms
step:1522/3250 train_time:242.520s step_avg:159.34ms
step:1523/3250 train_time:242.682s step_avg:159.34ms
step:1524/3250 train_time:242.843s step_avg:159.35ms
step:1525/3250 train_time:243.005s step_avg:159.35ms
step:1526/3250 train_time:243.168s step_avg:159.35ms
step:1527/3250 train_time:243.328s step_avg:159.35ms
step:1528/3250 train_time:243.491s step_avg:159.35ms
step:1529/3250 train_time:243.652s step_avg:159.35ms
step:1530/3250 train_time:243.813s step_avg:159.35ms
step:1531/3250 train_time:243.974s step_avg:159.36ms
step:1532/3250 train_time:244.136s step_avg:159.36ms
step:1533/3250 train_time:244.299s step_avg:159.36ms
step:1534/3250 train_time:244.459s step_avg:159.36ms
step:1535/3250 train_time:244.625s step_avg:159.37ms
step:1536/3250 train_time:244.787s step_avg:159.37ms
step:1537/3250 train_time:244.949s step_avg:159.37ms
step:1538/3250 train_time:245.113s step_avg:159.37ms
step:1539/3250 train_time:245.275s step_avg:159.37ms
step:1540/3250 train_time:245.437s step_avg:159.37ms
step:1541/3250 train_time:245.598s step_avg:159.38ms
step:1542/3250 train_time:245.759s step_avg:159.38ms
step:1543/3250 train_time:245.921s step_avg:159.38ms
step:1544/3250 train_time:246.083s step_avg:159.38ms
step:1545/3250 train_time:246.243s step_avg:159.38ms
step:1546/3250 train_time:246.405s step_avg:159.38ms
step:1547/3250 train_time:246.567s step_avg:159.38ms
step:1548/3250 train_time:246.728s step_avg:159.38ms
step:1549/3250 train_time:246.889s step_avg:159.39ms
step:1550/3250 train_time:247.051s step_avg:159.39ms
step:1551/3250 train_time:247.211s step_avg:159.39ms
step:1552/3250 train_time:247.375s step_avg:159.39ms
step:1553/3250 train_time:247.536s step_avg:159.39ms
step:1554/3250 train_time:247.698s step_avg:159.39ms
step:1555/3250 train_time:247.860s step_avg:159.40ms
step:1556/3250 train_time:248.022s step_avg:159.40ms
step:1557/3250 train_time:248.185s step_avg:159.40ms
step:1558/3250 train_time:248.346s step_avg:159.40ms
step:1559/3250 train_time:248.506s step_avg:159.40ms
step:1560/3250 train_time:248.668s step_avg:159.40ms
step:1561/3250 train_time:248.827s step_avg:159.40ms
step:1562/3250 train_time:248.988s step_avg:159.40ms
step:1563/3250 train_time:249.155s step_avg:159.41ms
step:1564/3250 train_time:249.316s step_avg:159.41ms
step:1565/3250 train_time:249.478s step_avg:159.41ms
step:1566/3250 train_time:249.639s step_avg:159.41ms
step:1567/3250 train_time:249.802s step_avg:159.41ms
step:1568/3250 train_time:249.962s step_avg:159.41ms
step:1569/3250 train_time:250.123s step_avg:159.42ms
step:1570/3250 train_time:250.285s step_avg:159.42ms
step:1571/3250 train_time:250.449s step_avg:159.42ms
step:1572/3250 train_time:250.611s step_avg:159.42ms
step:1573/3250 train_time:250.772s step_avg:159.42ms
step:1574/3250 train_time:250.935s step_avg:159.42ms
step:1575/3250 train_time:251.097s step_avg:159.43ms
step:1576/3250 train_time:251.258s step_avg:159.43ms
step:1577/3250 train_time:251.421s step_avg:159.43ms
step:1578/3250 train_time:251.582s step_avg:159.43ms
step:1579/3250 train_time:251.743s step_avg:159.43ms
step:1580/3250 train_time:251.906s step_avg:159.43ms
step:1581/3250 train_time:252.068s step_avg:159.44ms
step:1582/3250 train_time:252.231s step_avg:159.44ms
step:1583/3250 train_time:252.393s step_avg:159.44ms
step:1584/3250 train_time:252.553s step_avg:159.44ms
step:1585/3250 train_time:252.716s step_avg:159.44ms
step:1586/3250 train_time:252.877s step_avg:159.44ms
step:1587/3250 train_time:253.040s step_avg:159.45ms
step:1588/3250 train_time:253.202s step_avg:159.45ms
step:1589/3250 train_time:253.363s step_avg:159.45ms
step:1590/3250 train_time:253.526s step_avg:159.45ms
step:1591/3250 train_time:253.686s step_avg:159.45ms
step:1592/3250 train_time:253.847s step_avg:159.45ms
step:1593/3250 train_time:254.008s step_avg:159.45ms
step:1594/3250 train_time:254.168s step_avg:159.45ms
step:1595/3250 train_time:254.331s step_avg:159.45ms
step:1596/3250 train_time:254.492s step_avg:159.46ms
step:1597/3250 train_time:254.654s step_avg:159.46ms
step:1598/3250 train_time:254.816s step_avg:159.46ms
step:1599/3250 train_time:254.977s step_avg:159.46ms
step:1600/3250 train_time:255.140s step_avg:159.46ms
step:1601/3250 train_time:255.300s step_avg:159.46ms
step:1602/3250 train_time:255.461s step_avg:159.46ms
step:1603/3250 train_time:255.622s step_avg:159.46ms
step:1604/3250 train_time:255.783s step_avg:159.47ms
step:1605/3250 train_time:255.944s step_avg:159.47ms
step:1606/3250 train_time:256.105s step_avg:159.47ms
step:1607/3250 train_time:256.265s step_avg:159.47ms
step:1608/3250 train_time:256.425s step_avg:159.47ms
step:1609/3250 train_time:256.585s step_avg:159.47ms
step:1610/3250 train_time:256.746s step_avg:159.47ms
step:1611/3250 train_time:256.909s step_avg:159.47ms
step:1612/3250 train_time:257.070s step_avg:159.47ms
step:1613/3250 train_time:257.231s step_avg:159.47ms
step:1614/3250 train_time:257.393s step_avg:159.47ms
step:1615/3250 train_time:257.554s step_avg:159.48ms
step:1616/3250 train_time:257.713s step_avg:159.48ms
step:1617/3250 train_time:257.875s step_avg:159.48ms
step:1618/3250 train_time:258.037s step_avg:159.48ms
step:1619/3250 train_time:258.198s step_avg:159.48ms
step:1620/3250 train_time:258.360s step_avg:159.48ms
step:1621/3250 train_time:258.521s step_avg:159.48ms
step:1622/3250 train_time:258.683s step_avg:159.48ms
step:1623/3250 train_time:258.844s step_avg:159.48ms
step:1624/3250 train_time:259.005s step_avg:159.49ms
step:1625/3250 train_time:259.167s step_avg:159.49ms
step:1625/3250 val_loss:3.50395 train_time:259.168s step_avg:162.07ms
probe_ema: n=84934656 align=-0.37897,-0.34474,-0.31445,-0.28696,-0.26102,-0.23601,-0.21121,-0.18505 rel_mse=1.05193,1.03595,1.02470,1.01686,1.01142,1.00766,1.00507,1.00330
step:1626/3250 train_time:259.334s step_avg:159.49ms
step:1627/3250 train_time:259.495s step_avg:159.49ms
step:1628/3250 train_time:259.656s step_avg:159.49ms
step:1629/3250 train_time:259.817s step_avg:159.49ms
step:1630/3250 train_time:259.977s step_avg:159.50ms
step:1631/3250 train_time:260.140s step_avg:159.50ms
step:1632/3250 train_time:260.300s step_avg:159.50ms
step:1633/3250 train_time:260.461s step_avg:159.50ms
step:1634/3250 train_time:260.623s step_avg:159.50ms
step:1635/3250 train_time:260.783s step_avg:159.50ms
step:1636/3250 train_time:260.946s step_avg:159.50ms
step:1637/3250 train_time:261.108s step_avg:159.50ms
step:1638/3250 train_time:261.269s step_avg:159.50ms
step:1639/3250 train_time:261.431s step_avg:159.51ms
step:1640/3250 train_time:261.592s step_avg:159.51ms
step:1641/3250 train_time:261.753s step_avg:159.51ms
step:1642/3250 train_time:261.913s step_avg:159.51ms
step:1643/3250 train_time:262.074s step_avg:159.51ms
step:1644/3250 train_time:262.236s step_avg:159.51ms
step:1645/3250 train_time:262.396s step_avg:159.51ms
step:1646/3250 train_time:262.558s step_avg:159.51ms
step:1647/3250 train_time:262.718s step_avg:159.51ms
step:1648/3250 train_time:262.878s step_avg:159.51ms
step:1649/3250 train_time:263.039s step_avg:159.51ms
step:1650/3250 train_time:263.199s step_avg:159.51ms
step:1651/3250 train_time:263.360s step_avg:159.52ms
step:1652/3250 train_time:263.521s step_avg:159.52ms
step:1653/3250 train_time:263.682s step_avg:159.52ms
step:1654/3250 train_time:263.844s step_avg:159.52ms
step:1655/3250 train_time:264.004s step_avg:159.52ms
step:1656/3250 train_time:264.166s step_avg:159.52ms
step:1657/3250 train_time:264.328s step_avg:159.52ms
step:1658/3250 train_time:264.488s step_avg:159.52ms
step:1659/3250 train_time:264.650s step_avg:159.52ms
step:1660/3250 train_time:264.811s step_avg:159.52ms
step:1661/3250 train_time:264.974s step_avg:159.53ms
step:1662/3250 train_time:265.134s step_avg:159.53ms
step:1663/3250 train_time:265.295s step_avg:159.53ms
step:1664/3250 train_time:265.457s step_avg:159.53ms
step:1665/3250 train_time:265.618s step_avg:159.53ms
step:1666/3250 train_time:265.779s step_avg:159.53ms
step:1667/3250 train_time:265.940s step_avg:159.53ms
step:1668/3250 train_time:266.101s step_avg:159.53ms
step:1669/3250 train_time:266.265s step_avg:159.54ms
step:1670/3250 train_time:266.426s step_avg:159.54ms
step:1671/3250 train_time:266.585s step_avg:159.54ms
step:1672/3250 train_time:266.747s step_avg:159.54ms
step:1673/3250 train_time:266.909s step_avg:159.54ms
step:1674/3250 train_time:267.072s step_avg:159.54ms
step:1675/3250 train_time:267.232s step_avg:159.54ms
step:1676/3250 train_time:267.393s step_avg:159.54ms
step:1677/3250 train_time:267.554s step_avg:159.54ms
step:1678/3250 train_time:267.715s step_avg:159.54ms
step:1679/3250 train_time:267.876s step_avg:159.54ms
step:1680/3250 train_time:268.036s step_avg:159.55ms
step:1681/3250 train_time:268.197s step_avg:159.55ms
step:1682/3250 train_time:268.358s step_avg:159.55ms
step:1683/3250 train_time:268.518s step_avg:159.55ms
step:1684/3250 train_time:268.680s step_avg:159.55ms
step:1685/3250 train_time:268.841s step_avg:159.55ms
step:1686/3250 train_time:269.004s step_avg:159.55ms
step:1687/3250 train_time:269.166s step_avg:159.55ms
step:1688/3250 train_time:269.327s step_avg:159.55ms
step:1689/3250 train_time:269.487s step_avg:159.55ms
step:1690/3250 train_time:269.650s step_avg:159.56ms
step:1691/3250 train_time:269.811s step_avg:159.56ms
step:1692/3250 train_time:269.973s step_avg:159.56ms
step:1693/3250 train_time:270.134s step_avg:159.56ms
step:1694/3250 train_time:270.296s step_avg:159.56ms
step:1695/3250 train_time:270.458s step_avg:159.56ms
step:1696/3250 train_time:270.619s step_avg:159.56ms
step:1697/3250 train_time:270.779s step_avg:159.56ms
step:1698/3250 train_time:270.941s step_avg:159.56ms
step:1699/3250 train_time:271.102s step_avg:159.57ms
step:1700/3250 train_time:271.263s step_avg:159.57ms
step:1701/3250 train_time:271.425s step_avg:159.57ms
step:1702/3250 train_time:271.586s step_avg:159.57ms
step:1703/3250 train_time:271.749s step_avg:159.57ms
step:1704/3250 train_time:271.911s step_avg:159.57ms
step:1705/3250 train_time:272.072s step_avg:159.57ms
step:1706/3250 train_time:272.234s step_avg:159.57ms
step:1707/3250 train_time:272.395s step_avg:159.58ms
step:1708/3250 train_time:272.557s step_avg:159.58ms
step:1709/3250 train_time:272.717s step_avg:159.58ms
step:1710/3250 train_time:272.877s step_avg:159.58ms
step:1711/3250 train_time:273.093s step_avg:159.61ms
step:1712/3250 train_time:273.256s step_avg:159.61ms
step:1713/3250 train_time:273.417s step_avg:159.61ms
step:1714/3250 train_time:273.577s step_avg:159.61ms
step:1715/3250 train_time:273.738s step_avg:159.61ms
step:1716/3250 train_time:273.898s step_avg:159.61ms
step:1717/3250 train_time:274.058s step_avg:159.61ms
step:1718/3250 train_time:274.218s step_avg:159.61ms
step:1719/3250 train_time:274.378s step_avg:159.62ms
step:1720/3250 train_time:274.539s step_avg:159.62ms
step:1721/3250 train_time:274.700s step_avg:159.62ms
step:1722/3250 train_time:274.861s step_avg:159.62ms
step:1723/3250 train_time:275.022s step_avg:159.62ms
step:1724/3250 train_time:275.183s step_avg:159.62ms
step:1725/3250 train_time:275.345s step_avg:159.62ms
step:1726/3250 train_time:275.505s step_avg:159.62ms
step:1727/3250 train_time:275.667s step_avg:159.62ms
step:1728/3250 train_time:275.830s step_avg:159.62ms
step:1729/3250 train_time:275.991s step_avg:159.62ms
step:1730/3250 train_time:276.152s step_avg:159.63ms
step:1731/3250 train_time:276.312s step_avg:159.63ms
step:1732/3250 train_time:276.473s step_avg:159.63ms
step:1733/3250 train_time:276.635s step_avg:159.63ms
step:1734/3250 train_time:276.796s step_avg:159.63ms
step:1735/3250 train_time:276.957s step_avg:159.63ms
step:1736/3250 train_time:277.117s step_avg:159.63ms
step:1737/3250 train_time:277.277s step_avg:159.63ms
step:1738/3250 train_time:277.437s step_avg:159.63ms
step:1739/3250 train_time:277.600s step_avg:159.63ms
step:1740/3250 train_time:277.762s step_avg:159.63ms
step:1741/3250 train_time:277.924s step_avg:159.63ms
step:1742/3250 train_time:278.084s step_avg:159.63ms
step:1743/3250 train_time:278.245s step_avg:159.64ms
step:1744/3250 train_time:278.407s step_avg:159.64ms
step:1745/3250 train_time:278.570s step_avg:159.64ms
step:1746/3250 train_time:278.732s step_avg:159.64ms
step:1747/3250 train_time:278.893s step_avg:159.64ms
step:1748/3250 train_time:279.056s step_avg:159.64ms
step:1749/3250 train_time:279.216s step_avg:159.64ms
step:1750/3250 train_time:279.377s step_avg:159.64ms
step:1750/3250 val_loss:3.48019 train_time:279.377s step_avg:161.67ms
probe_ema: n=84934656 align=-0.44045,-0.40840,-0.37712,-0.34744,-0.31958,-0.29318,-0.26732,-0.24053 rel_mse=1.06514,1.04554,1.03143,1.02150,1.01459,1.00983,1.00657,1.00434
step:1751/3250 train_time:279.541s step_avg:159.65ms
step:1752/3250 train_time:279.702s step_avg:159.65ms
step:1753/3250 train_time:279.862s step_avg:159.65ms
step:1754/3250 train_time:280.024s step_avg:159.65ms
step:1755/3250 train_time:280.185s step_avg:159.65ms
step:1756/3250 train_time:280.347s step_avg:159.65ms
step:1757/3250 train_time:280.508s step_avg:159.65ms
step:1758/3250 train_time:280.671s step_avg:159.65ms
step:1759/3250 train_time:280.831s step_avg:159.65ms
step:1760/3250 train_time:280.992s step_avg:159.65ms
step:1761/3250 train_time:281.154s step_avg:159.66ms
step:1762/3250 train_time:281.315s step_avg:159.66ms
step:1763/3250 train_time:281.478s step_avg:159.66ms
step:1764/3250 train_time:281.641s step_avg:159.66ms
step:1765/3250 train_time:281.802s step_avg:159.66ms
step:1766/3250 train_time:281.963s step_avg:159.66ms
step:1767/3250 train_time:282.124s step_avg:159.66ms
step:1768/3250 train_time:282.285s step_avg:159.66ms
step:1769/3250 train_time:282.445s step_avg:159.66ms
step:1770/3250 train_time:282.605s step_avg:159.66ms
step:1771/3250 train_time:282.766s step_avg:159.66ms
step:1772/3250 train_time:282.926s step_avg:159.66ms
step:1773/3250 train_time:283.087s step_avg:159.67ms
step:1774/3250 train_time:283.247s step_avg:159.67ms
step:1775/3250 train_time:283.408s step_avg:159.67ms
step:1776/3250 train_time:283.568s step_avg:159.67ms
step:1777/3250 train_time:283.728s step_avg:159.67ms
step:1778/3250 train_time:283.889s step_avg:159.67ms
step:1779/3250 train_time:284.051s step_avg:159.67ms
step:1780/3250 train_time:284.213s step_avg:159.67ms
step:1781/3250 train_time:284.374s step_avg:159.67ms
step:1782/3250 train_time:284.535s step_avg:159.67ms
step:1783/3250 train_time:284.698s step_avg:159.67ms
step:1784/3250 train_time:284.859s step_avg:159.67ms
step:1785/3250 train_time:285.021s step_avg:159.68ms
step:1786/3250 train_time:285.184s step_avg:159.68ms
step:1787/3250 train_time:285.343s step_avg:159.68ms
step:1788/3250 train_time:285.504s step_avg:159.68ms
step:1789/3250 train_time:285.665s step_avg:159.68ms
step:1790/3250 train_time:285.825s step_avg:159.68ms
step:1791/3250 train_time:285.987s step_avg:159.68ms
step:1792/3250 train_time:286.148s step_avg:159.68ms
step:1793/3250 train_time:286.309s step_avg:159.68ms
step:1794/3250 train_time:286.471s step_avg:159.68ms
step:1795/3250 train_time:286.632s step_avg:159.68ms
step:1796/3250 train_time:286.793s step_avg:159.68ms
step:1797/3250 train_time:286.954s step_avg:159.68ms
step:1798/3250 train_time:287.116s step_avg:159.69ms
step:1799/3250 train_time:287.278s step_avg:159.69ms
step:1800/3250 train_time:287.442s step_avg:159.69ms
step:1801/3250 train_time:287.604s step_avg:159.69ms
step:1802/3250 train_time:287.763s step_avg:159.69ms
step:1803/3250 train_time:287.925s step_avg:159.69ms
step:1804/3250 train_time:288.085s step_avg:159.69ms
step:1805/3250 train_time:288.246s step_avg:159.69ms
step:1806/3250 train_time:288.407s step_avg:159.69ms
step:1807/3250 train_time:288.570s step_avg:159.70ms
step:1808/3250 train_time:288.732s step_avg:159.70ms
step:1809/3250 train_time:288.894s step_avg:159.70ms
step:1810/3250 train_time:289.054s step_avg:159.70ms
step:1811/3250 train_time:289.215s step_avg:159.70ms
step:1812/3250 train_time:289.377s step_avg:159.70ms
step:1813/3250 train_time:289.538s step_avg:159.70ms
step:1814/3250 train_time:289.700s step_avg:159.70ms
step:1815/3250 train_time:289.860s step_avg:159.70ms
step:1816/3250 train_time:290.026s step_avg:159.71ms
step:1817/3250 train_time:290.187s step_avg:159.71ms
step:1818/3250 train_time:290.347s step_avg:159.71ms
step:1819/3250 train_time:290.511s step_avg:159.71ms
step:1820/3250 train_time:290.671s step_avg:159.71ms
step:1821/3250 train_time:290.832s step_avg:159.71ms
step:1822/3250 train_time:290.994s step_avg:159.71ms
step:1823/3250 train_time:291.154s step_avg:159.71ms
step:1824/3250 train_time:291.315s step_avg:159.71ms
step:1825/3250 train_time:291.478s step_avg:159.71ms
step:1826/3250 train_time:291.641s step_avg:159.72ms
step:1827/3250 train_time:291.802s step_avg:159.72ms
step:1828/3250 train_time:291.962s step_avg:159.72ms
step:1829/3250 train_time:292.125s step_avg:159.72ms
step:1830/3250 train_time:292.285s step_avg:159.72ms
step:1831/3250 train_time:292.446s step_avg:159.72ms
step:1832/3250 train_time:292.607s step_avg:159.72ms
step:1833/3250 train_time:292.767s step_avg:159.72ms
step:1834/3250 train_time:292.930s step_avg:159.72ms
step:1835/3250 train_time:293.091s step_avg:159.72ms
step:1836/3250 train_time:293.253s step_avg:159.72ms
step:1837/3250 train_time:293.414s step_avg:159.72ms
step:1838/3250 train_time:293.577s step_avg:159.73ms
step:1839/3250 train_time:293.737s step_avg:159.73ms
step:1840/3250 train_time:293.899s step_avg:159.73ms
step:1841/3250 train_time:294.062s step_avg:159.73ms
step:1842/3250 train_time:294.225s step_avg:159.73ms
step:1843/3250 train_time:294.385s step_avg:159.73ms
step:1844/3250 train_time:294.546s step_avg:159.73ms
step:1845/3250 train_time:294.707s step_avg:159.73ms
step:1846/3250 train_time:294.868s step_avg:159.73ms
step:1847/3250 train_time:295.028s step_avg:159.73ms
step:1848/3250 train_time:295.191s step_avg:159.74ms
step:1849/3250 train_time:295.352s step_avg:159.74ms
step:1850/3250 train_time:295.514s step_avg:159.74ms
step:1851/3250 train_time:295.677s step_avg:159.74ms
step:1852/3250 train_time:295.838s step_avg:159.74ms
step:1853/3250 train_time:296.000s step_avg:159.74ms
step:1854/3250 train_time:296.161s step_avg:159.74ms
step:1855/3250 train_time:296.322s step_avg:159.74ms
step:1856/3250 train_time:296.483s step_avg:159.74ms
step:1857/3250 train_time:296.643s step_avg:159.74ms
step:1858/3250 train_time:296.804s step_avg:159.74ms
step:1859/3250 train_time:296.965s step_avg:159.74ms
step:1860/3250 train_time:297.125s step_avg:159.74ms
step:1861/3250 train_time:297.286s step_avg:159.75ms
step:1862/3250 train_time:297.446s step_avg:159.75ms
step:1863/3250 train_time:297.609s step_avg:159.75ms
step:1864/3250 train_time:297.771s step_avg:159.75ms
step:1865/3250 train_time:297.930s step_avg:159.75ms
step:1866/3250 train_time:298.092s step_avg:159.75ms
step:1867/3250 train_time:298.253s step_avg:159.75ms
step:1868/3250 train_time:298.414s step_avg:159.75ms
step:1869/3250 train_time:298.575s step_avg:159.75ms
step:1870/3250 train_time:298.734s step_avg:159.75ms
step:1871/3250 train_time:298.896s step_avg:159.75ms
step:1872/3250 train_time:299.057s step_avg:159.75ms
step:1873/3250 train_time:299.219s step_avg:159.75ms
step:1874/3250 train_time:299.381s step_avg:159.76ms
step:1875/3250 train_time:299.542s step_avg:159.76ms
step:1875/3250 val_loss:3.45650 train_time:299.542s step_avg:161.32ms
probe_ema: n=84934656 align=-0.36821,-0.34173,-0.31689,-0.29398,-0.27308,-0.25394,-0.23604,-0.21853 rel_mse=1.05994,1.04220,1.02939,1.02031,1.01395,1.00955,1.00651,1.00444
step:1876/3250 train_time:299.706s step_avg:159.76ms
step:1877/3250 train_time:299.869s step_avg:159.76ms
step:1878/3250 train_time:300.030s step_avg:159.76ms
step:1879/3250 train_time:300.191s step_avg:159.76ms
step:1880/3250 train_time:300.353s step_avg:159.76ms
step:1881/3250 train_time:300.513s step_avg:159.76ms
step:1882/3250 train_time:300.674s step_avg:159.76ms
step:1883/3250 train_time:300.835s step_avg:159.76ms
step:1884/3250 train_time:300.995s step_avg:159.76ms
step:1885/3250 train_time:301.156s step_avg:159.76ms
step:1886/3250 train_time:301.316s step_avg:159.76ms
step:1887/3250 train_time:301.477s step_avg:159.77ms
step:1888/3250 train_time:301.638s step_avg:159.77ms
step:1889/3250 train_time:301.798s step_avg:159.77ms
step:1890/3250 train_time:301.959s step_avg:159.77ms
step:1891/3250 train_time:302.120s step_avg:159.77ms
step:1892/3250 train_time:302.280s step_avg:159.77ms
step:1893/3250 train_time:302.443s step_avg:159.77ms
step:1894/3250 train_time:302.603s step_avg:159.77ms
step:1895/3250 train_time:302.764s step_avg:159.77ms
step:1896/3250 train_time:302.925s step_avg:159.77ms
step:1897/3250 train_time:303.085s step_avg:159.77ms
step:1898/3250 train_time:303.245s step_avg:159.77ms
step:1899/3250 train_time:303.409s step_avg:159.77ms
step:1900/3250 train_time:303.572s step_avg:159.77ms
step:1901/3250 train_time:303.789s step_avg:159.80ms
step:1902/3250 train_time:303.951s step_avg:159.81ms
step:1903/3250 train_time:304.111s step_avg:159.81ms
step:1904/3250 train_time:304.272s step_avg:159.81ms
step:1905/3250 train_time:304.434s step_avg:159.81ms
step:1906/3250 train_time:304.596s step_avg:159.81ms
step:1907/3250 train_time:304.756s step_avg:159.81ms
step:1908/3250 train_time:304.916s step_avg:159.81ms
step:1909/3250 train_time:305.076s step_avg:159.81ms
step:1910/3250 train_time:305.236s step_avg:159.81ms
step:1911/3250 train_time:305.396s step_avg:159.81ms
step:1912/3250 train_time:305.558s step_avg:159.81ms
step:1913/3250 train_time:305.720s step_avg:159.81ms
step:1914/3250 train_time:305.881s step_avg:159.81ms
step:1915/3250 train_time:306.041s step_avg:159.81ms
step:1916/3250 train_time:306.202s step_avg:159.81ms
step:1917/3250 train_time:306.364s step_avg:159.81ms
step:1918/3250 train_time:306.525s step_avg:159.82ms
step:1919/3250 train_time:306.687s step_avg:159.82ms
step:1920/3250 train_time:306.850s step_avg:159.82ms
step:1921/3250 train_time:307.012s step_avg:159.82ms
step:1922/3250 train_time:307.173s step_avg:159.82ms
step:1923/3250 train_time:307.334s step_avg:159.82ms
step:1924/3250 train_time:307.496s step_avg:159.82ms
step:1925/3250 train_time:307.656s step_avg:159.82ms
step:1926/3250 train_time:307.818s step_avg:159.82ms
step:1927/3250 train_time:307.978s step_avg:159.82ms
step:1928/3250 train_time:308.139s step_avg:159.82ms
step:1929/3250 train_time:308.300s step_avg:159.82ms
step:1930/3250 train_time:308.463s step_avg:159.83ms
step:1931/3250 train_time:308.626s step_avg:159.83ms
step:1932/3250 train_time:308.787s step_avg:159.83ms
step:1933/3250 train_time:308.949s step_avg:159.83ms
step:1934/3250 train_time:309.110s step_avg:159.83ms
step:1935/3250 train_time:309.271s step_avg:159.83ms
step:1936/3250 train_time:309.432s step_avg:159.83ms
step:1937/3250 train_time:309.592s step_avg:159.83ms
step:1938/3250 train_time:309.753s step_avg:159.83ms
step:1939/3250 train_time:309.913s step_avg:159.83ms
step:1940/3250 train_time:310.074s step_avg:159.83ms
step:1941/3250 train_time:310.236s step_avg:159.83ms
step:1942/3250 train_time:310.397s step_avg:159.83ms
step:1943/3250 train_time:310.558s step_avg:159.83ms
step:1944/3250 train_time:310.719s step_avg:159.83ms
step:1945/3250 train_time:310.879s step_avg:159.83ms
step:1946/3250 train_time:311.041s step_avg:159.84ms
step:1947/3250 train_time:311.202s step_avg:159.84ms
step:1948/3250 train_time:311.363s step_avg:159.84ms
step:1949/3250 train_time:311.525s step_avg:159.84ms
step:1950/3250 train_time:311.685s step_avg:159.84ms
step:1951/3250 train_time:311.847s step_avg:159.84ms
step:1952/3250 train_time:312.008s step_avg:159.84ms
step:1953/3250 train_time:312.170s step_avg:159.84ms
step:1954/3250 train_time:312.332s step_avg:159.84ms
step:1955/3250 train_time:312.494s step_avg:159.84ms
step:1956/3250 train_time:312.655s step_avg:159.84ms
step:1957/3250 train_time:312.816s step_avg:159.84ms
step:1958/3250 train_time:312.976s step_avg:159.84ms
step:1959/3250 train_time:313.137s step_avg:159.85ms
step:1960/3250 train_time:313.298s step_avg:159.85ms
step:1961/3250 train_time:313.460s step_avg:159.85ms
step:1962/3250 train_time:313.621s step_avg:159.85ms
step:1963/3250 train_time:313.781s step_avg:159.85ms
step:1964/3250 train_time:313.942s step_avg:159.85ms
step:1965/3250 train_time:314.103s step_avg:159.85ms
step:1966/3250 train_time:314.265s step_avg:159.85ms
step:1967/3250 train_time:314.427s step_avg:159.85ms
step:1968/3250 train_time:314.589s step_avg:159.85ms
step:1969/3250 train_time:314.751s step_avg:159.85ms
step:1970/3250 train_time:314.912s step_avg:159.85ms
step:1971/3250 train_time:315.074s step_avg:159.85ms
step:1972/3250 train_time:315.235s step_avg:159.86ms
step:1973/3250 train_time:315.395s step_avg:159.86ms
step:1974/3250 train_time:315.557s step_avg:159.86ms
step:1975/3250 train_time:315.718s step_avg:159.86ms
step:1976/3250 train_time:315.878s step_avg:159.86ms
step:1977/3250 train_time:316.039s step_avg:159.86ms
step:1978/3250 train_time:316.200s step_avg:159.86ms
step:1979/3250 train_time:316.362s step_avg:159.86ms
step:1980/3250 train_time:316.524s step_avg:159.86ms
step:1981/3250 train_time:316.684s step_avg:159.86ms
step:1982/3250 train_time:316.847s step_avg:159.86ms
step:1983/3250 train_time:317.008s step_avg:159.86ms
step:1984/3250 train_time:317.171s step_avg:159.86ms
step:1985/3250 train_time:317.332s step_avg:159.86ms
step:1986/3250 train_time:317.492s step_avg:159.87ms
step:1987/3250 train_time:317.654s step_avg:159.87ms
step:1988/3250 train_time:317.814s step_avg:159.87ms
step:1989/3250 train_time:317.975s step_avg:159.87ms
step:1990/3250 train_time:318.136s step_avg:159.87ms
step:1991/3250 train_time:318.296s step_avg:159.87ms
step:1992/3250 train_time:318.458s step_avg:159.87ms
step:1993/3250 train_time:318.618s step_avg:159.87ms
step:1994/3250 train_time:318.779s step_avg:159.87ms
step:1995/3250 train_time:318.940s step_avg:159.87ms
step:1996/3250 train_time:319.101s step_avg:159.87ms
step:1997/3250 train_time:319.263s step_avg:159.87ms
step:1998/3250 train_time:319.426s step_avg:159.87ms
step:1999/3250 train_time:319.588s step_avg:159.87ms
step:2000/3250 train_time:319.749s step_avg:159.87ms
step:2000/3250 val_loss:3.43674 train_time:319.749s step_avg:161.66ms
probe_ema: n=84934656 align=-0.34903,-0.32453,-0.30126,-0.27943,-0.25892,-0.23905,-0.21868,-0.19653 rel_mse=1.05786,1.04090,1.02861,1.01984,1.01363,1.00927,1.00623,1.00412
step:2001/3250 train_time:319.914s step_avg:159.88ms
step:2002/3250 train_time:320.077s step_avg:159.88ms
step:2003/3250 train_time:320.238s step_avg:159.88ms
step:2004/3250 train_time:320.399s step_avg:159.88ms
step:2005/3250 train_time:320.560s step_avg:159.88ms
step:2006/3250 train_time:320.722s step_avg:159.88ms
step:2007/3250 train_time:320.882s step_avg:159.88ms
step:2008/3250 train_time:321.044s step_avg:159.88ms
step:2009/3250 train_time:321.204s step_avg:159.88ms
step:2010/3250 train_time:321.365s step_avg:159.88ms
step:2011/3250 train_time:321.524s step_avg:159.88ms
step:2012/3250 train_time:321.685s step_avg:159.88ms
step:2013/3250 train_time:321.845s step_avg:159.88ms
step:2014/3250 train_time:322.006s step_avg:159.88ms
step:2015/3250 train_time:322.165s step_avg:159.88ms
step:2016/3250 train_time:322.325s step_avg:159.88ms
step:2017/3250 train_time:322.486s step_avg:159.88ms
step:2018/3250 train_time:322.648s step_avg:159.88ms
step:2019/3250 train_time:322.809s step_avg:159.89ms
step:2020/3250 train_time:322.971s step_avg:159.89ms
step:2021/3250 train_time:323.131s step_avg:159.89ms
step:2022/3250 train_time:323.292s step_avg:159.89ms
step:2023/3250 train_time:323.454s step_avg:159.89ms
step:2024/3250 train_time:323.615s step_avg:159.89ms
step:2025/3250 train_time:323.778s step_avg:159.89ms
step:2026/3250 train_time:323.938s step_avg:159.89ms
step:2027/3250 train_time:324.100s step_avg:159.89ms
step:2028/3250 train_time:324.259s step_avg:159.89ms
step:2029/3250 train_time:324.420s step_avg:159.89ms
step:2030/3250 train_time:324.583s step_avg:159.89ms
step:2031/3250 train_time:324.743s step_avg:159.89ms
step:2032/3250 train_time:324.904s step_avg:159.89ms
step:2033/3250 train_time:325.064s step_avg:159.89ms
step:2034/3250 train_time:325.225s step_avg:159.89ms
step:2035/3250 train_time:325.385s step_avg:159.89ms
step:2036/3250 train_time:325.545s step_avg:159.89ms
step:2037/3250 train_time:325.706s step_avg:159.90ms
step:2038/3250 train_time:325.868s step_avg:159.90ms
step:2039/3250 train_time:326.028s step_avg:159.90ms
step:2040/3250 train_time:326.190s step_avg:159.90ms
step:2041/3250 train_time:326.351s step_avg:159.90ms
step:2042/3250 train_time:326.513s step_avg:159.90ms
step:2043/3250 train_time:326.674s step_avg:159.90ms
step:2044/3250 train_time:326.835s step_avg:159.90ms
step:2045/3250 train_time:326.998s step_avg:159.90ms
step:2046/3250 train_time:327.159s step_avg:159.90ms
step:2047/3250 train_time:327.320s step_avg:159.90ms
step:2048/3250 train_time:327.481s step_avg:159.90ms
step:2049/3250 train_time:327.641s step_avg:159.90ms
step:2050/3250 train_time:327.803s step_avg:159.90ms
step:2051/3250 train_time:327.964s step_avg:159.90ms
step:2052/3250 train_time:328.126s step_avg:159.91ms
step:2053/3250 train_time:328.287s step_avg:159.91ms
step:2054/3250 train_time:328.447s step_avg:159.91ms
step:2055/3250 train_time:328.609s step_avg:159.91ms
step:2056/3250 train_time:328.771s step_avg:159.91ms
step:2057/3250 train_time:328.932s step_avg:159.91ms
step:2058/3250 train_time:329.094s step_avg:159.91ms
step:2059/3250 train_time:329.256s step_avg:159.91ms
step:2060/3250 train_time:329.417s step_avg:159.91ms
step:2061/3250 train_time:329.578s step_avg:159.91ms
step:2062/3250 train_time:329.740s step_avg:159.91ms
step:2063/3250 train_time:329.901s step_avg:159.91ms
step:2064/3250 train_time:330.061s step_avg:159.91ms
step:2065/3250 train_time:330.224s step_avg:159.91ms
step:2066/3250 train_time:330.384s step_avg:159.91ms
step:2067/3250 train_time:330.545s step_avg:159.92ms
step:2068/3250 train_time:330.706s step_avg:159.92ms
step:2069/3250 train_time:330.866s step_avg:159.92ms
step:2070/3250 train_time:331.026s step_avg:159.92ms
step:2071/3250 train_time:331.187s step_avg:159.92ms
step:2072/3250 train_time:331.349s step_avg:159.92ms
step:2073/3250 train_time:331.511s step_avg:159.92ms
step:2074/3250 train_time:331.672s step_avg:159.92ms
step:2075/3250 train_time:331.834s step_avg:159.92ms
step:2076/3250 train_time:331.995s step_avg:159.92ms
step:2077/3250 train_time:332.157s step_avg:159.92ms
step:2078/3250 train_time:332.319s step_avg:159.92ms
step:2079/3250 train_time:332.479s step_avg:159.92ms
step:2080/3250 train_time:332.640s step_avg:159.92ms
step:2081/3250 train_time:332.802s step_avg:159.92ms
step:2082/3250 train_time:332.962s step_avg:159.92ms
step:2083/3250 train_time:333.122s step_avg:159.92ms
step:2084/3250 train_time:333.283s step_avg:159.92ms
step:2085/3250 train_time:333.444s step_avg:159.93ms
step:2086/3250 train_time:333.605s step_avg:159.93ms
step:2087/3250 train_time:333.769s step_avg:159.93ms
step:2088/3250 train_time:333.929s step_avg:159.93ms
step:2089/3250 train_time:334.090s step_avg:159.93ms
step:2090/3250 train_time:334.250s step_avg:159.93ms
step:2091/3250 train_time:334.467s step_avg:159.96ms
step:2092/3250 train_time:334.627s step_avg:159.96ms
step:2093/3250 train_time:334.790s step_avg:159.96ms
step:2094/3250 train_time:334.951s step_avg:159.96ms
step:2095/3250 train_time:335.112s step_avg:159.96ms
step:2096/3250 train_time:335.275s step_avg:159.96ms
step:2097/3250 train_time:335.435s step_avg:159.96ms
step:2098/3250 train_time:335.597s step_avg:159.96ms
step:2099/3250 train_time:335.759s step_avg:159.96ms
step:2100/3250 train_time:335.921s step_avg:159.96ms
step:2101/3250 train_time:336.083s step_avg:159.96ms
step:2102/3250 train_time:336.243s step_avg:159.96ms
step:2103/3250 train_time:336.404s step_avg:159.96ms
step:2104/3250 train_time:336.563s step_avg:159.96ms
step:2105/3250 train_time:336.723s step_avg:159.96ms
step:2106/3250 train_time:336.886s step_avg:159.97ms
step:2107/3250 train_time:337.047s step_avg:159.97ms
step:2108/3250 train_time:337.208s step_avg:159.97ms
step:2109/3250 train_time:337.369s step_avg:159.97ms
step:2110/3250 train_time:337.530s step_avg:159.97ms
step:2111/3250 train_time:337.691s step_avg:159.97ms
step:2112/3250 train_time:337.852s step_avg:159.97ms
step:2113/3250 train_time:338.016s step_avg:159.97ms
step:2114/3250 train_time:338.178s step_avg:159.97ms
step:2115/3250 train_time:338.340s step_avg:159.97ms
step:2116/3250 train_time:338.501s step_avg:159.97ms
step:2117/3250 train_time:338.662s step_avg:159.97ms
step:2118/3250 train_time:338.823s step_avg:159.97ms
step:2119/3250 train_time:338.984s step_avg:159.97ms
step:2120/3250 train_time:339.146s step_avg:159.97ms
step:2121/3250 train_time:339.309s step_avg:159.98ms
step:2122/3250 train_time:339.472s step_avg:159.98ms
step:2123/3250 train_time:339.632s step_avg:159.98ms
step:2124/3250 train_time:339.792s step_avg:159.98ms
step:2125/3250 train_time:339.953s step_avg:159.98ms
step:2125/3250 val_loss:3.41789 train_time:339.954s step_avg:161.63ms
probe_ema: n=84934656 align=-0.31259,-0.29169,-0.27274,-0.25523,-0.23846,-0.22199,-0.20542,-0.18810 rel_mse=1.05573,1.03973,1.02805,1.01964,1.01365,1.00940,1.00641,1.00432
step:2126/3250 train_time:340.121s step_avg:159.98ms
step:2127/3250 train_time:340.283s step_avg:159.98ms
step:2128/3250 train_time:340.445s step_avg:159.98ms
step:2129/3250 train_time:340.605s step_avg:159.98ms
step:2130/3250 train_time:340.767s step_avg:159.98ms
step:2131/3250 train_time:340.928s step_avg:159.98ms
step:2132/3250 train_time:341.089s step_avg:159.99ms
step:2133/3250 train_time:341.249s step_avg:159.99ms
step:2134/3250 train_time:341.415s step_avg:159.99ms
step:2135/3250 train_time:341.575s step_avg:159.99ms
step:2136/3250 train_time:341.738s step_avg:159.99ms
step:2137/3250 train_time:341.899s step_avg:159.99ms
step:2138/3250 train_time:342.062s step_avg:159.99ms
step:2139/3250 train_time:342.223s step_avg:159.99ms
step:2140/3250 train_time:342.384s step_avg:159.99ms
step:2141/3250 train_time:342.547s step_avg:159.99ms
step:2142/3250 train_time:342.706s step_avg:159.99ms
step:2143/3250 train_time:342.867s step_avg:159.99ms
step:2144/3250 train_time:343.027s step_avg:159.99ms
step:2145/3250 train_time:343.189s step_avg:159.99ms
step:2146/3250 train_time:343.350s step_avg:160.00ms
step:2147/3250 train_time:343.510s step_avg:160.00ms
step:2148/3250 train_time:343.670s step_avg:160.00ms
step:2149/3250 train_time:343.833s step_avg:160.00ms
step:2150/3250 train_time:343.995s step_avg:160.00ms
step:2151/3250 train_time:344.156s step_avg:160.00ms
step:2152/3250 train_time:344.317s step_avg:160.00ms
step:2153/3250 train_time:344.477s step_avg:160.00ms
step:2154/3250 train_time:344.639s step_avg:160.00ms
step:2155/3250 train_time:344.799s step_avg:160.00ms
step:2156/3250 train_time:344.962s step_avg:160.00ms
step:2157/3250 train_time:345.123s step_avg:160.00ms
step:2158/3250 train_time:345.285s step_avg:160.00ms
step:2159/3250 train_time:345.446s step_avg:160.00ms
step:2160/3250 train_time:345.607s step_avg:160.00ms
step:2161/3250 train_time:345.767s step_avg:160.00ms
step:2162/3250 train_time:345.929s step_avg:160.00ms
step:2163/3250 train_time:346.089s step_avg:160.00ms
step:2164/3250 train_time:346.250s step_avg:160.00ms
step:2165/3250 train_time:346.412s step_avg:160.01ms
step:2166/3250 train_time:346.573s step_avg:160.01ms
step:2167/3250 train_time:346.735s step_avg:160.01ms
step:2168/3250 train_time:346.895s step_avg:160.01ms
step:2169/3250 train_time:347.056s step_avg:160.01ms
step:2170/3250 train_time:347.217s step_avg:160.01ms
step:2171/3250 train_time:347.378s step_avg:160.01ms
step:2172/3250 train_time:347.539s step_avg:160.01ms
step:2173/3250 train_time:347.700s step_avg:160.01ms
step:2174/3250 train_time:347.863s step_avg:160.01ms
step:2175/3250 train_time:348.024s step_avg:160.01ms
step:2176/3250 train_time:348.186s step_avg:160.01ms
step:2177/3250 train_time:348.348s step_avg:160.01ms
step:2178/3250 train_time:348.508s step_avg:160.01ms
step:2179/3250 train_time:348.668s step_avg:160.01ms
step:2180/3250 train_time:348.829s step_avg:160.01ms
step:2181/3250 train_time:348.988s step_avg:160.01ms
step:2182/3250 train_time:349.150s step_avg:160.01ms
step:2183/3250 train_time:349.311s step_avg:160.01ms
step:2184/3250 train_time:349.472s step_avg:160.01ms
step:2185/3250 train_time:349.633s step_avg:160.01ms
step:2186/3250 train_time:349.795s step_avg:160.02ms
step:2187/3250 train_time:349.960s step_avg:160.02ms
step:2188/3250 train_time:350.121s step_avg:160.02ms
step:2189/3250 train_time:350.281s step_avg:160.02ms
step:2190/3250 train_time:350.443s step_avg:160.02ms
step:2191/3250 train_time:350.603s step_avg:160.02ms
step:2192/3250 train_time:350.766s step_avg:160.02ms
step:2193/3250 train_time:350.926s step_avg:160.02ms
step:2194/3250 train_time:351.086s step_avg:160.02ms
step:2195/3250 train_time:351.248s step_avg:160.02ms
step:2196/3250 train_time:351.408s step_avg:160.02ms
step:2197/3250 train_time:351.570s step_avg:160.02ms
step:2198/3250 train_time:351.731s step_avg:160.02ms
step:2199/3250 train_time:351.892s step_avg:160.02ms
step:2200/3250 train_time:352.054s step_avg:160.02ms
step:2201/3250 train_time:352.216s step_avg:160.03ms
step:2202/3250 train_time:352.376s step_avg:160.03ms
step:2203/3250 train_time:352.537s step_avg:160.03ms
step:2204/3250 train_time:352.699s step_avg:160.03ms
step:2205/3250 train_time:352.862s step_avg:160.03ms
step:2206/3250 train_time:353.023s step_avg:160.03ms
step:2207/3250 train_time:353.184s step_avg:160.03ms
step:2208/3250 train_time:353.345s step_avg:160.03ms
step:2209/3250 train_time:353.505s step_avg:160.03ms
step:2210/3250 train_time:353.666s step_avg:160.03ms
step:2211/3250 train_time:353.827s step_avg:160.03ms
step:2212/3250 train_time:353.989s step_avg:160.03ms
step:2213/3250 train_time:354.149s step_avg:160.03ms
step:2214/3250 train_time:354.310s step_avg:160.03ms
step:2215/3250 train_time:354.470s step_avg:160.03ms
step:2216/3250 train_time:354.630s step_avg:160.03ms
step:2217/3250 train_time:354.791s step_avg:160.03ms
step:2218/3250 train_time:354.953s step_avg:160.03ms
step:2219/3250 train_time:355.114s step_avg:160.03ms
step:2220/3250 train_time:355.278s step_avg:160.04ms
step:2221/3250 train_time:355.439s step_avg:160.04ms
step:2222/3250 train_time:355.601s step_avg:160.04ms
step:2223/3250 train_time:355.763s step_avg:160.04ms
step:2224/3250 train_time:355.924s step_avg:160.04ms
step:2225/3250 train_time:356.086s step_avg:160.04ms
step:2226/3250 train_time:356.247s step_avg:160.04ms
step:2227/3250 train_time:356.409s step_avg:160.04ms
step:2228/3250 train_time:356.569s step_avg:160.04ms
step:2229/3250 train_time:356.729s step_avg:160.04ms
step:2230/3250 train_time:356.890s step_avg:160.04ms
step:2231/3250 train_time:357.050s step_avg:160.04ms
step:2232/3250 train_time:357.213s step_avg:160.04ms
step:2233/3250 train_time:357.372s step_avg:160.04ms
step:2234/3250 train_time:357.534s step_avg:160.04ms
step:2235/3250 train_time:357.695s step_avg:160.04ms
step:2236/3250 train_time:357.856s step_avg:160.04ms
step:2237/3250 train_time:358.018s step_avg:160.04ms
step:2238/3250 train_time:358.177s step_avg:160.04ms
step:2239/3250 train_time:358.338s step_avg:160.04ms
step:2240/3250 train_time:358.500s step_avg:160.04ms
step:2241/3250 train_time:358.661s step_avg:160.05ms
step:2242/3250 train_time:358.824s step_avg:160.05ms
step:2243/3250 train_time:358.985s step_avg:160.05ms
step:2244/3250 train_time:359.146s step_avg:160.05ms
step:2245/3250 train_time:359.306s step_avg:160.05ms
step:2246/3250 train_time:359.467s step_avg:160.05ms
step:2247/3250 train_time:359.627s step_avg:160.05ms
step:2248/3250 train_time:359.787s step_avg:160.05ms
step:2249/3250 train_time:359.949s step_avg:160.05ms
step:2250/3250 train_time:360.110s step_avg:160.05ms
step:2250/3250 val_loss:3.39908 train_time:360.110s step_avg:161.25ms
probe_ema: n=84934656 align=-0.26567,-0.25066,-0.23716,-0.22472,-0.21266,-0.20026,-0.18689,-0.17190 rel_mse=1.05112,1.03689,1.02641,1.01877,1.01322,1.00921,1.00634,1.00431
step:2251/3250 train_time:360.276s step_avg:160.05ms
step:2252/3250 train_time:360.436s step_avg:160.05ms
step:2253/3250 train_time:360.599s step_avg:160.05ms
step:2254/3250 train_time:360.758s step_avg:160.05ms
step:2255/3250 train_time:360.919s step_avg:160.05ms
step:2256/3250 train_time:361.078s step_avg:160.05ms
step:2257/3250 train_time:361.238s step_avg:160.05ms
step:2258/3250 train_time:361.400s step_avg:160.05ms
step:2259/3250 train_time:361.561s step_avg:160.05ms
step:2260/3250 train_time:361.720s step_avg:160.05ms
step:2261/3250 train_time:361.881s step_avg:160.05ms
step:2262/3250 train_time:362.040s step_avg:160.05ms
step:2263/3250 train_time:362.201s step_avg:160.05ms
step:2264/3250 train_time:362.361s step_avg:160.05ms
step:2265/3250 train_time:362.522s step_avg:160.05ms
step:2266/3250 train_time:362.684s step_avg:160.05ms
step:2267/3250 train_time:362.845s step_avg:160.06ms
step:2268/3250 train_time:363.007s step_avg:160.06ms
step:2269/3250 train_time:363.168s step_avg:160.06ms
step:2270/3250 train_time:363.329s step_avg:160.06ms
step:2271/3250 train_time:363.492s step_avg:160.06ms
step:2272/3250 train_time:363.653s step_avg:160.06ms
step:2273/3250 train_time:363.814s step_avg:160.06ms
step:2274/3250 train_time:363.975s step_avg:160.06ms
step:2275/3250 train_time:364.137s step_avg:160.06ms
step:2276/3250 train_time:364.299s step_avg:160.06ms
step:2277/3250 train_time:364.459s step_avg:160.06ms
step:2278/3250 train_time:364.618s step_avg:160.06ms
step:2279/3250 train_time:364.778s step_avg:160.06ms
step:2280/3250 train_time:364.939s step_avg:160.06ms
step:2281/3250 train_time:365.152s step_avg:160.08ms
step:2282/3250 train_time:365.315s step_avg:160.09ms
step:2283/3250 train_time:365.476s step_avg:160.09ms
step:2284/3250 train_time:365.637s step_avg:160.09ms
step:2285/3250 train_time:365.799s step_avg:160.09ms
step:2286/3250 train_time:365.959s step_avg:160.09ms
step:2287/3250 train_time:366.120s step_avg:160.09ms
step:2288/3250 train_time:366.281s step_avg:160.09ms
step:2289/3250 train_time:366.441s step_avg:160.09ms
step:2290/3250 train_time:366.604s step_avg:160.09ms
step:2291/3250 train_time:366.765s step_avg:160.09ms
step:2292/3250 train_time:366.926s step_avg:160.09ms
step:2293/3250 train_time:367.087s step_avg:160.09ms
step:2294/3250 train_time:367.248s step_avg:160.09ms
step:2295/3250 train_time:367.409s step_avg:160.09ms
step:2296/3250 train_time:367.570s step_avg:160.09ms
step:2297/3250 train_time:367.731s step_avg:160.09ms
step:2298/3250 train_time:367.892s step_avg:160.09ms
step:2299/3250 train_time:368.053s step_avg:160.09ms
step:2300/3250 train_time:368.214s step_avg:160.09ms
step:2301/3250 train_time:368.376s step_avg:160.09ms
step:2302/3250 train_time:368.538s step_avg:160.09ms
step:2303/3250 train_time:368.699s step_avg:160.10ms
step:2304/3250 train_time:368.861s step_avg:160.10ms
step:2305/3250 train_time:369.020s step_avg:160.10ms
step:2306/3250 train_time:369.181s step_avg:160.10ms
step:2307/3250 train_time:369.343s step_avg:160.10ms
step:2308/3250 train_time:369.505s step_avg:160.10ms
step:2309/3250 train_time:369.666s step_avg:160.10ms
step:2310/3250 train_time:369.830s step_avg:160.10ms
step:2311/3250 train_time:369.991s step_avg:160.10ms
step:2312/3250 train_time:370.154s step_avg:160.10ms
step:2313/3250 train_time:370.316s step_avg:160.10ms
step:2314/3250 train_time:370.480s step_avg:160.10ms
step:2315/3250 train_time:370.641s step_avg:160.10ms
step:2316/3250 train_time:370.803s step_avg:160.10ms
step:2317/3250 train_time:370.965s step_avg:160.11ms
step:2318/3250 train_time:371.126s step_avg:160.11ms
step:2319/3250 train_time:371.289s step_avg:160.11ms
step:2320/3250 train_time:371.452s step_avg:160.11ms
step:2321/3250 train_time:371.614s step_avg:160.11ms
step:2322/3250 train_time:371.775s step_avg:160.11ms
step:2323/3250 train_time:371.936s step_avg:160.11ms
step:2324/3250 train_time:372.101s step_avg:160.11ms
step:2325/3250 train_time:372.263s step_avg:160.11ms
step:2326/3250 train_time:372.423s step_avg:160.11ms
step:2327/3250 train_time:372.585s step_avg:160.11ms
step:2328/3250 train_time:372.747s step_avg:160.11ms
step:2329/3250 train_time:372.909s step_avg:160.12ms
step:2330/3250 train_time:373.070s step_avg:160.12ms
step:2331/3250 train_time:373.231s step_avg:160.12ms
step:2332/3250 train_time:373.395s step_avg:160.12ms
step:2333/3250 train_time:373.556s step_avg:160.12ms
step:2334/3250 train_time:373.719s step_avg:160.12ms
step:2335/3250 train_time:373.882s step_avg:160.12ms
step:2336/3250 train_time:374.044s step_avg:160.12ms
step:2337/3250 train_time:374.206s step_avg:160.12ms
step:2338/3250 train_time:374.369s step_avg:160.12ms
step:2339/3250 train_time:374.530s step_avg:160.12ms
step:2340/3250 train_time:374.693s step_avg:160.13ms
step:2341/3250 train_time:374.854s step_avg:160.13ms
step:2342/3250 train_time:375.016s step_avg:160.13ms
step:2343/3250 train_time:375.177s step_avg:160.13ms
step:2344/3250 train_time:375.338s step_avg:160.13ms
step:2345/3250 train_time:375.500s step_avg:160.13ms
step:2346/3250 train_time:375.660s step_avg:160.13ms
step:2347/3250 train_time:375.822s step_avg:160.13ms
step:2348/3250 train_time:375.982s step_avg:160.13ms
step:2349/3250 train_time:376.143s step_avg:160.13ms
step:2350/3250 train_time:376.308s step_avg:160.13ms
step:2351/3250 train_time:376.470s step_avg:160.13ms
step:2352/3250 train_time:376.632s step_avg:160.13ms
step:2353/3250 train_time:376.796s step_avg:160.13ms
step:2354/3250 train_time:376.957s step_avg:160.13ms
step:2355/3250 train_time:377.119s step_avg:160.14ms
step:2356/3250 train_time:377.280s step_avg:160.14ms
step:2357/3250 train_time:377.441s step_avg:160.14ms
step:2358/3250 train_time:377.603s step_avg:160.14ms
step:2359/3250 train_time:377.765s step_avg:160.14ms
step:2360/3250 train_time:377.927s step_avg:160.14ms
step:2361/3250 train_time:378.089s step_avg:160.14ms
step:2362/3250 train_time:378.249s step_avg:160.14ms
step:2363/3250 train_time:378.413s step_avg:160.14ms
step:2364/3250 train_time:378.574s step_avg:160.14ms
step:2365/3250 train_time:378.735s step_avg:160.14ms
step:2366/3250 train_time:378.896s step_avg:160.14ms
step:2367/3250 train_time:379.056s step_avg:160.14ms
step:2368/3250 train_time:379.217s step_avg:160.14ms
step:2369/3250 train_time:379.379s step_avg:160.14ms
step:2370/3250 train_time:379.538s step_avg:160.14ms
step:2371/3250 train_time:379.699s step_avg:160.14ms
step:2372/3250 train_time:379.859s step_avg:160.14ms
step:2373/3250 train_time:380.021s step_avg:160.14ms
step:2374/3250 train_time:380.182s step_avg:160.14ms
step:2375/3250 train_time:380.342s step_avg:160.14ms
step:2375/3250 val_loss:3.38161 train_time:380.342s step_avg:161.86ms
probe_ema: n=84934656 align=-0.28637,-0.27250,-0.26001,-0.24772,-0.23518,-0.22236,-0.20914,-0.19539 rel_mse=1.06056,1.04364,1.03125,1.02223,1.01568,1.01096,1.00759,1.00522
step:2376/3250 train_time:380.506s step_avg:160.15ms
step:2377/3250 train_time:380.668s step_avg:160.15ms
step:2378/3250 train_time:380.830s step_avg:160.15ms
step:2379/3250 train_time:380.990s step_avg:160.15ms
step:2380/3250 train_time:381.152s step_avg:160.15ms
step:2381/3250 train_time:381.312s step_avg:160.15ms
step:2382/3250 train_time:381.472s step_avg:160.15ms
step:2383/3250 train_time:381.633s step_avg:160.15ms
step:2384/3250 train_time:381.794s step_avg:160.15ms
step:2385/3250 train_time:381.955s step_avg:160.15ms
step:2386/3250 train_time:382.117s step_avg:160.15ms
step:2387/3250 train_time:382.277s step_avg:160.15ms
step:2388/3250 train_time:382.437s step_avg:160.15ms
step:2389/3250 train_time:382.598s step_avg:160.15ms
step:2390/3250 train_time:382.759s step_avg:160.15ms
step:2391/3250 train_time:382.921s step_avg:160.15ms
step:2392/3250 train_time:383.081s step_avg:160.15ms
step:2393/3250 train_time:383.246s step_avg:160.15ms
step:2394/3250 train_time:383.406s step_avg:160.15ms
step:2395/3250 train_time:383.568s step_avg:160.15ms
step:2396/3250 train_time:383.730s step_avg:160.15ms
step:2397/3250 train_time:383.890s step_avg:160.15ms
step:2398/3250 train_time:384.051s step_avg:160.15ms
step:2399/3250 train_time:384.212s step_avg:160.16ms
step:2400/3250 train_time:384.372s step_avg:160.16ms
step:2401/3250 train_time:384.533s step_avg:160.16ms
step:2402/3250 train_time:384.693s step_avg:160.16ms
step:2403/3250 train_time:384.854s step_avg:160.16ms
step:2404/3250 train_time:385.016s step_avg:160.16ms
step:2405/3250 train_time:385.177s step_avg:160.16ms
step:2406/3250 train_time:385.338s step_avg:160.16ms
step:2407/3250 train_time:385.500s step_avg:160.16ms
step:2408/3250 train_time:385.661s step_avg:160.16ms
step:2409/3250 train_time:385.822s step_avg:160.16ms
step:2410/3250 train_time:385.984s step_avg:160.16ms
step:2411/3250 train_time:386.146s step_avg:160.16ms
step:2412/3250 train_time:386.306s step_avg:160.16ms
step:2413/3250 train_time:386.467s step_avg:160.16ms
step:2414/3250 train_time:386.628s step_avg:160.16ms
step:2415/3250 train_time:386.788s step_avg:160.16ms
step:2416/3250 train_time:386.951s step_avg:160.16ms
step:2417/3250 train_time:387.111s step_avg:160.16ms
step:2418/3250 train_time:387.271s step_avg:160.16ms
step:2419/3250 train_time:387.432s step_avg:160.16ms
step:2420/3250 train_time:387.591s step_avg:160.16ms
step:2421/3250 train_time:387.753s step_avg:160.16ms
step:2422/3250 train_time:387.912s step_avg:160.16ms
step:2423/3250 train_time:388.072s step_avg:160.16ms
step:2424/3250 train_time:388.234s step_avg:160.16ms
step:2425/3250 train_time:388.395s step_avg:160.16ms
step:2426/3250 train_time:388.556s step_avg:160.16ms
step:2427/3250 train_time:388.717s step_avg:160.16ms
step:2428/3250 train_time:388.877s step_avg:160.16ms
step:2429/3250 train_time:389.038s step_avg:160.16ms
step:2430/3250 train_time:389.200s step_avg:160.16ms
step:2431/3250 train_time:389.362s step_avg:160.17ms
step:2432/3250 train_time:389.525s step_avg:160.17ms
step:2433/3250 train_time:389.689s step_avg:160.17ms
step:2434/3250 train_time:389.851s step_avg:160.17ms
step:2435/3250 train_time:390.011s step_avg:160.17ms
step:2436/3250 train_time:390.171s step_avg:160.17ms
step:2437/3250 train_time:390.331s step_avg:160.17ms
step:2438/3250 train_time:390.491s step_avg:160.17ms
step:2439/3250 train_time:390.653s step_avg:160.17ms
step:2440/3250 train_time:390.814s step_avg:160.17ms
step:2441/3250 train_time:390.975s step_avg:160.17ms
step:2442/3250 train_time:391.137s step_avg:160.17ms
step:2443/3250 train_time:391.298s step_avg:160.17ms
step:2444/3250 train_time:391.460s step_avg:160.17ms
step:2445/3250 train_time:391.623s step_avg:160.17ms
step:2446/3250 train_time:391.785s step_avg:160.17ms
step:2447/3250 train_time:391.945s step_avg:160.17ms
step:2448/3250 train_time:392.106s step_avg:160.17ms
step:2449/3250 train_time:392.270s step_avg:160.18ms
step:2450/3250 train_time:392.431s step_avg:160.18ms
step:2451/3250 train_time:392.592s step_avg:160.18ms
step:2452/3250 train_time:392.753s step_avg:160.18ms
step:2453/3250 train_time:392.913s step_avg:160.18ms
step:2454/3250 train_time:393.073s step_avg:160.18ms
step:2455/3250 train_time:393.234s step_avg:160.18ms
step:2456/3250 train_time:393.394s step_avg:160.18ms
step:2457/3250 train_time:393.556s step_avg:160.18ms
step:2458/3250 train_time:393.717s step_avg:160.18ms
step:2459/3250 train_time:393.879s step_avg:160.18ms
step:2460/3250 train_time:394.041s step_avg:160.18ms
step:2461/3250 train_time:394.202s step_avg:160.18ms
step:2462/3250 train_time:394.364s step_avg:160.18ms
step:2463/3250 train_time:394.527s step_avg:160.18ms
step:2464/3250 train_time:394.689s step_avg:160.18ms
step:2465/3250 train_time:394.851s step_avg:160.18ms
step:2466/3250 train_time:395.011s step_avg:160.18ms
step:2467/3250 train_time:395.171s step_avg:160.18ms
step:2468/3250 train_time:395.332s step_avg:160.18ms
step:2469/3250 train_time:395.492s step_avg:160.18ms
step:2470/3250 train_time:395.653s step_avg:160.18ms
step:2471/3250 train_time:395.865s step_avg:160.20ms
step:2472/3250 train_time:396.026s step_avg:160.20ms
step:2473/3250 train_time:396.187s step_avg:160.20ms
step:2474/3250 train_time:396.348s step_avg:160.21ms
step:2475/3250 train_time:396.509s step_avg:160.21ms
step:2476/3250 train_time:396.669s step_avg:160.21ms
step:2477/3250 train_time:396.830s step_avg:160.21ms
step:2478/3250 train_time:396.990s step_avg:160.21ms
step:2479/3250 train_time:397.152s step_avg:160.21ms
step:2480/3250 train_time:397.312s step_avg:160.21ms
step:2481/3250 train_time:397.473s step_avg:160.21ms
step:2482/3250 train_time:397.634s step_avg:160.21ms
step:2483/3250 train_time:397.800s step_avg:160.21ms
step:2484/3250 train_time:397.962s step_avg:160.21ms
step:2485/3250 train_time:398.123s step_avg:160.21ms
step:2486/3250 train_time:398.285s step_avg:160.21ms
step:2487/3250 train_time:398.446s step_avg:160.21ms
step:2488/3250 train_time:398.606s step_avg:160.21ms
step:2489/3250 train_time:398.768s step_avg:160.21ms
step:2490/3250 train_time:398.930s step_avg:160.21ms
step:2491/3250 train_time:399.092s step_avg:160.21ms
step:2492/3250 train_time:399.253s step_avg:160.21ms
step:2493/3250 train_time:399.414s step_avg:160.21ms
step:2494/3250 train_time:399.575s step_avg:160.21ms
step:2495/3250 train_time:399.736s step_avg:160.22ms
step:2496/3250 train_time:399.897s step_avg:160.22ms
step:2497/3250 train_time:400.060s step_avg:160.22ms
step:2498/3250 train_time:400.220s step_avg:160.22ms
step:2499/3250 train_time:400.380s step_avg:160.22ms
step:2500/3250 train_time:400.543s step_avg:160.22ms
step:2500/3250 val_loss:3.36398 train_time:400.544s step_avg:161.61ms
probe_ema: n=84934656 align=-0.22367,-0.22178,-0.21871,-0.21389,-0.20717,-0.19849,-0.18795,-0.17576 rel_mse=1.05717,1.04208,1.03063,1.02202,1.01563,1.01095,1.00758,1.00518
step:2501/3250 train_time:400.711s step_avg:160.22ms
step:2502/3250 train_time:400.873s step_avg:160.22ms
step:2503/3250 train_time:401.036s step_avg:160.22ms
step:2504/3250 train_time:401.198s step_avg:160.22ms
step:2505/3250 train_time:401.358s step_avg:160.22ms
step:2506/3250 train_time:401.519s step_avg:160.22ms
step:2507/3250 train_time:401.681s step_avg:160.22ms
step:2508/3250 train_time:401.843s step_avg:160.22ms
step:2509/3250 train_time:402.004s step_avg:160.22ms
step:2510/3250 train_time:402.164s step_avg:160.22ms
step:2511/3250 train_time:402.324s step_avg:160.22ms
step:2512/3250 train_time:402.486s step_avg:160.23ms
step:2513/3250 train_time:402.649s step_avg:160.23ms
step:2514/3250 train_time:402.810s step_avg:160.23ms
step:2515/3250 train_time:402.972s step_avg:160.23ms
step:2516/3250 train_time:403.132s step_avg:160.23ms
step:2517/3250 train_time:403.293s step_avg:160.23ms
step:2518/3250 train_time:403.455s step_avg:160.23ms
step:2519/3250 train_time:403.616s step_avg:160.23ms
step:2520/3250 train_time:403.779s step_avg:160.23ms
step:2521/3250 train_time:403.939s step_avg:160.23ms
step:2522/3250 train_time:404.100s step_avg:160.23ms
step:2523/3250 train_time:404.260s step_avg:160.23ms
step:2524/3250 train_time:404.420s step_avg:160.23ms
step:2525/3250 train_time:404.582s step_avg:160.23ms
step:2526/3250 train_time:404.743s step_avg:160.23ms
step:2527/3250 train_time:404.904s step_avg:160.23ms
step:2528/3250 train_time:405.068s step_avg:160.23ms
step:2529/3250 train_time:405.229s step_avg:160.23ms
step:2530/3250 train_time:405.390s step_avg:160.23ms
step:2531/3250 train_time:405.552s step_avg:160.23ms
step:2532/3250 train_time:405.713s step_avg:160.23ms
step:2533/3250 train_time:405.876s step_avg:160.24ms
step:2534/3250 train_time:406.037s step_avg:160.24ms
step:2535/3250 train_time:406.199s step_avg:160.24ms
step:2536/3250 train_time:406.358s step_avg:160.24ms
step:2537/3250 train_time:406.518s step_avg:160.24ms
step:2538/3250 train_time:406.680s step_avg:160.24ms
step:2539/3250 train_time:406.842s step_avg:160.24ms
step:2540/3250 train_time:407.003s step_avg:160.24ms
step:2541/3250 train_time:407.164s step_avg:160.24ms
step:2542/3250 train_time:407.323s step_avg:160.24ms
step:2543/3250 train_time:407.486s step_avg:160.24ms
step:2544/3250 train_time:407.647s step_avg:160.24ms
step:2545/3250 train_time:407.809s step_avg:160.24ms
step:2546/3250 train_time:407.970s step_avg:160.24ms
step:2547/3250 train_time:408.133s step_avg:160.24ms
step:2548/3250 train_time:408.296s step_avg:160.24ms
step:2549/3250 train_time:408.457s step_avg:160.24ms
step:2550/3250 train_time:408.619s step_avg:160.24ms
step:2551/3250 train_time:408.779s step_avg:160.24ms
step:2552/3250 train_time:408.940s step_avg:160.24ms
step:2553/3250 train_time:409.102s step_avg:160.24ms
step:2554/3250 train_time:409.265s step_avg:160.24ms
step:2555/3250 train_time:409.425s step_avg:160.24ms
step:2556/3250 train_time:409.586s step_avg:160.24ms
step:2557/3250 train_time:409.748s step_avg:160.25ms
step:2558/3250 train_time:409.910s step_avg:160.25ms
step:2559/3250 train_time:410.072s step_avg:160.25ms
step:2560/3250 train_time:410.232s step_avg:160.25ms
step:2561/3250 train_time:410.395s step_avg:160.25ms
step:2562/3250 train_time:410.556s step_avg:160.25ms
step:2563/3250 train_time:410.718s step_avg:160.25ms
step:2564/3250 train_time:410.880s step_avg:160.25ms
step:2565/3250 train_time:411.041s step_avg:160.25ms
step:2566/3250 train_time:411.202s step_avg:160.25ms
step:2567/3250 train_time:411.361s step_avg:160.25ms
step:2568/3250 train_time:411.522s step_avg:160.25ms
step:2569/3250 train_time:411.683s step_avg:160.25ms
step:2570/3250 train_time:411.844s step_avg:160.25ms
step:2571/3250 train_time:412.005s step_avg:160.25ms
step:2572/3250 train_time:412.166s step_avg:160.25ms
step:2573/3250 train_time:412.327s step_avg:160.25ms
step:2574/3250 train_time:412.489s step_avg:160.25ms
step:2575/3250 train_time:412.650s step_avg:160.25ms
step:2576/3250 train_time:412.811s step_avg:160.25ms
step:2577/3250 train_time:412.973s step_avg:160.25ms
step:2578/3250 train_time:413.135s step_avg:160.25ms
step:2579/3250 train_time:413.297s step_avg:160.25ms
step:2580/3250 train_time:413.457s step_avg:160.25ms
step:2581/3250 train_time:413.618s step_avg:160.26ms
step:2582/3250 train_time:413.780s step_avg:160.26ms
step:2583/3250 train_time:413.941s step_avg:160.26ms
step:2584/3250 train_time:414.101s step_avg:160.26ms
step:2585/3250 train_time:414.262s step_avg:160.26ms
step:2586/3250 train_time:414.422s step_avg:160.26ms
step:2587/3250 train_time:414.583s step_avg:160.26ms
step:2588/3250 train_time:414.744s step_avg:160.26ms
step:2589/3250 train_time:414.905s step_avg:160.26ms
step:2590/3250 train_time:415.066s step_avg:160.26ms
step:2591/3250 train_time:415.226s step_avg:160.26ms
step:2592/3250 train_time:415.388s step_avg:160.26ms
step:2593/3250 train_time:415.548s step_avg:160.26ms
step:2594/3250 train_time:415.709s step_avg:160.26ms
step:2595/3250 train_time:415.871s step_avg:160.26ms
step:2596/3250 train_time:416.031s step_avg:160.26ms
step:2597/3250 train_time:416.193s step_avg:160.26ms
step:2598/3250 train_time:416.355s step_avg:160.26ms
step:2599/3250 train_time:416.516s step_avg:160.26ms
step:2600/3250 train_time:416.679s step_avg:160.26ms
step:2601/3250 train_time:416.838s step_avg:160.26ms
step:2602/3250 train_time:416.998s step_avg:160.26ms
step:2603/3250 train_time:417.159s step_avg:160.26ms
step:2604/3250 train_time:417.319s step_avg:160.26ms
step:2605/3250 train_time:417.479s step_avg:160.26ms
step:2606/3250 train_time:417.640s step_avg:160.26ms
step:2607/3250 train_time:417.801s step_avg:160.26ms
step:2608/3250 train_time:417.960s step_avg:160.26ms
step:2609/3250 train_time:418.121s step_avg:160.26ms
step:2610/3250 train_time:418.283s step_avg:160.26ms
step:2611/3250 train_time:418.444s step_avg:160.26ms
step:2612/3250 train_time:418.605s step_avg:160.26ms
step:2613/3250 train_time:418.766s step_avg:160.26ms
step:2614/3250 train_time:418.926s step_avg:160.26ms
step:2615/3250 train_time:419.087s step_avg:160.26ms
step:2616/3250 train_time:419.248s step_avg:160.26ms
step:2617/3250 train_time:419.409s step_avg:160.26ms
step:2618/3250 train_time:419.570s step_avg:160.26ms
step:2619/3250 train_time:419.730s step_avg:160.26ms
step:2620/3250 train_time:419.892s step_avg:160.26ms
step:2621/3250 train_time:420.053s step_avg:160.26ms
step:2622/3250 train_time:420.215s step_avg:160.27ms
step:2623/3250 train_time:420.375s step_avg:160.26ms
step:2624/3250 train_time:420.535s step_avg:160.26ms
step:2625/3250 train_time:420.701s step_avg:160.27ms
step:2625/3250 val_loss:3.34566 train_time:420.702s step_avg:161.26ms
probe_ema: n=84934656 align=-0.16329,-0.16513,-0.16657,-0.16654,-0.16439,-0.15999,-0.15353,-0.14487 rel_mse=1.04580,1.03467,1.02600,1.01925,1.01402,1.01005,1.00708,1.00492
step:2626/3250 train_time:420.868s step_avg:160.27ms
step:2627/3250 train_time:421.029s step_avg:160.27ms
step:2628/3250 train_time:421.190s step_avg:160.27ms
step:2629/3250 train_time:421.352s step_avg:160.27ms
step:2630/3250 train_time:421.512s step_avg:160.27ms
step:2631/3250 train_time:421.674s step_avg:160.27ms
step:2632/3250 train_time:421.836s step_avg:160.27ms
step:2633/3250 train_time:421.997s step_avg:160.27ms
step:2634/3250 train_time:422.159s step_avg:160.27ms
step:2635/3250 train_time:422.320s step_avg:160.27ms
step:2636/3250 train_time:422.480s step_avg:160.27ms
step:2637/3250 train_time:422.643s step_avg:160.27ms
step:2638/3250 train_time:422.804s step_avg:160.27ms
step:2639/3250 train_time:422.966s step_avg:160.27ms
step:2640/3250 train_time:423.127s step_avg:160.28ms
step:2641/3250 train_time:423.288s step_avg:160.28ms
step:2642/3250 train_time:423.449s step_avg:160.28ms
step:2643/3250 train_time:423.609s step_avg:160.28ms
step:2644/3250 train_time:423.771s step_avg:160.28ms
step:2645/3250 train_time:423.931s step_avg:160.28ms
step:2646/3250 train_time:424.091s step_avg:160.28ms
step:2647/3250 train_time:424.252s step_avg:160.28ms
step:2648/3250 train_time:424.413s step_avg:160.28ms
step:2649/3250 train_time:424.573s step_avg:160.28ms
step:2650/3250 train_time:424.736s step_avg:160.28ms
step:2651/3250 train_time:424.898s step_avg:160.28ms
step:2652/3250 train_time:425.059s step_avg:160.28ms
step:2653/3250 train_time:425.222s step_avg:160.28ms
step:2654/3250 train_time:425.384s step_avg:160.28ms
step:2655/3250 train_time:425.546s step_avg:160.28ms
step:2656/3250 train_time:425.708s step_avg:160.28ms
step:2657/3250 train_time:425.869s step_avg:160.28ms
step:2658/3250 train_time:426.030s step_avg:160.28ms
step:2659/3250 train_time:426.190s step_avg:160.28ms
step:2660/3250 train_time:426.352s step_avg:160.28ms
step:2661/3250 train_time:426.567s step_avg:160.30ms
step:2662/3250 train_time:426.728s step_avg:160.30ms
step:2663/3250 train_time:426.889s step_avg:160.30ms
step:2664/3250 train_time:427.050s step_avg:160.30ms
step:2665/3250 train_time:427.210s step_avg:160.30ms
step:2666/3250 train_time:427.371s step_avg:160.30ms
step:2667/3250 train_time:427.532s step_avg:160.30ms
step:2668/3250 train_time:427.692s step_avg:160.30ms
step:2669/3250 train_time:427.853s step_avg:160.30ms
step:2670/3250 train_time:428.014s step_avg:160.30ms
step:2671/3250 train_time:428.174s step_avg:160.30ms
step:2672/3250 train_time:428.335s step_avg:160.30ms
step:2673/3250 train_time:428.495s step_avg:160.30ms
step:2674/3250 train_time:428.655s step_avg:160.30ms
step:2675/3250 train_time:428.818s step_avg:160.31ms
step:2676/3250 train_time:428.977s step_avg:160.31ms
step:2677/3250 train_time:429.142s step_avg:160.31ms
step:2678/3250 train_time:429.303s step_avg:160.31ms
step:2679/3250 train_time:429.466s step_avg:160.31ms
step:2680/3250 train_time:429.628s step_avg:160.31ms
step:2681/3250 train_time:429.788s step_avg:160.31ms
step:2682/3250 train_time:429.950s step_avg:160.31ms
step:2683/3250 train_time:430.111s step_avg:160.31ms
step:2684/3250 train_time:430.271s step_avg:160.31ms
step:2685/3250 train_time:430.432s step_avg:160.31ms
step:2686/3250 train_time:430.592s step_avg:160.31ms
step:2687/3250 train_time:430.753s step_avg:160.31ms
step:2688/3250 train_time:430.912s step_avg:160.31ms
step:2689/3250 train_time:431.072s step_avg:160.31ms
step:2690/3250 train_time:431.233s step_avg:160.31ms
step:2691/3250 train_time:431.392s step_avg:160.31ms
step:2692/3250 train_time:431.554s step_avg:160.31ms
step:2693/3250 train_time:431.715s step_avg:160.31ms
step:2694/3250 train_time:431.874s step_avg:160.31ms
step:2695/3250 train_time:432.036s step_avg:160.31ms
step:2696/3250 train_time:432.197s step_avg:160.31ms
step:2697/3250 train_time:432.365s step_avg:160.31ms
step:2698/3250 train_time:432.527s step_avg:160.31ms
step:2699/3250 train_time:432.687s step_avg:160.31ms
step:2700/3250 train_time:432.849s step_avg:160.31ms
step:2701/3250 train_time:433.009s step_avg:160.31ms
step:2702/3250 train_time:433.170s step_avg:160.31ms
step:2703/3250 train_time:433.330s step_avg:160.31ms
step:2704/3250 train_time:433.490s step_avg:160.31ms
step:2705/3250 train_time:433.653s step_avg:160.32ms
step:2706/3250 train_time:433.816s step_avg:160.32ms
step:2707/3250 train_time:433.975s step_avg:160.32ms
step:2708/3250 train_time:434.135s step_avg:160.32ms
step:2709/3250 train_time:434.295s step_avg:160.32ms
step:2710/3250 train_time:434.458s step_avg:160.32ms
step:2711/3250 train_time:434.619s step_avg:160.32ms
step:2712/3250 train_time:434.780s step_avg:160.32ms
step:2713/3250 train_time:434.941s step_avg:160.32ms
step:2714/3250 train_time:435.102s step_avg:160.32ms
step:2715/3250 train_time:435.265s step_avg:160.32ms
step:2716/3250 train_time:435.427s step_avg:160.32ms
step:2717/3250 train_time:435.589s step_avg:160.32ms
step:2718/3250 train_time:435.750s step_avg:160.32ms
step:2719/3250 train_time:435.911s step_avg:160.32ms
step:2720/3250 train_time:436.072s step_avg:160.32ms
step:2721/3250 train_time:436.234s step_avg:160.32ms
step:2722/3250 train_time:436.394s step_avg:160.32ms
step:2723/3250 train_time:436.558s step_avg:160.32ms
step:2724/3250 train_time:436.719s step_avg:160.32ms
step:2725/3250 train_time:436.881s step_avg:160.32ms
step:2726/3250 train_time:437.042s step_avg:160.32ms
step:2727/3250 train_time:437.204s step_avg:160.32ms
step:2728/3250 train_time:437.366s step_avg:160.32ms
step:2729/3250 train_time:437.527s step_avg:160.33ms
step:2730/3250 train_time:437.688s step_avg:160.33ms
step:2731/3250 train_time:437.850s step_avg:160.33ms
step:2732/3250 train_time:438.010s step_avg:160.33ms
step:2733/3250 train_time:438.171s step_avg:160.33ms
step:2734/3250 train_time:438.331s step_avg:160.33ms
step:2735/3250 train_time:438.492s step_avg:160.33ms
step:2736/3250 train_time:438.654s step_avg:160.33ms
step:2737/3250 train_time:438.814s step_avg:160.33ms
step:2738/3250 train_time:438.974s step_avg:160.33ms
step:2739/3250 train_time:439.136s step_avg:160.33ms
step:2740/3250 train_time:439.300s step_avg:160.33ms
step:2741/3250 train_time:439.462s step_avg:160.33ms
step:2742/3250 train_time:439.622s step_avg:160.33ms
step:2743/3250 train_time:439.782s step_avg:160.33ms
step:2744/3250 train_time:439.944s step_avg:160.33ms
step:2745/3250 train_time:440.105s step_avg:160.33ms
step:2746/3250 train_time:440.270s step_avg:160.33ms
step:2747/3250 train_time:440.431s step_avg:160.33ms
step:2748/3250 train_time:440.592s step_avg:160.33ms
step:2749/3250 train_time:440.754s step_avg:160.33ms
step:2750/3250 train_time:440.915s step_avg:160.33ms
step:2750/3250 val_loss:3.32797 train_time:440.915s step_avg:161.71ms
probe_ema: n=84934656 align=-0.12415,-0.12996,-0.13526,-0.13931,-0.14134,-0.14094,-0.13804,-0.13286 rel_mse=1.03779,1.02921,1.02234,1.01688,1.01257,1.00919,1.00661,1.00468
step:2751/3250 train_time:441.081s step_avg:160.33ms
step:2752/3250 train_time:441.242s step_avg:160.33ms
step:2753/3250 train_time:441.404s step_avg:160.34ms
step:2754/3250 train_time:441.565s step_avg:160.34ms
step:2755/3250 train_time:441.725s step_avg:160.34ms
step:2756/3250 train_time:441.886s step_avg:160.34ms
step:2757/3250 train_time:442.046s step_avg:160.34ms
step:2758/3250 train_time:442.206s step_avg:160.34ms
step:2759/3250 train_time:442.365s step_avg:160.34ms
step:2760/3250 train_time:442.525s step_avg:160.34ms
step:2761/3250 train_time:442.686s step_avg:160.34ms
step:2762/3250 train_time:442.847s step_avg:160.34ms
step:2763/3250 train_time:443.008s step_avg:160.34ms
step:2764/3250 train_time:443.169s step_avg:160.34ms
step:2765/3250 train_time:443.330s step_avg:160.34ms
step:2766/3250 train_time:443.493s step_avg:160.34ms
step:2767/3250 train_time:443.657s step_avg:160.34ms
step:2768/3250 train_time:443.817s step_avg:160.34ms
step:2769/3250 train_time:443.978s step_avg:160.34ms
step:2770/3250 train_time:444.139s step_avg:160.34ms
step:2771/3250 train_time:444.301s step_avg:160.34ms
step:2772/3250 train_time:444.462s step_avg:160.34ms
step:2773/3250 train_time:444.623s step_avg:160.34ms
step:2774/3250 train_time:444.784s step_avg:160.34ms
step:2775/3250 train_time:444.944s step_avg:160.34ms
step:2776/3250 train_time:445.106s step_avg:160.34ms
step:2777/3250 train_time:445.267s step_avg:160.34ms
step:2778/3250 train_time:445.426s step_avg:160.34ms
step:2779/3250 train_time:445.586s step_avg:160.34ms
step:2780/3250 train_time:445.746s step_avg:160.34ms
step:2781/3250 train_time:445.908s step_avg:160.34ms
step:2782/3250 train_time:446.072s step_avg:160.34ms
step:2783/3250 train_time:446.232s step_avg:160.34ms
step:2784/3250 train_time:446.393s step_avg:160.34ms
step:2785/3250 train_time:446.554s step_avg:160.34ms
step:2786/3250 train_time:446.717s step_avg:160.34ms
step:2787/3250 train_time:446.878s step_avg:160.34ms
step:2788/3250 train_time:447.039s step_avg:160.34ms
step:2789/3250 train_time:447.201s step_avg:160.34ms
step:2790/3250 train_time:447.360s step_avg:160.34ms
step:2791/3250 train_time:447.522s step_avg:160.34ms
step:2792/3250 train_time:447.684s step_avg:160.35ms
step:2793/3250 train_time:447.845s step_avg:160.35ms
step:2794/3250 train_time:448.006s step_avg:160.35ms
step:2795/3250 train_time:448.168s step_avg:160.35ms
step:2796/3250 train_time:448.329s step_avg:160.35ms
step:2797/3250 train_time:448.491s step_avg:160.35ms
step:2798/3250 train_time:448.651s step_avg:160.35ms
step:2799/3250 train_time:448.813s step_avg:160.35ms
step:2800/3250 train_time:448.976s step_avg:160.35ms
step:2801/3250 train_time:449.137s step_avg:160.35ms
step:2802/3250 train_time:449.300s step_avg:160.35ms
step:2803/3250 train_time:449.459s step_avg:160.35ms
step:2804/3250 train_time:449.620s step_avg:160.35ms
step:2805/3250 train_time:449.781s step_avg:160.35ms
step:2806/3250 train_time:449.943s step_avg:160.35ms
step:2807/3250 train_time:450.104s step_avg:160.35ms
step:2808/3250 train_time:450.263s step_avg:160.35ms
step:2809/3250 train_time:450.424s step_avg:160.35ms
step:2810/3250 train_time:450.585s step_avg:160.35ms
step:2811/3250 train_time:450.745s step_avg:160.35ms
step:2812/3250 train_time:450.906s step_avg:160.35ms
step:2813/3250 train_time:451.067s step_avg:160.35ms
step:2814/3250 train_time:451.226s step_avg:160.35ms
step:2815/3250 train_time:451.386s step_avg:160.35ms
step:2816/3250 train_time:451.546s step_avg:160.35ms
step:2817/3250 train_time:451.708s step_avg:160.35ms
step:2818/3250 train_time:451.872s step_avg:160.35ms
step:2819/3250 train_time:452.032s step_avg:160.35ms
step:2820/3250 train_time:452.192s step_avg:160.35ms
step:2821/3250 train_time:452.351s step_avg:160.35ms
step:2822/3250 train_time:452.513s step_avg:160.35ms
step:2823/3250 train_time:452.675s step_avg:160.35ms
step:2824/3250 train_time:452.836s step_avg:160.35ms
step:2825/3250 train_time:452.997s step_avg:160.35ms
step:2826/3250 train_time:453.158s step_avg:160.35ms
step:2827/3250 train_time:453.319s step_avg:160.35ms
step:2828/3250 train_time:453.482s step_avg:160.35ms
step:2829/3250 train_time:453.641s step_avg:160.35ms
step:2830/3250 train_time:453.803s step_avg:160.35ms
step:2831/3250 train_time:453.963s step_avg:160.35ms
step:2832/3250 train_time:454.124s step_avg:160.35ms
step:2833/3250 train_time:454.285s step_avg:160.35ms
step:2834/3250 train_time:454.446s step_avg:160.35ms
step:2835/3250 train_time:454.607s step_avg:160.36ms
step:2836/3250 train_time:454.767s step_avg:160.35ms
step:2837/3250 train_time:454.926s step_avg:160.35ms
step:2838/3250 train_time:455.087s step_avg:160.35ms
step:2839/3250 train_time:455.247s step_avg:160.35ms
step:2840/3250 train_time:455.411s step_avg:160.36ms
step:2841/3250 train_time:455.571s step_avg:160.36ms
step:2842/3250 train_time:455.731s step_avg:160.36ms
step:2843/3250 train_time:455.894s step_avg:160.36ms
step:2844/3250 train_time:456.054s step_avg:160.36ms
step:2845/3250 train_time:456.217s step_avg:160.36ms
step:2846/3250 train_time:456.380s step_avg:160.36ms
step:2847/3250 train_time:456.541s step_avg:160.36ms
step:2848/3250 train_time:456.703s step_avg:160.36ms
step:2849/3250 train_time:456.863s step_avg:160.36ms
step:2850/3250 train_time:457.023s step_avg:160.36ms
step:2851/3250 train_time:457.244s step_avg:160.38ms
step:2852/3250 train_time:457.405s step_avg:160.38ms
step:2853/3250 train_time:457.568s step_avg:160.38ms
step:2854/3250 train_time:457.728s step_avg:160.38ms
step:2855/3250 train_time:457.891s step_avg:160.38ms
step:2856/3250 train_time:458.053s step_avg:160.38ms
step:2857/3250 train_time:458.216s step_avg:160.38ms
step:2858/3250 train_time:458.377s step_avg:160.38ms
step:2859/3250 train_time:458.541s step_avg:160.38ms
step:2860/3250 train_time:458.702s step_avg:160.39ms
step:2861/3250 train_time:458.862s step_avg:160.39ms
step:2862/3250 train_time:459.023s step_avg:160.39ms
step:2863/3250 train_time:459.184s step_avg:160.39ms
step:2864/3250 train_time:459.344s step_avg:160.39ms
step:2865/3250 train_time:459.504s step_avg:160.39ms
step:2866/3250 train_time:459.665s step_avg:160.39ms
step:2867/3250 train_time:459.825s step_avg:160.39ms
step:2868/3250 train_time:459.986s step_avg:160.39ms
step:2869/3250 train_time:460.147s step_avg:160.39ms
step:2870/3250 train_time:460.309s step_avg:160.39ms
step:2871/3250 train_time:460.470s step_avg:160.39ms
step:2872/3250 train_time:460.631s step_avg:160.39ms
step:2873/3250 train_time:460.794s step_avg:160.39ms
step:2874/3250 train_time:460.954s step_avg:160.39ms
step:2875/3250 train_time:461.116s step_avg:160.39ms
step:2875/3250 val_loss:3.31129 train_time:461.116s step_avg:161.61ms
probe_ema: n=84934656 align=-0.10129,-0.11572,-0.12766,-0.13625,-0.14130,-0.14292,-0.14130,-0.13685 rel_mse=1.03879,1.03122,1.02467,1.01906,1.01439,1.01062,1.00768,1.00545
step:2876/3250 train_time:461.280s step_avg:160.39ms
step:2877/3250 train_time:461.442s step_avg:160.39ms
step:2878/3250 train_time:461.603s step_avg:160.39ms
step:2879/3250 train_time:461.765s step_avg:160.39ms
step:2880/3250 train_time:461.928s step_avg:160.39ms
step:2881/3250 train_time:462.090s step_avg:160.39ms
step:2882/3250 train_time:462.251s step_avg:160.39ms
step:2883/3250 train_time:462.410s step_avg:160.39ms
step:2884/3250 train_time:462.572s step_avg:160.39ms
step:2885/3250 train_time:462.732s step_avg:160.39ms
step:2886/3250 train_time:462.894s step_avg:160.39ms
step:2887/3250 train_time:463.055s step_avg:160.39ms
step:2888/3250 train_time:463.216s step_avg:160.39ms
step:2889/3250 train_time:463.375s step_avg:160.39ms
step:2890/3250 train_time:463.537s step_avg:160.39ms
step:2891/3250 train_time:463.697s step_avg:160.39ms
step:2892/3250 train_time:463.860s step_avg:160.39ms
step:2893/3250 train_time:464.022s step_avg:160.39ms
step:2894/3250 train_time:464.183s step_avg:160.39ms
step:2895/3250 train_time:464.345s step_avg:160.40ms
step:2896/3250 train_time:464.506s step_avg:160.40ms
step:2897/3250 train_time:464.669s step_avg:160.40ms
step:2898/3250 train_time:464.830s step_avg:160.40ms
step:2899/3250 train_time:464.990s step_avg:160.40ms
step:2900/3250 train_time:465.152s step_avg:160.40ms
step:2900/3250 val_loss:3.30790 train_time:465.152s step_avg:161.45ms
probe_ema: n=84934656 align=-0.07179,-0.09025,-0.10540,-0.11668,-0.12392,-0.12725,-0.12694,-0.12353 rel_mse=1.03267,1.02714,1.02184,1.01707,1.01299,1.00965,1.00700,1.00498
step:2901/3250 train_time:465.317s step_avg:160.40ms
step:2902/3250 train_time:465.481s step_avg:160.40ms
step:2903/3250 train_time:465.644s step_avg:160.40ms
step:2904/3250 train_time:465.804s step_avg:160.40ms
step:2905/3250 train_time:465.964s step_avg:160.40ms
step:2906/3250 train_time:466.124s step_avg:160.40ms
step:2907/3250 train_time:466.287s step_avg:160.40ms
step:2908/3250 train_time:466.448s step_avg:160.40ms
step:2909/3250 train_time:466.610s step_avg:160.40ms
step:2910/3250 train_time:466.773s step_avg:160.40ms
step:2910/3250 val_loss:3.30615 train_time:466.774s step_avg:162.21ms
probe_ema: n=84934656 align=-0.06682,-0.08069,-0.09331,-0.10343,-0.11029,-0.11369,-0.11373,-0.11066 rel_mse=1.03069,1.02465,1.01964,1.01540,1.01182,1.00885,1.00647,1.00461
step:2911/3250 train_time:466.940s step_avg:160.41ms
step:2912/3250 train_time:467.102s step_avg:160.41ms
step:2913/3250 train_time:467.263s step_avg:160.41ms
step:2914/3250 train_time:467.425s step_avg:160.41ms
step:2915/3250 train_time:467.586s step_avg:160.41ms
step:2916/3250 train_time:467.748s step_avg:160.41ms
step:2917/3250 train_time:467.909s step_avg:160.41ms
step:2918/3250 train_time:468.071s step_avg:160.41ms
step:2919/3250 train_time:468.231s step_avg:160.41ms
step:2920/3250 train_time:468.392s step_avg:160.41ms
step:2920/3250 val_loss:3.30470 train_time:468.393s step_avg:161.81ms
probe_ema: n=84934656 align=-0.12236,-0.12816,-0.13347,-0.13744,-0.13950,-0.13928,-0.13666,-0.13174 rel_mse=1.04653,1.03542,1.02668,1.01990,1.01468,1.01069,1.00768,1.00544
step:2921/3250 train_time:468.557s step_avg:160.41ms
step:2922/3250 train_time:468.718s step_avg:160.41ms
step:2923/3250 train_time:468.880s step_avg:160.41ms
step:2924/3250 train_time:469.041s step_avg:160.41ms
step:2925/3250 train_time:469.202s step_avg:160.41ms
step:2925/3250 val_loss:3.30405 train_time:469.202s step_avg:161.95ms
probe_ema: n=84934656 align=-0.09206,-0.10200,-0.11110,-0.11820,-0.12275,-0.12451,-0.12342,-0.11968 rel_mse=1.03780,1.02940,1.02272,1.01736,1.01306,1.00967,1.00703,1.00501
step:2926/3250 train_time:469.369s step_avg:160.41ms
step:2927/3250 train_time:469.530s step_avg:160.41ms
step:2928/3250 train_time:469.691s step_avg:160.41ms
step:2929/3250 train_time:469.852s step_avg:160.41ms
step:2930/3250 train_time:470.012s step_avg:160.41ms
step:2930/3250 val_loss:3.30394 train_time:470.012s step_avg:161.96ms
probe_ema: n=84934656 align=-0.13042,-0.13969,-0.14596,-0.14901,-0.14911,-0.14668,-0.14205,-0.13547 rel_mse=1.04391,1.03411,1.02596,1.01937,1.01420,1.01025,1.00730,1.00512
step:2931/3250 train_time:470.178s step_avg:160.42ms
step:2932/3250 train_time:470.339s step_avg:160.42ms
step:2933/3250 train_time:470.500s step_avg:160.42ms
step:2934/3250 train_time:470.659s step_avg:160.42ms
step:2935/3250 train_time:470.821s step_avg:160.42ms
step:2936/3250 train_time:470.980s step_avg:160.42ms
step:2937/3250 train_time:471.141s step_avg:160.42ms
step:2938/3250 train_time:471.301s step_avg:160.42ms
step:2939/3250 train_time:471.462s step_avg:160.42ms
step:2940/3250 train_time:471.623s step_avg:160.42ms
step:2940/3250 val_loss:3.30244 train_time:471.624s step_avg:161.17ms
probe_ema: n=84934656 align=-0.05178,-0.06856,-0.08446,-0.09770,-0.10702,-0.11210,-0.11324,-0.11102 rel_mse=1.03098,1.02495,1.02001,1.01582,1.01223,1.00921,1.00677,1.00485
step:2941/3250 train_time:471.788s step_avg:160.42ms
step:2942/3250 train_time:471.950s step_avg:160.42ms
step:2943/3250 train_time:472.111s step_avg:160.42ms
step:2944/3250 train_time:472.271s step_avg:160.42ms
step:2945/3250 train_time:472.433s step_avg:160.42ms
step:2946/3250 train_time:472.594s step_avg:160.42ms
step:2947/3250 train_time:472.756s step_avg:160.42ms
step:2948/3250 train_time:472.917s step_avg:160.42ms
step:2949/3250 train_time:473.076s step_avg:160.42ms
step:2950/3250 train_time:473.237s step_avg:160.42ms
step:2950/3250 val_loss:3.30102 train_time:473.238s step_avg:161.40ms
probe_ema: n=84934656 align=-0.09727,-0.10830,-0.11738,-0.12398,-0.12771,-0.12852,-0.12660,-0.12225 rel_mse=1.04007,1.03138,1.02422,1.01840,1.01376,1.01010,1.00730,1.00518
step:2951/3250 train_time:473.401s step_avg:160.42ms
step:2952/3250 train_time:473.563s step_avg:160.42ms
step:2953/3250 train_time:473.724s step_avg:160.42ms
step:2954/3250 train_time:473.885s step_avg:160.42ms
step:2955/3250 train_time:474.045s step_avg:160.42ms
step:2956/3250 train_time:474.205s step_avg:160.42ms
step:2957/3250 train_time:474.365s step_avg:160.42ms
step:2958/3250 train_time:474.525s step_avg:160.42ms
step:2959/3250 train_time:474.686s step_avg:160.42ms
step:2960/3250 train_time:474.846s step_avg:160.42ms
step:2960/3250 val_loss:3.29975 train_time:474.846s step_avg:160.85ms
probe_ema: n=84934656 align=-0.07805,-0.09025,-0.10153,-0.11059,-0.11651,-0.11907,-0.11855,-0.11541 rel_mse=1.03658,1.02871,1.02225,1.01700,1.01277,1.00940,1.00680,1.00484
step:2961/3250 train_time:475.010s step_avg:160.42ms
step:2962/3250 train_time:475.171s step_avg:160.42ms
step:2963/3250 train_time:475.332s step_avg:160.42ms
step:2964/3250 train_time:475.492s step_avg:160.42ms
step:2965/3250 train_time:475.653s step_avg:160.42ms
step:2966/3250 train_time:475.814s step_avg:160.42ms
step:2967/3250 train_time:475.974s step_avg:160.42ms
step:2968/3250 train_time:476.137s step_avg:160.42ms
step:2969/3250 train_time:476.298s step_avg:160.42ms
step:2970/3250 train_time:476.459s step_avg:160.42ms
step:2970/3250 val_loss:3.29851 train_time:476.459s step_avg:161.26ms
probe_ema: n=84934656 align=-0.05161,-0.06749,-0.08206,-0.09410,-0.10272,-0.10760,-0.10887,-0.10692 rel_mse=1.03196,1.02553,1.02031,1.01599,1.01233,1.00928,1.00681,1.00488
step:2971/3250 train_time:476.622s step_avg:160.42ms
step:2972/3250 train_time:476.785s step_avg:160.43ms
step:2973/3250 train_time:476.947s step_avg:160.43ms
step:2974/3250 train_time:477.107s step_avg:160.43ms
step:2975/3250 train_time:477.267s step_avg:160.43ms
step:2975/3250 val_loss:3.29810 train_time:477.267s step_avg:161.61ms
probe_ema: n=84934656 align=-0.06619,-0.08624,-0.10152,-0.11233,-0.11891,-0.12159,-0.12087,-0.11732 rel_mse=1.03434,1.02892,1.02333,1.01819,1.01380,1.01021,1.00739,1.00524
step:2976/3250 train_time:477.432s step_avg:160.43ms
step:2977/3250 train_time:477.595s step_avg:160.43ms
step:2978/3250 train_time:477.757s step_avg:160.43ms
step:2979/3250 train_time:477.918s step_avg:160.43ms
step:2980/3250 train_time:478.078s step_avg:160.43ms
step:2980/3250 val_loss:3.29738 train_time:478.078s step_avg:162.22ms
probe_ema: n=84934656 align=-0.06210,-0.07766,-0.09115,-0.10166,-0.10869,-0.11216,-0.11233,-0.10966 rel_mse=1.03332,1.02692,1.02145,1.01678,1.01285,1.00960,1.00701,1.00501
step:2981/3250 train_time:478.242s step_avg:160.43ms
step:2982/3250 train_time:478.406s step_avg:160.43ms
step:2983/3250 train_time:478.568s step_avg:160.43ms
step:2984/3250 train_time:478.727s step_avg:160.43ms
step:2985/3250 train_time:478.889s step_avg:160.43ms
step:2986/3250 train_time:479.049s step_avg:160.43ms
step:2987/3250 train_time:479.211s step_avg:160.43ms
step:2988/3250 train_time:479.373s step_avg:160.43ms
step:2989/3250 train_time:479.533s step_avg:160.43ms
step:2990/3250 train_time:479.694s step_avg:160.43ms
step:2990/3250 val_loss:3.29651 train_time:479.694s step_avg:161.59ms
probe_ema: n=84934656 align=-0.17501,-0.17678,-0.17820,-0.17830,-0.17615,-0.17143,-0.16439,-0.15554 rel_mse=1.06623,1.04873,1.03546,1.02556,1.01825,1.01289,1.00901,1.00623
step:2991/3250 train_time:479.859s step_avg:160.43ms
step:2992/3250 train_time:480.020s step_avg:160.43ms
step:2993/3250 train_time:480.182s step_avg:160.43ms
step:2994/3250 train_time:480.343s step_avg:160.44ms
step:2995/3250 train_time:480.504s step_avg:160.44ms
step:2996/3250 train_time:480.664s step_avg:160.44ms
step:2997/3250 train_time:480.826s step_avg:160.44ms
step:2998/3250 train_time:480.986s step_avg:160.44ms
step:2999/3250 train_time:481.149s step_avg:160.44ms
step:3000/3250 train_time:481.310s step_avg:160.44ms
step:3000/3250 val_loss:3.29516 train_time:481.310s step_avg:161.59ms
probe_ema: n=84934656 align=-0.03541,-0.05399,-0.07131,-0.08574,-0.09620,-0.10238,-0.10463,-0.10365 rel_mse=1.02672,1.02245,1.01867,1.01518,1.01196,1.00913,1.00676,1.00489
step:3001/3250 train_time:481.474s step_avg:160.44ms
step:3002/3250 train_time:481.638s step_avg:160.44ms
step:3003/3250 train_time:481.802s step_avg:160.44ms
step:3004/3250 train_time:481.964s step_avg:160.44ms
step:3005/3250 train_time:482.125s step_avg:160.44ms
step:3006/3250 train_time:482.286s step_avg:160.44ms
step:3007/3250 train_time:482.448s step_avg:160.44ms
step:3008/3250 train_time:482.609s step_avg:160.44ms
step:3009/3250 train_time:482.770s step_avg:160.44ms
step:3010/3250 train_time:482.930s step_avg:160.44ms
step:3010/3250 val_loss:3.29382 train_time:482.930s step_avg:162.06ms
probe_ema: n=84934656 align=-0.07529,-0.08894,-0.10030,-0.10907,-0.11485,-0.11729,-0.11646,-0.11279 rel_mse=1.03779,1.03017,1.02362,1.01816,1.01371,1.01014,1.00734,1.00520
step:3011/3250 train_time:483.094s step_avg:160.44ms
step:3012/3250 train_time:483.256s step_avg:160.44ms
step:3013/3250 train_time:483.418s step_avg:160.44ms
step:3014/3250 train_time:483.579s step_avg:160.44ms
step:3015/3250 train_time:483.739s step_avg:160.44ms
step:3016/3250 train_time:483.899s step_avg:160.44ms
step:3017/3250 train_time:484.060s step_avg:160.44ms
step:3018/3250 train_time:484.221s step_avg:160.44ms
step:3019/3250 train_time:484.382s step_avg:160.44ms
step:3020/3250 train_time:484.544s step_avg:160.44ms
step:3020/3250 val_loss:3.29222 train_time:484.544s step_avg:161.36ms
probe_ema: n=84934656 align=-0.08352,-0.09340,-0.10242,-0.10959,-0.11433,-0.11631,-0.11554,-0.11238 rel_mse=1.03894,1.03027,1.02329,1.01770,1.01328,1.00981,1.00713,1.00509
step:3021/3250 train_time:484.709s step_avg:160.45ms
step:3022/3250 train_time:484.871s step_avg:160.45ms
step:3023/3250 train_time:485.032s step_avg:160.45ms
step:3024/3250 train_time:485.192s step_avg:160.45ms
step:3025/3250 train_time:485.352s step_avg:160.45ms
step:3025/3250 val_loss:3.29144 train_time:485.353s step_avg:161.75ms
probe_ema: n=84934656 align=-0.08209,-0.09081,-0.09917,-0.10600,-0.11054,-0.11240,-0.11150,-0.10815 rel_mse=1.03579,1.02778,1.02145,1.01640,1.01236,1.00916,1.00666,1.00476
step:3026/3250 train_time:485.518s step_avg:160.45ms
step:3027/3250 train_time:485.679s step_avg:160.45ms
step:3028/3250 train_time:485.840s step_avg:160.45ms
step:3029/3250 train_time:485.999s step_avg:160.45ms
step:3030/3250 train_time:486.161s step_avg:160.45ms
step:3030/3250 val_loss:3.29078 train_time:486.161s step_avg:161.66ms
probe_ema: n=84934656 align=-0.08174,-0.09369,-0.10332,-0.11010,-0.11387,-0.11472,-0.11287,-0.10876 rel_mse=1.03740,1.02949,1.02284,1.01736,1.01295,1.00948,1.00683,1.00483
step:3031/3250 train_time:486.329s step_avg:160.45ms
step:3032/3250 train_time:486.491s step_avg:160.45ms
step:3033/3250 train_time:486.652s step_avg:160.45ms
step:3034/3250 train_time:486.813s step_avg:160.45ms
step:3035/3250 train_time:486.975s step_avg:160.45ms
step:3036/3250 train_time:487.135s step_avg:160.45ms
step:3037/3250 train_time:487.298s step_avg:160.45ms
step:3038/3250 train_time:487.458s step_avg:160.45ms
step:3039/3250 train_time:487.620s step_avg:160.45ms
step:3040/3250 train_time:487.782s step_avg:160.45ms
step:3040/3250 val_loss:3.28957 train_time:487.782s step_avg:162.12ms
probe_ema: n=84934656 align=-0.02554,-0.04273,-0.05871,-0.07195,-0.08162,-0.08755,-0.08995,-0.08931 rel_mse=1.02688,1.02215,1.01809,1.01447,1.01128,1.00856,1.00633,1.00457
step:3041/3250 train_time:488.005s step_avg:160.48ms
step:3042/3250 train_time:488.166s step_avg:160.48ms
step:3043/3250 train_time:488.328s step_avg:160.48ms
step:3044/3250 train_time:488.488s step_avg:160.48ms
step:3045/3250 train_time:488.650s step_avg:160.48ms
step:3046/3250 train_time:488.812s step_avg:160.48ms
step:3047/3250 train_time:488.975s step_avg:160.48ms
step:3048/3250 train_time:489.139s step_avg:160.48ms
step:3049/3250 train_time:489.300s step_avg:160.48ms
step:3050/3250 train_time:489.461s step_avg:160.48ms
step:3050/3250 val_loss:3.28859 train_time:489.462s step_avg:168.00ms
probe_ema: n=84934656 align=-0.11490,-0.12118,-0.12737,-0.13200,-0.13398,-0.13298,-0.12923,-0.12330 rel_mse=1.05320,1.03922,1.02899,1.02138,1.01561,1.01123,1.00796,1.00556
step:3051/3250 train_time:489.628s step_avg:160.48ms
step:3052/3250 train_time:489.789s step_avg:160.48ms
step:3053/3250 train_time:489.951s step_avg:160.48ms
step:3054/3250 train_time:490.111s step_avg:160.48ms
step:3055/3250 train_time:490.273s step_avg:160.48ms
step:3056/3250 train_time:490.433s step_avg:160.48ms
step:3057/3250 train_time:490.596s step_avg:160.48ms
step:3058/3250 train_time:490.756s step_avg:160.48ms
step:3059/3250 train_time:490.918s step_avg:160.48ms
step:3060/3250 train_time:491.081s step_avg:160.48ms
step:3060/3250 val_loss:3.28787 train_time:491.081s step_avg:161.83ms
probe_ema: n=84934656 align=0.00156,-0.03111,-0.05793,-0.07758,-0.09029,-0.09708,-0.09919,-0.09786 rel_mse=1.01775,1.01840,1.01718,1.01474,1.01185,1.00908,1.00670,1.00481
step:3061/3250 train_time:491.243s step_avg:160.48ms
step:3062/3250 train_time:491.405s step_avg:160.48ms
step:3063/3250 train_time:491.566s step_avg:160.49ms
step:3064/3250 train_time:491.727s step_avg:160.49ms
step:3065/3250 train_time:491.887s step_avg:160.49ms
step:3066/3250 train_time:492.050s step_avg:160.49ms
step:3067/3250 train_time:492.211s step_avg:160.49ms
step:3068/3250 train_time:492.373s step_avg:160.49ms
step:3069/3250 train_time:492.533s step_avg:160.49ms
step:3070/3250 train_time:492.695s step_avg:160.49ms
step:3070/3250 val_loss:3.28652 train_time:492.696s step_avg:161.57ms
probe_ema: n=84934656 align=-0.06816,-0.08147,-0.09393,-0.10431,-0.11139,-0.11458,-0.11415,-0.11087 rel_mse=1.03453,1.02755,1.02181,1.01707,1.01310,1.00981,1.00716,1.00511
step:3071/3250 train_time:492.860s step_avg:160.49ms
step:3072/3250 train_time:493.022s step_avg:160.49ms
step:3073/3250 train_time:493.184s step_avg:160.49ms
step:3074/3250 train_time:493.345s step_avg:160.49ms
step:3075/3250 train_time:493.509s step_avg:160.49ms
step:3075/3250 val_loss:3.28588 train_time:493.509s step_avg:162.50ms
probe_ema: n=84934656 align=-0.05404,-0.07058,-0.08463,-0.09572,-0.10342,-0.10740,-0.10785,-0.10540 rel_mse=1.03394,1.02785,1.02232,1.01749,1.01339,1.01001,1.00731,1.00522
step:3076/3250 train_time:493.676s step_avg:160.49ms
step:3077/3250 train_time:493.840s step_avg:160.49ms
step:3078/3250 train_time:494.001s step_avg:160.49ms
step:3079/3250 train_time:494.163s step_avg:160.49ms
step:3080/3250 train_time:494.325s step_avg:160.49ms
step:3080/3250 val_loss:3.28531 train_time:494.325s step_avg:163.18ms
probe_ema: n=84934656 align=-0.01258,-0.03601,-0.05665,-0.07326,-0.08531,-0.09265,-0.09570,-0.09531 rel_mse=1.02334,1.02050,1.01749,1.01441,1.01146,1.00880,1.00655,1.00475
step:3081/3250 train_time:494.490s step_avg:160.50ms
step:3082/3250 train_time:494.651s step_avg:160.50ms
step:3083/3250 train_time:494.813s step_avg:160.50ms
step:3084/3250 train_time:494.974s step_avg:160.50ms
step:3085/3250 train_time:495.136s step_avg:160.50ms
step:3086/3250 train_time:495.296s step_avg:160.50ms
step:3087/3250 train_time:495.456s step_avg:160.50ms
step:3088/3250 train_time:495.616s step_avg:160.50ms
step:3089/3250 train_time:495.776s step_avg:160.50ms
step:3090/3250 train_time:495.938s step_avg:160.50ms
step:3090/3250 val_loss:3.28421 train_time:495.938s step_avg:161.36ms
probe_ema: n=84934656 align=-0.10697,-0.11660,-0.12324,-0.12724,-0.12887,-0.12801,-0.12459,-0.11893 rel_mse=1.05268,1.03967,1.02935,1.02147,1.01558,1.01118,1.00792,1.00553
step:3091/3250 train_time:496.101s step_avg:160.50ms
step:3092/3250 train_time:496.263s step_avg:160.50ms
step:3093/3250 train_time:496.423s step_avg:160.50ms
step:3094/3250 train_time:496.584s step_avg:160.50ms
step:3095/3250 train_time:496.745s step_avg:160.50ms
step:3096/3250 train_time:496.906s step_avg:160.50ms
step:3097/3250 train_time:497.068s step_avg:160.50ms
step:3098/3250 train_time:497.230s step_avg:160.50ms
step:3099/3250 train_time:497.390s step_avg:160.50ms
step:3100/3250 train_time:497.552s step_avg:160.50ms
step:3100/3250 val_loss:3.28320 train_time:497.552s step_avg:161.34ms
probe_ema: n=84934656 align=0.00773,-0.01745,-0.04063,-0.05941,-0.07296,-0.08148,-0.08555,-0.08600 rel_mse=1.02007,1.01856,1.01660,1.01413,1.01143,1.00886,1.00662,1.00481
step:3101/3250 train_time:497.718s step_avg:160.50ms
step:3102/3250 train_time:497.879s step_avg:160.50ms
step:3103/3250 train_time:498.040s step_avg:160.50ms
step:3104/3250 train_time:498.200s step_avg:160.50ms
step:3105/3250 train_time:498.360s step_avg:160.50ms
step:3106/3250 train_time:498.521s step_avg:160.50ms
step:3107/3250 train_time:498.682s step_avg:160.50ms
step:3108/3250 train_time:498.843s step_avg:160.50ms
step:3109/3250 train_time:499.005s step_avg:160.50ms
step:3110/3250 train_time:499.166s step_avg:160.50ms
step:3110/3250 val_loss:3.28220 train_time:499.166s step_avg:161.44ms
probe_ema: n=84934656 align=-0.03064,-0.04932,-0.06589,-0.07934,-0.08898,-0.09469,-0.09674,-0.09576 rel_mse=1.03056,1.02563,1.02092,1.01663,1.01287,1.00970,1.00713,1.00512
step:3111/3250 train_time:499.331s step_avg:160.50ms
step:3112/3250 train_time:499.493s step_avg:160.51ms
step:3113/3250 train_time:499.654s step_avg:160.51ms
step:3114/3250 train_time:499.814s step_avg:160.51ms
step:3115/3250 train_time:499.975s step_avg:160.51ms
step:3116/3250 train_time:500.137s step_avg:160.51ms
step:3117/3250 train_time:500.296s step_avg:160.51ms
step:3118/3250 train_time:500.457s step_avg:160.51ms
step:3119/3250 train_time:500.617s step_avg:160.51ms
step:3120/3250 train_time:500.778s step_avg:160.51ms
step:3120/3250 val_loss:3.28137 train_time:500.778s step_avg:161.22ms
probe_ema: n=84934656 align=-0.00339,-0.02931,-0.05067,-0.06685,-0.07799,-0.08462,-0.08741,-0.08712 rel_mse=1.02168,1.02028,1.01778,1.01475,1.01170,1.00894,1.00663,1.00478
step:3121/3250 train_time:500.943s step_avg:160.51ms
step:3122/3250 train_time:501.105s step_avg:160.51ms
step:3123/3250 train_time:501.265s step_avg:160.51ms
step:3124/3250 train_time:501.427s step_avg:160.51ms
step:3125/3250 train_time:501.586s step_avg:160.51ms
step:3125/3250 val_loss:3.28080 train_time:501.586s step_avg:161.51ms
probe_ema: n=84934656 align=0.00445,-0.01493,-0.03401,-0.05038,-0.06279,-0.07099,-0.07526,-0.07617 rel_mse=1.02031,1.01741,1.01499,1.01260,1.01022,1.00798,1.00602,1.00440
step:3126/3250 train_time:501.754s step_avg:160.51ms
step:3127/3250 train_time:501.915s step_avg:160.51ms
step:3128/3250 train_time:502.076s step_avg:160.51ms
step:3129/3250 train_time:502.236s step_avg:160.51ms
step:3130/3250 train_time:502.396s step_avg:160.51ms
step:3130/3250 val_loss:3.28022 train_time:502.396s step_avg:161.99ms
probe_ema: n=84934656 align=-0.01504,-0.03029,-0.04446,-0.05683,-0.06650,-0.07289,-0.07594,-0.07597 rel_mse=1.02479,1.02025,1.01640,1.01314,1.01034,1.00794,1.00592,1.00430
step:3131/3250 train_time:502.561s step_avg:160.51ms
step:3132/3250 train_time:502.725s step_avg:160.51ms
step:3133/3250 train_time:502.886s step_avg:160.51ms
step:3134/3250 train_time:503.045s step_avg:160.51ms
step:3135/3250 train_time:503.206s step_avg:160.51ms
step:3136/3250 train_time:503.366s step_avg:160.51ms
step:3137/3250 train_time:503.525s step_avg:160.51ms
step:3138/3250 train_time:503.685s step_avg:160.51ms
step:3139/3250 train_time:503.846s step_avg:160.51ms
step:3140/3250 train_time:504.007s step_avg:160.51ms
step:3140/3250 val_loss:3.27927 train_time:504.007s step_avg:161.09ms
probe_ema: n=84934656 align=-0.01248,-0.02975,-0.04628,-0.05992,-0.06979,-0.07584,-0.07842,-0.07809 rel_mse=1.02384,1.01985,1.01648,1.01336,1.01050,1.00802,1.00596,1.00431
step:3141/3250 train_time:504.171s step_avg:160.51ms
step:3142/3250 train_time:504.333s step_avg:160.51ms
step:3143/3250 train_time:504.494s step_avg:160.51ms
step:3144/3250 train_time:504.655s step_avg:160.51ms
step:3145/3250 train_time:504.815s step_avg:160.51ms
step:3146/3250 train_time:504.974s step_avg:160.51ms
step:3147/3250 train_time:505.136s step_avg:160.51ms
step:3148/3250 train_time:505.297s step_avg:160.51ms
step:3149/3250 train_time:505.457s step_avg:160.51ms
step:3150/3250 train_time:505.617s step_avg:160.51ms
step:3150/3250 val_loss:3.27835 train_time:505.617s step_avg:161.03ms
probe_ema: n=84934656 align=-0.00777,-0.02065,-0.03289,-0.04380,-0.05259,-0.05868,-0.06190,-0.06245 rel_mse=1.02509,1.01989,1.01577,1.01243,1.00966,1.00736,1.00547,1.00396
step:3151/3250 train_time:505.783s step_avg:160.51ms
step:3152/3250 train_time:505.945s step_avg:160.52ms
step:3153/3250 train_time:506.106s step_avg:160.52ms
step:3154/3250 train_time:506.267s step_avg:160.52ms
step:3155/3250 train_time:506.427s step_avg:160.52ms
step:3156/3250 train_time:506.587s step_avg:160.52ms
step:3157/3250 train_time:506.747s step_avg:160.52ms
step:3158/3250 train_time:506.908s step_avg:160.52ms
step:3159/3250 train_time:507.070s step_avg:160.52ms
step:3160/3250 train_time:507.235s step_avg:160.52ms
step:3160/3250 val_loss:3.27759 train_time:507.235s step_avg:161.78ms
probe_ema: n=84934656 align=0.04410,0.01935,-0.00334,-0.02200,-0.03608,-0.04588,-0.05196,-0.05491 rel_mse=1.01398,1.01381,1.01265,1.01080,1.00874,1.00679,1.00511,1.00374
step:3161/3250 train_time:507.396s step_avg:160.52ms
step:3162/3250 train_time:507.559s step_avg:160.52ms
step:3163/3250 train_time:507.719s step_avg:160.52ms
step:3164/3250 train_time:507.881s step_avg:160.52ms
step:3165/3250 train_time:508.041s step_avg:160.52ms
step:3166/3250 train_time:508.202s step_avg:160.52ms
step:3167/3250 train_time:508.362s step_avg:160.52ms
step:3168/3250 train_time:508.521s step_avg:160.52ms
step:3169/3250 train_time:508.683s step_avg:160.52ms
step:3170/3250 train_time:508.843s step_avg:160.52ms
step:3170/3250 val_loss:3.27685 train_time:508.843s step_avg:160.83ms
probe_ema: n=84934656 align=-0.00056,-0.01855,-0.03466,-0.04778,-0.05733,-0.06339,-0.06637,-0.06680 rel_mse=1.02220,1.01884,1.01578,1.01289,1.01019,1.00777,1.00574,1.00413
step:3171/3250 train_time:509.009s step_avg:160.52ms
step:3172/3250 train_time:509.170s step_avg:160.52ms
step:3173/3250 train_time:509.332s step_avg:160.52ms
step:3174/3250 train_time:509.492s step_avg:160.52ms
step:3175/3250 train_time:509.652s step_avg:160.52ms
step:3175/3250 val_loss:3.27643 train_time:509.653s step_avg:161.90ms
probe_ema: n=84934656 align=0.02793,0.00937,-0.00924,-0.02552,-0.03815,-0.04685,-0.05208,-0.05449 rel_mse=1.01564,1.01349,1.01183,1.01016,1.00838,1.00661,1.00502,1.00368
step:3176/3250 train_time:509.818s step_avg:160.52ms
step:3177/3250 train_time:509.979s step_avg:160.52ms
step:3178/3250 train_time:510.140s step_avg:160.52ms
step:3179/3250 train_time:510.302s step_avg:160.52ms
step:3180/3250 train_time:510.463s step_avg:160.52ms
step:3180/3250 val_loss:3.27608 train_time:510.463s step_avg:162.13ms
probe_ema: n=84934656 align=-0.02867,-0.04067,-0.05201,-0.06149,-0.06829,-0.07213,-0.07335,-0.07252 rel_mse=1.03049,1.02438,1.01932,1.01508,1.01154,1.00864,1.00631,1.00451
step:3181/3250 train_time:510.629s step_avg:160.52ms
step:3182/3250 train_time:510.790s step_avg:160.52ms
step:3183/3250 train_time:510.953s step_avg:160.53ms
step:3184/3250 train_time:511.113s step_avg:160.53ms
step:3185/3250 train_time:511.273s step_avg:160.53ms
step:3186/3250 train_time:511.437s step_avg:160.53ms
step:3187/3250 train_time:511.598s step_avg:160.53ms
step:3188/3250 train_time:511.762s step_avg:160.53ms
step:3189/3250 train_time:511.924s step_avg:160.53ms
step:3190/3250 train_time:512.085s step_avg:160.53ms
step:3190/3250 val_loss:3.27534 train_time:512.085s step_avg:162.18ms
probe_ema: n=84934656 align=0.00681,-0.00756,-0.02236,-0.03527,-0.04517,-0.05171,-0.05516,-0.05621 rel_mse=1.01968,1.01618,1.01350,1.01107,1.00883,1.00682,1.00511,1.00373
step:3191/3250 train_time:512.246s step_avg:160.53ms
step:3192/3250 train_time:512.408s step_avg:160.53ms
step:3193/3250 train_time:512.570s step_avg:160.53ms
step:3194/3250 train_time:512.730s step_avg:160.53ms
step:3195/3250 train_time:512.892s step_avg:160.53ms
step:3196/3250 train_time:513.051s step_avg:160.53ms
step:3197/3250 train_time:513.212s step_avg:160.53ms
step:3198/3250 train_time:513.373s step_avg:160.53ms
step:3199/3250 train_time:513.532s step_avg:160.53ms
step:3200/3250 train_time:513.694s step_avg:160.53ms
step:3200/3250 val_loss:3.27474 train_time:513.695s step_avg:160.94ms
probe_ema: n=84934656 align=0.04070,0.02288,0.00494,-0.01112,-0.02419,-0.03379,-0.03999,-0.04328 rel_mse=1.01140,1.01020,1.00925,1.00815,1.00686,1.00552,1.00426,1.00318
step:3201/3250 train_time:513.858s step_avg:160.53ms
step:3202/3250 train_time:514.018s step_avg:160.53ms
step:3203/3250 train_time:514.179s step_avg:160.53ms
step:3204/3250 train_time:514.342s step_avg:160.53ms
step:3205/3250 train_time:514.502s step_avg:160.53ms
step:3206/3250 train_time:514.663s step_avg:160.53ms
step:3207/3250 train_time:514.825s step_avg:160.53ms
step:3208/3250 train_time:514.988s step_avg:160.53ms
step:3209/3250 train_time:515.150s step_avg:160.53ms
step:3210/3250 train_time:515.311s step_avg:160.53ms
step:3210/3250 val_loss:3.27416 train_time:515.312s step_avg:161.72ms
probe_ema: n=84934656 align=0.06152,0.04078,0.01973,0.00153,-0.01266,-0.02291,-0.02968,-0.03359 rel_mse=1.00569,1.00605,1.00642,1.00621,1.00549,1.00454,1.00356,1.00268
step:3211/3250 train_time:515.476s step_avg:160.53ms
step:3212/3250 train_time:515.638s step_avg:160.53ms
step:3213/3250 train_time:515.799s step_avg:160.54ms
step:3214/3250 train_time:515.961s step_avg:160.54ms
step:3215/3250 train_time:516.123s step_avg:160.54ms
step:3216/3250 train_time:516.284s step_avg:160.54ms
step:3217/3250 train_time:516.444s step_avg:160.54ms
step:3218/3250 train_time:516.603s step_avg:160.54ms
step:3219/3250 train_time:516.764s step_avg:160.54ms
step:3220/3250 train_time:516.924s step_avg:160.54ms
step:3220/3250 val_loss:3.27363 train_time:516.924s step_avg:161.25ms
probe_ema: n=84934656 align=0.01546,0.01017,0.00321,-0.00465,-0.01249,-0.01946,-0.02497,-0.02878 rel_mse=1.02016,1.01463,1.01095,1.00834,1.00639,1.00487,1.00366,1.00270
step:3221/3250 train_time:517.090s step_avg:160.54ms
step:3222/3250 train_time:517.251s step_avg:160.54ms
step:3223/3250 train_time:517.412s step_avg:160.54ms
step:3224/3250 train_time:517.572s step_avg:160.54ms
step:3225/3250 train_time:517.734s step_avg:160.54ms
step:3225/3250 val_loss:3.27343 train_time:517.734s step_avg:161.99ms
probe_ema: n=84934656 align=0.02785,0.01936,0.00984,0.00024,-0.00861,-0.01611,-0.02194,-0.02603 rel_mse=1.01623,1.01186,1.00909,1.00719,1.00570,1.00445,1.00340,1.00253
step:3226/3250 train_time:517.899s step_avg:160.54ms
step:3227/3250 train_time:518.061s step_avg:160.54ms
step:3228/3250 train_time:518.222s step_avg:160.54ms
step:3229/3250 train_time:518.384s step_avg:160.54ms
step:3230/3250 train_time:518.546s step_avg:160.54ms
step:3230/3250 val_loss:3.27329 train_time:518.546s step_avg:162.31ms
probe_ema: n=84934656 align=0.05479,0.04055,0.02676,0.01417,0.00314,-0.00601,-0.01310,-0.01820 rel_mse=1.00825,1.00681,1.00580,1.00497,1.00421,1.00345,1.00272,1.00207
step:3231/3250 train_time:518.768s step_avg:160.56ms
step:3232/3250 train_time:518.931s step_avg:160.56ms
step:3233/3250 train_time:519.091s step_avg:160.56ms
step:3234/3250 train_time:519.252s step_avg:160.56ms
step:3235/3250 train_time:519.414s step_avg:160.56ms
step:3236/3250 train_time:519.575s step_avg:160.56ms
step:3237/3250 train_time:519.735s step_avg:160.56ms
step:3238/3250 train_time:519.895s step_avg:160.56ms
step:3239/3250 train_time:520.056s step_avg:160.56ms
step:3240/3250 train_time:520.219s step_avg:160.56ms
step:3240/3250 val_loss:3.27301 train_time:520.219s step_avg:167.36ms
probe_ema: n=84934656 align=-0.00013,-0.00073,-0.00291,-0.00622,-0.01031,-0.01468,-0.01877,-0.02215 rel_mse=1.02384,1.01666,1.01160,1.00810,1.00575,1.00416,1.00304,1.00221
step:3241/3250 train_time:520.383s step_avg:160.56ms
step:3242/3250 train_time:520.543s step_avg:160.56ms
step:3243/3250 train_time:520.703s step_avg:160.56ms
step:3244/3250 train_time:520.866s step_avg:160.56ms
step:3245/3250 train_time:521.027s step_avg:160.56ms
step:3246/3250 train_time:521.188s step_avg:160.56ms
step:3247/3250 train_time:521.348s step_avg:160.56ms
step:3248/3250 train_time:521.508s step_avg:160.56ms
step:3249/3250 train_time:521.668s step_avg:160.56ms
step:3250/3250 train_time:521.829s step_avg:160.56ms
step:3250/3250 val_loss:3.27290 train_time:521.829s step_avg:160.96ms
probe_ema: n=84934656 align=0.11152,0.11745,0.11627,0.10859,0.09641,0.08207,0.06762,0.05446 rel_mse=0.99173,0.98764,0.98725,0.98906,0.99165,0.99415,0.99615,0.99758
