==== 2026-08-25T01:45:54.432886Z C1_s44e26 ANNEAL seed=0 age 44.0->26.0 frac=1.0 ====
cd /root/modded-nanogpt && /root/venv/bin/torchrun --standalone --nproc_per_node=8 --master_port=29511 -- records/track_3_optimization/results/20260715_bimaxwell_baseline_3210/train_gpt_kmaxwell_anneal.py --seed 0 --start 1000 --k 8 --tau-min 3.0 --tau-max 56.0 --weights 0.011887,0.023774,0.035661,0.047547,0.059434,0.071321,0.083208,0.667169 --weights-end 0.029717,0.059434,0.089151,0.118868,0.148585,0.178303,0.208020,0.167921 --anneal-frac 1.0
W0825 01:45:55.609000 13330 torch/distributed/run.py:852] 
W0825 01:45:55.609000 13330 torch/distributed/run.py:852] *****************************************
W0825 01:45:55.609000 13330 torch/distributed/run.py:852] Setting OMP_NUM_THREADS environment variable for each process to be 1 in default, to avoid your system being overloaded, please further tune the variable for optimal performance in your application as needed. 
W0825 01:45:55.609000 13330 torch/distributed/run.py:852] *****************************************
logs/f66a1114-31f1-4605-b348-dd6c70be3b12.txt
step:0/3250 val_loss:10.82584 train_time:0.000s step_avg:nanms
step:1/3250 train_time:2.702s step_avg:2702.25ms
step:2/3250 train_time:2.839s step_avg:1419.33ms
step:3/3250 train_time:2.991s step_avg:996.92ms
step:4/3250 train_time:3.144s step_avg:786.08ms
step:5/3250 train_time:3.297s step_avg:659.42ms
step:6/3250 train_time:3.452s step_avg:575.31ms
step:7/3250 train_time:3.606s step_avg:515.16ms
step:8/3250 train_time:3.761s step_avg:470.10ms
step:9/3250 train_time:3.915s step_avg:435.04ms
step:10/3250 train_time:4.071s step_avg:407.07ms
step:11/3250 train_time:4.225s step_avg:384.09ms
step:12/3250 train_time:4.379s step_avg:364.89ms
step:13/3250 train_time:4.534s step_avg:348.75ms
step:14/3250 train_time:4.690s step_avg:334.97ms
step:15/3250 train_time:4.844s step_avg:322.92ms
step:16/3250 train_time:4.999s step_avg:312.46ms
step:17/3250 train_time:5.154s step_avg:303.17ms
step:18/3250 train_time:5.310s step_avg:295.01ms
step:19/3250 train_time:5.465s step_avg:287.62ms
step:20/3250 train_time:5.619s step_avg:280.94ms
step:21/3250 train_time:5.774s step_avg:274.93ms
step:22/3250 train_time:5.930s step_avg:269.55ms
step:23/3250 train_time:6.084s step_avg:264.53ms
step:24/3250 train_time:6.240s step_avg:260.00ms
step:25/3250 train_time:6.394s step_avg:255.76ms
step:26/3250 train_time:6.550s step_avg:251.93ms
step:27/3250 train_time:6.705s step_avg:248.34ms
step:28/3250 train_time:6.860s step_avg:244.99ms
step:29/3250 train_time:7.014s step_avg:241.87ms
step:30/3250 train_time:7.170s step_avg:238.99ms
step:31/3250 train_time:7.325s step_avg:236.30ms
step:32/3250 train_time:7.480s step_avg:233.76ms
step:33/3250 train_time:7.634s step_avg:231.34ms
step:34/3250 train_time:7.791s step_avg:229.14ms
step:35/3250 train_time:7.946s step_avg:227.04ms
step:36/3250 train_time:8.102s step_avg:225.05ms
step:37/3250 train_time:8.257s step_avg:223.16ms
step:38/3250 train_time:8.414s step_avg:221.43ms
step:39/3250 train_time:8.569s step_avg:219.72ms
step:40/3250 train_time:8.724s step_avg:218.09ms
step:41/3250 train_time:8.879s step_avg:216.55ms
step:42/3250 train_time:9.034s step_avg:215.10ms
step:43/3250 train_time:9.189s step_avg:213.70ms
step:44/3250 train_time:9.344s step_avg:212.37ms
step:45/3250 train_time:9.499s step_avg:211.09ms
step:46/3250 train_time:9.656s step_avg:209.90ms
step:47/3250 train_time:9.812s step_avg:208.77ms
step:48/3250 train_time:9.967s step_avg:207.65ms
step:49/3250 train_time:10.122s step_avg:206.57ms
step:50/3250 train_time:10.277s step_avg:205.54ms
step:51/3250 train_time:10.431s step_avg:204.53ms
step:52/3250 train_time:10.586s step_avg:203.57ms
step:53/3250 train_time:10.741s step_avg:202.67ms
step:54/3250 train_time:10.895s step_avg:201.76ms
step:55/3250 train_time:11.053s step_avg:200.96ms
step:56/3250 train_time:11.208s step_avg:200.15ms
step:57/3250 train_time:11.364s step_avg:199.37ms
step:58/3250 train_time:11.518s step_avg:198.58ms
step:59/3250 train_time:11.673s step_avg:197.85ms
step:60/3250 train_time:11.829s step_avg:197.15ms
step:61/3250 train_time:11.984s step_avg:196.46ms
step:62/3250 train_time:12.140s step_avg:195.81ms
step:63/3250 train_time:12.295s step_avg:195.15ms
step:64/3250 train_time:12.452s step_avg:194.56ms
step:65/3250 train_time:12.606s step_avg:193.94ms
step:66/3250 train_time:12.761s step_avg:193.35ms
step:67/3250 train_time:12.916s step_avg:192.78ms
step:68/3250 train_time:13.072s step_avg:192.24ms
step:69/3250 train_time:13.227s step_avg:191.70ms
step:70/3250 train_time:13.382s step_avg:191.17ms
step:71/3250 train_time:13.537s step_avg:190.67ms
step:72/3250 train_time:13.693s step_avg:190.18ms
step:73/3250 train_time:13.849s step_avg:189.72ms
step:74/3250 train_time:14.005s step_avg:189.25ms
step:75/3250 train_time:14.160s step_avg:188.80ms
step:76/3250 train_time:14.315s step_avg:188.36ms
step:77/3250 train_time:14.471s step_avg:187.93ms
step:78/3250 train_time:14.626s step_avg:187.51ms
step:79/3250 train_time:14.780s step_avg:187.09ms
step:80/3250 train_time:14.935s step_avg:186.69ms
step:81/3250 train_time:15.091s step_avg:186.31ms
step:82/3250 train_time:15.247s step_avg:185.93ms
step:83/3250 train_time:15.401s step_avg:185.55ms
step:84/3250 train_time:15.556s step_avg:185.20ms
step:85/3250 train_time:15.713s step_avg:184.86ms
step:86/3250 train_time:15.868s step_avg:184.51ms
step:87/3250 train_time:16.023s step_avg:184.17ms
step:88/3250 train_time:16.177s step_avg:183.83ms
step:89/3250 train_time:16.334s step_avg:183.53ms
step:90/3250 train_time:16.490s step_avg:183.22ms
step:91/3250 train_time:16.645s step_avg:182.92ms
step:92/3250 train_time:16.800s step_avg:182.61ms
step:93/3250 train_time:16.955s step_avg:182.31ms
step:94/3250 train_time:17.110s step_avg:182.03ms
step:95/3250 train_time:17.265s step_avg:181.74ms
step:96/3250 train_time:17.420s step_avg:181.46ms
step:97/3250 train_time:17.575s step_avg:181.18ms
step:98/3250 train_time:17.731s step_avg:180.93ms
step:99/3250 train_time:17.885s step_avg:180.66ms
step:100/3250 train_time:18.039s step_avg:180.39ms
step:101/3250 train_time:18.194s step_avg:180.14ms
step:102/3250 train_time:18.350s step_avg:179.91ms
step:103/3250 train_time:18.504s step_avg:179.65ms
step:104/3250 train_time:18.659s step_avg:179.42ms
step:105/3250 train_time:18.814s step_avg:179.18ms
step:106/3250 train_time:18.968s step_avg:178.95ms
step:107/3250 train_time:19.124s step_avg:178.73ms
step:108/3250 train_time:19.278s step_avg:178.50ms
step:109/3250 train_time:19.434s step_avg:178.30ms
step:110/3250 train_time:19.590s step_avg:178.10ms
step:111/3250 train_time:19.746s step_avg:177.89ms
step:112/3250 train_time:19.899s step_avg:177.67ms
step:113/3250 train_time:20.054s step_avg:177.47ms
step:114/3250 train_time:20.210s step_avg:177.28ms
step:115/3250 train_time:20.363s step_avg:177.07ms
step:116/3250 train_time:20.517s step_avg:176.87ms
step:117/3250 train_time:20.672s step_avg:176.69ms
step:118/3250 train_time:20.828s step_avg:176.50ms
step:119/3250 train_time:20.983s step_avg:176.32ms
step:120/3250 train_time:21.137s step_avg:176.14ms
step:121/3250 train_time:21.293s step_avg:175.98ms
step:122/3250 train_time:21.448s step_avg:175.81ms
step:123/3250 train_time:21.603s step_avg:175.64ms
step:124/3250 train_time:21.758s step_avg:175.46ms
step:125/3250 train_time:21.914s step_avg:175.31ms
step:125/3250 val_loss:4.58747 train_time:21.925s step_avg:175.40ms
step:126/3250 train_time:22.073s step_avg:175.18ms
step:127/3250 train_time:22.226s step_avg:175.01ms
step:128/3250 train_time:22.380s step_avg:174.85ms
step:129/3250 train_time:22.534s step_avg:174.69ms
step:130/3250 train_time:22.689s step_avg:174.53ms
step:131/3250 train_time:22.842s step_avg:174.37ms
step:132/3250 train_time:23.000s step_avg:174.24ms
step:133/3250 train_time:23.156s step_avg:174.11ms
step:134/3250 train_time:23.310s step_avg:173.96ms
step:135/3250 train_time:23.464s step_avg:173.81ms
step:136/3250 train_time:23.620s step_avg:173.67ms
step:137/3250 train_time:23.774s step_avg:173.53ms
step:138/3250 train_time:23.928s step_avg:173.39ms
step:139/3250 train_time:24.084s step_avg:173.26ms
step:140/3250 train_time:24.241s step_avg:173.15ms
step:141/3250 train_time:24.395s step_avg:173.02ms
step:142/3250 train_time:24.551s step_avg:172.89ms
step:143/3250 train_time:24.705s step_avg:172.76ms
step:144/3250 train_time:24.861s step_avg:172.65ms
step:145/3250 train_time:25.015s step_avg:172.52ms
step:146/3250 train_time:25.170s step_avg:172.40ms
step:147/3250 train_time:25.324s step_avg:172.27ms
step:148/3250 train_time:25.478s step_avg:172.15ms
step:149/3250 train_time:25.635s step_avg:172.04ms
step:150/3250 train_time:25.788s step_avg:171.92ms
step:151/3250 train_time:25.943s step_avg:171.81ms
step:152/3250 train_time:26.098s step_avg:171.70ms
step:153/3250 train_time:26.252s step_avg:171.58ms
step:154/3250 train_time:26.406s step_avg:171.47ms
step:155/3250 train_time:26.561s step_avg:171.36ms
step:156/3250 train_time:26.716s step_avg:171.26ms
step:157/3250 train_time:26.871s step_avg:171.16ms
step:158/3250 train_time:27.026s step_avg:171.05ms
step:159/3250 train_time:27.181s step_avg:170.95ms
step:160/3250 train_time:27.337s step_avg:170.85ms
step:161/3250 train_time:27.492s step_avg:170.76ms
step:162/3250 train_time:27.646s step_avg:170.65ms
step:163/3250 train_time:27.801s step_avg:170.56ms
step:164/3250 train_time:27.957s step_avg:170.47ms
step:165/3250 train_time:28.111s step_avg:170.37ms
step:166/3250 train_time:28.266s step_avg:170.28ms
step:167/3250 train_time:28.420s step_avg:170.18ms
step:168/3250 train_time:28.576s step_avg:170.10ms
step:169/3250 train_time:28.730s step_avg:170.00ms
step:170/3250 train_time:28.885s step_avg:169.91ms
step:171/3250 train_time:29.041s step_avg:169.83ms
step:172/3250 train_time:29.196s step_avg:169.74ms
step:173/3250 train_time:29.351s step_avg:169.66ms
step:174/3250 train_time:29.505s step_avg:169.57ms
step:175/3250 train_time:29.663s step_avg:169.50ms
step:176/3250 train_time:29.817s step_avg:169.42ms
step:177/3250 train_time:29.972s step_avg:169.33ms
step:178/3250 train_time:30.126s step_avg:169.25ms
step:179/3250 train_time:30.282s step_avg:169.17ms
step:180/3250 train_time:30.437s step_avg:169.10ms
step:181/3250 train_time:30.590s step_avg:169.01ms
step:182/3250 train_time:30.744s step_avg:168.92ms
step:183/3250 train_time:30.900s step_avg:168.85ms
step:184/3250 train_time:31.055s step_avg:168.78ms
step:185/3250 train_time:31.209s step_avg:168.70ms
step:186/3250 train_time:31.363s step_avg:168.62ms
step:187/3250 train_time:31.519s step_avg:168.55ms
step:188/3250 train_time:31.674s step_avg:168.48ms
step:189/3250 train_time:31.828s step_avg:168.40ms
step:190/3250 train_time:31.983s step_avg:168.33ms
step:191/3250 train_time:32.302s step_avg:169.12ms
step:192/3250 train_time:32.457s step_avg:169.05ms
step:193/3250 train_time:32.612s step_avg:168.97ms
step:194/3250 train_time:32.766s step_avg:168.90ms
step:195/3250 train_time:32.919s step_avg:168.82ms
step:196/3250 train_time:33.076s step_avg:168.75ms
step:197/3250 train_time:33.230s step_avg:168.68ms
step:198/3250 train_time:33.385s step_avg:168.61ms
step:199/3250 train_time:33.540s step_avg:168.54ms
step:200/3250 train_time:33.694s step_avg:168.47ms
step:201/3250 train_time:33.848s step_avg:168.40ms
step:202/3250 train_time:34.002s step_avg:168.33ms
step:203/3250 train_time:34.158s step_avg:168.27ms
step:204/3250 train_time:34.312s step_avg:168.19ms
step:205/3250 train_time:34.465s step_avg:168.12ms
step:206/3250 train_time:34.620s step_avg:168.06ms
step:207/3250 train_time:34.776s step_avg:168.00ms
step:208/3250 train_time:34.930s step_avg:167.93ms
step:209/3250 train_time:35.084s step_avg:167.87ms
step:210/3250 train_time:35.240s step_avg:167.81ms
step:211/3250 train_time:35.395s step_avg:167.75ms
step:212/3250 train_time:35.549s step_avg:167.69ms
step:213/3250 train_time:35.702s step_avg:167.62ms
step:214/3250 train_time:35.858s step_avg:167.56ms
step:215/3250 train_time:36.011s step_avg:167.49ms
step:216/3250 train_time:36.166s step_avg:167.43ms
step:217/3250 train_time:36.321s step_avg:167.38ms
step:218/3250 train_time:36.476s step_avg:167.32ms
step:219/3250 train_time:36.630s step_avg:167.26ms
step:220/3250 train_time:36.784s step_avg:167.20ms
step:221/3250 train_time:36.941s step_avg:167.15ms
step:222/3250 train_time:37.095s step_avg:167.09ms
step:223/3250 train_time:37.249s step_avg:167.04ms
step:224/3250 train_time:37.404s step_avg:166.98ms
step:225/3250 train_time:37.560s step_avg:166.93ms
step:226/3250 train_time:37.714s step_avg:166.87ms
step:227/3250 train_time:37.867s step_avg:166.82ms
step:228/3250 train_time:38.021s step_avg:166.76ms
step:229/3250 train_time:38.177s step_avg:166.71ms
step:230/3250 train_time:38.330s step_avg:166.65ms
step:231/3250 train_time:38.484s step_avg:166.60ms
step:232/3250 train_time:38.640s step_avg:166.55ms
step:233/3250 train_time:38.795s step_avg:166.50ms
step:234/3250 train_time:38.950s step_avg:166.45ms
step:235/3250 train_time:39.104s step_avg:166.40ms
step:236/3250 train_time:39.259s step_avg:166.35ms
step:237/3250 train_time:39.413s step_avg:166.30ms
step:238/3250 train_time:39.568s step_avg:166.25ms
step:239/3250 train_time:39.721s step_avg:166.20ms
step:240/3250 train_time:39.878s step_avg:166.16ms
step:241/3250 train_time:40.034s step_avg:166.11ms
step:242/3250 train_time:40.188s step_avg:166.07ms
step:243/3250 train_time:40.342s step_avg:166.02ms
step:244/3250 train_time:40.497s step_avg:165.97ms
step:245/3250 train_time:40.651s step_avg:165.92ms
step:246/3250 train_time:40.806s step_avg:165.88ms
step:247/3250 train_time:40.962s step_avg:165.84ms
step:248/3250 train_time:41.117s step_avg:165.79ms
step:249/3250 train_time:41.272s step_avg:165.75ms
step:250/3250 train_time:41.426s step_avg:165.71ms
step:250/3250 val_loss:4.10057 train_time:41.439s step_avg:156.11ms
step:251/3250 train_time:41.587s step_avg:165.68ms
step:252/3250 train_time:41.741s step_avg:165.64ms
step:253/3250 train_time:41.896s step_avg:165.60ms
step:254/3250 train_time:42.049s step_avg:165.55ms
step:255/3250 train_time:42.204s step_avg:165.51ms
step:256/3250 train_time:42.358s step_avg:165.46ms
step:257/3250 train_time:42.513s step_avg:165.42ms
step:258/3250 train_time:42.669s step_avg:165.38ms
step:259/3250 train_time:42.824s step_avg:165.34ms
step:260/3250 train_time:42.979s step_avg:165.30ms
step:261/3250 train_time:43.133s step_avg:165.26ms
step:262/3250 train_time:43.288s step_avg:165.22ms
step:263/3250 train_time:43.442s step_avg:165.18ms
step:264/3250 train_time:43.598s step_avg:165.14ms
step:265/3250 train_time:43.752s step_avg:165.10ms
step:266/3250 train_time:43.908s step_avg:165.07ms
step:267/3250 train_time:44.063s step_avg:165.03ms
step:268/3250 train_time:44.217s step_avg:164.99ms
step:269/3250 train_time:44.371s step_avg:164.95ms
step:270/3250 train_time:44.526s step_avg:164.91ms
step:271/3250 train_time:44.681s step_avg:164.87ms
step:272/3250 train_time:44.836s step_avg:164.84ms
step:273/3250 train_time:44.990s step_avg:164.80ms
step:274/3250 train_time:45.145s step_avg:164.76ms
step:275/3250 train_time:45.300s step_avg:164.73ms
step:276/3250 train_time:45.454s step_avg:164.69ms
step:277/3250 train_time:45.609s step_avg:164.65ms
step:278/3250 train_time:45.765s step_avg:164.62ms
step:279/3250 train_time:45.919s step_avg:164.58ms
step:280/3250 train_time:46.072s step_avg:164.54ms
step:281/3250 train_time:46.227s step_avg:164.51ms
step:282/3250 train_time:46.381s step_avg:164.47ms
step:283/3250 train_time:46.534s step_avg:164.43ms
step:284/3250 train_time:46.689s step_avg:164.40ms
step:285/3250 train_time:46.844s step_avg:164.36ms
step:286/3250 train_time:46.998s step_avg:164.33ms
step:287/3250 train_time:47.153s step_avg:164.29ms
step:288/3250 train_time:47.307s step_avg:164.26ms
step:289/3250 train_time:47.462s step_avg:164.23ms
step:290/3250 train_time:47.617s step_avg:164.20ms
step:291/3250 train_time:47.773s step_avg:164.17ms
step:292/3250 train_time:47.928s step_avg:164.14ms
step:293/3250 train_time:48.084s step_avg:164.11ms
step:294/3250 train_time:48.237s step_avg:164.07ms
step:295/3250 train_time:48.392s step_avg:164.04ms
step:296/3250 train_time:48.546s step_avg:164.01ms
step:297/3250 train_time:48.701s step_avg:163.98ms
step:298/3250 train_time:48.856s step_avg:163.95ms
step:299/3250 train_time:49.010s step_avg:163.91ms
step:300/3250 train_time:49.167s step_avg:163.89ms
step:301/3250 train_time:49.321s step_avg:163.86ms
step:302/3250 train_time:49.476s step_avg:163.83ms
step:303/3250 train_time:49.630s step_avg:163.79ms
step:304/3250 train_time:49.786s step_avg:163.77ms
step:305/3250 train_time:49.940s step_avg:163.74ms
step:306/3250 train_time:50.093s step_avg:163.70ms
step:307/3250 train_time:50.247s step_avg:163.67ms
step:308/3250 train_time:50.404s step_avg:163.65ms
step:309/3250 train_time:50.557s step_avg:163.62ms
step:310/3250 train_time:50.712s step_avg:163.59ms
step:311/3250 train_time:50.868s step_avg:163.56ms
step:312/3250 train_time:51.022s step_avg:163.53ms
step:313/3250 train_time:51.178s step_avg:163.51ms
step:314/3250 train_time:51.331s step_avg:163.47ms
step:315/3250 train_time:51.487s step_avg:163.45ms
step:316/3250 train_time:51.640s step_avg:163.42ms
step:317/3250 train_time:51.795s step_avg:163.39ms
step:318/3250 train_time:51.948s step_avg:163.36ms
step:319/3250 train_time:52.104s step_avg:163.34ms
step:320/3250 train_time:52.258s step_avg:163.31ms
step:321/3250 train_time:52.412s step_avg:163.28ms
step:322/3250 train_time:52.567s step_avg:163.25ms
step:323/3250 train_time:52.722s step_avg:163.22ms
step:324/3250 train_time:52.876s step_avg:163.20ms
step:325/3250 train_time:53.030s step_avg:163.17ms
step:326/3250 train_time:53.187s step_avg:163.15ms
step:327/3250 train_time:53.341s step_avg:163.12ms
step:328/3250 train_time:53.496s step_avg:163.10ms
step:329/3250 train_time:53.649s step_avg:163.07ms
step:330/3250 train_time:53.805s step_avg:163.05ms
step:331/3250 train_time:53.959s step_avg:163.02ms
step:332/3250 train_time:54.113s step_avg:162.99ms
step:333/3250 train_time:54.267s step_avg:162.97ms
step:334/3250 train_time:54.422s step_avg:162.94ms
step:335/3250 train_time:54.577s step_avg:162.92ms
step:336/3250 train_time:54.730s step_avg:162.89ms
step:337/3250 train_time:54.886s step_avg:162.87ms
step:338/3250 train_time:55.042s step_avg:162.85ms
step:339/3250 train_time:55.198s step_avg:162.83ms
step:340/3250 train_time:55.351s step_avg:162.80ms
step:341/3250 train_time:55.507s step_avg:162.78ms
step:342/3250 train_time:55.662s step_avg:162.75ms
step:343/3250 train_time:55.817s step_avg:162.73ms
step:344/3250 train_time:55.970s step_avg:162.70ms
step:345/3250 train_time:56.126s step_avg:162.68ms
step:346/3250 train_time:56.281s step_avg:162.66ms
step:347/3250 train_time:56.434s step_avg:162.63ms
step:348/3250 train_time:56.588s step_avg:162.61ms
step:349/3250 train_time:56.743s step_avg:162.59ms
step:350/3250 train_time:56.898s step_avg:162.56ms
step:351/3250 train_time:57.052s step_avg:162.54ms
step:352/3250 train_time:57.207s step_avg:162.52ms
step:353/3250 train_time:57.361s step_avg:162.50ms
step:354/3250 train_time:57.516s step_avg:162.47ms
step:355/3250 train_time:57.670s step_avg:162.45ms
step:356/3250 train_time:57.826s step_avg:162.43ms
step:357/3250 train_time:57.981s step_avg:162.41ms
step:358/3250 train_time:58.134s step_avg:162.39ms
step:359/3250 train_time:58.289s step_avg:162.36ms
step:360/3250 train_time:58.443s step_avg:162.34ms
step:361/3250 train_time:58.598s step_avg:162.32ms
step:362/3250 train_time:58.752s step_avg:162.30ms
step:363/3250 train_time:58.907s step_avg:162.28ms
step:364/3250 train_time:59.062s step_avg:162.26ms
step:365/3250 train_time:59.217s step_avg:162.24ms
step:366/3250 train_time:59.371s step_avg:162.22ms
step:367/3250 train_time:59.526s step_avg:162.20ms
step:368/3250 train_time:59.682s step_avg:162.18ms
step:369/3250 train_time:59.837s step_avg:162.16ms
step:370/3250 train_time:59.991s step_avg:162.14ms
step:371/3250 train_time:60.147s step_avg:162.12ms
step:372/3250 train_time:60.303s step_avg:162.11ms
step:373/3250 train_time:60.458s step_avg:162.09ms
step:374/3250 train_time:60.612s step_avg:162.06ms
step:375/3250 train_time:60.768s step_avg:162.05ms
step:375/3250 val_loss:3.92245 train_time:60.779s step_avg:154.73ms
step:376/3250 train_time:60.926s step_avg:162.04ms
step:377/3250 train_time:61.079s step_avg:162.01ms
step:378/3250 train_time:61.233s step_avg:161.99ms
step:379/3250 train_time:61.388s step_avg:161.97ms
step:380/3250 train_time:61.543s step_avg:161.96ms
step:381/3250 train_time:61.740s step_avg:162.05ms
step:382/3250 train_time:61.894s step_avg:162.03ms
step:383/3250 train_time:62.048s step_avg:162.01ms
step:384/3250 train_time:62.202s step_avg:161.98ms
step:385/3250 train_time:62.355s step_avg:161.96ms
step:386/3250 train_time:62.512s step_avg:161.95ms
step:387/3250 train_time:62.668s step_avg:161.93ms
step:388/3250 train_time:62.825s step_avg:161.92ms
step:389/3250 train_time:62.978s step_avg:161.90ms
step:390/3250 train_time:63.134s step_avg:161.88ms
step:391/3250 train_time:63.289s step_avg:161.86ms
step:392/3250 train_time:63.441s step_avg:161.84ms
step:393/3250 train_time:63.595s step_avg:161.82ms
step:394/3250 train_time:63.751s step_avg:161.80ms
step:395/3250 train_time:63.906s step_avg:161.79ms
step:396/3250 train_time:64.059s step_avg:161.77ms
step:397/3250 train_time:64.214s step_avg:161.75ms
step:398/3250 train_time:64.369s step_avg:161.73ms
step:399/3250 train_time:64.524s step_avg:161.71ms
step:400/3250 train_time:64.678s step_avg:161.70ms
step:401/3250 train_time:64.834s step_avg:161.68ms
step:402/3250 train_time:64.990s step_avg:161.67ms
step:403/3250 train_time:65.145s step_avg:161.65ms
step:404/3250 train_time:65.298s step_avg:161.63ms
step:405/3250 train_time:65.453s step_avg:161.61ms
step:406/3250 train_time:65.607s step_avg:161.59ms
step:407/3250 train_time:65.761s step_avg:161.57ms
step:408/3250 train_time:65.915s step_avg:161.56ms
step:409/3250 train_time:66.070s step_avg:161.54ms
step:410/3250 train_time:66.225s step_avg:161.52ms
step:411/3250 train_time:66.379s step_avg:161.51ms
step:412/3250 train_time:66.534s step_avg:161.49ms
step:413/3250 train_time:66.689s step_avg:161.47ms
step:414/3250 train_time:66.844s step_avg:161.46ms
step:415/3250 train_time:66.998s step_avg:161.44ms
step:416/3250 train_time:67.153s step_avg:161.43ms
step:417/3250 train_time:67.308s step_avg:161.41ms
step:418/3250 train_time:67.462s step_avg:161.39ms
step:419/3250 train_time:67.617s step_avg:161.38ms
step:420/3250 train_time:67.771s step_avg:161.36ms
step:421/3250 train_time:67.925s step_avg:161.34ms
step:422/3250 train_time:68.080s step_avg:161.33ms
step:423/3250 train_time:68.235s step_avg:161.31ms
step:424/3250 train_time:68.390s step_avg:161.30ms
step:425/3250 train_time:68.544s step_avg:161.28ms
step:426/3250 train_time:68.697s step_avg:161.26ms
step:427/3250 train_time:68.853s step_avg:161.25ms
step:428/3250 train_time:69.007s step_avg:161.23ms
step:429/3250 train_time:69.162s step_avg:161.22ms
step:430/3250 train_time:69.317s step_avg:161.20ms
step:431/3250 train_time:69.473s step_avg:161.19ms
step:432/3250 train_time:69.628s step_avg:161.18ms
step:433/3250 train_time:69.783s step_avg:161.16ms
step:434/3250 train_time:69.938s step_avg:161.15ms
step:435/3250 train_time:70.094s step_avg:161.13ms
step:436/3250 train_time:70.249s step_avg:161.12ms
step:437/3250 train_time:70.404s step_avg:161.11ms
step:438/3250 train_time:70.558s step_avg:161.09ms
step:439/3250 train_time:70.713s step_avg:161.08ms
step:440/3250 train_time:70.867s step_avg:161.06ms
step:441/3250 train_time:71.023s step_avg:161.05ms
step:442/3250 train_time:71.177s step_avg:161.03ms
step:443/3250 train_time:71.333s step_avg:161.02ms
step:444/3250 train_time:71.488s step_avg:161.01ms
step:445/3250 train_time:71.643s step_avg:161.00ms
step:446/3250 train_time:71.798s step_avg:160.98ms
step:447/3250 train_time:71.952s step_avg:160.97ms
step:448/3250 train_time:72.106s step_avg:160.95ms
step:449/3250 train_time:72.260s step_avg:160.94ms
step:450/3250 train_time:72.414s step_avg:160.92ms
step:451/3250 train_time:72.569s step_avg:160.91ms
step:452/3250 train_time:72.725s step_avg:160.90ms
step:453/3250 train_time:72.879s step_avg:160.88ms
step:454/3250 train_time:73.034s step_avg:160.87ms
step:455/3250 train_time:73.188s step_avg:160.85ms
step:456/3250 train_time:73.344s step_avg:160.84ms
step:457/3250 train_time:73.498s step_avg:160.83ms
step:458/3250 train_time:73.653s step_avg:160.81ms
step:459/3250 train_time:73.808s step_avg:160.80ms
step:460/3250 train_time:73.961s step_avg:160.79ms
step:461/3250 train_time:74.116s step_avg:160.77ms
step:462/3250 train_time:74.271s step_avg:160.76ms
step:463/3250 train_time:74.425s step_avg:160.75ms
step:464/3250 train_time:74.581s step_avg:160.74ms
step:465/3250 train_time:74.735s step_avg:160.72ms
step:466/3250 train_time:74.890s step_avg:160.71ms
step:467/3250 train_time:75.045s step_avg:160.70ms
step:468/3250 train_time:75.199s step_avg:160.68ms
step:469/3250 train_time:75.353s step_avg:160.67ms
step:470/3250 train_time:75.509s step_avg:160.66ms
step:471/3250 train_time:75.663s step_avg:160.64ms
step:472/3250 train_time:75.818s step_avg:160.63ms
step:473/3250 train_time:75.972s step_avg:160.62ms
step:474/3250 train_time:76.126s step_avg:160.60ms
step:475/3250 train_time:76.282s step_avg:160.59ms
step:476/3250 train_time:76.435s step_avg:160.58ms
step:477/3250 train_time:76.590s step_avg:160.57ms
step:478/3250 train_time:76.745s step_avg:160.55ms
step:479/3250 train_time:76.899s step_avg:160.54ms
step:480/3250 train_time:77.054s step_avg:160.53ms
step:481/3250 train_time:77.210s step_avg:160.52ms
step:482/3250 train_time:77.364s step_avg:160.51ms
step:483/3250 train_time:77.518s step_avg:160.49ms
step:484/3250 train_time:77.673s step_avg:160.48ms
step:485/3250 train_time:77.827s step_avg:160.47ms
step:486/3250 train_time:77.982s step_avg:160.46ms
step:487/3250 train_time:78.136s step_avg:160.44ms
step:488/3250 train_time:78.293s step_avg:160.44ms
step:489/3250 train_time:78.447s step_avg:160.42ms
step:490/3250 train_time:78.601s step_avg:160.41ms
step:491/3250 train_time:78.754s step_avg:160.40ms
step:492/3250 train_time:78.910s step_avg:160.39ms
step:493/3250 train_time:79.064s step_avg:160.37ms
step:494/3250 train_time:79.220s step_avg:160.36ms
step:495/3250 train_time:79.373s step_avg:160.35ms
step:496/3250 train_time:79.529s step_avg:160.34ms
step:497/3250 train_time:79.682s step_avg:160.33ms
step:498/3250 train_time:79.837s step_avg:160.31ms
step:499/3250 train_time:79.993s step_avg:160.31ms
step:500/3250 train_time:80.148s step_avg:160.30ms
step:500/3250 val_loss:3.82734 train_time:80.160s step_avg:155.05ms
step:501/3250 train_time:80.306s step_avg:160.29ms
step:502/3250 train_time:80.461s step_avg:160.28ms
step:503/3250 train_time:80.617s step_avg:160.27ms
step:504/3250 train_time:80.770s step_avg:160.26ms
step:505/3250 train_time:80.924s step_avg:160.25ms
step:506/3250 train_time:81.078s step_avg:160.23ms
step:507/3250 train_time:81.234s step_avg:160.23ms
step:508/3250 train_time:81.387s step_avg:160.21ms
step:509/3250 train_time:81.541s step_avg:160.20ms
step:510/3250 train_time:81.697s step_avg:160.19ms
step:511/3250 train_time:81.851s step_avg:160.18ms
step:512/3250 train_time:82.007s step_avg:160.17ms
step:513/3250 train_time:82.161s step_avg:160.16ms
step:514/3250 train_time:82.317s step_avg:160.15ms
step:515/3250 train_time:82.471s step_avg:160.14ms
step:516/3250 train_time:82.625s step_avg:160.13ms
step:517/3250 train_time:82.779s step_avg:160.11ms
step:518/3250 train_time:82.933s step_avg:160.10ms
step:519/3250 train_time:83.087s step_avg:160.09ms
step:520/3250 train_time:83.240s step_avg:160.08ms
step:521/3250 train_time:83.396s step_avg:160.07ms
step:522/3250 train_time:83.550s step_avg:160.06ms
step:523/3250 train_time:83.704s step_avg:160.05ms
step:524/3250 train_time:83.859s step_avg:160.04ms
step:525/3250 train_time:84.014s step_avg:160.03ms
step:526/3250 train_time:84.169s step_avg:160.02ms
step:527/3250 train_time:84.323s step_avg:160.00ms
step:528/3250 train_time:84.478s step_avg:160.00ms
step:529/3250 train_time:84.631s step_avg:159.98ms
step:530/3250 train_time:84.785s step_avg:159.97ms
step:531/3250 train_time:84.941s step_avg:159.96ms
step:532/3250 train_time:85.095s step_avg:159.95ms
step:533/3250 train_time:85.250s step_avg:159.94ms
step:534/3250 train_time:85.403s step_avg:159.93ms
step:535/3250 train_time:85.560s step_avg:159.92ms
step:536/3250 train_time:85.716s step_avg:159.92ms
step:537/3250 train_time:85.870s step_avg:159.91ms
step:538/3250 train_time:86.024s step_avg:159.90ms
step:539/3250 train_time:86.179s step_avg:159.89ms
step:540/3250 train_time:86.334s step_avg:159.88ms
step:541/3250 train_time:86.489s step_avg:159.87ms
step:542/3250 train_time:86.644s step_avg:159.86ms
step:543/3250 train_time:86.798s step_avg:159.85ms
step:544/3250 train_time:86.952s step_avg:159.84ms
step:545/3250 train_time:87.106s step_avg:159.83ms
step:546/3250 train_time:87.261s step_avg:159.82ms
step:547/3250 train_time:87.416s step_avg:159.81ms
step:548/3250 train_time:87.571s step_avg:159.80ms
step:549/3250 train_time:87.726s step_avg:159.79ms
step:550/3250 train_time:87.880s step_avg:159.78ms
step:551/3250 train_time:88.034s step_avg:159.77ms
step:552/3250 train_time:88.189s step_avg:159.76ms
step:553/3250 train_time:88.343s step_avg:159.75ms
step:554/3250 train_time:88.499s step_avg:159.74ms
step:555/3250 train_time:88.653s step_avg:159.74ms
step:556/3250 train_time:88.807s step_avg:159.72ms
step:557/3250 train_time:88.961s step_avg:159.71ms
step:558/3250 train_time:89.117s step_avg:159.71ms
step:559/3250 train_time:89.271s step_avg:159.70ms
step:560/3250 train_time:89.426s step_avg:159.69ms
step:561/3250 train_time:89.580s step_avg:159.68ms
step:562/3250 train_time:89.734s step_avg:159.67ms
step:563/3250 train_time:89.888s step_avg:159.66ms
step:564/3250 train_time:90.043s step_avg:159.65ms
step:565/3250 train_time:90.197s step_avg:159.64ms
step:566/3250 train_time:90.352s step_avg:159.63ms
step:567/3250 train_time:90.505s step_avg:159.62ms
step:568/3250 train_time:90.660s step_avg:159.61ms
step:569/3250 train_time:90.815s step_avg:159.60ms
step:570/3250 train_time:90.970s step_avg:159.60ms
step:571/3250 train_time:91.164s step_avg:159.66ms
step:572/3250 train_time:91.318s step_avg:159.65ms
step:573/3250 train_time:91.472s step_avg:159.64ms
step:574/3250 train_time:91.625s step_avg:159.63ms
step:575/3250 train_time:91.779s step_avg:159.62ms
step:576/3250 train_time:91.934s step_avg:159.61ms
step:577/3250 train_time:92.089s step_avg:159.60ms
step:578/3250 train_time:92.243s step_avg:159.59ms
step:579/3250 train_time:92.397s step_avg:159.58ms
step:580/3250 train_time:92.552s step_avg:159.57ms
step:581/3250 train_time:92.706s step_avg:159.56ms
step:582/3250 train_time:92.860s step_avg:159.55ms
step:583/3250 train_time:93.016s step_avg:159.55ms
step:584/3250 train_time:93.171s step_avg:159.54ms
step:585/3250 train_time:93.325s step_avg:159.53ms
step:586/3250 train_time:93.479s step_avg:159.52ms
step:587/3250 train_time:93.634s step_avg:159.51ms
step:588/3250 train_time:93.788s step_avg:159.50ms
step:589/3250 train_time:93.941s step_avg:159.49ms
step:590/3250 train_time:94.096s step_avg:159.49ms
step:591/3250 train_time:94.251s step_avg:159.48ms
step:592/3250 train_time:94.405s step_avg:159.47ms
step:593/3250 train_time:94.559s step_avg:159.46ms
step:594/3250 train_time:94.715s step_avg:159.45ms
step:595/3250 train_time:94.868s step_avg:159.44ms
step:596/3250 train_time:95.021s step_avg:159.43ms
step:597/3250 train_time:95.176s step_avg:159.42ms
step:598/3250 train_time:95.330s step_avg:159.42ms
step:599/3250 train_time:95.484s step_avg:159.41ms
step:600/3250 train_time:95.639s step_avg:159.40ms
step:601/3250 train_time:95.794s step_avg:159.39ms
step:602/3250 train_time:95.949s step_avg:159.38ms
step:603/3250 train_time:96.102s step_avg:159.37ms
step:604/3250 train_time:96.258s step_avg:159.37ms
step:605/3250 train_time:96.411s step_avg:159.36ms
step:606/3250 train_time:96.567s step_avg:159.35ms
step:607/3250 train_time:96.720s step_avg:159.34ms
step:608/3250 train_time:96.875s step_avg:159.33ms
step:609/3250 train_time:97.032s step_avg:159.33ms
step:610/3250 train_time:97.185s step_avg:159.32ms
step:611/3250 train_time:97.339s step_avg:159.31ms
step:612/3250 train_time:97.493s step_avg:159.30ms
step:613/3250 train_time:97.648s step_avg:159.29ms
step:614/3250 train_time:97.801s step_avg:159.29ms
step:615/3250 train_time:97.957s step_avg:159.28ms
step:616/3250 train_time:98.111s step_avg:159.27ms
step:617/3250 train_time:98.266s step_avg:159.26ms
step:618/3250 train_time:98.421s step_avg:159.26ms
step:619/3250 train_time:98.576s step_avg:159.25ms
step:620/3250 train_time:98.730s step_avg:159.24ms
step:621/3250 train_time:98.884s step_avg:159.23ms
step:622/3250 train_time:99.040s step_avg:159.23ms
step:623/3250 train_time:99.195s step_avg:159.22ms
step:624/3250 train_time:99.350s step_avg:159.21ms
step:625/3250 train_time:99.504s step_avg:159.21ms
step:625/3250 val_loss:3.76644 train_time:99.516s step_avg:154.85ms
step:626/3250 train_time:99.663s step_avg:159.21ms
step:627/3250 train_time:99.817s step_avg:159.20ms
step:628/3250 train_time:99.972s step_avg:159.19ms
step:629/3250 train_time:100.125s step_avg:159.18ms
step:630/3250 train_time:100.281s step_avg:159.18ms
step:631/3250 train_time:100.434s step_avg:159.17ms
step:632/3250 train_time:100.589s step_avg:159.16ms
step:633/3250 train_time:100.745s step_avg:159.15ms
step:634/3250 train_time:100.900s step_avg:159.15ms
step:635/3250 train_time:101.054s step_avg:159.14ms
step:636/3250 train_time:101.208s step_avg:159.13ms
step:637/3250 train_time:101.363s step_avg:159.13ms
step:638/3250 train_time:101.517s step_avg:159.12ms
step:639/3250 train_time:101.671s step_avg:159.11ms
step:640/3250 train_time:101.824s step_avg:159.10ms
step:641/3250 train_time:101.980s step_avg:159.10ms
step:642/3250 train_time:102.134s step_avg:159.09ms
step:643/3250 train_time:102.288s step_avg:159.08ms
step:644/3250 train_time:102.444s step_avg:159.07ms
step:645/3250 train_time:102.598s step_avg:159.07ms
step:646/3250 train_time:102.754s step_avg:159.06ms
step:647/3250 train_time:102.908s step_avg:159.05ms
step:648/3250 train_time:103.063s step_avg:159.05ms
step:649/3250 train_time:103.217s step_avg:159.04ms
step:650/3250 train_time:103.372s step_avg:159.03ms
step:651/3250 train_time:103.525s step_avg:159.03ms
step:652/3250 train_time:103.681s step_avg:159.02ms
step:653/3250 train_time:103.834s step_avg:159.01ms
step:654/3250 train_time:103.989s step_avg:159.01ms
step:655/3250 train_time:104.144s step_avg:159.00ms
step:656/3250 train_time:104.299s step_avg:158.99ms
step:657/3250 train_time:104.453s step_avg:158.99ms
step:658/3250 train_time:104.607s step_avg:158.98ms
step:659/3250 train_time:104.762s step_avg:158.97ms
step:660/3250 train_time:104.917s step_avg:158.96ms
step:661/3250 train_time:105.071s step_avg:158.96ms
step:662/3250 train_time:105.225s step_avg:158.95ms
step:663/3250 train_time:105.381s step_avg:158.95ms
step:664/3250 train_time:105.534s step_avg:158.94ms
step:665/3250 train_time:105.689s step_avg:158.93ms
step:666/3250 train_time:105.844s step_avg:158.93ms
step:667/3250 train_time:105.998s step_avg:158.92ms
step:668/3250 train_time:106.152s step_avg:158.91ms
step:669/3250 train_time:106.306s step_avg:158.90ms
step:670/3250 train_time:106.463s step_avg:158.90ms
step:671/3250 train_time:106.618s step_avg:158.89ms
step:672/3250 train_time:106.773s step_avg:158.89ms
step:673/3250 train_time:106.925s step_avg:158.88ms
step:674/3250 train_time:107.082s step_avg:158.87ms
step:675/3250 train_time:107.236s step_avg:158.87ms
step:676/3250 train_time:107.390s step_avg:158.86ms
step:677/3250 train_time:107.544s step_avg:158.85ms
step:678/3250 train_time:107.698s step_avg:158.85ms
step:679/3250 train_time:107.852s step_avg:158.84ms
step:680/3250 train_time:108.006s step_avg:158.83ms
step:681/3250 train_time:108.161s step_avg:158.83ms
step:682/3250 train_time:108.315s step_avg:158.82ms
step:683/3250 train_time:108.469s step_avg:158.81ms
step:684/3250 train_time:108.622s step_avg:158.80ms
step:685/3250 train_time:108.777s step_avg:158.80ms
step:686/3250 train_time:108.931s step_avg:158.79ms
step:687/3250 train_time:109.085s step_avg:158.78ms
step:688/3250 train_time:109.240s step_avg:158.78ms
step:689/3250 train_time:109.395s step_avg:158.77ms
step:690/3250 train_time:109.549s step_avg:158.77ms
step:691/3250 train_time:109.704s step_avg:158.76ms
step:692/3250 train_time:109.859s step_avg:158.76ms
step:693/3250 train_time:110.013s step_avg:158.75ms
step:694/3250 train_time:110.167s step_avg:158.74ms
step:695/3250 train_time:110.323s step_avg:158.74ms
step:696/3250 train_time:110.477s step_avg:158.73ms
step:697/3250 train_time:110.632s step_avg:158.73ms
step:698/3250 train_time:110.786s step_avg:158.72ms
step:699/3250 train_time:110.942s step_avg:158.71ms
step:700/3250 train_time:111.095s step_avg:158.71ms
step:701/3250 train_time:111.249s step_avg:158.70ms
step:702/3250 train_time:111.404s step_avg:158.69ms
step:703/3250 train_time:111.559s step_avg:158.69ms
step:704/3250 train_time:111.713s step_avg:158.68ms
step:705/3250 train_time:111.868s step_avg:158.68ms
step:706/3250 train_time:112.022s step_avg:158.67ms
step:707/3250 train_time:112.176s step_avg:158.66ms
step:708/3250 train_time:112.331s step_avg:158.66ms
step:709/3250 train_time:112.484s step_avg:158.65ms
step:710/3250 train_time:112.640s step_avg:158.65ms
step:711/3250 train_time:112.794s step_avg:158.64ms
step:712/3250 train_time:112.947s step_avg:158.63ms
step:713/3250 train_time:113.102s step_avg:158.63ms
step:714/3250 train_time:113.256s step_avg:158.62ms
step:715/3250 train_time:113.409s step_avg:158.61ms
step:716/3250 train_time:113.564s step_avg:158.61ms
step:717/3250 train_time:113.718s step_avg:158.60ms
step:718/3250 train_time:113.873s step_avg:158.60ms
step:719/3250 train_time:114.027s step_avg:158.59ms
step:720/3250 train_time:114.184s step_avg:158.59ms
step:721/3250 train_time:114.339s step_avg:158.58ms
step:722/3250 train_time:114.493s step_avg:158.58ms
step:723/3250 train_time:114.647s step_avg:158.57ms
step:724/3250 train_time:114.801s step_avg:158.57ms
step:725/3250 train_time:114.955s step_avg:158.56ms
step:726/3250 train_time:115.110s step_avg:158.55ms
step:727/3250 train_time:115.264s step_avg:158.55ms
step:728/3250 train_time:115.420s step_avg:158.54ms
step:729/3250 train_time:115.574s step_avg:158.54ms
step:730/3250 train_time:115.727s step_avg:158.53ms
step:731/3250 train_time:115.883s step_avg:158.53ms
step:732/3250 train_time:116.038s step_avg:158.52ms
step:733/3250 train_time:116.192s step_avg:158.52ms
step:734/3250 train_time:116.346s step_avg:158.51ms
step:735/3250 train_time:116.501s step_avg:158.50ms
step:736/3250 train_time:116.655s step_avg:158.50ms
step:737/3250 train_time:116.809s step_avg:158.49ms
step:738/3250 train_time:116.964s step_avg:158.49ms
step:739/3250 train_time:117.120s step_avg:158.48ms
step:740/3250 train_time:117.274s step_avg:158.48ms
step:741/3250 train_time:117.427s step_avg:158.47ms
step:742/3250 train_time:117.585s step_avg:158.47ms
step:743/3250 train_time:117.740s step_avg:158.47ms
step:744/3250 train_time:117.896s step_avg:158.46ms
step:745/3250 train_time:118.050s step_avg:158.46ms
step:746/3250 train_time:118.204s step_avg:158.45ms
step:747/3250 train_time:118.359s step_avg:158.45ms
step:748/3250 train_time:118.513s step_avg:158.44ms
step:749/3250 train_time:118.667s step_avg:158.43ms
step:750/3250 train_time:118.821s step_avg:158.43ms
step:750/3250 val_loss:3.72128 train_time:118.834s step_avg:154.54ms
step:751/3250 train_time:118.979s step_avg:158.43ms
step:752/3250 train_time:119.132s step_avg:158.42ms
step:753/3250 train_time:119.287s step_avg:158.42ms
step:754/3250 train_time:119.441s step_avg:158.41ms
step:755/3250 train_time:119.594s step_avg:158.40ms
step:756/3250 train_time:119.748s step_avg:158.40ms
step:757/3250 train_time:119.904s step_avg:158.39ms
step:758/3250 train_time:120.057s step_avg:158.39ms
step:759/3250 train_time:120.212s step_avg:158.38ms
step:760/3250 train_time:120.367s step_avg:158.38ms
step:761/3250 train_time:120.563s step_avg:158.43ms
step:762/3250 train_time:120.716s step_avg:158.42ms
step:763/3250 train_time:120.869s step_avg:158.41ms
step:764/3250 train_time:121.022s step_avg:158.41ms
step:765/3250 train_time:121.177s step_avg:158.40ms
step:766/3250 train_time:121.331s step_avg:158.40ms
step:767/3250 train_time:121.489s step_avg:158.39ms
step:768/3250 train_time:121.644s step_avg:158.39ms
step:769/3250 train_time:121.799s step_avg:158.39ms
step:770/3250 train_time:121.952s step_avg:158.38ms
step:771/3250 train_time:122.106s step_avg:158.37ms
step:772/3250 train_time:122.260s step_avg:158.37ms
step:773/3250 train_time:122.413s step_avg:158.36ms
step:774/3250 train_time:122.569s step_avg:158.36ms
step:775/3250 train_time:122.724s step_avg:158.35ms
step:776/3250 train_time:122.878s step_avg:158.35ms
step:777/3250 train_time:123.033s step_avg:158.34ms
step:778/3250 train_time:123.188s step_avg:158.34ms
step:779/3250 train_time:123.342s step_avg:158.33ms
step:780/3250 train_time:123.496s step_avg:158.33ms
step:781/3250 train_time:123.649s step_avg:158.32ms
step:782/3250 train_time:123.804s step_avg:158.32ms
step:783/3250 train_time:123.958s step_avg:158.31ms
step:784/3250 train_time:124.111s step_avg:158.31ms
step:785/3250 train_time:124.267s step_avg:158.30ms
step:786/3250 train_time:124.420s step_avg:158.29ms
step:787/3250 train_time:124.574s step_avg:158.29ms
step:788/3250 train_time:124.728s step_avg:158.28ms
step:789/3250 train_time:124.884s step_avg:158.28ms
step:790/3250 train_time:125.038s step_avg:158.28ms
step:791/3250 train_time:125.192s step_avg:158.27ms
step:792/3250 train_time:125.347s step_avg:158.27ms
step:793/3250 train_time:125.503s step_avg:158.26ms
step:794/3250 train_time:125.657s step_avg:158.26ms
step:795/3250 train_time:125.810s step_avg:158.25ms
step:796/3250 train_time:125.965s step_avg:158.25ms
step:797/3250 train_time:126.120s step_avg:158.24ms
step:798/3250 train_time:126.274s step_avg:158.24ms
step:799/3250 train_time:126.428s step_avg:158.23ms
step:800/3250 train_time:126.585s step_avg:158.23ms
step:801/3250 train_time:126.738s step_avg:158.22ms
step:802/3250 train_time:126.893s step_avg:158.22ms
step:803/3250 train_time:127.047s step_avg:158.22ms
step:804/3250 train_time:127.202s step_avg:158.21ms
step:805/3250 train_time:127.358s step_avg:158.21ms
step:806/3250 train_time:127.511s step_avg:158.20ms
step:807/3250 train_time:127.667s step_avg:158.20ms
step:808/3250 train_time:127.820s step_avg:158.19ms
step:809/3250 train_time:127.974s step_avg:158.19ms
step:810/3250 train_time:128.128s step_avg:158.18ms
step:811/3250 train_time:128.284s step_avg:158.18ms
step:812/3250 train_time:128.438s step_avg:158.17ms
step:813/3250 train_time:128.592s step_avg:158.17ms
step:814/3250 train_time:128.746s step_avg:158.17ms
step:815/3250 train_time:128.901s step_avg:158.16ms
step:816/3250 train_time:129.054s step_avg:158.15ms
step:817/3250 train_time:129.209s step_avg:158.15ms
step:818/3250 train_time:129.364s step_avg:158.15ms
step:819/3250 train_time:129.518s step_avg:158.14ms
step:820/3250 train_time:129.673s step_avg:158.14ms
step:821/3250 train_time:129.828s step_avg:158.13ms
step:822/3250 train_time:129.983s step_avg:158.13ms
step:823/3250 train_time:130.136s step_avg:158.12ms
step:824/3250 train_time:130.291s step_avg:158.12ms
step:825/3250 train_time:130.447s step_avg:158.12ms
step:826/3250 train_time:130.601s step_avg:158.11ms
step:827/3250 train_time:130.754s step_avg:158.11ms
step:828/3250 train_time:130.909s step_avg:158.10ms
step:829/3250 train_time:131.065s step_avg:158.10ms
step:830/3250 train_time:131.219s step_avg:158.10ms
step:831/3250 train_time:131.373s step_avg:158.09ms
step:832/3250 train_time:131.527s step_avg:158.09ms
step:833/3250 train_time:131.682s step_avg:158.08ms
step:834/3250 train_time:131.836s step_avg:158.08ms
step:835/3250 train_time:131.989s step_avg:158.07ms
step:836/3250 train_time:132.145s step_avg:158.07ms
step:837/3250 train_time:132.300s step_avg:158.06ms
step:838/3250 train_time:132.454s step_avg:158.06ms
step:839/3250 train_time:132.609s step_avg:158.06ms
step:840/3250 train_time:132.764s step_avg:158.05ms
step:841/3250 train_time:132.918s step_avg:158.05ms
step:842/3250 train_time:133.073s step_avg:158.04ms
step:843/3250 train_time:133.228s step_avg:158.04ms
step:844/3250 train_time:133.383s step_avg:158.04ms
step:845/3250 train_time:133.537s step_avg:158.03ms
step:846/3250 train_time:133.692s step_avg:158.03ms
step:847/3250 train_time:133.847s step_avg:158.02ms
step:848/3250 train_time:134.004s step_avg:158.02ms
step:849/3250 train_time:134.157s step_avg:158.02ms
step:850/3250 train_time:134.311s step_avg:158.01ms
step:851/3250 train_time:134.467s step_avg:158.01ms
step:852/3250 train_time:134.622s step_avg:158.01ms
step:853/3250 train_time:134.777s step_avg:158.00ms
step:854/3250 train_time:134.930s step_avg:158.00ms
step:855/3250 train_time:135.085s step_avg:157.99ms
step:856/3250 train_time:135.238s step_avg:157.99ms
step:857/3250 train_time:135.392s step_avg:157.98ms
step:858/3250 train_time:135.546s step_avg:157.98ms
step:859/3250 train_time:135.702s step_avg:157.98ms
step:860/3250 train_time:135.856s step_avg:157.97ms
step:861/3250 train_time:136.011s step_avg:157.97ms
step:862/3250 train_time:136.167s step_avg:157.97ms
step:863/3250 train_time:136.320s step_avg:157.96ms
step:864/3250 train_time:136.473s step_avg:157.96ms
step:865/3250 train_time:136.628s step_avg:157.95ms
step:866/3250 train_time:136.782s step_avg:157.95ms
step:867/3250 train_time:136.936s step_avg:157.94ms
step:868/3250 train_time:137.090s step_avg:157.94ms
step:869/3250 train_time:137.245s step_avg:157.93ms
step:870/3250 train_time:137.400s step_avg:157.93ms
step:871/3250 train_time:137.553s step_avg:157.92ms
step:872/3250 train_time:137.708s step_avg:157.92ms
step:873/3250 train_time:137.862s step_avg:157.92ms
step:874/3250 train_time:138.016s step_avg:157.91ms
step:875/3250 train_time:138.171s step_avg:157.91ms
step:875/3250 val_loss:3.68328 train_time:138.183s step_avg:154.80ms
step:876/3250 train_time:138.330s step_avg:157.91ms
step:877/3250 train_time:138.483s step_avg:157.91ms
step:878/3250 train_time:138.637s step_avg:157.90ms
step:879/3250 train_time:138.792s step_avg:157.90ms
step:880/3250 train_time:138.945s step_avg:157.89ms
step:881/3250 train_time:139.099s step_avg:157.89ms
step:882/3250 train_time:139.254s step_avg:157.88ms
step:883/3250 train_time:139.408s step_avg:157.88ms
step:884/3250 train_time:139.562s step_avg:157.88ms
step:885/3250 train_time:139.716s step_avg:157.87ms
step:886/3250 train_time:139.871s step_avg:157.87ms
step:887/3250 train_time:140.026s step_avg:157.86ms
step:888/3250 train_time:140.183s step_avg:157.86ms
step:889/3250 train_time:140.337s step_avg:157.86ms
step:890/3250 train_time:140.492s step_avg:157.86ms
step:891/3250 train_time:140.645s step_avg:157.85ms
step:892/3250 train_time:140.799s step_avg:157.85ms
step:893/3250 train_time:140.953s step_avg:157.84ms
step:894/3250 train_time:141.107s step_avg:157.84ms
step:895/3250 train_time:141.260s step_avg:157.83ms
step:896/3250 train_time:141.415s step_avg:157.83ms
step:897/3250 train_time:141.570s step_avg:157.83ms
step:898/3250 train_time:141.725s step_avg:157.82ms
step:899/3250 train_time:141.880s step_avg:157.82ms
step:900/3250 train_time:142.036s step_avg:157.82ms
step:901/3250 train_time:142.192s step_avg:157.82ms
step:902/3250 train_time:142.346s step_avg:157.81ms
step:903/3250 train_time:142.500s step_avg:157.81ms
step:904/3250 train_time:142.654s step_avg:157.80ms
step:905/3250 train_time:142.809s step_avg:157.80ms
step:906/3250 train_time:142.963s step_avg:157.80ms
step:907/3250 train_time:143.117s step_avg:157.79ms
step:908/3250 train_time:143.272s step_avg:157.79ms
step:909/3250 train_time:143.427s step_avg:157.79ms
step:910/3250 train_time:143.581s step_avg:157.78ms
step:911/3250 train_time:143.736s step_avg:157.78ms
step:912/3250 train_time:143.890s step_avg:157.77ms
step:913/3250 train_time:144.044s step_avg:157.77ms
step:914/3250 train_time:144.198s step_avg:157.77ms
step:915/3250 train_time:144.353s step_avg:157.76ms
step:916/3250 train_time:144.509s step_avg:157.76ms
step:917/3250 train_time:144.662s step_avg:157.76ms
step:918/3250 train_time:144.817s step_avg:157.75ms
step:919/3250 train_time:144.972s step_avg:157.75ms
step:920/3250 train_time:145.126s step_avg:157.75ms
step:921/3250 train_time:145.281s step_avg:157.74ms
step:922/3250 train_time:145.435s step_avg:157.74ms
step:923/3250 train_time:145.590s step_avg:157.74ms
step:924/3250 train_time:145.743s step_avg:157.73ms
step:925/3250 train_time:145.897s step_avg:157.73ms
step:926/3250 train_time:146.053s step_avg:157.72ms
step:927/3250 train_time:146.208s step_avg:157.72ms
step:928/3250 train_time:146.362s step_avg:157.72ms
step:929/3250 train_time:146.516s step_avg:157.71ms
step:930/3250 train_time:146.672s step_avg:157.71ms
step:931/3250 train_time:146.825s step_avg:157.71ms
step:932/3250 train_time:146.979s step_avg:157.70ms
step:933/3250 train_time:147.135s step_avg:157.70ms
step:934/3250 train_time:147.292s step_avg:157.70ms
step:935/3250 train_time:147.447s step_avg:157.70ms
step:936/3250 train_time:147.601s step_avg:157.69ms
step:937/3250 train_time:147.755s step_avg:157.69ms
step:938/3250 train_time:147.910s step_avg:157.69ms
step:939/3250 train_time:148.064s step_avg:157.68ms
step:940/3250 train_time:148.218s step_avg:157.68ms
step:941/3250 train_time:148.373s step_avg:157.68ms
step:942/3250 train_time:148.529s step_avg:157.67ms
step:943/3250 train_time:148.682s step_avg:157.67ms
step:944/3250 train_time:148.836s step_avg:157.67ms
step:945/3250 train_time:148.994s step_avg:157.67ms
step:946/3250 train_time:149.148s step_avg:157.66ms
step:947/3250 train_time:149.302s step_avg:157.66ms
step:948/3250 train_time:149.456s step_avg:157.65ms
step:949/3250 train_time:149.613s step_avg:157.65ms
step:950/3250 train_time:149.768s step_avg:157.65ms
step:951/3250 train_time:149.961s step_avg:157.69ms
step:952/3250 train_time:150.114s step_avg:157.68ms
step:953/3250 train_time:150.269s step_avg:157.68ms
step:954/3250 train_time:150.423s step_avg:157.68ms
step:955/3250 train_time:150.575s step_avg:157.67ms
step:956/3250 train_time:150.731s step_avg:157.67ms
step:957/3250 train_time:150.885s step_avg:157.66ms
step:958/3250 train_time:151.038s step_avg:157.66ms
step:959/3250 train_time:151.195s step_avg:157.66ms
step:960/3250 train_time:151.349s step_avg:157.66ms
step:961/3250 train_time:151.503s step_avg:157.65ms
step:962/3250 train_time:151.657s step_avg:157.65ms
step:963/3250 train_time:151.813s step_avg:157.65ms
step:964/3250 train_time:151.968s step_avg:157.64ms
step:965/3250 train_time:152.122s step_avg:157.64ms
step:966/3250 train_time:152.275s step_avg:157.64ms
step:967/3250 train_time:152.431s step_avg:157.63ms
step:968/3250 train_time:152.586s step_avg:157.63ms
step:969/3250 train_time:152.739s step_avg:157.63ms
step:970/3250 train_time:152.894s step_avg:157.62ms
step:971/3250 train_time:153.049s step_avg:157.62ms
step:972/3250 train_time:153.203s step_avg:157.62ms
step:973/3250 train_time:153.356s step_avg:157.61ms
step:974/3250 train_time:153.511s step_avg:157.61ms
step:975/3250 train_time:153.666s step_avg:157.61ms
step:976/3250 train_time:153.819s step_avg:157.60ms
step:977/3250 train_time:153.973s step_avg:157.60ms
step:978/3250 train_time:154.127s step_avg:157.59ms
step:979/3250 train_time:154.282s step_avg:157.59ms
step:980/3250 train_time:154.436s step_avg:157.59ms
step:981/3250 train_time:154.592s step_avg:157.59ms
step:982/3250 train_time:154.745s step_avg:157.58ms
step:983/3250 train_time:154.900s step_avg:157.58ms
step:984/3250 train_time:155.054s step_avg:157.57ms
step:985/3250 train_time:155.210s step_avg:157.57ms
step:986/3250 train_time:155.363s step_avg:157.57ms
step:987/3250 train_time:155.517s step_avg:157.57ms
step:988/3250 train_time:155.672s step_avg:157.56ms
step:989/3250 train_time:155.827s step_avg:157.56ms
step:990/3250 train_time:155.981s step_avg:157.56ms
step:991/3250 train_time:156.135s step_avg:157.55ms
step:992/3250 train_time:156.290s step_avg:157.55ms
step:993/3250 train_time:156.444s step_avg:157.55ms
step:994/3250 train_time:156.598s step_avg:157.54ms
step:995/3250 train_time:156.753s step_avg:157.54ms
step:996/3250 train_time:156.908s step_avg:157.54ms
step:997/3250 train_time:157.062s step_avg:157.53ms
step:998/3250 train_time:157.217s step_avg:157.53ms
step:999/3250 train_time:157.372s step_avg:157.53ms
step:1000/3250 train_time:157.527s step_avg:157.53ms
step:1000/3250 val_loss:3.65009 train_time:157.539s step_avg:154.84ms
step:1001/3250 train_time:157.683s step_avg:157.53ms
step:1002/3250 train_time:158.644s step_avg:158.33ms
step:1003/3250 train_time:158.807s step_avg:158.33ms
step:1004/3250 train_time:158.969s step_avg:158.34ms
step:1005/3250 train_time:159.131s step_avg:158.34ms
step:1006/3250 train_time:159.292s step_avg:158.34ms
step:1007/3250 train_time:159.453s step_avg:158.34ms
step:1008/3250 train_time:159.616s step_avg:158.35ms
step:1009/3250 train_time:159.780s step_avg:158.36ms
step:1010/3250 train_time:159.943s step_avg:158.36ms
step:1011/3250 train_time:160.104s step_avg:158.36ms
step:1012/3250 train_time:160.266s step_avg:158.37ms
step:1013/3250 train_time:160.427s step_avg:158.37ms
step:1014/3250 train_time:160.589s step_avg:158.37ms
step:1015/3250 train_time:160.751s step_avg:158.38ms
step:1016/3250 train_time:160.912s step_avg:158.38ms
step:1017/3250 train_time:161.076s step_avg:158.38ms
step:1018/3250 train_time:161.239s step_avg:158.39ms
step:1019/3250 train_time:161.401s step_avg:158.39ms
step:1020/3250 train_time:161.563s step_avg:158.40ms
step:1021/3250 train_time:161.725s step_avg:158.40ms
step:1022/3250 train_time:161.887s step_avg:158.40ms
step:1023/3250 train_time:162.048s step_avg:158.40ms
step:1024/3250 train_time:162.209s step_avg:158.41ms
step:1025/3250 train_time:162.372s step_avg:158.41ms
step:1026/3250 train_time:162.533s step_avg:158.41ms
step:1027/3250 train_time:162.696s step_avg:158.42ms
step:1028/3250 train_time:162.860s step_avg:158.42ms
step:1029/3250 train_time:163.023s step_avg:158.43ms
step:1030/3250 train_time:163.184s step_avg:158.43ms
step:1031/3250 train_time:163.347s step_avg:158.44ms
step:1032/3250 train_time:163.508s step_avg:158.44ms
step:1033/3250 train_time:163.672s step_avg:158.44ms
step:1034/3250 train_time:163.834s step_avg:158.45ms
step:1035/3250 train_time:163.997s step_avg:158.45ms
step:1036/3250 train_time:164.159s step_avg:158.45ms
step:1037/3250 train_time:164.320s step_avg:158.46ms
step:1038/3250 train_time:164.481s step_avg:158.46ms
step:1039/3250 train_time:164.644s step_avg:158.46ms
step:1040/3250 train_time:164.806s step_avg:158.47ms
step:1041/3250 train_time:164.969s step_avg:158.47ms
step:1042/3250 train_time:165.131s step_avg:158.48ms
step:1043/3250 train_time:165.292s step_avg:158.48ms
step:1044/3250 train_time:165.455s step_avg:158.48ms
step:1045/3250 train_time:165.618s step_avg:158.49ms
step:1046/3250 train_time:165.781s step_avg:158.49ms
step:1047/3250 train_time:165.942s step_avg:158.49ms
step:1048/3250 train_time:166.103s step_avg:158.50ms
step:1049/3250 train_time:166.264s step_avg:158.50ms
step:1050/3250 train_time:166.426s step_avg:158.50ms
step:1051/3250 train_time:166.589s step_avg:158.51ms
step:1052/3250 train_time:166.751s step_avg:158.51ms
step:1053/3250 train_time:166.912s step_avg:158.51ms
step:1054/3250 train_time:167.075s step_avg:158.51ms
step:1055/3250 train_time:167.238s step_avg:158.52ms
step:1056/3250 train_time:167.400s step_avg:158.52ms
step:1057/3250 train_time:167.563s step_avg:158.53ms
step:1058/3250 train_time:167.724s step_avg:158.53ms
step:1059/3250 train_time:167.887s step_avg:158.53ms
step:1060/3250 train_time:168.049s step_avg:158.54ms
step:1061/3250 train_time:168.211s step_avg:158.54ms
step:1062/3250 train_time:168.374s step_avg:158.54ms
step:1063/3250 train_time:168.538s step_avg:158.55ms
step:1064/3250 train_time:168.700s step_avg:158.55ms
step:1065/3250 train_time:168.864s step_avg:158.56ms
step:1066/3250 train_time:169.025s step_avg:158.56ms
step:1067/3250 train_time:169.185s step_avg:158.56ms
step:1068/3250 train_time:169.347s step_avg:158.56ms
step:1069/3250 train_time:169.510s step_avg:158.57ms
step:1070/3250 train_time:169.672s step_avg:158.57ms
step:1071/3250 train_time:169.834s step_avg:158.58ms
step:1072/3250 train_time:169.997s step_avg:158.58ms
step:1073/3250 train_time:170.160s step_avg:158.58ms
step:1074/3250 train_time:170.322s step_avg:158.59ms
step:1075/3250 train_time:170.484s step_avg:158.59ms
step:1076/3250 train_time:170.645s step_avg:158.59ms
step:1077/3250 train_time:170.807s step_avg:158.60ms
step:1078/3250 train_time:170.971s step_avg:158.60ms
step:1079/3250 train_time:171.133s step_avg:158.60ms
step:1080/3250 train_time:171.296s step_avg:158.61ms
step:1081/3250 train_time:171.459s step_avg:158.61ms
step:1082/3250 train_time:171.620s step_avg:158.61ms
step:1083/3250 train_time:171.782s step_avg:158.62ms
step:1084/3250 train_time:171.944s step_avg:158.62ms
step:1085/3250 train_time:172.105s step_avg:158.62ms
step:1086/3250 train_time:172.268s step_avg:158.63ms
step:1087/3250 train_time:172.431s step_avg:158.63ms
step:1088/3250 train_time:172.592s step_avg:158.63ms
step:1089/3250 train_time:172.754s step_avg:158.64ms
step:1090/3250 train_time:172.916s step_avg:158.64ms
step:1091/3250 train_time:173.080s step_avg:158.64ms
step:1092/3250 train_time:173.242s step_avg:158.65ms
step:1093/3250 train_time:173.405s step_avg:158.65ms
step:1094/3250 train_time:173.566s step_avg:158.65ms
step:1095/3250 train_time:173.728s step_avg:158.66ms
step:1096/3250 train_time:173.891s step_avg:158.66ms
step:1097/3250 train_time:174.053s step_avg:158.66ms
step:1098/3250 train_time:174.216s step_avg:158.67ms
step:1099/3250 train_time:174.380s step_avg:158.67ms
step:1100/3250 train_time:174.542s step_avg:158.67ms
step:1101/3250 train_time:174.704s step_avg:158.68ms
step:1102/3250 train_time:174.866s step_avg:158.68ms
step:1103/3250 train_time:175.028s step_avg:158.68ms
step:1104/3250 train_time:175.192s step_avg:158.69ms
step:1105/3250 train_time:175.355s step_avg:158.69ms
step:1106/3250 train_time:175.517s step_avg:158.70ms
step:1107/3250 train_time:175.680s step_avg:158.70ms
step:1108/3250 train_time:175.842s step_avg:158.70ms
step:1109/3250 train_time:176.004s step_avg:158.70ms
step:1110/3250 train_time:176.165s step_avg:158.71ms
step:1111/3250 train_time:176.327s step_avg:158.71ms
step:1112/3250 train_time:176.489s step_avg:158.71ms
step:1113/3250 train_time:176.652s step_avg:158.72ms
step:1114/3250 train_time:176.816s step_avg:158.72ms
step:1115/3250 train_time:176.979s step_avg:158.73ms
step:1116/3250 train_time:177.140s step_avg:158.73ms
step:1117/3250 train_time:177.302s step_avg:158.73ms
step:1118/3250 train_time:177.464s step_avg:158.73ms
step:1119/3250 train_time:177.626s step_avg:158.74ms
step:1120/3250 train_time:177.788s step_avg:158.74ms
step:1121/3250 train_time:177.951s step_avg:158.74ms
step:1122/3250 train_time:178.113s step_avg:158.75ms
step:1123/3250 train_time:178.276s step_avg:158.75ms
step:1124/3250 train_time:178.438s step_avg:158.75ms
step:1125/3250 train_time:178.600s step_avg:158.76ms
step:1125/3250 val_loss:3.63089 train_time:178.600s step_avg:168.49ms
probe_ema: n=84934656 align=-0.50972,-0.47591,-0.44211,-0.40829,-0.37504,-0.34274,-0.31200,-0.28610 rel_mse=1.06833,1.04844,1.03396,1.02363,1.01633,1.01121,1.00767,1.00533
step:1126/3250 train_time:178.763s step_avg:158.76ms
step:1127/3250 train_time:178.927s step_avg:158.76ms
step:1128/3250 train_time:179.091s step_avg:158.77ms
step:1129/3250 train_time:179.253s step_avg:158.77ms
step:1130/3250 train_time:179.416s step_avg:158.78ms
step:1131/3250 train_time:179.577s step_avg:158.78ms
step:1132/3250 train_time:179.739s step_avg:158.78ms
step:1133/3250 train_time:179.901s step_avg:158.78ms
step:1134/3250 train_time:180.064s step_avg:158.79ms
step:1135/3250 train_time:180.226s step_avg:158.79ms
step:1136/3250 train_time:180.391s step_avg:158.79ms
step:1137/3250 train_time:180.552s step_avg:158.80ms
step:1138/3250 train_time:180.715s step_avg:158.80ms
step:1139/3250 train_time:180.877s step_avg:158.80ms
step:1140/3250 train_time:181.038s step_avg:158.81ms
step:1141/3250 train_time:181.257s step_avg:158.86ms
step:1142/3250 train_time:181.422s step_avg:158.86ms
step:1143/3250 train_time:181.583s step_avg:158.87ms
step:1144/3250 train_time:181.745s step_avg:158.87ms
step:1145/3250 train_time:181.906s step_avg:158.87ms
step:1146/3250 train_time:182.070s step_avg:158.87ms
step:1147/3250 train_time:182.233s step_avg:158.88ms
step:1148/3250 train_time:182.397s step_avg:158.88ms
step:1149/3250 train_time:182.558s step_avg:158.88ms
step:1150/3250 train_time:182.719s step_avg:158.89ms
step:1151/3250 train_time:182.880s step_avg:158.89ms
step:1152/3250 train_time:183.043s step_avg:158.89ms
step:1153/3250 train_time:183.204s step_avg:158.89ms
step:1154/3250 train_time:183.366s step_avg:158.90ms
step:1155/3250 train_time:183.528s step_avg:158.90ms
step:1156/3250 train_time:183.690s step_avg:158.90ms
step:1157/3250 train_time:183.852s step_avg:158.90ms
step:1158/3250 train_time:184.014s step_avg:158.91ms
step:1159/3250 train_time:184.175s step_avg:158.91ms
step:1160/3250 train_time:184.337s step_avg:158.91ms
step:1161/3250 train_time:184.497s step_avg:158.91ms
step:1162/3250 train_time:184.660s step_avg:158.92ms
step:1163/3250 train_time:184.821s step_avg:158.92ms
step:1164/3250 train_time:184.984s step_avg:158.92ms
step:1165/3250 train_time:185.149s step_avg:158.93ms
step:1166/3250 train_time:185.311s step_avg:158.93ms
step:1167/3250 train_time:185.474s step_avg:158.93ms
step:1168/3250 train_time:185.639s step_avg:158.94ms
step:1169/3250 train_time:185.801s step_avg:158.94ms
step:1170/3250 train_time:185.965s step_avg:158.94ms
step:1171/3250 train_time:186.127s step_avg:158.95ms
step:1172/3250 train_time:186.291s step_avg:158.95ms
step:1173/3250 train_time:186.452s step_avg:158.95ms
step:1174/3250 train_time:186.613s step_avg:158.95ms
step:1175/3250 train_time:186.775s step_avg:158.96ms
step:1176/3250 train_time:186.936s step_avg:158.96ms
step:1177/3250 train_time:187.098s step_avg:158.96ms
step:1178/3250 train_time:187.260s step_avg:158.96ms
step:1179/3250 train_time:187.421s step_avg:158.97ms
step:1180/3250 train_time:187.584s step_avg:158.97ms
step:1181/3250 train_time:187.746s step_avg:158.97ms
step:1182/3250 train_time:187.906s step_avg:158.97ms
step:1183/3250 train_time:188.069s step_avg:158.98ms
step:1184/3250 train_time:188.231s step_avg:158.98ms
step:1185/3250 train_time:188.395s step_avg:158.98ms
step:1186/3250 train_time:188.557s step_avg:158.99ms
step:1187/3250 train_time:188.718s step_avg:158.99ms
step:1188/3250 train_time:188.882s step_avg:158.99ms
step:1189/3250 train_time:189.043s step_avg:158.99ms
step:1190/3250 train_time:189.205s step_avg:159.00ms
step:1191/3250 train_time:189.369s step_avg:159.00ms
step:1192/3250 train_time:189.530s step_avg:159.00ms
step:1193/3250 train_time:189.694s step_avg:159.01ms
step:1194/3250 train_time:189.855s step_avg:159.01ms
step:1195/3250 train_time:190.017s step_avg:159.01ms
step:1196/3250 train_time:190.178s step_avg:159.01ms
step:1197/3250 train_time:190.339s step_avg:159.01ms
step:1198/3250 train_time:190.502s step_avg:159.02ms
step:1199/3250 train_time:190.664s step_avg:159.02ms
step:1200/3250 train_time:190.825s step_avg:159.02ms
step:1201/3250 train_time:190.987s step_avg:159.02ms
step:1202/3250 train_time:191.152s step_avg:159.03ms
step:1203/3250 train_time:191.314s step_avg:159.03ms
step:1204/3250 train_time:191.477s step_avg:159.03ms
step:1205/3250 train_time:191.638s step_avg:159.04ms
step:1206/3250 train_time:191.801s step_avg:159.04ms
step:1207/3250 train_time:191.964s step_avg:159.04ms
step:1208/3250 train_time:192.126s step_avg:159.04ms
step:1209/3250 train_time:192.289s step_avg:159.05ms
step:1210/3250 train_time:192.452s step_avg:159.05ms
step:1211/3250 train_time:192.615s step_avg:159.05ms
step:1212/3250 train_time:192.775s step_avg:159.06ms
step:1213/3250 train_time:192.938s step_avg:159.06ms
step:1214/3250 train_time:193.101s step_avg:159.06ms
step:1215/3250 train_time:193.264s step_avg:159.06ms
step:1216/3250 train_time:193.427s step_avg:159.07ms
step:1217/3250 train_time:193.590s step_avg:159.07ms
step:1218/3250 train_time:193.753s step_avg:159.07ms
step:1219/3250 train_time:193.913s step_avg:159.08ms
step:1220/3250 train_time:194.075s step_avg:159.08ms
step:1221/3250 train_time:194.237s step_avg:159.08ms
step:1222/3250 train_time:194.399s step_avg:159.08ms
step:1223/3250 train_time:194.561s step_avg:159.08ms
step:1224/3250 train_time:194.722s step_avg:159.09ms
step:1225/3250 train_time:194.885s step_avg:159.09ms
step:1226/3250 train_time:195.048s step_avg:159.09ms
step:1227/3250 train_time:195.210s step_avg:159.09ms
step:1228/3250 train_time:195.373s step_avg:159.10ms
step:1229/3250 train_time:195.533s step_avg:159.10ms
step:1230/3250 train_time:195.695s step_avg:159.10ms
step:1231/3250 train_time:195.856s step_avg:159.10ms
step:1232/3250 train_time:196.019s step_avg:159.11ms
step:1233/3250 train_time:196.182s step_avg:159.11ms
step:1234/3250 train_time:196.346s step_avg:159.11ms
step:1235/3250 train_time:196.508s step_avg:159.12ms
step:1236/3250 train_time:196.671s step_avg:159.12ms
step:1237/3250 train_time:196.832s step_avg:159.12ms
step:1238/3250 train_time:196.994s step_avg:159.12ms
step:1239/3250 train_time:197.157s step_avg:159.13ms
step:1240/3250 train_time:197.318s step_avg:159.13ms
step:1241/3250 train_time:197.479s step_avg:159.13ms
step:1242/3250 train_time:197.641s step_avg:159.13ms
step:1243/3250 train_time:197.803s step_avg:159.13ms
step:1244/3250 train_time:197.965s step_avg:159.14ms
step:1245/3250 train_time:198.128s step_avg:159.14ms
step:1246/3250 train_time:198.291s step_avg:159.14ms
step:1247/3250 train_time:198.453s step_avg:159.14ms
step:1248/3250 train_time:198.614s step_avg:159.15ms
step:1249/3250 train_time:198.776s step_avg:159.15ms
step:1250/3250 train_time:198.937s step_avg:159.15ms
step:1250/3250 val_loss:3.58822 train_time:198.938s step_avg:162.70ms
probe_ema: n=84934656 align=-0.46099,-0.42640,-0.39372,-0.36332,-0.33499,-0.30812,-0.28167,-0.25427 rel_mse=1.06095,1.04319,1.03031,1.02112,1.01463,1.01009,1.00692,1.00474
step:1251/3250 train_time:199.104s step_avg:159.16ms
step:1252/3250 train_time:199.267s step_avg:159.16ms
step:1253/3250 train_time:199.429s step_avg:159.16ms
step:1254/3250 train_time:199.593s step_avg:159.16ms
step:1255/3250 train_time:199.755s step_avg:159.17ms
step:1256/3250 train_time:199.917s step_avg:159.17ms
step:1257/3250 train_time:200.079s step_avg:159.17ms
step:1258/3250 train_time:200.242s step_avg:159.18ms
step:1259/3250 train_time:200.404s step_avg:159.18ms
step:1260/3250 train_time:200.565s step_avg:159.18ms
step:1261/3250 train_time:200.728s step_avg:159.18ms
step:1262/3250 train_time:200.889s step_avg:159.18ms
step:1263/3250 train_time:201.050s step_avg:159.18ms
step:1264/3250 train_time:201.212s step_avg:159.19ms
step:1265/3250 train_time:201.373s step_avg:159.19ms
step:1266/3250 train_time:201.536s step_avg:159.19ms
step:1267/3250 train_time:201.698s step_avg:159.19ms
step:1268/3250 train_time:201.861s step_avg:159.20ms
step:1269/3250 train_time:202.022s step_avg:159.20ms
step:1270/3250 train_time:202.183s step_avg:159.20ms
step:1271/3250 train_time:202.347s step_avg:159.20ms
step:1272/3250 train_time:202.507s step_avg:159.20ms
step:1273/3250 train_time:202.668s step_avg:159.21ms
step:1274/3250 train_time:202.831s step_avg:159.21ms
step:1275/3250 train_time:202.992s step_avg:159.21ms
step:1276/3250 train_time:203.155s step_avg:159.21ms
step:1277/3250 train_time:203.318s step_avg:159.22ms
step:1278/3250 train_time:203.480s step_avg:159.22ms
step:1279/3250 train_time:203.642s step_avg:159.22ms
step:1280/3250 train_time:203.804s step_avg:159.22ms
step:1281/3250 train_time:203.967s step_avg:159.23ms
step:1282/3250 train_time:204.129s step_avg:159.23ms
step:1283/3250 train_time:204.290s step_avg:159.23ms
step:1284/3250 train_time:204.451s step_avg:159.23ms
step:1285/3250 train_time:204.613s step_avg:159.23ms
step:1286/3250 train_time:204.775s step_avg:159.23ms
step:1287/3250 train_time:204.938s step_avg:159.24ms
step:1288/3250 train_time:205.099s step_avg:159.24ms
step:1289/3250 train_time:205.260s step_avg:159.24ms
step:1290/3250 train_time:205.423s step_avg:159.24ms
step:1291/3250 train_time:205.584s step_avg:159.24ms
step:1292/3250 train_time:205.745s step_avg:159.25ms
step:1293/3250 train_time:205.906s step_avg:159.25ms
step:1294/3250 train_time:206.067s step_avg:159.25ms
step:1295/3250 train_time:206.229s step_avg:159.25ms
step:1296/3250 train_time:206.392s step_avg:159.25ms
step:1297/3250 train_time:206.553s step_avg:159.25ms
step:1298/3250 train_time:206.716s step_avg:159.26ms
step:1299/3250 train_time:206.878s step_avg:159.26ms
step:1300/3250 train_time:207.042s step_avg:159.26ms
step:1301/3250 train_time:207.204s step_avg:159.27ms
step:1302/3250 train_time:207.365s step_avg:159.27ms
step:1303/3250 train_time:207.527s step_avg:159.27ms
step:1304/3250 train_time:207.690s step_avg:159.27ms
step:1305/3250 train_time:207.854s step_avg:159.28ms
step:1306/3250 train_time:208.016s step_avg:159.28ms
step:1307/3250 train_time:208.177s step_avg:159.28ms
step:1308/3250 train_time:208.341s step_avg:159.28ms
step:1309/3250 train_time:208.504s step_avg:159.28ms
step:1310/3250 train_time:208.665s step_avg:159.29ms
step:1311/3250 train_time:208.826s step_avg:159.29ms
step:1312/3250 train_time:208.987s step_avg:159.29ms
step:1313/3250 train_time:209.150s step_avg:159.29ms
step:1314/3250 train_time:209.313s step_avg:159.29ms
step:1315/3250 train_time:209.475s step_avg:159.30ms
step:1316/3250 train_time:209.638s step_avg:159.30ms
step:1317/3250 train_time:209.802s step_avg:159.30ms
step:1318/3250 train_time:209.963s step_avg:159.30ms
step:1319/3250 train_time:210.125s step_avg:159.31ms
step:1320/3250 train_time:210.285s step_avg:159.31ms
step:1321/3250 train_time:210.446s step_avg:159.31ms
step:1322/3250 train_time:210.607s step_avg:159.31ms
step:1323/3250 train_time:210.768s step_avg:159.31ms
step:1324/3250 train_time:210.931s step_avg:159.31ms
step:1325/3250 train_time:211.091s step_avg:159.31ms
step:1326/3250 train_time:211.253s step_avg:159.32ms
step:1327/3250 train_time:211.416s step_avg:159.32ms
step:1328/3250 train_time:211.579s step_avg:159.32ms
step:1329/3250 train_time:211.741s step_avg:159.32ms
step:1330/3250 train_time:211.903s step_avg:159.33ms
step:1331/3250 train_time:212.116s step_avg:159.37ms
step:1332/3250 train_time:212.280s step_avg:159.37ms
step:1333/3250 train_time:212.442s step_avg:159.37ms
step:1334/3250 train_time:212.604s step_avg:159.37ms
step:1335/3250 train_time:212.765s step_avg:159.37ms
step:1336/3250 train_time:212.928s step_avg:159.38ms
step:1337/3250 train_time:213.090s step_avg:159.38ms
step:1338/3250 train_time:213.251s step_avg:159.38ms
step:1339/3250 train_time:213.414s step_avg:159.38ms
step:1340/3250 train_time:213.576s step_avg:159.39ms
step:1341/3250 train_time:213.742s step_avg:159.39ms
step:1342/3250 train_time:213.904s step_avg:159.39ms
step:1343/3250 train_time:214.067s step_avg:159.39ms
step:1344/3250 train_time:214.230s step_avg:159.40ms
step:1345/3250 train_time:214.391s step_avg:159.40ms
step:1346/3250 train_time:214.555s step_avg:159.40ms
step:1347/3250 train_time:214.717s step_avg:159.40ms
step:1348/3250 train_time:214.879s step_avg:159.41ms
step:1349/3250 train_time:215.041s step_avg:159.41ms
step:1350/3250 train_time:215.202s step_avg:159.41ms
step:1351/3250 train_time:215.364s step_avg:159.41ms
step:1352/3250 train_time:215.525s step_avg:159.41ms
step:1353/3250 train_time:215.686s step_avg:159.41ms
step:1354/3250 train_time:215.848s step_avg:159.42ms
step:1355/3250 train_time:216.011s step_avg:159.42ms
step:1356/3250 train_time:216.172s step_avg:159.42ms
step:1357/3250 train_time:216.335s step_avg:159.42ms
step:1358/3250 train_time:216.498s step_avg:159.42ms
step:1359/3250 train_time:216.662s step_avg:159.43ms
step:1360/3250 train_time:216.824s step_avg:159.43ms
step:1361/3250 train_time:216.986s step_avg:159.43ms
step:1362/3250 train_time:217.147s step_avg:159.43ms
step:1363/3250 train_time:217.308s step_avg:159.43ms
step:1364/3250 train_time:217.471s step_avg:159.44ms
step:1365/3250 train_time:217.634s step_avg:159.44ms
step:1366/3250 train_time:217.795s step_avg:159.44ms
step:1367/3250 train_time:217.957s step_avg:159.44ms
step:1368/3250 train_time:218.121s step_avg:159.44ms
step:1369/3250 train_time:218.284s step_avg:159.45ms
step:1370/3250 train_time:218.448s step_avg:159.45ms
step:1371/3250 train_time:218.611s step_avg:159.45ms
step:1372/3250 train_time:218.774s step_avg:159.46ms
step:1373/3250 train_time:218.936s step_avg:159.46ms
step:1374/3250 train_time:219.100s step_avg:159.46ms
step:1375/3250 train_time:219.262s step_avg:159.46ms
step:1375/3250 val_loss:3.55853 train_time:219.262s step_avg:162.60ms
probe_ema: n=84934656 align=-0.45974,-0.42445,-0.39144,-0.36214,-0.33646,-0.31336,-0.29138,-0.26894 rel_mse=1.06475,1.04660,1.03297,1.02301,1.01592,1.01094,1.00749,1.00512
step:1376/3250 train_time:219.428s step_avg:159.47ms
step:1377/3250 train_time:219.590s step_avg:159.47ms
step:1378/3250 train_time:219.753s step_avg:159.47ms
step:1379/3250 train_time:219.915s step_avg:159.47ms
step:1380/3250 train_time:220.080s step_avg:159.48ms
step:1381/3250 train_time:220.244s step_avg:159.48ms
step:1382/3250 train_time:220.406s step_avg:159.48ms
step:1383/3250 train_time:220.569s step_avg:159.49ms
step:1384/3250 train_time:220.731s step_avg:159.49ms
step:1385/3250 train_time:220.895s step_avg:159.49ms
step:1386/3250 train_time:221.056s step_avg:159.49ms
step:1387/3250 train_time:221.216s step_avg:159.49ms
step:1388/3250 train_time:221.380s step_avg:159.50ms
step:1389/3250 train_time:221.541s step_avg:159.50ms
step:1390/3250 train_time:221.701s step_avg:159.50ms
step:1391/3250 train_time:221.865s step_avg:159.50ms
step:1392/3250 train_time:222.027s step_avg:159.50ms
step:1393/3250 train_time:222.189s step_avg:159.50ms
step:1394/3250 train_time:222.351s step_avg:159.51ms
step:1395/3250 train_time:222.512s step_avg:159.51ms
step:1396/3250 train_time:222.674s step_avg:159.51ms
step:1397/3250 train_time:222.835s step_avg:159.51ms
step:1398/3250 train_time:222.996s step_avg:159.51ms
step:1399/3250 train_time:223.159s step_avg:159.51ms
step:1400/3250 train_time:223.320s step_avg:159.51ms
step:1401/3250 train_time:223.481s step_avg:159.52ms
step:1402/3250 train_time:223.644s step_avg:159.52ms
step:1403/3250 train_time:223.805s step_avg:159.52ms
step:1404/3250 train_time:223.970s step_avg:159.52ms
step:1405/3250 train_time:224.130s step_avg:159.52ms
step:1406/3250 train_time:224.292s step_avg:159.52ms
step:1407/3250 train_time:224.453s step_avg:159.53ms
step:1408/3250 train_time:224.614s step_avg:159.53ms
step:1409/3250 train_time:224.777s step_avg:159.53ms
step:1410/3250 train_time:224.938s step_avg:159.53ms
step:1411/3250 train_time:225.100s step_avg:159.53ms
step:1412/3250 train_time:225.262s step_avg:159.53ms
step:1413/3250 train_time:225.423s step_avg:159.53ms
step:1414/3250 train_time:225.585s step_avg:159.54ms
step:1415/3250 train_time:225.747s step_avg:159.54ms
step:1416/3250 train_time:225.909s step_avg:159.54ms
step:1417/3250 train_time:226.071s step_avg:159.54ms
step:1418/3250 train_time:226.232s step_avg:159.54ms
step:1419/3250 train_time:226.395s step_avg:159.55ms
step:1420/3250 train_time:226.557s step_avg:159.55ms
step:1421/3250 train_time:226.718s step_avg:159.55ms
step:1422/3250 train_time:226.880s step_avg:159.55ms
step:1423/3250 train_time:227.043s step_avg:159.55ms
step:1424/3250 train_time:227.206s step_avg:159.55ms
step:1425/3250 train_time:227.369s step_avg:159.56ms
step:1426/3250 train_time:227.530s step_avg:159.56ms
step:1427/3250 train_time:227.693s step_avg:159.56ms
step:1428/3250 train_time:227.854s step_avg:159.56ms
step:1429/3250 train_time:228.016s step_avg:159.56ms
step:1430/3250 train_time:228.177s step_avg:159.56ms
step:1431/3250 train_time:228.340s step_avg:159.57ms
step:1432/3250 train_time:228.501s step_avg:159.57ms
step:1433/3250 train_time:228.662s step_avg:159.57ms
step:1434/3250 train_time:228.825s step_avg:159.57ms
step:1435/3250 train_time:228.988s step_avg:159.57ms
step:1436/3250 train_time:229.150s step_avg:159.58ms
step:1437/3250 train_time:229.312s step_avg:159.58ms
step:1438/3250 train_time:229.474s step_avg:159.58ms
step:1439/3250 train_time:229.635s step_avg:159.58ms
step:1440/3250 train_time:229.797s step_avg:159.58ms
step:1441/3250 train_time:229.958s step_avg:159.58ms
step:1442/3250 train_time:230.118s step_avg:159.58ms
step:1443/3250 train_time:230.282s step_avg:159.59ms
step:1444/3250 train_time:230.443s step_avg:159.59ms
step:1445/3250 train_time:230.605s step_avg:159.59ms
step:1446/3250 train_time:230.769s step_avg:159.59ms
step:1447/3250 train_time:230.931s step_avg:159.59ms
step:1448/3250 train_time:231.093s step_avg:159.59ms
step:1449/3250 train_time:231.254s step_avg:159.60ms
step:1450/3250 train_time:231.415s step_avg:159.60ms
step:1451/3250 train_time:231.575s step_avg:159.60ms
step:1452/3250 train_time:231.737s step_avg:159.60ms
step:1453/3250 train_time:231.899s step_avg:159.60ms
step:1454/3250 train_time:232.060s step_avg:159.60ms
step:1455/3250 train_time:232.221s step_avg:159.60ms
step:1456/3250 train_time:232.383s step_avg:159.60ms
step:1457/3250 train_time:232.546s step_avg:159.61ms
step:1458/3250 train_time:232.707s step_avg:159.61ms
step:1459/3250 train_time:232.869s step_avg:159.61ms
step:1460/3250 train_time:233.030s step_avg:159.61ms
step:1461/3250 train_time:233.190s step_avg:159.61ms
step:1462/3250 train_time:233.352s step_avg:159.61ms
step:1463/3250 train_time:233.514s step_avg:159.61ms
step:1464/3250 train_time:233.677s step_avg:159.62ms
step:1465/3250 train_time:233.839s step_avg:159.62ms
step:1466/3250 train_time:234.000s step_avg:159.62ms
step:1467/3250 train_time:234.163s step_avg:159.62ms
step:1468/3250 train_time:234.324s step_avg:159.62ms
step:1469/3250 train_time:234.486s step_avg:159.62ms
step:1470/3250 train_time:234.648s step_avg:159.62ms
step:1471/3250 train_time:234.812s step_avg:159.63ms
step:1472/3250 train_time:234.975s step_avg:159.63ms
step:1473/3250 train_time:235.137s step_avg:159.63ms
step:1474/3250 train_time:235.299s step_avg:159.63ms
step:1475/3250 train_time:235.460s step_avg:159.63ms
step:1476/3250 train_time:235.621s step_avg:159.64ms
step:1477/3250 train_time:235.786s step_avg:159.64ms
step:1478/3250 train_time:235.948s step_avg:159.64ms
step:1479/3250 train_time:236.110s step_avg:159.64ms
step:1480/3250 train_time:236.273s step_avg:159.64ms
step:1481/3250 train_time:236.435s step_avg:159.65ms
step:1482/3250 train_time:236.596s step_avg:159.65ms
step:1483/3250 train_time:236.758s step_avg:159.65ms
step:1484/3250 train_time:236.918s step_avg:159.65ms
step:1485/3250 train_time:237.079s step_avg:159.65ms
step:1486/3250 train_time:237.241s step_avg:159.65ms
step:1487/3250 train_time:237.403s step_avg:159.65ms
step:1488/3250 train_time:237.565s step_avg:159.65ms
step:1489/3250 train_time:237.727s step_avg:159.66ms
step:1490/3250 train_time:237.890s step_avg:159.66ms
step:1491/3250 train_time:238.052s step_avg:159.66ms
step:1492/3250 train_time:238.214s step_avg:159.66ms
step:1493/3250 train_time:238.376s step_avg:159.66ms
step:1494/3250 train_time:238.537s step_avg:159.66ms
step:1495/3250 train_time:238.702s step_avg:159.67ms
step:1496/3250 train_time:238.863s step_avg:159.67ms
step:1497/3250 train_time:239.025s step_avg:159.67ms
step:1498/3250 train_time:239.190s step_avg:159.67ms
step:1499/3250 train_time:239.352s step_avg:159.67ms
step:1500/3250 train_time:239.514s step_avg:159.68ms
step:1500/3250 val_loss:3.52972 train_time:239.514s step_avg:162.02ms
probe_ema: n=84934656 align=-0.38467,-0.35887,-0.33390,-0.30997,-0.28732,-0.26600,-0.24548,-0.22463 rel_mse=1.04561,1.03239,1.02270,1.01575,1.01085,1.00744,1.00508,1.00346
step:1501/3250 train_time:239.680s step_avg:159.68ms
step:1502/3250 train_time:239.844s step_avg:159.68ms
step:1503/3250 train_time:240.005s step_avg:159.68ms
step:1504/3250 train_time:240.169s step_avg:159.69ms
step:1505/3250 train_time:240.331s step_avg:159.69ms
step:1506/3250 train_time:240.492s step_avg:159.69ms
step:1507/3250 train_time:240.652s step_avg:159.69ms
step:1508/3250 train_time:240.814s step_avg:159.69ms
step:1509/3250 train_time:240.978s step_avg:159.69ms
step:1510/3250 train_time:241.139s step_avg:159.69ms
step:1511/3250 train_time:241.301s step_avg:159.70ms
step:1512/3250 train_time:241.463s step_avg:159.70ms
step:1513/3250 train_time:241.625s step_avg:159.70ms
step:1514/3250 train_time:241.787s step_avg:159.70ms
step:1515/3250 train_time:241.949s step_avg:159.70ms
step:1516/3250 train_time:242.109s step_avg:159.70ms
step:1517/3250 train_time:242.271s step_avg:159.70ms
step:1518/3250 train_time:242.435s step_avg:159.71ms
step:1519/3250 train_time:242.597s step_avg:159.71ms
step:1520/3250 train_time:242.761s step_avg:159.71ms
step:1521/3250 train_time:242.977s step_avg:159.75ms
step:1522/3250 train_time:243.139s step_avg:159.75ms
step:1523/3250 train_time:243.302s step_avg:159.75ms
step:1524/3250 train_time:243.464s step_avg:159.75ms
step:1525/3250 train_time:243.632s step_avg:159.76ms
step:1526/3250 train_time:243.797s step_avg:159.76ms
step:1527/3250 train_time:243.960s step_avg:159.76ms
step:1528/3250 train_time:244.122s step_avg:159.77ms
step:1529/3250 train_time:244.283s step_avg:159.77ms
step:1530/3250 train_time:244.445s step_avg:159.77ms
step:1531/3250 train_time:244.608s step_avg:159.77ms
step:1532/3250 train_time:244.769s step_avg:159.77ms
step:1533/3250 train_time:244.932s step_avg:159.77ms
step:1534/3250 train_time:245.095s step_avg:159.77ms
step:1535/3250 train_time:245.256s step_avg:159.78ms
step:1536/3250 train_time:245.420s step_avg:159.78ms
step:1537/3250 train_time:245.581s step_avg:159.78ms
step:1538/3250 train_time:245.742s step_avg:159.78ms
step:1539/3250 train_time:245.904s step_avg:159.78ms
step:1540/3250 train_time:246.066s step_avg:159.78ms
step:1541/3250 train_time:246.228s step_avg:159.78ms
step:1542/3250 train_time:246.390s step_avg:159.79ms
step:1543/3250 train_time:246.552s step_avg:159.79ms
step:1544/3250 train_time:246.715s step_avg:159.79ms
step:1545/3250 train_time:246.877s step_avg:159.79ms
step:1546/3250 train_time:247.039s step_avg:159.79ms
step:1547/3250 train_time:247.201s step_avg:159.79ms
step:1548/3250 train_time:247.363s step_avg:159.79ms
step:1549/3250 train_time:247.526s step_avg:159.80ms
step:1550/3250 train_time:247.687s step_avg:159.80ms
step:1551/3250 train_time:247.848s step_avg:159.80ms
step:1552/3250 train_time:248.011s step_avg:159.80ms
step:1553/3250 train_time:248.172s step_avg:159.80ms
step:1554/3250 train_time:248.335s step_avg:159.80ms
step:1555/3250 train_time:248.498s step_avg:159.81ms
step:1556/3250 train_time:248.660s step_avg:159.81ms
step:1557/3250 train_time:248.823s step_avg:159.81ms
step:1558/3250 train_time:248.984s step_avg:159.81ms
step:1559/3250 train_time:249.148s step_avg:159.81ms
step:1560/3250 train_time:249.310s step_avg:159.81ms
step:1561/3250 train_time:249.472s step_avg:159.82ms
step:1562/3250 train_time:249.634s step_avg:159.82ms
step:1563/3250 train_time:249.797s step_avg:159.82ms
step:1564/3250 train_time:249.959s step_avg:159.82ms
step:1565/3250 train_time:250.121s step_avg:159.82ms
step:1566/3250 train_time:250.282s step_avg:159.82ms
step:1567/3250 train_time:250.444s step_avg:159.82ms
step:1568/3250 train_time:250.605s step_avg:159.82ms
step:1569/3250 train_time:250.766s step_avg:159.83ms
step:1570/3250 train_time:250.928s step_avg:159.83ms
step:1571/3250 train_time:251.089s step_avg:159.83ms
step:1572/3250 train_time:251.251s step_avg:159.83ms
step:1573/3250 train_time:251.413s step_avg:159.83ms
step:1574/3250 train_time:251.575s step_avg:159.83ms
step:1575/3250 train_time:251.738s step_avg:159.83ms
step:1576/3250 train_time:251.900s step_avg:159.84ms
step:1577/3250 train_time:252.063s step_avg:159.84ms
step:1578/3250 train_time:252.224s step_avg:159.84ms
step:1579/3250 train_time:252.386s step_avg:159.84ms
step:1580/3250 train_time:252.547s step_avg:159.84ms
step:1581/3250 train_time:252.708s step_avg:159.84ms
step:1582/3250 train_time:252.871s step_avg:159.84ms
step:1583/3250 train_time:253.032s step_avg:159.84ms
step:1584/3250 train_time:253.194s step_avg:159.84ms
step:1585/3250 train_time:253.356s step_avg:159.85ms
step:1586/3250 train_time:253.520s step_avg:159.85ms
step:1587/3250 train_time:253.683s step_avg:159.85ms
step:1588/3250 train_time:253.844s step_avg:159.85ms
step:1589/3250 train_time:254.004s step_avg:159.85ms
step:1590/3250 train_time:254.167s step_avg:159.85ms
step:1591/3250 train_time:254.328s step_avg:159.85ms
step:1592/3250 train_time:254.493s step_avg:159.86ms
step:1593/3250 train_time:254.654s step_avg:159.86ms
step:1594/3250 train_time:254.821s step_avg:159.86ms
step:1595/3250 train_time:254.982s step_avg:159.86ms
step:1596/3250 train_time:255.143s step_avg:159.86ms
step:1597/3250 train_time:255.306s step_avg:159.87ms
step:1598/3250 train_time:255.468s step_avg:159.87ms
step:1599/3250 train_time:255.629s step_avg:159.87ms
step:1600/3250 train_time:255.792s step_avg:159.87ms
step:1601/3250 train_time:255.954s step_avg:159.87ms
step:1602/3250 train_time:256.116s step_avg:159.87ms
step:1603/3250 train_time:256.277s step_avg:159.87ms
step:1604/3250 train_time:256.440s step_avg:159.88ms
step:1605/3250 train_time:256.603s step_avg:159.88ms
step:1606/3250 train_time:256.765s step_avg:159.88ms
step:1607/3250 train_time:256.925s step_avg:159.88ms
step:1608/3250 train_time:257.087s step_avg:159.88ms
step:1609/3250 train_time:257.248s step_avg:159.88ms
step:1610/3250 train_time:257.411s step_avg:159.88ms
step:1611/3250 train_time:257.573s step_avg:159.88ms
step:1612/3250 train_time:257.735s step_avg:159.89ms
step:1613/3250 train_time:257.898s step_avg:159.89ms
step:1614/3250 train_time:258.060s step_avg:159.89ms
step:1615/3250 train_time:258.223s step_avg:159.89ms
step:1616/3250 train_time:258.385s step_avg:159.89ms
step:1617/3250 train_time:258.546s step_avg:159.89ms
step:1618/3250 train_time:258.709s step_avg:159.89ms
step:1619/3250 train_time:258.871s step_avg:159.90ms
step:1620/3250 train_time:259.034s step_avg:159.90ms
step:1621/3250 train_time:259.197s step_avg:159.90ms
step:1622/3250 train_time:259.360s step_avg:159.90ms
step:1623/3250 train_time:259.523s step_avg:159.90ms
step:1624/3250 train_time:259.685s step_avg:159.90ms
step:1625/3250 train_time:259.846s step_avg:159.91ms
step:1625/3250 val_loss:3.50473 train_time:259.847s step_avg:162.66ms
probe_ema: n=84934656 align=-0.33204,-0.30748,-0.28564,-0.26530,-0.24538,-0.22551,-0.20515,-0.18339 rel_mse=1.04715,1.03356,1.02371,1.01665,1.01160,1.00801,1.00547,1.00369
step:1626/3250 train_time:260.010s step_avg:159.91ms
step:1627/3250 train_time:260.174s step_avg:159.91ms
step:1628/3250 train_time:260.335s step_avg:159.91ms
step:1629/3250 train_time:260.497s step_avg:159.91ms
step:1630/3250 train_time:260.660s step_avg:159.91ms
step:1631/3250 train_time:260.821s step_avg:159.91ms
step:1632/3250 train_time:260.984s step_avg:159.92ms
step:1633/3250 train_time:261.148s step_avg:159.92ms
step:1634/3250 train_time:261.309s step_avg:159.92ms
step:1635/3250 train_time:261.472s step_avg:159.92ms
step:1636/3250 train_time:261.636s step_avg:159.92ms
step:1637/3250 train_time:261.798s step_avg:159.93ms
step:1638/3250 train_time:261.958s step_avg:159.93ms
step:1639/3250 train_time:262.119s step_avg:159.93ms
step:1640/3250 train_time:262.282s step_avg:159.93ms
step:1641/3250 train_time:262.444s step_avg:159.93ms
step:1642/3250 train_time:262.607s step_avg:159.93ms
step:1643/3250 train_time:262.769s step_avg:159.93ms
step:1644/3250 train_time:262.931s step_avg:159.93ms
step:1645/3250 train_time:263.096s step_avg:159.94ms
step:1646/3250 train_time:263.257s step_avg:159.94ms
step:1647/3250 train_time:263.419s step_avg:159.94ms
step:1648/3250 train_time:263.583s step_avg:159.94ms
step:1649/3250 train_time:263.745s step_avg:159.94ms
step:1650/3250 train_time:263.908s step_avg:159.94ms
step:1651/3250 train_time:264.070s step_avg:159.95ms
step:1652/3250 train_time:264.232s step_avg:159.95ms
step:1653/3250 train_time:264.393s step_avg:159.95ms
step:1654/3250 train_time:264.554s step_avg:159.95ms
step:1655/3250 train_time:264.716s step_avg:159.95ms
step:1656/3250 train_time:264.877s step_avg:159.95ms
step:1657/3250 train_time:265.039s step_avg:159.95ms
step:1658/3250 train_time:265.201s step_avg:159.95ms
step:1659/3250 train_time:265.362s step_avg:159.95ms
step:1660/3250 train_time:265.525s step_avg:159.95ms
step:1661/3250 train_time:265.687s step_avg:159.96ms
step:1662/3250 train_time:265.849s step_avg:159.96ms
step:1663/3250 train_time:266.010s step_avg:159.96ms
step:1664/3250 train_time:266.174s step_avg:159.96ms
step:1665/3250 train_time:266.335s step_avg:159.96ms
step:1666/3250 train_time:266.497s step_avg:159.96ms
step:1667/3250 train_time:266.658s step_avg:159.96ms
step:1668/3250 train_time:266.818s step_avg:159.96ms
step:1669/3250 train_time:266.980s step_avg:159.96ms
step:1670/3250 train_time:267.142s step_avg:159.97ms
step:1671/3250 train_time:267.303s step_avg:159.97ms
step:1672/3250 train_time:267.466s step_avg:159.97ms
step:1673/3250 train_time:267.628s step_avg:159.97ms
step:1674/3250 train_time:267.789s step_avg:159.97ms
step:1675/3250 train_time:267.952s step_avg:159.97ms
step:1676/3250 train_time:268.112s step_avg:159.97ms
step:1677/3250 train_time:268.273s step_avg:159.97ms
step:1678/3250 train_time:268.435s step_avg:159.97ms
step:1679/3250 train_time:268.596s step_avg:159.97ms
step:1680/3250 train_time:268.758s step_avg:159.98ms
step:1681/3250 train_time:268.920s step_avg:159.98ms
step:1682/3250 train_time:269.083s step_avg:159.98ms
step:1683/3250 train_time:269.247s step_avg:159.98ms
step:1684/3250 train_time:269.409s step_avg:159.98ms
step:1685/3250 train_time:269.571s step_avg:159.98ms
step:1686/3250 train_time:269.732s step_avg:159.98ms
step:1687/3250 train_time:269.894s step_avg:159.98ms
step:1688/3250 train_time:270.057s step_avg:159.99ms
step:1689/3250 train_time:270.219s step_avg:159.99ms
step:1690/3250 train_time:270.382s step_avg:159.99ms
step:1691/3250 train_time:270.543s step_avg:159.99ms
step:1692/3250 train_time:270.704s step_avg:159.99ms
step:1693/3250 train_time:270.869s step_avg:159.99ms
step:1694/3250 train_time:271.030s step_avg:159.99ms
step:1695/3250 train_time:271.192s step_avg:160.00ms
step:1696/3250 train_time:271.354s step_avg:160.00ms
step:1697/3250 train_time:271.515s step_avg:160.00ms
step:1698/3250 train_time:271.677s step_avg:160.00ms
step:1699/3250 train_time:271.838s step_avg:160.00ms
step:1700/3250 train_time:271.999s step_avg:160.00ms
step:1701/3250 train_time:272.163s step_avg:160.00ms
step:1702/3250 train_time:272.325s step_avg:160.00ms
step:1703/3250 train_time:272.488s step_avg:160.00ms
step:1704/3250 train_time:272.650s step_avg:160.01ms
step:1705/3250 train_time:272.811s step_avg:160.01ms
step:1706/3250 train_time:272.972s step_avg:160.01ms
step:1707/3250 train_time:273.133s step_avg:160.01ms
step:1708/3250 train_time:273.296s step_avg:160.01ms
step:1709/3250 train_time:273.457s step_avg:160.01ms
step:1710/3250 train_time:273.618s step_avg:160.01ms
step:1711/3250 train_time:273.835s step_avg:160.04ms
step:1712/3250 train_time:273.997s step_avg:160.05ms
step:1713/3250 train_time:274.159s step_avg:160.05ms
step:1714/3250 train_time:274.320s step_avg:160.05ms
step:1715/3250 train_time:274.484s step_avg:160.05ms
step:1716/3250 train_time:274.646s step_avg:160.05ms
step:1717/3250 train_time:274.810s step_avg:160.05ms
step:1718/3250 train_time:274.973s step_avg:160.05ms
step:1719/3250 train_time:275.135s step_avg:160.06ms
step:1720/3250 train_time:275.298s step_avg:160.06ms
step:1721/3250 train_time:275.460s step_avg:160.06ms
step:1722/3250 train_time:275.623s step_avg:160.06ms
step:1723/3250 train_time:275.785s step_avg:160.06ms
step:1724/3250 train_time:275.947s step_avg:160.06ms
step:1725/3250 train_time:276.109s step_avg:160.06ms
step:1726/3250 train_time:276.272s step_avg:160.06ms
step:1727/3250 train_time:276.433s step_avg:160.07ms
step:1728/3250 train_time:276.595s step_avg:160.07ms
step:1729/3250 train_time:276.757s step_avg:160.07ms
step:1730/3250 train_time:276.920s step_avg:160.07ms
step:1731/3250 train_time:277.084s step_avg:160.07ms
step:1732/3250 train_time:277.246s step_avg:160.07ms
step:1733/3250 train_time:277.408s step_avg:160.07ms
step:1734/3250 train_time:277.570s step_avg:160.08ms
step:1735/3250 train_time:277.732s step_avg:160.08ms
step:1736/3250 train_time:277.896s step_avg:160.08ms
step:1737/3250 train_time:278.058s step_avg:160.08ms
step:1738/3250 train_time:278.218s step_avg:160.08ms
step:1739/3250 train_time:278.381s step_avg:160.08ms
step:1740/3250 train_time:278.543s step_avg:160.08ms
step:1741/3250 train_time:278.705s step_avg:160.08ms
step:1742/3250 train_time:278.869s step_avg:160.09ms
step:1743/3250 train_time:279.032s step_avg:160.09ms
step:1744/3250 train_time:279.194s step_avg:160.09ms
step:1745/3250 train_time:279.357s step_avg:160.09ms
step:1746/3250 train_time:279.517s step_avg:160.09ms
step:1747/3250 train_time:279.679s step_avg:160.09ms
step:1748/3250 train_time:279.842s step_avg:160.09ms
step:1749/3250 train_time:280.003s step_avg:160.09ms
step:1750/3250 train_time:280.168s step_avg:160.10ms
step:1750/3250 val_loss:3.48158 train_time:280.168s step_avg:162.57ms
probe_ema: n=84934656 align=-0.38133,-0.35444,-0.32921,-0.30545,-0.28253,-0.25986,-0.23695,-0.21305 rel_mse=1.05931,1.04218,1.02970,1.02075,1.01438,1.00987,1.00671,1.00451
step:1751/3250 train_time:280.334s step_avg:160.10ms
step:1752/3250 train_time:280.498s step_avg:160.10ms
step:1753/3250 train_time:280.661s step_avg:160.10ms
step:1754/3250 train_time:280.824s step_avg:160.10ms
step:1755/3250 train_time:280.985s step_avg:160.11ms
step:1756/3250 train_time:281.147s step_avg:160.11ms
step:1757/3250 train_time:281.311s step_avg:160.11ms
step:1758/3250 train_time:281.473s step_avg:160.11ms
step:1759/3250 train_time:281.636s step_avg:160.11ms
step:1760/3250 train_time:281.798s step_avg:160.11ms
step:1761/3250 train_time:281.960s step_avg:160.11ms
step:1762/3250 train_time:282.125s step_avg:160.12ms
step:1763/3250 train_time:282.287s step_avg:160.12ms
step:1764/3250 train_time:282.448s step_avg:160.12ms
step:1765/3250 train_time:282.610s step_avg:160.12ms
step:1766/3250 train_time:282.771s step_avg:160.12ms
step:1767/3250 train_time:282.934s step_avg:160.12ms
step:1768/3250 train_time:283.096s step_avg:160.12ms
step:1769/3250 train_time:283.258s step_avg:160.12ms
step:1770/3250 train_time:283.421s step_avg:160.13ms
step:1771/3250 train_time:283.583s step_avg:160.13ms
step:1772/3250 train_time:283.743s step_avg:160.13ms
step:1773/3250 train_time:283.904s step_avg:160.13ms
step:1774/3250 train_time:284.065s step_avg:160.13ms
step:1775/3250 train_time:284.227s step_avg:160.13ms
step:1776/3250 train_time:284.389s step_avg:160.13ms
step:1777/3250 train_time:284.551s step_avg:160.13ms
step:1778/3250 train_time:284.712s step_avg:160.13ms
step:1779/3250 train_time:284.875s step_avg:160.13ms
step:1780/3250 train_time:285.039s step_avg:160.13ms
step:1781/3250 train_time:285.199s step_avg:160.13ms
step:1782/3250 train_time:285.360s step_avg:160.13ms
step:1783/3250 train_time:285.522s step_avg:160.14ms
step:1784/3250 train_time:285.683s step_avg:160.14ms
step:1785/3250 train_time:285.845s step_avg:160.14ms
step:1786/3250 train_time:286.007s step_avg:160.14ms
step:1787/3250 train_time:286.167s step_avg:160.14ms
step:1788/3250 train_time:286.329s step_avg:160.14ms
step:1789/3250 train_time:286.491s step_avg:160.14ms
step:1790/3250 train_time:286.652s step_avg:160.14ms
step:1791/3250 train_time:286.814s step_avg:160.14ms
step:1792/3250 train_time:286.977s step_avg:160.14ms
step:1793/3250 train_time:287.138s step_avg:160.14ms
step:1794/3250 train_time:287.301s step_avg:160.15ms
step:1795/3250 train_time:287.465s step_avg:160.15ms
step:1796/3250 train_time:287.628s step_avg:160.15ms
step:1797/3250 train_time:287.789s step_avg:160.15ms
step:1798/3250 train_time:287.951s step_avg:160.15ms
step:1799/3250 train_time:288.113s step_avg:160.15ms
step:1800/3250 train_time:288.276s step_avg:160.15ms
step:1801/3250 train_time:288.438s step_avg:160.15ms
step:1802/3250 train_time:288.600s step_avg:160.16ms
step:1803/3250 train_time:288.762s step_avg:160.16ms
step:1804/3250 train_time:288.924s step_avg:160.16ms
step:1805/3250 train_time:289.086s step_avg:160.16ms
step:1806/3250 train_time:289.247s step_avg:160.16ms
step:1807/3250 train_time:289.409s step_avg:160.16ms
step:1808/3250 train_time:289.571s step_avg:160.16ms
step:1809/3250 train_time:289.732s step_avg:160.16ms
step:1810/3250 train_time:289.894s step_avg:160.16ms
step:1811/3250 train_time:290.056s step_avg:160.16ms
step:1812/3250 train_time:290.218s step_avg:160.16ms
step:1813/3250 train_time:290.381s step_avg:160.17ms
step:1814/3250 train_time:290.543s step_avg:160.17ms
step:1815/3250 train_time:290.704s step_avg:160.17ms
step:1816/3250 train_time:290.865s step_avg:160.17ms
step:1817/3250 train_time:291.027s step_avg:160.17ms
step:1818/3250 train_time:291.188s step_avg:160.17ms
step:1819/3250 train_time:291.351s step_avg:160.17ms
step:1820/3250 train_time:291.513s step_avg:160.17ms
step:1821/3250 train_time:291.676s step_avg:160.17ms
step:1822/3250 train_time:291.838s step_avg:160.17ms
step:1823/3250 train_time:291.999s step_avg:160.18ms
step:1824/3250 train_time:292.160s step_avg:160.18ms
step:1825/3250 train_time:292.323s step_avg:160.18ms
step:1826/3250 train_time:292.483s step_avg:160.18ms
step:1827/3250 train_time:292.645s step_avg:160.18ms
step:1828/3250 train_time:292.808s step_avg:160.18ms
step:1829/3250 train_time:292.970s step_avg:160.18ms
step:1830/3250 train_time:293.134s step_avg:160.18ms
step:1831/3250 train_time:293.298s step_avg:160.18ms
step:1832/3250 train_time:293.461s step_avg:160.19ms
step:1833/3250 train_time:293.624s step_avg:160.19ms
step:1834/3250 train_time:293.787s step_avg:160.19ms
step:1835/3250 train_time:293.949s step_avg:160.19ms
step:1836/3250 train_time:294.110s step_avg:160.19ms
step:1837/3250 train_time:294.272s step_avg:160.19ms
step:1838/3250 train_time:294.434s step_avg:160.19ms
step:1839/3250 train_time:294.597s step_avg:160.19ms
step:1840/3250 train_time:294.758s step_avg:160.19ms
step:1841/3250 train_time:294.921s step_avg:160.20ms
step:1842/3250 train_time:295.081s step_avg:160.20ms
step:1843/3250 train_time:295.243s step_avg:160.20ms
step:1844/3250 train_time:295.404s step_avg:160.20ms
step:1845/3250 train_time:295.565s step_avg:160.20ms
step:1846/3250 train_time:295.728s step_avg:160.20ms
step:1847/3250 train_time:295.889s step_avg:160.20ms
step:1848/3250 train_time:296.051s step_avg:160.20ms
step:1849/3250 train_time:296.214s step_avg:160.20ms
step:1850/3250 train_time:296.376s step_avg:160.20ms
step:1851/3250 train_time:296.539s step_avg:160.20ms
step:1852/3250 train_time:296.701s step_avg:160.21ms
step:1853/3250 train_time:296.863s step_avg:160.21ms
step:1854/3250 train_time:297.024s step_avg:160.21ms
step:1855/3250 train_time:297.186s step_avg:160.21ms
step:1856/3250 train_time:297.349s step_avg:160.21ms
step:1857/3250 train_time:297.511s step_avg:160.21ms
step:1858/3250 train_time:297.673s step_avg:160.21ms
step:1859/3250 train_time:297.835s step_avg:160.21ms
step:1860/3250 train_time:297.997s step_avg:160.21ms
step:1861/3250 train_time:298.159s step_avg:160.21ms
step:1862/3250 train_time:298.321s step_avg:160.22ms
step:1863/3250 train_time:298.481s step_avg:160.22ms
step:1864/3250 train_time:298.642s step_avg:160.22ms
step:1865/3250 train_time:298.803s step_avg:160.22ms
step:1866/3250 train_time:298.965s step_avg:160.22ms
step:1867/3250 train_time:299.127s step_avg:160.22ms
step:1868/3250 train_time:299.288s step_avg:160.22ms
step:1869/3250 train_time:299.449s step_avg:160.22ms
step:1870/3250 train_time:299.611s step_avg:160.22ms
step:1871/3250 train_time:299.774s step_avg:160.22ms
step:1872/3250 train_time:299.937s step_avg:160.22ms
step:1873/3250 train_time:300.098s step_avg:160.22ms
step:1874/3250 train_time:300.259s step_avg:160.22ms
step:1875/3250 train_time:300.421s step_avg:160.22ms
step:1875/3250 val_loss:3.46149 train_time:300.421s step_avg:162.02ms
probe_ema: n=84934656 align=-0.39903,-0.37345,-0.34876,-0.32510,-0.30262,-0.28130,-0.26089,-0.24092 rel_mse=1.05713,1.04084,1.02886,1.02022,1.01406,1.00973,1.00670,1.00461
step:1876/3250 train_time:300.587s step_avg:160.23ms
step:1877/3250 train_time:300.749s step_avg:160.23ms
step:1878/3250 train_time:300.910s step_avg:160.23ms
step:1879/3250 train_time:301.072s step_avg:160.23ms
step:1880/3250 train_time:301.233s step_avg:160.23ms
step:1881/3250 train_time:301.396s step_avg:160.23ms
step:1882/3250 train_time:301.557s step_avg:160.23ms
step:1883/3250 train_time:301.717s step_avg:160.23ms
step:1884/3250 train_time:301.878s step_avg:160.23ms
step:1885/3250 train_time:302.040s step_avg:160.23ms
step:1886/3250 train_time:302.200s step_avg:160.23ms
step:1887/3250 train_time:302.364s step_avg:160.24ms
step:1888/3250 train_time:302.526s step_avg:160.24ms
step:1889/3250 train_time:302.687s step_avg:160.24ms
step:1890/3250 train_time:302.850s step_avg:160.24ms
step:1891/3250 train_time:303.012s step_avg:160.24ms
step:1892/3250 train_time:303.174s step_avg:160.24ms
step:1893/3250 train_time:303.336s step_avg:160.24ms
step:1894/3250 train_time:303.496s step_avg:160.24ms
step:1895/3250 train_time:303.659s step_avg:160.24ms
step:1896/3250 train_time:303.820s step_avg:160.24ms
step:1897/3250 train_time:303.984s step_avg:160.24ms
step:1898/3250 train_time:304.148s step_avg:160.25ms
step:1899/3250 train_time:304.310s step_avg:160.25ms
step:1900/3250 train_time:304.471s step_avg:160.25ms
step:1901/3250 train_time:304.689s step_avg:160.28ms
step:1902/3250 train_time:304.850s step_avg:160.28ms
step:1903/3250 train_time:305.012s step_avg:160.28ms
step:1904/3250 train_time:305.174s step_avg:160.28ms
step:1905/3250 train_time:305.336s step_avg:160.28ms
step:1906/3250 train_time:305.496s step_avg:160.28ms
step:1907/3250 train_time:305.659s step_avg:160.28ms
step:1908/3250 train_time:305.821s step_avg:160.28ms
step:1909/3250 train_time:305.985s step_avg:160.29ms
step:1910/3250 train_time:306.147s step_avg:160.29ms
step:1911/3250 train_time:306.308s step_avg:160.29ms
step:1912/3250 train_time:306.470s step_avg:160.29ms
step:1913/3250 train_time:306.631s step_avg:160.29ms
step:1914/3250 train_time:306.792s step_avg:160.29ms
step:1915/3250 train_time:306.952s step_avg:160.29ms
step:1916/3250 train_time:307.113s step_avg:160.29ms
step:1917/3250 train_time:307.276s step_avg:160.29ms
step:1918/3250 train_time:307.438s step_avg:160.29ms
step:1919/3250 train_time:307.601s step_avg:160.29ms
step:1920/3250 train_time:307.764s step_avg:160.29ms
step:1921/3250 train_time:307.925s step_avg:160.29ms
step:1922/3250 train_time:308.090s step_avg:160.30ms
step:1923/3250 train_time:308.251s step_avg:160.30ms
step:1924/3250 train_time:308.412s step_avg:160.30ms
step:1925/3250 train_time:308.575s step_avg:160.30ms
step:1926/3250 train_time:308.736s step_avg:160.30ms
step:1927/3250 train_time:308.898s step_avg:160.30ms
step:1928/3250 train_time:309.061s step_avg:160.30ms
step:1929/3250 train_time:309.224s step_avg:160.30ms
step:1930/3250 train_time:309.387s step_avg:160.30ms
step:1931/3250 train_time:309.549s step_avg:160.30ms
step:1932/3250 train_time:309.710s step_avg:160.31ms
step:1933/3250 train_time:309.872s step_avg:160.31ms
step:1934/3250 train_time:310.033s step_avg:160.31ms
step:1935/3250 train_time:310.195s step_avg:160.31ms
step:1936/3250 train_time:310.357s step_avg:160.31ms
step:1937/3250 train_time:310.519s step_avg:160.31ms
step:1938/3250 train_time:310.682s step_avg:160.31ms
step:1939/3250 train_time:310.845s step_avg:160.31ms
step:1940/3250 train_time:311.009s step_avg:160.31ms
step:1941/3250 train_time:311.171s step_avg:160.31ms
step:1942/3250 train_time:311.334s step_avg:160.32ms
step:1943/3250 train_time:311.495s step_avg:160.32ms
step:1944/3250 train_time:311.657s step_avg:160.32ms
step:1945/3250 train_time:311.820s step_avg:160.32ms
step:1946/3250 train_time:311.985s step_avg:160.32ms
step:1947/3250 train_time:312.147s step_avg:160.32ms
step:1948/3250 train_time:312.308s step_avg:160.32ms
step:1949/3250 train_time:312.471s step_avg:160.32ms
step:1950/3250 train_time:312.633s step_avg:160.32ms
step:1951/3250 train_time:312.795s step_avg:160.33ms
step:1952/3250 train_time:312.958s step_avg:160.33ms
step:1953/3250 train_time:313.122s step_avg:160.33ms
step:1954/3250 train_time:313.285s step_avg:160.33ms
step:1955/3250 train_time:313.446s step_avg:160.33ms
step:1956/3250 train_time:313.607s step_avg:160.33ms
step:1957/3250 train_time:313.770s step_avg:160.33ms
step:1958/3250 train_time:313.931s step_avg:160.33ms
step:1959/3250 train_time:314.092s step_avg:160.33ms
step:1960/3250 train_time:314.255s step_avg:160.33ms
step:1961/3250 train_time:314.416s step_avg:160.33ms
step:1962/3250 train_time:314.578s step_avg:160.34ms
step:1963/3250 train_time:314.739s step_avg:160.34ms
step:1964/3250 train_time:314.901s step_avg:160.34ms
step:1965/3250 train_time:315.065s step_avg:160.34ms
step:1966/3250 train_time:315.226s step_avg:160.34ms
step:1967/3250 train_time:315.388s step_avg:160.34ms
step:1968/3250 train_time:315.548s step_avg:160.34ms
step:1969/3250 train_time:315.710s step_avg:160.34ms
step:1970/3250 train_time:315.872s step_avg:160.34ms
step:1971/3250 train_time:316.034s step_avg:160.34ms
step:1972/3250 train_time:316.196s step_avg:160.34ms
step:1973/3250 train_time:316.360s step_avg:160.34ms
step:1974/3250 train_time:316.522s step_avg:160.35ms
step:1975/3250 train_time:316.684s step_avg:160.35ms
step:1976/3250 train_time:316.847s step_avg:160.35ms
step:1977/3250 train_time:317.008s step_avg:160.35ms
step:1978/3250 train_time:317.170s step_avg:160.35ms
step:1979/3250 train_time:317.332s step_avg:160.35ms
step:1980/3250 train_time:317.493s step_avg:160.35ms
step:1981/3250 train_time:317.655s step_avg:160.35ms
step:1982/3250 train_time:317.816s step_avg:160.35ms
step:1983/3250 train_time:317.979s step_avg:160.35ms
step:1984/3250 train_time:318.141s step_avg:160.35ms
step:1985/3250 train_time:318.302s step_avg:160.35ms
step:1986/3250 train_time:318.463s step_avg:160.35ms
step:1987/3250 train_time:318.625s step_avg:160.35ms
step:1988/3250 train_time:318.787s step_avg:160.36ms
step:1989/3250 train_time:318.949s step_avg:160.36ms
step:1990/3250 train_time:319.111s step_avg:160.36ms
step:1991/3250 train_time:319.273s step_avg:160.36ms
step:1992/3250 train_time:319.434s step_avg:160.36ms
step:1993/3250 train_time:319.598s step_avg:160.36ms
step:1994/3250 train_time:319.761s step_avg:160.36ms
step:1995/3250 train_time:319.923s step_avg:160.36ms
step:1996/3250 train_time:320.087s step_avg:160.36ms
step:1997/3250 train_time:320.248s step_avg:160.36ms
step:1998/3250 train_time:320.410s step_avg:160.37ms
step:1999/3250 train_time:320.572s step_avg:160.37ms
step:2000/3250 train_time:320.733s step_avg:160.37ms
step:2000/3250 val_loss:3.44058 train_time:320.733s step_avg:162.50ms
probe_ema: n=84934656 align=-0.37448,-0.35054,-0.32778,-0.30625,-0.28586,-0.26631,-0.24698,-0.22700 rel_mse=1.06418,1.04602,1.03269,1.02303,1.01611,1.01118,1.00771,1.00527
step:2001/3250 train_time:320.898s step_avg:160.37ms
step:2002/3250 train_time:321.061s step_avg:160.37ms
step:2003/3250 train_time:321.224s step_avg:160.37ms
step:2004/3250 train_time:321.386s step_avg:160.37ms
step:2005/3250 train_time:321.548s step_avg:160.37ms
step:2006/3250 train_time:321.710s step_avg:160.37ms
step:2007/3250 train_time:321.874s step_avg:160.38ms
step:2008/3250 train_time:322.039s step_avg:160.38ms
step:2009/3250 train_time:322.201s step_avg:160.38ms
step:2010/3250 train_time:322.363s step_avg:160.38ms
step:2011/3250 train_time:322.524s step_avg:160.38ms
step:2012/3250 train_time:322.686s step_avg:160.38ms
step:2013/3250 train_time:322.848s step_avg:160.38ms
step:2014/3250 train_time:323.009s step_avg:160.38ms
step:2015/3250 train_time:323.171s step_avg:160.38ms
step:2016/3250 train_time:323.331s step_avg:160.38ms
step:2017/3250 train_time:323.494s step_avg:160.38ms
step:2018/3250 train_time:323.656s step_avg:160.38ms
step:2019/3250 train_time:323.817s step_avg:160.38ms
step:2020/3250 train_time:323.979s step_avg:160.39ms
step:2021/3250 train_time:324.140s step_avg:160.39ms
step:2022/3250 train_time:324.302s step_avg:160.39ms
step:2023/3250 train_time:324.463s step_avg:160.39ms
step:2024/3250 train_time:324.626s step_avg:160.39ms
step:2025/3250 train_time:324.788s step_avg:160.39ms
step:2026/3250 train_time:324.949s step_avg:160.39ms
step:2027/3250 train_time:325.111s step_avg:160.39ms
step:2028/3250 train_time:325.272s step_avg:160.39ms
step:2029/3250 train_time:325.433s step_avg:160.39ms
step:2030/3250 train_time:325.597s step_avg:160.39ms
step:2031/3250 train_time:325.757s step_avg:160.39ms
step:2032/3250 train_time:325.919s step_avg:160.39ms
step:2033/3250 train_time:326.081s step_avg:160.39ms
step:2034/3250 train_time:326.241s step_avg:160.39ms
step:2035/3250 train_time:326.403s step_avg:160.39ms
step:2036/3250 train_time:326.565s step_avg:160.40ms
step:2037/3250 train_time:326.728s step_avg:160.40ms
step:2038/3250 train_time:326.891s step_avg:160.40ms
step:2039/3250 train_time:327.052s step_avg:160.40ms
step:2040/3250 train_time:327.216s step_avg:160.40ms
step:2041/3250 train_time:327.378s step_avg:160.40ms
step:2042/3250 train_time:327.540s step_avg:160.40ms
step:2043/3250 train_time:327.703s step_avg:160.40ms
step:2044/3250 train_time:327.864s step_avg:160.40ms
step:2045/3250 train_time:328.027s step_avg:160.40ms
step:2046/3250 train_time:328.189s step_avg:160.41ms
step:2047/3250 train_time:328.350s step_avg:160.41ms
step:2048/3250 train_time:328.511s step_avg:160.41ms
step:2049/3250 train_time:328.674s step_avg:160.41ms
step:2050/3250 train_time:328.837s step_avg:160.41ms
step:2051/3250 train_time:328.998s step_avg:160.41ms
step:2052/3250 train_time:329.159s step_avg:160.41ms
step:2053/3250 train_time:329.322s step_avg:160.41ms
step:2054/3250 train_time:329.483s step_avg:160.41ms
step:2055/3250 train_time:329.646s step_avg:160.41ms
step:2056/3250 train_time:329.807s step_avg:160.41ms
step:2057/3250 train_time:329.969s step_avg:160.41ms
step:2058/3250 train_time:330.131s step_avg:160.41ms
step:2059/3250 train_time:330.293s step_avg:160.41ms
step:2060/3250 train_time:330.455s step_avg:160.41ms
step:2061/3250 train_time:330.617s step_avg:160.42ms
step:2062/3250 train_time:330.777s step_avg:160.42ms
step:2063/3250 train_time:330.939s step_avg:160.42ms
step:2064/3250 train_time:331.100s step_avg:160.42ms
step:2065/3250 train_time:331.262s step_avg:160.42ms
step:2066/3250 train_time:331.422s step_avg:160.42ms
step:2067/3250 train_time:331.584s step_avg:160.42ms
step:2068/3250 train_time:331.746s step_avg:160.42ms
step:2069/3250 train_time:331.908s step_avg:160.42ms
step:2070/3250 train_time:332.069s step_avg:160.42ms
step:2071/3250 train_time:332.232s step_avg:160.42ms
step:2072/3250 train_time:332.395s step_avg:160.42ms
step:2073/3250 train_time:332.558s step_avg:160.42ms
step:2074/3250 train_time:332.720s step_avg:160.42ms
step:2075/3250 train_time:332.881s step_avg:160.42ms
step:2076/3250 train_time:333.043s step_avg:160.43ms
step:2077/3250 train_time:333.204s step_avg:160.43ms
step:2078/3250 train_time:333.366s step_avg:160.43ms
step:2079/3250 train_time:333.529s step_avg:160.43ms
step:2080/3250 train_time:333.690s step_avg:160.43ms
step:2081/3250 train_time:333.851s step_avg:160.43ms
step:2082/3250 train_time:334.012s step_avg:160.43ms
step:2083/3250 train_time:334.176s step_avg:160.43ms
step:2084/3250 train_time:334.339s step_avg:160.43ms
step:2085/3250 train_time:334.500s step_avg:160.43ms
step:2086/3250 train_time:334.661s step_avg:160.43ms
step:2087/3250 train_time:334.823s step_avg:160.43ms
step:2088/3250 train_time:334.984s step_avg:160.43ms
step:2089/3250 train_time:335.147s step_avg:160.43ms
step:2090/3250 train_time:335.308s step_avg:160.43ms
step:2091/3250 train_time:335.520s step_avg:160.46ms
step:2092/3250 train_time:335.683s step_avg:160.46ms
step:2093/3250 train_time:335.844s step_avg:160.46ms
step:2094/3250 train_time:336.005s step_avg:160.46ms
step:2095/3250 train_time:336.167s step_avg:160.46ms
step:2096/3250 train_time:336.329s step_avg:160.46ms
step:2097/3250 train_time:336.492s step_avg:160.46ms
step:2098/3250 train_time:336.652s step_avg:160.46ms
step:2099/3250 train_time:336.815s step_avg:160.46ms
step:2100/3250 train_time:336.977s step_avg:160.47ms
step:2101/3250 train_time:337.139s step_avg:160.47ms
step:2102/3250 train_time:337.301s step_avg:160.47ms
step:2103/3250 train_time:337.462s step_avg:160.47ms
step:2104/3250 train_time:337.623s step_avg:160.47ms
step:2105/3250 train_time:337.785s step_avg:160.47ms
step:2106/3250 train_time:337.946s step_avg:160.47ms
step:2107/3250 train_time:338.109s step_avg:160.47ms
step:2108/3250 train_time:338.271s step_avg:160.47ms
step:2109/3250 train_time:338.434s step_avg:160.47ms
step:2110/3250 train_time:338.598s step_avg:160.47ms
step:2111/3250 train_time:338.759s step_avg:160.47ms
step:2112/3250 train_time:338.920s step_avg:160.47ms
step:2113/3250 train_time:339.082s step_avg:160.47ms
step:2114/3250 train_time:339.243s step_avg:160.47ms
step:2115/3250 train_time:339.407s step_avg:160.48ms
step:2116/3250 train_time:339.568s step_avg:160.48ms
step:2117/3250 train_time:339.731s step_avg:160.48ms
step:2118/3250 train_time:339.895s step_avg:160.48ms
step:2119/3250 train_time:340.056s step_avg:160.48ms
step:2120/3250 train_time:340.220s step_avg:160.48ms
step:2121/3250 train_time:340.382s step_avg:160.48ms
step:2122/3250 train_time:340.543s step_avg:160.48ms
step:2123/3250 train_time:340.706s step_avg:160.48ms
step:2124/3250 train_time:340.866s step_avg:160.48ms
step:2125/3250 train_time:341.029s step_avg:160.48ms
step:2125/3250 val_loss:3.42165 train_time:341.029s step_avg:162.36ms
probe_ema: n=84934656 align=-0.37397,-0.34806,-0.32398,-0.30152,-0.28014,-0.25935,-0.23862,-0.21721 rel_mse=1.06009,1.04281,1.03022,1.02118,1.01476,1.01021,1.00701,1.00476
step:2126/3250 train_time:341.195s step_avg:160.49ms
step:2127/3250 train_time:341.358s step_avg:160.49ms
step:2128/3250 train_time:341.519s step_avg:160.49ms
step:2129/3250 train_time:341.680s step_avg:160.49ms
step:2130/3250 train_time:341.842s step_avg:160.49ms
step:2131/3250 train_time:342.003s step_avg:160.49ms
step:2132/3250 train_time:342.166s step_avg:160.49ms
step:2133/3250 train_time:342.329s step_avg:160.49ms
step:2134/3250 train_time:342.492s step_avg:160.49ms
step:2135/3250 train_time:342.655s step_avg:160.49ms
step:2136/3250 train_time:342.816s step_avg:160.49ms
step:2137/3250 train_time:342.979s step_avg:160.50ms
step:2138/3250 train_time:343.141s step_avg:160.50ms
step:2139/3250 train_time:343.304s step_avg:160.50ms
step:2140/3250 train_time:343.466s step_avg:160.50ms
step:2141/3250 train_time:343.629s step_avg:160.50ms
step:2142/3250 train_time:343.792s step_avg:160.50ms
step:2143/3250 train_time:343.955s step_avg:160.50ms
step:2144/3250 train_time:344.117s step_avg:160.50ms
step:2145/3250 train_time:344.280s step_avg:160.50ms
step:2146/3250 train_time:344.441s step_avg:160.50ms
step:2147/3250 train_time:344.603s step_avg:160.50ms
step:2148/3250 train_time:344.767s step_avg:160.51ms
step:2149/3250 train_time:344.930s step_avg:160.51ms
step:2150/3250 train_time:345.095s step_avg:160.51ms
step:2151/3250 train_time:345.257s step_avg:160.51ms
step:2152/3250 train_time:345.421s step_avg:160.51ms
step:2153/3250 train_time:345.585s step_avg:160.51ms
step:2154/3250 train_time:345.748s step_avg:160.51ms
step:2155/3250 train_time:345.911s step_avg:160.52ms
step:2156/3250 train_time:346.073s step_avg:160.52ms
step:2157/3250 train_time:346.235s step_avg:160.52ms
step:2158/3250 train_time:346.396s step_avg:160.52ms
step:2159/3250 train_time:346.557s step_avg:160.52ms
step:2160/3250 train_time:346.719s step_avg:160.52ms
step:2161/3250 train_time:346.881s step_avg:160.52ms
step:2162/3250 train_time:347.042s step_avg:160.52ms
step:2163/3250 train_time:347.203s step_avg:160.52ms
step:2164/3250 train_time:347.365s step_avg:160.52ms
step:2165/3250 train_time:347.528s step_avg:160.52ms
step:2166/3250 train_time:347.690s step_avg:160.52ms
step:2167/3250 train_time:347.852s step_avg:160.52ms
step:2168/3250 train_time:348.014s step_avg:160.52ms
step:2169/3250 train_time:348.175s step_avg:160.52ms
step:2170/3250 train_time:348.337s step_avg:160.52ms
step:2171/3250 train_time:348.499s step_avg:160.52ms
step:2172/3250 train_time:348.660s step_avg:160.52ms
step:2173/3250 train_time:348.821s step_avg:160.52ms
step:2174/3250 train_time:348.984s step_avg:160.53ms
step:2175/3250 train_time:349.145s step_avg:160.53ms
step:2176/3250 train_time:349.308s step_avg:160.53ms
step:2177/3250 train_time:349.470s step_avg:160.53ms
step:2178/3250 train_time:349.633s step_avg:160.53ms
step:2179/3250 train_time:349.794s step_avg:160.53ms
step:2180/3250 train_time:349.959s step_avg:160.53ms
step:2181/3250 train_time:350.119s step_avg:160.53ms
step:2182/3250 train_time:350.280s step_avg:160.53ms
step:2183/3250 train_time:350.442s step_avg:160.53ms
step:2184/3250 train_time:350.604s step_avg:160.53ms
step:2185/3250 train_time:350.765s step_avg:160.53ms
step:2186/3250 train_time:350.928s step_avg:160.53ms
step:2187/3250 train_time:351.091s step_avg:160.54ms
step:2188/3250 train_time:351.253s step_avg:160.54ms
step:2189/3250 train_time:351.415s step_avg:160.54ms
step:2190/3250 train_time:351.578s step_avg:160.54ms
step:2191/3250 train_time:351.740s step_avg:160.54ms
step:2192/3250 train_time:351.901s step_avg:160.54ms
step:2193/3250 train_time:352.065s step_avg:160.54ms
step:2194/3250 train_time:352.228s step_avg:160.54ms
step:2195/3250 train_time:352.391s step_avg:160.54ms
step:2196/3250 train_time:352.553s step_avg:160.54ms
step:2197/3250 train_time:352.714s step_avg:160.54ms
step:2198/3250 train_time:352.876s step_avg:160.54ms
step:2199/3250 train_time:353.039s step_avg:160.55ms
step:2200/3250 train_time:353.201s step_avg:160.55ms
step:2201/3250 train_time:353.363s step_avg:160.55ms
step:2202/3250 train_time:353.525s step_avg:160.55ms
step:2203/3250 train_time:353.687s step_avg:160.55ms
step:2204/3250 train_time:353.849s step_avg:160.55ms
step:2205/3250 train_time:354.010s step_avg:160.55ms
step:2206/3250 train_time:354.174s step_avg:160.55ms
step:2207/3250 train_time:354.334s step_avg:160.55ms
step:2208/3250 train_time:354.498s step_avg:160.55ms
step:2209/3250 train_time:354.659s step_avg:160.55ms
step:2210/3250 train_time:354.821s step_avg:160.55ms
step:2211/3250 train_time:354.984s step_avg:160.55ms
step:2212/3250 train_time:355.148s step_avg:160.56ms
step:2213/3250 train_time:355.311s step_avg:160.56ms
step:2214/3250 train_time:355.472s step_avg:160.56ms
step:2215/3250 train_time:355.634s step_avg:160.56ms
step:2216/3250 train_time:355.796s step_avg:160.56ms
step:2217/3250 train_time:355.958s step_avg:160.56ms
step:2218/3250 train_time:356.120s step_avg:160.56ms
step:2219/3250 train_time:356.281s step_avg:160.56ms
step:2220/3250 train_time:356.441s step_avg:160.56ms
step:2221/3250 train_time:356.604s step_avg:160.56ms
step:2222/3250 train_time:356.767s step_avg:160.56ms
step:2223/3250 train_time:356.929s step_avg:160.56ms
step:2224/3250 train_time:357.093s step_avg:160.56ms
step:2225/3250 train_time:357.255s step_avg:160.56ms
step:2226/3250 train_time:357.417s step_avg:160.56ms
step:2227/3250 train_time:357.579s step_avg:160.57ms
step:2228/3250 train_time:357.741s step_avg:160.57ms
step:2229/3250 train_time:357.903s step_avg:160.57ms
step:2230/3250 train_time:358.066s step_avg:160.57ms
step:2231/3250 train_time:358.230s step_avg:160.57ms
step:2232/3250 train_time:358.393s step_avg:160.57ms
step:2233/3250 train_time:358.554s step_avg:160.57ms
step:2234/3250 train_time:358.718s step_avg:160.57ms
step:2235/3250 train_time:358.879s step_avg:160.57ms
step:2236/3250 train_time:359.042s step_avg:160.57ms
step:2237/3250 train_time:359.204s step_avg:160.57ms
step:2238/3250 train_time:359.367s step_avg:160.57ms
step:2239/3250 train_time:359.529s step_avg:160.58ms
step:2240/3250 train_time:359.692s step_avg:160.58ms
step:2241/3250 train_time:359.854s step_avg:160.58ms
step:2242/3250 train_time:360.015s step_avg:160.58ms
step:2243/3250 train_time:360.178s step_avg:160.58ms
step:2244/3250 train_time:360.338s step_avg:160.58ms
step:2245/3250 train_time:360.499s step_avg:160.58ms
step:2246/3250 train_time:360.660s step_avg:160.58ms
step:2247/3250 train_time:360.822s step_avg:160.58ms
step:2248/3250 train_time:360.984s step_avg:160.58ms
step:2249/3250 train_time:361.147s step_avg:160.58ms
step:2250/3250 train_time:361.308s step_avg:160.58ms
step:2250/3250 val_loss:3.40217 train_time:361.308s step_avg:162.24ms
probe_ema: n=84934656 align=-0.24049,-0.23248,-0.22553,-0.21900,-0.21220,-0.20459,-0.19584,-0.18571 rel_mse=1.05205,1.03861,1.02844,1.02082,1.01513,1.01090,1.00778,1.00551
step:2251/3250 train_time:361.472s step_avg:160.58ms
step:2252/3250 train_time:361.636s step_avg:160.58ms
step:2253/3250 train_time:361.798s step_avg:160.59ms
step:2254/3250 train_time:361.959s step_avg:160.59ms
step:2255/3250 train_time:362.121s step_avg:160.59ms
step:2256/3250 train_time:362.282s step_avg:160.59ms
step:2257/3250 train_time:362.443s step_avg:160.59ms
step:2258/3250 train_time:362.603s step_avg:160.59ms
step:2259/3250 train_time:362.764s step_avg:160.59ms
step:2260/3250 train_time:362.926s step_avg:160.59ms
step:2261/3250 train_time:363.087s step_avg:160.59ms
step:2262/3250 train_time:363.247s step_avg:160.59ms
step:2263/3250 train_time:363.410s step_avg:160.59ms
step:2264/3250 train_time:363.571s step_avg:160.59ms
step:2265/3250 train_time:363.735s step_avg:160.59ms
step:2266/3250 train_time:363.898s step_avg:160.59ms
step:2267/3250 train_time:364.059s step_avg:160.59ms
step:2268/3250 train_time:364.221s step_avg:160.59ms
step:2269/3250 train_time:364.381s step_avg:160.59ms
step:2270/3250 train_time:364.542s step_avg:160.59ms
step:2271/3250 train_time:364.704s step_avg:160.59ms
step:2272/3250 train_time:364.864s step_avg:160.59ms
step:2273/3250 train_time:365.026s step_avg:160.59ms
step:2274/3250 train_time:365.187s step_avg:160.59ms
step:2275/3250 train_time:365.348s step_avg:160.59ms
step:2276/3250 train_time:365.510s step_avg:160.59ms
step:2277/3250 train_time:365.671s step_avg:160.59ms
step:2278/3250 train_time:365.834s step_avg:160.59ms
step:2279/3250 train_time:365.998s step_avg:160.60ms
step:2280/3250 train_time:366.159s step_avg:160.60ms
step:2281/3250 train_time:366.373s step_avg:160.62ms
step:2282/3250 train_time:366.538s step_avg:160.62ms
step:2283/3250 train_time:366.700s step_avg:160.62ms
step:2284/3250 train_time:366.864s step_avg:160.62ms
step:2285/3250 train_time:367.028s step_avg:160.62ms
step:2286/3250 train_time:367.192s step_avg:160.63ms
step:2287/3250 train_time:367.355s step_avg:160.63ms
step:2288/3250 train_time:367.517s step_avg:160.63ms
step:2289/3250 train_time:367.678s step_avg:160.63ms
step:2290/3250 train_time:367.840s step_avg:160.63ms
step:2291/3250 train_time:368.002s step_avg:160.63ms
step:2292/3250 train_time:368.164s step_avg:160.63ms
step:2293/3250 train_time:368.325s step_avg:160.63ms
step:2294/3250 train_time:368.487s step_avg:160.63ms
step:2295/3250 train_time:368.648s step_avg:160.63ms
step:2296/3250 train_time:368.811s step_avg:160.63ms
step:2297/3250 train_time:368.974s step_avg:160.63ms
step:2298/3250 train_time:369.138s step_avg:160.63ms
step:2299/3250 train_time:369.300s step_avg:160.64ms
step:2300/3250 train_time:369.462s step_avg:160.64ms
step:2301/3250 train_time:369.625s step_avg:160.64ms
step:2302/3250 train_time:369.787s step_avg:160.64ms
step:2303/3250 train_time:369.952s step_avg:160.64ms
step:2304/3250 train_time:370.115s step_avg:160.64ms
step:2305/3250 train_time:370.277s step_avg:160.64ms
step:2306/3250 train_time:370.439s step_avg:160.64ms
step:2307/3250 train_time:370.601s step_avg:160.64ms
step:2308/3250 train_time:370.764s step_avg:160.64ms
step:2309/3250 train_time:370.925s step_avg:160.64ms
step:2310/3250 train_time:371.088s step_avg:160.64ms
step:2311/3250 train_time:371.249s step_avg:160.64ms
step:2312/3250 train_time:371.410s step_avg:160.64ms
step:2313/3250 train_time:371.574s step_avg:160.65ms
step:2314/3250 train_time:371.737s step_avg:160.65ms
step:2315/3250 train_time:371.899s step_avg:160.65ms
step:2316/3250 train_time:372.060s step_avg:160.65ms
step:2317/3250 train_time:372.221s step_avg:160.65ms
step:2318/3250 train_time:372.383s step_avg:160.65ms
step:2319/3250 train_time:372.544s step_avg:160.65ms
step:2320/3250 train_time:372.706s step_avg:160.65ms
step:2321/3250 train_time:372.868s step_avg:160.65ms
step:2322/3250 train_time:373.031s step_avg:160.65ms
step:2323/3250 train_time:373.193s step_avg:160.65ms
step:2324/3250 train_time:373.354s step_avg:160.65ms
step:2325/3250 train_time:373.517s step_avg:160.65ms
step:2326/3250 train_time:373.678s step_avg:160.65ms
step:2327/3250 train_time:373.839s step_avg:160.65ms
step:2328/3250 train_time:374.000s step_avg:160.65ms
step:2329/3250 train_time:374.162s step_avg:160.65ms
step:2330/3250 train_time:374.323s step_avg:160.65ms
step:2331/3250 train_time:374.485s step_avg:160.65ms
step:2332/3250 train_time:374.647s step_avg:160.65ms
step:2333/3250 train_time:374.810s step_avg:160.66ms
step:2334/3250 train_time:374.971s step_avg:160.66ms
step:2335/3250 train_time:375.134s step_avg:160.66ms
step:2336/3250 train_time:375.297s step_avg:160.66ms
step:2337/3250 train_time:375.461s step_avg:160.66ms
step:2338/3250 train_time:375.623s step_avg:160.66ms
step:2339/3250 train_time:375.784s step_avg:160.66ms
step:2340/3250 train_time:375.947s step_avg:160.66ms
step:2341/3250 train_time:376.108s step_avg:160.66ms
step:2342/3250 train_time:376.271s step_avg:160.66ms
step:2343/3250 train_time:376.435s step_avg:160.66ms
step:2344/3250 train_time:376.596s step_avg:160.66ms
step:2345/3250 train_time:376.757s step_avg:160.66ms
step:2346/3250 train_time:376.919s step_avg:160.66ms
step:2347/3250 train_time:377.079s step_avg:160.66ms
step:2348/3250 train_time:377.242s step_avg:160.67ms
step:2349/3250 train_time:377.404s step_avg:160.67ms
step:2350/3250 train_time:377.564s step_avg:160.67ms
step:2351/3250 train_time:377.726s step_avg:160.67ms
step:2352/3250 train_time:377.887s step_avg:160.67ms
step:2353/3250 train_time:378.048s step_avg:160.67ms
step:2354/3250 train_time:378.212s step_avg:160.67ms
step:2355/3250 train_time:378.374s step_avg:160.67ms
step:2356/3250 train_time:378.537s step_avg:160.67ms
step:2357/3250 train_time:378.698s step_avg:160.67ms
step:2358/3250 train_time:378.862s step_avg:160.67ms
step:2359/3250 train_time:379.024s step_avg:160.67ms
step:2360/3250 train_time:379.186s step_avg:160.67ms
step:2361/3250 train_time:379.347s step_avg:160.67ms
step:2362/3250 train_time:379.510s step_avg:160.67ms
step:2363/3250 train_time:379.671s step_avg:160.67ms
step:2364/3250 train_time:379.834s step_avg:160.67ms
step:2365/3250 train_time:379.998s step_avg:160.68ms
step:2366/3250 train_time:380.159s step_avg:160.68ms
step:2367/3250 train_time:380.321s step_avg:160.68ms
step:2368/3250 train_time:380.483s step_avg:160.68ms
step:2369/3250 train_time:380.645s step_avg:160.68ms
step:2370/3250 train_time:380.806s step_avg:160.68ms
step:2371/3250 train_time:380.968s step_avg:160.68ms
step:2372/3250 train_time:381.130s step_avg:160.68ms
step:2373/3250 train_time:381.292s step_avg:160.68ms
step:2374/3250 train_time:381.454s step_avg:160.68ms
step:2375/3250 train_time:381.617s step_avg:160.68ms
step:2375/3250 val_loss:3.38491 train_time:381.617s step_avg:162.47ms
probe_ema: n=84934656 align=-0.23297,-0.22586,-0.22008,-0.21404,-0.20685,-0.19825,-0.18810,-0.17630 rel_mse=1.05332,1.03966,1.02937,1.02160,1.01571,1.01129,1.00800,1.00559
step:2376/3250 train_time:381.782s step_avg:160.68ms
step:2377/3250 train_time:381.948s step_avg:160.68ms
step:2378/3250 train_time:382.110s step_avg:160.69ms
step:2379/3250 train_time:382.272s step_avg:160.69ms
step:2380/3250 train_time:382.434s step_avg:160.69ms
step:2381/3250 train_time:382.596s step_avg:160.69ms
step:2382/3250 train_time:382.759s step_avg:160.69ms
step:2383/3250 train_time:382.922s step_avg:160.69ms
step:2384/3250 train_time:383.083s step_avg:160.69ms
step:2385/3250 train_time:383.246s step_avg:160.69ms
step:2386/3250 train_time:383.410s step_avg:160.69ms
step:2387/3250 train_time:383.571s step_avg:160.69ms
step:2388/3250 train_time:383.734s step_avg:160.69ms
step:2389/3250 train_time:383.897s step_avg:160.69ms
step:2390/3250 train_time:384.058s step_avg:160.69ms
step:2391/3250 train_time:384.221s step_avg:160.69ms
step:2392/3250 train_time:384.385s step_avg:160.70ms
step:2393/3250 train_time:384.549s step_avg:160.70ms
step:2394/3250 train_time:384.711s step_avg:160.70ms
step:2395/3250 train_time:384.872s step_avg:160.70ms
step:2396/3250 train_time:385.034s step_avg:160.70ms
step:2397/3250 train_time:385.197s step_avg:160.70ms
step:2398/3250 train_time:385.359s step_avg:160.70ms
step:2399/3250 train_time:385.522s step_avg:160.70ms
step:2400/3250 train_time:385.686s step_avg:160.70ms
step:2401/3250 train_time:385.850s step_avg:160.70ms
step:2402/3250 train_time:386.011s step_avg:160.70ms
step:2403/3250 train_time:386.173s step_avg:160.70ms
step:2404/3250 train_time:386.334s step_avg:160.70ms
step:2405/3250 train_time:386.496s step_avg:160.71ms
step:2406/3250 train_time:386.659s step_avg:160.71ms
step:2407/3250 train_time:386.821s step_avg:160.71ms
step:2408/3250 train_time:386.985s step_avg:160.71ms
step:2409/3250 train_time:387.147s step_avg:160.71ms
step:2410/3250 train_time:387.308s step_avg:160.71ms
step:2411/3250 train_time:387.471s step_avg:160.71ms
step:2412/3250 train_time:387.634s step_avg:160.71ms
step:2413/3250 train_time:387.798s step_avg:160.71ms
step:2414/3250 train_time:387.959s step_avg:160.71ms
step:2415/3250 train_time:388.122s step_avg:160.71ms
step:2416/3250 train_time:388.286s step_avg:160.71ms
step:2417/3250 train_time:388.448s step_avg:160.71ms
step:2418/3250 train_time:388.609s step_avg:160.72ms
step:2419/3250 train_time:388.771s step_avg:160.72ms
step:2420/3250 train_time:388.932s step_avg:160.72ms
step:2421/3250 train_time:389.095s step_avg:160.72ms
step:2422/3250 train_time:389.257s step_avg:160.72ms
step:2423/3250 train_time:389.418s step_avg:160.72ms
step:2424/3250 train_time:389.583s step_avg:160.72ms
step:2425/3250 train_time:389.745s step_avg:160.72ms
step:2426/3250 train_time:389.906s step_avg:160.72ms
step:2427/3250 train_time:390.067s step_avg:160.72ms
step:2428/3250 train_time:390.227s step_avg:160.72ms
step:2429/3250 train_time:390.389s step_avg:160.72ms
step:2430/3250 train_time:390.552s step_avg:160.72ms
step:2431/3250 train_time:390.715s step_avg:160.72ms
step:2432/3250 train_time:390.876s step_avg:160.72ms
step:2433/3250 train_time:391.040s step_avg:160.72ms
step:2434/3250 train_time:391.202s step_avg:160.72ms
step:2435/3250 train_time:391.366s step_avg:160.73ms
step:2436/3250 train_time:391.527s step_avg:160.73ms
step:2437/3250 train_time:391.690s step_avg:160.73ms
step:2438/3250 train_time:391.853s step_avg:160.73ms
step:2439/3250 train_time:392.013s step_avg:160.73ms
step:2440/3250 train_time:392.177s step_avg:160.73ms
step:2441/3250 train_time:392.340s step_avg:160.73ms
step:2442/3250 train_time:392.502s step_avg:160.73ms
step:2443/3250 train_time:392.665s step_avg:160.73ms
step:2444/3250 train_time:392.826s step_avg:160.73ms
step:2445/3250 train_time:392.988s step_avg:160.73ms
step:2446/3250 train_time:393.149s step_avg:160.73ms
step:2447/3250 train_time:393.310s step_avg:160.73ms
step:2448/3250 train_time:393.472s step_avg:160.73ms
step:2449/3250 train_time:393.633s step_avg:160.73ms
step:2450/3250 train_time:393.794s step_avg:160.73ms
step:2451/3250 train_time:393.956s step_avg:160.73ms
step:2452/3250 train_time:394.119s step_avg:160.73ms
step:2453/3250 train_time:394.281s step_avg:160.73ms
step:2454/3250 train_time:394.444s step_avg:160.74ms
step:2455/3250 train_time:394.606s step_avg:160.74ms
step:2456/3250 train_time:394.768s step_avg:160.74ms
step:2457/3250 train_time:394.930s step_avg:160.74ms
step:2458/3250 train_time:395.092s step_avg:160.74ms
step:2459/3250 train_time:395.255s step_avg:160.74ms
step:2460/3250 train_time:395.416s step_avg:160.74ms
step:2461/3250 train_time:395.579s step_avg:160.74ms
step:2462/3250 train_time:395.742s step_avg:160.74ms
step:2463/3250 train_time:395.904s step_avg:160.74ms
step:2464/3250 train_time:396.067s step_avg:160.74ms
step:2465/3250 train_time:396.227s step_avg:160.74ms
step:2466/3250 train_time:396.388s step_avg:160.74ms
step:2467/3250 train_time:396.552s step_avg:160.74ms
step:2468/3250 train_time:396.713s step_avg:160.74ms
step:2469/3250 train_time:396.873s step_avg:160.74ms
step:2470/3250 train_time:397.034s step_avg:160.74ms
step:2471/3250 train_time:397.249s step_avg:160.76ms
step:2472/3250 train_time:397.410s step_avg:160.76ms
step:2473/3250 train_time:397.572s step_avg:160.77ms
step:2474/3250 train_time:397.734s step_avg:160.77ms
step:2475/3250 train_time:397.898s step_avg:160.77ms
step:2476/3250 train_time:398.060s step_avg:160.77ms
step:2477/3250 train_time:398.222s step_avg:160.77ms
step:2478/3250 train_time:398.386s step_avg:160.77ms
step:2479/3250 train_time:398.549s step_avg:160.77ms
step:2480/3250 train_time:398.710s step_avg:160.77ms
step:2481/3250 train_time:398.873s step_avg:160.77ms
step:2482/3250 train_time:399.034s step_avg:160.77ms
step:2483/3250 train_time:399.196s step_avg:160.77ms
step:2484/3250 train_time:399.359s step_avg:160.77ms
step:2485/3250 train_time:399.522s step_avg:160.77ms
step:2486/3250 train_time:399.686s step_avg:160.77ms
step:2487/3250 train_time:399.849s step_avg:160.78ms
step:2488/3250 train_time:400.009s step_avg:160.78ms
step:2489/3250 train_time:400.172s step_avg:160.78ms
step:2490/3250 train_time:400.334s step_avg:160.78ms
step:2491/3250 train_time:400.496s step_avg:160.78ms
step:2492/3250 train_time:400.658s step_avg:160.78ms
step:2493/3250 train_time:400.820s step_avg:160.78ms
step:2494/3250 train_time:400.983s step_avg:160.78ms
step:2495/3250 train_time:401.146s step_avg:160.78ms
step:2496/3250 train_time:401.308s step_avg:160.78ms
step:2497/3250 train_time:401.470s step_avg:160.78ms
step:2498/3250 train_time:401.632s step_avg:160.78ms
step:2499/3250 train_time:401.794s step_avg:160.78ms
step:2500/3250 train_time:401.955s step_avg:160.78ms
step:2500/3250 val_loss:3.36716 train_time:401.956s step_avg:162.71ms
probe_ema: n=84934656 align=-0.23194,-0.22927,-0.22596,-0.22115,-0.21454,-0.20603,-0.19556,-0.18325 rel_mse=1.05933,1.04385,1.03212,1.02330,1.01671,1.01186,1.00832,1.00577
step:2501/3250 train_time:402.121s step_avg:160.78ms
step:2502/3250 train_time:402.282s step_avg:160.78ms
step:2503/3250 train_time:402.446s step_avg:160.79ms
step:2504/3250 train_time:402.608s step_avg:160.79ms
step:2505/3250 train_time:402.772s step_avg:160.79ms
step:2506/3250 train_time:402.934s step_avg:160.79ms
step:2507/3250 train_time:403.097s step_avg:160.79ms
step:2508/3250 train_time:403.260s step_avg:160.79ms
step:2509/3250 train_time:403.422s step_avg:160.79ms
step:2510/3250 train_time:403.584s step_avg:160.79ms
step:2511/3250 train_time:403.746s step_avg:160.79ms
step:2512/3250 train_time:403.907s step_avg:160.79ms
step:2513/3250 train_time:404.070s step_avg:160.79ms
step:2514/3250 train_time:404.232s step_avg:160.79ms
step:2515/3250 train_time:404.395s step_avg:160.79ms
step:2516/3250 train_time:404.558s step_avg:160.79ms
step:2517/3250 train_time:404.721s step_avg:160.79ms
step:2518/3250 train_time:404.881s step_avg:160.79ms
step:2519/3250 train_time:405.043s step_avg:160.80ms
step:2520/3250 train_time:405.205s step_avg:160.80ms
step:2521/3250 train_time:405.366s step_avg:160.80ms
step:2522/3250 train_time:405.528s step_avg:160.80ms
step:2523/3250 train_time:405.689s step_avg:160.80ms
step:2524/3250 train_time:405.852s step_avg:160.80ms
step:2525/3250 train_time:406.016s step_avg:160.80ms
step:2526/3250 train_time:406.177s step_avg:160.80ms
step:2527/3250 train_time:406.339s step_avg:160.80ms
step:2528/3250 train_time:406.501s step_avg:160.80ms
step:2529/3250 train_time:406.662s step_avg:160.80ms
step:2530/3250 train_time:406.823s step_avg:160.80ms
step:2531/3250 train_time:406.984s step_avg:160.80ms
step:2532/3250 train_time:407.146s step_avg:160.80ms
step:2533/3250 train_time:407.308s step_avg:160.80ms
step:2534/3250 train_time:407.470s step_avg:160.80ms
step:2535/3250 train_time:407.632s step_avg:160.80ms
step:2536/3250 train_time:407.795s step_avg:160.80ms
step:2537/3250 train_time:407.957s step_avg:160.80ms
step:2538/3250 train_time:408.119s step_avg:160.80ms
step:2539/3250 train_time:408.280s step_avg:160.80ms
step:2540/3250 train_time:408.442s step_avg:160.80ms
step:2541/3250 train_time:408.606s step_avg:160.81ms
step:2542/3250 train_time:408.767s step_avg:160.81ms
step:2543/3250 train_time:408.930s step_avg:160.81ms
step:2544/3250 train_time:409.093s step_avg:160.81ms
step:2545/3250 train_time:409.254s step_avg:160.81ms
step:2546/3250 train_time:409.417s step_avg:160.81ms
step:2547/3250 train_time:409.578s step_avg:160.81ms
step:2548/3250 train_time:409.740s step_avg:160.81ms
step:2549/3250 train_time:409.902s step_avg:160.81ms
step:2550/3250 train_time:410.063s step_avg:160.81ms
step:2551/3250 train_time:410.225s step_avg:160.81ms
step:2552/3250 train_time:410.387s step_avg:160.81ms
step:2553/3250 train_time:410.556s step_avg:160.81ms
step:2554/3250 train_time:410.720s step_avg:160.81ms
step:2555/3250 train_time:410.883s step_avg:160.82ms
step:2556/3250 train_time:411.045s step_avg:160.82ms
step:2557/3250 train_time:411.209s step_avg:160.82ms
step:2558/3250 train_time:411.373s step_avg:160.82ms
step:2559/3250 train_time:411.536s step_avg:160.82ms
step:2560/3250 train_time:411.700s step_avg:160.82ms
step:2561/3250 train_time:411.863s step_avg:160.82ms
step:2562/3250 train_time:412.025s step_avg:160.82ms
step:2563/3250 train_time:412.186s step_avg:160.82ms
step:2564/3250 train_time:412.350s step_avg:160.82ms
step:2565/3250 train_time:412.513s step_avg:160.82ms
step:2566/3250 train_time:412.684s step_avg:160.83ms
step:2567/3250 train_time:412.848s step_avg:160.83ms
step:2568/3250 train_time:413.012s step_avg:160.83ms
step:2569/3250 train_time:413.176s step_avg:160.83ms
step:2570/3250 train_time:413.340s step_avg:160.83ms
step:2571/3250 train_time:413.501s step_avg:160.83ms
step:2572/3250 train_time:413.663s step_avg:160.83ms
step:2573/3250 train_time:413.824s step_avg:160.83ms
step:2574/3250 train_time:413.986s step_avg:160.83ms
step:2575/3250 train_time:414.149s step_avg:160.83ms
step:2576/3250 train_time:414.311s step_avg:160.84ms
step:2577/3250 train_time:414.473s step_avg:160.84ms
step:2578/3250 train_time:414.636s step_avg:160.84ms
step:2579/3250 train_time:414.799s step_avg:160.84ms
step:2580/3250 train_time:414.960s step_avg:160.84ms
step:2581/3250 train_time:415.121s step_avg:160.84ms
step:2582/3250 train_time:415.283s step_avg:160.84ms
step:2583/3250 train_time:415.446s step_avg:160.84ms
step:2584/3250 train_time:415.608s step_avg:160.84ms
step:2585/3250 train_time:415.770s step_avg:160.84ms
step:2586/3250 train_time:415.931s step_avg:160.84ms
step:2587/3250 train_time:416.093s step_avg:160.84ms
step:2588/3250 train_time:416.255s step_avg:160.84ms
step:2589/3250 train_time:416.417s step_avg:160.84ms
step:2590/3250 train_time:416.579s step_avg:160.84ms
step:2591/3250 train_time:416.741s step_avg:160.84ms
step:2592/3250 train_time:416.903s step_avg:160.84ms
step:2593/3250 train_time:417.066s step_avg:160.84ms
step:2594/3250 train_time:417.227s step_avg:160.84ms
step:2595/3250 train_time:417.389s step_avg:160.84ms
step:2596/3250 train_time:417.551s step_avg:160.84ms
step:2597/3250 train_time:417.714s step_avg:160.84ms
step:2598/3250 train_time:417.877s step_avg:160.85ms
step:2599/3250 train_time:418.038s step_avg:160.85ms
step:2600/3250 train_time:418.199s step_avg:160.85ms
step:2601/3250 train_time:418.361s step_avg:160.85ms
step:2602/3250 train_time:418.524s step_avg:160.85ms
step:2603/3250 train_time:418.687s step_avg:160.85ms
step:2604/3250 train_time:418.848s step_avg:160.85ms
step:2605/3250 train_time:419.010s step_avg:160.85ms
step:2606/3250 train_time:419.172s step_avg:160.85ms
step:2607/3250 train_time:419.336s step_avg:160.85ms
step:2608/3250 train_time:419.499s step_avg:160.85ms
step:2609/3250 train_time:419.660s step_avg:160.85ms
step:2610/3250 train_time:419.822s step_avg:160.85ms
step:2611/3250 train_time:419.984s step_avg:160.85ms
step:2612/3250 train_time:420.146s step_avg:160.85ms
step:2613/3250 train_time:420.309s step_avg:160.85ms
step:2614/3250 train_time:420.473s step_avg:160.85ms
step:2615/3250 train_time:420.636s step_avg:160.86ms
step:2616/3250 train_time:420.799s step_avg:160.86ms
step:2617/3250 train_time:420.961s step_avg:160.86ms
step:2618/3250 train_time:421.123s step_avg:160.86ms
step:2619/3250 train_time:421.285s step_avg:160.86ms
step:2620/3250 train_time:421.449s step_avg:160.86ms
step:2621/3250 train_time:421.611s step_avg:160.86ms
step:2622/3250 train_time:421.772s step_avg:160.86ms
step:2623/3250 train_time:421.936s step_avg:160.86ms
step:2624/3250 train_time:422.100s step_avg:160.86ms
step:2625/3250 train_time:422.262s step_avg:160.86ms
step:2625/3250 val_loss:3.34846 train_time:422.263s step_avg:162.46ms
probe_ema: n=84934656 align=-0.17097,-0.17090,-0.17132,-0.17105,-0.16916,-0.16527,-0.15944,-0.15153 rel_mse=1.04719,1.03578,1.02699,1.02021,1.01496,1.01093,1.00787,1.00559
step:2626/3250 train_time:422.429s step_avg:160.86ms
step:2627/3250 train_time:422.592s step_avg:160.86ms
step:2628/3250 train_time:422.753s step_avg:160.86ms
step:2629/3250 train_time:422.915s step_avg:160.87ms
step:2630/3250 train_time:423.080s step_avg:160.87ms
step:2631/3250 train_time:423.241s step_avg:160.87ms
step:2632/3250 train_time:423.402s step_avg:160.87ms
step:2633/3250 train_time:423.567s step_avg:160.87ms
step:2634/3250 train_time:423.729s step_avg:160.87ms
step:2635/3250 train_time:423.891s step_avg:160.87ms
step:2636/3250 train_time:424.052s step_avg:160.87ms
step:2637/3250 train_time:424.213s step_avg:160.87ms
step:2638/3250 train_time:424.378s step_avg:160.87ms
step:2639/3250 train_time:424.541s step_avg:160.87ms
step:2640/3250 train_time:424.703s step_avg:160.87ms
step:2641/3250 train_time:424.866s step_avg:160.87ms
step:2642/3250 train_time:425.028s step_avg:160.87ms
step:2643/3250 train_time:425.191s step_avg:160.87ms
step:2644/3250 train_time:425.352s step_avg:160.87ms
step:2645/3250 train_time:425.513s step_avg:160.87ms
step:2646/3250 train_time:425.676s step_avg:160.88ms
step:2647/3250 train_time:425.838s step_avg:160.88ms
step:2648/3250 train_time:426.000s step_avg:160.88ms
step:2649/3250 train_time:426.162s step_avg:160.88ms
step:2650/3250 train_time:426.324s step_avg:160.88ms
step:2651/3250 train_time:426.488s step_avg:160.88ms
step:2652/3250 train_time:426.650s step_avg:160.88ms
step:2653/3250 train_time:426.813s step_avg:160.88ms
step:2654/3250 train_time:426.976s step_avg:160.88ms
step:2655/3250 train_time:427.137s step_avg:160.88ms
step:2656/3250 train_time:427.299s step_avg:160.88ms
step:2657/3250 train_time:427.462s step_avg:160.88ms
step:2658/3250 train_time:427.624s step_avg:160.88ms
step:2659/3250 train_time:427.788s step_avg:160.88ms
step:2660/3250 train_time:427.951s step_avg:160.88ms
step:2661/3250 train_time:428.163s step_avg:160.90ms
step:2662/3250 train_time:428.327s step_avg:160.90ms
step:2663/3250 train_time:428.489s step_avg:160.90ms
step:2664/3250 train_time:428.651s step_avg:160.91ms
step:2665/3250 train_time:428.814s step_avg:160.91ms
step:2666/3250 train_time:428.976s step_avg:160.91ms
step:2667/3250 train_time:429.137s step_avg:160.91ms
step:2668/3250 train_time:429.300s step_avg:160.91ms
step:2669/3250 train_time:429.463s step_avg:160.91ms
step:2670/3250 train_time:429.627s step_avg:160.91ms
step:2671/3250 train_time:429.788s step_avg:160.91ms
step:2672/3250 train_time:429.950s step_avg:160.91ms
step:2673/3250 train_time:430.112s step_avg:160.91ms
step:2674/3250 train_time:430.275s step_avg:160.91ms
step:2675/3250 train_time:430.438s step_avg:160.91ms
step:2676/3250 train_time:430.602s step_avg:160.91ms
step:2677/3250 train_time:430.767s step_avg:160.91ms
step:2678/3250 train_time:430.927s step_avg:160.91ms
step:2679/3250 train_time:431.089s step_avg:160.91ms
step:2680/3250 train_time:431.251s step_avg:160.91ms
step:2681/3250 train_time:431.413s step_avg:160.91ms
step:2682/3250 train_time:431.575s step_avg:160.92ms
step:2683/3250 train_time:431.737s step_avg:160.92ms
step:2684/3250 train_time:431.898s step_avg:160.92ms
step:2685/3250 train_time:432.060s step_avg:160.92ms
step:2686/3250 train_time:432.222s step_avg:160.92ms
step:2687/3250 train_time:432.386s step_avg:160.92ms
step:2688/3250 train_time:432.549s step_avg:160.92ms
step:2689/3250 train_time:432.710s step_avg:160.92ms
step:2690/3250 train_time:432.872s step_avg:160.92ms
step:2691/3250 train_time:433.035s step_avg:160.92ms
step:2692/3250 train_time:433.197s step_avg:160.92ms
step:2693/3250 train_time:433.361s step_avg:160.92ms
step:2694/3250 train_time:433.523s step_avg:160.92ms
step:2695/3250 train_time:433.687s step_avg:160.92ms
step:2696/3250 train_time:433.849s step_avg:160.92ms
step:2697/3250 train_time:434.011s step_avg:160.92ms
step:2698/3250 train_time:434.173s step_avg:160.92ms
step:2699/3250 train_time:434.336s step_avg:160.92ms
step:2700/3250 train_time:434.498s step_avg:160.93ms
step:2701/3250 train_time:434.661s step_avg:160.93ms
step:2702/3250 train_time:434.824s step_avg:160.93ms
step:2703/3250 train_time:434.987s step_avg:160.93ms
step:2704/3250 train_time:435.148s step_avg:160.93ms
step:2705/3250 train_time:435.311s step_avg:160.93ms
step:2706/3250 train_time:435.472s step_avg:160.93ms
step:2707/3250 train_time:435.634s step_avg:160.93ms
step:2708/3250 train_time:435.796s step_avg:160.93ms
step:2709/3250 train_time:435.959s step_avg:160.93ms
step:2710/3250 train_time:436.122s step_avg:160.93ms
step:2711/3250 train_time:436.286s step_avg:160.93ms
step:2712/3250 train_time:436.448s step_avg:160.93ms
step:2713/3250 train_time:436.611s step_avg:160.93ms
step:2714/3250 train_time:436.773s step_avg:160.93ms
step:2715/3250 train_time:436.935s step_avg:160.93ms
step:2716/3250 train_time:437.097s step_avg:160.93ms
step:2717/3250 train_time:437.259s step_avg:160.93ms
step:2718/3250 train_time:437.421s step_avg:160.93ms
step:2719/3250 train_time:437.585s step_avg:160.94ms
step:2720/3250 train_time:437.746s step_avg:160.94ms
step:2721/3250 train_time:437.907s step_avg:160.94ms
step:2722/3250 train_time:438.069s step_avg:160.94ms
step:2723/3250 train_time:438.230s step_avg:160.94ms
step:2724/3250 train_time:438.392s step_avg:160.94ms
step:2725/3250 train_time:438.552s step_avg:160.94ms
step:2726/3250 train_time:438.713s step_avg:160.94ms
step:2727/3250 train_time:438.875s step_avg:160.94ms
step:2728/3250 train_time:439.036s step_avg:160.94ms
step:2729/3250 train_time:439.198s step_avg:160.94ms
step:2730/3250 train_time:439.361s step_avg:160.94ms
step:2731/3250 train_time:439.524s step_avg:160.94ms
step:2732/3250 train_time:439.686s step_avg:160.94ms
step:2733/3250 train_time:439.848s step_avg:160.94ms
step:2734/3250 train_time:440.010s step_avg:160.94ms
step:2735/3250 train_time:440.171s step_avg:160.94ms
step:2736/3250 train_time:440.337s step_avg:160.94ms
step:2737/3250 train_time:440.499s step_avg:160.94ms
step:2738/3250 train_time:440.661s step_avg:160.94ms
step:2739/3250 train_time:440.824s step_avg:160.94ms
step:2740/3250 train_time:440.986s step_avg:160.94ms
step:2741/3250 train_time:441.148s step_avg:160.94ms
step:2742/3250 train_time:441.310s step_avg:160.94ms
step:2743/3250 train_time:441.472s step_avg:160.95ms
step:2744/3250 train_time:441.635s step_avg:160.95ms
step:2745/3250 train_time:441.798s step_avg:160.95ms
step:2746/3250 train_time:441.959s step_avg:160.95ms
step:2747/3250 train_time:442.123s step_avg:160.95ms
step:2748/3250 train_time:442.285s step_avg:160.95ms
step:2749/3250 train_time:442.447s step_avg:160.95ms
step:2750/3250 train_time:442.609s step_avg:160.95ms
step:2750/3250 val_loss:3.33080 train_time:442.609s step_avg:162.77ms
probe_ema: n=84934656 align=-0.15617,-0.16036,-0.16381,-0.16568,-0.16555,-0.16343,-0.15926,-0.15301 rel_mse=1.04734,1.03662,1.02799,1.02114,1.01576,1.01160,1.00844,1.00606
step:2751/3250 train_time:442.775s step_avg:160.95ms
step:2752/3250 train_time:442.937s step_avg:160.95ms
step:2753/3250 train_time:443.101s step_avg:160.95ms
step:2754/3250 train_time:443.262s step_avg:160.95ms
step:2755/3250 train_time:443.425s step_avg:160.95ms
step:2756/3250 train_time:443.590s step_avg:160.95ms
step:2757/3250 train_time:443.751s step_avg:160.95ms
step:2758/3250 train_time:443.914s step_avg:160.96ms
step:2759/3250 train_time:444.076s step_avg:160.96ms
step:2760/3250 train_time:444.239s step_avg:160.96ms
step:2761/3250 train_time:444.401s step_avg:160.96ms
step:2762/3250 train_time:444.562s step_avg:160.96ms
step:2763/3250 train_time:444.725s step_avg:160.96ms
step:2764/3250 train_time:444.886s step_avg:160.96ms
step:2765/3250 train_time:445.048s step_avg:160.96ms
step:2766/3250 train_time:445.213s step_avg:160.96ms
step:2767/3250 train_time:445.375s step_avg:160.96ms
step:2768/3250 train_time:445.537s step_avg:160.96ms
step:2769/3250 train_time:445.699s step_avg:160.96ms
step:2770/3250 train_time:445.859s step_avg:160.96ms
step:2771/3250 train_time:446.022s step_avg:160.96ms
step:2772/3250 train_time:446.184s step_avg:160.96ms
step:2773/3250 train_time:446.347s step_avg:160.96ms
step:2774/3250 train_time:446.513s step_avg:160.96ms
step:2775/3250 train_time:446.675s step_avg:160.96ms
step:2776/3250 train_time:446.837s step_avg:160.96ms
step:2777/3250 train_time:446.999s step_avg:160.96ms
step:2778/3250 train_time:447.163s step_avg:160.97ms
step:2779/3250 train_time:447.325s step_avg:160.97ms
step:2780/3250 train_time:447.486s step_avg:160.97ms
step:2781/3250 train_time:447.649s step_avg:160.97ms
step:2782/3250 train_time:447.813s step_avg:160.97ms
step:2783/3250 train_time:447.975s step_avg:160.97ms
step:2784/3250 train_time:448.137s step_avg:160.97ms
step:2785/3250 train_time:448.299s step_avg:160.97ms
step:2786/3250 train_time:448.461s step_avg:160.97ms
step:2787/3250 train_time:448.623s step_avg:160.97ms
step:2788/3250 train_time:448.784s step_avg:160.97ms
step:2789/3250 train_time:448.947s step_avg:160.97ms
step:2790/3250 train_time:449.109s step_avg:160.97ms
step:2791/3250 train_time:449.271s step_avg:160.97ms
step:2792/3250 train_time:449.435s step_avg:160.97ms
step:2793/3250 train_time:449.597s step_avg:160.97ms
step:2794/3250 train_time:449.759s step_avg:160.97ms
step:2795/3250 train_time:449.922s step_avg:160.97ms
step:2796/3250 train_time:450.084s step_avg:160.97ms
step:2797/3250 train_time:450.247s step_avg:160.98ms
step:2798/3250 train_time:450.409s step_avg:160.98ms
step:2799/3250 train_time:450.572s step_avg:160.98ms
step:2800/3250 train_time:450.736s step_avg:160.98ms
step:2801/3250 train_time:450.900s step_avg:160.98ms
step:2802/3250 train_time:451.062s step_avg:160.98ms
step:2803/3250 train_time:451.225s step_avg:160.98ms
step:2804/3250 train_time:451.388s step_avg:160.98ms
step:2805/3250 train_time:451.549s step_avg:160.98ms
step:2806/3250 train_time:451.712s step_avg:160.98ms
step:2807/3250 train_time:451.875s step_avg:160.98ms
step:2808/3250 train_time:452.038s step_avg:160.98ms
step:2809/3250 train_time:452.200s step_avg:160.98ms
step:2810/3250 train_time:452.362s step_avg:160.98ms
step:2811/3250 train_time:452.523s step_avg:160.98ms
step:2812/3250 train_time:452.687s step_avg:160.98ms
step:2813/3250 train_time:452.850s step_avg:160.98ms
step:2814/3250 train_time:453.014s step_avg:160.99ms
step:2815/3250 train_time:453.177s step_avg:160.99ms
step:2816/3250 train_time:453.338s step_avg:160.99ms
step:2817/3250 train_time:453.501s step_avg:160.99ms
step:2818/3250 train_time:453.663s step_avg:160.99ms
step:2819/3250 train_time:453.825s step_avg:160.99ms
step:2820/3250 train_time:453.988s step_avg:160.99ms
step:2821/3250 train_time:454.150s step_avg:160.99ms
step:2822/3250 train_time:454.312s step_avg:160.99ms
step:2823/3250 train_time:454.477s step_avg:160.99ms
step:2824/3250 train_time:454.638s step_avg:160.99ms
step:2825/3250 train_time:454.801s step_avg:160.99ms
step:2826/3250 train_time:454.962s step_avg:160.99ms
step:2827/3250 train_time:455.125s step_avg:160.99ms
step:2828/3250 train_time:455.289s step_avg:160.99ms
step:2829/3250 train_time:455.451s step_avg:160.99ms
step:2830/3250 train_time:455.615s step_avg:160.99ms
step:2831/3250 train_time:455.777s step_avg:160.99ms
step:2832/3250 train_time:455.938s step_avg:161.00ms
step:2833/3250 train_time:456.101s step_avg:161.00ms
step:2834/3250 train_time:456.262s step_avg:161.00ms
step:2835/3250 train_time:456.425s step_avg:161.00ms
step:2836/3250 train_time:456.588s step_avg:161.00ms
step:2837/3250 train_time:456.750s step_avg:161.00ms
step:2838/3250 train_time:456.914s step_avg:161.00ms
step:2839/3250 train_time:457.075s step_avg:161.00ms
step:2840/3250 train_time:457.237s step_avg:161.00ms
step:2841/3250 train_time:457.399s step_avg:161.00ms
step:2842/3250 train_time:457.560s step_avg:161.00ms
step:2843/3250 train_time:457.722s step_avg:161.00ms
step:2844/3250 train_time:457.883s step_avg:161.00ms
step:2845/3250 train_time:458.045s step_avg:161.00ms
step:2846/3250 train_time:458.208s step_avg:161.00ms
step:2847/3250 train_time:458.369s step_avg:161.00ms
step:2848/3250 train_time:458.536s step_avg:161.00ms
step:2849/3250 train_time:458.697s step_avg:161.00ms
step:2850/3250 train_time:458.859s step_avg:161.00ms
step:2851/3250 train_time:459.072s step_avg:161.02ms
step:2852/3250 train_time:459.237s step_avg:161.02ms
step:2853/3250 train_time:459.399s step_avg:161.02ms
step:2854/3250 train_time:459.561s step_avg:161.02ms
step:2855/3250 train_time:459.725s step_avg:161.02ms
step:2856/3250 train_time:459.886s step_avg:161.02ms
step:2857/3250 train_time:460.047s step_avg:161.02ms
step:2858/3250 train_time:460.209s step_avg:161.02ms
step:2859/3250 train_time:460.373s step_avg:161.03ms
step:2860/3250 train_time:460.537s step_avg:161.03ms
step:2861/3250 train_time:460.698s step_avg:161.03ms
step:2862/3250 train_time:460.861s step_avg:161.03ms
step:2863/3250 train_time:461.023s step_avg:161.03ms
step:2864/3250 train_time:461.184s step_avg:161.03ms
step:2865/3250 train_time:461.347s step_avg:161.03ms
step:2866/3250 train_time:461.509s step_avg:161.03ms
step:2867/3250 train_time:461.672s step_avg:161.03ms
step:2868/3250 train_time:461.834s step_avg:161.03ms
step:2869/3250 train_time:461.997s step_avg:161.03ms
step:2870/3250 train_time:462.159s step_avg:161.03ms
step:2871/3250 train_time:462.321s step_avg:161.03ms
step:2872/3250 train_time:462.482s step_avg:161.03ms
step:2873/3250 train_time:462.644s step_avg:161.03ms
step:2874/3250 train_time:462.807s step_avg:161.03ms
step:2875/3250 train_time:462.969s step_avg:161.03ms
step:2875/3250 val_loss:3.31326 train_time:462.969s step_avg:162.88ms
probe_ema: n=84934656 align=-0.08628,-0.10063,-0.11364,-0.12412,-0.13139,-0.13516,-0.13543,-0.13250 rel_mse=1.03621,1.02945,1.02368,1.01872,1.01449,1.01098,1.00814,1.00591
step:2876/3250 train_time:463.135s step_avg:161.03ms
step:2877/3250 train_time:463.298s step_avg:161.04ms
step:2878/3250 train_time:463.463s step_avg:161.04ms
step:2879/3250 train_time:463.624s step_avg:161.04ms
step:2880/3250 train_time:463.785s step_avg:161.04ms
step:2881/3250 train_time:463.948s step_avg:161.04ms
step:2882/3250 train_time:464.111s step_avg:161.04ms
step:2883/3250 train_time:464.272s step_avg:161.04ms
step:2884/3250 train_time:464.432s step_avg:161.04ms
step:2885/3250 train_time:464.594s step_avg:161.04ms
step:2886/3250 train_time:464.756s step_avg:161.04ms
step:2887/3250 train_time:464.918s step_avg:161.04ms
step:2888/3250 train_time:465.080s step_avg:161.04ms
step:2889/3250 train_time:465.243s step_avg:161.04ms
step:2890/3250 train_time:465.404s step_avg:161.04ms
step:2891/3250 train_time:465.568s step_avg:161.04ms
step:2892/3250 train_time:465.730s step_avg:161.04ms
step:2893/3250 train_time:465.892s step_avg:161.04ms
step:2894/3250 train_time:466.055s step_avg:161.04ms
step:2895/3250 train_time:466.217s step_avg:161.04ms
step:2896/3250 train_time:466.379s step_avg:161.04ms
step:2897/3250 train_time:466.543s step_avg:161.04ms
step:2898/3250 train_time:466.705s step_avg:161.04ms
step:2899/3250 train_time:466.867s step_avg:161.04ms
step:2900/3250 train_time:467.027s step_avg:161.04ms
step:2900/3250 val_loss:3.30989 train_time:467.028s step_avg:162.34ms
probe_ema: n=84934656 align=-0.09058,-0.10555,-0.11806,-0.12772,-0.13414,-0.13707,-0.13657,-0.13302 rel_mse=1.03694,1.03041,1.02441,1.01916,1.01473,1.01109,1.00818,1.00591
step:2901/3250 train_time:467.194s step_avg:161.05ms
step:2902/3250 train_time:467.357s step_avg:161.05ms
step:2903/3250 train_time:467.519s step_avg:161.05ms
step:2904/3250 train_time:467.680s step_avg:161.05ms
step:2905/3250 train_time:467.841s step_avg:161.05ms
step:2906/3250 train_time:468.004s step_avg:161.05ms
step:2907/3250 train_time:468.170s step_avg:161.05ms
step:2908/3250 train_time:468.332s step_avg:161.05ms
step:2909/3250 train_time:468.495s step_avg:161.05ms
step:2910/3250 train_time:468.656s step_avg:161.05ms
step:2910/3250 val_loss:3.30806 train_time:468.657s step_avg:162.91ms
probe_ema: n=84934656 align=-0.08478,-0.09500,-0.10473,-0.11306,-0.11906,-0.12218,-0.12225,-0.11941 rel_mse=1.03448,1.02736,1.02161,1.01694,1.01310,1.00995,1.00741,1.00540
step:2911/3250 train_time:468.825s step_avg:161.05ms
step:2912/3250 train_time:468.988s step_avg:161.05ms
step:2913/3250 train_time:469.151s step_avg:161.05ms
step:2914/3250 train_time:469.315s step_avg:161.06ms
step:2915/3250 train_time:469.478s step_avg:161.06ms
step:2916/3250 train_time:469.641s step_avg:161.06ms
step:2917/3250 train_time:469.802s step_avg:161.06ms
step:2918/3250 train_time:469.965s step_avg:161.06ms
step:2919/3250 train_time:470.129s step_avg:161.06ms
step:2920/3250 train_time:470.292s step_avg:161.06ms
step:2920/3250 val_loss:3.30683 train_time:470.292s step_avg:163.53ms
probe_ema: n=84934656 align=-0.09935,-0.10878,-0.11745,-0.12464,-0.12973,-0.13227,-0.13203,-0.12912 rel_mse=1.04186,1.03289,1.02559,1.01970,1.01500,1.01126,1.00833,1.00606
step:2921/3250 train_time:470.456s step_avg:161.06ms
step:2922/3250 train_time:470.619s step_avg:161.06ms
step:2923/3250 train_time:470.782s step_avg:161.06ms
step:2924/3250 train_time:470.945s step_avg:161.06ms
step:2925/3250 train_time:471.107s step_avg:161.06ms
step:2925/3250 val_loss:3.30614 train_time:471.107s step_avg:162.99ms
probe_ema: n=84934656 align=-0.09835,-0.10817,-0.11714,-0.12434,-0.12925,-0.13153,-0.13098,-0.12769 rel_mse=1.04017,1.03150,1.02457,1.01899,1.01451,1.01093,1.00810,1.00589
step:2926/3250 train_time:471.274s step_avg:161.06ms
step:2927/3250 train_time:471.436s step_avg:161.06ms
step:2928/3250 train_time:471.598s step_avg:161.06ms
step:2929/3250 train_time:471.762s step_avg:161.07ms
step:2930/3250 train_time:471.924s step_avg:161.07ms
step:2930/3250 val_loss:3.30577 train_time:471.925s step_avg:163.48ms
probe_ema: n=84934656 align=-0.11965,-0.12895,-0.13644,-0.14154,-0.14406,-0.14405,-0.14164,-0.13698 rel_mse=1.04320,1.03392,1.02623,1.01997,1.01498,1.01108,1.00809,1.00583
step:2931/3250 train_time:472.091s step_avg:161.07ms
step:2932/3250 train_time:472.254s step_avg:161.07ms
step:2933/3250 train_time:472.416s step_avg:161.07ms
step:2934/3250 train_time:472.577s step_avg:161.07ms
step:2935/3250 train_time:472.740s step_avg:161.07ms
step:2936/3250 train_time:472.902s step_avg:161.07ms
step:2937/3250 train_time:473.065s step_avg:161.07ms
step:2938/3250 train_time:473.228s step_avg:161.07ms
step:2939/3250 train_time:473.391s step_avg:161.07ms
step:2940/3250 train_time:473.552s step_avg:161.07ms
step:2940/3250 val_loss:3.30434 train_time:473.553s step_avg:162.81ms
probe_ema: n=84934656 align=-0.06028,-0.07659,-0.09204,-0.10487,-0.11395,-0.11905,-0.12046,-0.11861 rel_mse=1.03303,1.02689,1.02173,1.01732,1.01352,1.01031,1.00769,1.00561
step:2941/3250 train_time:473.719s step_avg:161.07ms
step:2942/3250 train_time:473.886s step_avg:161.08ms
step:2943/3250 train_time:474.047s step_avg:161.08ms
step:2944/3250 train_time:474.210s step_avg:161.08ms
step:2945/3250 train_time:474.373s step_avg:161.08ms
step:2946/3250 train_time:474.537s step_avg:161.08ms
step:2947/3250 train_time:474.698s step_avg:161.08ms
step:2948/3250 train_time:474.860s step_avg:161.08ms
step:2949/3250 train_time:475.022s step_avg:161.08ms
step:2950/3250 train_time:475.182s step_avg:161.08ms
step:2950/3250 val_loss:3.30284 train_time:475.182s step_avg:162.98ms
probe_ema: n=84934656 align=-0.11103,-0.12134,-0.12932,-0.13488,-0.13793,-0.13838,-0.13633,-0.13197 rel_mse=1.04169,1.03305,1.02577,1.01979,1.01497,1.01116,1.00819,1.00592
step:2951/3250 train_time:475.349s step_avg:161.08ms
step:2952/3250 train_time:475.513s step_avg:161.08ms
step:2953/3250 train_time:475.675s step_avg:161.08ms
step:2954/3250 train_time:475.837s step_avg:161.08ms
step:2955/3250 train_time:476.000s step_avg:161.08ms
step:2956/3250 train_time:476.164s step_avg:161.08ms
step:2957/3250 train_time:476.327s step_avg:161.08ms
step:2958/3250 train_time:476.490s step_avg:161.09ms
step:2959/3250 train_time:476.651s step_avg:161.09ms
step:2960/3250 train_time:476.816s step_avg:161.09ms
step:2960/3250 val_loss:3.30148 train_time:476.816s step_avg:163.40ms
probe_ema: n=84934656 align=-0.09343,-0.10394,-0.11342,-0.12091,-0.12577,-0.12777,-0.12701,-0.12373 rel_mse=1.03819,1.03024,1.02370,1.01834,1.01398,1.01049,1.00774,1.00561
step:2961/3250 train_time:476.985s step_avg:161.09ms
step:2962/3250 train_time:477.148s step_avg:161.09ms
step:2963/3250 train_time:477.310s step_avg:161.09ms
step:2964/3250 train_time:477.472s step_avg:161.09ms
step:2965/3250 train_time:477.634s step_avg:161.09ms
step:2966/3250 train_time:477.795s step_avg:161.09ms
step:2967/3250 train_time:477.957s step_avg:161.09ms
step:2968/3250 train_time:478.119s step_avg:161.09ms
step:2969/3250 train_time:478.284s step_avg:161.09ms
step:2970/3250 train_time:478.446s step_avg:161.09ms
step:2970/3250 val_loss:3.30002 train_time:478.446s step_avg:163.00ms
probe_ema: n=84934656 align=-0.05869,-0.07431,-0.08788,-0.09868,-0.10635,-0.11081,-0.11216,-0.11064 rel_mse=1.03282,1.02655,1.02124,1.01676,1.01299,1.00989,1.00738,1.00540
step:2971/3250 train_time:478.613s step_avg:161.09ms
step:2972/3250 train_time:478.775s step_avg:161.10ms
step:2973/3250 train_time:478.938s step_avg:161.10ms
step:2974/3250 train_time:479.099s step_avg:161.10ms
step:2975/3250 train_time:479.262s step_avg:161.10ms
step:2975/3250 val_loss:3.29961 train_time:479.262s step_avg:163.06ms
probe_ema: n=84934656 align=-0.06278,-0.08279,-0.09835,-0.10970,-0.11709,-0.12082,-0.12129,-0.11893 rel_mse=1.03375,1.02863,1.02337,1.01849,1.01425,1.01074,1.00794,1.00576
step:2976/3250 train_time:479.425s step_avg:161.10ms
step:2977/3250 train_time:479.590s step_avg:161.10ms
step:2978/3250 train_time:479.752s step_avg:161.10ms
step:2979/3250 train_time:479.914s step_avg:161.10ms
step:2980/3250 train_time:480.078s step_avg:161.10ms
step:2980/3250 val_loss:3.29887 train_time:480.079s step_avg:163.41ms
probe_ema: n=84934656 align=-0.06727,-0.08213,-0.09531,-0.10580,-0.11305,-0.11696,-0.11775,-0.11581 rel_mse=1.03397,1.02761,1.02221,1.01758,1.01365,1.01038,1.00773,1.00565
step:2981/3250 train_time:480.244s step_avg:161.10ms
step:2982/3250 train_time:480.411s step_avg:161.10ms
step:2983/3250 train_time:480.572s step_avg:161.10ms
step:2984/3250 train_time:480.734s step_avg:161.10ms
step:2985/3250 train_time:480.897s step_avg:161.10ms
step:2986/3250 train_time:481.058s step_avg:161.10ms
step:2987/3250 train_time:481.221s step_avg:161.11ms
step:2988/3250 train_time:481.383s step_avg:161.11ms
step:2989/3250 train_time:481.545s step_avg:161.11ms
step:2990/3250 train_time:481.708s step_avg:161.11ms
step:2990/3250 val_loss:3.29776 train_time:481.708s step_avg:162.90ms
probe_ema: n=84934656 align=-0.15224,-0.15576,-0.15946,-0.16231,-0.16326,-0.16182,-0.15800,-0.15212 rel_mse=1.06797,1.05017,1.03688,1.02701,1.01967,1.01421,1.01018,1.00723
step:2991/3250 train_time:481.874s step_avg:161.11ms
step:2992/3250 train_time:482.037s step_avg:161.11ms
step:2993/3250 train_time:482.201s step_avg:161.11ms
step:2994/3250 train_time:482.363s step_avg:161.11ms
step:2995/3250 train_time:482.524s step_avg:161.11ms
step:2996/3250 train_time:482.687s step_avg:161.11ms
step:2997/3250 train_time:482.850s step_avg:161.11ms
step:2998/3250 train_time:483.011s step_avg:161.11ms
step:2999/3250 train_time:483.174s step_avg:161.11ms
step:3000/3250 train_time:483.338s step_avg:161.11ms
step:3000/3250 val_loss:3.29654 train_time:483.338s step_avg:163.03ms
probe_ema: n=84934656 align=-0.05280,-0.06866,-0.08325,-0.09523,-0.10380,-0.10879,-0.11054,-0.10958 rel_mse=1.03122,1.02592,1.02130,1.01718,1.01351,1.01035,1.00774,1.00567
step:3001/3250 train_time:483.503s step_avg:161.11ms
step:3002/3250 train_time:483.667s step_avg:161.11ms
step:3003/3250 train_time:483.830s step_avg:161.12ms
step:3004/3250 train_time:483.991s step_avg:161.12ms
step:3005/3250 train_time:484.152s step_avg:161.12ms
step:3006/3250 train_time:484.313s step_avg:161.12ms
step:3007/3250 train_time:484.475s step_avg:161.12ms
step:3008/3250 train_time:484.636s step_avg:161.12ms
step:3009/3250 train_time:484.799s step_avg:161.12ms
step:3010/3250 train_time:484.963s step_avg:161.12ms
step:3010/3250 val_loss:3.29514 train_time:484.964s step_avg:162.57ms
probe_ema: n=84934656 align=-0.06738,-0.08254,-0.09539,-0.10554,-0.11267,-0.11649,-0.11712,-0.11496 rel_mse=1.03642,1.02970,1.02376,1.01866,1.01440,1.01091,1.00809,1.00589
step:3011/3250 train_time:485.127s step_avg:161.12ms
step:3012/3250 train_time:485.288s step_avg:161.12ms
step:3013/3250 train_time:485.451s step_avg:161.12ms
step:3014/3250 train_time:485.613s step_avg:161.12ms
step:3015/3250 train_time:485.776s step_avg:161.12ms
step:3016/3250 train_time:485.939s step_avg:161.12ms
step:3017/3250 train_time:486.100s step_avg:161.12ms
step:3018/3250 train_time:486.264s step_avg:161.12ms
step:3019/3250 train_time:486.426s step_avg:161.12ms
step:3020/3250 train_time:486.587s step_avg:161.12ms
step:3020/3250 val_loss:3.29345 train_time:486.587s step_avg:162.37ms
probe_ema: n=84934656 align=-0.07176,-0.08332,-0.09424,-0.10333,-0.10993,-0.11370,-0.11465,-0.11306 rel_mse=1.03626,1.02884,1.02278,1.01779,1.01371,1.01039,1.00775,1.00569
step:3021/3250 train_time:486.749s step_avg:161.12ms
step:3022/3250 train_time:486.915s step_avg:161.12ms
step:3023/3250 train_time:487.078s step_avg:161.12ms
step:3024/3250 train_time:487.240s step_avg:161.12ms
step:3025/3250 train_time:487.402s step_avg:161.12ms
step:3025/3250 val_loss:3.29271 train_time:487.403s step_avg:163.11ms
probe_ema: n=84934656 align=-0.07796,-0.08879,-0.09900,-0.10736,-0.11307,-0.11583,-0.11575,-0.11324 rel_mse=1.03659,1.02913,1.02302,1.01799,1.01384,1.01045,1.00776,1.00566
step:3026/3250 train_time:487.570s step_avg:161.13ms
step:3027/3250 train_time:487.733s step_avg:161.13ms
step:3028/3250 train_time:487.894s step_avg:161.13ms
step:3029/3250 train_time:488.056s step_avg:161.13ms
step:3030/3250 train_time:488.217s step_avg:161.13ms
step:3030/3250 val_loss:3.29202 train_time:488.217s step_avg:162.90ms
probe_ema: n=84934656 align=-0.08703,-0.09790,-0.10685,-0.11341,-0.11737,-0.11870,-0.11753,-0.11416 rel_mse=1.03832,1.03039,1.02374,1.01827,1.01385,1.01034,1.00760,1.00550
step:3031/3250 train_time:488.384s step_avg:161.13ms
step:3032/3250 train_time:488.545s step_avg:161.13ms
step:3033/3250 train_time:488.710s step_avg:161.13ms
step:3034/3250 train_time:488.871s step_avg:161.13ms
step:3035/3250 train_time:489.033s step_avg:161.13ms
step:3036/3250 train_time:489.196s step_avg:161.13ms
step:3037/3250 train_time:489.359s step_avg:161.13ms
step:3038/3250 train_time:489.521s step_avg:161.13ms
step:3039/3250 train_time:489.685s step_avg:161.13ms
step:3040/3250 train_time:489.847s step_avg:161.13ms
step:3040/3250 val_loss:3.29065 train_time:489.848s step_avg:163.04ms
probe_ema: n=84934656 align=-0.02399,-0.04129,-0.05735,-0.07090,-0.08115,-0.08787,-0.09124,-0.09167 rel_mse=1.02747,1.02282,1.01880,1.01521,1.01203,1.00929,1.00701,1.00518
step:3041/3250 train_time:490.064s step_avg:161.15ms
step:3042/3250 train_time:490.226s step_avg:161.15ms
step:3043/3250 train_time:490.387s step_avg:161.15ms
step:3044/3250 train_time:490.550s step_avg:161.15ms
step:3045/3250 train_time:490.711s step_avg:161.15ms
step:3046/3250 train_time:490.874s step_avg:161.15ms
step:3047/3250 train_time:491.035s step_avg:161.15ms
step:3048/3250 train_time:491.197s step_avg:161.15ms
step:3049/3250 train_time:491.358s step_avg:161.15ms
step:3050/3250 train_time:491.520s step_avg:161.15ms
step:3050/3250 val_loss:3.28958 train_time:491.521s step_avg:167.28ms
probe_ema: n=84934656 align=-0.09983,-0.10792,-0.11574,-0.12186,-0.12547,-0.12631,-0.12463,-0.12088 rel_mse=1.05214,1.03896,1.02922,1.02188,1.01626,1.01195,1.00868,1.00623
step:3051/3250 train_time:491.685s step_avg:161.16ms
step:3052/3250 train_time:491.848s step_avg:161.16ms
step:3053/3250 train_time:492.010s step_avg:161.16ms
step:3054/3250 train_time:492.174s step_avg:161.16ms
step:3055/3250 train_time:492.336s step_avg:161.16ms
step:3056/3250 train_time:492.499s step_avg:161.16ms
step:3057/3250 train_time:492.662s step_avg:161.16ms
step:3058/3250 train_time:492.826s step_avg:161.16ms
step:3059/3250 train_time:492.987s step_avg:161.16ms
step:3060/3250 train_time:493.149s step_avg:161.16ms
step:3060/3250 val_loss:3.28866 train_time:493.149s step_avg:162.85ms
probe_ema: n=84934656 align=0.01201,-0.02182,-0.05050,-0.07226,-0.08704,-0.09569,-0.09942,-0.09949 rel_mse=1.01599,1.01742,1.01696,1.01509,1.01252,1.00987,1.00748,1.00551
step:3061/3250 train_time:493.315s step_avg:161.16ms
step:3062/3250 train_time:493.476s step_avg:161.16ms
step:3063/3250 train_time:493.637s step_avg:161.16ms
step:3064/3250 train_time:493.799s step_avg:161.16ms
step:3065/3250 train_time:493.961s step_avg:161.16ms
step:3066/3250 train_time:494.123s step_avg:161.16ms
step:3067/3250 train_time:494.284s step_avg:161.16ms
step:3068/3250 train_time:494.448s step_avg:161.16ms
step:3069/3250 train_time:494.610s step_avg:161.16ms
step:3070/3250 train_time:494.774s step_avg:161.16ms
step:3070/3250 val_loss:3.28729 train_time:494.774s step_avg:162.51ms
probe_ema: n=84934656 align=-0.05567,-0.06829,-0.08046,-0.09124,-0.09938,-0.10400,-0.10515,-0.10351 rel_mse=1.03154,1.02543,1.02043,1.01629,1.01280,1.00982,1.00736,1.00540
step:3071/3250 train_time:494.939s step_avg:161.17ms
step:3072/3250 train_time:495.102s step_avg:161.17ms
step:3073/3250 train_time:495.265s step_avg:161.17ms
step:3074/3250 train_time:495.427s step_avg:161.17ms
step:3075/3250 train_time:495.590s step_avg:161.17ms
step:3075/3250 val_loss:3.28663 train_time:495.591s step_avg:163.42ms
probe_ema: n=84934656 align=-0.04173,-0.05737,-0.07131,-0.08309,-0.09205,-0.09760,-0.09971,-0.09897 rel_mse=1.03184,1.02635,1.02146,1.01719,1.01351,1.01038,1.00779,1.00572
step:3076/3250 train_time:495.756s step_avg:161.17ms
step:3077/3250 train_time:495.918s step_avg:161.17ms
step:3078/3250 train_time:496.082s step_avg:161.17ms
step:3079/3250 train_time:496.245s step_avg:161.17ms
step:3080/3250 train_time:496.408s step_avg:161.17ms
step:3080/3250 val_loss:3.28609 train_time:496.409s step_avg:163.46ms
probe_ema: n=84934656 align=-0.02009,-0.04191,-0.06116,-0.07686,-0.08849,-0.09576,-0.09897,-0.09890 rel_mse=1.02634,1.02285,1.01938,1.01599,1.01281,1.00997,1.00754,1.00557
step:3081/3250 train_time:496.577s step_avg:161.17ms
step:3082/3250 train_time:496.741s step_avg:161.17ms
step:3083/3250 train_time:496.905s step_avg:161.18ms
step:3084/3250 train_time:497.067s step_avg:161.18ms
step:3085/3250 train_time:497.228s step_avg:161.18ms
step:3086/3250 train_time:497.394s step_avg:161.18ms
step:3087/3250 train_time:497.557s step_avg:161.18ms
step:3088/3250 train_time:497.719s step_avg:161.18ms
step:3089/3250 train_time:497.880s step_avg:161.18ms
step:3090/3250 train_time:498.041s step_avg:161.18ms
step:3090/3250 val_loss:3.28501 train_time:498.042s step_avg:163.33ms
probe_ema: n=84934656 align=-0.10509,-0.11586,-0.12458,-0.13061,-0.13380,-0.13404,-0.13138,-0.12624 rel_mse=1.05302,1.04075,1.03097,1.02329,1.01731,1.01271,1.00920,1.00656
step:3091/3250 train_time:498.206s step_avg:161.18ms
step:3092/3250 train_time:498.370s step_avg:161.18ms
step:3093/3250 train_time:498.532s step_avg:161.18ms
step:3094/3250 train_time:498.693s step_avg:161.18ms
step:3095/3250 train_time:498.857s step_avg:161.18ms
step:3096/3250 train_time:499.019s step_avg:161.18ms
step:3097/3250 train_time:499.182s step_avg:161.18ms
step:3098/3250 train_time:499.344s step_avg:161.18ms
step:3099/3250 train_time:499.506s step_avg:161.18ms
step:3100/3250 train_time:499.669s step_avg:161.18ms
step:3100/3250 val_loss:3.28386 train_time:499.669s step_avg:162.76ms
probe_ema: n=84934656 align=0.02852,0.00273,-0.02181,-0.04272,-0.05888,-0.07016,-0.07690,-0.07979 rel_mse=1.01540,1.01529,1.01456,1.01307,1.01107,1.00894,1.00694,1.00521
step:3101/3250 train_time:499.835s step_avg:161.18ms
step:3102/3250 train_time:499.996s step_avg:161.19ms
step:3103/3250 train_time:500.158s step_avg:161.19ms
step:3104/3250 train_time:500.321s step_avg:161.19ms
step:3105/3250 train_time:500.483s step_avg:161.19ms
step:3106/3250 train_time:500.645s step_avg:161.19ms
step:3107/3250 train_time:500.807s step_avg:161.19ms
step:3108/3250 train_time:500.970s step_avg:161.19ms
step:3109/3250 train_time:501.138s step_avg:161.19ms
step:3110/3250 train_time:501.301s step_avg:161.19ms
step:3110/3250 val_loss:3.28287 train_time:501.301s step_avg:163.15ms
probe_ema: n=84934656 align=-0.03082,-0.05384,-0.07320,-0.08810,-0.09836,-0.10426,-0.10628,-0.10515 rel_mse=1.03036,1.02692,1.02286,1.01867,1.01474,1.01129,1.00842,1.00614
step:3111/3250 train_time:501.465s step_avg:161.19ms
step:3112/3250 train_time:501.629s step_avg:161.19ms
step:3113/3250 train_time:501.792s step_avg:161.19ms
step:3114/3250 train_time:501.955s step_avg:161.19ms
step:3115/3250 train_time:502.118s step_avg:161.19ms
step:3116/3250 train_time:502.282s step_avg:161.19ms
step:3117/3250 train_time:502.443s step_avg:161.19ms
step:3118/3250 train_time:502.605s step_avg:161.19ms
step:3119/3250 train_time:502.767s step_avg:161.19ms
step:3120/3250 train_time:502.929s step_avg:161.20ms
step:3120/3250 val_loss:3.28185 train_time:502.930s step_avg:162.88ms
probe_ema: n=84934656 align=-0.01865,-0.03978,-0.05788,-0.07213,-0.08249,-0.08917,-0.09247,-0.09283 rel_mse=1.02863,1.02501,1.02109,1.01717,1.01357,1.01044,1.00785,1.00578
step:3121/3250 train_time:503.096s step_avg:161.20ms
step:3122/3250 train_time:503.258s step_avg:161.20ms
step:3123/3250 train_time:503.421s step_avg:161.20ms
step:3124/3250 train_time:503.584s step_avg:161.20ms
step:3125/3250 train_time:503.748s step_avg:161.20ms
step:3125/3250 val_loss:3.28127 train_time:503.749s step_avg:163.79ms
probe_ema: n=84934656 align=-0.01153,-0.02968,-0.04750,-0.06251,-0.07365,-0.08089,-0.08456,-0.08518 rel_mse=1.02495,1.02120,1.01808,1.01507,1.01217,1.00953,1.00724,1.00536
step:3126/3250 train_time:503.916s step_avg:161.20ms
step:3127/3250 train_time:504.080s step_avg:161.20ms
step:3128/3250 train_time:504.244s step_avg:161.20ms
step:3129/3250 train_time:504.408s step_avg:161.20ms
step:3130/3250 train_time:504.569s step_avg:161.20ms
step:3130/3250 val_loss:3.28066 train_time:504.570s step_avg:164.17ms
probe_ema: n=84934656 align=0.00136,-0.01613,-0.03277,-0.04747,-0.05929,-0.06767,-0.07245,-0.07392 rel_mse=1.02023,1.01738,1.01482,1.01244,1.01020,1.00812,1.00626,1.00468
step:3131/3250 train_time:504.734s step_avg:161.21ms
step:3132/3250 train_time:504.898s step_avg:161.21ms
step:3133/3250 train_time:505.061s step_avg:161.21ms
step:3134/3250 train_time:505.221s step_avg:161.21ms
step:3135/3250 train_time:505.384s step_avg:161.21ms
step:3136/3250 train_time:505.544s step_avg:161.21ms
step:3137/3250 train_time:505.706s step_avg:161.21ms
step:3138/3250 train_time:505.869s step_avg:161.21ms
step:3139/3250 train_time:506.029s step_avg:161.21ms
step:3140/3250 train_time:506.193s step_avg:161.21ms
step:3140/3250 val_loss:3.27971 train_time:506.193s step_avg:162.39ms
probe_ema: n=84934656 align=-0.00145,-0.01597,-0.03134,-0.04559,-0.05727,-0.06569,-0.07068,-0.07258 rel_mse=1.02274,1.01845,1.01528,1.01262,1.01025,1.00811,1.00624,1.00468
step:3141/3250 train_time:506.357s step_avg:161.21ms
step:3142/3250 train_time:506.520s step_avg:161.21ms
step:3143/3250 train_time:506.682s step_avg:161.21ms
step:3144/3250 train_time:506.846s step_avg:161.21ms
step:3145/3250 train_time:507.007s step_avg:161.21ms
step:3146/3250 train_time:507.168s step_avg:161.21ms
step:3147/3250 train_time:507.333s step_avg:161.21ms
step:3148/3250 train_time:507.494s step_avg:161.21ms
step:3149/3250 train_time:507.657s step_avg:161.21ms
step:3150/3250 train_time:507.818s step_avg:161.21ms
step:3150/3250 val_loss:3.27880 train_time:507.818s step_avg:162.43ms
probe_ema: n=84934656 align=-0.00686,-0.02086,-0.03446,-0.04657,-0.05657,-0.06394,-0.06835,-0.06979 rel_mse=1.02608,1.02113,1.01713,1.01377,1.01092,1.00850,1.00647,1.00480
step:3151/3250 train_time:507.986s step_avg:161.21ms
step:3152/3250 train_time:508.149s step_avg:161.21ms
step:3153/3250 train_time:508.311s step_avg:161.22ms
step:3154/3250 train_time:508.473s step_avg:161.22ms
step:3155/3250 train_time:508.637s step_avg:161.22ms
step:3156/3250 train_time:508.800s step_avg:161.22ms
step:3157/3250 train_time:508.962s step_avg:161.22ms
step:3158/3250 train_time:509.125s step_avg:161.22ms
step:3159/3250 train_time:509.288s step_avg:161.22ms
step:3160/3250 train_time:509.449s step_avg:161.22ms
step:3160/3250 val_loss:3.27787 train_time:509.450s step_avg:163.22ms
probe_ema: n=84934656 align=0.05835,0.03462,0.01197,-0.00754,-0.02309,-0.03470,-0.04262,-0.04725 rel_mse=1.00706,1.00807,1.00847,1.00808,1.00716,1.00599,1.00479,1.00368
step:3161/3250 train_time:509.616s step_avg:161.22ms
step:3162/3250 train_time:509.780s step_avg:161.22ms
step:3163/3250 train_time:509.944s step_avg:161.22ms
step:3164/3250 train_time:510.105s step_avg:161.22ms
step:3165/3250 train_time:510.267s step_avg:161.22ms
step:3166/3250 train_time:510.429s step_avg:161.22ms
step:3167/3250 train_time:510.592s step_avg:161.22ms
step:3168/3250 train_time:510.754s step_avg:161.22ms
step:3169/3250 train_time:510.915s step_avg:161.22ms
step:3170/3250 train_time:511.077s step_avg:161.22ms
step:3170/3250 val_loss:3.27707 train_time:511.078s step_avg:162.77ms
probe_ema: n=84934656 align=0.01362,-0.00364,-0.02004,-0.03418,-0.04529,-0.05319,-0.05807,-0.06028 rel_mse=1.01880,1.01619,1.01389,1.01166,1.00948,1.00746,1.00570,1.00425
step:3171/3250 train_time:511.245s step_avg:161.23ms
step:3172/3250 train_time:511.408s step_avg:161.23ms
step:3173/3250 train_time:511.569s step_avg:161.23ms
step:3174/3250 train_time:511.731s step_avg:161.23ms
step:3175/3250 train_time:511.892s step_avg:161.23ms
step:3175/3250 val_loss:3.27668 train_time:511.892s step_avg:162.86ms
probe_ema: n=84934656 align=0.01936,0.00173,-0.01565,-0.03066,-0.04221,-0.05026,-0.05523,-0.05763 rel_mse=1.01816,1.01547,1.01333,1.01127,1.00922,1.00729,1.00560,1.00419
step:3176/3250 train_time:512.055s step_avg:161.23ms
step:3177/3250 train_time:512.217s step_avg:161.23ms
step:3178/3250 train_time:512.381s step_avg:161.23ms
step:3179/3250 train_time:512.542s step_avg:161.23ms
step:3180/3250 train_time:512.706s step_avg:161.23ms
step:3180/3250 val_loss:3.27629 train_time:512.707s step_avg:162.93ms
probe_ema: n=84934656 align=-0.02684,-0.03655,-0.04664,-0.05590,-0.06324,-0.06814,-0.07063,-0.07098 rel_mse=1.03070,1.02424,1.01916,1.01509,1.01174,1.00897,1.00672,1.00494
step:3181/3250 train_time:512.873s step_avg:161.23ms
step:3182/3250 train_time:513.036s step_avg:161.23ms
step:3183/3250 train_time:513.200s step_avg:161.23ms
step:3184/3250 train_time:513.361s step_avg:161.23ms
step:3185/3250 train_time:513.523s step_avg:161.23ms
step:3186/3250 train_time:513.687s step_avg:161.23ms
step:3187/3250 train_time:513.850s step_avg:161.23ms
step:3188/3250 train_time:514.011s step_avg:161.23ms
step:3189/3250 train_time:514.175s step_avg:161.23ms
step:3190/3250 train_time:514.336s step_avg:161.23ms
step:3190/3250 val_loss:3.27553 train_time:514.336s step_avg:162.95ms
probe_ema: n=84934656 align=0.00667,-0.00713,-0.02083,-0.03283,-0.04246,-0.04946,-0.05385,-0.05592 rel_mse=1.02068,1.01697,1.01402,1.01142,1.00912,1.00713,1.00545,1.00408
step:3191/3250 train_time:514.503s step_avg:161.24ms
step:3192/3250 train_time:514.664s step_avg:161.24ms
step:3193/3250 train_time:514.827s step_avg:161.24ms
step:3194/3250 train_time:514.990s step_avg:161.24ms
step:3195/3250 train_time:515.151s step_avg:161.24ms
step:3196/3250 train_time:515.313s step_avg:161.24ms
step:3197/3250 train_time:515.475s step_avg:161.24ms
step:3198/3250 train_time:515.637s step_avg:161.24ms
step:3199/3250 train_time:515.801s step_avg:161.24ms
step:3200/3250 train_time:515.963s step_avg:161.24ms
step:3200/3250 val_loss:3.27486 train_time:515.963s step_avg:162.70ms
probe_ema: n=84934656 align=0.03323,0.01531,-0.00254,-0.01796,-0.03000,-0.03863,-0.04424,-0.04732 rel_mse=1.01406,1.01255,1.01126,1.00973,1.00805,1.00640,1.00492,1.00369
step:3201/3250 train_time:516.128s step_avg:161.24ms
step:3202/3250 train_time:516.291s step_avg:161.24ms
step:3203/3250 train_time:516.453s step_avg:161.24ms
step:3204/3250 train_time:516.614s step_avg:161.24ms
step:3205/3250 train_time:516.777s step_avg:161.24ms
step:3206/3250 train_time:516.939s step_avg:161.24ms
step:3207/3250 train_time:517.101s step_avg:161.24ms
step:3208/3250 train_time:517.265s step_avg:161.24ms
step:3209/3250 train_time:517.425s step_avg:161.24ms
step:3210/3250 train_time:517.590s step_avg:161.24ms
step:3210/3250 val_loss:3.27427 train_time:517.590s step_avg:162.70ms
probe_ema: n=84934656 align=0.04825,0.03052,0.01223,-0.00406,-0.01706,-0.02661,-0.03311,-0.03710 rel_mse=1.01059,1.00946,1.00870,1.00777,1.00662,1.00538,1.00422,1.00320
step:3211/3250 train_time:517.759s step_avg:161.25ms
step:3212/3250 train_time:517.923s step_avg:161.25ms
step:3213/3250 train_time:518.086s step_avg:161.25ms
step:3214/3250 train_time:518.248s step_avg:161.25ms
step:3215/3250 train_time:518.409s step_avg:161.25ms
step:3216/3250 train_time:518.572s step_avg:161.25ms
step:3217/3250 train_time:518.734s step_avg:161.25ms
step:3218/3250 train_time:518.896s step_avg:161.25ms
step:3219/3250 train_time:519.059s step_avg:161.25ms
step:3220/3250 train_time:519.222s step_avg:161.25ms
step:3220/3250 val_loss:3.27375 train_time:519.222s step_avg:163.20ms
probe_ema: n=84934656 align=0.01883,0.01562,0.00981,0.00208,-0.00632,-0.01415,-0.02065,-0.02547 rel_mse=1.01956,1.01351,1.00972,1.00734,1.00572,1.00450,1.00350,1.00267
step:3221/3250 train_time:519.387s step_avg:161.25ms
step:3222/3250 train_time:519.550s step_avg:161.25ms
step:3223/3250 train_time:519.711s step_avg:161.25ms
step:3224/3250 train_time:519.873s step_avg:161.25ms
step:3225/3250 train_time:520.034s step_avg:161.25ms
step:3225/3250 val_loss:3.27353 train_time:520.034s step_avg:162.48ms
probe_ema: n=84934656 align=0.01763,0.01157,0.00482,-0.00246,-0.00986,-0.01669,-0.02238,-0.02665 rel_mse=1.01949,1.01412,1.01043,1.00790,1.00610,1.00472,1.00361,1.00273
step:3226/3250 train_time:520.200s step_avg:161.25ms
step:3227/3250 train_time:520.363s step_avg:161.25ms
step:3228/3250 train_time:520.525s step_avg:161.25ms
step:3229/3250 train_time:520.687s step_avg:161.25ms
step:3230/3250 train_time:520.849s step_avg:161.25ms
step:3230/3250 val_loss:3.27339 train_time:520.849s step_avg:162.85ms
probe_ema: n=84934656 align=0.07236,0.05511,0.03854,0.02380,0.01109,0.00047,-0.00798,-0.01435 rel_mse=1.00342,1.00359,1.00377,1.00370,1.00341,1.00298,1.00248,1.00198
step:3231/3250 train_time:521.063s step_avg:161.27ms
step:3232/3250 train_time:521.225s step_avg:161.27ms
step:3233/3250 train_time:521.387s step_avg:161.27ms
step:3234/3250 train_time:521.550s step_avg:161.27ms
step:3235/3250 train_time:521.711s step_avg:161.27ms
step:3236/3250 train_time:521.873s step_avg:161.27ms
step:3237/3250 train_time:522.035s step_avg:161.27ms
step:3238/3250 train_time:522.196s step_avg:161.27ms
step:3239/3250 train_time:522.358s step_avg:161.27ms
step:3240/3250 train_time:522.520s step_avg:161.27ms
step:3240/3250 val_loss:3.27310 train_time:522.521s step_avg:167.22ms
probe_ema: n=84934656 align=-0.01111,-0.00934,-0.00854,-0.00915,-0.01124,-0.01443,-0.01804,-0.02144 rel_mse=1.02833,1.01998,1.01384,1.00952,1.00662,1.00470,1.00340,1.00248
step:3241/3250 train_time:522.686s step_avg:161.27ms
step:3242/3250 train_time:522.848s step_avg:161.27ms
step:3243/3250 train_time:523.011s step_avg:161.27ms
step:3244/3250 train_time:523.172s step_avg:161.27ms
step:3245/3250 train_time:523.333s step_avg:161.27ms
step:3246/3250 train_time:523.495s step_avg:161.27ms
step:3247/3250 train_time:523.656s step_avg:161.27ms
step:3248/3250 train_time:523.820s step_avg:161.27ms
step:3249/3250 train_time:523.982s step_avg:161.27ms
step:3250/3250 train_time:524.144s step_avg:161.28ms
step:3250/3250 val_loss:3.27297 train_time:524.145s step_avg:162.39ms
probe_ema: n=84934656 align=0.10678,0.10972,0.10681,0.09906,0.08810,0.07550,0.06266,0.05064 rel_mse=0.99372,0.99003,0.98949,0.99079,0.99280,0.99481,0.99650,0.99775
