==== 2026-08-25T01:38:44.374594Z C1_s48e30 ANNEAL seed=0 age 48.0->30.0 frac=1.0 ====
cd /root/modded-nanogpt && /root/venv/bin/torchrun --standalone --nproc_per_node=8 --master_port=29511 -- records/track_3_optimization/results/20260715_bimaxwell_baseline_3210/train_gpt_kmaxwell_anneal.py --seed 0 --start 1000 --k 8 --tau-min 3.0 --tau-max 56.0 --weights 0.007925,0.015849,0.023774,0.031698,0.039623,0.047547,0.055472,0.778112 --weights-end 0.025755,0.051510,0.077264,0.103019,0.128774,0.154529,0.180284,0.278865 --anneal-frac 1.0
W0825 01:38:45.522000 15913 torch/distributed/run.py:852] 
W0825 01:38:45.522000 15913 torch/distributed/run.py:852] *****************************************
W0825 01:38:45.522000 15913 torch/distributed/run.py:852] Setting OMP_NUM_THREADS environment variable for each process to be 1 in default, to avoid your system being overloaded, please further tune the variable for optimal performance in your application as needed. 
W0825 01:38:45.522000 15913 torch/distributed/run.py:852] *****************************************
logs/bcbc82c8-ef3e-479f-8a01-1dad99af9115.txt
step:0/3250 val_loss:10.82584 train_time:0.000s step_avg:nanms
step:1/3250 train_time:3.105s step_avg:3105.09ms
step:2/3250 train_time:3.239s step_avg:1619.64ms
step:3/3250 train_time:3.391s step_avg:1130.33ms
step:4/3250 train_time:3.544s step_avg:885.94ms
step:5/3250 train_time:3.699s step_avg:739.77ms
step:6/3250 train_time:3.852s step_avg:642.03ms
step:7/3250 train_time:4.005s step_avg:572.12ms
step:8/3250 train_time:4.162s step_avg:520.20ms
step:9/3250 train_time:4.315s step_avg:479.46ms
step:10/3250 train_time:4.469s step_avg:446.86ms
step:11/3250 train_time:4.623s step_avg:420.31ms
step:12/3250 train_time:4.776s step_avg:398.00ms
step:13/3250 train_time:4.929s step_avg:379.14ms
step:14/3250 train_time:5.084s step_avg:363.15ms
step:15/3250 train_time:5.238s step_avg:349.21ms
step:16/3250 train_time:5.392s step_avg:336.97ms
step:17/3250 train_time:5.547s step_avg:326.28ms
step:18/3250 train_time:5.701s step_avg:316.74ms
step:19/3250 train_time:5.855s step_avg:308.16ms
step:20/3250 train_time:6.008s step_avg:300.40ms
step:21/3250 train_time:6.163s step_avg:293.48ms
step:22/3250 train_time:6.317s step_avg:287.12ms
step:23/3250 train_time:6.470s step_avg:281.31ms
step:24/3250 train_time:6.624s step_avg:275.98ms
step:25/3250 train_time:6.778s step_avg:271.11ms
step:26/3250 train_time:6.931s step_avg:266.60ms
step:27/3250 train_time:7.085s step_avg:262.41ms
step:28/3250 train_time:7.241s step_avg:258.60ms
step:29/3250 train_time:7.395s step_avg:255.00ms
step:30/3250 train_time:7.549s step_avg:251.65ms
step:31/3250 train_time:7.704s step_avg:248.52ms
step:32/3250 train_time:7.857s step_avg:245.52ms
step:33/3250 train_time:8.010s step_avg:242.72ms
step:34/3250 train_time:8.164s step_avg:240.12ms
step:35/3250 train_time:8.319s step_avg:237.69ms
step:36/3250 train_time:8.473s step_avg:235.36ms
step:37/3250 train_time:8.629s step_avg:233.22ms
step:38/3250 train_time:8.784s step_avg:231.15ms
step:39/3250 train_time:8.939s step_avg:229.19ms
step:40/3250 train_time:9.092s step_avg:227.30ms
step:41/3250 train_time:9.245s step_avg:225.50ms
step:42/3250 train_time:9.401s step_avg:223.84ms
step:43/3250 train_time:9.555s step_avg:222.21ms
step:44/3250 train_time:9.708s step_avg:220.64ms
step:45/3250 train_time:9.863s step_avg:219.19ms
step:46/3250 train_time:10.017s step_avg:217.77ms
step:47/3250 train_time:10.171s step_avg:216.41ms
step:48/3250 train_time:10.325s step_avg:215.11ms
step:49/3250 train_time:10.481s step_avg:213.89ms
step:50/3250 train_time:10.634s step_avg:212.69ms
step:51/3250 train_time:10.788s step_avg:211.53ms
step:52/3250 train_time:10.943s step_avg:210.43ms
step:53/3250 train_time:11.097s step_avg:209.38ms
step:54/3250 train_time:11.250s step_avg:208.33ms
step:55/3250 train_time:11.404s step_avg:207.35ms
step:56/3250 train_time:11.559s step_avg:206.40ms
step:57/3250 train_time:11.713s step_avg:205.49ms
step:58/3250 train_time:11.867s step_avg:204.61ms
step:59/3250 train_time:12.022s step_avg:203.76ms
step:60/3250 train_time:12.175s step_avg:202.92ms
step:61/3250 train_time:12.329s step_avg:202.11ms
step:62/3250 train_time:12.482s step_avg:201.33ms
step:63/3250 train_time:12.636s step_avg:200.58ms
step:64/3250 train_time:12.791s step_avg:199.85ms
step:65/3250 train_time:12.944s step_avg:199.15ms
step:66/3250 train_time:13.099s step_avg:198.47ms
step:67/3250 train_time:13.253s step_avg:197.80ms
step:68/3250 train_time:13.407s step_avg:197.16ms
step:69/3250 train_time:13.563s step_avg:196.57ms
step:70/3250 train_time:13.717s step_avg:195.96ms
step:71/3250 train_time:13.871s step_avg:195.36ms
step:72/3250 train_time:14.024s step_avg:194.78ms
step:73/3250 train_time:14.179s step_avg:194.24ms
step:74/3250 train_time:14.333s step_avg:193.69ms
step:75/3250 train_time:14.487s step_avg:193.16ms
step:76/3250 train_time:14.641s step_avg:192.65ms
step:77/3250 train_time:14.797s step_avg:192.17ms
step:78/3250 train_time:14.950s step_avg:191.67ms
step:79/3250 train_time:15.104s step_avg:191.19ms
step:80/3250 train_time:15.259s step_avg:190.74ms
step:81/3250 train_time:15.411s step_avg:190.26ms
step:82/3250 train_time:15.565s step_avg:189.82ms
step:83/3250 train_time:15.720s step_avg:189.39ms
step:84/3250 train_time:15.874s step_avg:188.97ms
step:85/3250 train_time:16.028s step_avg:188.57ms
step:86/3250 train_time:16.183s step_avg:188.17ms
step:87/3250 train_time:16.338s step_avg:187.79ms
step:88/3250 train_time:16.491s step_avg:187.40ms
step:89/3250 train_time:16.645s step_avg:187.02ms
step:90/3250 train_time:16.801s step_avg:186.68ms
step:91/3250 train_time:16.953s step_avg:186.30ms
step:92/3250 train_time:17.107s step_avg:185.95ms
step:93/3250 train_time:17.264s step_avg:185.64ms
step:94/3250 train_time:17.419s step_avg:185.31ms
step:95/3250 train_time:17.572s step_avg:184.96ms
step:96/3250 train_time:17.725s step_avg:184.64ms
step:97/3250 train_time:17.882s step_avg:184.35ms
step:98/3250 train_time:18.036s step_avg:184.05ms
step:99/3250 train_time:18.190s step_avg:183.74ms
step:100/3250 train_time:18.344s step_avg:183.44ms
step:101/3250 train_time:18.498s step_avg:183.14ms
step:102/3250 train_time:18.651s step_avg:182.85ms
step:103/3250 train_time:18.805s step_avg:182.57ms
step:104/3250 train_time:18.961s step_avg:182.31ms
step:105/3250 train_time:19.117s step_avg:182.06ms
step:106/3250 train_time:19.269s step_avg:181.79ms
step:107/3250 train_time:19.424s step_avg:181.53ms
step:108/3250 train_time:19.579s step_avg:181.29ms
step:109/3250 train_time:19.732s step_avg:181.03ms
step:110/3250 train_time:19.887s step_avg:180.79ms
step:111/3250 train_time:20.041s step_avg:180.55ms
step:112/3250 train_time:20.195s step_avg:180.32ms
step:113/3250 train_time:20.348s step_avg:180.07ms
step:114/3250 train_time:20.505s step_avg:179.87ms
step:115/3250 train_time:20.659s step_avg:179.64ms
step:116/3250 train_time:20.813s step_avg:179.42ms
step:117/3250 train_time:20.967s step_avg:179.21ms
step:118/3250 train_time:21.122s step_avg:179.00ms
step:119/3250 train_time:21.277s step_avg:178.80ms
step:120/3250 train_time:21.429s step_avg:178.58ms
step:121/3250 train_time:21.585s step_avg:178.38ms
step:122/3250 train_time:21.739s step_avg:178.19ms
step:123/3250 train_time:21.893s step_avg:177.99ms
step:124/3250 train_time:22.046s step_avg:177.79ms
step:125/3250 train_time:22.201s step_avg:177.61ms
step:125/3250 val_loss:4.58846 train_time:22.213s step_avg:177.71ms
step:126/3250 train_time:22.361s step_avg:177.47ms
step:127/3250 train_time:22.514s step_avg:177.28ms
step:128/3250 train_time:22.668s step_avg:177.09ms
step:129/3250 train_time:22.823s step_avg:176.92ms
step:130/3250 train_time:22.975s step_avg:176.73ms
step:131/3250 train_time:23.129s step_avg:176.56ms
step:132/3250 train_time:23.286s step_avg:176.41ms
step:133/3250 train_time:23.441s step_avg:176.25ms
step:134/3250 train_time:23.593s step_avg:176.07ms
step:135/3250 train_time:23.747s step_avg:175.91ms
step:136/3250 train_time:23.903s step_avg:175.76ms
step:137/3250 train_time:24.057s step_avg:175.60ms
step:138/3250 train_time:24.211s step_avg:175.44ms
step:139/3250 train_time:24.368s step_avg:175.31ms
step:140/3250 train_time:24.522s step_avg:175.16ms
step:141/3250 train_time:24.676s step_avg:175.00ms
step:142/3250 train_time:24.830s step_avg:174.86ms
step:143/3250 train_time:24.987s step_avg:174.74ms
step:144/3250 train_time:25.141s step_avg:174.59ms
step:145/3250 train_time:25.295s step_avg:174.44ms
step:146/3250 train_time:25.448s step_avg:174.30ms
step:147/3250 train_time:25.605s step_avg:174.18ms
step:148/3250 train_time:25.759s step_avg:174.05ms
step:149/3250 train_time:25.913s step_avg:173.91ms
step:150/3250 train_time:26.067s step_avg:173.78ms
step:151/3250 train_time:26.222s step_avg:173.65ms
step:152/3250 train_time:26.375s step_avg:173.52ms
step:153/3250 train_time:26.529s step_avg:173.39ms
step:154/3250 train_time:26.687s step_avg:173.29ms
step:155/3250 train_time:26.842s step_avg:173.17ms
step:156/3250 train_time:26.995s step_avg:173.04ms
step:157/3250 train_time:27.149s step_avg:172.92ms
step:158/3250 train_time:27.306s step_avg:172.82ms
step:159/3250 train_time:27.459s step_avg:172.70ms
step:160/3250 train_time:27.613s step_avg:172.58ms
step:161/3250 train_time:27.769s step_avg:172.48ms
step:162/3250 train_time:27.925s step_avg:172.37ms
step:163/3250 train_time:28.077s step_avg:172.25ms
step:164/3250 train_time:28.232s step_avg:172.15ms
step:165/3250 train_time:28.389s step_avg:172.05ms
step:166/3250 train_time:28.544s step_avg:171.95ms
step:167/3250 train_time:28.698s step_avg:171.85ms
step:168/3250 train_time:28.852s step_avg:171.74ms
step:169/3250 train_time:29.008s step_avg:171.64ms
step:170/3250 train_time:29.162s step_avg:171.54ms
step:171/3250 train_time:29.316s step_avg:171.44ms
step:172/3250 train_time:29.469s step_avg:171.33ms
step:173/3250 train_time:29.625s step_avg:171.24ms
step:174/3250 train_time:29.780s step_avg:171.15ms
step:175/3250 train_time:29.933s step_avg:171.05ms
step:176/3250 train_time:30.088s step_avg:170.96ms
step:177/3250 train_time:30.243s step_avg:170.87ms
step:178/3250 train_time:30.397s step_avg:170.77ms
step:179/3250 train_time:30.551s step_avg:170.68ms
step:180/3250 train_time:30.707s step_avg:170.59ms
step:181/3250 train_time:30.862s step_avg:170.51ms
step:182/3250 train_time:31.016s step_avg:170.42ms
step:183/3250 train_time:31.170s step_avg:170.33ms
step:184/3250 train_time:31.326s step_avg:170.25ms
step:185/3250 train_time:31.480s step_avg:170.16ms
step:186/3250 train_time:31.634s step_avg:170.08ms
step:187/3250 train_time:31.789s step_avg:170.00ms
step:188/3250 train_time:31.945s step_avg:169.92ms
step:189/3250 train_time:32.099s step_avg:169.84ms
step:190/3250 train_time:32.252s step_avg:169.75ms
step:191/3250 train_time:32.557s step_avg:170.45ms
step:192/3250 train_time:32.711s step_avg:170.37ms
step:193/3250 train_time:32.866s step_avg:170.29ms
step:194/3250 train_time:33.019s step_avg:170.20ms
step:195/3250 train_time:33.172s step_avg:170.11ms
step:196/3250 train_time:33.328s step_avg:170.04ms
step:197/3250 train_time:33.481s step_avg:169.95ms
step:198/3250 train_time:33.635s step_avg:169.87ms
step:199/3250 train_time:33.790s step_avg:169.80ms
step:200/3250 train_time:33.945s step_avg:169.73ms
step:201/3250 train_time:34.098s step_avg:169.64ms
step:202/3250 train_time:34.252s step_avg:169.57ms
step:203/3250 train_time:34.408s step_avg:169.50ms
step:204/3250 train_time:34.563s step_avg:169.43ms
step:205/3250 train_time:34.717s step_avg:169.35ms
step:206/3250 train_time:34.871s step_avg:169.27ms
step:207/3250 train_time:35.027s step_avg:169.21ms
step:208/3250 train_time:35.180s step_avg:169.14ms
step:209/3250 train_time:35.334s step_avg:169.06ms
step:210/3250 train_time:35.489s step_avg:169.00ms
step:211/3250 train_time:35.644s step_avg:168.93ms
step:212/3250 train_time:35.800s step_avg:168.87ms
step:213/3250 train_time:35.954s step_avg:168.80ms
step:214/3250 train_time:36.108s step_avg:168.73ms
step:215/3250 train_time:36.264s step_avg:168.67ms
step:216/3250 train_time:36.416s step_avg:168.59ms
step:217/3250 train_time:36.570s step_avg:168.53ms
step:218/3250 train_time:36.728s step_avg:168.48ms
step:219/3250 train_time:36.884s step_avg:168.42ms
step:220/3250 train_time:37.038s step_avg:168.36ms
step:221/3250 train_time:37.194s step_avg:168.30ms
step:222/3250 train_time:37.349s step_avg:168.24ms
step:223/3250 train_time:37.504s step_avg:168.18ms
step:224/3250 train_time:37.658s step_avg:168.12ms
step:225/3250 train_time:37.812s step_avg:168.05ms
step:226/3250 train_time:37.966s step_avg:167.99ms
step:227/3250 train_time:38.123s step_avg:167.94ms
step:228/3250 train_time:38.276s step_avg:167.88ms
step:229/3250 train_time:38.430s step_avg:167.82ms
step:230/3250 train_time:38.586s step_avg:167.77ms
step:231/3250 train_time:38.740s step_avg:167.71ms
step:232/3250 train_time:38.893s step_avg:167.64ms
step:233/3250 train_time:39.048s step_avg:167.59ms
step:234/3250 train_time:39.204s step_avg:167.54ms
step:235/3250 train_time:39.358s step_avg:167.48ms
step:236/3250 train_time:39.512s step_avg:167.42ms
step:237/3250 train_time:39.667s step_avg:167.37ms
step:238/3250 train_time:39.823s step_avg:167.32ms
step:239/3250 train_time:39.976s step_avg:167.27ms
step:240/3250 train_time:40.132s step_avg:167.22ms
step:241/3250 train_time:40.287s step_avg:167.17ms
step:242/3250 train_time:40.441s step_avg:167.11ms
step:243/3250 train_time:40.595s step_avg:167.06ms
step:244/3250 train_time:40.750s step_avg:167.01ms
step:245/3250 train_time:40.904s step_avg:166.95ms
step:246/3250 train_time:41.059s step_avg:166.91ms
step:247/3250 train_time:41.213s step_avg:166.86ms
step:248/3250 train_time:41.368s step_avg:166.81ms
step:249/3250 train_time:41.522s step_avg:166.76ms
step:250/3250 train_time:41.676s step_avg:166.71ms
step:250/3250 val_loss:4.10129 train_time:41.689s step_avg:155.80ms
step:251/3250 train_time:41.834s step_avg:166.67ms
step:252/3250 train_time:41.990s step_avg:166.63ms
step:253/3250 train_time:42.146s step_avg:166.59ms
step:254/3250 train_time:42.298s step_avg:166.53ms
step:255/3250 train_time:42.452s step_avg:166.48ms
step:256/3250 train_time:42.609s step_avg:166.44ms
step:257/3250 train_time:42.765s step_avg:166.40ms
step:258/3250 train_time:42.919s step_avg:166.35ms
step:259/3250 train_time:43.074s step_avg:166.31ms
step:260/3250 train_time:43.231s step_avg:166.27ms
step:261/3250 train_time:43.385s step_avg:166.23ms
step:262/3250 train_time:43.539s step_avg:166.18ms
step:263/3250 train_time:43.693s step_avg:166.13ms
step:264/3250 train_time:43.849s step_avg:166.10ms
step:265/3250 train_time:44.004s step_avg:166.05ms
step:266/3250 train_time:44.158s step_avg:166.01ms
step:267/3250 train_time:44.314s step_avg:165.97ms
step:268/3250 train_time:44.469s step_avg:165.93ms
step:269/3250 train_time:44.625s step_avg:165.89ms
step:270/3250 train_time:44.779s step_avg:165.85ms
step:271/3250 train_time:44.933s step_avg:165.80ms
step:272/3250 train_time:45.089s step_avg:165.77ms
step:273/3250 train_time:45.244s step_avg:165.73ms
step:274/3250 train_time:45.397s step_avg:165.68ms
step:275/3250 train_time:45.551s step_avg:165.64ms
step:276/3250 train_time:45.708s step_avg:165.61ms
step:277/3250 train_time:45.861s step_avg:165.56ms
step:278/3250 train_time:46.017s step_avg:165.53ms
step:279/3250 train_time:46.173s step_avg:165.49ms
step:280/3250 train_time:46.329s step_avg:165.46ms
step:281/3250 train_time:46.485s step_avg:165.43ms
step:282/3250 train_time:46.638s step_avg:165.38ms
step:283/3250 train_time:46.791s step_avg:165.34ms
step:284/3250 train_time:46.947s step_avg:165.31ms
step:285/3250 train_time:47.103s step_avg:165.27ms
step:286/3250 train_time:47.258s step_avg:165.24ms
step:287/3250 train_time:47.412s step_avg:165.20ms
step:288/3250 train_time:47.567s step_avg:165.16ms
step:289/3250 train_time:47.721s step_avg:165.13ms
step:290/3250 train_time:47.875s step_avg:165.09ms
step:291/3250 train_time:48.031s step_avg:165.06ms
step:292/3250 train_time:48.184s step_avg:165.01ms
step:293/3250 train_time:48.339s step_avg:164.98ms
step:294/3250 train_time:48.493s step_avg:164.94ms
step:295/3250 train_time:48.650s step_avg:164.91ms
step:296/3250 train_time:48.804s step_avg:164.88ms
step:297/3250 train_time:48.958s step_avg:164.84ms
step:298/3250 train_time:49.113s step_avg:164.81ms
step:299/3250 train_time:49.269s step_avg:164.78ms
step:300/3250 train_time:49.424s step_avg:164.75ms
step:301/3250 train_time:49.578s step_avg:164.71ms
step:302/3250 train_time:49.732s step_avg:164.68ms
step:303/3250 train_time:49.888s step_avg:164.65ms
step:304/3250 train_time:50.043s step_avg:164.61ms
step:305/3250 train_time:50.196s step_avg:164.58ms
step:306/3250 train_time:50.351s step_avg:164.55ms
step:307/3250 train_time:50.508s step_avg:164.52ms
step:308/3250 train_time:50.664s step_avg:164.49ms
step:309/3250 train_time:50.818s step_avg:164.46ms
step:310/3250 train_time:50.973s step_avg:164.43ms
step:311/3250 train_time:51.129s step_avg:164.40ms
step:312/3250 train_time:51.283s step_avg:164.37ms
step:313/3250 train_time:51.437s step_avg:164.33ms
step:314/3250 train_time:51.591s step_avg:164.30ms
step:315/3250 train_time:51.747s step_avg:164.28ms
step:316/3250 train_time:51.901s step_avg:164.24ms
step:317/3250 train_time:52.055s step_avg:164.21ms
step:318/3250 train_time:52.211s step_avg:164.18ms
step:319/3250 train_time:52.366s step_avg:164.16ms
step:320/3250 train_time:52.520s step_avg:164.12ms
step:321/3250 train_time:52.674s step_avg:164.09ms
step:322/3250 train_time:52.831s step_avg:164.07ms
step:323/3250 train_time:52.987s step_avg:164.05ms
step:324/3250 train_time:53.141s step_avg:164.02ms
step:325/3250 train_time:53.296s step_avg:163.99ms
step:326/3250 train_time:53.451s step_avg:163.96ms
step:327/3250 train_time:53.607s step_avg:163.94ms
step:328/3250 train_time:53.761s step_avg:163.91ms
step:329/3250 train_time:53.915s step_avg:163.88ms
step:330/3250 train_time:54.070s step_avg:163.85ms
step:331/3250 train_time:54.226s step_avg:163.83ms
step:332/3250 train_time:54.382s step_avg:163.80ms
step:333/3250 train_time:54.537s step_avg:163.77ms
step:334/3250 train_time:54.690s step_avg:163.74ms
step:335/3250 train_time:54.847s step_avg:163.72ms
step:336/3250 train_time:55.001s step_avg:163.69ms
step:337/3250 train_time:55.156s step_avg:163.67ms
step:338/3250 train_time:55.312s step_avg:163.64ms
step:339/3250 train_time:55.468s step_avg:163.62ms
step:340/3250 train_time:55.622s step_avg:163.60ms
step:341/3250 train_time:55.776s step_avg:163.57ms
step:342/3250 train_time:55.931s step_avg:163.54ms
step:343/3250 train_time:56.087s step_avg:163.52ms
step:344/3250 train_time:56.241s step_avg:163.49ms
step:345/3250 train_time:56.396s step_avg:163.47ms
step:346/3250 train_time:56.551s step_avg:163.44ms
step:347/3250 train_time:56.708s step_avg:163.42ms
step:348/3250 train_time:56.861s step_avg:163.39ms
step:349/3250 train_time:57.015s step_avg:163.37ms
step:350/3250 train_time:57.170s step_avg:163.34ms
step:351/3250 train_time:57.326s step_avg:163.32ms
step:352/3250 train_time:57.480s step_avg:163.29ms
step:353/3250 train_time:57.635s step_avg:163.27ms
step:354/3250 train_time:57.791s step_avg:163.25ms
step:355/3250 train_time:57.946s step_avg:163.23ms
step:356/3250 train_time:58.100s step_avg:163.20ms
step:357/3250 train_time:58.254s step_avg:163.18ms
step:358/3250 train_time:58.411s step_avg:163.16ms
step:359/3250 train_time:58.566s step_avg:163.14ms
step:360/3250 train_time:58.720s step_avg:163.11ms
step:361/3250 train_time:58.874s step_avg:163.09ms
step:362/3250 train_time:59.029s step_avg:163.06ms
step:363/3250 train_time:59.184s step_avg:163.04ms
step:364/3250 train_time:59.338s step_avg:163.02ms
step:365/3250 train_time:59.492s step_avg:162.99ms
step:366/3250 train_time:59.649s step_avg:162.98ms
step:367/3250 train_time:59.803s step_avg:162.95ms
step:368/3250 train_time:59.957s step_avg:162.93ms
step:369/3250 train_time:60.112s step_avg:162.91ms
step:370/3250 train_time:60.269s step_avg:162.89ms
step:371/3250 train_time:60.423s step_avg:162.87ms
step:372/3250 train_time:60.577s step_avg:162.84ms
step:373/3250 train_time:60.732s step_avg:162.82ms
step:374/3250 train_time:60.888s step_avg:162.80ms
step:375/3250 train_time:61.043s step_avg:162.78ms
step:375/3250 val_loss:3.92524 train_time:61.055s step_avg:154.93ms
step:376/3250 train_time:61.199s step_avg:162.76ms
step:377/3250 train_time:61.353s step_avg:162.74ms
step:378/3250 train_time:61.509s step_avg:162.72ms
step:379/3250 train_time:61.664s step_avg:162.70ms
step:380/3250 train_time:61.818s step_avg:162.68ms
step:381/3250 train_time:62.020s step_avg:162.78ms
step:382/3250 train_time:62.174s step_avg:162.76ms
step:383/3250 train_time:62.329s step_avg:162.74ms
step:384/3250 train_time:62.483s step_avg:162.72ms
step:385/3250 train_time:62.637s step_avg:162.69ms
step:386/3250 train_time:62.793s step_avg:162.67ms
step:387/3250 train_time:62.950s step_avg:162.66ms
step:388/3250 train_time:63.105s step_avg:162.64ms
step:389/3250 train_time:63.259s step_avg:162.62ms
step:390/3250 train_time:63.413s step_avg:162.60ms
step:391/3250 train_time:63.570s step_avg:162.58ms
step:392/3250 train_time:63.722s step_avg:162.56ms
step:393/3250 train_time:63.876s step_avg:162.54ms
step:394/3250 train_time:64.033s step_avg:162.52ms
step:395/3250 train_time:64.189s step_avg:162.50ms
step:396/3250 train_time:64.343s step_avg:162.48ms
step:397/3250 train_time:64.496s step_avg:162.46ms
step:398/3250 train_time:64.653s step_avg:162.44ms
step:399/3250 train_time:64.809s step_avg:162.43ms
step:400/3250 train_time:64.965s step_avg:162.41ms
step:401/3250 train_time:65.118s step_avg:162.39ms
step:402/3250 train_time:65.273s step_avg:162.37ms
step:403/3250 train_time:65.427s step_avg:162.35ms
step:404/3250 train_time:65.580s step_avg:162.33ms
step:405/3250 train_time:65.735s step_avg:162.31ms
step:406/3250 train_time:65.889s step_avg:162.29ms
step:407/3250 train_time:66.047s step_avg:162.28ms
step:408/3250 train_time:66.201s step_avg:162.26ms
step:409/3250 train_time:66.355s step_avg:162.24ms
step:410/3250 train_time:66.510s step_avg:162.22ms
step:411/3250 train_time:66.664s step_avg:162.20ms
step:412/3250 train_time:66.817s step_avg:162.18ms
step:413/3250 train_time:66.974s step_avg:162.17ms
step:414/3250 train_time:67.131s step_avg:162.15ms
step:415/3250 train_time:67.285s step_avg:162.13ms
step:416/3250 train_time:67.440s step_avg:162.11ms
step:417/3250 train_time:67.593s step_avg:162.09ms
step:418/3250 train_time:67.749s step_avg:162.08ms
step:419/3250 train_time:67.904s step_avg:162.06ms
step:420/3250 train_time:68.057s step_avg:162.04ms
step:421/3250 train_time:68.212s step_avg:162.02ms
step:422/3250 train_time:68.368s step_avg:162.01ms
step:423/3250 train_time:68.522s step_avg:161.99ms
step:424/3250 train_time:68.676s step_avg:161.97ms
step:425/3250 train_time:68.831s step_avg:161.95ms
step:426/3250 train_time:68.985s step_avg:161.94ms
step:427/3250 train_time:69.139s step_avg:161.92ms
step:428/3250 train_time:69.295s step_avg:161.90ms
step:429/3250 train_time:69.451s step_avg:161.89ms
step:430/3250 train_time:69.606s step_avg:161.87ms
step:431/3250 train_time:69.759s step_avg:161.85ms
step:432/3250 train_time:69.914s step_avg:161.84ms
step:433/3250 train_time:70.069s step_avg:161.82ms
step:434/3250 train_time:70.224s step_avg:161.81ms
step:435/3250 train_time:70.378s step_avg:161.79ms
step:436/3250 train_time:70.534s step_avg:161.77ms
step:437/3250 train_time:70.689s step_avg:161.76ms
step:438/3250 train_time:70.843s step_avg:161.74ms
step:439/3250 train_time:70.998s step_avg:161.73ms
step:440/3250 train_time:71.154s step_avg:161.71ms
step:441/3250 train_time:71.310s step_avg:161.70ms
step:442/3250 train_time:71.465s step_avg:161.69ms
step:443/3250 train_time:71.619s step_avg:161.67ms
step:444/3250 train_time:71.773s step_avg:161.65ms
step:445/3250 train_time:71.929s step_avg:161.64ms
step:446/3250 train_time:72.083s step_avg:161.62ms
step:447/3250 train_time:72.238s step_avg:161.61ms
step:448/3250 train_time:72.394s step_avg:161.59ms
step:449/3250 train_time:72.548s step_avg:161.58ms
step:450/3250 train_time:72.701s step_avg:161.56ms
step:451/3250 train_time:72.856s step_avg:161.54ms
step:452/3250 train_time:73.012s step_avg:161.53ms
step:453/3250 train_time:73.167s step_avg:161.52ms
step:454/3250 train_time:73.320s step_avg:161.50ms
step:455/3250 train_time:73.475s step_avg:161.48ms
step:456/3250 train_time:73.631s step_avg:161.47ms
step:457/3250 train_time:73.786s step_avg:161.46ms
step:458/3250 train_time:73.939s step_avg:161.44ms
step:459/3250 train_time:74.093s step_avg:161.42ms
step:460/3250 train_time:74.248s step_avg:161.41ms
step:461/3250 train_time:74.404s step_avg:161.40ms
step:462/3250 train_time:74.558s step_avg:161.38ms
step:463/3250 train_time:74.713s step_avg:161.37ms
step:464/3250 train_time:74.870s step_avg:161.36ms
step:465/3250 train_time:75.025s step_avg:161.34ms
step:466/3250 train_time:75.179s step_avg:161.33ms
step:467/3250 train_time:75.334s step_avg:161.31ms
step:468/3250 train_time:75.489s step_avg:161.30ms
step:469/3250 train_time:75.645s step_avg:161.29ms
step:470/3250 train_time:75.799s step_avg:161.28ms
step:471/3250 train_time:75.954s step_avg:161.26ms
step:472/3250 train_time:76.110s step_avg:161.25ms
step:473/3250 train_time:76.265s step_avg:161.24ms
step:474/3250 train_time:76.418s step_avg:161.22ms
step:475/3250 train_time:76.573s step_avg:161.21ms
step:476/3250 train_time:76.728s step_avg:161.19ms
step:477/3250 train_time:76.883s step_avg:161.18ms
step:478/3250 train_time:77.037s step_avg:161.17ms
step:479/3250 train_time:77.192s step_avg:161.15ms
step:480/3250 train_time:77.348s step_avg:161.14ms
step:481/3250 train_time:77.502s step_avg:161.13ms
step:482/3250 train_time:77.656s step_avg:161.11ms
step:483/3250 train_time:77.813s step_avg:161.10ms
step:484/3250 train_time:77.970s step_avg:161.09ms
step:485/3250 train_time:78.125s step_avg:161.08ms
step:486/3250 train_time:78.278s step_avg:161.07ms
step:487/3250 train_time:78.433s step_avg:161.05ms
step:488/3250 train_time:78.588s step_avg:161.04ms
step:489/3250 train_time:78.741s step_avg:161.03ms
step:490/3250 train_time:78.896s step_avg:161.01ms
step:491/3250 train_time:79.051s step_avg:161.00ms
step:492/3250 train_time:79.209s step_avg:160.99ms
step:493/3250 train_time:79.364s step_avg:160.98ms
step:494/3250 train_time:79.518s step_avg:160.97ms
step:495/3250 train_time:79.673s step_avg:160.96ms
step:496/3250 train_time:79.827s step_avg:160.94ms
step:497/3250 train_time:79.980s step_avg:160.93ms
step:498/3250 train_time:80.135s step_avg:160.91ms
step:499/3250 train_time:80.291s step_avg:160.90ms
step:500/3250 train_time:80.445s step_avg:160.89ms
step:500/3250 val_loss:3.82711 train_time:80.458s step_avg:155.22ms
step:501/3250 train_time:80.604s step_avg:160.89ms
step:502/3250 train_time:80.757s step_avg:160.87ms
step:503/3250 train_time:80.912s step_avg:160.86ms
step:504/3250 train_time:81.068s step_avg:160.85ms
step:505/3250 train_time:81.221s step_avg:160.83ms
step:506/3250 train_time:81.375s step_avg:160.82ms
step:507/3250 train_time:81.531s step_avg:160.81ms
step:508/3250 train_time:81.689s step_avg:160.80ms
step:509/3250 train_time:81.842s step_avg:160.79ms
step:510/3250 train_time:81.997s step_avg:160.78ms
step:511/3250 train_time:82.152s step_avg:160.77ms
step:512/3250 train_time:82.308s step_avg:160.76ms
step:513/3250 train_time:82.463s step_avg:160.75ms
step:514/3250 train_time:82.616s step_avg:160.73ms
step:515/3250 train_time:82.771s step_avg:160.72ms
step:516/3250 train_time:82.926s step_avg:160.71ms
step:517/3250 train_time:83.081s step_avg:160.70ms
step:518/3250 train_time:83.235s step_avg:160.69ms
step:519/3250 train_time:83.391s step_avg:160.68ms
step:520/3250 train_time:83.548s step_avg:160.67ms
step:521/3250 train_time:83.702s step_avg:160.66ms
step:522/3250 train_time:83.856s step_avg:160.64ms
step:523/3250 train_time:84.011s step_avg:160.63ms
step:524/3250 train_time:84.164s step_avg:160.62ms
step:525/3250 train_time:84.317s step_avg:160.60ms
step:526/3250 train_time:84.473s step_avg:160.59ms
step:527/3250 train_time:84.630s step_avg:160.59ms
step:528/3250 train_time:84.783s step_avg:160.57ms
step:529/3250 train_time:84.939s step_avg:160.56ms
step:530/3250 train_time:85.093s step_avg:160.55ms
step:531/3250 train_time:85.250s step_avg:160.55ms
step:532/3250 train_time:85.404s step_avg:160.53ms
step:533/3250 train_time:85.557s step_avg:160.52ms
step:534/3250 train_time:85.712s step_avg:160.51ms
step:535/3250 train_time:85.868s step_avg:160.50ms
step:536/3250 train_time:86.023s step_avg:160.49ms
step:537/3250 train_time:86.178s step_avg:160.48ms
step:538/3250 train_time:86.332s step_avg:160.47ms
step:539/3250 train_time:86.490s step_avg:160.46ms
step:540/3250 train_time:86.645s step_avg:160.45ms
step:541/3250 train_time:86.798s step_avg:160.44ms
step:542/3250 train_time:86.952s step_avg:160.43ms
step:543/3250 train_time:87.107s step_avg:160.42ms
step:544/3250 train_time:87.262s step_avg:160.41ms
step:545/3250 train_time:87.416s step_avg:160.40ms
step:546/3250 train_time:87.571s step_avg:160.39ms
step:547/3250 train_time:87.727s step_avg:160.38ms
step:548/3250 train_time:87.882s step_avg:160.37ms
step:549/3250 train_time:88.036s step_avg:160.36ms
step:550/3250 train_time:88.192s step_avg:160.35ms
step:551/3250 train_time:88.347s step_avg:160.34ms
step:552/3250 train_time:88.500s step_avg:160.33ms
step:553/3250 train_time:88.655s step_avg:160.32ms
step:554/3250 train_time:88.811s step_avg:160.31ms
step:555/3250 train_time:88.967s step_avg:160.30ms
step:556/3250 train_time:89.123s step_avg:160.29ms
step:557/3250 train_time:89.276s step_avg:160.28ms
step:558/3250 train_time:89.430s step_avg:160.27ms
step:559/3250 train_time:89.585s step_avg:160.26ms
step:560/3250 train_time:89.739s step_avg:160.25ms
step:561/3250 train_time:89.893s step_avg:160.24ms
step:562/3250 train_time:90.047s step_avg:160.23ms
step:563/3250 train_time:90.202s step_avg:160.22ms
step:564/3250 train_time:90.356s step_avg:160.21ms
step:565/3250 train_time:90.511s step_avg:160.20ms
step:566/3250 train_time:90.666s step_avg:160.19ms
step:567/3250 train_time:90.821s step_avg:160.18ms
step:568/3250 train_time:90.975s step_avg:160.17ms
step:569/3250 train_time:91.130s step_avg:160.16ms
step:570/3250 train_time:91.286s step_avg:160.15ms
step:571/3250 train_time:91.484s step_avg:160.22ms
step:572/3250 train_time:91.637s step_avg:160.20ms
step:573/3250 train_time:91.792s step_avg:160.19ms
step:574/3250 train_time:91.946s step_avg:160.19ms
step:575/3250 train_time:92.101s step_avg:160.18ms
step:576/3250 train_time:92.256s step_avg:160.17ms
step:577/3250 train_time:92.411s step_avg:160.16ms
step:578/3250 train_time:92.564s step_avg:160.15ms
step:579/3250 train_time:92.718s step_avg:160.13ms
step:580/3250 train_time:92.872s step_avg:160.12ms
step:581/3250 train_time:93.028s step_avg:160.12ms
step:582/3250 train_time:93.183s step_avg:160.11ms
step:583/3250 train_time:93.337s step_avg:160.10ms
step:584/3250 train_time:93.492s step_avg:160.09ms
step:585/3250 train_time:93.648s step_avg:160.08ms
step:586/3250 train_time:93.803s step_avg:160.07ms
step:587/3250 train_time:93.956s step_avg:160.06ms
step:588/3250 train_time:94.111s step_avg:160.05ms
step:589/3250 train_time:94.266s step_avg:160.04ms
step:590/3250 train_time:94.419s step_avg:160.03ms
step:591/3250 train_time:94.573s step_avg:160.02ms
step:592/3250 train_time:94.730s step_avg:160.02ms
step:593/3250 train_time:94.886s step_avg:160.01ms
step:594/3250 train_time:95.039s step_avg:160.00ms
step:595/3250 train_time:95.195s step_avg:159.99ms
step:596/3250 train_time:95.353s step_avg:159.99ms
step:597/3250 train_time:95.507s step_avg:159.98ms
step:598/3250 train_time:95.661s step_avg:159.97ms
step:599/3250 train_time:95.816s step_avg:159.96ms
step:600/3250 train_time:95.971s step_avg:159.95ms
step:601/3250 train_time:96.125s step_avg:159.94ms
step:602/3250 train_time:96.280s step_avg:159.93ms
step:603/3250 train_time:96.434s step_avg:159.92ms
step:604/3250 train_time:96.591s step_avg:159.92ms
step:605/3250 train_time:96.746s step_avg:159.91ms
step:606/3250 train_time:96.900s step_avg:159.90ms
step:607/3250 train_time:97.054s step_avg:159.89ms
step:608/3250 train_time:97.208s step_avg:159.88ms
step:609/3250 train_time:97.364s step_avg:159.88ms
step:610/3250 train_time:97.517s step_avg:159.86ms
step:611/3250 train_time:97.672s step_avg:159.86ms
step:612/3250 train_time:97.829s step_avg:159.85ms
step:613/3250 train_time:97.984s step_avg:159.84ms
step:614/3250 train_time:98.137s step_avg:159.83ms
step:615/3250 train_time:98.292s step_avg:159.82ms
step:616/3250 train_time:98.447s step_avg:159.82ms
step:617/3250 train_time:98.602s step_avg:159.81ms
step:618/3250 train_time:98.756s step_avg:159.80ms
step:619/3250 train_time:98.912s step_avg:159.79ms
step:620/3250 train_time:99.066s step_avg:159.78ms
step:621/3250 train_time:99.220s step_avg:159.77ms
step:622/3250 train_time:99.375s step_avg:159.77ms
step:623/3250 train_time:99.530s step_avg:159.76ms
step:624/3250 train_time:99.686s step_avg:159.75ms
step:625/3250 train_time:99.839s step_avg:159.74ms
step:625/3250 val_loss:3.76243 train_time:99.851s step_avg:155.15ms
step:626/3250 train_time:99.995s step_avg:159.74ms
step:627/3250 train_time:100.151s step_avg:159.73ms
step:628/3250 train_time:100.306s step_avg:159.72ms
step:629/3250 train_time:100.460s step_avg:159.71ms
step:630/3250 train_time:100.614s step_avg:159.70ms
step:631/3250 train_time:100.770s step_avg:159.70ms
step:632/3250 train_time:100.924s step_avg:159.69ms
step:633/3250 train_time:101.078s step_avg:159.68ms
step:634/3250 train_time:101.234s step_avg:159.67ms
step:635/3250 train_time:101.390s step_avg:159.67ms
step:636/3250 train_time:101.544s step_avg:159.66ms
step:637/3250 train_time:101.698s step_avg:159.65ms
step:638/3250 train_time:101.853s step_avg:159.64ms
step:639/3250 train_time:102.009s step_avg:159.64ms
step:640/3250 train_time:102.162s step_avg:159.63ms
step:641/3250 train_time:102.317s step_avg:159.62ms
step:642/3250 train_time:102.473s step_avg:159.62ms
step:643/3250 train_time:102.628s step_avg:159.61ms
step:644/3250 train_time:102.781s step_avg:159.60ms
step:645/3250 train_time:102.936s step_avg:159.59ms
step:646/3250 train_time:103.092s step_avg:159.59ms
step:647/3250 train_time:103.247s step_avg:159.58ms
step:648/3250 train_time:103.401s step_avg:159.57ms
step:649/3250 train_time:103.555s step_avg:159.56ms
step:650/3250 train_time:103.712s step_avg:159.56ms
step:651/3250 train_time:103.867s step_avg:159.55ms
step:652/3250 train_time:104.020s step_avg:159.54ms
step:653/3250 train_time:104.174s step_avg:159.53ms
step:654/3250 train_time:104.329s step_avg:159.52ms
step:655/3250 train_time:104.484s step_avg:159.52ms
step:656/3250 train_time:104.638s step_avg:159.51ms
step:657/3250 train_time:104.793s step_avg:159.50ms
step:658/3250 train_time:104.947s step_avg:159.49ms
step:659/3250 train_time:105.103s step_avg:159.49ms
step:660/3250 train_time:105.257s step_avg:159.48ms
step:661/3250 train_time:105.414s step_avg:159.48ms
step:662/3250 train_time:105.570s step_avg:159.47ms
step:663/3250 train_time:105.723s step_avg:159.46ms
step:664/3250 train_time:105.877s step_avg:159.45ms
step:665/3250 train_time:106.031s step_avg:159.45ms
step:666/3250 train_time:106.185s step_avg:159.44ms
step:667/3250 train_time:106.339s step_avg:159.43ms
step:668/3250 train_time:106.494s step_avg:159.42ms
step:669/3250 train_time:106.650s step_avg:159.42ms
step:670/3250 train_time:106.805s step_avg:159.41ms
step:671/3250 train_time:106.958s step_avg:159.40ms
step:672/3250 train_time:107.113s step_avg:159.39ms
step:673/3250 train_time:107.267s step_avg:159.39ms
step:674/3250 train_time:107.422s step_avg:159.38ms
step:675/3250 train_time:107.577s step_avg:159.37ms
step:676/3250 train_time:107.733s step_avg:159.37ms
step:677/3250 train_time:107.888s step_avg:159.36ms
step:678/3250 train_time:108.043s step_avg:159.36ms
step:679/3250 train_time:108.198s step_avg:159.35ms
step:680/3250 train_time:108.352s step_avg:159.34ms
step:681/3250 train_time:108.507s step_avg:159.33ms
step:682/3250 train_time:108.660s step_avg:159.33ms
step:683/3250 train_time:108.814s step_avg:159.32ms
step:684/3250 train_time:108.972s step_avg:159.32ms
step:685/3250 train_time:109.127s step_avg:159.31ms
step:686/3250 train_time:109.280s step_avg:159.30ms
step:687/3250 train_time:109.435s step_avg:159.29ms
step:688/3250 train_time:109.591s step_avg:159.29ms
step:689/3250 train_time:109.746s step_avg:159.28ms
step:690/3250 train_time:109.900s step_avg:159.28ms
step:691/3250 train_time:110.054s step_avg:159.27ms
step:692/3250 train_time:110.210s step_avg:159.26ms
step:693/3250 train_time:110.364s step_avg:159.26ms
step:694/3250 train_time:110.518s step_avg:159.25ms
step:695/3250 train_time:110.674s step_avg:159.24ms
step:696/3250 train_time:110.829s step_avg:159.24ms
step:697/3250 train_time:110.984s step_avg:159.23ms
step:698/3250 train_time:111.137s step_avg:159.22ms
step:699/3250 train_time:111.294s step_avg:159.22ms
step:700/3250 train_time:111.450s step_avg:159.21ms
step:701/3250 train_time:111.605s step_avg:159.21ms
step:702/3250 train_time:111.758s step_avg:159.20ms
step:703/3250 train_time:111.914s step_avg:159.20ms
step:704/3250 train_time:112.070s step_avg:159.19ms
step:705/3250 train_time:112.224s step_avg:159.18ms
step:706/3250 train_time:112.379s step_avg:159.18ms
step:707/3250 train_time:112.534s step_avg:159.17ms
step:708/3250 train_time:112.689s step_avg:159.17ms
step:709/3250 train_time:112.843s step_avg:159.16ms
step:710/3250 train_time:112.997s step_avg:159.15ms
step:711/3250 train_time:113.153s step_avg:159.15ms
step:712/3250 train_time:113.310s step_avg:159.14ms
step:713/3250 train_time:113.465s step_avg:159.14ms
step:714/3250 train_time:113.618s step_avg:159.13ms
step:715/3250 train_time:113.773s step_avg:159.12ms
step:716/3250 train_time:113.928s step_avg:159.12ms
step:717/3250 train_time:114.082s step_avg:159.11ms
step:718/3250 train_time:114.237s step_avg:159.10ms
step:719/3250 train_time:114.394s step_avg:159.10ms
step:720/3250 train_time:114.550s step_avg:159.10ms
step:721/3250 train_time:114.705s step_avg:159.09ms
step:722/3250 train_time:114.858s step_avg:159.08ms
step:723/3250 train_time:115.013s step_avg:159.08ms
step:724/3250 train_time:115.169s step_avg:159.07ms
step:725/3250 train_time:115.323s step_avg:159.07ms
step:726/3250 train_time:115.478s step_avg:159.06ms
step:727/3250 train_time:115.633s step_avg:159.05ms
step:728/3250 train_time:115.789s step_avg:159.05ms
step:729/3250 train_time:115.943s step_avg:159.04ms
step:730/3250 train_time:116.098s step_avg:159.04ms
step:731/3250 train_time:116.254s step_avg:159.03ms
step:732/3250 train_time:116.410s step_avg:159.03ms
step:733/3250 train_time:116.563s step_avg:159.02ms
step:734/3250 train_time:116.720s step_avg:159.02ms
step:735/3250 train_time:116.874s step_avg:159.01ms
step:736/3250 train_time:117.029s step_avg:159.01ms
step:737/3250 train_time:117.184s step_avg:159.00ms
step:738/3250 train_time:117.338s step_avg:158.99ms
step:739/3250 train_time:117.493s step_avg:158.99ms
step:740/3250 train_time:117.648s step_avg:158.98ms
step:741/3250 train_time:117.802s step_avg:158.98ms
step:742/3250 train_time:117.956s step_avg:158.97ms
step:743/3250 train_time:118.111s step_avg:158.96ms
step:744/3250 train_time:118.268s step_avg:158.96ms
step:745/3250 train_time:118.422s step_avg:158.96ms
step:746/3250 train_time:118.576s step_avg:158.95ms
step:747/3250 train_time:118.733s step_avg:158.95ms
step:748/3250 train_time:118.886s step_avg:158.94ms
step:749/3250 train_time:119.040s step_avg:158.93ms
step:750/3250 train_time:119.194s step_avg:158.93ms
step:750/3250 val_loss:3.71896 train_time:119.206s step_avg:154.84ms
step:751/3250 train_time:119.352s step_avg:158.92ms
step:752/3250 train_time:119.505s step_avg:158.92ms
step:753/3250 train_time:119.660s step_avg:158.91ms
step:754/3250 train_time:119.816s step_avg:158.91ms
step:755/3250 train_time:119.973s step_avg:158.90ms
step:756/3250 train_time:120.128s step_avg:158.90ms
step:757/3250 train_time:120.281s step_avg:158.89ms
step:758/3250 train_time:120.436s step_avg:158.89ms
step:759/3250 train_time:120.592s step_avg:158.88ms
step:760/3250 train_time:120.746s step_avg:158.88ms
step:761/3250 train_time:120.949s step_avg:158.93ms
step:762/3250 train_time:121.102s step_avg:158.93ms
step:763/3250 train_time:121.256s step_avg:158.92ms
step:764/3250 train_time:121.409s step_avg:158.91ms
step:765/3250 train_time:121.563s step_avg:158.91ms
step:766/3250 train_time:121.718s step_avg:158.90ms
step:767/3250 train_time:121.875s step_avg:158.90ms
step:768/3250 train_time:122.031s step_avg:158.89ms
step:769/3250 train_time:122.184s step_avg:158.89ms
step:770/3250 train_time:122.338s step_avg:158.88ms
step:771/3250 train_time:122.494s step_avg:158.88ms
step:772/3250 train_time:122.648s step_avg:158.87ms
step:773/3250 train_time:122.802s step_avg:158.86ms
step:774/3250 train_time:122.957s step_avg:158.86ms
step:775/3250 train_time:123.114s step_avg:158.86ms
step:776/3250 train_time:123.268s step_avg:158.85ms
step:777/3250 train_time:123.421s step_avg:158.84ms
step:778/3250 train_time:123.576s step_avg:158.84ms
step:779/3250 train_time:123.732s step_avg:158.83ms
step:780/3250 train_time:123.885s step_avg:158.83ms
step:781/3250 train_time:124.040s step_avg:158.82ms
step:782/3250 train_time:124.196s step_avg:158.82ms
step:783/3250 train_time:124.351s step_avg:158.81ms
step:784/3250 train_time:124.504s step_avg:158.81ms
step:785/3250 train_time:124.658s step_avg:158.80ms
step:786/3250 train_time:124.816s step_avg:158.80ms
step:787/3250 train_time:124.971s step_avg:158.79ms
step:788/3250 train_time:125.125s step_avg:158.79ms
step:789/3250 train_time:125.279s step_avg:158.78ms
step:790/3250 train_time:125.436s step_avg:158.78ms
step:791/3250 train_time:125.592s step_avg:158.78ms
step:792/3250 train_time:125.746s step_avg:158.77ms
step:793/3250 train_time:125.900s step_avg:158.76ms
step:794/3250 train_time:126.056s step_avg:158.76ms
step:795/3250 train_time:126.212s step_avg:158.76ms
step:796/3250 train_time:126.367s step_avg:158.75ms
step:797/3250 train_time:126.522s step_avg:158.75ms
step:798/3250 train_time:126.676s step_avg:158.74ms
step:799/3250 train_time:126.831s step_avg:158.74ms
step:800/3250 train_time:126.984s step_avg:158.73ms
step:801/3250 train_time:127.138s step_avg:158.72ms
step:802/3250 train_time:127.294s step_avg:158.72ms
step:803/3250 train_time:127.449s step_avg:158.72ms
step:804/3250 train_time:127.603s step_avg:158.71ms
step:805/3250 train_time:127.757s step_avg:158.70ms
step:806/3250 train_time:127.914s step_avg:158.70ms
step:807/3250 train_time:128.068s step_avg:158.70ms
step:808/3250 train_time:128.223s step_avg:158.69ms
step:809/3250 train_time:128.377s step_avg:158.69ms
step:810/3250 train_time:128.533s step_avg:158.68ms
step:811/3250 train_time:128.687s step_avg:158.68ms
step:812/3250 train_time:128.841s step_avg:158.67ms
step:813/3250 train_time:128.997s step_avg:158.67ms
step:814/3250 train_time:129.152s step_avg:158.66ms
step:815/3250 train_time:129.306s step_avg:158.66ms
step:816/3250 train_time:129.460s step_avg:158.65ms
step:817/3250 train_time:129.616s step_avg:158.65ms
step:818/3250 train_time:129.770s step_avg:158.64ms
step:819/3250 train_time:129.924s step_avg:158.64ms
step:820/3250 train_time:130.078s step_avg:158.63ms
step:821/3250 train_time:130.235s step_avg:158.63ms
step:822/3250 train_time:130.390s step_avg:158.62ms
step:823/3250 train_time:130.543s step_avg:158.62ms
step:824/3250 train_time:130.698s step_avg:158.61ms
step:825/3250 train_time:130.854s step_avg:158.61ms
step:826/3250 train_time:131.009s step_avg:158.61ms
step:827/3250 train_time:131.163s step_avg:158.60ms
step:828/3250 train_time:131.318s step_avg:158.60ms
step:829/3250 train_time:131.473s step_avg:158.59ms
step:830/3250 train_time:131.628s step_avg:158.59ms
step:831/3250 train_time:131.781s step_avg:158.58ms
step:832/3250 train_time:131.937s step_avg:158.58ms
step:833/3250 train_time:132.093s step_avg:158.57ms
step:834/3250 train_time:132.247s step_avg:158.57ms
step:835/3250 train_time:132.402s step_avg:158.56ms
step:836/3250 train_time:132.556s step_avg:158.56ms
step:837/3250 train_time:132.712s step_avg:158.56ms
step:838/3250 train_time:132.866s step_avg:158.55ms
step:839/3250 train_time:133.021s step_avg:158.55ms
step:840/3250 train_time:133.176s step_avg:158.54ms
step:841/3250 train_time:133.331s step_avg:158.54ms
step:842/3250 train_time:133.485s step_avg:158.53ms
step:843/3250 train_time:133.639s step_avg:158.53ms
step:844/3250 train_time:133.795s step_avg:158.53ms
step:845/3250 train_time:133.950s step_avg:158.52ms
step:846/3250 train_time:134.104s step_avg:158.52ms
step:847/3250 train_time:134.258s step_avg:158.51ms
step:848/3250 train_time:134.414s step_avg:158.51ms
step:849/3250 train_time:134.568s step_avg:158.50ms
step:850/3250 train_time:134.722s step_avg:158.50ms
step:851/3250 train_time:134.877s step_avg:158.49ms
step:852/3250 train_time:135.033s step_avg:158.49ms
step:853/3250 train_time:135.186s step_avg:158.48ms
step:854/3250 train_time:135.341s step_avg:158.48ms
step:855/3250 train_time:135.496s step_avg:158.47ms
step:856/3250 train_time:135.651s step_avg:158.47ms
step:857/3250 train_time:135.804s step_avg:158.46ms
step:858/3250 train_time:135.958s step_avg:158.46ms
step:859/3250 train_time:136.114s step_avg:158.46ms
step:860/3250 train_time:136.268s step_avg:158.45ms
step:861/3250 train_time:136.422s step_avg:158.45ms
step:862/3250 train_time:136.576s step_avg:158.44ms
step:863/3250 train_time:136.732s step_avg:158.44ms
step:864/3250 train_time:136.887s step_avg:158.43ms
step:865/3250 train_time:137.041s step_avg:158.43ms
step:866/3250 train_time:137.197s step_avg:158.43ms
step:867/3250 train_time:137.352s step_avg:158.42ms
step:868/3250 train_time:137.507s step_avg:158.42ms
step:869/3250 train_time:137.661s step_avg:158.41ms
step:870/3250 train_time:137.816s step_avg:158.41ms
step:871/3250 train_time:137.971s step_avg:158.40ms
step:872/3250 train_time:138.125s step_avg:158.40ms
step:873/3250 train_time:138.279s step_avg:158.40ms
step:874/3250 train_time:138.435s step_avg:158.39ms
step:875/3250 train_time:138.590s step_avg:158.39ms
step:875/3250 val_loss:3.68402 train_time:138.602s step_avg:155.16ms
step:876/3250 train_time:138.747s step_avg:158.39ms
step:877/3250 train_time:138.902s step_avg:158.38ms
step:878/3250 train_time:139.059s step_avg:158.38ms
step:879/3250 train_time:139.212s step_avg:158.38ms
step:880/3250 train_time:139.366s step_avg:158.37ms
step:881/3250 train_time:139.520s step_avg:158.37ms
step:882/3250 train_time:139.674s step_avg:158.36ms
step:883/3250 train_time:139.828s step_avg:158.36ms
step:884/3250 train_time:139.982s step_avg:158.35ms
step:885/3250 train_time:140.138s step_avg:158.35ms
step:886/3250 train_time:140.294s step_avg:158.35ms
step:887/3250 train_time:140.448s step_avg:158.34ms
step:888/3250 train_time:140.601s step_avg:158.33ms
step:889/3250 train_time:140.756s step_avg:158.33ms
step:890/3250 train_time:140.909s step_avg:158.32ms
step:891/3250 train_time:141.064s step_avg:158.32ms
step:892/3250 train_time:141.222s step_avg:158.32ms
step:893/3250 train_time:141.376s step_avg:158.32ms
step:894/3250 train_time:141.530s step_avg:158.31ms
step:895/3250 train_time:141.684s step_avg:158.31ms
step:896/3250 train_time:141.841s step_avg:158.30ms
step:897/3250 train_time:141.996s step_avg:158.30ms
step:898/3250 train_time:142.150s step_avg:158.30ms
step:899/3250 train_time:142.305s step_avg:158.29ms
step:900/3250 train_time:142.461s step_avg:158.29ms
step:901/3250 train_time:142.616s step_avg:158.29ms
step:902/3250 train_time:142.769s step_avg:158.28ms
step:903/3250 train_time:142.924s step_avg:158.28ms
step:904/3250 train_time:143.079s step_avg:158.27ms
step:905/3250 train_time:143.234s step_avg:158.27ms
step:906/3250 train_time:143.388s step_avg:158.26ms
step:907/3250 train_time:143.543s step_avg:158.26ms
step:908/3250 train_time:143.698s step_avg:158.26ms
step:909/3250 train_time:143.852s step_avg:158.25ms
step:910/3250 train_time:144.006s step_avg:158.25ms
step:911/3250 train_time:144.160s step_avg:158.24ms
step:912/3250 train_time:144.316s step_avg:158.24ms
step:913/3250 train_time:144.470s step_avg:158.24ms
step:914/3250 train_time:144.625s step_avg:158.23ms
step:915/3250 train_time:144.780s step_avg:158.23ms
step:916/3250 train_time:144.934s step_avg:158.23ms
step:917/3250 train_time:145.088s step_avg:158.22ms
step:918/3250 train_time:145.242s step_avg:158.22ms
step:919/3250 train_time:145.398s step_avg:158.21ms
step:920/3250 train_time:145.552s step_avg:158.21ms
step:921/3250 train_time:145.706s step_avg:158.20ms
step:922/3250 train_time:145.863s step_avg:158.20ms
step:923/3250 train_time:146.019s step_avg:158.20ms
step:924/3250 train_time:146.174s step_avg:158.20ms
step:925/3250 train_time:146.327s step_avg:158.19ms
step:926/3250 train_time:146.481s step_avg:158.19ms
step:927/3250 train_time:146.637s step_avg:158.18ms
step:928/3250 train_time:146.791s step_avg:158.18ms
step:929/3250 train_time:146.945s step_avg:158.18ms
step:930/3250 train_time:147.100s step_avg:158.17ms
step:931/3250 train_time:147.258s step_avg:158.17ms
step:932/3250 train_time:147.412s step_avg:158.17ms
step:933/3250 train_time:147.567s step_avg:158.16ms
step:934/3250 train_time:147.721s step_avg:158.16ms
step:935/3250 train_time:147.876s step_avg:158.16ms
step:936/3250 train_time:148.030s step_avg:158.15ms
step:937/3250 train_time:148.184s step_avg:158.15ms
step:938/3250 train_time:148.342s step_avg:158.15ms
step:939/3250 train_time:148.500s step_avg:158.15ms
step:940/3250 train_time:148.656s step_avg:158.14ms
step:941/3250 train_time:148.810s step_avg:158.14ms
step:942/3250 train_time:148.964s step_avg:158.14ms
step:943/3250 train_time:149.120s step_avg:158.13ms
step:944/3250 train_time:149.272s step_avg:158.13ms
step:945/3250 train_time:149.427s step_avg:158.12ms
step:946/3250 train_time:149.582s step_avg:158.12ms
step:947/3250 train_time:149.738s step_avg:158.12ms
step:948/3250 train_time:149.893s step_avg:158.12ms
step:949/3250 train_time:150.048s step_avg:158.11ms
step:950/3250 train_time:150.202s step_avg:158.11ms
step:951/3250 train_time:150.404s step_avg:158.15ms
step:952/3250 train_time:150.559s step_avg:158.15ms
step:953/3250 train_time:150.714s step_avg:158.15ms
step:954/3250 train_time:150.867s step_avg:158.14ms
step:955/3250 train_time:151.022s step_avg:158.14ms
step:956/3250 train_time:151.177s step_avg:158.14ms
step:957/3250 train_time:151.334s step_avg:158.13ms
step:958/3250 train_time:151.488s step_avg:158.13ms
step:959/3250 train_time:151.643s step_avg:158.13ms
step:960/3250 train_time:151.799s step_avg:158.12ms
step:961/3250 train_time:151.953s step_avg:158.12ms
step:962/3250 train_time:152.107s step_avg:158.11ms
step:963/3250 train_time:152.262s step_avg:158.11ms
step:964/3250 train_time:152.418s step_avg:158.11ms
step:965/3250 train_time:152.572s step_avg:158.11ms
step:966/3250 train_time:152.727s step_avg:158.10ms
step:967/3250 train_time:152.882s step_avg:158.10ms
step:968/3250 train_time:153.038s step_avg:158.10ms
step:969/3250 train_time:153.193s step_avg:158.09ms
step:970/3250 train_time:153.347s step_avg:158.09ms
step:971/3250 train_time:153.501s step_avg:158.09ms
step:972/3250 train_time:153.658s step_avg:158.08ms
step:973/3250 train_time:153.813s step_avg:158.08ms
step:974/3250 train_time:153.967s step_avg:158.08ms
step:975/3250 train_time:154.121s step_avg:158.07ms
step:976/3250 train_time:154.275s step_avg:158.07ms
step:977/3250 train_time:154.429s step_avg:158.06ms
step:978/3250 train_time:154.584s step_avg:158.06ms
step:979/3250 train_time:154.741s step_avg:158.06ms
step:980/3250 train_time:154.897s step_avg:158.06ms
step:981/3250 train_time:155.051s step_avg:158.05ms
step:982/3250 train_time:155.205s step_avg:158.05ms
step:983/3250 train_time:155.360s step_avg:158.05ms
step:984/3250 train_time:155.515s step_avg:158.04ms
step:985/3250 train_time:155.668s step_avg:158.04ms
step:986/3250 train_time:155.823s step_avg:158.04ms
step:987/3250 train_time:155.979s step_avg:158.03ms
step:988/3250 train_time:156.134s step_avg:158.03ms
step:989/3250 train_time:156.288s step_avg:158.03ms
step:990/3250 train_time:156.443s step_avg:158.02ms
step:991/3250 train_time:156.598s step_avg:158.02ms
step:992/3250 train_time:156.753s step_avg:158.02ms
step:993/3250 train_time:156.906s step_avg:158.01ms
step:994/3250 train_time:157.062s step_avg:158.01ms
step:995/3250 train_time:157.219s step_avg:158.01ms
step:996/3250 train_time:157.373s step_avg:158.01ms
step:997/3250 train_time:157.527s step_avg:158.00ms
step:998/3250 train_time:157.682s step_avg:158.00ms
step:999/3250 train_time:157.837s step_avg:158.00ms
step:1000/3250 train_time:157.992s step_avg:157.99ms
step:1000/3250 val_loss:3.65180 train_time:158.004s step_avg:155.22ms
step:1001/3250 train_time:158.149s step_avg:157.99ms
step:1002/3250 train_time:159.064s step_avg:158.75ms
step:1003/3250 train_time:159.223s step_avg:158.75ms
step:1004/3250 train_time:159.384s step_avg:158.75ms
step:1005/3250 train_time:159.544s step_avg:158.75ms
step:1006/3250 train_time:159.707s step_avg:158.75ms
step:1007/3250 train_time:159.866s step_avg:158.76ms
step:1008/3250 train_time:160.026s step_avg:158.76ms
step:1009/3250 train_time:160.186s step_avg:158.76ms
step:1010/3250 train_time:160.346s step_avg:158.76ms
step:1011/3250 train_time:160.506s step_avg:158.76ms
step:1012/3250 train_time:160.666s step_avg:158.76ms
step:1013/3250 train_time:160.826s step_avg:158.76ms
step:1014/3250 train_time:160.989s step_avg:158.77ms
step:1015/3250 train_time:161.148s step_avg:158.77ms
step:1016/3250 train_time:161.309s step_avg:158.77ms
step:1017/3250 train_time:161.467s step_avg:158.77ms
step:1018/3250 train_time:161.627s step_avg:158.77ms
step:1019/3250 train_time:161.787s step_avg:158.77ms
step:1020/3250 train_time:161.947s step_avg:158.77ms
step:1021/3250 train_time:162.107s step_avg:158.77ms
step:1022/3250 train_time:162.268s step_avg:158.78ms
step:1023/3250 train_time:162.428s step_avg:158.78ms
step:1024/3250 train_time:162.587s step_avg:158.78ms
step:1025/3250 train_time:162.747s step_avg:158.78ms
step:1026/3250 train_time:162.908s step_avg:158.78ms
step:1027/3250 train_time:163.068s step_avg:158.78ms
step:1028/3250 train_time:163.229s step_avg:158.78ms
step:1029/3250 train_time:163.390s step_avg:158.78ms
step:1030/3250 train_time:163.549s step_avg:158.79ms
step:1031/3250 train_time:163.710s step_avg:158.79ms
step:1032/3250 train_time:163.872s step_avg:158.79ms
step:1033/3250 train_time:164.033s step_avg:158.79ms
step:1034/3250 train_time:164.194s step_avg:158.79ms
step:1035/3250 train_time:164.355s step_avg:158.80ms
step:1036/3250 train_time:164.518s step_avg:158.80ms
step:1037/3250 train_time:164.680s step_avg:158.80ms
step:1038/3250 train_time:164.843s step_avg:158.81ms
step:1039/3250 train_time:165.003s step_avg:158.81ms
step:1040/3250 train_time:165.163s step_avg:158.81ms
step:1041/3250 train_time:165.324s step_avg:158.81ms
step:1042/3250 train_time:165.484s step_avg:158.81ms
step:1043/3250 train_time:165.644s step_avg:158.82ms
step:1044/3250 train_time:165.805s step_avg:158.82ms
step:1045/3250 train_time:165.965s step_avg:158.82ms
step:1046/3250 train_time:166.126s step_avg:158.82ms
step:1047/3250 train_time:166.288s step_avg:158.82ms
step:1048/3250 train_time:166.448s step_avg:158.82ms
step:1049/3250 train_time:166.609s step_avg:158.83ms
step:1050/3250 train_time:166.770s step_avg:158.83ms
step:1051/3250 train_time:166.932s step_avg:158.83ms
step:1052/3250 train_time:167.094s step_avg:158.83ms
step:1053/3250 train_time:167.256s step_avg:158.84ms
step:1054/3250 train_time:167.417s step_avg:158.84ms
step:1055/3250 train_time:167.577s step_avg:158.84ms
step:1056/3250 train_time:167.739s step_avg:158.84ms
step:1057/3250 train_time:167.900s step_avg:158.85ms
step:1058/3250 train_time:168.063s step_avg:158.85ms
step:1059/3250 train_time:168.224s step_avg:158.85ms
step:1060/3250 train_time:168.384s step_avg:158.85ms
step:1061/3250 train_time:168.544s step_avg:158.85ms
step:1062/3250 train_time:168.704s step_avg:158.86ms
step:1063/3250 train_time:168.867s step_avg:158.86ms
step:1064/3250 train_time:169.027s step_avg:158.86ms
step:1065/3250 train_time:169.188s step_avg:158.86ms
step:1066/3250 train_time:169.349s step_avg:158.86ms
step:1067/3250 train_time:169.510s step_avg:158.87ms
step:1068/3250 train_time:169.672s step_avg:158.87ms
step:1069/3250 train_time:169.833s step_avg:158.87ms
step:1070/3250 train_time:169.994s step_avg:158.87ms
step:1071/3250 train_time:170.154s step_avg:158.87ms
step:1072/3250 train_time:170.315s step_avg:158.88ms
step:1073/3250 train_time:170.478s step_avg:158.88ms
step:1074/3250 train_time:170.638s step_avg:158.88ms
step:1075/3250 train_time:170.800s step_avg:158.88ms
step:1076/3250 train_time:170.961s step_avg:158.89ms
step:1077/3250 train_time:171.122s step_avg:158.89ms
step:1078/3250 train_time:171.283s step_avg:158.89ms
step:1079/3250 train_time:171.443s step_avg:158.89ms
step:1080/3250 train_time:171.604s step_avg:158.89ms
step:1081/3250 train_time:171.766s step_avg:158.90ms
step:1082/3250 train_time:171.927s step_avg:158.90ms
step:1083/3250 train_time:172.089s step_avg:158.90ms
step:1084/3250 train_time:172.248s step_avg:158.90ms
step:1085/3250 train_time:172.408s step_avg:158.90ms
step:1086/3250 train_time:172.569s step_avg:158.90ms
step:1087/3250 train_time:172.728s step_avg:158.90ms
step:1088/3250 train_time:172.889s step_avg:158.91ms
step:1089/3250 train_time:173.049s step_avg:158.91ms
step:1090/3250 train_time:173.209s step_avg:158.91ms
step:1091/3250 train_time:173.370s step_avg:158.91ms
step:1092/3250 train_time:173.531s step_avg:158.91ms
step:1093/3250 train_time:173.694s step_avg:158.92ms
step:1094/3250 train_time:173.856s step_avg:158.92ms
step:1095/3250 train_time:174.017s step_avg:158.92ms
step:1096/3250 train_time:174.182s step_avg:158.93ms
step:1097/3250 train_time:174.342s step_avg:158.93ms
step:1098/3250 train_time:174.505s step_avg:158.93ms
step:1099/3250 train_time:174.666s step_avg:158.93ms
step:1100/3250 train_time:174.826s step_avg:158.93ms
step:1101/3250 train_time:174.985s step_avg:158.93ms
step:1102/3250 train_time:175.146s step_avg:158.93ms
step:1103/3250 train_time:175.306s step_avg:158.94ms
step:1104/3250 train_time:175.466s step_avg:158.94ms
step:1105/3250 train_time:175.626s step_avg:158.94ms
step:1106/3250 train_time:175.787s step_avg:158.94ms
step:1107/3250 train_time:175.946s step_avg:158.94ms
step:1108/3250 train_time:176.108s step_avg:158.94ms
step:1109/3250 train_time:176.268s step_avg:158.94ms
step:1110/3250 train_time:176.428s step_avg:158.94ms
step:1111/3250 train_time:176.587s step_avg:158.94ms
step:1112/3250 train_time:176.747s step_avg:158.95ms
step:1113/3250 train_time:176.909s step_avg:158.95ms
step:1114/3250 train_time:177.069s step_avg:158.95ms
step:1115/3250 train_time:177.230s step_avg:158.95ms
step:1116/3250 train_time:177.392s step_avg:158.95ms
step:1117/3250 train_time:177.553s step_avg:158.95ms
step:1118/3250 train_time:177.714s step_avg:158.96ms
step:1119/3250 train_time:177.874s step_avg:158.96ms
step:1120/3250 train_time:178.037s step_avg:158.96ms
step:1121/3250 train_time:178.198s step_avg:158.96ms
step:1122/3250 train_time:178.360s step_avg:158.97ms
step:1123/3250 train_time:178.522s step_avg:158.97ms
step:1124/3250 train_time:178.683s step_avg:158.97ms
step:1125/3250 train_time:178.844s step_avg:158.97ms
step:1125/3250 val_loss:3.63652 train_time:178.844s step_avg:166.72ms
probe_ema: n=84934656 align=-0.48373,-0.44527,-0.40890,-0.37430,-0.34096,-0.30818,-0.27534,-0.24223 rel_mse=1.06498,1.04542,1.03148,1.02170,1.01486,1.01009,1.00678,1.00451
step:1126/3250 train_time:179.005s step_avg:158.97ms
step:1127/3250 train_time:179.165s step_avg:158.98ms
step:1128/3250 train_time:179.326s step_avg:158.98ms
step:1129/3250 train_time:179.485s step_avg:158.98ms
step:1130/3250 train_time:179.649s step_avg:158.98ms
step:1131/3250 train_time:179.811s step_avg:158.98ms
step:1132/3250 train_time:179.971s step_avg:158.99ms
step:1133/3250 train_time:180.132s step_avg:158.99ms
step:1134/3250 train_time:180.294s step_avg:158.99ms
step:1135/3250 train_time:180.456s step_avg:158.99ms
step:1136/3250 train_time:180.616s step_avg:158.99ms
step:1137/3250 train_time:180.777s step_avg:158.99ms
step:1138/3250 train_time:180.937s step_avg:159.00ms
step:1139/3250 train_time:181.096s step_avg:159.00ms
step:1140/3250 train_time:181.257s step_avg:159.00ms
step:1141/3250 train_time:181.479s step_avg:159.05ms
step:1142/3250 train_time:181.639s step_avg:159.05ms
step:1143/3250 train_time:181.800s step_avg:159.05ms
step:1144/3250 train_time:181.961s step_avg:159.06ms
step:1145/3250 train_time:182.121s step_avg:159.06ms
step:1146/3250 train_time:182.283s step_avg:159.06ms
step:1147/3250 train_time:182.443s step_avg:159.06ms
step:1148/3250 train_time:182.605s step_avg:159.06ms
step:1149/3250 train_time:182.766s step_avg:159.07ms
step:1150/3250 train_time:182.926s step_avg:159.07ms
step:1151/3250 train_time:183.089s step_avg:159.07ms
step:1152/3250 train_time:183.253s step_avg:159.07ms
step:1153/3250 train_time:183.413s step_avg:159.07ms
step:1154/3250 train_time:183.576s step_avg:159.08ms
step:1155/3250 train_time:183.736s step_avg:159.08ms
step:1156/3250 train_time:183.898s step_avg:159.08ms
step:1157/3250 train_time:184.058s step_avg:159.08ms
step:1158/3250 train_time:184.218s step_avg:159.08ms
step:1159/3250 train_time:184.377s step_avg:159.08ms
step:1160/3250 train_time:184.538s step_avg:159.08ms
step:1161/3250 train_time:184.699s step_avg:159.09ms
step:1162/3250 train_time:184.861s step_avg:159.09ms
step:1163/3250 train_time:185.021s step_avg:159.09ms
step:1164/3250 train_time:185.181s step_avg:159.09ms
step:1165/3250 train_time:185.342s step_avg:159.09ms
step:1166/3250 train_time:185.503s step_avg:159.09ms
step:1167/3250 train_time:185.663s step_avg:159.09ms
step:1168/3250 train_time:185.824s step_avg:159.10ms
step:1169/3250 train_time:185.984s step_avg:159.10ms
step:1170/3250 train_time:186.145s step_avg:159.10ms
step:1171/3250 train_time:186.308s step_avg:159.10ms
step:1172/3250 train_time:186.471s step_avg:159.11ms
step:1173/3250 train_time:186.632s step_avg:159.11ms
step:1174/3250 train_time:186.794s step_avg:159.11ms
step:1175/3250 train_time:186.954s step_avg:159.11ms
step:1176/3250 train_time:187.115s step_avg:159.11ms
step:1177/3250 train_time:187.276s step_avg:159.11ms
step:1178/3250 train_time:187.436s step_avg:159.11ms
step:1179/3250 train_time:187.597s step_avg:159.12ms
step:1180/3250 train_time:187.756s step_avg:159.12ms
step:1181/3250 train_time:187.920s step_avg:159.12ms
step:1182/3250 train_time:188.080s step_avg:159.12ms
step:1183/3250 train_time:188.241s step_avg:159.12ms
step:1184/3250 train_time:188.401s step_avg:159.12ms
step:1185/3250 train_time:188.562s step_avg:159.12ms
step:1186/3250 train_time:188.723s step_avg:159.13ms
step:1187/3250 train_time:188.883s step_avg:159.13ms
step:1188/3250 train_time:189.045s step_avg:159.13ms
step:1189/3250 train_time:189.205s step_avg:159.13ms
step:1190/3250 train_time:189.367s step_avg:159.13ms
step:1191/3250 train_time:189.531s step_avg:159.14ms
step:1192/3250 train_time:189.693s step_avg:159.14ms
step:1193/3250 train_time:189.855s step_avg:159.14ms
step:1194/3250 train_time:190.016s step_avg:159.14ms
step:1195/3250 train_time:190.177s step_avg:159.14ms
step:1196/3250 train_time:190.339s step_avg:159.15ms
step:1197/3250 train_time:190.500s step_avg:159.15ms
step:1198/3250 train_time:190.660s step_avg:159.15ms
step:1199/3250 train_time:190.820s step_avg:159.15ms
step:1200/3250 train_time:190.979s step_avg:159.15ms
step:1201/3250 train_time:191.141s step_avg:159.15ms
step:1202/3250 train_time:191.301s step_avg:159.15ms
step:1203/3250 train_time:191.460s step_avg:159.15ms
step:1204/3250 train_time:191.620s step_avg:159.15ms
step:1205/3250 train_time:191.780s step_avg:159.15ms
step:1206/3250 train_time:191.941s step_avg:159.15ms
step:1207/3250 train_time:192.102s step_avg:159.16ms
step:1208/3250 train_time:192.262s step_avg:159.16ms
step:1209/3250 train_time:192.423s step_avg:159.16ms
step:1210/3250 train_time:192.585s step_avg:159.16ms
step:1211/3250 train_time:192.746s step_avg:159.16ms
step:1212/3250 train_time:192.907s step_avg:159.16ms
step:1213/3250 train_time:193.069s step_avg:159.17ms
step:1214/3250 train_time:193.229s step_avg:159.17ms
step:1215/3250 train_time:193.393s step_avg:159.17ms
step:1216/3250 train_time:193.553s step_avg:159.17ms
step:1217/3250 train_time:193.715s step_avg:159.17ms
step:1218/3250 train_time:193.875s step_avg:159.18ms
step:1219/3250 train_time:194.036s step_avg:159.18ms
step:1220/3250 train_time:194.199s step_avg:159.18ms
step:1221/3250 train_time:194.360s step_avg:159.18ms
step:1222/3250 train_time:194.521s step_avg:159.18ms
step:1223/3250 train_time:194.681s step_avg:159.18ms
step:1224/3250 train_time:194.842s step_avg:159.18ms
step:1225/3250 train_time:195.004s step_avg:159.19ms
step:1226/3250 train_time:195.166s step_avg:159.19ms
step:1227/3250 train_time:195.326s step_avg:159.19ms
step:1228/3250 train_time:195.488s step_avg:159.19ms
step:1229/3250 train_time:195.648s step_avg:159.19ms
step:1230/3250 train_time:195.811s step_avg:159.20ms
step:1231/3250 train_time:195.973s step_avg:159.20ms
step:1232/3250 train_time:196.134s step_avg:159.20ms
step:1233/3250 train_time:196.295s step_avg:159.20ms
step:1234/3250 train_time:196.456s step_avg:159.20ms
step:1235/3250 train_time:196.616s step_avg:159.20ms
step:1236/3250 train_time:196.778s step_avg:159.21ms
step:1237/3250 train_time:196.939s step_avg:159.21ms
step:1238/3250 train_time:197.099s step_avg:159.21ms
step:1239/3250 train_time:197.258s step_avg:159.21ms
step:1240/3250 train_time:197.418s step_avg:159.21ms
step:1241/3250 train_time:197.578s step_avg:159.21ms
step:1242/3250 train_time:197.738s step_avg:159.21ms
step:1243/3250 train_time:197.900s step_avg:159.21ms
step:1244/3250 train_time:198.063s step_avg:159.21ms
step:1245/3250 train_time:198.223s step_avg:159.22ms
step:1246/3250 train_time:198.383s step_avg:159.22ms
step:1247/3250 train_time:198.545s step_avg:159.22ms
step:1248/3250 train_time:198.709s step_avg:159.22ms
step:1249/3250 train_time:198.868s step_avg:159.22ms
step:1250/3250 train_time:199.029s step_avg:159.22ms
step:1250/3250 val_loss:3.59214 train_time:199.029s step_avg:161.48ms
probe_ema: n=84934656 align=-0.48409,-0.44577,-0.40932,-0.37486,-0.34203,-0.31019,-0.27820,-0.24410 rel_mse=1.06538,1.04596,1.03195,1.02201,1.01504,1.01018,1.00683,1.00452
step:1251/3250 train_time:199.195s step_avg:159.23ms
step:1252/3250 train_time:199.357s step_avg:159.23ms
step:1253/3250 train_time:199.518s step_avg:159.23ms
step:1254/3250 train_time:199.679s step_avg:159.23ms
step:1255/3250 train_time:199.839s step_avg:159.23ms
step:1256/3250 train_time:200.000s step_avg:159.24ms
step:1257/3250 train_time:200.161s step_avg:159.24ms
step:1258/3250 train_time:200.320s step_avg:159.24ms
step:1259/3250 train_time:200.479s step_avg:159.24ms
step:1260/3250 train_time:200.640s step_avg:159.24ms
step:1261/3250 train_time:200.799s step_avg:159.24ms
step:1262/3250 train_time:200.960s step_avg:159.24ms
step:1263/3250 train_time:201.120s step_avg:159.24ms
step:1264/3250 train_time:201.280s step_avg:159.24ms
step:1265/3250 train_time:201.441s step_avg:159.24ms
step:1266/3250 train_time:201.602s step_avg:159.24ms
step:1267/3250 train_time:201.763s step_avg:159.24ms
step:1268/3250 train_time:201.925s step_avg:159.25ms
step:1269/3250 train_time:202.086s step_avg:159.25ms
step:1270/3250 train_time:202.247s step_avg:159.25ms
step:1271/3250 train_time:202.408s step_avg:159.25ms
step:1272/3250 train_time:202.571s step_avg:159.25ms
step:1273/3250 train_time:202.733s step_avg:159.26ms
step:1274/3250 train_time:202.895s step_avg:159.26ms
step:1275/3250 train_time:203.056s step_avg:159.26ms
step:1276/3250 train_time:203.216s step_avg:159.26ms
step:1277/3250 train_time:203.378s step_avg:159.26ms
step:1278/3250 train_time:203.539s step_avg:159.26ms
step:1279/3250 train_time:203.699s step_avg:159.26ms
step:1280/3250 train_time:203.859s step_avg:159.26ms
step:1281/3250 train_time:204.018s step_avg:159.26ms
step:1282/3250 train_time:204.178s step_avg:159.27ms
step:1283/3250 train_time:204.338s step_avg:159.27ms
step:1284/3250 train_time:204.500s step_avg:159.27ms
step:1285/3250 train_time:204.659s step_avg:159.27ms
step:1286/3250 train_time:204.819s step_avg:159.27ms
step:1287/3250 train_time:204.979s step_avg:159.27ms
step:1288/3250 train_time:205.140s step_avg:159.27ms
step:1289/3250 train_time:205.300s step_avg:159.27ms
step:1290/3250 train_time:205.461s step_avg:159.27ms
step:1291/3250 train_time:205.620s step_avg:159.27ms
step:1292/3250 train_time:205.781s step_avg:159.27ms
step:1293/3250 train_time:205.941s step_avg:159.27ms
step:1294/3250 train_time:206.102s step_avg:159.27ms
step:1295/3250 train_time:206.284s step_avg:159.29ms
step:1296/3250 train_time:206.448s step_avg:159.30ms
step:1297/3250 train_time:206.610s step_avg:159.30ms
step:1298/3250 train_time:206.772s step_avg:159.30ms
step:1299/3250 train_time:206.934s step_avg:159.30ms
step:1300/3250 train_time:207.094s step_avg:159.30ms
step:1301/3250 train_time:207.255s step_avg:159.30ms
step:1302/3250 train_time:207.417s step_avg:159.31ms
step:1303/3250 train_time:207.578s step_avg:159.31ms
step:1304/3250 train_time:207.739s step_avg:159.31ms
step:1305/3250 train_time:207.898s step_avg:159.31ms
step:1306/3250 train_time:208.059s step_avg:159.31ms
step:1307/3250 train_time:208.220s step_avg:159.31ms
step:1308/3250 train_time:208.380s step_avg:159.31ms
step:1309/3250 train_time:208.541s step_avg:159.31ms
step:1310/3250 train_time:208.701s step_avg:159.31ms
step:1311/3250 train_time:208.861s step_avg:159.31ms
step:1312/3250 train_time:209.023s step_avg:159.32ms
step:1313/3250 train_time:209.183s step_avg:159.32ms
step:1314/3250 train_time:209.346s step_avg:159.32ms
step:1315/3250 train_time:209.507s step_avg:159.32ms
step:1316/3250 train_time:209.667s step_avg:159.32ms
step:1317/3250 train_time:209.831s step_avg:159.32ms
step:1318/3250 train_time:209.990s step_avg:159.32ms
step:1319/3250 train_time:210.152s step_avg:159.33ms
step:1320/3250 train_time:210.315s step_avg:159.33ms
step:1321/3250 train_time:210.475s step_avg:159.33ms
step:1322/3250 train_time:210.638s step_avg:159.33ms
step:1323/3250 train_time:210.798s step_avg:159.33ms
step:1324/3250 train_time:210.958s step_avg:159.33ms
step:1325/3250 train_time:211.119s step_avg:159.34ms
step:1326/3250 train_time:211.280s step_avg:159.34ms
step:1327/3250 train_time:211.441s step_avg:159.34ms
step:1328/3250 train_time:211.600s step_avg:159.34ms
step:1329/3250 train_time:211.761s step_avg:159.34ms
step:1330/3250 train_time:211.923s step_avg:159.34ms
step:1331/3250 train_time:212.146s step_avg:159.39ms
step:1332/3250 train_time:212.307s step_avg:159.39ms
step:1333/3250 train_time:212.468s step_avg:159.39ms
step:1334/3250 train_time:212.631s step_avg:159.39ms
step:1335/3250 train_time:212.792s step_avg:159.39ms
step:1336/3250 train_time:212.955s step_avg:159.40ms
step:1337/3250 train_time:213.116s step_avg:159.40ms
step:1338/3250 train_time:213.276s step_avg:159.40ms
step:1339/3250 train_time:213.439s step_avg:159.40ms
step:1340/3250 train_time:213.600s step_avg:159.40ms
step:1341/3250 train_time:213.761s step_avg:159.40ms
step:1342/3250 train_time:213.922s step_avg:159.41ms
step:1343/3250 train_time:214.082s step_avg:159.41ms
step:1344/3250 train_time:214.244s step_avg:159.41ms
step:1345/3250 train_time:214.405s step_avg:159.41ms
step:1346/3250 train_time:214.565s step_avg:159.41ms
step:1347/3250 train_time:214.727s step_avg:159.41ms
step:1348/3250 train_time:214.888s step_avg:159.41ms
step:1349/3250 train_time:215.053s step_avg:159.42ms
step:1350/3250 train_time:215.213s step_avg:159.42ms
step:1351/3250 train_time:215.376s step_avg:159.42ms
step:1352/3250 train_time:215.537s step_avg:159.42ms
step:1353/3250 train_time:215.697s step_avg:159.42ms
step:1354/3250 train_time:215.858s step_avg:159.42ms
step:1355/3250 train_time:216.018s step_avg:159.42ms
step:1356/3250 train_time:216.179s step_avg:159.42ms
step:1357/3250 train_time:216.341s step_avg:159.43ms
step:1358/3250 train_time:216.500s step_avg:159.43ms
step:1359/3250 train_time:216.661s step_avg:159.43ms
step:1360/3250 train_time:216.821s step_avg:159.43ms
step:1361/3250 train_time:216.983s step_avg:159.43ms
step:1362/3250 train_time:217.144s step_avg:159.43ms
step:1363/3250 train_time:217.306s step_avg:159.43ms
step:1364/3250 train_time:217.466s step_avg:159.43ms
step:1365/3250 train_time:217.627s step_avg:159.43ms
step:1366/3250 train_time:217.789s step_avg:159.44ms
step:1367/3250 train_time:217.951s step_avg:159.44ms
step:1368/3250 train_time:218.113s step_avg:159.44ms
step:1369/3250 train_time:218.273s step_avg:159.44ms
step:1370/3250 train_time:218.434s step_avg:159.44ms
step:1371/3250 train_time:218.595s step_avg:159.44ms
step:1372/3250 train_time:218.756s step_avg:159.44ms
step:1373/3250 train_time:218.918s step_avg:159.44ms
step:1374/3250 train_time:219.078s step_avg:159.45ms
step:1375/3250 train_time:219.238s step_avg:159.45ms
step:1375/3250 val_loss:3.56018 train_time:219.239s step_avg:161.68ms
probe_ema: n=84934656 align=-0.41024,-0.38086,-0.35457,-0.33149,-0.31112,-0.29253,-0.27445,-0.25537 rel_mse=1.06103,1.04455,1.03197,1.02261,1.01581,1.01097,1.00758,1.00522
step:1376/3250 train_time:219.403s step_avg:159.45ms
step:1377/3250 train_time:219.564s step_avg:159.45ms
step:1378/3250 train_time:219.725s step_avg:159.45ms
step:1379/3250 train_time:219.886s step_avg:159.45ms
step:1380/3250 train_time:220.046s step_avg:159.45ms
step:1381/3250 train_time:220.205s step_avg:159.45ms
step:1382/3250 train_time:220.367s step_avg:159.45ms
step:1383/3250 train_time:220.527s step_avg:159.46ms
step:1384/3250 train_time:220.691s step_avg:159.46ms
step:1385/3250 train_time:220.853s step_avg:159.46ms
step:1386/3250 train_time:221.014s step_avg:159.46ms
step:1387/3250 train_time:221.177s step_avg:159.46ms
step:1388/3250 train_time:221.338s step_avg:159.47ms
step:1389/3250 train_time:221.499s step_avg:159.47ms
step:1390/3250 train_time:221.660s step_avg:159.47ms
step:1391/3250 train_time:221.822s step_avg:159.47ms
step:1392/3250 train_time:221.985s step_avg:159.47ms
step:1393/3250 train_time:222.143s step_avg:159.47ms
step:1394/3250 train_time:222.303s step_avg:159.47ms
step:1395/3250 train_time:222.463s step_avg:159.47ms
step:1396/3250 train_time:222.623s step_avg:159.47ms
step:1397/3250 train_time:222.786s step_avg:159.47ms
step:1398/3250 train_time:222.946s step_avg:159.48ms
step:1399/3250 train_time:223.106s step_avg:159.48ms
step:1400/3250 train_time:223.266s step_avg:159.48ms
step:1401/3250 train_time:223.427s step_avg:159.48ms
step:1402/3250 train_time:223.590s step_avg:159.48ms
step:1403/3250 train_time:223.749s step_avg:159.48ms
step:1404/3250 train_time:223.910s step_avg:159.48ms
step:1405/3250 train_time:224.073s step_avg:159.48ms
step:1406/3250 train_time:224.234s step_avg:159.48ms
step:1407/3250 train_time:224.397s step_avg:159.49ms
step:1408/3250 train_time:224.558s step_avg:159.49ms
step:1409/3250 train_time:224.719s step_avg:159.49ms
step:1410/3250 train_time:224.880s step_avg:159.49ms
step:1411/3250 train_time:225.041s step_avg:159.49ms
step:1412/3250 train_time:225.204s step_avg:159.49ms
step:1413/3250 train_time:225.364s step_avg:159.49ms
step:1414/3250 train_time:225.524s step_avg:159.49ms
step:1415/3250 train_time:225.684s step_avg:159.49ms
step:1416/3250 train_time:225.844s step_avg:159.49ms
step:1417/3250 train_time:226.004s step_avg:159.49ms
step:1418/3250 train_time:226.164s step_avg:159.50ms
step:1419/3250 train_time:226.325s step_avg:159.50ms
step:1420/3250 train_time:226.484s step_avg:159.50ms
step:1421/3250 train_time:226.643s step_avg:159.50ms
step:1422/3250 train_time:226.804s step_avg:159.50ms
step:1423/3250 train_time:226.964s step_avg:159.50ms
step:1424/3250 train_time:227.126s step_avg:159.50ms
step:1425/3250 train_time:227.286s step_avg:159.50ms
step:1426/3250 train_time:227.447s step_avg:159.50ms
step:1427/3250 train_time:227.608s step_avg:159.50ms
step:1428/3250 train_time:227.769s step_avg:159.50ms
step:1429/3250 train_time:227.931s step_avg:159.50ms
step:1430/3250 train_time:228.092s step_avg:159.50ms
step:1431/3250 train_time:228.255s step_avg:159.51ms
step:1432/3250 train_time:228.417s step_avg:159.51ms
step:1433/3250 train_time:228.578s step_avg:159.51ms
step:1434/3250 train_time:228.740s step_avg:159.51ms
step:1435/3250 train_time:228.900s step_avg:159.51ms
step:1436/3250 train_time:229.061s step_avg:159.51ms
step:1437/3250 train_time:229.222s step_avg:159.51ms
step:1438/3250 train_time:229.384s step_avg:159.52ms
step:1439/3250 train_time:229.544s step_avg:159.52ms
step:1440/3250 train_time:229.705s step_avg:159.52ms
step:1441/3250 train_time:229.866s step_avg:159.52ms
step:1442/3250 train_time:230.031s step_avg:159.52ms
step:1443/3250 train_time:230.192s step_avg:159.52ms
step:1444/3250 train_time:230.355s step_avg:159.53ms
step:1445/3250 train_time:230.516s step_avg:159.53ms
step:1446/3250 train_time:230.679s step_avg:159.53ms
step:1447/3250 train_time:230.841s step_avg:159.53ms
step:1448/3250 train_time:231.001s step_avg:159.53ms
step:1449/3250 train_time:231.163s step_avg:159.53ms
step:1450/3250 train_time:231.325s step_avg:159.53ms
step:1451/3250 train_time:231.485s step_avg:159.53ms
step:1452/3250 train_time:231.647s step_avg:159.54ms
step:1453/3250 train_time:231.807s step_avg:159.54ms
step:1454/3250 train_time:231.970s step_avg:159.54ms
step:1455/3250 train_time:232.130s step_avg:159.54ms
step:1456/3250 train_time:232.291s step_avg:159.54ms
step:1457/3250 train_time:232.453s step_avg:159.54ms
step:1458/3250 train_time:232.615s step_avg:159.54ms
step:1459/3250 train_time:232.779s step_avg:159.55ms
step:1460/3250 train_time:232.939s step_avg:159.55ms
step:1461/3250 train_time:233.099s step_avg:159.55ms
step:1462/3250 train_time:233.261s step_avg:159.55ms
step:1463/3250 train_time:233.422s step_avg:159.55ms
step:1464/3250 train_time:233.583s step_avg:159.55ms
step:1465/3250 train_time:233.743s step_avg:159.55ms
step:1466/3250 train_time:233.904s step_avg:159.55ms
step:1467/3250 train_time:234.065s step_avg:159.55ms
step:1468/3250 train_time:234.226s step_avg:159.55ms
step:1469/3250 train_time:234.387s step_avg:159.56ms
step:1470/3250 train_time:234.547s step_avg:159.56ms
step:1471/3250 train_time:234.709s step_avg:159.56ms
step:1472/3250 train_time:234.871s step_avg:159.56ms
step:1473/3250 train_time:235.031s step_avg:159.56ms
step:1474/3250 train_time:235.193s step_avg:159.56ms
step:1475/3250 train_time:235.355s step_avg:159.56ms
step:1476/3250 train_time:235.516s step_avg:159.56ms
step:1477/3250 train_time:235.678s step_avg:159.57ms
step:1478/3250 train_time:235.840s step_avg:159.57ms
step:1479/3250 train_time:236.001s step_avg:159.57ms
step:1480/3250 train_time:236.163s step_avg:159.57ms
step:1481/3250 train_time:236.324s step_avg:159.57ms
step:1482/3250 train_time:236.485s step_avg:159.57ms
step:1483/3250 train_time:236.644s step_avg:159.57ms
step:1484/3250 train_time:236.806s step_avg:159.57ms
step:1485/3250 train_time:236.967s step_avg:159.57ms
step:1486/3250 train_time:237.128s step_avg:159.57ms
step:1487/3250 train_time:237.290s step_avg:159.58ms
step:1488/3250 train_time:237.451s step_avg:159.58ms
step:1489/3250 train_time:237.612s step_avg:159.58ms
step:1490/3250 train_time:237.774s step_avg:159.58ms
step:1491/3250 train_time:237.937s step_avg:159.58ms
step:1492/3250 train_time:238.098s step_avg:159.58ms
step:1493/3250 train_time:238.259s step_avg:159.58ms
step:1494/3250 train_time:238.420s step_avg:159.58ms
step:1495/3250 train_time:238.581s step_avg:159.59ms
step:1496/3250 train_time:238.742s step_avg:159.59ms
step:1497/3250 train_time:238.903s step_avg:159.59ms
step:1498/3250 train_time:239.064s step_avg:159.59ms
step:1499/3250 train_time:239.225s step_avg:159.59ms
step:1500/3250 train_time:239.386s step_avg:159.59ms
step:1500/3250 val_loss:3.52885 train_time:239.386s step_avg:161.18ms
probe_ema: n=84934656 align=-0.42558,-0.39540,-0.36671,-0.33985,-0.31492,-0.29172,-0.26965,-0.24759 rel_mse=1.05892,1.04181,1.02934,1.02043,1.01416,1.00977,1.00672,1.00461
step:1501/3250 train_time:239.550s step_avg:159.59ms
step:1502/3250 train_time:239.713s step_avg:159.60ms
step:1503/3250 train_time:239.876s step_avg:159.60ms
step:1504/3250 train_time:240.036s step_avg:159.60ms
step:1505/3250 train_time:240.198s step_avg:159.60ms
step:1506/3250 train_time:240.358s step_avg:159.60ms
step:1507/3250 train_time:240.521s step_avg:159.60ms
step:1508/3250 train_time:240.685s step_avg:159.61ms
step:1509/3250 train_time:240.846s step_avg:159.61ms
step:1510/3250 train_time:241.007s step_avg:159.61ms
step:1511/3250 train_time:241.168s step_avg:159.61ms
step:1512/3250 train_time:241.329s step_avg:159.61ms
step:1513/3250 train_time:241.491s step_avg:159.61ms
step:1514/3250 train_time:241.651s step_avg:159.61ms
step:1515/3250 train_time:241.812s step_avg:159.61ms
step:1516/3250 train_time:241.973s step_avg:159.61ms
step:1517/3250 train_time:242.134s step_avg:159.61ms
step:1518/3250 train_time:242.294s step_avg:159.61ms
step:1519/3250 train_time:242.454s step_avg:159.61ms
step:1520/3250 train_time:242.616s step_avg:159.62ms
step:1521/3250 train_time:242.833s step_avg:159.65ms
step:1522/3250 train_time:242.992s step_avg:159.65ms
step:1523/3250 train_time:243.152s step_avg:159.65ms
step:1524/3250 train_time:243.312s step_avg:159.65ms
step:1525/3250 train_time:243.476s step_avg:159.66ms
step:1526/3250 train_time:243.639s step_avg:159.66ms
step:1527/3250 train_time:243.801s step_avg:159.66ms
step:1528/3250 train_time:243.962s step_avg:159.66ms
step:1529/3250 train_time:244.124s step_avg:159.66ms
step:1530/3250 train_time:244.286s step_avg:159.66ms
step:1531/3250 train_time:244.448s step_avg:159.67ms
step:1532/3250 train_time:244.609s step_avg:159.67ms
step:1533/3250 train_time:244.769s step_avg:159.67ms
step:1534/3250 train_time:244.930s step_avg:159.67ms
step:1535/3250 train_time:245.091s step_avg:159.67ms
step:1536/3250 train_time:245.251s step_avg:159.67ms
step:1537/3250 train_time:245.411s step_avg:159.67ms
step:1538/3250 train_time:245.572s step_avg:159.67ms
step:1539/3250 train_time:245.732s step_avg:159.67ms
step:1540/3250 train_time:245.895s step_avg:159.67ms
step:1541/3250 train_time:246.056s step_avg:159.67ms
step:1542/3250 train_time:246.217s step_avg:159.67ms
step:1543/3250 train_time:246.379s step_avg:159.68ms
step:1544/3250 train_time:246.540s step_avg:159.68ms
step:1545/3250 train_time:246.701s step_avg:159.68ms
step:1546/3250 train_time:246.862s step_avg:159.68ms
step:1547/3250 train_time:247.025s step_avg:159.68ms
step:1548/3250 train_time:247.186s step_avg:159.68ms
step:1549/3250 train_time:247.347s step_avg:159.68ms
step:1550/3250 train_time:247.508s step_avg:159.68ms
step:1551/3250 train_time:247.669s step_avg:159.68ms
step:1552/3250 train_time:247.831s step_avg:159.68ms
step:1553/3250 train_time:247.992s step_avg:159.69ms
step:1554/3250 train_time:248.152s step_avg:159.69ms
step:1555/3250 train_time:248.313s step_avg:159.69ms
step:1556/3250 train_time:248.473s step_avg:159.69ms
step:1557/3250 train_time:248.635s step_avg:159.69ms
step:1558/3250 train_time:248.795s step_avg:159.69ms
step:1559/3250 train_time:248.956s step_avg:159.69ms
step:1560/3250 train_time:249.118s step_avg:159.69ms
step:1561/3250 train_time:249.283s step_avg:159.69ms
step:1562/3250 train_time:249.445s step_avg:159.70ms
step:1563/3250 train_time:249.607s step_avg:159.70ms
step:1564/3250 train_time:249.769s step_avg:159.70ms
step:1565/3250 train_time:249.932s step_avg:159.70ms
step:1566/3250 train_time:250.092s step_avg:159.70ms
step:1567/3250 train_time:250.254s step_avg:159.70ms
step:1568/3250 train_time:250.416s step_avg:159.70ms
step:1569/3250 train_time:250.577s step_avg:159.71ms
step:1570/3250 train_time:250.738s step_avg:159.71ms
step:1571/3250 train_time:250.897s step_avg:159.71ms
step:1572/3250 train_time:251.057s step_avg:159.71ms
step:1573/3250 train_time:251.219s step_avg:159.71ms
step:1574/3250 train_time:251.380s step_avg:159.71ms
step:1575/3250 train_time:251.540s step_avg:159.71ms
step:1576/3250 train_time:251.702s step_avg:159.71ms
step:1577/3250 train_time:251.864s step_avg:159.71ms
step:1578/3250 train_time:252.026s step_avg:159.71ms
step:1579/3250 train_time:252.187s step_avg:159.71ms
step:1580/3250 train_time:252.347s step_avg:159.71ms
step:1581/3250 train_time:252.509s step_avg:159.71ms
step:1582/3250 train_time:252.670s step_avg:159.72ms
step:1583/3250 train_time:252.831s step_avg:159.72ms
step:1584/3250 train_time:252.991s step_avg:159.72ms
step:1585/3250 train_time:253.151s step_avg:159.72ms
step:1586/3250 train_time:253.311s step_avg:159.72ms
step:1587/3250 train_time:253.471s step_avg:159.72ms
step:1588/3250 train_time:253.630s step_avg:159.72ms
step:1589/3250 train_time:253.792s step_avg:159.72ms
step:1590/3250 train_time:253.953s step_avg:159.72ms
step:1591/3250 train_time:254.112s step_avg:159.72ms
step:1592/3250 train_time:254.273s step_avg:159.72ms
step:1593/3250 train_time:254.433s step_avg:159.72ms
step:1594/3250 train_time:254.593s step_avg:159.72ms
step:1595/3250 train_time:254.754s step_avg:159.72ms
step:1596/3250 train_time:254.915s step_avg:159.72ms
step:1597/3250 train_time:255.076s step_avg:159.72ms
step:1598/3250 train_time:255.239s step_avg:159.72ms
step:1599/3250 train_time:255.402s step_avg:159.73ms
step:1600/3250 train_time:255.562s step_avg:159.73ms
step:1601/3250 train_time:255.724s step_avg:159.73ms
step:1602/3250 train_time:255.886s step_avg:159.73ms
step:1603/3250 train_time:256.046s step_avg:159.73ms
step:1604/3250 train_time:256.207s step_avg:159.73ms
step:1605/3250 train_time:256.368s step_avg:159.73ms
step:1606/3250 train_time:256.529s step_avg:159.73ms
step:1607/3250 train_time:256.691s step_avg:159.73ms
step:1608/3250 train_time:256.850s step_avg:159.73ms
step:1609/3250 train_time:257.011s step_avg:159.73ms
step:1610/3250 train_time:257.171s step_avg:159.73ms
step:1611/3250 train_time:257.332s step_avg:159.73ms
step:1612/3250 train_time:257.493s step_avg:159.73ms
step:1613/3250 train_time:257.652s step_avg:159.73ms
step:1614/3250 train_time:257.813s step_avg:159.74ms
step:1615/3250 train_time:257.972s step_avg:159.74ms
step:1616/3250 train_time:258.133s step_avg:159.74ms
step:1617/3250 train_time:258.295s step_avg:159.74ms
step:1618/3250 train_time:258.457s step_avg:159.74ms
step:1619/3250 train_time:258.619s step_avg:159.74ms
step:1620/3250 train_time:258.780s step_avg:159.74ms
step:1621/3250 train_time:258.943s step_avg:159.74ms
step:1622/3250 train_time:259.104s step_avg:159.74ms
step:1623/3250 train_time:259.265s step_avg:159.74ms
step:1624/3250 train_time:259.427s step_avg:159.75ms
step:1625/3250 train_time:259.588s step_avg:159.75ms
step:1625/3250 val_loss:3.50622 train_time:259.589s step_avg:161.62ms
probe_ema: n=84934656 align=-0.38387,-0.35306,-0.32565,-0.30073,-0.27708,-0.25406,-0.23099,-0.20659 rel_mse=1.05477,1.03896,1.02750,1.01929,1.01343,1.00926,1.00631,1.00423
step:1626/3250 train_time:259.755s step_avg:159.75ms
step:1627/3250 train_time:259.914s step_avg:159.75ms
step:1628/3250 train_time:260.076s step_avg:159.75ms
step:1629/3250 train_time:260.237s step_avg:159.75ms
step:1630/3250 train_time:260.398s step_avg:159.75ms
step:1631/3250 train_time:260.559s step_avg:159.75ms
step:1632/3250 train_time:260.722s step_avg:159.76ms
step:1633/3250 train_time:260.883s step_avg:159.76ms
step:1634/3250 train_time:261.043s step_avg:159.76ms
step:1635/3250 train_time:261.204s step_avg:159.76ms
step:1636/3250 train_time:261.366s step_avg:159.76ms
step:1637/3250 train_time:261.526s step_avg:159.76ms
step:1638/3250 train_time:261.689s step_avg:159.76ms
step:1639/3250 train_time:261.850s step_avg:159.76ms
step:1640/3250 train_time:262.012s step_avg:159.76ms
step:1641/3250 train_time:262.174s step_avg:159.76ms
step:1642/3250 train_time:262.334s step_avg:159.76ms
step:1643/3250 train_time:262.494s step_avg:159.77ms
step:1644/3250 train_time:262.655s step_avg:159.77ms
step:1645/3250 train_time:262.816s step_avg:159.77ms
step:1646/3250 train_time:262.977s step_avg:159.77ms
step:1647/3250 train_time:263.137s step_avg:159.77ms
step:1648/3250 train_time:263.296s step_avg:159.77ms
step:1649/3250 train_time:263.456s step_avg:159.77ms
step:1650/3250 train_time:263.617s step_avg:159.77ms
step:1651/3250 train_time:263.778s step_avg:159.77ms
step:1652/3250 train_time:263.938s step_avg:159.77ms
step:1653/3250 train_time:264.100s step_avg:159.77ms
step:1654/3250 train_time:264.259s step_avg:159.77ms
step:1655/3250 train_time:264.421s step_avg:159.77ms
step:1656/3250 train_time:264.583s step_avg:159.77ms
step:1657/3250 train_time:264.742s step_avg:159.77ms
step:1658/3250 train_time:264.902s step_avg:159.77ms
step:1659/3250 train_time:265.063s step_avg:159.77ms
step:1660/3250 train_time:265.225s step_avg:159.77ms
step:1661/3250 train_time:265.386s step_avg:159.78ms
step:1662/3250 train_time:265.549s step_avg:159.78ms
step:1663/3250 train_time:265.710s step_avg:159.78ms
step:1664/3250 train_time:265.871s step_avg:159.78ms
step:1665/3250 train_time:266.032s step_avg:159.78ms
step:1666/3250 train_time:266.194s step_avg:159.78ms
step:1667/3250 train_time:266.354s step_avg:159.78ms
step:1668/3250 train_time:266.514s step_avg:159.78ms
step:1669/3250 train_time:266.675s step_avg:159.78ms
step:1670/3250 train_time:266.835s step_avg:159.78ms
step:1671/3250 train_time:266.995s step_avg:159.78ms
step:1672/3250 train_time:267.156s step_avg:159.78ms
step:1673/3250 train_time:267.317s step_avg:159.78ms
step:1674/3250 train_time:267.477s step_avg:159.78ms
step:1675/3250 train_time:267.638s step_avg:159.78ms
step:1676/3250 train_time:267.798s step_avg:159.78ms
step:1677/3250 train_time:267.960s step_avg:159.79ms
step:1678/3250 train_time:268.120s step_avg:159.79ms
step:1679/3250 train_time:268.281s step_avg:159.79ms
step:1680/3250 train_time:268.443s step_avg:159.79ms
step:1681/3250 train_time:268.602s step_avg:159.79ms
step:1682/3250 train_time:268.764s step_avg:159.79ms
step:1683/3250 train_time:268.926s step_avg:159.79ms
step:1684/3250 train_time:269.087s step_avg:159.79ms
step:1685/3250 train_time:269.250s step_avg:159.79ms
step:1686/3250 train_time:269.410s step_avg:159.79ms
step:1687/3250 train_time:269.571s step_avg:159.79ms
step:1688/3250 train_time:269.732s step_avg:159.79ms
step:1689/3250 train_time:269.893s step_avg:159.79ms
step:1690/3250 train_time:270.054s step_avg:159.80ms
step:1691/3250 train_time:270.214s step_avg:159.80ms
step:1692/3250 train_time:270.376s step_avg:159.80ms
step:1693/3250 train_time:270.536s step_avg:159.80ms
step:1694/3250 train_time:270.696s step_avg:159.80ms
step:1695/3250 train_time:270.858s step_avg:159.80ms
step:1696/3250 train_time:271.017s step_avg:159.80ms
step:1697/3250 train_time:271.177s step_avg:159.80ms
step:1698/3250 train_time:271.337s step_avg:159.80ms
step:1699/3250 train_time:271.497s step_avg:159.80ms
step:1700/3250 train_time:271.659s step_avg:159.80ms
step:1701/3250 train_time:271.821s step_avg:159.80ms
step:1702/3250 train_time:271.983s step_avg:159.80ms
step:1703/3250 train_time:272.145s step_avg:159.80ms
step:1704/3250 train_time:272.304s step_avg:159.80ms
step:1705/3250 train_time:272.465s step_avg:159.80ms
step:1706/3250 train_time:272.627s step_avg:159.80ms
step:1707/3250 train_time:272.790s step_avg:159.81ms
step:1708/3250 train_time:272.950s step_avg:159.81ms
step:1709/3250 train_time:273.111s step_avg:159.81ms
step:1710/3250 train_time:273.272s step_avg:159.81ms
step:1711/3250 train_time:273.493s step_avg:159.84ms
step:1712/3250 train_time:273.654s step_avg:159.84ms
step:1713/3250 train_time:273.814s step_avg:159.84ms
step:1714/3250 train_time:273.975s step_avg:159.85ms
step:1715/3250 train_time:274.134s step_avg:159.85ms
step:1716/3250 train_time:274.295s step_avg:159.85ms
step:1717/3250 train_time:274.455s step_avg:159.85ms
step:1718/3250 train_time:274.616s step_avg:159.85ms
step:1719/3250 train_time:274.776s step_avg:159.85ms
step:1720/3250 train_time:274.936s step_avg:159.85ms
step:1721/3250 train_time:275.096s step_avg:159.85ms
step:1722/3250 train_time:275.258s step_avg:159.85ms
step:1723/3250 train_time:275.418s step_avg:159.85ms
step:1724/3250 train_time:275.579s step_avg:159.85ms
step:1725/3250 train_time:275.739s step_avg:159.85ms
step:1726/3250 train_time:275.901s step_avg:159.85ms
step:1727/3250 train_time:276.061s step_avg:159.85ms
step:1728/3250 train_time:276.224s step_avg:159.85ms
step:1729/3250 train_time:276.386s step_avg:159.85ms
step:1730/3250 train_time:276.548s step_avg:159.85ms
step:1731/3250 train_time:276.710s step_avg:159.86ms
step:1732/3250 train_time:276.871s step_avg:159.86ms
step:1733/3250 train_time:277.033s step_avg:159.86ms
step:1734/3250 train_time:277.193s step_avg:159.86ms
step:1735/3250 train_time:277.353s step_avg:159.86ms
step:1736/3250 train_time:277.518s step_avg:159.86ms
step:1737/3250 train_time:277.680s step_avg:159.86ms
step:1738/3250 train_time:277.840s step_avg:159.86ms
step:1739/3250 train_time:278.001s step_avg:159.86ms
step:1740/3250 train_time:278.163s step_avg:159.86ms
step:1741/3250 train_time:278.322s step_avg:159.86ms
step:1742/3250 train_time:278.484s step_avg:159.86ms
step:1743/3250 train_time:278.647s step_avg:159.87ms
step:1744/3250 train_time:278.808s step_avg:159.87ms
step:1745/3250 train_time:278.971s step_avg:159.87ms
step:1746/3250 train_time:279.131s step_avg:159.87ms
step:1747/3250 train_time:279.292s step_avg:159.87ms
step:1748/3250 train_time:279.453s step_avg:159.87ms
step:1749/3250 train_time:279.614s step_avg:159.87ms
step:1750/3250 train_time:279.776s step_avg:159.87ms
step:1750/3250 val_loss:3.48133 train_time:279.776s step_avg:161.50ms
probe_ema: n=84934656 align=-0.38402,-0.35995,-0.33701,-0.31551,-0.29532,-0.27614,-0.25764,-0.23920 rel_mse=1.06006,1.04306,1.03055,1.02152,1.01508,1.01052,1.00730,1.00504
step:1751/3250 train_time:279.941s step_avg:159.87ms
step:1752/3250 train_time:280.103s step_avg:159.88ms
step:1753/3250 train_time:280.262s step_avg:159.88ms
step:1754/3250 train_time:280.423s step_avg:159.88ms
step:1755/3250 train_time:280.583s step_avg:159.88ms
step:1756/3250 train_time:280.742s step_avg:159.88ms
step:1757/3250 train_time:280.904s step_avg:159.88ms
step:1758/3250 train_time:281.064s step_avg:159.88ms
step:1759/3250 train_time:281.226s step_avg:159.88ms
step:1760/3250 train_time:281.387s step_avg:159.88ms
step:1761/3250 train_time:281.547s step_avg:159.88ms
step:1762/3250 train_time:281.708s step_avg:159.88ms
step:1763/3250 train_time:281.869s step_avg:159.88ms
step:1764/3250 train_time:282.030s step_avg:159.88ms
step:1765/3250 train_time:282.192s step_avg:159.88ms
step:1766/3250 train_time:282.352s step_avg:159.88ms
step:1767/3250 train_time:282.512s step_avg:159.88ms
step:1768/3250 train_time:282.674s step_avg:159.88ms
step:1769/3250 train_time:282.835s step_avg:159.88ms
step:1770/3250 train_time:282.997s step_avg:159.89ms
step:1771/3250 train_time:283.158s step_avg:159.89ms
step:1772/3250 train_time:283.319s step_avg:159.89ms
step:1773/3250 train_time:283.479s step_avg:159.89ms
step:1774/3250 train_time:283.639s step_avg:159.89ms
step:1775/3250 train_time:283.800s step_avg:159.89ms
step:1776/3250 train_time:283.960s step_avg:159.89ms
step:1777/3250 train_time:284.122s step_avg:159.89ms
step:1778/3250 train_time:284.282s step_avg:159.89ms
step:1779/3250 train_time:284.442s step_avg:159.89ms
step:1780/3250 train_time:284.603s step_avg:159.89ms
step:1781/3250 train_time:284.763s step_avg:159.89ms
step:1782/3250 train_time:284.924s step_avg:159.89ms
step:1783/3250 train_time:285.084s step_avg:159.89ms
step:1784/3250 train_time:285.245s step_avg:159.89ms
step:1785/3250 train_time:285.407s step_avg:159.89ms
step:1786/3250 train_time:285.570s step_avg:159.89ms
step:1787/3250 train_time:285.733s step_avg:159.90ms
step:1788/3250 train_time:285.895s step_avg:159.90ms
step:1789/3250 train_time:286.055s step_avg:159.90ms
step:1790/3250 train_time:286.217s step_avg:159.90ms
step:1791/3250 train_time:286.378s step_avg:159.90ms
step:1792/3250 train_time:286.539s step_avg:159.90ms
step:1793/3250 train_time:286.700s step_avg:159.90ms
step:1794/3250 train_time:286.861s step_avg:159.90ms
step:1795/3250 train_time:287.022s step_avg:159.90ms
step:1796/3250 train_time:287.182s step_avg:159.90ms
step:1797/3250 train_time:287.341s step_avg:159.90ms
step:1798/3250 train_time:287.502s step_avg:159.90ms
step:1799/3250 train_time:287.663s step_avg:159.90ms
step:1800/3250 train_time:287.824s step_avg:159.90ms
step:1801/3250 train_time:287.985s step_avg:159.90ms
step:1802/3250 train_time:288.148s step_avg:159.90ms
step:1803/3250 train_time:288.308s step_avg:159.90ms
step:1804/3250 train_time:288.470s step_avg:159.91ms
step:1805/3250 train_time:288.633s step_avg:159.91ms
step:1806/3250 train_time:288.794s step_avg:159.91ms
step:1807/3250 train_time:288.955s step_avg:159.91ms
step:1808/3250 train_time:289.116s step_avg:159.91ms
step:1809/3250 train_time:289.276s step_avg:159.91ms
step:1810/3250 train_time:289.438s step_avg:159.91ms
step:1811/3250 train_time:289.599s step_avg:159.91ms
step:1812/3250 train_time:289.760s step_avg:159.91ms
step:1813/3250 train_time:289.921s step_avg:159.91ms
step:1814/3250 train_time:290.081s step_avg:159.91ms
step:1815/3250 train_time:290.242s step_avg:159.91ms
step:1816/3250 train_time:290.402s step_avg:159.91ms
step:1817/3250 train_time:290.561s step_avg:159.91ms
step:1818/3250 train_time:290.723s step_avg:159.91ms
step:1819/3250 train_time:290.882s step_avg:159.91ms
step:1820/3250 train_time:291.042s step_avg:159.91ms
step:1821/3250 train_time:291.203s step_avg:159.91ms
step:1822/3250 train_time:291.363s step_avg:159.91ms
step:1823/3250 train_time:291.525s step_avg:159.91ms
step:1824/3250 train_time:291.685s step_avg:159.91ms
step:1825/3250 train_time:291.845s step_avg:159.92ms
step:1826/3250 train_time:292.007s step_avg:159.92ms
step:1827/3250 train_time:292.168s step_avg:159.92ms
step:1828/3250 train_time:292.329s step_avg:159.92ms
step:1829/3250 train_time:292.490s step_avg:159.92ms
step:1830/3250 train_time:292.651s step_avg:159.92ms
step:1831/3250 train_time:292.814s step_avg:159.92ms
step:1832/3250 train_time:292.974s step_avg:159.92ms
step:1833/3250 train_time:293.136s step_avg:159.92ms
step:1834/3250 train_time:293.296s step_avg:159.92ms
step:1835/3250 train_time:293.457s step_avg:159.92ms
step:1836/3250 train_time:293.619s step_avg:159.92ms
step:1837/3250 train_time:293.780s step_avg:159.92ms
step:1838/3250 train_time:293.940s step_avg:159.92ms
step:1839/3250 train_time:294.100s step_avg:159.92ms
step:1840/3250 train_time:294.261s step_avg:159.92ms
step:1841/3250 train_time:294.423s step_avg:159.93ms
step:1842/3250 train_time:294.584s step_avg:159.93ms
step:1843/3250 train_time:294.744s step_avg:159.93ms
step:1844/3250 train_time:294.903s step_avg:159.93ms
step:1845/3250 train_time:295.065s step_avg:159.93ms
step:1846/3250 train_time:295.226s step_avg:159.93ms
step:1847/3250 train_time:295.387s step_avg:159.93ms
step:1848/3250 train_time:295.548s step_avg:159.93ms
step:1849/3250 train_time:295.709s step_avg:159.93ms
step:1850/3250 train_time:295.871s step_avg:159.93ms
step:1851/3250 train_time:296.033s step_avg:159.93ms
step:1852/3250 train_time:296.196s step_avg:159.93ms
step:1853/3250 train_time:296.356s step_avg:159.93ms
step:1854/3250 train_time:296.517s step_avg:159.93ms
step:1855/3250 train_time:296.680s step_avg:159.94ms
step:1856/3250 train_time:296.841s step_avg:159.94ms
step:1857/3250 train_time:297.002s step_avg:159.94ms
step:1858/3250 train_time:297.162s step_avg:159.94ms
step:1859/3250 train_time:297.323s step_avg:159.94ms
step:1860/3250 train_time:297.484s step_avg:159.94ms
step:1861/3250 train_time:297.644s step_avg:159.94ms
step:1862/3250 train_time:297.805s step_avg:159.94ms
step:1863/3250 train_time:297.966s step_avg:159.94ms
step:1864/3250 train_time:298.126s step_avg:159.94ms
step:1865/3250 train_time:298.286s step_avg:159.94ms
step:1866/3250 train_time:298.447s step_avg:159.94ms
step:1867/3250 train_time:298.607s step_avg:159.94ms
step:1868/3250 train_time:298.768s step_avg:159.94ms
step:1869/3250 train_time:298.929s step_avg:159.94ms
step:1870/3250 train_time:299.091s step_avg:159.94ms
step:1871/3250 train_time:299.251s step_avg:159.94ms
step:1872/3250 train_time:299.415s step_avg:159.94ms
step:1873/3250 train_time:299.575s step_avg:159.94ms
step:1874/3250 train_time:299.738s step_avg:159.95ms
step:1875/3250 train_time:299.898s step_avg:159.95ms
step:1875/3250 val_loss:3.46033 train_time:299.898s step_avg:160.98ms
probe_ema: n=84934656 align=-0.39897,-0.37445,-0.35040,-0.32752,-0.30607,-0.28579,-0.26622,-0.24675 rel_mse=1.06620,1.04722,1.03331,1.02332,1.01624,1.01126,1.00778,1.00535
step:1876/3250 train_time:300.064s step_avg:159.95ms
step:1877/3250 train_time:300.224s step_avg:159.95ms
step:1878/3250 train_time:300.385s step_avg:159.95ms
step:1879/3250 train_time:300.546s step_avg:159.95ms
step:1880/3250 train_time:300.707s step_avg:159.95ms
step:1881/3250 train_time:300.869s step_avg:159.95ms
step:1882/3250 train_time:301.030s step_avg:159.95ms
step:1883/3250 train_time:301.190s step_avg:159.95ms
step:1884/3250 train_time:301.352s step_avg:159.95ms
step:1885/3250 train_time:301.514s step_avg:159.95ms
step:1886/3250 train_time:301.676s step_avg:159.96ms
step:1887/3250 train_time:301.837s step_avg:159.96ms
step:1888/3250 train_time:301.999s step_avg:159.96ms
step:1889/3250 train_time:302.162s step_avg:159.96ms
step:1890/3250 train_time:302.321s step_avg:159.96ms
step:1891/3250 train_time:302.483s step_avg:159.96ms
step:1892/3250 train_time:302.643s step_avg:159.96ms
step:1893/3250 train_time:302.804s step_avg:159.96ms
step:1894/3250 train_time:302.965s step_avg:159.96ms
step:1895/3250 train_time:303.125s step_avg:159.96ms
step:1896/3250 train_time:303.285s step_avg:159.96ms
step:1897/3250 train_time:303.446s step_avg:159.96ms
step:1898/3250 train_time:303.607s step_avg:159.96ms
step:1899/3250 train_time:303.770s step_avg:159.96ms
step:1900/3250 train_time:303.932s step_avg:159.96ms
step:1901/3250 train_time:304.154s step_avg:160.00ms
step:1902/3250 train_time:304.316s step_avg:160.00ms
step:1903/3250 train_time:304.479s step_avg:160.00ms
step:1904/3250 train_time:304.640s step_avg:160.00ms
step:1905/3250 train_time:304.801s step_avg:160.00ms
step:1906/3250 train_time:304.961s step_avg:160.00ms
step:1907/3250 train_time:305.122s step_avg:160.00ms
step:1908/3250 train_time:305.283s step_avg:160.00ms
step:1909/3250 train_time:305.443s step_avg:160.00ms
step:1910/3250 train_time:305.607s step_avg:160.00ms
step:1911/3250 train_time:305.769s step_avg:160.00ms
step:1912/3250 train_time:305.930s step_avg:160.01ms
step:1913/3250 train_time:306.091s step_avg:160.01ms
step:1914/3250 train_time:306.253s step_avg:160.01ms
step:1915/3250 train_time:306.415s step_avg:160.01ms
step:1916/3250 train_time:306.577s step_avg:160.01ms
step:1917/3250 train_time:306.738s step_avg:160.01ms
step:1918/3250 train_time:306.899s step_avg:160.01ms
step:1919/3250 train_time:307.063s step_avg:160.01ms
step:1920/3250 train_time:307.224s step_avg:160.01ms
step:1921/3250 train_time:307.383s step_avg:160.01ms
step:1922/3250 train_time:307.544s step_avg:160.01ms
step:1923/3250 train_time:307.704s step_avg:160.01ms
step:1924/3250 train_time:307.865s step_avg:160.01ms
step:1925/3250 train_time:308.025s step_avg:160.01ms
step:1926/3250 train_time:308.186s step_avg:160.01ms
step:1927/3250 train_time:308.347s step_avg:160.01ms
step:1928/3250 train_time:308.507s step_avg:160.01ms
step:1929/3250 train_time:308.669s step_avg:160.02ms
step:1930/3250 train_time:308.831s step_avg:160.02ms
step:1931/3250 train_time:308.992s step_avg:160.02ms
step:1932/3250 train_time:309.157s step_avg:160.02ms
step:1933/3250 train_time:309.318s step_avg:160.02ms
step:1934/3250 train_time:309.478s step_avg:160.02ms
step:1935/3250 train_time:309.640s step_avg:160.02ms
step:1936/3250 train_time:309.800s step_avg:160.02ms
step:1937/3250 train_time:309.962s step_avg:160.02ms
step:1938/3250 train_time:310.123s step_avg:160.02ms
step:1939/3250 train_time:310.282s step_avg:160.02ms
step:1940/3250 train_time:310.444s step_avg:160.02ms
step:1941/3250 train_time:310.603s step_avg:160.02ms
step:1942/3250 train_time:310.764s step_avg:160.02ms
step:1943/3250 train_time:310.924s step_avg:160.02ms
step:1944/3250 train_time:311.083s step_avg:160.02ms
step:1945/3250 train_time:311.243s step_avg:160.02ms
step:1946/3250 train_time:311.403s step_avg:160.02ms
step:1947/3250 train_time:311.564s step_avg:160.02ms
step:1948/3250 train_time:311.724s step_avg:160.02ms
step:1949/3250 train_time:311.884s step_avg:160.02ms
step:1950/3250 train_time:312.044s step_avg:160.02ms
step:1951/3250 train_time:312.204s step_avg:160.02ms
step:1952/3250 train_time:312.365s step_avg:160.02ms
step:1953/3250 train_time:312.525s step_avg:160.02ms
step:1954/3250 train_time:312.684s step_avg:160.02ms
step:1955/3250 train_time:312.844s step_avg:160.02ms
step:1956/3250 train_time:313.004s step_avg:160.02ms
step:1957/3250 train_time:313.166s step_avg:160.02ms
step:1958/3250 train_time:313.325s step_avg:160.02ms
step:1959/3250 train_time:313.486s step_avg:160.02ms
step:1960/3250 train_time:313.646s step_avg:160.02ms
step:1961/3250 train_time:313.809s step_avg:160.03ms
step:1962/3250 train_time:313.972s step_avg:160.03ms
step:1963/3250 train_time:314.133s step_avg:160.03ms
step:1964/3250 train_time:314.294s step_avg:160.03ms
step:1965/3250 train_time:314.461s step_avg:160.03ms
step:1966/3250 train_time:314.621s step_avg:160.03ms
step:1967/3250 train_time:314.782s step_avg:160.03ms
step:1968/3250 train_time:314.943s step_avg:160.03ms
step:1969/3250 train_time:315.103s step_avg:160.03ms
step:1970/3250 train_time:315.264s step_avg:160.03ms
step:1971/3250 train_time:315.425s step_avg:160.03ms
step:1972/3250 train_time:315.587s step_avg:160.03ms
step:1973/3250 train_time:315.746s step_avg:160.03ms
step:1974/3250 train_time:315.906s step_avg:160.03ms
step:1975/3250 train_time:316.067s step_avg:160.03ms
step:1976/3250 train_time:316.228s step_avg:160.03ms
step:1977/3250 train_time:316.389s step_avg:160.03ms
step:1978/3250 train_time:316.550s step_avg:160.04ms
step:1979/3250 train_time:316.712s step_avg:160.04ms
step:1980/3250 train_time:316.872s step_avg:160.04ms
step:1981/3250 train_time:317.036s step_avg:160.04ms
step:1982/3250 train_time:317.197s step_avg:160.04ms
step:1983/3250 train_time:317.359s step_avg:160.04ms
step:1984/3250 train_time:317.520s step_avg:160.04ms
step:1985/3250 train_time:317.681s step_avg:160.04ms
step:1986/3250 train_time:317.842s step_avg:160.04ms
step:1987/3250 train_time:318.003s step_avg:160.04ms
step:1988/3250 train_time:318.165s step_avg:160.04ms
step:1989/3250 train_time:318.324s step_avg:160.04ms
step:1990/3250 train_time:318.484s step_avg:160.04ms
step:1991/3250 train_time:318.644s step_avg:160.04ms
step:1992/3250 train_time:318.804s step_avg:160.04ms
step:1993/3250 train_time:318.964s step_avg:160.04ms
step:1994/3250 train_time:319.126s step_avg:160.04ms
step:1995/3250 train_time:319.288s step_avg:160.04ms
step:1996/3250 train_time:319.449s step_avg:160.04ms
step:1997/3250 train_time:319.609s step_avg:160.04ms
step:1998/3250 train_time:319.772s step_avg:160.05ms
step:1999/3250 train_time:319.934s step_avg:160.05ms
step:2000/3250 train_time:320.096s step_avg:160.05ms
step:2000/3250 val_loss:3.43980 train_time:320.096s step_avg:161.58ms
probe_ema: n=84934656 align=-0.35129,-0.32825,-0.30633,-0.28557,-0.26590,-0.24678,-0.22727,-0.20628 rel_mse=1.06038,1.04335,1.03085,1.02178,1.01524,1.01056,1.00723,1.00488
step:2001/3250 train_time:320.261s step_avg:160.05ms
step:2002/3250 train_time:320.425s step_avg:160.05ms
step:2003/3250 train_time:320.589s step_avg:160.05ms
step:2004/3250 train_time:320.751s step_avg:160.06ms
step:2005/3250 train_time:320.910s step_avg:160.05ms
step:2006/3250 train_time:321.071s step_avg:160.06ms
step:2007/3250 train_time:321.232s step_avg:160.06ms
step:2008/3250 train_time:321.391s step_avg:160.06ms
step:2009/3250 train_time:321.553s step_avg:160.06ms
step:2010/3250 train_time:321.715s step_avg:160.06ms
step:2011/3250 train_time:321.877s step_avg:160.06ms
step:2012/3250 train_time:322.039s step_avg:160.06ms
step:2013/3250 train_time:322.200s step_avg:160.06ms
step:2014/3250 train_time:322.361s step_avg:160.06ms
step:2015/3250 train_time:322.524s step_avg:160.06ms
step:2016/3250 train_time:322.685s step_avg:160.06ms
step:2017/3250 train_time:322.846s step_avg:160.06ms
step:2018/3250 train_time:323.005s step_avg:160.06ms
step:2019/3250 train_time:323.165s step_avg:160.06ms
step:2020/3250 train_time:323.326s step_avg:160.06ms
step:2021/3250 train_time:323.485s step_avg:160.06ms
step:2022/3250 train_time:323.647s step_avg:160.06ms
step:2023/3250 train_time:323.808s step_avg:160.06ms
step:2024/3250 train_time:323.967s step_avg:160.06ms
step:2025/3250 train_time:324.127s step_avg:160.06ms
step:2026/3250 train_time:324.288s step_avg:160.06ms
step:2027/3250 train_time:324.448s step_avg:160.06ms
step:2028/3250 train_time:324.609s step_avg:160.06ms
step:2029/3250 train_time:324.770s step_avg:160.06ms
step:2030/3250 train_time:324.930s step_avg:160.06ms
step:2031/3250 train_time:325.090s step_avg:160.06ms
step:2032/3250 train_time:325.251s step_avg:160.06ms
step:2033/3250 train_time:325.413s step_avg:160.07ms
step:2034/3250 train_time:325.574s step_avg:160.07ms
step:2035/3250 train_time:325.734s step_avg:160.07ms
step:2036/3250 train_time:325.896s step_avg:160.07ms
step:2037/3250 train_time:326.058s step_avg:160.07ms
step:2038/3250 train_time:326.221s step_avg:160.07ms
step:2039/3250 train_time:326.382s step_avg:160.07ms
step:2040/3250 train_time:326.542s step_avg:160.07ms
step:2041/3250 train_time:326.704s step_avg:160.07ms
step:2042/3250 train_time:326.864s step_avg:160.07ms
step:2043/3250 train_time:327.026s step_avg:160.07ms
step:2044/3250 train_time:327.187s step_avg:160.07ms
step:2045/3250 train_time:327.348s step_avg:160.07ms
step:2046/3250 train_time:327.508s step_avg:160.07ms
step:2047/3250 train_time:327.668s step_avg:160.07ms
step:2048/3250 train_time:327.829s step_avg:160.07ms
step:2049/3250 train_time:327.992s step_avg:160.07ms
step:2050/3250 train_time:328.154s step_avg:160.07ms
step:2051/3250 train_time:328.315s step_avg:160.08ms
step:2052/3250 train_time:328.477s step_avg:160.08ms
step:2053/3250 train_time:328.640s step_avg:160.08ms
step:2054/3250 train_time:328.802s step_avg:160.08ms
step:2055/3250 train_time:328.963s step_avg:160.08ms
step:2056/3250 train_time:329.124s step_avg:160.08ms
step:2057/3250 train_time:329.284s step_avg:160.08ms
step:2058/3250 train_time:329.445s step_avg:160.08ms
step:2059/3250 train_time:329.607s step_avg:160.08ms
step:2060/3250 train_time:329.767s step_avg:160.08ms
step:2061/3250 train_time:329.928s step_avg:160.08ms
step:2062/3250 train_time:330.089s step_avg:160.08ms
step:2063/3250 train_time:330.249s step_avg:160.08ms
step:2064/3250 train_time:330.410s step_avg:160.08ms
step:2065/3250 train_time:330.572s step_avg:160.08ms
step:2066/3250 train_time:330.731s step_avg:160.08ms
step:2067/3250 train_time:330.894s step_avg:160.08ms
step:2068/3250 train_time:331.055s step_avg:160.08ms
step:2069/3250 train_time:331.217s step_avg:160.09ms
step:2070/3250 train_time:331.380s step_avg:160.09ms
step:2071/3250 train_time:331.542s step_avg:160.09ms
step:2072/3250 train_time:331.704s step_avg:160.09ms
step:2073/3250 train_time:331.865s step_avg:160.09ms
step:2074/3250 train_time:332.025s step_avg:160.09ms
step:2075/3250 train_time:332.185s step_avg:160.09ms
step:2076/3250 train_time:332.345s step_avg:160.09ms
step:2077/3250 train_time:332.506s step_avg:160.09ms
step:2078/3250 train_time:332.667s step_avg:160.09ms
step:2079/3250 train_time:332.828s step_avg:160.09ms
step:2080/3250 train_time:332.988s step_avg:160.09ms
step:2081/3250 train_time:333.151s step_avg:160.09ms
step:2082/3250 train_time:333.313s step_avg:160.09ms
step:2083/3250 train_time:333.475s step_avg:160.09ms
step:2084/3250 train_time:333.636s step_avg:160.09ms
step:2085/3250 train_time:333.798s step_avg:160.10ms
step:2086/3250 train_time:333.959s step_avg:160.10ms
step:2087/3250 train_time:334.122s step_avg:160.10ms
step:2088/3250 train_time:334.284s step_avg:160.10ms
step:2089/3250 train_time:334.444s step_avg:160.10ms
step:2090/3250 train_time:334.606s step_avg:160.10ms
step:2091/3250 train_time:334.827s step_avg:160.13ms
step:2092/3250 train_time:334.986s step_avg:160.13ms
step:2093/3250 train_time:335.147s step_avg:160.13ms
step:2094/3250 train_time:335.308s step_avg:160.13ms
step:2095/3250 train_time:335.468s step_avg:160.13ms
step:2096/3250 train_time:335.629s step_avg:160.13ms
step:2097/3250 train_time:335.791s step_avg:160.13ms
step:2098/3250 train_time:335.953s step_avg:160.13ms
step:2099/3250 train_time:336.114s step_avg:160.13ms
step:2100/3250 train_time:336.277s step_avg:160.13ms
step:2101/3250 train_time:336.439s step_avg:160.13ms
step:2102/3250 train_time:336.601s step_avg:160.13ms
step:2103/3250 train_time:336.762s step_avg:160.13ms
step:2104/3250 train_time:336.923s step_avg:160.13ms
step:2105/3250 train_time:337.085s step_avg:160.14ms
step:2106/3250 train_time:337.245s step_avg:160.14ms
step:2107/3250 train_time:337.406s step_avg:160.14ms
step:2108/3250 train_time:337.567s step_avg:160.14ms
step:2109/3250 train_time:337.726s step_avg:160.14ms
step:2110/3250 train_time:337.887s step_avg:160.14ms
step:2111/3250 train_time:338.047s step_avg:160.14ms
step:2112/3250 train_time:338.209s step_avg:160.14ms
step:2113/3250 train_time:338.370s step_avg:160.14ms
step:2114/3250 train_time:338.535s step_avg:160.14ms
step:2115/3250 train_time:338.698s step_avg:160.14ms
step:2116/3250 train_time:338.859s step_avg:160.14ms
step:2117/3250 train_time:339.020s step_avg:160.14ms
step:2118/3250 train_time:339.181s step_avg:160.14ms
step:2119/3250 train_time:339.342s step_avg:160.14ms
step:2120/3250 train_time:339.504s step_avg:160.14ms
step:2121/3250 train_time:339.665s step_avg:160.14ms
step:2122/3250 train_time:339.825s step_avg:160.14ms
step:2123/3250 train_time:339.986s step_avg:160.14ms
step:2124/3250 train_time:340.146s step_avg:160.14ms
step:2125/3250 train_time:340.307s step_avg:160.14ms
step:2125/3250 val_loss:3.42078 train_time:340.308s step_avg:161.70ms
probe_ema: n=84934656 align=-0.35764,-0.33155,-0.30779,-0.28588,-0.26523,-0.24529,-0.22551,-0.20512 rel_mse=1.05931,1.04218,1.02978,1.02090,1.01458,1.01011,1.00694,1.00472
step:2126/3250 train_time:340.474s step_avg:160.15ms
step:2127/3250 train_time:340.635s step_avg:160.15ms
step:2128/3250 train_time:340.795s step_avg:160.15ms
step:2129/3250 train_time:340.956s step_avg:160.15ms
step:2130/3250 train_time:341.115s step_avg:160.15ms
step:2131/3250 train_time:341.280s step_avg:160.15ms
step:2132/3250 train_time:341.440s step_avg:160.15ms
step:2133/3250 train_time:341.602s step_avg:160.15ms
step:2134/3250 train_time:341.763s step_avg:160.15ms
step:2135/3250 train_time:341.924s step_avg:160.15ms
step:2136/3250 train_time:342.087s step_avg:160.15ms
step:2137/3250 train_time:342.249s step_avg:160.15ms
step:2138/3250 train_time:342.410s step_avg:160.15ms
step:2139/3250 train_time:342.571s step_avg:160.15ms
step:2140/3250 train_time:342.732s step_avg:160.16ms
step:2141/3250 train_time:342.894s step_avg:160.16ms
step:2142/3250 train_time:343.055s step_avg:160.16ms
step:2143/3250 train_time:343.216s step_avg:160.16ms
step:2144/3250 train_time:343.376s step_avg:160.16ms
step:2145/3250 train_time:343.537s step_avg:160.16ms
step:2146/3250 train_time:343.697s step_avg:160.16ms
step:2147/3250 train_time:343.858s step_avg:160.16ms
step:2148/3250 train_time:344.018s step_avg:160.16ms
step:2149/3250 train_time:344.181s step_avg:160.16ms
step:2150/3250 train_time:344.342s step_avg:160.16ms
step:2151/3250 train_time:344.504s step_avg:160.16ms
step:2152/3250 train_time:344.666s step_avg:160.16ms
step:2153/3250 train_time:344.829s step_avg:160.16ms
step:2154/3250 train_time:344.990s step_avg:160.16ms
step:2155/3250 train_time:345.151s step_avg:160.16ms
step:2156/3250 train_time:345.313s step_avg:160.16ms
step:2157/3250 train_time:345.473s step_avg:160.16ms
step:2158/3250 train_time:345.635s step_avg:160.16ms
step:2159/3250 train_time:345.794s step_avg:160.16ms
step:2160/3250 train_time:345.953s step_avg:160.16ms
step:2161/3250 train_time:346.113s step_avg:160.16ms
step:2162/3250 train_time:346.273s step_avg:160.16ms
step:2163/3250 train_time:346.433s step_avg:160.16ms
step:2164/3250 train_time:346.595s step_avg:160.16ms
step:2165/3250 train_time:346.755s step_avg:160.16ms
step:2166/3250 train_time:346.915s step_avg:160.16ms
step:2167/3250 train_time:347.075s step_avg:160.16ms
step:2168/3250 train_time:347.236s step_avg:160.16ms
step:2169/3250 train_time:347.396s step_avg:160.16ms
step:2170/3250 train_time:347.557s step_avg:160.16ms
step:2171/3250 train_time:347.718s step_avg:160.16ms
step:2172/3250 train_time:347.879s step_avg:160.17ms
step:2173/3250 train_time:348.042s step_avg:160.17ms
step:2174/3250 train_time:348.202s step_avg:160.17ms
step:2175/3250 train_time:348.363s step_avg:160.17ms
step:2176/3250 train_time:348.524s step_avg:160.17ms
step:2177/3250 train_time:348.685s step_avg:160.17ms
step:2178/3250 train_time:348.848s step_avg:160.17ms
step:2179/3250 train_time:349.011s step_avg:160.17ms
step:2180/3250 train_time:349.172s step_avg:160.17ms
step:2181/3250 train_time:349.332s step_avg:160.17ms
step:2182/3250 train_time:349.493s step_avg:160.17ms
step:2183/3250 train_time:349.655s step_avg:160.17ms
step:2184/3250 train_time:349.815s step_avg:160.17ms
step:2185/3250 train_time:349.976s step_avg:160.17ms
step:2186/3250 train_time:350.140s step_avg:160.17ms
step:2187/3250 train_time:350.301s step_avg:160.17ms
step:2188/3250 train_time:350.463s step_avg:160.18ms
step:2189/3250 train_time:350.627s step_avg:160.18ms
step:2190/3250 train_time:350.786s step_avg:160.18ms
step:2191/3250 train_time:350.949s step_avg:160.18ms
step:2192/3250 train_time:351.109s step_avg:160.18ms
step:2193/3250 train_time:351.276s step_avg:160.18ms
step:2194/3250 train_time:351.436s step_avg:160.18ms
step:2195/3250 train_time:351.596s step_avg:160.18ms
step:2196/3250 train_time:351.755s step_avg:160.18ms
step:2197/3250 train_time:351.920s step_avg:160.18ms
step:2198/3250 train_time:352.080s step_avg:160.18ms
step:2199/3250 train_time:352.242s step_avg:160.18ms
step:2200/3250 train_time:352.402s step_avg:160.18ms
step:2201/3250 train_time:352.565s step_avg:160.18ms
step:2202/3250 train_time:352.727s step_avg:160.18ms
step:2203/3250 train_time:352.890s step_avg:160.19ms
step:2204/3250 train_time:353.052s step_avg:160.19ms
step:2205/3250 train_time:353.213s step_avg:160.19ms
step:2206/3250 train_time:353.375s step_avg:160.19ms
step:2207/3250 train_time:353.536s step_avg:160.19ms
step:2208/3250 train_time:353.696s step_avg:160.19ms
step:2209/3250 train_time:353.857s step_avg:160.19ms
step:2210/3250 train_time:354.018s step_avg:160.19ms
step:2211/3250 train_time:354.177s step_avg:160.19ms
step:2212/3250 train_time:354.338s step_avg:160.19ms
step:2213/3250 train_time:354.499s step_avg:160.19ms
step:2214/3250 train_time:354.661s step_avg:160.19ms
step:2215/3250 train_time:354.821s step_avg:160.19ms
step:2216/3250 train_time:354.981s step_avg:160.19ms
step:2217/3250 train_time:355.142s step_avg:160.19ms
step:2218/3250 train_time:355.303s step_avg:160.19ms
step:2219/3250 train_time:355.465s step_avg:160.19ms
step:2220/3250 train_time:355.628s step_avg:160.19ms
step:2221/3250 train_time:355.788s step_avg:160.19ms
step:2222/3250 train_time:355.948s step_avg:160.19ms
step:2223/3250 train_time:356.111s step_avg:160.19ms
step:2224/3250 train_time:356.272s step_avg:160.19ms
step:2225/3250 train_time:356.432s step_avg:160.19ms
step:2226/3250 train_time:356.593s step_avg:160.19ms
step:2227/3250 train_time:356.755s step_avg:160.20ms
step:2228/3250 train_time:356.916s step_avg:160.20ms
step:2229/3250 train_time:357.078s step_avg:160.20ms
step:2230/3250 train_time:357.239s step_avg:160.20ms
step:2231/3250 train_time:357.400s step_avg:160.20ms
step:2232/3250 train_time:357.561s step_avg:160.20ms
step:2233/3250 train_time:357.723s step_avg:160.20ms
step:2234/3250 train_time:357.883s step_avg:160.20ms
step:2235/3250 train_time:358.044s step_avg:160.20ms
step:2236/3250 train_time:358.204s step_avg:160.20ms
step:2237/3250 train_time:358.367s step_avg:160.20ms
step:2238/3250 train_time:358.529s step_avg:160.20ms
step:2239/3250 train_time:358.690s step_avg:160.20ms
step:2240/3250 train_time:358.851s step_avg:160.20ms
step:2241/3250 train_time:359.012s step_avg:160.20ms
step:2242/3250 train_time:359.173s step_avg:160.20ms
step:2243/3250 train_time:359.335s step_avg:160.20ms
step:2244/3250 train_time:359.497s step_avg:160.20ms
step:2245/3250 train_time:359.657s step_avg:160.20ms
step:2246/3250 train_time:359.816s step_avg:160.20ms
step:2247/3250 train_time:359.977s step_avg:160.20ms
step:2248/3250 train_time:360.138s step_avg:160.20ms
step:2249/3250 train_time:360.300s step_avg:160.20ms
step:2250/3250 train_time:360.461s step_avg:160.20ms
step:2250/3250 val_loss:3.40205 train_time:360.461s step_avg:161.23ms
probe_ema: n=84934656 align=-0.26491,-0.25105,-0.23938,-0.22931,-0.22001,-0.21084,-0.20139,-0.19141 rel_mse=1.05292,1.03869,1.02816,1.02042,1.01474,1.01058,1.00754,1.00534
step:2251/3250 train_time:360.624s step_avg:160.21ms
step:2252/3250 train_time:360.788s step_avg:160.21ms
step:2253/3250 train_time:360.949s step_avg:160.21ms
step:2254/3250 train_time:361.109s step_avg:160.21ms
step:2255/3250 train_time:361.271s step_avg:160.21ms
step:2256/3250 train_time:361.432s step_avg:160.21ms
step:2257/3250 train_time:361.593s step_avg:160.21ms
step:2258/3250 train_time:361.753s step_avg:160.21ms
step:2259/3250 train_time:361.913s step_avg:160.21ms
step:2260/3250 train_time:362.073s step_avg:160.21ms
step:2261/3250 train_time:362.234s step_avg:160.21ms
step:2262/3250 train_time:362.395s step_avg:160.21ms
step:2263/3250 train_time:362.555s step_avg:160.21ms
step:2264/3250 train_time:362.715s step_avg:160.21ms
step:2265/3250 train_time:362.875s step_avg:160.21ms
step:2266/3250 train_time:363.035s step_avg:160.21ms
step:2267/3250 train_time:363.197s step_avg:160.21ms
step:2268/3250 train_time:363.357s step_avg:160.21ms
step:2269/3250 train_time:363.518s step_avg:160.21ms
step:2270/3250 train_time:363.680s step_avg:160.21ms
step:2271/3250 train_time:363.840s step_avg:160.21ms
step:2272/3250 train_time:363.999s step_avg:160.21ms
step:2273/3250 train_time:364.159s step_avg:160.21ms
step:2274/3250 train_time:364.320s step_avg:160.21ms
step:2275/3250 train_time:364.481s step_avg:160.21ms
step:2276/3250 train_time:364.641s step_avg:160.21ms
step:2277/3250 train_time:364.802s step_avg:160.21ms
step:2278/3250 train_time:364.963s step_avg:160.21ms
step:2279/3250 train_time:365.124s step_avg:160.21ms
step:2280/3250 train_time:365.287s step_avg:160.21ms
step:2281/3250 train_time:365.510s step_avg:160.24ms
step:2282/3250 train_time:365.671s step_avg:160.24ms
step:2283/3250 train_time:365.831s step_avg:160.24ms
step:2284/3250 train_time:365.992s step_avg:160.24ms
step:2285/3250 train_time:366.152s step_avg:160.24ms
step:2286/3250 train_time:366.313s step_avg:160.24ms
step:2287/3250 train_time:366.473s step_avg:160.24ms
step:2288/3250 train_time:366.634s step_avg:160.24ms
step:2289/3250 train_time:366.794s step_avg:160.24ms
step:2290/3250 train_time:366.954s step_avg:160.24ms
step:2291/3250 train_time:367.114s step_avg:160.24ms
step:2292/3250 train_time:367.274s step_avg:160.24ms
step:2293/3250 train_time:367.434s step_avg:160.24ms
step:2294/3250 train_time:367.594s step_avg:160.24ms
step:2295/3250 train_time:367.754s step_avg:160.24ms
step:2296/3250 train_time:367.913s step_avg:160.24ms
step:2297/3250 train_time:368.074s step_avg:160.24ms
step:2298/3250 train_time:368.234s step_avg:160.24ms
step:2299/3250 train_time:368.395s step_avg:160.24ms
step:2300/3250 train_time:368.555s step_avg:160.24ms
step:2301/3250 train_time:368.716s step_avg:160.24ms
step:2302/3250 train_time:368.878s step_avg:160.24ms
step:2303/3250 train_time:369.038s step_avg:160.24ms
step:2304/3250 train_time:369.201s step_avg:160.24ms
step:2305/3250 train_time:369.363s step_avg:160.24ms
step:2306/3250 train_time:369.524s step_avg:160.24ms
step:2307/3250 train_time:369.688s step_avg:160.25ms
step:2308/3250 train_time:369.850s step_avg:160.25ms
step:2309/3250 train_time:370.012s step_avg:160.25ms
step:2310/3250 train_time:370.173s step_avg:160.25ms
step:2311/3250 train_time:370.333s step_avg:160.25ms
step:2312/3250 train_time:370.494s step_avg:160.25ms
step:2313/3250 train_time:370.654s step_avg:160.25ms
step:2314/3250 train_time:370.814s step_avg:160.25ms
step:2315/3250 train_time:370.975s step_avg:160.25ms
step:2316/3250 train_time:371.136s step_avg:160.25ms
step:2317/3250 train_time:371.297s step_avg:160.25ms
step:2318/3250 train_time:371.457s step_avg:160.25ms
step:2319/3250 train_time:371.617s step_avg:160.25ms
step:2320/3250 train_time:371.778s step_avg:160.25ms
step:2321/3250 train_time:371.941s step_avg:160.25ms
step:2322/3250 train_time:372.102s step_avg:160.25ms
step:2323/3250 train_time:372.262s step_avg:160.25ms
step:2324/3250 train_time:372.423s step_avg:160.25ms
step:2325/3250 train_time:372.586s step_avg:160.25ms
step:2326/3250 train_time:372.747s step_avg:160.25ms
step:2327/3250 train_time:372.909s step_avg:160.25ms
step:2328/3250 train_time:373.070s step_avg:160.25ms
step:2329/3250 train_time:373.230s step_avg:160.25ms
step:2330/3250 train_time:373.392s step_avg:160.25ms
step:2331/3250 train_time:373.552s step_avg:160.25ms
step:2332/3250 train_time:373.712s step_avg:160.25ms
step:2333/3250 train_time:373.874s step_avg:160.25ms
step:2334/3250 train_time:374.035s step_avg:160.25ms
step:2335/3250 train_time:374.196s step_avg:160.26ms
step:2336/3250 train_time:374.356s step_avg:160.25ms
step:2337/3250 train_time:374.515s step_avg:160.25ms
step:2338/3250 train_time:374.676s step_avg:160.25ms
step:2339/3250 train_time:374.837s step_avg:160.26ms
step:2340/3250 train_time:374.999s step_avg:160.26ms
step:2341/3250 train_time:375.163s step_avg:160.26ms
step:2342/3250 train_time:375.325s step_avg:160.26ms
step:2343/3250 train_time:375.488s step_avg:160.26ms
step:2344/3250 train_time:375.649s step_avg:160.26ms
step:2345/3250 train_time:375.812s step_avg:160.26ms
step:2346/3250 train_time:375.974s step_avg:160.26ms
step:2347/3250 train_time:376.134s step_avg:160.26ms
step:2348/3250 train_time:376.295s step_avg:160.26ms
step:2349/3250 train_time:376.453s step_avg:160.26ms
step:2350/3250 train_time:376.615s step_avg:160.26ms
step:2351/3250 train_time:376.777s step_avg:160.26ms
step:2352/3250 train_time:376.936s step_avg:160.26ms
step:2353/3250 train_time:377.097s step_avg:160.26ms
step:2354/3250 train_time:377.256s step_avg:160.26ms
step:2355/3250 train_time:377.416s step_avg:160.26ms
step:2356/3250 train_time:377.576s step_avg:160.26ms
step:2357/3250 train_time:377.737s step_avg:160.26ms
step:2358/3250 train_time:377.901s step_avg:160.26ms
step:2359/3250 train_time:378.061s step_avg:160.26ms
step:2360/3250 train_time:378.221s step_avg:160.26ms
step:2361/3250 train_time:378.382s step_avg:160.26ms
step:2362/3250 train_time:378.544s step_avg:160.26ms
step:2363/3250 train_time:378.706s step_avg:160.27ms
step:2364/3250 train_time:378.870s step_avg:160.27ms
step:2365/3250 train_time:379.030s step_avg:160.27ms
step:2366/3250 train_time:379.190s step_avg:160.27ms
step:2367/3250 train_time:379.351s step_avg:160.27ms
step:2368/3250 train_time:379.513s step_avg:160.27ms
step:2369/3250 train_time:379.674s step_avg:160.27ms
step:2370/3250 train_time:379.834s step_avg:160.27ms
step:2371/3250 train_time:379.995s step_avg:160.27ms
step:2372/3250 train_time:380.154s step_avg:160.27ms
step:2373/3250 train_time:380.314s step_avg:160.27ms
step:2374/3250 train_time:380.475s step_avg:160.27ms
step:2375/3250 train_time:380.635s step_avg:160.27ms
step:2375/3250 val_loss:3.38409 train_time:380.636s step_avg:161.40ms
probe_ema: n=84934656 align=-0.23303,-0.22562,-0.21969,-0.21376,-0.20707,-0.19944,-0.19074,-0.18085 rel_mse=1.05414,1.04026,1.02983,1.02197,1.01603,1.01158,1.00827,1.00585
step:2376/3250 train_time:380.800s step_avg:160.27ms
step:2377/3250 train_time:380.962s step_avg:160.27ms
step:2378/3250 train_time:381.125s step_avg:160.27ms
step:2379/3250 train_time:381.285s step_avg:160.27ms
step:2380/3250 train_time:381.446s step_avg:160.27ms
step:2381/3250 train_time:381.608s step_avg:160.27ms
step:2382/3250 train_time:381.769s step_avg:160.27ms
step:2383/3250 train_time:381.929s step_avg:160.27ms
step:2384/3250 train_time:382.088s step_avg:160.27ms
step:2385/3250 train_time:382.249s step_avg:160.27ms
step:2386/3250 train_time:382.410s step_avg:160.27ms
step:2387/3250 train_time:382.571s step_avg:160.27ms
step:2388/3250 train_time:382.731s step_avg:160.27ms
step:2389/3250 train_time:382.891s step_avg:160.27ms
step:2390/3250 train_time:383.051s step_avg:160.27ms
step:2391/3250 train_time:383.211s step_avg:160.27ms
step:2392/3250 train_time:383.372s step_avg:160.27ms
step:2393/3250 train_time:383.532s step_avg:160.27ms
step:2394/3250 train_time:383.692s step_avg:160.27ms
step:2395/3250 train_time:383.851s step_avg:160.27ms
step:2396/3250 train_time:384.011s step_avg:160.27ms
step:2397/3250 train_time:384.172s step_avg:160.27ms
step:2398/3250 train_time:384.333s step_avg:160.27ms
step:2399/3250 train_time:384.493s step_avg:160.27ms
step:2400/3250 train_time:384.653s step_avg:160.27ms
step:2401/3250 train_time:384.814s step_avg:160.27ms
step:2402/3250 train_time:384.976s step_avg:160.27ms
step:2403/3250 train_time:385.137s step_avg:160.27ms
step:2404/3250 train_time:385.298s step_avg:160.27ms
step:2405/3250 train_time:385.459s step_avg:160.27ms
step:2406/3250 train_time:385.620s step_avg:160.27ms
step:2407/3250 train_time:385.782s step_avg:160.27ms
step:2408/3250 train_time:385.944s step_avg:160.28ms
step:2409/3250 train_time:386.106s step_avg:160.28ms
step:2410/3250 train_time:386.266s step_avg:160.28ms
step:2411/3250 train_time:386.427s step_avg:160.28ms
step:2412/3250 train_time:386.588s step_avg:160.28ms
step:2413/3250 train_time:386.748s step_avg:160.28ms
step:2414/3250 train_time:386.910s step_avg:160.28ms
step:2415/3250 train_time:387.069s step_avg:160.28ms
step:2416/3250 train_time:387.230s step_avg:160.28ms
step:2417/3250 train_time:387.392s step_avg:160.28ms
step:2418/3250 train_time:387.553s step_avg:160.28ms
step:2419/3250 train_time:387.715s step_avg:160.28ms
step:2420/3250 train_time:387.876s step_avg:160.28ms
step:2421/3250 train_time:388.036s step_avg:160.28ms
step:2422/3250 train_time:388.198s step_avg:160.28ms
step:2423/3250 train_time:388.359s step_avg:160.28ms
step:2424/3250 train_time:388.520s step_avg:160.28ms
step:2425/3250 train_time:388.680s step_avg:160.28ms
step:2426/3250 train_time:388.843s step_avg:160.28ms
step:2427/3250 train_time:389.006s step_avg:160.28ms
step:2428/3250 train_time:389.166s step_avg:160.28ms
step:2429/3250 train_time:389.328s step_avg:160.28ms
step:2430/3250 train_time:389.487s step_avg:160.28ms
step:2431/3250 train_time:389.648s step_avg:160.28ms
step:2432/3250 train_time:389.810s step_avg:160.28ms
step:2433/3250 train_time:389.970s step_avg:160.28ms
step:2434/3250 train_time:390.131s step_avg:160.28ms
step:2435/3250 train_time:390.291s step_avg:160.28ms
step:2436/3250 train_time:390.452s step_avg:160.28ms
step:2437/3250 train_time:390.616s step_avg:160.29ms
step:2438/3250 train_time:390.776s step_avg:160.29ms
step:2439/3250 train_time:390.938s step_avg:160.29ms
step:2440/3250 train_time:391.099s step_avg:160.29ms
step:2441/3250 train_time:391.259s step_avg:160.29ms
step:2442/3250 train_time:391.423s step_avg:160.29ms
step:2443/3250 train_time:391.583s step_avg:160.29ms
step:2444/3250 train_time:391.745s step_avg:160.29ms
step:2445/3250 train_time:391.905s step_avg:160.29ms
step:2446/3250 train_time:392.066s step_avg:160.29ms
step:2447/3250 train_time:392.227s step_avg:160.29ms
step:2448/3250 train_time:392.388s step_avg:160.29ms
step:2449/3250 train_time:392.549s step_avg:160.29ms
step:2450/3250 train_time:392.711s step_avg:160.29ms
step:2451/3250 train_time:392.871s step_avg:160.29ms
step:2452/3250 train_time:393.032s step_avg:160.29ms
step:2453/3250 train_time:393.192s step_avg:160.29ms
step:2454/3250 train_time:393.353s step_avg:160.29ms
step:2455/3250 train_time:393.513s step_avg:160.29ms
step:2456/3250 train_time:393.674s step_avg:160.29ms
step:2457/3250 train_time:393.835s step_avg:160.29ms
step:2458/3250 train_time:393.995s step_avg:160.29ms
step:2459/3250 train_time:394.157s step_avg:160.29ms
step:2460/3250 train_time:394.317s step_avg:160.29ms
step:2461/3250 train_time:394.479s step_avg:160.29ms
step:2462/3250 train_time:394.642s step_avg:160.29ms
step:2463/3250 train_time:394.805s step_avg:160.29ms
step:2464/3250 train_time:394.967s step_avg:160.29ms
step:2465/3250 train_time:395.126s step_avg:160.29ms
step:2466/3250 train_time:395.287s step_avg:160.29ms
step:2467/3250 train_time:395.447s step_avg:160.29ms
step:2468/3250 train_time:395.608s step_avg:160.29ms
step:2469/3250 train_time:395.770s step_avg:160.30ms
step:2470/3250 train_time:395.929s step_avg:160.30ms
step:2471/3250 train_time:396.145s step_avg:160.32ms
step:2472/3250 train_time:396.307s step_avg:160.32ms
step:2473/3250 train_time:396.468s step_avg:160.32ms
step:2474/3250 train_time:396.629s step_avg:160.32ms
step:2475/3250 train_time:396.789s step_avg:160.32ms
step:2476/3250 train_time:396.950s step_avg:160.32ms
step:2477/3250 train_time:397.110s step_avg:160.32ms
step:2478/3250 train_time:397.271s step_avg:160.32ms
step:2479/3250 train_time:397.430s step_avg:160.32ms
step:2480/3250 train_time:397.592s step_avg:160.32ms
step:2481/3250 train_time:397.753s step_avg:160.32ms
step:2482/3250 train_time:397.913s step_avg:160.32ms
step:2483/3250 train_time:398.072s step_avg:160.32ms
step:2484/3250 train_time:398.235s step_avg:160.32ms
step:2485/3250 train_time:398.398s step_avg:160.32ms
step:2486/3250 train_time:398.558s step_avg:160.32ms
step:2487/3250 train_time:398.719s step_avg:160.32ms
step:2488/3250 train_time:398.882s step_avg:160.32ms
step:2489/3250 train_time:399.044s step_avg:160.32ms
step:2490/3250 train_time:399.206s step_avg:160.32ms
step:2491/3250 train_time:399.368s step_avg:160.32ms
step:2492/3250 train_time:399.530s step_avg:160.32ms
step:2493/3250 train_time:399.689s step_avg:160.32ms
step:2494/3250 train_time:399.849s step_avg:160.32ms
step:2495/3250 train_time:400.009s step_avg:160.32ms
step:2496/3250 train_time:400.169s step_avg:160.32ms
step:2497/3250 train_time:400.329s step_avg:160.32ms
step:2498/3250 train_time:400.489s step_avg:160.32ms
step:2499/3250 train_time:400.649s step_avg:160.32ms
step:2500/3250 train_time:400.809s step_avg:160.32ms
step:2500/3250 val_loss:3.36688 train_time:400.810s step_avg:161.39ms
probe_ema: n=84934656 align=-0.28918,-0.28317,-0.27652,-0.26852,-0.25896,-0.24774,-0.23479,-0.22006 rel_mse=1.07924,1.05772,1.04166,1.02981,1.02115,1.01486,1.01035,1.00714
step:2501/3250 train_time:400.974s step_avg:160.33ms
step:2502/3250 train_time:401.136s step_avg:160.33ms
step:2503/3250 train_time:401.297s step_avg:160.33ms
step:2504/3250 train_time:401.459s step_avg:160.33ms
step:2505/3250 train_time:401.618s step_avg:160.33ms
step:2506/3250 train_time:401.781s step_avg:160.33ms
step:2507/3250 train_time:401.942s step_avg:160.33ms
step:2508/3250 train_time:402.103s step_avg:160.33ms
step:2509/3250 train_time:402.264s step_avg:160.33ms
step:2510/3250 train_time:402.426s step_avg:160.33ms
step:2511/3250 train_time:402.590s step_avg:160.33ms
step:2512/3250 train_time:402.751s step_avg:160.33ms
step:2513/3250 train_time:402.912s step_avg:160.33ms
step:2514/3250 train_time:403.073s step_avg:160.33ms
step:2515/3250 train_time:403.234s step_avg:160.33ms
step:2516/3250 train_time:403.397s step_avg:160.33ms
step:2517/3250 train_time:403.556s step_avg:160.33ms
step:2518/3250 train_time:403.716s step_avg:160.33ms
step:2519/3250 train_time:403.877s step_avg:160.33ms
step:2520/3250 train_time:404.037s step_avg:160.33ms
step:2521/3250 train_time:404.198s step_avg:160.33ms
step:2522/3250 train_time:404.359s step_avg:160.33ms
step:2523/3250 train_time:404.520s step_avg:160.33ms
step:2524/3250 train_time:404.682s step_avg:160.33ms
step:2525/3250 train_time:404.841s step_avg:160.33ms
step:2526/3250 train_time:405.003s step_avg:160.33ms
step:2527/3250 train_time:405.165s step_avg:160.33ms
step:2528/3250 train_time:405.327s step_avg:160.34ms
step:2529/3250 train_time:405.489s step_avg:160.34ms
step:2530/3250 train_time:405.651s step_avg:160.34ms
step:2531/3250 train_time:405.813s step_avg:160.34ms
step:2532/3250 train_time:405.973s step_avg:160.34ms
step:2533/3250 train_time:406.134s step_avg:160.34ms
step:2534/3250 train_time:406.294s step_avg:160.34ms
step:2535/3250 train_time:406.454s step_avg:160.34ms
step:2536/3250 train_time:406.616s step_avg:160.34ms
step:2537/3250 train_time:406.777s step_avg:160.34ms
step:2538/3250 train_time:406.938s step_avg:160.34ms
step:2539/3250 train_time:407.098s step_avg:160.34ms
step:2540/3250 train_time:407.258s step_avg:160.34ms
step:2541/3250 train_time:407.420s step_avg:160.34ms
step:2542/3250 train_time:407.581s step_avg:160.34ms
step:2543/3250 train_time:407.743s step_avg:160.34ms
step:2544/3250 train_time:407.903s step_avg:160.34ms
step:2545/3250 train_time:408.064s step_avg:160.34ms
step:2546/3250 train_time:408.227s step_avg:160.34ms
step:2547/3250 train_time:408.389s step_avg:160.34ms
step:2548/3250 train_time:408.551s step_avg:160.34ms
step:2549/3250 train_time:408.712s step_avg:160.34ms
step:2550/3250 train_time:408.873s step_avg:160.34ms
step:2551/3250 train_time:409.035s step_avg:160.34ms
step:2552/3250 train_time:409.194s step_avg:160.34ms
step:2553/3250 train_time:409.355s step_avg:160.34ms
step:2554/3250 train_time:409.515s step_avg:160.34ms
step:2555/3250 train_time:409.674s step_avg:160.34ms
step:2556/3250 train_time:409.836s step_avg:160.34ms
step:2557/3250 train_time:409.996s step_avg:160.34ms
step:2558/3250 train_time:410.157s step_avg:160.34ms
step:2559/3250 train_time:410.318s step_avg:160.34ms
step:2560/3250 train_time:410.478s step_avg:160.34ms
step:2561/3250 train_time:410.641s step_avg:160.34ms
step:2562/3250 train_time:410.801s step_avg:160.34ms
step:2563/3250 train_time:410.963s step_avg:160.34ms
step:2564/3250 train_time:411.124s step_avg:160.34ms
step:2565/3250 train_time:411.285s step_avg:160.34ms
step:2566/3250 train_time:411.448s step_avg:160.35ms
step:2567/3250 train_time:411.609s step_avg:160.35ms
step:2568/3250 train_time:411.770s step_avg:160.35ms
step:2569/3250 train_time:411.932s step_avg:160.35ms
step:2570/3250 train_time:412.094s step_avg:160.35ms
step:2571/3250 train_time:412.255s step_avg:160.35ms
step:2572/3250 train_time:412.416s step_avg:160.35ms
step:2573/3250 train_time:412.577s step_avg:160.35ms
step:2574/3250 train_time:412.737s step_avg:160.35ms
step:2575/3250 train_time:412.898s step_avg:160.35ms
step:2576/3250 train_time:413.058s step_avg:160.35ms
step:2577/3250 train_time:413.218s step_avg:160.35ms
step:2578/3250 train_time:413.376s step_avg:160.35ms
step:2579/3250 train_time:413.535s step_avg:160.35ms
step:2580/3250 train_time:413.695s step_avg:160.35ms
step:2581/3250 train_time:413.855s step_avg:160.35ms
step:2582/3250 train_time:414.015s step_avg:160.35ms
step:2583/3250 train_time:414.177s step_avg:160.35ms
step:2584/3250 train_time:414.336s step_avg:160.35ms
step:2585/3250 train_time:414.496s step_avg:160.35ms
step:2586/3250 train_time:414.656s step_avg:160.35ms
step:2587/3250 train_time:414.817s step_avg:160.35ms
step:2588/3250 train_time:414.977s step_avg:160.35ms
step:2589/3250 train_time:415.137s step_avg:160.35ms
step:2590/3250 train_time:415.297s step_avg:160.35ms
step:2591/3250 train_time:415.459s step_avg:160.35ms
step:2592/3250 train_time:415.618s step_avg:160.35ms
step:2593/3250 train_time:415.782s step_avg:160.35ms
step:2594/3250 train_time:415.943s step_avg:160.35ms
step:2595/3250 train_time:416.102s step_avg:160.35ms
step:2596/3250 train_time:416.263s step_avg:160.35ms
step:2597/3250 train_time:416.424s step_avg:160.35ms
step:2598/3250 train_time:416.590s step_avg:160.35ms
step:2599/3250 train_time:416.756s step_avg:160.35ms
step:2600/3250 train_time:416.916s step_avg:160.35ms
step:2601/3250 train_time:417.076s step_avg:160.35ms
step:2602/3250 train_time:417.237s step_avg:160.35ms
step:2603/3250 train_time:417.399s step_avg:160.35ms
step:2604/3250 train_time:417.560s step_avg:160.35ms
step:2605/3250 train_time:417.720s step_avg:160.35ms
step:2606/3250 train_time:417.880s step_avg:160.35ms
step:2607/3250 train_time:418.042s step_avg:160.35ms
step:2608/3250 train_time:418.203s step_avg:160.35ms
step:2609/3250 train_time:418.366s step_avg:160.35ms
step:2610/3250 train_time:418.527s step_avg:160.36ms
step:2611/3250 train_time:418.689s step_avg:160.36ms
step:2612/3250 train_time:418.850s step_avg:160.36ms
step:2613/3250 train_time:419.011s step_avg:160.36ms
step:2614/3250 train_time:419.173s step_avg:160.36ms
step:2615/3250 train_time:419.335s step_avg:160.36ms
step:2616/3250 train_time:419.496s step_avg:160.36ms
step:2617/3250 train_time:419.656s step_avg:160.36ms
step:2618/3250 train_time:419.816s step_avg:160.36ms
step:2619/3250 train_time:419.976s step_avg:160.36ms
step:2620/3250 train_time:420.136s step_avg:160.36ms
step:2621/3250 train_time:420.295s step_avg:160.36ms
step:2622/3250 train_time:420.455s step_avg:160.36ms
step:2623/3250 train_time:420.614s step_avg:160.36ms
step:2624/3250 train_time:420.776s step_avg:160.36ms
step:2625/3250 train_time:420.935s step_avg:160.36ms
step:2625/3250 val_loss:3.34816 train_time:420.935s step_avg:161.01ms
probe_ema: n=84934656 align=-0.17716,-0.17632,-0.17617,-0.17556,-0.17360,-0.16978,-0.16403,-0.15629 rel_mse=1.04832,1.03654,1.02751,1.02056,1.01521,1.01111,1.00800,1.00568
step:2626/3250 train_time:421.101s step_avg:160.36ms
step:2627/3250 train_time:421.262s step_avg:160.36ms
step:2628/3250 train_time:421.426s step_avg:160.36ms
step:2629/3250 train_time:421.588s step_avg:160.36ms
step:2630/3250 train_time:421.748s step_avg:160.36ms
step:2631/3250 train_time:421.910s step_avg:160.36ms
step:2632/3250 train_time:422.071s step_avg:160.36ms
step:2633/3250 train_time:422.233s step_avg:160.36ms
step:2634/3250 train_time:422.393s step_avg:160.36ms
step:2635/3250 train_time:422.553s step_avg:160.36ms
step:2636/3250 train_time:422.716s step_avg:160.36ms
step:2637/3250 train_time:422.877s step_avg:160.36ms
step:2638/3250 train_time:423.038s step_avg:160.36ms
step:2639/3250 train_time:423.200s step_avg:160.36ms
step:2640/3250 train_time:423.360s step_avg:160.36ms
step:2641/3250 train_time:423.522s step_avg:160.36ms
step:2642/3250 train_time:423.682s step_avg:160.36ms
step:2643/3250 train_time:423.842s step_avg:160.36ms
step:2644/3250 train_time:424.002s step_avg:160.36ms
step:2645/3250 train_time:424.163s step_avg:160.36ms
step:2646/3250 train_time:424.324s step_avg:160.36ms
step:2647/3250 train_time:424.486s step_avg:160.36ms
step:2648/3250 train_time:424.646s step_avg:160.36ms
step:2649/3250 train_time:424.809s step_avg:160.37ms
step:2650/3250 train_time:424.970s step_avg:160.37ms
step:2651/3250 train_time:425.129s step_avg:160.37ms
step:2652/3250 train_time:425.292s step_avg:160.37ms
step:2653/3250 train_time:425.454s step_avg:160.37ms
step:2654/3250 train_time:425.616s step_avg:160.37ms
step:2655/3250 train_time:425.779s step_avg:160.37ms
step:2656/3250 train_time:425.940s step_avg:160.37ms
step:2657/3250 train_time:426.101s step_avg:160.37ms
step:2658/3250 train_time:426.261s step_avg:160.37ms
step:2659/3250 train_time:426.425s step_avg:160.37ms
step:2660/3250 train_time:426.585s step_avg:160.37ms
step:2661/3250 train_time:426.804s step_avg:160.39ms
step:2662/3250 train_time:426.965s step_avg:160.39ms
step:2663/3250 train_time:427.127s step_avg:160.39ms
step:2664/3250 train_time:427.286s step_avg:160.39ms
step:2665/3250 train_time:427.447s step_avg:160.39ms
step:2666/3250 train_time:427.608s step_avg:160.39ms
step:2667/3250 train_time:427.768s step_avg:160.39ms
step:2668/3250 train_time:427.929s step_avg:160.39ms
step:2669/3250 train_time:428.090s step_avg:160.39ms
step:2670/3250 train_time:428.250s step_avg:160.39ms
step:2671/3250 train_time:428.410s step_avg:160.39ms
step:2672/3250 train_time:428.571s step_avg:160.39ms
step:2673/3250 train_time:428.732s step_avg:160.39ms
step:2674/3250 train_time:428.894s step_avg:160.39ms
step:2675/3250 train_time:429.054s step_avg:160.39ms
step:2676/3250 train_time:429.218s step_avg:160.40ms
step:2677/3250 train_time:429.378s step_avg:160.40ms
step:2678/3250 train_time:429.539s step_avg:160.40ms
step:2679/3250 train_time:429.700s step_avg:160.40ms
step:2680/3250 train_time:429.861s step_avg:160.40ms
step:2681/3250 train_time:430.023s step_avg:160.40ms
step:2682/3250 train_time:430.183s step_avg:160.40ms
step:2683/3250 train_time:430.344s step_avg:160.40ms
step:2684/3250 train_time:430.505s step_avg:160.40ms
step:2685/3250 train_time:430.666s step_avg:160.40ms
step:2686/3250 train_time:430.829s step_avg:160.40ms
step:2687/3250 train_time:430.990s step_avg:160.40ms
step:2688/3250 train_time:431.149s step_avg:160.40ms
step:2689/3250 train_time:431.310s step_avg:160.40ms
step:2690/3250 train_time:431.471s step_avg:160.40ms
step:2691/3250 train_time:431.631s step_avg:160.40ms
step:2692/3250 train_time:431.793s step_avg:160.40ms
step:2693/3250 train_time:431.955s step_avg:160.40ms
step:2694/3250 train_time:432.116s step_avg:160.40ms
step:2695/3250 train_time:432.278s step_avg:160.40ms
step:2696/3250 train_time:432.438s step_avg:160.40ms
step:2697/3250 train_time:432.600s step_avg:160.40ms
step:2698/3250 train_time:432.761s step_avg:160.40ms
step:2699/3250 train_time:432.922s step_avg:160.40ms
step:2700/3250 train_time:433.083s step_avg:160.40ms
step:2701/3250 train_time:433.243s step_avg:160.40ms
step:2702/3250 train_time:433.404s step_avg:160.40ms
step:2703/3250 train_time:433.565s step_avg:160.40ms
step:2704/3250 train_time:433.726s step_avg:160.40ms
step:2705/3250 train_time:433.886s step_avg:160.40ms
step:2706/3250 train_time:434.046s step_avg:160.40ms
step:2707/3250 train_time:434.208s step_avg:160.40ms
step:2708/3250 train_time:434.368s step_avg:160.40ms
step:2709/3250 train_time:434.530s step_avg:160.40ms
step:2710/3250 train_time:434.693s step_avg:160.40ms
step:2711/3250 train_time:434.854s step_avg:160.40ms
step:2712/3250 train_time:435.017s step_avg:160.40ms
step:2713/3250 train_time:435.178s step_avg:160.40ms
step:2714/3250 train_time:435.340s step_avg:160.41ms
step:2715/3250 train_time:435.502s step_avg:160.41ms
step:2716/3250 train_time:435.662s step_avg:160.41ms
step:2717/3250 train_time:435.824s step_avg:160.41ms
step:2718/3250 train_time:435.985s step_avg:160.41ms
step:2719/3250 train_time:436.145s step_avg:160.41ms
step:2720/3250 train_time:436.306s step_avg:160.41ms
step:2721/3250 train_time:436.466s step_avg:160.41ms
step:2722/3250 train_time:436.627s step_avg:160.41ms
step:2723/3250 train_time:436.788s step_avg:160.41ms
step:2724/3250 train_time:436.948s step_avg:160.41ms
step:2725/3250 train_time:437.110s step_avg:160.41ms
step:2726/3250 train_time:437.270s step_avg:160.41ms
step:2727/3250 train_time:437.432s step_avg:160.41ms
step:2728/3250 train_time:437.591s step_avg:160.41ms
step:2729/3250 train_time:437.751s step_avg:160.41ms
step:2730/3250 train_time:437.913s step_avg:160.41ms
step:2731/3250 train_time:438.073s step_avg:160.41ms
step:2732/3250 train_time:438.236s step_avg:160.41ms
step:2733/3250 train_time:438.397s step_avg:160.41ms
step:2734/3250 train_time:438.557s step_avg:160.41ms
step:2735/3250 train_time:438.719s step_avg:160.41ms
step:2736/3250 train_time:438.879s step_avg:160.41ms
step:2737/3250 train_time:439.040s step_avg:160.41ms
step:2738/3250 train_time:439.201s step_avg:160.41ms
step:2739/3250 train_time:439.361s step_avg:160.41ms
step:2740/3250 train_time:439.524s step_avg:160.41ms
step:2741/3250 train_time:439.683s step_avg:160.41ms
step:2742/3250 train_time:439.843s step_avg:160.41ms
step:2743/3250 train_time:440.003s step_avg:160.41ms
step:2744/3250 train_time:440.164s step_avg:160.41ms
step:2745/3250 train_time:440.325s step_avg:160.41ms
step:2746/3250 train_time:440.486s step_avg:160.41ms
step:2747/3250 train_time:440.647s step_avg:160.41ms
step:2748/3250 train_time:440.806s step_avg:160.41ms
step:2749/3250 train_time:440.968s step_avg:160.41ms
step:2750/3250 train_time:441.130s step_avg:160.41ms
step:2750/3250 val_loss:3.33042 train_time:441.130s step_avg:161.56ms
probe_ema: n=84934656 align=-0.15978,-0.16187,-0.16342,-0.16388,-0.16286,-0.16021,-0.15578,-0.14948 rel_mse=1.04635,1.03556,1.02700,1.02029,1.01508,1.01109,1.00806,1.00578
step:2751/3250 train_time:441.293s step_avg:160.41ms
step:2752/3250 train_time:441.456s step_avg:160.41ms
step:2753/3250 train_time:441.617s step_avg:160.41ms
step:2754/3250 train_time:441.779s step_avg:160.41ms
step:2755/3250 train_time:441.942s step_avg:160.41ms
step:2756/3250 train_time:442.104s step_avg:160.41ms
step:2757/3250 train_time:442.265s step_avg:160.42ms
step:2758/3250 train_time:442.425s step_avg:160.42ms
step:2759/3250 train_time:442.586s step_avg:160.42ms
step:2760/3250 train_time:442.747s step_avg:160.42ms
step:2761/3250 train_time:442.908s step_avg:160.42ms
step:2762/3250 train_time:443.069s step_avg:160.42ms
step:2763/3250 train_time:443.230s step_avg:160.42ms
step:2764/3250 train_time:443.389s step_avg:160.42ms
step:2765/3250 train_time:443.550s step_avg:160.42ms
step:2766/3250 train_time:443.712s step_avg:160.42ms
step:2767/3250 train_time:443.873s step_avg:160.42ms
step:2768/3250 train_time:444.035s step_avg:160.42ms
step:2769/3250 train_time:444.195s step_avg:160.42ms
step:2770/3250 train_time:444.356s step_avg:160.42ms
step:2771/3250 train_time:444.518s step_avg:160.42ms
step:2772/3250 train_time:444.680s step_avg:160.42ms
step:2773/3250 train_time:444.844s step_avg:160.42ms
step:2774/3250 train_time:445.005s step_avg:160.42ms
step:2775/3250 train_time:445.167s step_avg:160.42ms
step:2776/3250 train_time:445.328s step_avg:160.42ms
step:2777/3250 train_time:445.487s step_avg:160.42ms
step:2778/3250 train_time:445.649s step_avg:160.42ms
step:2779/3250 train_time:445.808s step_avg:160.42ms
step:2780/3250 train_time:445.967s step_avg:160.42ms
step:2781/3250 train_time:446.129s step_avg:160.42ms
step:2782/3250 train_time:446.290s step_avg:160.42ms
step:2783/3250 train_time:446.450s step_avg:160.42ms
step:2784/3250 train_time:446.610s step_avg:160.42ms
step:2785/3250 train_time:446.770s step_avg:160.42ms
step:2786/3250 train_time:446.932s step_avg:160.42ms
step:2787/3250 train_time:447.091s step_avg:160.42ms
step:2788/3250 train_time:447.252s step_avg:160.42ms
step:2789/3250 train_time:447.413s step_avg:160.42ms
step:2790/3250 train_time:447.574s step_avg:160.42ms
step:2791/3250 train_time:447.737s step_avg:160.42ms
step:2792/3250 train_time:447.896s step_avg:160.42ms
step:2793/3250 train_time:448.058s step_avg:160.42ms
step:2794/3250 train_time:448.219s step_avg:160.42ms
step:2795/3250 train_time:448.380s step_avg:160.42ms
step:2796/3250 train_time:448.544s step_avg:160.42ms
step:2797/3250 train_time:448.705s step_avg:160.42ms
step:2798/3250 train_time:448.866s step_avg:160.42ms
step:2799/3250 train_time:449.026s step_avg:160.42ms
step:2800/3250 train_time:449.187s step_avg:160.42ms
step:2801/3250 train_time:449.348s step_avg:160.42ms
step:2802/3250 train_time:449.508s step_avg:160.42ms
step:2803/3250 train_time:449.670s step_avg:160.42ms
step:2804/3250 train_time:449.829s step_avg:160.42ms
step:2805/3250 train_time:449.989s step_avg:160.42ms
step:2806/3250 train_time:450.150s step_avg:160.42ms
step:2807/3250 train_time:450.309s step_avg:160.42ms
step:2808/3250 train_time:450.471s step_avg:160.42ms
step:2809/3250 train_time:450.630s step_avg:160.42ms
step:2810/3250 train_time:450.791s step_avg:160.42ms
step:2811/3250 train_time:450.951s step_avg:160.42ms
step:2812/3250 train_time:451.111s step_avg:160.42ms
step:2813/3250 train_time:451.273s step_avg:160.42ms
step:2814/3250 train_time:451.433s step_avg:160.42ms
step:2815/3250 train_time:451.593s step_avg:160.42ms
step:2816/3250 train_time:451.754s step_avg:160.42ms
step:2817/3250 train_time:451.914s step_avg:160.42ms
step:2818/3250 train_time:452.077s step_avg:160.42ms
step:2819/3250 train_time:452.238s step_avg:160.42ms
step:2820/3250 train_time:452.399s step_avg:160.43ms
step:2821/3250 train_time:452.561s step_avg:160.43ms
step:2822/3250 train_time:452.723s step_avg:160.43ms
step:2823/3250 train_time:452.885s step_avg:160.43ms
step:2824/3250 train_time:453.046s step_avg:160.43ms
step:2825/3250 train_time:453.208s step_avg:160.43ms
step:2826/3250 train_time:453.369s step_avg:160.43ms
step:2827/3250 train_time:453.528s step_avg:160.43ms
step:2828/3250 train_time:453.689s step_avg:160.43ms
step:2829/3250 train_time:453.850s step_avg:160.43ms
step:2830/3250 train_time:454.009s step_avg:160.43ms
step:2831/3250 train_time:454.169s step_avg:160.43ms
step:2832/3250 train_time:454.329s step_avg:160.43ms
step:2833/3250 train_time:454.495s step_avg:160.43ms
step:2834/3250 train_time:454.655s step_avg:160.43ms
step:2835/3250 train_time:454.816s step_avg:160.43ms
step:2836/3250 train_time:454.978s step_avg:160.43ms
step:2837/3250 train_time:455.139s step_avg:160.43ms
step:2838/3250 train_time:455.300s step_avg:160.43ms
step:2839/3250 train_time:455.462s step_avg:160.43ms
step:2840/3250 train_time:455.623s step_avg:160.43ms
step:2841/3250 train_time:455.783s step_avg:160.43ms
step:2842/3250 train_time:455.944s step_avg:160.43ms
step:2843/3250 train_time:456.106s step_avg:160.43ms
step:2844/3250 train_time:456.267s step_avg:160.43ms
step:2845/3250 train_time:456.427s step_avg:160.43ms
step:2846/3250 train_time:456.588s step_avg:160.43ms
step:2847/3250 train_time:456.748s step_avg:160.43ms
step:2848/3250 train_time:456.909s step_avg:160.43ms
step:2849/3250 train_time:457.069s step_avg:160.43ms
step:2850/3250 train_time:457.231s step_avg:160.43ms
step:2851/3250 train_time:457.448s step_avg:160.45ms
step:2852/3250 train_time:457.611s step_avg:160.45ms
step:2853/3250 train_time:457.771s step_avg:160.45ms
step:2854/3250 train_time:457.934s step_avg:160.45ms
step:2855/3250 train_time:458.094s step_avg:160.45ms
step:2856/3250 train_time:458.256s step_avg:160.45ms
step:2857/3250 train_time:458.417s step_avg:160.45ms
step:2858/3250 train_time:458.579s step_avg:160.45ms
step:2859/3250 train_time:458.743s step_avg:160.46ms
step:2860/3250 train_time:458.903s step_avg:160.46ms
step:2861/3250 train_time:459.064s step_avg:160.46ms
step:2862/3250 train_time:459.226s step_avg:160.46ms
step:2863/3250 train_time:459.386s step_avg:160.46ms
step:2864/3250 train_time:459.548s step_avg:160.46ms
step:2865/3250 train_time:459.708s step_avg:160.46ms
step:2866/3250 train_time:459.869s step_avg:160.46ms
step:2867/3250 train_time:460.028s step_avg:160.46ms
step:2868/3250 train_time:460.188s step_avg:160.46ms
step:2869/3250 train_time:460.350s step_avg:160.46ms
step:2870/3250 train_time:460.511s step_avg:160.46ms
step:2871/3250 train_time:460.670s step_avg:160.46ms
step:2872/3250 train_time:460.828s step_avg:160.46ms
step:2873/3250 train_time:460.989s step_avg:160.46ms
step:2874/3250 train_time:461.148s step_avg:160.46ms
step:2875/3250 train_time:461.309s step_avg:160.46ms
step:2875/3250 val_loss:3.31297 train_time:461.309s step_avg:161.44ms
probe_ema: n=84934656 align=-0.09233,-0.10606,-0.11766,-0.12653,-0.13241,-0.13522,-0.13501,-0.13207 rel_mse=1.03590,1.02922,1.02341,1.01840,1.01417,1.01069,1.00790,1.00574
step:2876/3250 train_time:461.471s step_avg:160.46ms
step:2877/3250 train_time:461.631s step_avg:160.46ms
step:2878/3250 train_time:461.793s step_avg:160.46ms
step:2879/3250 train_time:461.955s step_avg:160.46ms
step:2880/3250 train_time:462.116s step_avg:160.46ms
step:2881/3250 train_time:462.278s step_avg:160.46ms
step:2882/3250 train_time:462.439s step_avg:160.46ms
step:2883/3250 train_time:462.602s step_avg:160.46ms
step:2884/3250 train_time:462.762s step_avg:160.46ms
step:2885/3250 train_time:462.924s step_avg:160.46ms
step:2886/3250 train_time:463.087s step_avg:160.46ms
step:2887/3250 train_time:463.247s step_avg:160.46ms
step:2888/3250 train_time:463.409s step_avg:160.46ms
step:2889/3250 train_time:463.568s step_avg:160.46ms
step:2890/3250 train_time:463.730s step_avg:160.46ms
step:2891/3250 train_time:463.890s step_avg:160.46ms
step:2892/3250 train_time:464.050s step_avg:160.46ms
step:2893/3250 train_time:464.209s step_avg:160.46ms
step:2894/3250 train_time:464.369s step_avg:160.46ms
step:2895/3250 train_time:464.530s step_avg:160.46ms
step:2896/3250 train_time:464.690s step_avg:160.46ms
step:2897/3250 train_time:464.850s step_avg:160.46ms
step:2898/3250 train_time:465.011s step_avg:160.46ms
step:2899/3250 train_time:465.171s step_avg:160.46ms
step:2900/3250 train_time:465.333s step_avg:160.46ms
step:2900/3250 val_loss:3.30961 train_time:465.334s step_avg:160.97ms
probe_ema: n=84934656 align=-0.08062,-0.09792,-0.11214,-0.12301,-0.13035,-0.13408,-0.13432,-0.13148 rel_mse=1.03446,1.02877,1.02336,1.01849,1.01431,1.01084,1.00804,1.00585
step:2901/3250 train_time:465.497s step_avg:160.46ms
step:2902/3250 train_time:465.660s step_avg:160.46ms
step:2903/3250 train_time:465.823s step_avg:160.46ms
step:2904/3250 train_time:465.986s step_avg:160.46ms
step:2905/3250 train_time:466.147s step_avg:160.46ms
step:2906/3250 train_time:466.308s step_avg:160.46ms
step:2907/3250 train_time:466.470s step_avg:160.46ms
step:2908/3250 train_time:466.630s step_avg:160.46ms
step:2909/3250 train_time:466.791s step_avg:160.46ms
step:2910/3250 train_time:466.951s step_avg:160.46ms
step:2910/3250 val_loss:3.30797 train_time:466.951s step_avg:161.77ms
probe_ema: n=84934656 align=-0.07444,-0.08746,-0.09928,-0.10901,-0.11588,-0.11952,-0.11994,-0.11737 rel_mse=1.03120,1.02539,1.02043,1.01621,1.01263,1.00963,1.00719,1.00524
step:2911/3250 train_time:467.114s step_avg:160.47ms
step:2912/3250 train_time:467.275s step_avg:160.47ms
step:2913/3250 train_time:467.436s step_avg:160.47ms
step:2914/3250 train_time:467.597s step_avg:160.47ms
step:2915/3250 train_time:467.757s step_avg:160.47ms
step:2916/3250 train_time:467.916s step_avg:160.47ms
step:2917/3250 train_time:468.076s step_avg:160.46ms
step:2918/3250 train_time:468.237s step_avg:160.46ms
step:2919/3250 train_time:468.397s step_avg:160.46ms
step:2920/3250 train_time:468.558s step_avg:160.46ms
step:2920/3250 val_loss:3.30649 train_time:468.558s step_avg:160.64ms
probe_ema: n=84934656 align=-0.10525,-0.11218,-0.11868,-0.12435,-0.12865,-0.13094,-0.13075,-0.12800 rel_mse=1.04407,1.03405,1.02610,1.01988,1.01503,1.01125,1.00831,1.00605
step:2921/3250 train_time:468.722s step_avg:160.47ms
step:2922/3250 train_time:468.884s step_avg:160.47ms
step:2923/3250 train_time:469.044s step_avg:160.47ms
step:2924/3250 train_time:469.205s step_avg:160.47ms
step:2925/3250 train_time:469.364s step_avg:160.47ms
step:2925/3250 val_loss:3.30578 train_time:469.364s step_avg:161.34ms
probe_ema: n=84934656 align=-0.10131,-0.10982,-0.11764,-0.12389,-0.12819,-0.13023,-0.12972,-0.12662 rel_mse=1.04024,1.03146,1.02442,1.01878,1.01428,1.01072,1.00792,1.00576
step:2926/3250 train_time:469.526s step_avg:160.47ms
step:2927/3250 train_time:469.687s step_avg:160.47ms
step:2928/3250 train_time:469.848s step_avg:160.47ms
step:2929/3250 train_time:470.008s step_avg:160.47ms
step:2930/3250 train_time:470.168s step_avg:160.47ms
step:2930/3250 val_loss:3.30564 train_time:470.168s step_avg:160.67ms
probe_ema: n=84934656 align=-0.14466,-0.15355,-0.15887,-0.16092,-0.16023,-0.15731,-0.15247,-0.14593 rel_mse=1.04465,1.03533,1.02729,1.02061,1.01529,1.01118,1.00807,1.00577
step:2931/3250 train_time:470.333s step_avg:160.47ms
step:2932/3250 train_time:470.493s step_avg:160.47ms
step:2933/3250 train_time:470.654s step_avg:160.47ms
step:2934/3250 train_time:470.816s step_avg:160.47ms
step:2935/3250 train_time:470.977s step_avg:160.47ms
step:2936/3250 train_time:471.139s step_avg:160.47ms
step:2937/3250 train_time:471.301s step_avg:160.47ms
step:2938/3250 train_time:471.462s step_avg:160.47ms
step:2939/3250 train_time:471.625s step_avg:160.47ms
step:2940/3250 train_time:471.786s step_avg:160.47ms
step:2940/3250 val_loss:3.30397 train_time:471.787s step_avg:161.90ms
probe_ema: n=84934656 align=-0.04828,-0.06428,-0.08016,-0.09387,-0.10401,-0.11024,-0.11279,-0.11207 rel_mse=1.03077,1.02493,1.02023,1.01626,1.01281,1.00986,1.00741,1.00545
step:2941/3250 train_time:471.952s step_avg:160.47ms
step:2942/3250 train_time:472.115s step_avg:160.47ms
step:2943/3250 train_time:472.279s step_avg:160.48ms
step:2944/3250 train_time:472.438s step_avg:160.47ms
step:2945/3250 train_time:472.599s step_avg:160.47ms
step:2946/3250 train_time:472.760s step_avg:160.48ms
step:2947/3250 train_time:472.921s step_avg:160.48ms
step:2948/3250 train_time:473.083s step_avg:160.48ms
step:2949/3250 train_time:473.245s step_avg:160.48ms
step:2950/3250 train_time:473.406s step_avg:160.48ms
step:2950/3250 val_loss:3.30262 train_time:473.407s step_avg:162.00ms
probe_ema: n=84934656 align=-0.12923,-0.13813,-0.14431,-0.14784,-0.14890,-0.14763,-0.14421,-0.13873 rel_mse=1.04410,1.03474,1.02685,1.02042,1.01530,1.01131,1.00825,1.00593
step:2951/3250 train_time:473.571s step_avg:160.48ms
step:2952/3250 train_time:473.734s step_avg:160.48ms
step:2953/3250 train_time:473.895s step_avg:160.48ms
step:2954/3250 train_time:474.055s step_avg:160.48ms
step:2955/3250 train_time:474.217s step_avg:160.48ms
step:2956/3250 train_time:474.378s step_avg:160.48ms
step:2957/3250 train_time:474.539s step_avg:160.48ms
step:2958/3250 train_time:474.700s step_avg:160.48ms
step:2959/3250 train_time:474.861s step_avg:160.48ms
step:2960/3250 train_time:475.022s step_avg:160.48ms
step:2960/3250 val_loss:3.30120 train_time:475.023s step_avg:161.58ms
probe_ema: n=84934656 align=-0.08636,-0.09762,-0.10793,-0.11614,-0.12154,-0.12393,-0.12350,-0.12060 rel_mse=1.03622,1.02885,1.02278,1.01777,1.01364,1.01029,1.00762,1.00554
step:2961/3250 train_time:475.187s step_avg:160.48ms
step:2962/3250 train_time:475.350s step_avg:160.48ms
step:2963/3250 train_time:475.515s step_avg:160.48ms
step:2964/3250 train_time:475.676s step_avg:160.48ms
step:2965/3250 train_time:475.838s step_avg:160.48ms
step:2966/3250 train_time:475.998s step_avg:160.48ms
step:2967/3250 train_time:476.159s step_avg:160.48ms
step:2968/3250 train_time:476.319s step_avg:160.48ms
step:2969/3250 train_time:476.480s step_avg:160.48ms
step:2970/3250 train_time:476.641s step_avg:160.49ms
step:2970/3250 val_loss:3.29977 train_time:476.642s step_avg:161.90ms
probe_ema: n=84934656 align=-0.06068,-0.07515,-0.08780,-0.09816,-0.10578,-0.11041,-0.11204,-0.11080 rel_mse=1.03381,1.02711,1.02153,1.01690,1.01308,1.00996,1.00744,1.00545
step:2971/3250 train_time:476.805s step_avg:160.49ms
step:2972/3250 train_time:476.967s step_avg:160.49ms
step:2973/3250 train_time:477.129s step_avg:160.49ms
step:2974/3250 train_time:477.292s step_avg:160.49ms
step:2975/3250 train_time:477.455s step_avg:160.49ms
step:2975/3250 val_loss:3.29918 train_time:477.456s step_avg:162.88ms
probe_ema: n=84934656 align=-0.04707,-0.06752,-0.08396,-0.09641,-0.10508,-0.11020,-0.11203,-0.11095 rel_mse=1.03086,1.02646,1.02186,1.01750,1.01365,1.01039,1.00775,1.00567
step:2976/3250 train_time:477.621s step_avg:160.49ms
step:2977/3250 train_time:477.784s step_avg:160.49ms
step:2978/3250 train_time:477.948s step_avg:160.49ms
step:2979/3250 train_time:478.109s step_avg:160.49ms
step:2980/3250 train_time:478.269s step_avg:160.49ms
step:2980/3250 val_loss:3.29850 train_time:478.269s step_avg:162.70ms
probe_ema: n=84934656 align=-0.07348,-0.08553,-0.09667,-0.10597,-0.11275,-0.11664,-0.11765,-0.11601 rel_mse=1.03586,1.02852,1.02259,1.01774,1.01373,1.01044,1.00779,1.00570
step:2981/3250 train_time:478.434s step_avg:160.49ms
step:2982/3250 train_time:478.599s step_avg:160.50ms
step:2983/3250 train_time:478.760s step_avg:160.50ms
step:2984/3250 train_time:478.921s step_avg:160.50ms
step:2985/3250 train_time:479.083s step_avg:160.50ms
step:2986/3250 train_time:479.246s step_avg:160.50ms
step:2987/3250 train_time:479.408s step_avg:160.50ms
step:2988/3250 train_time:479.568s step_avg:160.50ms
step:2989/3250 train_time:479.729s step_avg:160.50ms
step:2990/3250 train_time:479.890s step_avg:160.50ms
step:2990/3250 val_loss:3.29758 train_time:479.891s step_avg:162.13ms
probe_ema: n=84934656 align=-0.18204,-0.18177,-0.18151,-0.18069,-0.17856,-0.17463,-0.16883,-0.16130 rel_mse=1.07106,1.05224,1.03811,1.02766,1.01999,1.01436,1.01024,1.00723
step:2991/3250 train_time:480.055s step_avg:160.50ms
step:2992/3250 train_time:480.219s step_avg:160.50ms
step:2993/3250 train_time:480.380s step_avg:160.50ms
step:2994/3250 train_time:480.541s step_avg:160.50ms
step:2995/3250 train_time:480.703s step_avg:160.50ms
step:2996/3250 train_time:480.865s step_avg:160.50ms
step:2997/3250 train_time:481.026s step_avg:160.50ms
step:2998/3250 train_time:481.186s step_avg:160.50ms
step:2999/3250 train_time:481.346s step_avg:160.50ms
step:3000/3250 train_time:481.507s step_avg:160.50ms
step:3000/3250 val_loss:3.29616 train_time:481.508s step_avg:161.69ms
probe_ema: n=84934656 align=-0.04385,-0.06032,-0.07546,-0.08808,-0.09748,-0.10345,-0.10616,-0.10602 rel_mse=1.02961,1.02469,1.02038,1.01652,1.01309,1.01012,1.00763,1.00563
step:3001/3250 train_time:481.672s step_avg:160.50ms
step:3002/3250 train_time:481.836s step_avg:160.50ms
step:3003/3250 train_time:481.997s step_avg:160.51ms
step:3004/3250 train_time:482.161s step_avg:160.51ms
step:3005/3250 train_time:482.322s step_avg:160.51ms
step:3006/3250 train_time:482.483s step_avg:160.51ms
step:3007/3250 train_time:482.644s step_avg:160.51ms
step:3008/3250 train_time:482.805s step_avg:160.51ms
step:3009/3250 train_time:482.968s step_avg:160.51ms
step:3010/3250 train_time:483.130s step_avg:160.51ms
step:3010/3250 val_loss:3.29470 train_time:483.131s step_avg:162.30ms
probe_ema: n=84934656 align=-0.05761,-0.07231,-0.08500,-0.09526,-0.10277,-0.10725,-0.10874,-0.10751 rel_mse=1.03592,1.02906,1.02313,1.01813,1.01399,1.01061,1.00790,1.00577
step:3011/3250 train_time:483.294s step_avg:160.51ms
step:3012/3250 train_time:483.458s step_avg:160.51ms
step:3013/3250 train_time:483.622s step_avg:160.51ms
step:3014/3250 train_time:483.785s step_avg:160.51ms
step:3015/3250 train_time:483.947s step_avg:160.51ms
step:3016/3250 train_time:484.110s step_avg:160.51ms
step:3017/3250 train_time:484.271s step_avg:160.51ms
step:3018/3250 train_time:484.433s step_avg:160.51ms
step:3019/3250 train_time:484.595s step_avg:160.51ms
step:3020/3250 train_time:484.755s step_avg:160.52ms
step:3020/3250 val_loss:3.29319 train_time:484.756s step_avg:162.49ms
probe_ema: n=84934656 align=-0.07526,-0.08652,-0.09725,-0.10605,-0.11216,-0.11536,-0.11581,-0.11388 rel_mse=1.03812,1.03021,1.02381,1.01856,1.01425,1.01077,1.00801,1.00586
step:3021/3250 train_time:484.922s step_avg:160.52ms
step:3022/3250 train_time:485.084s step_avg:160.52ms
step:3023/3250 train_time:485.244s step_avg:160.52ms
step:3024/3250 train_time:485.405s step_avg:160.52ms
step:3025/3250 train_time:485.566s step_avg:160.52ms
step:3025/3250 val_loss:3.29240 train_time:485.567s step_avg:162.35ms
probe_ema: n=84934656 align=-0.08803,-0.09664,-0.10551,-0.11310,-0.11840,-0.12091,-0.12064,-0.11790 rel_mse=1.04053,1.03170,1.02475,1.01917,1.01465,1.01103,1.00816,1.00593
step:3026/3250 train_time:485.730s step_avg:160.52ms
step:3027/3250 train_time:485.895s step_avg:160.52ms
step:3028/3250 train_time:486.055s step_avg:160.52ms
step:3029/3250 train_time:486.218s step_avg:160.52ms
step:3030/3250 train_time:486.380s step_avg:160.52ms
step:3030/3250 val_loss:3.29170 train_time:486.381s step_avg:162.64ms
probe_ema: n=84934656 align=-0.07319,-0.08410,-0.09402,-0.10217,-0.10788,-0.11085,-0.11112,-0.10901 rel_mse=1.03667,1.02905,1.02282,1.01774,1.01359,1.01025,1.00760,1.00554
step:3031/3250 train_time:486.542s step_avg:160.52ms
step:3032/3250 train_time:486.704s step_avg:160.52ms
step:3033/3250 train_time:486.865s step_avg:160.52ms
step:3034/3250 train_time:487.025s step_avg:160.52ms
step:3035/3250 train_time:487.188s step_avg:160.52ms
step:3036/3250 train_time:487.349s step_avg:160.52ms
step:3037/3250 train_time:487.510s step_avg:160.52ms
step:3038/3250 train_time:487.671s step_avg:160.52ms
step:3039/3250 train_time:487.833s step_avg:160.52ms
step:3040/3250 train_time:487.996s step_avg:160.52ms
step:3040/3250 val_loss:3.29050 train_time:487.996s step_avg:161.56ms
probe_ema: n=84934656 align=-0.01007,-0.02958,-0.04777,-0.06327,-0.07517,-0.08313,-0.08738,-0.08840 rel_mse=1.02432,1.02084,1.01767,1.01466,1.01182,1.00926,1.00705,1.00524
step:3041/3250 train_time:488.218s step_avg:160.55ms
step:3042/3250 train_time:488.379s step_avg:160.55ms
step:3043/3250 train_time:488.541s step_avg:160.55ms
step:3044/3250 train_time:488.702s step_avg:160.55ms
step:3045/3250 train_time:488.864s step_avg:160.55ms
step:3046/3250 train_time:489.025s step_avg:160.55ms
step:3047/3250 train_time:489.185s step_avg:160.55ms
step:3048/3250 train_time:489.346s step_avg:160.55ms
step:3049/3250 train_time:489.506s step_avg:160.55ms
step:3050/3250 train_time:489.667s step_avg:160.55ms
step:3050/3250 val_loss:3.28939 train_time:489.667s step_avg:167.10ms
probe_ema: n=84934656 align=-0.11228,-0.11862,-0.12499,-0.13011,-0.13308,-0.13349,-0.13139,-0.12714 rel_mse=1.05996,1.04377,1.03219,1.02375,1.01746,1.01275,1.00921,1.00659
step:3051/3250 train_time:489.830s step_avg:160.55ms
step:3052/3250 train_time:489.992s step_avg:160.55ms
step:3053/3250 train_time:490.154s step_avg:160.55ms
step:3054/3250 train_time:490.315s step_avg:160.55ms
step:3055/3250 train_time:490.476s step_avg:160.55ms
step:3056/3250 train_time:490.636s step_avg:160.55ms
step:3057/3250 train_time:490.797s step_avg:160.55ms
step:3058/3250 train_time:490.958s step_avg:160.55ms
step:3059/3250 train_time:491.121s step_avg:160.55ms
step:3060/3250 train_time:491.283s step_avg:160.55ms
step:3060/3250 val_loss:3.28857 train_time:491.283s step_avg:161.59ms
probe_ema: n=84934656 align=0.02481,-0.01124,-0.04266,-0.06736,-0.08472,-0.09532,-0.10041,-0.10137 rel_mse=1.01303,1.01555,1.01590,1.01458,1.01234,1.00986,1.00754,1.00560
step:3061/3250 train_time:491.450s step_avg:160.55ms
step:3062/3250 train_time:491.611s step_avg:160.55ms
step:3063/3250 train_time:491.775s step_avg:160.55ms
step:3064/3250 train_time:491.935s step_avg:160.55ms
step:3065/3250 train_time:492.094s step_avg:160.55ms
step:3066/3250 train_time:492.257s step_avg:160.55ms
step:3067/3250 train_time:492.417s step_avg:160.55ms
step:3068/3250 train_time:492.580s step_avg:160.55ms
step:3069/3250 train_time:492.741s step_avg:160.55ms
step:3070/3250 train_time:492.903s step_avg:160.55ms
step:3070/3250 val_loss:3.28720 train_time:492.903s step_avg:161.97ms
probe_ema: n=84934656 align=-0.05818,-0.07114,-0.08343,-0.09472,-0.10388,-0.10972,-0.11189,-0.11085 rel_mse=1.03108,1.02520,1.02029,1.01624,1.01284,1.00994,1.00751,1.00554
step:3071/3250 train_time:493.067s step_avg:160.56ms
step:3072/3250 train_time:493.230s step_avg:160.56ms
step:3073/3250 train_time:493.393s step_avg:160.56ms
step:3074/3250 train_time:493.552s step_avg:160.56ms
step:3075/3250 train_time:493.714s step_avg:160.56ms
step:3075/3250 val_loss:3.28647 train_time:493.715s step_avg:162.47ms
probe_ema: n=84934656 align=-0.03841,-0.05320,-0.06650,-0.07821,-0.08784,-0.09455,-0.09795,-0.09832 rel_mse=1.03108,1.02556,1.02070,1.01656,1.01306,1.01012,1.00766,1.00568
step:3076/3250 train_time:493.881s step_avg:160.56ms
step:3077/3250 train_time:494.042s step_avg:160.56ms
step:3078/3250 train_time:494.203s step_avg:160.56ms
step:3079/3250 train_time:494.366s step_avg:160.56ms
step:3080/3250 train_time:494.528s step_avg:160.56ms
step:3080/3250 val_loss:3.28587 train_time:494.528s step_avg:162.52ms
probe_ema: n=84934656 align=-0.01032,-0.03258,-0.05165,-0.06725,-0.07936,-0.08779,-0.09248,-0.09382 rel_mse=1.02489,1.02181,1.01850,1.01524,1.01224,1.00959,1.00732,1.00546
step:3081/3250 train_time:494.694s step_avg:160.56ms
step:3082/3250 train_time:494.858s step_avg:160.56ms
step:3083/3250 train_time:495.021s step_avg:160.56ms
step:3084/3250 train_time:495.181s step_avg:160.56ms
step:3085/3250 train_time:495.343s step_avg:160.57ms
step:3086/3250 train_time:495.505s step_avg:160.57ms
step:3087/3250 train_time:495.665s step_avg:160.57ms
step:3088/3250 train_time:495.827s step_avg:160.57ms
step:3089/3250 train_time:495.988s step_avg:160.57ms
step:3090/3250 train_time:496.150s step_avg:160.57ms
step:3090/3250 val_loss:3.28484 train_time:496.151s step_avg:162.29ms
probe_ema: n=84934656 align=-0.12073,-0.12889,-0.13454,-0.13781,-0.13890,-0.13782,-0.13448,-0.12909 rel_mse=1.05682,1.04340,1.03263,1.02426,1.01788,1.01305,1.00942,1.00671
step:3091/3250 train_time:496.316s step_avg:160.57ms
step:3092/3250 train_time:496.480s step_avg:160.57ms
step:3093/3250 train_time:496.640s step_avg:160.57ms
step:3094/3250 train_time:496.801s step_avg:160.57ms
step:3095/3250 train_time:496.961s step_avg:160.57ms
step:3096/3250 train_time:497.123s step_avg:160.57ms
step:3097/3250 train_time:497.285s step_avg:160.57ms
step:3098/3250 train_time:497.444s step_avg:160.57ms
step:3099/3250 train_time:497.606s step_avg:160.57ms
step:3100/3250 train_time:497.767s step_avg:160.57ms
step:3100/3250 val_loss:3.28370 train_time:497.767s step_avg:161.67ms
probe_ema: n=84934656 align=0.02839,0.00225,-0.02271,-0.04383,-0.06002,-0.07126,-0.07796,-0.08081 rel_mse=1.01633,1.01598,1.01513,1.01353,1.01142,1.00920,1.00712,1.00534
step:3101/3250 train_time:497.933s step_avg:160.57ms
step:3102/3250 train_time:498.095s step_avg:160.57ms
step:3103/3250 train_time:498.257s step_avg:160.57ms
step:3104/3250 train_time:498.420s step_avg:160.57ms
step:3105/3250 train_time:498.581s step_avg:160.57ms
step:3106/3250 train_time:498.745s step_avg:160.57ms
step:3107/3250 train_time:498.905s step_avg:160.57ms
step:3108/3250 train_time:499.067s step_avg:160.57ms
step:3109/3250 train_time:499.228s step_avg:160.58ms
step:3110/3250 train_time:499.389s step_avg:160.58ms
step:3110/3250 val_loss:3.28281 train_time:499.390s step_avg:162.22ms
probe_ema: n=84934656 align=-0.05853,-0.08181,-0.09996,-0.11321,-0.12175,-0.12590,-0.12616,-0.12327 rel_mse=1.03864,1.03402,1.02846,1.02285,1.01775,1.01340,1.00988,1.00713
step:3111/3250 train_time:499.554s step_avg:160.58ms
step:3112/3250 train_time:499.718s step_avg:160.58ms
step:3113/3250 train_time:499.879s step_avg:160.58ms
step:3114/3250 train_time:500.041s step_avg:160.58ms
step:3115/3250 train_time:500.203s step_avg:160.58ms
step:3116/3250 train_time:500.363s step_avg:160.58ms
step:3117/3250 train_time:500.523s step_avg:160.58ms
step:3118/3250 train_time:500.684s step_avg:160.58ms
step:3119/3250 train_time:500.845s step_avg:160.58ms
step:3120/3250 train_time:501.008s step_avg:160.58ms
step:3120/3250 val_loss:3.28185 train_time:501.009s step_avg:161.91ms
probe_ema: n=84934656 align=-0.03445,-0.05777,-0.07719,-0.09134,-0.10018,-0.10447,-0.10523,-0.10341 rel_mse=1.03573,1.03117,1.02604,1.02082,1.01605,1.01205,1.00885,1.00640
step:3121/3250 train_time:501.172s step_avg:160.58ms
step:3122/3250 train_time:501.334s step_avg:160.58ms
step:3123/3250 train_time:501.495s step_avg:160.58ms
step:3124/3250 train_time:501.658s step_avg:160.58ms
step:3125/3250 train_time:501.819s step_avg:160.58ms
step:3125/3250 val_loss:3.28126 train_time:501.819s step_avg:162.09ms
probe_ema: n=84934656 align=0.00492,-0.01556,-0.03763,-0.05678,-0.07066,-0.07920,-0.08340,-0.08435 rel_mse=1.02111,1.01858,1.01671,1.01455,1.01205,1.00954,1.00728,1.00541
step:3126/3250 train_time:501.985s step_avg:160.58ms
step:3127/3250 train_time:502.146s step_avg:160.58ms
step:3128/3250 train_time:502.306s step_avg:160.58ms
step:3129/3250 train_time:502.466s step_avg:160.58ms
step:3130/3250 train_time:502.627s step_avg:160.58ms
step:3130/3250 val_loss:3.28065 train_time:502.627s step_avg:161.56ms
probe_ema: n=84934656 align=-0.01298,-0.03278,-0.04943,-0.06296,-0.07331,-0.08025,-0.08375,-0.08415 rel_mse=1.02407,1.02111,1.01788,1.01472,1.01184,1.00928,1.00707,1.00525
step:3131/3250 train_time:502.790s step_avg:160.58ms
step:3132/3250 train_time:502.953s step_avg:160.59ms
step:3133/3250 train_time:503.114s step_avg:160.59ms
step:3134/3250 train_time:503.275s step_avg:160.59ms
step:3135/3250 train_time:503.437s step_avg:160.59ms
step:3136/3250 train_time:503.598s step_avg:160.59ms
step:3137/3250 train_time:503.761s step_avg:160.59ms
step:3138/3250 train_time:503.923s step_avg:160.59ms
step:3139/3250 train_time:504.084s step_avg:160.59ms
step:3140/3250 train_time:504.244s step_avg:160.59ms
step:3140/3250 val_loss:3.27969 train_time:504.245s step_avg:161.79ms
probe_ema: n=84934656 align=0.00085,-0.01562,-0.03276,-0.04861,-0.06155,-0.07057,-0.07563,-0.07735 rel_mse=1.02199,1.01822,1.01541,1.01299,1.01070,1.00853,1.00658,1.00493
step:3141/3250 train_time:504.410s step_avg:160.59ms
step:3142/3250 train_time:504.572s step_avg:160.59ms
step:3143/3250 train_time:504.734s step_avg:160.59ms
step:3144/3250 train_time:504.895s step_avg:160.59ms
step:3145/3250 train_time:505.056s step_avg:160.59ms
step:3146/3250 train_time:505.217s step_avg:160.59ms
step:3147/3250 train_time:505.378s step_avg:160.59ms
step:3148/3250 train_time:505.541s step_avg:160.59ms
step:3149/3250 train_time:505.701s step_avg:160.59ms
step:3150/3250 train_time:505.863s step_avg:160.59ms
step:3150/3250 val_loss:3.27873 train_time:505.864s step_avg:161.89ms
probe_ema: n=84934656 align=-0.00073,-0.01500,-0.02864,-0.04108,-0.05184,-0.06016,-0.06546,-0.06769 rel_mse=1.02609,1.02107,1.01699,1.01366,1.01090,1.00857,1.00658,1.00493
step:3151/3250 train_time:506.029s step_avg:160.59ms
step:3152/3250 train_time:506.191s step_avg:160.59ms
step:3153/3250 train_time:506.352s step_avg:160.59ms
step:3154/3250 train_time:506.513s step_avg:160.59ms
step:3155/3250 train_time:506.673s step_avg:160.59ms
step:3156/3250 train_time:506.835s step_avg:160.59ms
step:3157/3250 train_time:506.997s step_avg:160.59ms
step:3158/3250 train_time:507.156s step_avg:160.59ms
step:3159/3250 train_time:507.317s step_avg:160.59ms
step:3160/3250 train_time:507.478s step_avg:160.59ms
step:3160/3250 val_loss:3.27789 train_time:507.478s step_avg:161.43ms
probe_ema: n=84934656 align=0.05938,0.03257,0.00816,-0.01212,-0.02801,-0.03982,-0.04784,-0.05253 rel_mse=1.00863,1.01014,1.01040,1.00961,1.00829,1.00680,1.00536,1.00409
step:3161/3250 train_time:507.642s step_avg:160.60ms
step:3162/3250 train_time:507.805s step_avg:160.60ms
step:3163/3250 train_time:507.968s step_avg:160.60ms
step:3164/3250 train_time:508.129s step_avg:160.60ms
step:3165/3250 train_time:508.289s step_avg:160.60ms
step:3166/3250 train_time:508.450s step_avg:160.60ms
step:3167/3250 train_time:508.609s step_avg:160.60ms
step:3168/3250 train_time:508.771s step_avg:160.60ms
step:3169/3250 train_time:508.933s step_avg:160.60ms
step:3170/3250 train_time:509.093s step_avg:160.60ms
step:3170/3250 val_loss:3.27710 train_time:509.093s step_avg:161.51ms
probe_ema: n=84934656 align=0.01556,-0.00264,-0.02007,-0.03509,-0.04685,-0.05520,-0.06028,-0.06250 rel_mse=1.01872,1.01639,1.01431,1.01219,1.01002,1.00795,1.00610,1.00455
step:3171/3250 train_time:509.257s step_avg:160.60ms
step:3172/3250 train_time:509.419s step_avg:160.60ms
step:3173/3250 train_time:509.579s step_avg:160.60ms
step:3174/3250 train_time:509.740s step_avg:160.60ms
step:3175/3250 train_time:509.900s step_avg:160.60ms
step:3175/3250 val_loss:3.27667 train_time:509.901s step_avg:161.50ms
probe_ema: n=84934656 align=0.03537,0.01587,-0.00350,-0.02057,-0.03420,-0.04424,-0.05098,-0.05485 rel_mse=1.01478,1.01301,1.01162,1.01014,1.00855,1.00694,1.00544,1.00413
step:3176/3250 train_time:510.065s step_avg:160.60ms
step:3177/3250 train_time:510.225s step_avg:160.60ms
step:3178/3250 train_time:510.386s step_avg:160.60ms
step:3179/3250 train_time:510.547s step_avg:160.60ms
step:3180/3250 train_time:510.707s step_avg:160.60ms
step:3180/3250 val_loss:3.27632 train_time:510.707s step_avg:161.36ms
probe_ema: n=84934656 align=-0.01119,-0.02518,-0.03932,-0.05184,-0.06161,-0.06829,-0.07211,-0.07343 rel_mse=1.02690,1.02197,1.01800,1.01459,1.01161,1.00903,1.00686,1.00510
step:3181/3250 train_time:510.870s step_avg:160.60ms
step:3182/3250 train_time:511.032s step_avg:160.60ms
step:3183/3250 train_time:511.193s step_avg:160.60ms
step:3184/3250 train_time:511.354s step_avg:160.60ms
step:3185/3250 train_time:511.515s step_avg:160.60ms
step:3186/3250 train_time:511.677s step_avg:160.60ms
step:3187/3250 train_time:511.838s step_avg:160.60ms
step:3188/3250 train_time:512.000s step_avg:160.60ms
step:3189/3250 train_time:512.161s step_avg:160.60ms
step:3190/3250 train_time:512.323s step_avg:160.60ms
step:3190/3250 val_loss:3.27554 train_time:512.323s step_avg:161.57ms
probe_ema: n=84934656 align=0.01466,-0.00048,-0.01538,-0.02812,-0.03824,-0.04577,-0.05077,-0.05342 rel_mse=1.01931,1.01614,1.01358,1.01118,1.00898,1.00707,1.00544,1.00409
step:3191/3250 train_time:512.487s step_avg:160.60ms
step:3192/3250 train_time:512.654s step_avg:160.61ms
step:3193/3250 train_time:512.814s step_avg:160.61ms
step:3194/3250 train_time:512.975s step_avg:160.61ms
step:3195/3250 train_time:513.135s step_avg:160.61ms
step:3196/3250 train_time:513.295s step_avg:160.61ms
step:3197/3250 train_time:513.456s step_avg:160.61ms
step:3198/3250 train_time:513.616s step_avg:160.61ms
step:3199/3250 train_time:513.777s step_avg:160.61ms
step:3200/3250 train_time:513.937s step_avg:160.61ms
step:3200/3250 val_loss:3.27491 train_time:513.937s step_avg:161.37ms
probe_ema: n=84934656 align=0.05018,0.03294,0.01485,-0.00193,-0.01594,-0.02672,-0.03437,-0.03922 rel_mse=1.01042,1.00923,1.00850,1.00768,1.00664,1.00550,1.00439,1.00338
step:3201/3250 train_time:514.100s step_avg:160.61ms
step:3202/3250 train_time:514.262s step_avg:160.61ms
step:3203/3250 train_time:514.424s step_avg:160.61ms
step:3204/3250 train_time:514.585s step_avg:160.61ms
step:3205/3250 train_time:514.746s step_avg:160.61ms
step:3206/3250 train_time:514.908s step_avg:160.61ms
step:3207/3250 train_time:515.070s step_avg:160.61ms
step:3208/3250 train_time:515.231s step_avg:160.61ms
step:3209/3250 train_time:515.393s step_avg:160.61ms
step:3210/3250 train_time:515.555s step_avg:160.61ms
step:3210/3250 val_loss:3.27433 train_time:515.555s step_avg:161.83ms
probe_ema: n=84934656 align=0.05909,0.03945,0.01969,0.00246,-0.01133,-0.02178,-0.02931,-0.03433 rel_mse=1.00841,1.00800,1.00777,1.00719,1.00627,1.00521,1.00417,1.00323
step:3211/3250 train_time:515.725s step_avg:160.61ms
step:3212/3250 train_time:515.887s step_avg:160.61ms
step:3213/3250 train_time:516.049s step_avg:160.61ms
step:3214/3250 train_time:516.210s step_avg:160.61ms
step:3215/3250 train_time:516.369s step_avg:160.61ms
step:3216/3250 train_time:516.532s step_avg:160.61ms
step:3217/3250 train_time:516.693s step_avg:160.61ms
step:3218/3250 train_time:516.855s step_avg:160.61ms
step:3219/3250 train_time:517.017s step_avg:160.61ms
step:3220/3250 train_time:517.179s step_avg:160.61ms
step:3220/3250 val_loss:3.27378 train_time:517.179s step_avg:162.40ms
probe_ema: n=84934656 align=0.04478,0.03731,0.02739,0.01646,0.00577,-0.00389,-0.01201,-0.01831 rel_mse=1.01358,1.00949,1.00722,1.00580,1.00474,1.00387,1.00312,1.00246
step:3221/3250 train_time:517.342s step_avg:160.62ms
step:3222/3250 train_time:517.505s step_avg:160.62ms
step:3223/3250 train_time:517.666s step_avg:160.62ms
step:3224/3250 train_time:517.827s step_avg:160.62ms
step:3225/3250 train_time:517.989s step_avg:160.62ms
step:3225/3250 val_loss:3.27356 train_time:517.989s step_avg:162.00ms
probe_ema: n=84934656 align=0.02228,0.01748,0.01136,0.00442,-0.00276,-0.00964,-0.01575,-0.02074 rel_mse=1.02004,1.01420,1.01031,1.00771,1.00588,1.00452,1.00348,1.00266
step:3226/3250 train_time:518.152s step_avg:160.62ms
step:3227/3250 train_time:518.315s step_avg:160.62ms
step:3228/3250 train_time:518.476s step_avg:160.62ms
step:3229/3250 train_time:518.635s step_avg:160.62ms
step:3230/3250 train_time:518.796s step_avg:160.62ms
step:3230/3250 val_loss:3.27340 train_time:518.796s step_avg:161.35ms
probe_ema: n=84934656 align=0.06698,0.05137,0.03656,0.02368,0.01274,0.00350,-0.00417,-0.01030 rel_mse=1.00570,1.00502,1.00460,1.00410,1.00354,1.00297,1.00242,1.00192
step:3231/3250 train_time:519.015s step_avg:160.64ms
step:3232/3250 train_time:519.177s step_avg:160.64ms
step:3233/3250 train_time:519.337s step_avg:160.64ms
step:3234/3250 train_time:519.503s step_avg:160.64ms
step:3235/3250 train_time:519.665s step_avg:160.64ms
step:3236/3250 train_time:519.825s step_avg:160.64ms
step:3237/3250 train_time:519.986s step_avg:160.64ms
step:3238/3250 train_time:520.148s step_avg:160.64ms
step:3239/3250 train_time:520.308s step_avg:160.64ms
step:3240/3250 train_time:520.469s step_avg:160.64ms
step:3240/3250 val_loss:3.27312 train_time:520.470s step_avg:167.36ms
probe_ema: n=84934656 align=-0.00892,-0.00755,-0.00794,-0.00955,-0.01198,-0.01495,-0.01814,-0.02118 rel_mse=1.02857,1.02015,1.01417,1.00997,1.00707,1.00507,1.00367,1.00268
step:3241/3250 train_time:520.634s step_avg:160.64ms
step:3242/3250 train_time:520.800s step_avg:160.64ms
step:3243/3250 train_time:520.961s step_avg:160.64ms
step:3244/3250 train_time:521.122s step_avg:160.64ms
step:3245/3250 train_time:521.283s step_avg:160.64ms
step:3246/3250 train_time:521.443s step_avg:160.64ms
step:3247/3250 train_time:521.604s step_avg:160.64ms
step:3248/3250 train_time:521.765s step_avg:160.64ms
step:3249/3250 train_time:521.926s step_avg:160.64ms
step:3250/3250 train_time:522.086s step_avg:160.64ms
step:3250/3250 val_loss:3.27302 train_time:522.086s step_avg:161.69ms
probe_ema: n=84934656 align=0.10055,0.10429,0.10184,0.09416,0.08315,0.07070,0.05825,0.04675 rel_mse=0.99634,0.99183,0.99075,0.99173,0.99352,0.99537,0.99691,0.99805
