W0823 00:05:10.414000 113619 torch/distributed/run.py:774] 
W0823 00:05:10.414000 113619 torch/distributed/run.py:774] *****************************************
W0823 00:05:10.414000 113619 torch/distributed/run.py:774] Setting OMP_NUM_THREADS environment variable for each process to be 1 in default, to avoid your system being overloaded, please further tune the variable for optimal performance in your application as needed. 
W0823 00:05:10.414000 113619 torch/distributed/run.py:774] *****************************************
logs/04497e87-b582-40b6-bde2-d0f635509f4d.txt
step:0/3250 val_loss:10.82584 train_time:0.000s step_avg:nanms
step:1/3250 train_time:8.445s step_avg:8445.25ms
step:2/3250 train_time:8.781s step_avg:4390.35ms
step:3/3250 train_time:9.074s step_avg:3024.71ms
step:4/3250 train_time:9.368s step_avg:2341.96ms
step:5/3250 train_time:9.666s step_avg:1933.10ms
step:6/3250 train_time:9.964s step_avg:1660.69ms
step:7/3250 train_time:10.261s step_avg:1465.85ms
step:8/3250 train_time:10.562s step_avg:1320.26ms
step:9/3250 train_time:10.861s step_avg:1206.83ms
step:10/3250 train_time:11.161s step_avg:1116.06ms
step:11/3250 train_time:11.460s step_avg:1041.84ms
step:12/3250 train_time:11.761s step_avg:980.11ms
step:13/3250 train_time:12.061s step_avg:927.77ms
step:14/3250 train_time:12.362s step_avg:882.98ms
step:15/3250 train_time:12.662s step_avg:844.11ms
step:16/3250 train_time:12.962s step_avg:810.11ms
step:17/3250 train_time:13.262s step_avg:780.11ms
step:18/3250 train_time:13.561s step_avg:753.38ms
step:19/3250 train_time:13.861s step_avg:729.52ms
step:20/3250 train_time:14.162s step_avg:708.08ms
step:21/3250 train_time:14.462s step_avg:688.67ms
step:22/3250 train_time:14.761s step_avg:670.94ms
step:23/3250 train_time:15.062s step_avg:654.85ms
step:24/3250 train_time:15.362s step_avg:640.09ms
step:25/3250 train_time:15.662s step_avg:626.49ms
step:26/3250 train_time:15.961s step_avg:613.90ms
step:27/3250 train_time:16.263s step_avg:602.32ms
step:28/3250 train_time:16.562s step_avg:591.49ms
step:29/3250 train_time:16.861s step_avg:581.40ms
step:30/3250 train_time:17.162s step_avg:572.07ms
step:31/3250 train_time:17.462s step_avg:563.30ms
step:32/3250 train_time:17.762s step_avg:555.07ms
step:33/3250 train_time:18.062s step_avg:547.33ms
step:34/3250 train_time:18.363s step_avg:540.10ms
step:35/3250 train_time:18.661s step_avg:533.18ms
step:36/3250 train_time:18.962s step_avg:526.71ms
step:37/3250 train_time:19.263s step_avg:520.62ms
step:38/3250 train_time:19.562s step_avg:514.79ms
step:39/3250 train_time:19.863s step_avg:509.30ms
step:40/3250 train_time:20.163s step_avg:504.07ms
step:41/3250 train_time:20.463s step_avg:499.10ms
step:42/3250 train_time:20.762s step_avg:494.33ms
step:43/3250 train_time:21.060s step_avg:489.77ms
step:44/3250 train_time:21.360s step_avg:485.46ms
step:45/3250 train_time:21.661s step_avg:481.35ms
step:46/3250 train_time:21.962s step_avg:477.43ms
step:47/3250 train_time:22.261s step_avg:473.65ms
step:48/3250 train_time:22.558s step_avg:469.95ms
step:49/3250 train_time:22.856s step_avg:466.46ms
step:50/3250 train_time:23.156s step_avg:463.12ms
step:51/3250 train_time:23.456s step_avg:459.92ms
step:52/3250 train_time:23.755s step_avg:456.82ms
step:53/3250 train_time:24.051s step_avg:453.79ms
step:54/3250 train_time:24.350s step_avg:450.93ms
step:55/3250 train_time:24.647s step_avg:448.13ms
step:56/3250 train_time:24.945s step_avg:445.45ms
step:57/3250 train_time:25.241s step_avg:442.83ms
step:58/3250 train_time:25.541s step_avg:440.35ms
step:59/3250 train_time:25.840s step_avg:437.97ms
step:60/3250 train_time:26.140s step_avg:435.66ms
step:61/3250 train_time:26.439s step_avg:433.43ms
step:62/3250 train_time:26.739s step_avg:431.28ms
step:63/3250 train_time:27.039s step_avg:429.19ms
step:64/3250 train_time:27.339s step_avg:427.17ms
step:65/3250 train_time:27.638s step_avg:425.20ms
step:66/3250 train_time:27.938s step_avg:423.30ms
step:67/3250 train_time:28.237s step_avg:421.45ms
step:68/3250 train_time:28.538s step_avg:419.67ms
step:69/3250 train_time:28.837s step_avg:417.93ms
step:70/3250 train_time:29.137s step_avg:416.25ms
step:71/3250 train_time:29.437s step_avg:414.60ms
step:72/3250 train_time:29.732s step_avg:412.95ms
step:73/3250 train_time:30.031s step_avg:411.38ms
step:74/3250 train_time:30.330s step_avg:409.87ms
step:75/3250 train_time:30.628s step_avg:408.38ms
step:76/3250 train_time:30.930s step_avg:406.97ms
step:77/3250 train_time:31.225s step_avg:405.52ms
step:78/3250 train_time:31.523s step_avg:404.14ms
step:79/3250 train_time:31.821s step_avg:402.80ms
step:80/3250 train_time:32.121s step_avg:401.51ms
step:81/3250 train_time:32.422s step_avg:400.27ms
step:82/3250 train_time:32.721s step_avg:399.04ms
step:83/3250 train_time:33.020s step_avg:397.83ms
step:84/3250 train_time:33.320s step_avg:396.67ms
step:85/3250 train_time:33.621s step_avg:395.54ms
step:86/3250 train_time:33.920s step_avg:394.42ms
step:87/3250 train_time:34.219s step_avg:393.32ms
step:88/3250 train_time:34.519s step_avg:392.26ms
step:89/3250 train_time:34.819s step_avg:391.22ms
step:90/3250 train_time:35.118s step_avg:390.20ms
step:91/3250 train_time:35.418s step_avg:389.21ms
step:92/3250 train_time:35.717s step_avg:388.23ms
step:93/3250 train_time:36.016s step_avg:387.27ms
step:94/3250 train_time:36.316s step_avg:386.34ms
step:95/3250 train_time:36.617s step_avg:385.45ms
step:96/3250 train_time:36.915s step_avg:384.54ms
step:97/3250 train_time:37.211s step_avg:383.61ms
step:98/3250 train_time:37.509s step_avg:382.75ms
step:99/3250 train_time:37.807s step_avg:381.89ms
step:100/3250 train_time:38.105s step_avg:381.05ms
step:101/3250 train_time:38.402s step_avg:380.22ms
step:102/3250 train_time:38.701s step_avg:379.42ms
step:103/3250 train_time:39.001s step_avg:378.65ms
step:104/3250 train_time:39.300s step_avg:377.89ms
step:105/3250 train_time:39.601s step_avg:377.15ms
step:106/3250 train_time:39.900s step_avg:376.42ms
step:107/3250 train_time:40.201s step_avg:375.71ms
step:108/3250 train_time:40.501s step_avg:375.01ms
step:109/3250 train_time:40.801s step_avg:374.32ms
step:110/3250 train_time:41.102s step_avg:373.65ms
step:111/3250 train_time:41.400s step_avg:372.98ms
step:112/3250 train_time:41.700s step_avg:372.32ms
step:113/3250 train_time:42.002s step_avg:371.70ms
step:114/3250 train_time:42.300s step_avg:371.06ms
step:115/3250 train_time:42.600s step_avg:370.44ms
step:116/3250 train_time:42.900s step_avg:369.83ms
step:117/3250 train_time:43.202s step_avg:369.25ms
step:118/3250 train_time:43.501s step_avg:368.66ms
step:119/3250 train_time:43.802s step_avg:368.08ms
step:120/3250 train_time:44.101s step_avg:367.51ms
step:121/3250 train_time:44.401s step_avg:366.95ms
step:122/3250 train_time:44.703s step_avg:366.42ms
step:123/3250 train_time:45.003s step_avg:365.88ms
step:124/3250 train_time:45.303s step_avg:365.35ms
step:125/3250 train_time:45.601s step_avg:364.80ms
step:125/3250 val_loss:4.58701 train_time:45.603s step_avg:364.83ms
step:126/3250 train_time:45.901s step_avg:364.30ms
step:127/3250 train_time:46.201s step_avg:363.79ms
step:128/3250 train_time:46.500s step_avg:363.28ms
step:129/3250 train_time:46.800s step_avg:362.79ms
step:130/3250 train_time:47.100s step_avg:362.30ms
step:131/3250 train_time:47.400s step_avg:361.83ms
step:132/3250 train_time:47.699s step_avg:361.36ms
step:133/3250 train_time:48.000s step_avg:360.90ms
step:134/3250 train_time:48.300s step_avg:360.44ms
step:135/3250 train_time:48.600s step_avg:360.00ms
step:136/3250 train_time:48.899s step_avg:359.55ms
step:137/3250 train_time:49.201s step_avg:359.13ms
step:138/3250 train_time:49.500s step_avg:358.69ms
step:139/3250 train_time:49.800s step_avg:358.27ms
step:140/3250 train_time:50.100s step_avg:357.86ms
step:141/3250 train_time:50.401s step_avg:357.45ms
step:142/3250 train_time:50.700s step_avg:357.04ms
step:143/3250 train_time:50.999s step_avg:356.64ms
step:144/3250 train_time:51.299s step_avg:356.24ms
step:145/3250 train_time:51.599s step_avg:355.86ms
step:146/3250 train_time:51.900s step_avg:355.48ms
step:147/3250 train_time:52.198s step_avg:355.09ms
step:148/3250 train_time:52.498s step_avg:354.72ms
step:149/3250 train_time:52.799s step_avg:354.35ms
step:150/3250 train_time:53.099s step_avg:354.00ms
step:151/3250 train_time:53.400s step_avg:353.64ms
step:152/3250 train_time:53.700s step_avg:353.29ms
step:153/3250 train_time:53.999s step_avg:352.94ms
step:154/3250 train_time:54.299s step_avg:352.59ms
step:155/3250 train_time:54.600s step_avg:352.26ms
step:156/3250 train_time:54.900s step_avg:351.92ms
step:157/3250 train_time:55.201s step_avg:351.60ms
step:158/3250 train_time:55.500s step_avg:351.27ms
step:159/3250 train_time:55.799s step_avg:350.93ms
step:160/3250 train_time:56.099s step_avg:350.62ms
step:161/3250 train_time:56.400s step_avg:350.31ms
step:162/3250 train_time:56.699s step_avg:349.99ms
step:163/3250 train_time:56.998s step_avg:349.68ms
step:164/3250 train_time:57.298s step_avg:349.38ms
step:165/3250 train_time:57.598s step_avg:349.08ms
step:166/3250 train_time:57.900s step_avg:348.79ms
step:167/3250 train_time:58.201s step_avg:348.51ms
step:168/3250 train_time:58.500s step_avg:348.21ms
step:169/3250 train_time:58.799s step_avg:347.93ms
step:170/3250 train_time:59.100s step_avg:347.65ms
step:171/3250 train_time:59.399s step_avg:347.36ms
step:172/3250 train_time:59.698s step_avg:347.08ms
step:173/3250 train_time:59.999s step_avg:346.82ms
step:174/3250 train_time:60.300s step_avg:346.55ms
step:175/3250 train_time:60.601s step_avg:346.29ms
step:176/3250 train_time:60.900s step_avg:346.02ms
step:177/3250 train_time:61.200s step_avg:345.76ms
step:178/3250 train_time:61.500s step_avg:345.50ms
step:179/3250 train_time:61.799s step_avg:345.24ms
step:180/3250 train_time:62.099s step_avg:345.00ms
step:181/3250 train_time:62.399s step_avg:344.75ms
step:182/3250 train_time:62.701s step_avg:344.51ms
step:183/3250 train_time:63.001s step_avg:344.27ms
step:184/3250 train_time:63.300s step_avg:344.02ms
step:185/3250 train_time:63.599s step_avg:343.78ms
step:186/3250 train_time:63.899s step_avg:343.55ms
step:187/3250 train_time:64.199s step_avg:343.31ms
step:188/3250 train_time:64.500s step_avg:343.09ms
step:189/3250 train_time:64.800s step_avg:342.86ms
step:190/3250 train_time:65.100s step_avg:342.63ms
step:191/3250 train_time:65.529s step_avg:343.09ms
step:192/3250 train_time:65.826s step_avg:342.84ms
step:193/3250 train_time:66.121s step_avg:342.60ms
step:194/3250 train_time:66.422s step_avg:342.38ms
step:195/3250 train_time:66.720s step_avg:342.16ms
step:196/3250 train_time:67.018s step_avg:341.93ms
step:197/3250 train_time:67.319s step_avg:341.72ms
step:198/3250 train_time:67.619s step_avg:341.51ms
step:199/3250 train_time:67.919s step_avg:341.30ms
step:200/3250 train_time:68.220s step_avg:341.10ms
step:201/3250 train_time:68.521s step_avg:340.90ms
step:202/3250 train_time:68.820s step_avg:340.69ms
step:203/3250 train_time:69.120s step_avg:340.49ms
step:204/3250 train_time:69.421s step_avg:340.30ms
step:205/3250 train_time:69.721s step_avg:340.10ms
step:206/3250 train_time:70.019s step_avg:339.90ms
step:207/3250 train_time:70.318s step_avg:339.70ms
step:208/3250 train_time:70.620s step_avg:339.52ms
step:209/3250 train_time:70.919s step_avg:339.32ms
step:210/3250 train_time:71.218s step_avg:339.13ms
step:211/3250 train_time:71.519s step_avg:338.95ms
step:212/3250 train_time:71.819s step_avg:338.77ms
step:213/3250 train_time:72.120s step_avg:338.59ms
step:214/3250 train_time:72.420s step_avg:338.41ms
step:215/3250 train_time:72.719s step_avg:338.23ms
step:216/3250 train_time:73.019s step_avg:338.05ms
step:217/3250 train_time:73.319s step_avg:337.88ms
step:218/3250 train_time:73.619s step_avg:337.70ms
step:219/3250 train_time:73.921s step_avg:337.54ms
step:220/3250 train_time:74.220s step_avg:337.36ms
step:221/3250 train_time:74.520s step_avg:337.19ms
step:222/3250 train_time:74.820s step_avg:337.03ms
step:223/3250 train_time:75.121s step_avg:336.86ms
step:224/3250 train_time:75.420s step_avg:336.70ms
step:225/3250 train_time:75.720s step_avg:336.53ms
step:226/3250 train_time:76.020s step_avg:336.37ms
step:227/3250 train_time:76.321s step_avg:336.21ms
step:228/3250 train_time:76.620s step_avg:336.05ms
step:229/3250 train_time:76.921s step_avg:335.90ms
step:230/3250 train_time:77.219s step_avg:335.74ms
step:231/3250 train_time:77.518s step_avg:335.58ms
step:232/3250 train_time:77.820s step_avg:335.43ms
step:233/3250 train_time:78.120s step_avg:335.28ms
step:234/3250 train_time:78.420s step_avg:335.13ms
step:235/3250 train_time:78.721s step_avg:334.98ms
step:236/3250 train_time:79.020s step_avg:334.83ms
step:237/3250 train_time:79.320s step_avg:334.68ms
step:238/3250 train_time:79.621s step_avg:334.54ms
step:239/3250 train_time:79.920s step_avg:334.39ms
step:240/3250 train_time:80.220s step_avg:334.25ms
step:241/3250 train_time:80.520s step_avg:334.11ms
step:242/3250 train_time:80.820s step_avg:333.97ms
step:243/3250 train_time:81.119s step_avg:333.82ms
step:244/3250 train_time:81.420s step_avg:333.69ms
step:245/3250 train_time:81.721s step_avg:333.55ms
step:246/3250 train_time:82.020s step_avg:333.42ms
step:247/3250 train_time:82.320s step_avg:333.28ms
step:248/3250 train_time:82.620s step_avg:333.15ms
step:249/3250 train_time:82.921s step_avg:333.02ms
step:250/3250 train_time:83.222s step_avg:332.89ms
step:250/3250 val_loss:4.09991 train_time:83.222s step_avg:300.95ms
step:251/3250 train_time:83.526s step_avg:332.77ms
step:252/3250 train_time:83.822s step_avg:332.63ms
step:253/3250 train_time:84.121s step_avg:332.49ms
step:254/3250 train_time:84.420s step_avg:332.36ms
step:255/3250 train_time:84.720s step_avg:332.23ms
step:256/3250 train_time:85.018s step_avg:332.10ms
step:257/3250 train_time:85.322s step_avg:331.99ms
step:258/3250 train_time:85.622s step_avg:331.87ms
step:259/3250 train_time:85.918s step_avg:331.73ms
step:260/3250 train_time:86.219s step_avg:331.61ms
step:261/3250 train_time:86.521s step_avg:331.50ms
step:262/3250 train_time:86.821s step_avg:331.38ms
step:263/3250 train_time:87.119s step_avg:331.25ms
step:264/3250 train_time:87.420s step_avg:331.14ms
step:265/3250 train_time:87.719s step_avg:331.02ms
step:266/3250 train_time:88.018s step_avg:330.90ms
step:267/3250 train_time:88.320s step_avg:330.79ms
step:268/3250 train_time:88.620s step_avg:330.67ms
step:269/3250 train_time:88.919s step_avg:330.55ms
step:270/3250 train_time:89.219s step_avg:330.44ms
step:271/3250 train_time:89.521s step_avg:330.33ms
step:272/3250 train_time:89.821s step_avg:330.22ms
step:273/3250 train_time:90.121s step_avg:330.11ms
step:274/3250 train_time:90.419s step_avg:330.00ms
step:275/3250 train_time:90.720s step_avg:329.89ms
step:276/3250 train_time:91.019s step_avg:329.78ms
step:277/3250 train_time:91.319s step_avg:329.67ms
step:278/3250 train_time:91.622s step_avg:329.58ms
step:279/3250 train_time:91.921s step_avg:329.47ms
step:280/3250 train_time:92.220s step_avg:329.36ms
step:281/3250 train_time:92.521s step_avg:329.25ms
step:282/3250 train_time:92.820s step_avg:329.15ms
step:283/3250 train_time:93.121s step_avg:329.05ms
step:284/3250 train_time:93.420s step_avg:328.94ms
step:285/3250 train_time:93.719s step_avg:328.84ms
step:286/3250 train_time:94.020s step_avg:328.74ms
step:287/3250 train_time:94.320s step_avg:328.64ms
step:288/3250 train_time:94.620s step_avg:328.54ms
step:289/3250 train_time:94.921s step_avg:328.45ms
step:290/3250 train_time:95.222s step_avg:328.35ms
step:291/3250 train_time:95.520s step_avg:328.25ms
step:292/3250 train_time:95.820s step_avg:328.15ms
step:293/3250 train_time:96.120s step_avg:328.06ms
step:294/3250 train_time:96.420s step_avg:327.96ms
step:295/3250 train_time:96.720s step_avg:327.86ms
step:296/3250 train_time:97.022s step_avg:327.78ms
step:297/3250 train_time:97.319s step_avg:327.67ms
step:298/3250 train_time:97.619s step_avg:327.58ms
step:299/3250 train_time:97.920s step_avg:327.49ms
step:300/3250 train_time:98.219s step_avg:327.40ms
step:301/3250 train_time:98.518s step_avg:327.30ms
step:302/3250 train_time:98.819s step_avg:327.22ms
step:303/3250 train_time:99.120s step_avg:327.13ms
step:304/3250 train_time:99.419s step_avg:327.04ms
step:305/3250 train_time:99.718s step_avg:326.95ms
step:306/3250 train_time:100.019s step_avg:326.86ms
step:307/3250 train_time:100.321s step_avg:326.78ms
step:308/3250 train_time:100.619s step_avg:326.68ms
step:309/3250 train_time:100.920s step_avg:326.60ms
step:310/3250 train_time:101.218s step_avg:326.51ms
step:311/3250 train_time:101.520s step_avg:326.43ms
step:312/3250 train_time:101.819s step_avg:326.34ms
step:313/3250 train_time:102.119s step_avg:326.26ms
step:314/3250 train_time:102.420s step_avg:326.18ms
step:315/3250 train_time:102.719s step_avg:326.09ms
step:316/3250 train_time:103.018s step_avg:326.01ms
step:317/3250 train_time:103.321s step_avg:325.93ms
step:318/3250 train_time:103.623s step_avg:325.86ms
step:319/3250 train_time:103.920s step_avg:325.77ms
step:320/3250 train_time:104.221s step_avg:325.69ms
step:321/3250 train_time:104.520s step_avg:325.61ms
step:322/3250 train_time:104.820s step_avg:325.53ms
step:323/3250 train_time:105.119s step_avg:325.44ms
step:324/3250 train_time:105.420s step_avg:325.37ms
step:325/3250 train_time:105.720s step_avg:325.29ms
step:326/3250 train_time:106.019s step_avg:325.21ms
step:327/3250 train_time:106.321s step_avg:325.14ms
step:328/3250 train_time:106.620s step_avg:325.06ms
step:329/3250 train_time:106.921s step_avg:324.99ms
step:330/3250 train_time:107.221s step_avg:324.91ms
step:331/3250 train_time:107.521s step_avg:324.84ms
step:332/3250 train_time:107.819s step_avg:324.76ms
step:333/3250 train_time:108.121s step_avg:324.69ms
step:334/3250 train_time:108.419s step_avg:324.61ms
step:335/3250 train_time:108.720s step_avg:324.54ms
step:336/3250 train_time:109.020s step_avg:324.47ms
step:337/3250 train_time:109.320s step_avg:324.39ms
step:338/3250 train_time:109.619s step_avg:324.32ms
step:339/3250 train_time:109.918s step_avg:324.24ms
step:340/3250 train_time:110.217s step_avg:324.17ms
step:341/3250 train_time:110.519s step_avg:324.10ms
step:342/3250 train_time:110.819s step_avg:324.03ms
step:343/3250 train_time:111.118s step_avg:323.96ms
step:344/3250 train_time:111.420s step_avg:323.90ms
step:345/3250 train_time:111.720s step_avg:323.83ms
step:346/3250 train_time:112.019s step_avg:323.76ms
step:347/3250 train_time:112.318s step_avg:323.68ms
step:348/3250 train_time:112.620s step_avg:323.62ms
step:349/3250 train_time:112.919s step_avg:323.55ms
step:350/3250 train_time:113.220s step_avg:323.48ms
step:351/3250 train_time:113.521s step_avg:323.42ms
step:352/3250 train_time:113.822s step_avg:323.36ms
step:353/3250 train_time:114.121s step_avg:323.29ms
step:354/3250 train_time:114.419s step_avg:323.22ms
step:355/3250 train_time:114.719s step_avg:323.15ms
step:356/3250 train_time:115.020s step_avg:323.09ms
step:357/3250 train_time:115.319s step_avg:323.02ms
step:358/3250 train_time:115.620s step_avg:322.96ms
step:359/3250 train_time:115.919s step_avg:322.89ms
step:360/3250 train_time:116.219s step_avg:322.83ms
step:361/3250 train_time:116.519s step_avg:322.77ms
step:362/3250 train_time:116.819s step_avg:322.70ms
step:363/3250 train_time:117.121s step_avg:322.65ms
step:364/3250 train_time:117.419s step_avg:322.58ms
step:365/3250 train_time:117.720s step_avg:322.52ms
step:366/3250 train_time:118.019s step_avg:322.46ms
step:367/3250 train_time:118.319s step_avg:322.39ms
step:368/3250 train_time:118.617s step_avg:322.33ms
step:369/3250 train_time:118.918s step_avg:322.27ms
step:370/3250 train_time:119.218s step_avg:322.21ms
step:371/3250 train_time:119.518s step_avg:322.15ms
step:372/3250 train_time:119.818s step_avg:322.09ms
step:373/3250 train_time:120.119s step_avg:322.04ms
step:374/3250 train_time:120.420s step_avg:321.98ms
step:375/3250 train_time:120.718s step_avg:321.91ms
step:375/3250 val_loss:3.92371 train_time:120.721s step_avg:299.99ms
step:376/3250 train_time:121.019s step_avg:321.86ms
step:377/3250 train_time:121.318s step_avg:321.80ms
step:378/3250 train_time:121.617s step_avg:321.74ms
step:379/3250 train_time:121.915s step_avg:321.67ms
step:380/3250 train_time:122.214s step_avg:321.62ms
step:381/3250 train_time:122.542s step_avg:321.63ms
step:382/3250 train_time:122.837s step_avg:321.56ms
step:383/3250 train_time:123.134s step_avg:321.50ms
step:384/3250 train_time:123.438s step_avg:321.45ms
step:385/3250 train_time:123.736s step_avg:321.39ms
step:386/3250 train_time:124.033s step_avg:321.33ms
step:387/3250 train_time:124.336s step_avg:321.28ms
step:388/3250 train_time:124.635s step_avg:321.22ms
step:389/3250 train_time:124.933s step_avg:321.16ms
step:390/3250 train_time:125.235s step_avg:321.11ms
step:391/3250 train_time:125.535s step_avg:321.06ms
step:392/3250 train_time:125.835s step_avg:321.01ms
step:393/3250 train_time:126.134s step_avg:320.95ms
step:394/3250 train_time:126.433s step_avg:320.90ms
step:395/3250 train_time:126.736s step_avg:320.85ms
step:396/3250 train_time:127.034s step_avg:320.79ms
step:397/3250 train_time:127.335s step_avg:320.74ms
step:398/3250 train_time:127.636s step_avg:320.69ms
step:399/3250 train_time:127.933s step_avg:320.63ms
step:400/3250 train_time:128.233s step_avg:320.58ms
step:401/3250 train_time:128.534s step_avg:320.53ms
step:402/3250 train_time:128.833s step_avg:320.48ms
step:403/3250 train_time:129.134s step_avg:320.43ms
step:404/3250 train_time:129.434s step_avg:320.38ms
step:405/3250 train_time:129.733s step_avg:320.33ms
step:406/3250 train_time:130.034s step_avg:320.28ms
step:407/3250 train_time:130.333s step_avg:320.23ms
step:408/3250 train_time:130.633s step_avg:320.18ms
step:409/3250 train_time:130.933s step_avg:320.13ms
step:410/3250 train_time:131.233s step_avg:320.08ms
step:411/3250 train_time:131.533s step_avg:320.03ms
step:412/3250 train_time:131.833s step_avg:319.98ms
step:413/3250 train_time:132.134s step_avg:319.94ms
step:414/3250 train_time:132.434s step_avg:319.89ms
step:415/3250 train_time:132.734s step_avg:319.84ms
step:416/3250 train_time:133.035s step_avg:319.80ms
step:417/3250 train_time:133.334s step_avg:319.75ms
step:418/3250 train_time:133.633s step_avg:319.70ms
step:419/3250 train_time:133.933s step_avg:319.65ms
step:420/3250 train_time:134.233s step_avg:319.60ms
step:421/3250 train_time:134.533s step_avg:319.55ms
step:422/3250 train_time:134.834s step_avg:319.51ms
step:423/3250 train_time:135.134s step_avg:319.47ms
step:424/3250 train_time:135.435s step_avg:319.42ms
step:425/3250 train_time:135.733s step_avg:319.37ms
step:426/3250 train_time:136.033s step_avg:319.33ms
step:427/3250 train_time:136.333s step_avg:319.28ms
step:428/3250 train_time:136.633s step_avg:319.24ms
step:429/3250 train_time:136.933s step_avg:319.19ms
step:430/3250 train_time:137.231s step_avg:319.14ms
step:431/3250 train_time:137.532s step_avg:319.10ms
step:432/3250 train_time:137.833s step_avg:319.06ms
step:433/3250 train_time:138.134s step_avg:319.02ms
step:434/3250 train_time:138.434s step_avg:318.97ms
step:435/3250 train_time:138.737s step_avg:318.94ms
step:436/3250 train_time:139.037s step_avg:318.89ms
step:437/3250 train_time:139.335s step_avg:318.84ms
step:438/3250 train_time:139.634s step_avg:318.80ms
step:439/3250 train_time:139.933s step_avg:318.75ms
step:440/3250 train_time:140.234s step_avg:318.71ms
step:441/3250 train_time:140.535s step_avg:318.67ms
step:442/3250 train_time:140.835s step_avg:318.63ms
step:443/3250 train_time:141.136s step_avg:318.59ms
step:444/3250 train_time:141.435s step_avg:318.55ms
step:445/3250 train_time:141.736s step_avg:318.51ms
step:446/3250 train_time:142.035s step_avg:318.46ms
step:447/3250 train_time:142.335s step_avg:318.42ms
step:448/3250 train_time:142.636s step_avg:318.38ms
step:449/3250 train_time:142.936s step_avg:318.34ms
step:450/3250 train_time:143.234s step_avg:318.30ms
step:451/3250 train_time:143.532s step_avg:318.25ms
step:452/3250 train_time:143.835s step_avg:318.22ms
step:453/3250 train_time:144.132s step_avg:318.17ms
step:454/3250 train_time:144.433s step_avg:318.13ms
step:455/3250 train_time:144.733s step_avg:318.10ms
step:456/3250 train_time:145.034s step_avg:318.06ms
step:457/3250 train_time:145.334s step_avg:318.02ms
step:458/3250 train_time:145.633s step_avg:317.98ms
step:459/3250 train_time:145.935s step_avg:317.94ms
step:460/3250 train_time:146.234s step_avg:317.90ms
step:461/3250 train_time:146.534s step_avg:317.86ms
step:462/3250 train_time:146.835s step_avg:317.83ms
step:463/3250 train_time:147.136s step_avg:317.79ms
step:464/3250 train_time:147.434s step_avg:317.75ms
step:465/3250 train_time:147.734s step_avg:317.71ms
step:466/3250 train_time:148.032s step_avg:317.66ms
step:467/3250 train_time:148.332s step_avg:317.63ms
step:468/3250 train_time:148.631s step_avg:317.59ms
step:469/3250 train_time:148.933s step_avg:317.55ms
step:470/3250 train_time:149.234s step_avg:317.52ms
step:471/3250 train_time:149.533s step_avg:317.48ms
step:472/3250 train_time:149.832s step_avg:317.44ms
step:473/3250 train_time:150.134s step_avg:317.41ms
step:474/3250 train_time:150.433s step_avg:317.37ms
step:475/3250 train_time:150.734s step_avg:317.33ms
step:476/3250 train_time:151.035s step_avg:317.30ms
step:477/3250 train_time:151.334s step_avg:317.26ms
step:478/3250 train_time:151.634s step_avg:317.23ms
step:479/3250 train_time:151.935s step_avg:317.19ms
step:480/3250 train_time:152.236s step_avg:317.16ms
step:481/3250 train_time:152.533s step_avg:317.12ms
step:482/3250 train_time:152.833s step_avg:317.08ms
step:483/3250 train_time:153.135s step_avg:317.05ms
step:484/3250 train_time:153.434s step_avg:317.01ms
step:485/3250 train_time:153.733s step_avg:316.98ms
step:486/3250 train_time:154.031s step_avg:316.94ms
step:487/3250 train_time:154.333s step_avg:316.91ms
step:488/3250 train_time:154.634s step_avg:316.87ms
step:489/3250 train_time:154.934s step_avg:316.84ms
step:490/3250 train_time:155.236s step_avg:316.81ms
step:491/3250 train_time:155.534s step_avg:316.77ms
step:492/3250 train_time:155.833s step_avg:316.73ms
step:493/3250 train_time:156.133s step_avg:316.70ms
step:494/3250 train_time:156.435s step_avg:316.67ms
step:495/3250 train_time:156.732s step_avg:316.63ms
step:496/3250 train_time:157.034s step_avg:316.60ms
step:497/3250 train_time:157.333s step_avg:316.57ms
step:498/3250 train_time:157.633s step_avg:316.53ms
step:499/3250 train_time:157.933s step_avg:316.50ms
step:500/3250 train_time:158.235s step_avg:316.47ms
step:500/3250 val_loss:3.82536 train_time:158.236s step_avg:300.13ms
step:501/3250 train_time:158.536s step_avg:316.44ms
step:502/3250 train_time:158.834s step_avg:316.40ms
step:503/3250 train_time:159.135s step_avg:316.37ms
step:504/3250 train_time:159.436s step_avg:316.34ms
step:505/3250 train_time:159.734s step_avg:316.31ms
step:506/3250 train_time:160.033s step_avg:316.27ms
step:507/3250 train_time:160.335s step_avg:316.24ms
step:508/3250 train_time:160.635s step_avg:316.21ms
step:509/3250 train_time:160.934s step_avg:316.18ms
step:510/3250 train_time:161.235s step_avg:316.15ms
step:511/3250 train_time:161.533s step_avg:316.11ms
step:512/3250 train_time:161.834s step_avg:316.08ms
step:513/3250 train_time:162.133s step_avg:316.05ms
step:514/3250 train_time:162.433s step_avg:316.02ms
step:515/3250 train_time:162.733s step_avg:315.99ms
step:516/3250 train_time:163.033s step_avg:315.95ms
step:517/3250 train_time:163.335s step_avg:315.93ms
step:518/3250 train_time:163.633s step_avg:315.89ms
step:519/3250 train_time:163.933s step_avg:315.86ms
step:520/3250 train_time:164.234s step_avg:315.83ms
step:521/3250 train_time:164.534s step_avg:315.80ms
step:522/3250 train_time:164.832s step_avg:315.77ms
step:523/3250 train_time:165.133s step_avg:315.74ms
step:524/3250 train_time:165.432s step_avg:315.71ms
step:525/3250 train_time:165.732s step_avg:315.68ms
step:526/3250 train_time:166.032s step_avg:315.65ms
step:527/3250 train_time:166.332s step_avg:315.62ms
step:528/3250 train_time:166.635s step_avg:315.60ms
step:529/3250 train_time:166.933s step_avg:315.56ms
step:530/3250 train_time:167.233s step_avg:315.53ms
step:531/3250 train_time:167.533s step_avg:315.51ms
step:532/3250 train_time:167.833s step_avg:315.48ms
step:533/3250 train_time:168.132s step_avg:315.45ms
step:534/3250 train_time:168.432s step_avg:315.42ms
step:535/3250 train_time:168.733s step_avg:315.39ms
step:536/3250 train_time:169.033s step_avg:315.36ms
step:537/3250 train_time:169.333s step_avg:315.33ms
step:538/3250 train_time:169.632s step_avg:315.30ms
step:539/3250 train_time:169.933s step_avg:315.27ms
step:540/3250 train_time:170.232s step_avg:315.25ms
step:541/3250 train_time:170.531s step_avg:315.21ms
step:542/3250 train_time:170.832s step_avg:315.19ms
step:543/3250 train_time:171.134s step_avg:315.16ms
step:544/3250 train_time:171.433s step_avg:315.13ms
step:545/3250 train_time:171.733s step_avg:315.11ms
step:546/3250 train_time:172.033s step_avg:315.08ms
step:547/3250 train_time:172.332s step_avg:315.05ms
step:548/3250 train_time:172.633s step_avg:315.02ms
step:549/3250 train_time:172.934s step_avg:315.00ms
step:550/3250 train_time:173.233s step_avg:314.97ms
step:551/3250 train_time:173.532s step_avg:314.94ms
step:552/3250 train_time:173.832s step_avg:314.91ms
step:553/3250 train_time:174.133s step_avg:314.89ms
step:554/3250 train_time:174.433s step_avg:314.86ms
step:555/3250 train_time:174.733s step_avg:314.83ms
step:556/3250 train_time:175.033s step_avg:314.81ms
step:557/3250 train_time:175.333s step_avg:314.78ms
step:558/3250 train_time:175.634s step_avg:314.76ms
step:559/3250 train_time:175.935s step_avg:314.73ms
step:560/3250 train_time:176.233s step_avg:314.70ms
step:561/3250 train_time:176.533s step_avg:314.68ms
step:562/3250 train_time:176.832s step_avg:314.65ms
step:563/3250 train_time:177.132s step_avg:314.62ms
step:564/3250 train_time:177.432s step_avg:314.60ms
step:565/3250 train_time:177.733s step_avg:314.57ms
step:566/3250 train_time:178.032s step_avg:314.54ms
step:567/3250 train_time:178.333s step_avg:314.52ms
step:568/3250 train_time:178.633s step_avg:314.49ms
step:569/3250 train_time:178.933s step_avg:314.47ms
step:570/3250 train_time:179.234s step_avg:314.44ms
step:571/3250 train_time:179.561s step_avg:314.47ms
step:572/3250 train_time:179.855s step_avg:314.43ms
step:573/3250 train_time:180.154s step_avg:314.41ms
step:574/3250 train_time:180.457s step_avg:314.38ms
step:575/3250 train_time:180.755s step_avg:314.36ms
step:576/3250 train_time:181.052s step_avg:314.33ms
step:577/3250 train_time:181.354s step_avg:314.30ms
step:578/3250 train_time:181.654s step_avg:314.28ms
step:579/3250 train_time:181.953s step_avg:314.25ms
step:580/3250 train_time:182.253s step_avg:314.23ms
step:581/3250 train_time:182.554s step_avg:314.21ms
step:582/3250 train_time:182.854s step_avg:314.18ms
step:583/3250 train_time:183.153s step_avg:314.16ms
step:584/3250 train_time:183.453s step_avg:314.13ms
step:585/3250 train_time:183.752s step_avg:314.11ms
step:586/3250 train_time:184.052s step_avg:314.08ms
step:587/3250 train_time:184.351s step_avg:314.06ms
step:588/3250 train_time:184.651s step_avg:314.03ms
step:589/3250 train_time:184.951s step_avg:314.01ms
step:590/3250 train_time:185.250s step_avg:313.98ms
step:591/3250 train_time:185.549s step_avg:313.96ms
step:592/3250 train_time:185.849s step_avg:313.93ms
step:593/3250 train_time:186.150s step_avg:313.91ms
step:594/3250 train_time:186.450s step_avg:313.89ms
step:595/3250 train_time:186.749s step_avg:313.86ms
step:596/3250 train_time:187.049s step_avg:313.84ms
step:597/3250 train_time:187.349s step_avg:313.82ms
step:598/3250 train_time:187.649s step_avg:313.79ms
step:599/3250 train_time:187.947s step_avg:313.77ms
step:600/3250 train_time:188.244s step_avg:313.74ms
step:601/3250 train_time:188.540s step_avg:313.71ms
step:602/3250 train_time:188.835s step_avg:313.68ms
step:603/3250 train_time:189.134s step_avg:313.66ms
step:604/3250 train_time:189.434s step_avg:313.63ms
step:605/3250 train_time:189.732s step_avg:313.61ms
step:606/3250 train_time:190.033s step_avg:313.59ms
step:607/3250 train_time:190.333s step_avg:313.56ms
step:608/3250 train_time:190.633s step_avg:313.54ms
step:609/3250 train_time:190.933s step_avg:313.52ms
step:610/3250 train_time:191.234s step_avg:313.50ms
step:611/3250 train_time:191.532s step_avg:313.47ms
step:612/3250 train_time:191.832s step_avg:313.45ms
step:613/3250 train_time:192.131s step_avg:313.43ms
step:614/3250 train_time:192.432s step_avg:313.41ms
step:615/3250 train_time:192.731s step_avg:313.38ms
step:616/3250 train_time:193.030s step_avg:313.36ms
step:617/3250 train_time:193.330s step_avg:313.34ms
step:618/3250 train_time:193.631s step_avg:313.32ms
step:619/3250 train_time:193.930s step_avg:313.30ms
step:620/3250 train_time:194.229s step_avg:313.27ms
step:621/3250 train_time:194.528s step_avg:313.25ms
step:622/3250 train_time:194.825s step_avg:313.22ms
step:623/3250 train_time:195.122s step_avg:313.20ms
step:624/3250 train_time:195.417s step_avg:313.17ms
step:625/3250 train_time:195.715s step_avg:313.14ms
step:625/3250 val_loss:3.76469 train_time:195.717s step_avg:299.84ms
step:626/3250 train_time:196.017s step_avg:313.13ms
step:627/3250 train_time:196.314s step_avg:313.10ms
step:628/3250 train_time:196.614s step_avg:313.08ms
step:629/3250 train_time:196.914s step_avg:313.06ms
step:630/3250 train_time:197.215s step_avg:313.04ms
step:631/3250 train_time:197.514s step_avg:313.02ms
step:632/3250 train_time:197.814s step_avg:313.00ms
step:633/3250 train_time:198.116s step_avg:312.98ms
step:634/3250 train_time:198.415s step_avg:312.96ms
step:635/3250 train_time:198.713s step_avg:312.93ms
step:636/3250 train_time:199.012s step_avg:312.91ms
step:637/3250 train_time:199.311s step_avg:312.89ms
step:638/3250 train_time:199.612s step_avg:312.87ms
step:639/3250 train_time:199.912s step_avg:312.85ms
step:640/3250 train_time:200.210s step_avg:312.83ms
step:641/3250 train_time:200.510s step_avg:312.81ms
step:642/3250 train_time:200.809s step_avg:312.79ms
step:643/3250 train_time:201.111s step_avg:312.77ms
step:644/3250 train_time:201.408s step_avg:312.75ms
step:645/3250 train_time:201.709s step_avg:312.73ms
step:646/3250 train_time:202.010s step_avg:312.71ms
step:647/3250 train_time:202.308s step_avg:312.69ms
step:648/3250 train_time:202.606s step_avg:312.66ms
step:649/3250 train_time:202.904s step_avg:312.64ms
step:650/3250 train_time:203.201s step_avg:312.62ms
step:651/3250 train_time:203.500s step_avg:312.60ms
step:652/3250 train_time:203.797s step_avg:312.57ms
step:653/3250 train_time:204.094s step_avg:312.55ms
step:654/3250 train_time:204.395s step_avg:312.53ms
step:655/3250 train_time:204.694s step_avg:312.51ms
step:656/3250 train_time:204.993s step_avg:312.49ms
step:657/3250 train_time:205.293s step_avg:312.47ms
step:658/3250 train_time:205.592s step_avg:312.45ms
step:659/3250 train_time:205.892s step_avg:312.43ms
step:660/3250 train_time:206.192s step_avg:312.41ms
step:661/3250 train_time:206.491s step_avg:312.39ms
step:662/3250 train_time:206.790s step_avg:312.37ms
step:663/3250 train_time:207.091s step_avg:312.35ms
step:664/3250 train_time:207.392s step_avg:312.34ms
step:665/3250 train_time:207.689s step_avg:312.31ms
step:666/3250 train_time:207.988s step_avg:312.30ms
step:667/3250 train_time:208.288s step_avg:312.28ms
step:668/3250 train_time:208.585s step_avg:312.25ms
step:669/3250 train_time:208.882s step_avg:312.23ms
step:670/3250 train_time:209.177s step_avg:312.21ms
step:671/3250 train_time:209.474s step_avg:312.18ms
step:672/3250 train_time:209.772s step_avg:312.16ms
step:673/3250 train_time:210.075s step_avg:312.15ms
step:674/3250 train_time:210.373s step_avg:312.13ms
step:675/3250 train_time:210.674s step_avg:312.11ms
step:676/3250 train_time:210.972s step_avg:312.09ms
step:677/3250 train_time:211.273s step_avg:312.07ms
step:678/3250 train_time:211.572s step_avg:312.05ms
step:679/3250 train_time:211.872s step_avg:312.04ms
step:680/3250 train_time:212.172s step_avg:312.02ms
step:681/3250 train_time:212.473s step_avg:312.00ms
step:682/3250 train_time:212.773s step_avg:311.98ms
step:683/3250 train_time:213.071s step_avg:311.96ms
step:684/3250 train_time:213.375s step_avg:311.95ms
step:685/3250 train_time:213.672s step_avg:311.93ms
step:686/3250 train_time:213.973s step_avg:311.91ms
step:687/3250 train_time:214.271s step_avg:311.89ms
step:688/3250 train_time:214.570s step_avg:311.87ms
step:689/3250 train_time:214.872s step_avg:311.86ms
step:690/3250 train_time:215.170s step_avg:311.84ms
step:691/3250 train_time:215.470s step_avg:311.82ms
step:692/3250 train_time:215.769s step_avg:311.81ms
step:693/3250 train_time:216.068s step_avg:311.79ms
step:694/3250 train_time:216.366s step_avg:311.77ms
step:695/3250 train_time:216.662s step_avg:311.74ms
step:696/3250 train_time:216.960s step_avg:311.72ms
step:697/3250 train_time:217.253s step_avg:311.70ms
step:698/3250 train_time:217.554s step_avg:311.68ms
step:699/3250 train_time:217.854s step_avg:311.67ms
step:700/3250 train_time:218.153s step_avg:311.65ms
step:701/3250 train_time:218.452s step_avg:311.63ms
step:702/3250 train_time:218.753s step_avg:311.61ms
step:703/3250 train_time:219.053s step_avg:311.60ms
step:704/3250 train_time:219.352s step_avg:311.58ms
step:705/3250 train_time:219.651s step_avg:311.56ms
step:706/3250 train_time:219.952s step_avg:311.55ms
step:707/3250 train_time:220.251s step_avg:311.53ms
step:708/3250 train_time:220.551s step_avg:311.51ms
step:709/3250 train_time:220.850s step_avg:311.50ms
step:710/3250 train_time:221.150s step_avg:311.48ms
step:711/3250 train_time:221.450s step_avg:311.46ms
step:712/3250 train_time:221.748s step_avg:311.44ms
step:713/3250 train_time:222.047s step_avg:311.43ms
step:714/3250 train_time:222.343s step_avg:311.40ms
step:715/3250 train_time:222.640s step_avg:311.38ms
step:716/3250 train_time:222.937s step_avg:311.36ms
step:717/3250 train_time:223.234s step_avg:311.34ms
step:718/3250 train_time:223.532s step_avg:311.33ms
step:719/3250 train_time:223.832s step_avg:311.31ms
step:720/3250 train_time:224.130s step_avg:311.29ms
step:721/3250 train_time:224.430s step_avg:311.28ms
step:722/3250 train_time:224.730s step_avg:311.26ms
step:723/3250 train_time:225.029s step_avg:311.24ms
step:724/3250 train_time:225.329s step_avg:311.23ms
step:725/3250 train_time:225.628s step_avg:311.21ms
step:726/3250 train_time:225.928s step_avg:311.20ms
step:727/3250 train_time:226.227s step_avg:311.18ms
step:728/3250 train_time:226.527s step_avg:311.16ms
step:729/3250 train_time:226.827s step_avg:311.15ms
step:730/3250 train_time:227.124s step_avg:311.13ms
step:731/3250 train_time:227.422s step_avg:311.11ms
step:732/3250 train_time:227.718s step_avg:311.09ms
step:733/3250 train_time:228.017s step_avg:311.07ms
step:734/3250 train_time:228.314s step_avg:311.05ms
step:735/3250 train_time:228.612s step_avg:311.04ms
step:736/3250 train_time:228.912s step_avg:311.02ms
step:737/3250 train_time:229.210s step_avg:311.00ms
step:738/3250 train_time:229.510s step_avg:310.99ms
step:739/3250 train_time:229.809s step_avg:310.97ms
step:740/3250 train_time:230.108s step_avg:310.96ms
step:741/3250 train_time:230.407s step_avg:310.94ms
step:742/3250 train_time:230.705s step_avg:310.92ms
step:743/3250 train_time:231.001s step_avg:310.90ms
step:744/3250 train_time:231.297s step_avg:310.88ms
step:745/3250 train_time:231.594s step_avg:310.86ms
step:746/3250 train_time:231.894s step_avg:310.85ms
step:747/3250 train_time:232.194s step_avg:310.84ms
step:748/3250 train_time:232.493s step_avg:310.82ms
step:749/3250 train_time:232.792s step_avg:310.80ms
step:750/3250 train_time:233.092s step_avg:310.79ms
step:750/3250 val_loss:3.71939 train_time:233.095s step_avg:299.02ms
step:751/3250 train_time:233.394s step_avg:310.78ms
step:752/3250 train_time:233.695s step_avg:310.76ms
step:753/3250 train_time:233.995s step_avg:310.75ms
step:754/3250 train_time:234.295s step_avg:310.74ms
step:755/3250 train_time:234.594s step_avg:310.72ms
step:756/3250 train_time:234.893s step_avg:310.71ms
step:757/3250 train_time:235.193s step_avg:310.69ms
step:758/3250 train_time:235.493s step_avg:310.68ms
step:759/3250 train_time:235.792s step_avg:310.66ms
step:760/3250 train_time:236.092s step_avg:310.65ms
step:761/3250 train_time:236.414s step_avg:310.66ms
step:762/3250 train_time:236.712s step_avg:310.65ms
step:763/3250 train_time:237.009s step_avg:310.63ms
step:764/3250 train_time:237.311s step_avg:310.62ms
step:765/3250 train_time:237.609s step_avg:310.60ms
step:766/3250 train_time:237.906s step_avg:310.58ms
step:767/3250 train_time:238.203s step_avg:310.57ms
step:768/3250 train_time:238.501s step_avg:310.55ms
step:769/3250 train_time:238.797s step_avg:310.53ms
step:770/3250 train_time:239.095s step_avg:310.51ms
step:771/3250 train_time:239.397s step_avg:310.50ms
step:772/3250 train_time:239.694s step_avg:310.48ms
step:773/3250 train_time:239.994s step_avg:310.47ms
step:774/3250 train_time:240.295s step_avg:310.46ms
step:775/3250 train_time:240.597s step_avg:310.45ms
step:776/3250 train_time:240.895s step_avg:310.43ms
step:777/3250 train_time:241.195s step_avg:310.42ms
step:778/3250 train_time:241.494s step_avg:310.40ms
step:779/3250 train_time:241.794s step_avg:310.39ms
step:780/3250 train_time:242.096s step_avg:310.38ms
step:781/3250 train_time:242.393s step_avg:310.36ms
step:782/3250 train_time:242.694s step_avg:310.35ms
step:783/3250 train_time:242.992s step_avg:310.34ms
step:784/3250 train_time:243.293s step_avg:310.32ms
step:785/3250 train_time:243.592s step_avg:310.31ms
step:786/3250 train_time:243.893s step_avg:310.30ms
step:787/3250 train_time:244.192s step_avg:310.28ms
step:788/3250 train_time:244.491s step_avg:310.27ms
step:789/3250 train_time:244.790s step_avg:310.25ms
step:790/3250 train_time:245.090s step_avg:310.24ms
step:791/3250 train_time:245.389s step_avg:310.23ms
step:792/3250 train_time:245.689s step_avg:310.21ms
step:793/3250 train_time:245.988s step_avg:310.20ms
step:794/3250 train_time:246.287s step_avg:310.19ms
step:795/3250 train_time:246.584s step_avg:310.17ms
step:796/3250 train_time:246.880s step_avg:310.15ms
step:797/3250 train_time:247.177s step_avg:310.13ms
step:798/3250 train_time:247.476s step_avg:310.12ms
step:799/3250 train_time:247.775s step_avg:310.11ms
step:800/3250 train_time:248.072s step_avg:310.09ms
step:801/3250 train_time:248.373s step_avg:310.08ms
step:802/3250 train_time:248.673s step_avg:310.07ms
step:803/3250 train_time:248.972s step_avg:310.05ms
step:804/3250 train_time:249.269s step_avg:310.04ms
step:805/3250 train_time:249.570s step_avg:310.02ms
step:806/3250 train_time:249.866s step_avg:310.01ms
step:807/3250 train_time:250.164s step_avg:309.99ms
step:808/3250 train_time:250.459s step_avg:309.97ms
step:809/3250 train_time:250.757s step_avg:309.96ms
step:810/3250 train_time:251.056s step_avg:309.95ms
step:811/3250 train_time:251.355s step_avg:309.93ms
step:812/3250 train_time:251.656s step_avg:309.92ms
step:813/3250 train_time:251.956s step_avg:309.91ms
step:814/3250 train_time:252.255s step_avg:309.90ms
step:815/3250 train_time:252.556s step_avg:309.88ms
step:816/3250 train_time:252.856s step_avg:309.87ms
step:817/3250 train_time:253.154s step_avg:309.86ms
step:818/3250 train_time:253.454s step_avg:309.85ms
step:819/3250 train_time:253.754s step_avg:309.83ms
step:820/3250 train_time:254.055s step_avg:309.82ms
step:821/3250 train_time:254.356s step_avg:309.81ms
step:822/3250 train_time:254.655s step_avg:309.80ms
step:823/3250 train_time:254.955s step_avg:309.79ms
step:824/3250 train_time:255.256s step_avg:309.78ms
step:825/3250 train_time:255.553s step_avg:309.76ms
step:826/3250 train_time:255.851s step_avg:309.75ms
step:827/3250 train_time:256.151s step_avg:309.74ms
step:828/3250 train_time:256.450s step_avg:309.72ms
step:829/3250 train_time:256.745s step_avg:309.70ms
step:830/3250 train_time:257.039s step_avg:309.69ms
step:831/3250 train_time:257.336s step_avg:309.67ms
step:832/3250 train_time:257.635s step_avg:309.66ms
step:833/3250 train_time:257.934s step_avg:309.64ms
step:834/3250 train_time:258.234s step_avg:309.63ms
step:835/3250 train_time:258.533s step_avg:309.62ms
step:836/3250 train_time:258.832s step_avg:309.61ms
step:837/3250 train_time:259.131s step_avg:309.59ms
step:838/3250 train_time:259.431s step_avg:309.58ms
step:839/3250 train_time:259.730s step_avg:309.57ms
step:840/3250 train_time:260.030s step_avg:309.56ms
step:841/3250 train_time:260.328s step_avg:309.55ms
step:842/3250 train_time:260.625s step_avg:309.53ms
step:843/3250 train_time:260.920s step_avg:309.51ms
step:844/3250 train_time:261.216s step_avg:309.50ms
step:845/3250 train_time:261.516s step_avg:309.49ms
step:846/3250 train_time:261.816s step_avg:309.48ms
step:847/3250 train_time:262.116s step_avg:309.46ms
step:848/3250 train_time:262.415s step_avg:309.45ms
step:849/3250 train_time:262.714s step_avg:309.44ms
step:850/3250 train_time:263.014s step_avg:309.43ms
step:851/3250 train_time:263.312s step_avg:309.41ms
step:852/3250 train_time:263.610s step_avg:309.40ms
step:853/3250 train_time:263.909s step_avg:309.39ms
step:854/3250 train_time:264.205s step_avg:309.37ms
step:855/3250 train_time:264.502s step_avg:309.36ms
step:856/3250 train_time:264.796s step_avg:309.34ms
step:857/3250 train_time:265.096s step_avg:309.33ms
step:858/3250 train_time:265.395s step_avg:309.32ms
step:859/3250 train_time:265.694s step_avg:309.31ms
step:860/3250 train_time:265.994s step_avg:309.30ms
step:861/3250 train_time:266.296s step_avg:309.29ms
step:862/3250 train_time:266.595s step_avg:309.27ms
step:863/3250 train_time:266.893s step_avg:309.26ms
step:864/3250 train_time:267.195s step_avg:309.25ms
step:865/3250 train_time:267.496s step_avg:309.24ms
step:866/3250 train_time:267.795s step_avg:309.23ms
step:867/3250 train_time:268.094s step_avg:309.22ms
step:868/3250 train_time:268.396s step_avg:309.21ms
step:869/3250 train_time:268.695s step_avg:309.20ms
step:870/3250 train_time:268.994s step_avg:309.19ms
step:871/3250 train_time:269.295s step_avg:309.18ms
step:872/3250 train_time:269.595s step_avg:309.17ms
step:873/3250 train_time:269.895s step_avg:309.16ms
step:874/3250 train_time:270.195s step_avg:309.15ms
step:875/3250 train_time:270.497s step_avg:309.14ms
step:875/3250 val_loss:3.68456 train_time:270.497s step_avg:299.22ms
step:876/3250 train_time:270.798s step_avg:309.13ms
step:877/3250 train_time:271.096s step_avg:309.12ms
step:878/3250 train_time:271.396s step_avg:309.11ms
step:879/3250 train_time:271.695s step_avg:309.10ms
step:880/3250 train_time:271.994s step_avg:309.08ms
step:881/3250 train_time:272.293s step_avg:309.07ms
step:882/3250 train_time:272.593s step_avg:309.06ms
step:883/3250 train_time:272.893s step_avg:309.05ms
step:884/3250 train_time:273.192s step_avg:309.04ms
step:885/3250 train_time:273.490s step_avg:309.03ms
step:886/3250 train_time:273.788s step_avg:309.02ms
step:887/3250 train_time:274.085s step_avg:309.00ms
step:888/3250 train_time:274.382s step_avg:308.99ms
step:889/3250 train_time:274.678s step_avg:308.97ms
step:890/3250 train_time:274.978s step_avg:308.96ms
step:891/3250 train_time:275.277s step_avg:308.95ms
step:892/3250 train_time:275.576s step_avg:308.94ms
step:893/3250 train_time:275.875s step_avg:308.93ms
step:894/3250 train_time:276.177s step_avg:308.92ms
step:895/3250 train_time:276.474s step_avg:308.91ms
step:896/3250 train_time:276.774s step_avg:308.90ms
step:897/3250 train_time:277.073s step_avg:308.89ms
step:898/3250 train_time:277.374s step_avg:308.88ms
step:899/3250 train_time:277.673s step_avg:308.87ms
step:900/3250 train_time:277.970s step_avg:308.86ms
step:901/3250 train_time:278.269s step_avg:308.84ms
step:902/3250 train_time:278.568s step_avg:308.83ms
step:903/3250 train_time:278.869s step_avg:308.82ms
step:904/3250 train_time:279.175s step_avg:308.82ms
step:905/3250 train_time:279.471s step_avg:308.81ms
step:906/3250 train_time:279.768s step_avg:308.79ms
step:907/3250 train_time:280.066s step_avg:308.78ms
step:908/3250 train_time:280.362s step_avg:308.77ms
step:909/3250 train_time:280.657s step_avg:308.75ms
step:910/3250 train_time:280.961s step_avg:308.75ms
step:911/3250 train_time:281.258s step_avg:308.74ms
step:912/3250 train_time:281.557s step_avg:308.73ms
step:913/3250 train_time:281.856s step_avg:308.71ms
step:914/3250 train_time:282.154s step_avg:308.70ms
step:915/3250 train_time:282.454s step_avg:308.69ms
step:916/3250 train_time:282.754s step_avg:308.68ms
step:917/3250 train_time:283.054s step_avg:308.67ms
step:918/3250 train_time:283.353s step_avg:308.66ms
step:919/3250 train_time:283.652s step_avg:308.65ms
step:920/3250 train_time:283.951s step_avg:308.64ms
step:921/3250 train_time:284.250s step_avg:308.63ms
step:922/3250 train_time:284.549s step_avg:308.62ms
step:923/3250 train_time:284.846s step_avg:308.61ms
step:924/3250 train_time:285.142s step_avg:308.60ms
step:925/3250 train_time:285.439s step_avg:308.58ms
step:926/3250 train_time:285.739s step_avg:308.57ms
step:927/3250 train_time:286.035s step_avg:308.56ms
step:928/3250 train_time:286.335s step_avg:308.55ms
step:929/3250 train_time:286.635s step_avg:308.54ms
step:930/3250 train_time:286.934s step_avg:308.53ms
step:931/3250 train_time:287.234s step_avg:308.52ms
step:932/3250 train_time:287.532s step_avg:308.51ms
step:933/3250 train_time:287.830s step_avg:308.50ms
step:934/3250 train_time:288.129s step_avg:308.49ms
step:935/3250 train_time:288.425s step_avg:308.48ms
step:936/3250 train_time:288.723s step_avg:308.46ms
step:937/3250 train_time:289.019s step_avg:308.45ms
step:938/3250 train_time:289.317s step_avg:308.44ms
step:939/3250 train_time:289.615s step_avg:308.43ms
step:940/3250 train_time:289.914s step_avg:308.42ms
step:941/3250 train_time:290.213s step_avg:308.41ms
step:942/3250 train_time:290.512s step_avg:308.40ms
step:943/3250 train_time:290.812s step_avg:308.39ms
step:944/3250 train_time:291.111s step_avg:308.38ms
step:945/3250 train_time:291.410s step_avg:308.37ms
step:946/3250 train_time:291.706s step_avg:308.36ms
step:947/3250 train_time:292.002s step_avg:308.34ms
step:948/3250 train_time:292.300s step_avg:308.33ms
step:949/3250 train_time:292.597s step_avg:308.32ms
step:950/3250 train_time:292.896s step_avg:308.31ms
step:951/3250 train_time:293.219s step_avg:308.33ms
step:952/3250 train_time:293.515s step_avg:308.31ms
step:953/3250 train_time:293.814s step_avg:308.30ms
step:954/3250 train_time:294.117s step_avg:308.30ms
step:955/3250 train_time:294.413s step_avg:308.29ms
step:956/3250 train_time:294.710s step_avg:308.27ms
step:957/3250 train_time:295.010s step_avg:308.27ms
step:958/3250 train_time:295.306s step_avg:308.25ms
step:959/3250 train_time:295.604s step_avg:308.24ms
step:960/3250 train_time:295.900s step_avg:308.23ms
step:961/3250 train_time:296.196s step_avg:308.22ms
step:962/3250 train_time:296.496s step_avg:308.21ms
step:963/3250 train_time:296.796s step_avg:308.20ms
step:964/3250 train_time:297.095s step_avg:308.19ms
step:965/3250 train_time:297.394s step_avg:308.18ms
step:966/3250 train_time:297.695s step_avg:308.17ms
step:967/3250 train_time:297.994s step_avg:308.16ms
step:968/3250 train_time:298.294s step_avg:308.16ms
step:969/3250 train_time:298.593s step_avg:308.15ms
step:970/3250 train_time:298.891s step_avg:308.14ms
step:971/3250 train_time:299.192s step_avg:308.13ms
step:972/3250 train_time:299.492s step_avg:308.12ms
step:973/3250 train_time:299.792s step_avg:308.11ms
step:974/3250 train_time:300.091s step_avg:308.10ms
step:975/3250 train_time:300.391s step_avg:308.09ms
step:976/3250 train_time:300.691s step_avg:308.08ms
step:977/3250 train_time:300.990s step_avg:308.08ms
step:978/3250 train_time:301.287s step_avg:308.06ms
step:979/3250 train_time:301.581s step_avg:308.05ms
step:980/3250 train_time:301.876s step_avg:308.04ms
step:981/3250 train_time:302.176s step_avg:308.03ms
step:982/3250 train_time:302.476s step_avg:308.02ms
step:983/3250 train_time:302.776s step_avg:308.01ms
step:984/3250 train_time:303.074s step_avg:308.00ms
step:985/3250 train_time:303.377s step_avg:308.00ms
step:986/3250 train_time:303.674s step_avg:307.99ms
step:987/3250 train_time:303.973s step_avg:307.98ms
step:988/3250 train_time:304.272s step_avg:307.97ms
step:989/3250 train_time:304.571s step_avg:307.96ms
step:990/3250 train_time:304.871s step_avg:307.95ms
step:991/3250 train_time:305.170s step_avg:307.94ms
step:992/3250 train_time:305.465s step_avg:307.93ms
step:993/3250 train_time:305.759s step_avg:307.91ms
step:994/3250 train_time:306.056s step_avg:307.90ms
step:995/3250 train_time:306.356s step_avg:307.90ms
step:996/3250 train_time:306.656s step_avg:307.89ms
step:997/3250 train_time:306.956s step_avg:307.88ms
step:998/3250 train_time:307.256s step_avg:307.87ms
step:999/3250 train_time:307.555s step_avg:307.86ms
step:1000/3250 train_time:307.856s step_avg:307.86ms
step:1000/3250 val_loss:3.65009 train_time:307.859s step_avg:298.89ms
step:1001/3250 train_time:308.159s step_avg:307.85ms
step:1002/3250 train_time:308.926s step_avg:308.31ms
step:1003/3250 train_time:309.230s step_avg:308.31ms
step:1004/3250 train_time:309.536s step_avg:308.30ms
step:1005/3250 train_time:309.844s step_avg:308.30ms
step:1006/3250 train_time:310.151s step_avg:308.30ms
step:1007/3250 train_time:310.457s step_avg:308.30ms
step:1008/3250 train_time:310.767s step_avg:308.30ms
step:1009/3250 train_time:311.075s step_avg:308.30ms
step:1010/3250 train_time:311.384s step_avg:308.30ms
step:1011/3250 train_time:311.691s step_avg:308.30ms
step:1012/3250 train_time:312.000s step_avg:308.30ms
step:1013/3250 train_time:312.308s step_avg:308.30ms
step:1014/3250 train_time:312.616s step_avg:308.30ms
step:1015/3250 train_time:312.927s step_avg:308.30ms
step:1016/3250 train_time:313.238s step_avg:308.31ms
step:1017/3250 train_time:313.555s step_avg:308.31ms
step:1018/3250 train_time:313.862s step_avg:308.31ms
step:1019/3250 train_time:314.172s step_avg:308.31ms
step:1020/3250 train_time:314.484s step_avg:308.32ms
step:1021/3250 train_time:314.795s step_avg:308.32ms
step:1022/3250 train_time:315.118s step_avg:308.33ms
step:1023/3250 train_time:315.433s step_avg:308.34ms
step:1024/3250 train_time:315.744s step_avg:308.34ms
step:1025/3250 train_time:316.053s step_avg:308.34ms
step:1026/3250 train_time:316.364s step_avg:308.35ms
step:1027/3250 train_time:316.678s step_avg:308.35ms
step:1028/3250 train_time:316.994s step_avg:308.36ms
step:1029/3250 train_time:317.306s step_avg:308.36ms
step:1030/3250 train_time:317.614s step_avg:308.36ms
step:1031/3250 train_time:317.923s step_avg:308.36ms
step:1032/3250 train_time:318.234s step_avg:308.37ms
step:1033/3250 train_time:318.546s step_avg:308.37ms
step:1034/3250 train_time:318.854s step_avg:308.37ms
step:1035/3250 train_time:319.164s step_avg:308.37ms
step:1036/3250 train_time:319.474s step_avg:308.37ms
step:1037/3250 train_time:319.787s step_avg:308.38ms
step:1038/3250 train_time:320.098s step_avg:308.38ms
step:1039/3250 train_time:320.412s step_avg:308.39ms
step:1040/3250 train_time:320.724s step_avg:308.39ms
step:1041/3250 train_time:321.033s step_avg:308.39ms
step:1042/3250 train_time:321.344s step_avg:308.39ms
step:1043/3250 train_time:321.652s step_avg:308.39ms
step:1044/3250 train_time:321.963s step_avg:308.39ms
step:1045/3250 train_time:322.280s step_avg:308.40ms
step:1046/3250 train_time:322.588s step_avg:308.40ms
step:1047/3250 train_time:322.896s step_avg:308.40ms
step:1048/3250 train_time:323.207s step_avg:308.40ms
step:1049/3250 train_time:323.517s step_avg:308.41ms
step:1050/3250 train_time:323.830s step_avg:308.41ms
step:1051/3250 train_time:324.141s step_avg:308.41ms
step:1052/3250 train_time:324.452s step_avg:308.41ms
step:1053/3250 train_time:324.766s step_avg:308.42ms
step:1054/3250 train_time:325.075s step_avg:308.42ms
step:1055/3250 train_time:325.386s step_avg:308.42ms
step:1056/3250 train_time:325.693s step_avg:308.42ms
step:1057/3250 train_time:326.003s step_avg:308.42ms
step:1058/3250 train_time:326.312s step_avg:308.42ms
step:1059/3250 train_time:326.619s step_avg:308.42ms
step:1060/3250 train_time:326.929s step_avg:308.42ms
step:1061/3250 train_time:327.238s step_avg:308.42ms
step:1062/3250 train_time:327.547s step_avg:308.43ms
step:1063/3250 train_time:327.854s step_avg:308.42ms
step:1064/3250 train_time:328.167s step_avg:308.43ms
step:1065/3250 train_time:328.476s step_avg:308.43ms
step:1066/3250 train_time:328.788s step_avg:308.43ms
step:1067/3250 train_time:329.096s step_avg:308.43ms
step:1068/3250 train_time:329.413s step_avg:308.44ms
step:1069/3250 train_time:329.721s step_avg:308.44ms
step:1070/3250 train_time:330.030s step_avg:308.44ms
step:1071/3250 train_time:330.340s step_avg:308.44ms
step:1072/3250 train_time:330.652s step_avg:308.44ms
step:1073/3250 train_time:330.963s step_avg:308.45ms
step:1074/3250 train_time:331.276s step_avg:308.45ms
step:1075/3250 train_time:331.588s step_avg:308.45ms
step:1076/3250 train_time:331.896s step_avg:308.45ms
step:1077/3250 train_time:332.220s step_avg:308.47ms
step:1078/3250 train_time:332.531s step_avg:308.47ms
step:1079/3250 train_time:332.841s step_avg:308.47ms
step:1080/3250 train_time:333.153s step_avg:308.47ms
step:1081/3250 train_time:333.465s step_avg:308.48ms
step:1082/3250 train_time:333.779s step_avg:308.48ms
step:1083/3250 train_time:334.091s step_avg:308.49ms
step:1084/3250 train_time:334.402s step_avg:308.49ms
step:1085/3250 train_time:334.710s step_avg:308.49ms
step:1086/3250 train_time:335.016s step_avg:308.49ms
step:1087/3250 train_time:335.325s step_avg:308.49ms
step:1088/3250 train_time:335.633s step_avg:308.49ms
step:1089/3250 train_time:335.942s step_avg:308.49ms
step:1090/3250 train_time:336.252s step_avg:308.49ms
step:1091/3250 train_time:336.560s step_avg:308.49ms
step:1092/3250 train_time:336.872s step_avg:308.49ms
step:1093/3250 train_time:337.186s step_avg:308.50ms
step:1094/3250 train_time:337.494s step_avg:308.50ms
step:1095/3250 train_time:337.814s step_avg:308.51ms
step:1096/3250 train_time:338.122s step_avg:308.51ms
step:1097/3250 train_time:338.432s step_avg:308.51ms
step:1098/3250 train_time:338.741s step_avg:308.51ms
step:1099/3250 train_time:339.052s step_avg:308.51ms
step:1100/3250 train_time:339.362s step_avg:308.51ms
step:1101/3250 train_time:339.680s step_avg:308.52ms
step:1102/3250 train_time:339.999s step_avg:308.53ms
step:1103/3250 train_time:340.314s step_avg:308.54ms
step:1104/3250 train_time:340.629s step_avg:308.54ms
step:1105/3250 train_time:340.944s step_avg:308.55ms
step:1106/3250 train_time:341.260s step_avg:308.55ms
step:1107/3250 train_time:341.577s step_avg:308.56ms
step:1108/3250 train_time:341.887s step_avg:308.56ms
step:1109/3250 train_time:342.195s step_avg:308.56ms
step:1110/3250 train_time:342.510s step_avg:308.57ms
step:1111/3250 train_time:342.827s step_avg:308.57ms
step:1112/3250 train_time:343.136s step_avg:308.58ms
step:1113/3250 train_time:343.451s step_avg:308.58ms
step:1114/3250 train_time:343.764s step_avg:308.59ms
step:1115/3250 train_time:344.079s step_avg:308.59ms
step:1116/3250 train_time:344.395s step_avg:308.60ms
step:1117/3250 train_time:344.711s step_avg:308.60ms
step:1118/3250 train_time:345.026s step_avg:308.61ms
step:1119/3250 train_time:345.339s step_avg:308.61ms
step:1120/3250 train_time:345.651s step_avg:308.62ms
step:1121/3250 train_time:345.957s step_avg:308.61ms
step:1122/3250 train_time:346.265s step_avg:308.61ms
step:1123/3250 train_time:346.573s step_avg:308.61ms
step:1124/3250 train_time:346.880s step_avg:308.61ms
step:1125/3250 train_time:347.188s step_avg:308.61ms
step:1125/3250 val_loss:3.62352 train_time:347.188s step_avg:314.63ms
probe_ema: n=84934656 align=-0.35643,-0.31358,-0.27382,-0.23471 rel_mse=1.06602,1.03529,1.01851,1.00958
step:1126/3250 train_time:347.493s step_avg:308.61ms
step:1127/3250 train_time:347.800s step_avg:308.61ms
step:1128/3250 train_time:348.108s step_avg:308.61ms
step:1129/3250 train_time:348.416s step_avg:308.61ms
step:1130/3250 train_time:348.725s step_avg:308.61ms
step:1131/3250 train_time:349.028s step_avg:308.60ms
step:1132/3250 train_time:349.333s step_avg:308.60ms
step:1133/3250 train_time:349.642s step_avg:308.60ms
step:1134/3250 train_time:349.950s step_avg:308.60ms
step:1135/3250 train_time:350.257s step_avg:308.60ms
step:1136/3250 train_time:350.564s step_avg:308.60ms
step:1137/3250 train_time:350.871s step_avg:308.59ms
step:1138/3250 train_time:351.179s step_avg:308.59ms
step:1139/3250 train_time:351.491s step_avg:308.60ms
step:1140/3250 train_time:351.801s step_avg:308.60ms
step:1141/3250 train_time:352.143s step_avg:308.63ms
step:1142/3250 train_time:352.449s step_avg:308.62ms
step:1143/3250 train_time:352.758s step_avg:308.62ms
step:1144/3250 train_time:353.064s step_avg:308.62ms
step:1145/3250 train_time:353.371s step_avg:308.62ms
step:1146/3250 train_time:353.679s step_avg:308.62ms
step:1147/3250 train_time:353.987s step_avg:308.62ms
step:1148/3250 train_time:354.290s step_avg:308.62ms
step:1149/3250 train_time:354.604s step_avg:308.62ms
step:1150/3250 train_time:354.909s step_avg:308.62ms
step:1151/3250 train_time:355.214s step_avg:308.61ms
step:1152/3250 train_time:355.522s step_avg:308.61ms
step:1153/3250 train_time:355.826s step_avg:308.61ms
step:1154/3250 train_time:356.131s step_avg:308.61ms
step:1155/3250 train_time:356.439s step_avg:308.61ms
step:1156/3250 train_time:356.745s step_avg:308.60ms
step:1157/3250 train_time:357.049s step_avg:308.60ms
step:1158/3250 train_time:357.355s step_avg:308.60ms
step:1159/3250 train_time:357.664s step_avg:308.60ms
step:1160/3250 train_time:357.972s step_avg:308.60ms
step:1161/3250 train_time:358.280s step_avg:308.60ms
step:1162/3250 train_time:358.588s step_avg:308.60ms
step:1163/3250 train_time:358.898s step_avg:308.60ms
step:1164/3250 train_time:359.206s step_avg:308.60ms
step:1165/3250 train_time:359.514s step_avg:308.60ms
step:1166/3250 train_time:359.821s step_avg:308.59ms
step:1167/3250 train_time:360.126s step_avg:308.59ms
step:1168/3250 train_time:360.430s step_avg:308.59ms
step:1169/3250 train_time:360.737s step_avg:308.59ms
step:1170/3250 train_time:361.045s step_avg:308.59ms
step:1171/3250 train_time:361.350s step_avg:308.58ms
step:1172/3250 train_time:361.655s step_avg:308.58ms
step:1173/3250 train_time:361.963s step_avg:308.58ms
step:1174/3250 train_time:362.268s step_avg:308.58ms
step:1175/3250 train_time:362.575s step_avg:308.57ms
step:1176/3250 train_time:362.891s step_avg:308.58ms
step:1177/3250 train_time:363.197s step_avg:308.58ms
step:1178/3250 train_time:363.504s step_avg:308.58ms
step:1179/3250 train_time:363.809s step_avg:308.57ms
step:1180/3250 train_time:364.117s step_avg:308.57ms
step:1181/3250 train_time:364.424s step_avg:308.57ms
step:1182/3250 train_time:364.732s step_avg:308.57ms
step:1183/3250 train_time:365.042s step_avg:308.57ms
step:1184/3250 train_time:365.351s step_avg:308.57ms
step:1185/3250 train_time:365.659s step_avg:308.57ms
step:1186/3250 train_time:365.965s step_avg:308.57ms
step:1187/3250 train_time:366.272s step_avg:308.57ms
step:1188/3250 train_time:366.580s step_avg:308.57ms
step:1189/3250 train_time:366.886s step_avg:308.57ms
step:1190/3250 train_time:367.189s step_avg:308.56ms
step:1191/3250 train_time:367.495s step_avg:308.56ms
step:1192/3250 train_time:367.803s step_avg:308.56ms
step:1193/3250 train_time:368.109s step_avg:308.56ms
step:1194/3250 train_time:368.415s step_avg:308.56ms
step:1195/3250 train_time:368.723s step_avg:308.56ms
step:1196/3250 train_time:369.028s step_avg:308.55ms
step:1197/3250 train_time:369.333s step_avg:308.55ms
step:1198/3250 train_time:369.643s step_avg:308.55ms
step:1199/3250 train_time:369.948s step_avg:308.55ms
step:1200/3250 train_time:370.254s step_avg:308.55ms
step:1201/3250 train_time:370.564s step_avg:308.55ms
step:1202/3250 train_time:370.870s step_avg:308.54ms
step:1203/3250 train_time:371.176s step_avg:308.54ms
step:1204/3250 train_time:371.483s step_avg:308.54ms
step:1205/3250 train_time:371.787s step_avg:308.54ms
step:1206/3250 train_time:372.094s step_avg:308.54ms
step:1207/3250 train_time:372.405s step_avg:308.54ms
step:1208/3250 train_time:372.713s step_avg:308.54ms
step:1209/3250 train_time:373.022s step_avg:308.54ms
step:1210/3250 train_time:373.328s step_avg:308.54ms
step:1211/3250 train_time:373.634s step_avg:308.53ms
step:1212/3250 train_time:373.942s step_avg:308.53ms
step:1213/3250 train_time:374.246s step_avg:308.53ms
step:1214/3250 train_time:374.551s step_avg:308.53ms
step:1215/3250 train_time:374.858s step_avg:308.52ms
step:1216/3250 train_time:375.165s step_avg:308.52ms
step:1217/3250 train_time:375.469s step_avg:308.52ms
step:1218/3250 train_time:375.780s step_avg:308.52ms
step:1219/3250 train_time:376.091s step_avg:308.52ms
step:1220/3250 train_time:376.402s step_avg:308.53ms
step:1221/3250 train_time:376.711s step_avg:308.53ms
step:1222/3250 train_time:377.021s step_avg:308.53ms
step:1223/3250 train_time:377.331s step_avg:308.53ms
step:1224/3250 train_time:377.642s step_avg:308.53ms
step:1225/3250 train_time:377.952s step_avg:308.53ms
step:1226/3250 train_time:378.268s step_avg:308.54ms
step:1227/3250 train_time:378.582s step_avg:308.54ms
step:1228/3250 train_time:378.891s step_avg:308.54ms
step:1229/3250 train_time:379.208s step_avg:308.55ms
step:1230/3250 train_time:379.520s step_avg:308.55ms
step:1231/3250 train_time:379.829s step_avg:308.55ms
step:1232/3250 train_time:380.138s step_avg:308.55ms
step:1233/3250 train_time:380.448s step_avg:308.55ms
step:1234/3250 train_time:380.757s step_avg:308.56ms
step:1235/3250 train_time:381.066s step_avg:308.56ms
step:1236/3250 train_time:381.376s step_avg:308.56ms
step:1237/3250 train_time:381.685s step_avg:308.56ms
step:1238/3250 train_time:381.995s step_avg:308.56ms
step:1239/3250 train_time:382.314s step_avg:308.57ms
step:1240/3250 train_time:382.625s step_avg:308.57ms
step:1241/3250 train_time:382.934s step_avg:308.57ms
step:1242/3250 train_time:383.245s step_avg:308.57ms
step:1243/3250 train_time:383.555s step_avg:308.57ms
step:1244/3250 train_time:383.867s step_avg:308.57ms
step:1245/3250 train_time:384.181s step_avg:308.58ms
step:1246/3250 train_time:384.489s step_avg:308.58ms
step:1247/3250 train_time:384.798s step_avg:308.58ms
step:1248/3250 train_time:385.107s step_avg:308.58ms
step:1249/3250 train_time:385.413s step_avg:308.58ms
step:1250/3250 train_time:385.724s step_avg:308.58ms
step:1250/3250 val_loss:3.59006 train_time:385.725s step_avg:308.30ms
probe_ema: n=84934656 align=-0.42224,-0.36956,-0.32286,-0.27920 rel_mse=1.07641,1.04020,1.02091,1.01086
step:1251/3250 train_time:386.038s step_avg:308.58ms
step:1252/3250 train_time:386.347s step_avg:308.58ms
step:1253/3250 train_time:386.656s step_avg:308.58ms
step:1254/3250 train_time:386.963s step_avg:308.58ms
step:1255/3250 train_time:387.270s step_avg:308.58ms
step:1256/3250 train_time:387.580s step_avg:308.58ms
step:1257/3250 train_time:387.891s step_avg:308.58ms
step:1258/3250 train_time:388.202s step_avg:308.59ms
step:1259/3250 train_time:388.513s step_avg:308.59ms
step:1260/3250 train_time:388.820s step_avg:308.59ms
step:1261/3250 train_time:389.129s step_avg:308.59ms
step:1262/3250 train_time:389.437s step_avg:308.59ms
step:1263/3250 train_time:389.742s step_avg:308.58ms
step:1264/3250 train_time:390.050s step_avg:308.58ms
step:1265/3250 train_time:390.358s step_avg:308.58ms
step:1266/3250 train_time:390.664s step_avg:308.58ms
step:1267/3250 train_time:390.973s step_avg:308.58ms
step:1268/3250 train_time:391.279s step_avg:308.58ms
step:1269/3250 train_time:391.586s step_avg:308.58ms
step:1270/3250 train_time:391.896s step_avg:308.58ms
step:1271/3250 train_time:392.201s step_avg:308.58ms
step:1272/3250 train_time:392.511s step_avg:308.58ms
step:1273/3250 train_time:392.818s step_avg:308.58ms
step:1274/3250 train_time:393.123s step_avg:308.57ms
step:1275/3250 train_time:393.430s step_avg:308.57ms
step:1276/3250 train_time:393.740s step_avg:308.57ms
step:1277/3250 train_time:394.054s step_avg:308.58ms
step:1278/3250 train_time:394.365s step_avg:308.58ms
step:1279/3250 train_time:394.676s step_avg:308.58ms
step:1280/3250 train_time:394.983s step_avg:308.58ms
step:1281/3250 train_time:395.293s step_avg:308.58ms
step:1282/3250 train_time:395.601s step_avg:308.58ms
step:1283/3250 train_time:395.910s step_avg:308.58ms
step:1284/3250 train_time:396.219s step_avg:308.58ms
step:1285/3250 train_time:396.525s step_avg:308.58ms
step:1286/3250 train_time:396.832s step_avg:308.58ms
step:1287/3250 train_time:397.141s step_avg:308.58ms
step:1288/3250 train_time:397.450s step_avg:308.58ms
step:1289/3250 train_time:397.759s step_avg:308.58ms
step:1290/3250 train_time:398.069s step_avg:308.58ms
step:1291/3250 train_time:398.385s step_avg:308.59ms
step:1292/3250 train_time:398.700s step_avg:308.59ms
step:1293/3250 train_time:399.009s step_avg:308.59ms
step:1294/3250 train_time:399.320s step_avg:308.59ms
step:1295/3250 train_time:399.628s step_avg:308.59ms
step:1296/3250 train_time:399.940s step_avg:308.60ms
step:1297/3250 train_time:400.248s step_avg:308.60ms
step:1298/3250 train_time:400.562s step_avg:308.60ms
step:1299/3250 train_time:400.872s step_avg:308.60ms
step:1300/3250 train_time:401.191s step_avg:308.61ms
step:1301/3250 train_time:401.509s step_avg:308.62ms
step:1302/3250 train_time:401.826s step_avg:308.62ms
step:1303/3250 train_time:402.144s step_avg:308.63ms
step:1304/3250 train_time:402.462s step_avg:308.64ms
step:1305/3250 train_time:402.777s step_avg:308.64ms
step:1306/3250 train_time:403.090s step_avg:308.64ms
step:1307/3250 train_time:403.403s step_avg:308.65ms
step:1308/3250 train_time:403.713s step_avg:308.65ms
step:1309/3250 train_time:404.024s step_avg:308.65ms
step:1310/3250 train_time:404.338s step_avg:308.65ms
step:1311/3250 train_time:404.651s step_avg:308.66ms
step:1312/3250 train_time:404.966s step_avg:308.66ms
step:1313/3250 train_time:405.281s step_avg:308.67ms
step:1314/3250 train_time:405.600s step_avg:308.68ms
step:1315/3250 train_time:405.916s step_avg:308.68ms
step:1316/3250 train_time:406.232s step_avg:308.69ms
step:1317/3250 train_time:406.548s step_avg:308.69ms
step:1318/3250 train_time:406.866s step_avg:308.70ms
step:1319/3250 train_time:407.184s step_avg:308.71ms
step:1320/3250 train_time:407.489s step_avg:308.70ms
step:1321/3250 train_time:407.799s step_avg:308.70ms
step:1322/3250 train_time:408.105s step_avg:308.70ms
step:1323/3250 train_time:408.411s step_avg:308.70ms
step:1324/3250 train_time:408.717s step_avg:308.70ms
step:1325/3250 train_time:409.022s step_avg:308.70ms
step:1326/3250 train_time:409.328s step_avg:308.69ms
step:1327/3250 train_time:409.636s step_avg:308.69ms
step:1328/3250 train_time:409.945s step_avg:308.69ms
step:1329/3250 train_time:410.254s step_avg:308.69ms
step:1330/3250 train_time:410.561s step_avg:308.69ms
step:1331/3250 train_time:410.903s step_avg:308.72ms
step:1332/3250 train_time:411.210s step_avg:308.72ms
step:1333/3250 train_time:411.517s step_avg:308.71ms
step:1334/3250 train_time:411.822s step_avg:308.71ms
step:1335/3250 train_time:412.129s step_avg:308.71ms
step:1336/3250 train_time:412.442s step_avg:308.71ms
step:1337/3250 train_time:412.748s step_avg:308.71ms
step:1338/3250 train_time:413.057s step_avg:308.71ms
step:1339/3250 train_time:413.368s step_avg:308.71ms
step:1340/3250 train_time:413.678s step_avg:308.72ms
step:1341/3250 train_time:413.988s step_avg:308.72ms
step:1342/3250 train_time:414.297s step_avg:308.72ms
step:1343/3250 train_time:414.603s step_avg:308.71ms
step:1344/3250 train_time:414.911s step_avg:308.71ms
step:1345/3250 train_time:415.218s step_avg:308.71ms
step:1346/3250 train_time:415.524s step_avg:308.71ms
step:1347/3250 train_time:415.830s step_avg:308.71ms
step:1348/3250 train_time:416.136s step_avg:308.71ms
step:1349/3250 train_time:416.440s step_avg:308.70ms
step:1350/3250 train_time:416.744s step_avg:308.70ms
step:1351/3250 train_time:417.050s step_avg:308.70ms
step:1352/3250 train_time:417.357s step_avg:308.70ms
step:1353/3250 train_time:417.667s step_avg:308.70ms
step:1354/3250 train_time:417.974s step_avg:308.70ms
step:1355/3250 train_time:418.280s step_avg:308.69ms
step:1356/3250 train_time:418.585s step_avg:308.69ms
step:1357/3250 train_time:418.892s step_avg:308.69ms
step:1358/3250 train_time:419.197s step_avg:308.69ms
step:1359/3250 train_time:419.502s step_avg:308.68ms
step:1360/3250 train_time:419.811s step_avg:308.68ms
step:1361/3250 train_time:420.121s step_avg:308.69ms
step:1362/3250 train_time:420.430s step_avg:308.69ms
step:1363/3250 train_time:420.738s step_avg:308.69ms
step:1364/3250 train_time:421.044s step_avg:308.68ms
step:1365/3250 train_time:421.354s step_avg:308.68ms
step:1366/3250 train_time:421.658s step_avg:308.68ms
step:1367/3250 train_time:421.964s step_avg:308.68ms
step:1368/3250 train_time:422.271s step_avg:308.68ms
step:1369/3250 train_time:422.577s step_avg:308.68ms
step:1370/3250 train_time:422.881s step_avg:308.67ms
step:1371/3250 train_time:423.187s step_avg:308.67ms
step:1372/3250 train_time:423.494s step_avg:308.67ms
step:1373/3250 train_time:423.800s step_avg:308.67ms
step:1374/3250 train_time:424.106s step_avg:308.67ms
step:1375/3250 train_time:424.414s step_avg:308.67ms
step:1375/3250 val_loss:3.56419 train_time:424.415s step_avg:309.52ms
probe_ema: n=84934656 align=-0.39783,-0.35079,-0.31280,-0.27712 rel_mse=1.07673,1.04088,1.02126,1.01094
step:1376/3250 train_time:424.730s step_avg:308.67ms
step:1377/3250 train_time:425.034s step_avg:308.67ms
step:1378/3250 train_time:425.341s step_avg:308.67ms
step:1379/3250 train_time:425.650s step_avg:308.67ms
step:1380/3250 train_time:425.955s step_avg:308.66ms
step:1381/3250 train_time:426.261s step_avg:308.66ms
step:1382/3250 train_time:426.572s step_avg:308.66ms
step:1383/3250 train_time:426.879s step_avg:308.66ms
step:1384/3250 train_time:427.185s step_avg:308.66ms
step:1385/3250 train_time:427.490s step_avg:308.66ms
step:1386/3250 train_time:427.794s step_avg:308.65ms
step:1387/3250 train_time:428.100s step_avg:308.65ms
step:1388/3250 train_time:428.413s step_avg:308.65ms
step:1389/3250 train_time:428.724s step_avg:308.66ms
step:1390/3250 train_time:429.034s step_avg:308.66ms
step:1391/3250 train_time:429.340s step_avg:308.66ms
step:1392/3250 train_time:429.648s step_avg:308.66ms
step:1393/3250 train_time:429.956s step_avg:308.65ms
step:1394/3250 train_time:430.264s step_avg:308.65ms
step:1395/3250 train_time:430.571s step_avg:308.65ms
step:1396/3250 train_time:430.877s step_avg:308.65ms
step:1397/3250 train_time:431.182s step_avg:308.65ms
step:1398/3250 train_time:431.489s step_avg:308.65ms
step:1399/3250 train_time:431.793s step_avg:308.64ms
step:1400/3250 train_time:432.098s step_avg:308.64ms
step:1401/3250 train_time:432.406s step_avg:308.64ms
step:1402/3250 train_time:432.711s step_avg:308.64ms
step:1403/3250 train_time:433.016s step_avg:308.64ms
step:1404/3250 train_time:433.329s step_avg:308.64ms
step:1405/3250 train_time:433.637s step_avg:308.64ms
step:1406/3250 train_time:433.942s step_avg:308.64ms
step:1407/3250 train_time:434.250s step_avg:308.64ms
step:1408/3250 train_time:434.554s step_avg:308.63ms
step:1409/3250 train_time:434.860s step_avg:308.63ms
step:1410/3250 train_time:435.169s step_avg:308.63ms
step:1411/3250 train_time:435.474s step_avg:308.63ms
step:1412/3250 train_time:435.780s step_avg:308.63ms
step:1413/3250 train_time:436.090s step_avg:308.63ms
step:1414/3250 train_time:436.395s step_avg:308.62ms
step:1415/3250 train_time:436.704s step_avg:308.63ms
step:1416/3250 train_time:437.012s step_avg:308.62ms
step:1417/3250 train_time:437.323s step_avg:308.63ms
step:1418/3250 train_time:437.636s step_avg:308.63ms
step:1419/3250 train_time:437.948s step_avg:308.63ms
step:1420/3250 train_time:438.257s step_avg:308.63ms
step:1421/3250 train_time:438.563s step_avg:308.63ms
step:1422/3250 train_time:438.876s step_avg:308.63ms
step:1423/3250 train_time:439.185s step_avg:308.63ms
step:1424/3250 train_time:439.495s step_avg:308.63ms
step:1425/3250 train_time:439.807s step_avg:308.64ms
step:1426/3250 train_time:440.119s step_avg:308.64ms
step:1427/3250 train_time:440.432s step_avg:308.64ms
step:1428/3250 train_time:440.743s step_avg:308.64ms
step:1429/3250 train_time:441.054s step_avg:308.65ms
step:1430/3250 train_time:441.364s step_avg:308.65ms
step:1431/3250 train_time:441.676s step_avg:308.65ms
step:1432/3250 train_time:441.985s step_avg:308.65ms
step:1433/3250 train_time:442.294s step_avg:308.65ms
step:1434/3250 train_time:442.603s step_avg:308.65ms
step:1435/3250 train_time:442.913s step_avg:308.65ms
step:1436/3250 train_time:443.221s step_avg:308.65ms
step:1437/3250 train_time:443.537s step_avg:308.65ms
step:1438/3250 train_time:443.851s step_avg:308.66ms
step:1439/3250 train_time:444.160s step_avg:308.66ms
step:1440/3250 train_time:444.470s step_avg:308.66ms
step:1441/3250 train_time:444.785s step_avg:308.66ms
step:1442/3250 train_time:445.100s step_avg:308.67ms
step:1443/3250 train_time:445.414s step_avg:308.67ms
step:1444/3250 train_time:445.725s step_avg:308.67ms
step:1445/3250 train_time:446.034s step_avg:308.67ms
step:1446/3250 train_time:446.343s step_avg:308.67ms
step:1447/3250 train_time:446.655s step_avg:308.68ms
step:1448/3250 train_time:446.964s step_avg:308.68ms
step:1449/3250 train_time:447.274s step_avg:308.68ms
step:1450/3250 train_time:447.582s step_avg:308.68ms
step:1451/3250 train_time:447.891s step_avg:308.68ms
step:1452/3250 train_time:448.201s step_avg:308.68ms
step:1453/3250 train_time:448.514s step_avg:308.68ms
step:1454/3250 train_time:448.827s step_avg:308.68ms
step:1455/3250 train_time:449.142s step_avg:308.69ms
step:1456/3250 train_time:449.456s step_avg:308.69ms
step:1457/3250 train_time:449.771s step_avg:308.70ms
step:1458/3250 train_time:450.078s step_avg:308.70ms
step:1459/3250 train_time:450.387s step_avg:308.70ms
step:1460/3250 train_time:450.693s step_avg:308.69ms
step:1461/3250 train_time:451.002s step_avg:308.69ms
step:1462/3250 train_time:451.312s step_avg:308.70ms
step:1463/3250 train_time:451.619s step_avg:308.69ms
step:1464/3250 train_time:451.929s step_avg:308.69ms
step:1465/3250 train_time:452.239s step_avg:308.70ms
step:1466/3250 train_time:452.549s step_avg:308.70ms
step:1467/3250 train_time:452.855s step_avg:308.69ms
step:1468/3250 train_time:453.162s step_avg:308.69ms
step:1469/3250 train_time:453.473s step_avg:308.70ms
step:1470/3250 train_time:453.781s step_avg:308.69ms
step:1471/3250 train_time:454.091s step_avg:308.70ms
step:1472/3250 train_time:454.399s step_avg:308.69ms
step:1473/3250 train_time:454.710s step_avg:308.70ms
step:1474/3250 train_time:455.017s step_avg:308.70ms
step:1475/3250 train_time:455.327s step_avg:308.70ms
step:1476/3250 train_time:455.635s step_avg:308.70ms
step:1477/3250 train_time:455.943s step_avg:308.70ms
step:1478/3250 train_time:456.252s step_avg:308.70ms
step:1479/3250 train_time:456.561s step_avg:308.70ms
step:1480/3250 train_time:456.870s step_avg:308.70ms
step:1481/3250 train_time:457.180s step_avg:308.70ms
step:1482/3250 train_time:457.491s step_avg:308.70ms
step:1483/3250 train_time:457.798s step_avg:308.70ms
step:1484/3250 train_time:458.108s step_avg:308.70ms
step:1485/3250 train_time:458.416s step_avg:308.70ms
step:1486/3250 train_time:458.728s step_avg:308.70ms
step:1487/3250 train_time:459.040s step_avg:308.70ms
step:1488/3250 train_time:459.352s step_avg:308.70ms
step:1489/3250 train_time:459.659s step_avg:308.70ms
step:1490/3250 train_time:459.969s step_avg:308.70ms
step:1491/3250 train_time:460.274s step_avg:308.70ms
step:1492/3250 train_time:460.582s step_avg:308.70ms
step:1493/3250 train_time:460.891s step_avg:308.70ms
step:1494/3250 train_time:461.195s step_avg:308.70ms
step:1495/3250 train_time:461.503s step_avg:308.70ms
step:1496/3250 train_time:461.816s step_avg:308.70ms
step:1497/3250 train_time:462.123s step_avg:308.70ms
step:1498/3250 train_time:462.435s step_avg:308.70ms
step:1499/3250 train_time:462.753s step_avg:308.71ms
step:1500/3250 train_time:463.058s step_avg:308.71ms
step:1500/3250 val_loss:3.53418 train_time:463.058s step_avg:309.15ms
probe_ema: n=84934656 align=-0.32479,-0.28717,-0.25483,-0.22544 rel_mse=1.04603,1.02428,1.01270,1.00664
step:1501/3250 train_time:463.372s step_avg:308.71ms
step:1502/3250 train_time:463.692s step_avg:308.72ms
step:1503/3250 train_time:464.005s step_avg:308.72ms
step:1504/3250 train_time:464.319s step_avg:308.72ms
step:1505/3250 train_time:464.638s step_avg:308.73ms
step:1506/3250 train_time:464.954s step_avg:308.73ms
step:1507/3250 train_time:465.268s step_avg:308.74ms
step:1508/3250 train_time:465.578s step_avg:308.74ms
step:1509/3250 train_time:465.885s step_avg:308.74ms
step:1510/3250 train_time:466.191s step_avg:308.74ms
step:1511/3250 train_time:466.500s step_avg:308.74ms
step:1512/3250 train_time:466.808s step_avg:308.74ms
step:1513/3250 train_time:467.126s step_avg:308.74ms
step:1514/3250 train_time:467.439s step_avg:308.74ms
step:1515/3250 train_time:467.754s step_avg:308.75ms
step:1516/3250 train_time:468.068s step_avg:308.75ms
step:1517/3250 train_time:468.381s step_avg:308.76ms
step:1518/3250 train_time:468.693s step_avg:308.76ms
step:1519/3250 train_time:469.009s step_avg:308.76ms
step:1520/3250 train_time:469.323s step_avg:308.77ms
step:1521/3250 train_time:469.678s step_avg:308.80ms
step:1522/3250 train_time:469.995s step_avg:308.80ms
step:1523/3250 train_time:470.311s step_avg:308.81ms
step:1524/3250 train_time:470.622s step_avg:308.81ms
step:1525/3250 train_time:470.927s step_avg:308.80ms
step:1526/3250 train_time:471.233s step_avg:308.80ms
step:1527/3250 train_time:471.548s step_avg:308.81ms
step:1528/3250 train_time:471.854s step_avg:308.81ms
step:1529/3250 train_time:472.161s step_avg:308.80ms
step:1530/3250 train_time:472.467s step_avg:308.80ms
step:1531/3250 train_time:472.773s step_avg:308.80ms
step:1532/3250 train_time:473.080s step_avg:308.80ms
step:1533/3250 train_time:473.385s step_avg:308.80ms
step:1534/3250 train_time:473.689s step_avg:308.79ms
step:1535/3250 train_time:473.995s step_avg:308.79ms
step:1536/3250 train_time:474.302s step_avg:308.79ms
step:1537/3250 train_time:474.606s step_avg:308.79ms
step:1538/3250 train_time:474.916s step_avg:308.79ms
step:1539/3250 train_time:475.225s step_avg:308.79ms
step:1540/3250 train_time:475.533s step_avg:308.79ms
step:1541/3250 train_time:475.843s step_avg:308.79ms
step:1542/3250 train_time:476.150s step_avg:308.79ms
step:1543/3250 train_time:476.459s step_avg:308.79ms
step:1544/3250 train_time:476.767s step_avg:308.79ms
step:1545/3250 train_time:477.076s step_avg:308.79ms
step:1546/3250 train_time:477.383s step_avg:308.79ms
step:1547/3250 train_time:477.687s step_avg:308.78ms
step:1548/3250 train_time:477.994s step_avg:308.78ms
step:1549/3250 train_time:478.300s step_avg:308.78ms
step:1550/3250 train_time:478.605s step_avg:308.78ms
step:1551/3250 train_time:478.911s step_avg:308.78ms
step:1552/3250 train_time:479.218s step_avg:308.77ms
step:1553/3250 train_time:479.524s step_avg:308.77ms
step:1554/3250 train_time:479.828s step_avg:308.77ms
step:1555/3250 train_time:480.137s step_avg:308.77ms
step:1556/3250 train_time:480.443s step_avg:308.77ms
step:1557/3250 train_time:480.747s step_avg:308.76ms
step:1558/3250 train_time:481.053s step_avg:308.76ms
step:1559/3250 train_time:481.360s step_avg:308.76ms
step:1560/3250 train_time:481.665s step_avg:308.76ms
step:1561/3250 train_time:481.971s step_avg:308.76ms
step:1562/3250 train_time:482.278s step_avg:308.76ms
step:1563/3250 train_time:482.586s step_avg:308.76ms
step:1564/3250 train_time:482.893s step_avg:308.76ms
step:1565/3250 train_time:483.203s step_avg:308.76ms
step:1566/3250 train_time:483.510s step_avg:308.75ms
step:1567/3250 train_time:483.816s step_avg:308.75ms
step:1568/3250 train_time:484.122s step_avg:308.75ms
step:1569/3250 train_time:484.429s step_avg:308.75ms
step:1570/3250 train_time:484.736s step_avg:308.75ms
step:1571/3250 train_time:485.045s step_avg:308.75ms
step:1572/3250 train_time:485.350s step_avg:308.75ms
step:1573/3250 train_time:485.658s step_avg:308.75ms
step:1574/3250 train_time:485.964s step_avg:308.74ms
step:1575/3250 train_time:486.269s step_avg:308.74ms
step:1576/3250 train_time:486.577s step_avg:308.74ms
step:1577/3250 train_time:486.883s step_avg:308.74ms
step:1578/3250 train_time:487.188s step_avg:308.74ms
step:1579/3250 train_time:487.493s step_avg:308.74ms
step:1580/3250 train_time:487.800s step_avg:308.73ms
step:1581/3250 train_time:488.105s step_avg:308.73ms
step:1582/3250 train_time:488.412s step_avg:308.73ms
step:1583/3250 train_time:488.720s step_avg:308.73ms
step:1584/3250 train_time:489.025s step_avg:308.73ms
step:1585/3250 train_time:489.330s step_avg:308.73ms
step:1586/3250 train_time:489.637s step_avg:308.72ms
step:1587/3250 train_time:489.948s step_avg:308.73ms
step:1588/3250 train_time:490.259s step_avg:308.73ms
step:1589/3250 train_time:490.567s step_avg:308.73ms
step:1590/3250 train_time:490.873s step_avg:308.73ms
step:1591/3250 train_time:491.181s step_avg:308.72ms
step:1592/3250 train_time:491.487s step_avg:308.72ms
step:1593/3250 train_time:491.795s step_avg:308.72ms
step:1594/3250 train_time:492.105s step_avg:308.72ms
step:1595/3250 train_time:492.410s step_avg:308.72ms
step:1596/3250 train_time:492.716s step_avg:308.72ms
step:1597/3250 train_time:493.023s step_avg:308.72ms
step:1598/3250 train_time:493.329s step_avg:308.72ms
step:1599/3250 train_time:493.638s step_avg:308.72ms
step:1600/3250 train_time:493.948s step_avg:308.72ms
step:1601/3250 train_time:494.260s step_avg:308.72ms
step:1602/3250 train_time:494.570s step_avg:308.72ms
step:1603/3250 train_time:494.879s step_avg:308.72ms
step:1604/3250 train_time:495.187s step_avg:308.72ms
step:1605/3250 train_time:495.494s step_avg:308.72ms
step:1606/3250 train_time:495.801s step_avg:308.72ms
step:1607/3250 train_time:496.106s step_avg:308.72ms
step:1608/3250 train_time:496.415s step_avg:308.72ms
step:1609/3250 train_time:496.725s step_avg:308.72ms
step:1610/3250 train_time:497.031s step_avg:308.71ms
step:1611/3250 train_time:497.342s step_avg:308.72ms
step:1612/3250 train_time:497.650s step_avg:308.72ms
step:1613/3250 train_time:497.960s step_avg:308.72ms
step:1614/3250 train_time:498.269s step_avg:308.72ms
step:1615/3250 train_time:498.576s step_avg:308.72ms
step:1616/3250 train_time:498.884s step_avg:308.72ms
step:1617/3250 train_time:499.189s step_avg:308.71ms
step:1618/3250 train_time:499.497s step_avg:308.71ms
step:1619/3250 train_time:499.805s step_avg:308.71ms
step:1620/3250 train_time:500.113s step_avg:308.71ms
step:1621/3250 train_time:500.420s step_avg:308.71ms
step:1622/3250 train_time:500.726s step_avg:308.71ms
step:1623/3250 train_time:501.034s step_avg:308.71ms
step:1624/3250 train_time:501.345s step_avg:308.71ms
step:1625/3250 train_time:501.654s step_avg:308.71ms
step:1625/3250 val_loss:3.51123 train_time:501.655s step_avg:308.77ms
probe_ema: n=84934656 align=-0.26175,-0.22908,-0.19944,-0.16858 rel_mse=1.04484,1.02390,1.01251,1.00632
step:1626/3250 train_time:501.970s step_avg:308.71ms
step:1627/3250 train_time:502.293s step_avg:308.72ms
step:1628/3250 train_time:502.602s step_avg:308.72ms
step:1629/3250 train_time:502.914s step_avg:308.73ms
step:1630/3250 train_time:503.224s step_avg:308.73ms
step:1631/3250 train_time:503.540s step_avg:308.73ms
step:1632/3250 train_time:503.853s step_avg:308.73ms
step:1633/3250 train_time:504.163s step_avg:308.73ms
step:1634/3250 train_time:504.477s step_avg:308.74ms
step:1635/3250 train_time:504.791s step_avg:308.74ms
step:1636/3250 train_time:505.101s step_avg:308.74ms
step:1637/3250 train_time:505.413s step_avg:308.74ms
step:1638/3250 train_time:505.723s step_avg:308.74ms
step:1639/3250 train_time:506.034s step_avg:308.75ms
step:1640/3250 train_time:506.343s step_avg:308.75ms
step:1641/3250 train_time:506.653s step_avg:308.75ms
step:1642/3250 train_time:506.964s step_avg:308.75ms
step:1643/3250 train_time:507.291s step_avg:308.76ms
step:1644/3250 train_time:507.604s step_avg:308.76ms
step:1645/3250 train_time:507.915s step_avg:308.76ms
step:1646/3250 train_time:508.227s step_avg:308.77ms
step:1647/3250 train_time:508.539s step_avg:308.77ms
step:1648/3250 train_time:508.857s step_avg:308.77ms
step:1649/3250 train_time:509.167s step_avg:308.77ms
step:1650/3250 train_time:509.478s step_avg:308.77ms
step:1651/3250 train_time:509.788s step_avg:308.78ms
step:1652/3250 train_time:510.099s step_avg:308.78ms
step:1653/3250 train_time:510.414s step_avg:308.78ms
step:1654/3250 train_time:510.722s step_avg:308.78ms
step:1655/3250 train_time:511.031s step_avg:308.78ms
step:1656/3250 train_time:511.341s step_avg:308.78ms
step:1657/3250 train_time:511.655s step_avg:308.78ms
step:1658/3250 train_time:511.966s step_avg:308.79ms
step:1659/3250 train_time:512.276s step_avg:308.79ms
step:1660/3250 train_time:512.589s step_avg:308.79ms
step:1661/3250 train_time:512.900s step_avg:308.79ms
step:1662/3250 train_time:513.209s step_avg:308.79ms
step:1663/3250 train_time:513.517s step_avg:308.79ms
step:1664/3250 train_time:513.828s step_avg:308.79ms
step:1665/3250 train_time:514.137s step_avg:308.79ms
step:1666/3250 train_time:514.449s step_avg:308.79ms
step:1667/3250 train_time:514.760s step_avg:308.79ms
step:1668/3250 train_time:515.069s step_avg:308.79ms
step:1669/3250 train_time:515.378s step_avg:308.79ms
step:1670/3250 train_time:515.696s step_avg:308.80ms
step:1671/3250 train_time:516.005s step_avg:308.80ms
step:1672/3250 train_time:516.314s step_avg:308.80ms
step:1673/3250 train_time:516.619s step_avg:308.80ms
step:1674/3250 train_time:516.928s step_avg:308.80ms
step:1675/3250 train_time:517.235s step_avg:308.80ms
step:1676/3250 train_time:517.544s step_avg:308.80ms
step:1677/3250 train_time:517.853s step_avg:308.80ms
step:1678/3250 train_time:518.160s step_avg:308.80ms
step:1679/3250 train_time:518.468s step_avg:308.80ms
step:1680/3250 train_time:518.781s step_avg:308.80ms
step:1681/3250 train_time:519.096s step_avg:308.80ms
step:1682/3250 train_time:519.412s step_avg:308.81ms
step:1683/3250 train_time:519.722s step_avg:308.81ms
step:1684/3250 train_time:520.030s step_avg:308.81ms
step:1685/3250 train_time:520.336s step_avg:308.80ms
step:1686/3250 train_time:520.643s step_avg:308.80ms
step:1687/3250 train_time:520.953s step_avg:308.80ms
step:1688/3250 train_time:521.260s step_avg:308.80ms
step:1689/3250 train_time:521.570s step_avg:308.80ms
step:1690/3250 train_time:521.879s step_avg:308.80ms
step:1691/3250 train_time:522.189s step_avg:308.80ms
step:1692/3250 train_time:522.499s step_avg:308.81ms
step:1693/3250 train_time:522.813s step_avg:308.81ms
step:1694/3250 train_time:523.120s step_avg:308.81ms
step:1695/3250 train_time:523.430s step_avg:308.81ms
step:1696/3250 train_time:523.740s step_avg:308.81ms
step:1697/3250 train_time:524.052s step_avg:308.81ms
step:1698/3250 train_time:524.361s step_avg:308.81ms
step:1699/3250 train_time:524.673s step_avg:308.81ms
step:1700/3250 train_time:524.983s step_avg:308.81ms
step:1701/3250 train_time:525.293s step_avg:308.81ms
step:1702/3250 train_time:525.601s step_avg:308.81ms
step:1703/3250 train_time:525.913s step_avg:308.82ms
step:1704/3250 train_time:526.220s step_avg:308.81ms
step:1705/3250 train_time:526.530s step_avg:308.82ms
step:1706/3250 train_time:526.837s step_avg:308.81ms
step:1707/3250 train_time:527.146s step_avg:308.81ms
step:1708/3250 train_time:527.452s step_avg:308.81ms
step:1709/3250 train_time:527.758s step_avg:308.81ms
step:1710/3250 train_time:528.068s step_avg:308.81ms
step:1711/3250 train_time:528.413s step_avg:308.83ms
step:1712/3250 train_time:528.723s step_avg:308.83ms
step:1713/3250 train_time:529.034s step_avg:308.83ms
step:1714/3250 train_time:529.346s step_avg:308.84ms
step:1715/3250 train_time:529.660s step_avg:308.84ms
step:1716/3250 train_time:529.976s step_avg:308.84ms
step:1717/3250 train_time:530.290s step_avg:308.85ms
step:1718/3250 train_time:530.603s step_avg:308.85ms
step:1719/3250 train_time:530.916s step_avg:308.85ms
step:1720/3250 train_time:531.225s step_avg:308.85ms
step:1721/3250 train_time:531.532s step_avg:308.85ms
step:1722/3250 train_time:531.839s step_avg:308.85ms
step:1723/3250 train_time:532.149s step_avg:308.85ms
step:1724/3250 train_time:532.456s step_avg:308.85ms
step:1725/3250 train_time:532.771s step_avg:308.85ms
step:1726/3250 train_time:533.085s step_avg:308.86ms
step:1727/3250 train_time:533.398s step_avg:308.86ms
step:1728/3250 train_time:533.711s step_avg:308.86ms
step:1729/3250 train_time:534.022s step_avg:308.86ms
step:1730/3250 train_time:534.334s step_avg:308.86ms
step:1731/3250 train_time:534.648s step_avg:308.87ms
step:1732/3250 train_time:534.966s step_avg:308.87ms
step:1733/3250 train_time:535.283s step_avg:308.88ms
step:1734/3250 train_time:535.597s step_avg:308.88ms
step:1735/3250 train_time:535.911s step_avg:308.88ms
step:1736/3250 train_time:536.215s step_avg:308.88ms
step:1737/3250 train_time:536.520s step_avg:308.88ms
step:1738/3250 train_time:536.827s step_avg:308.88ms
step:1739/3250 train_time:537.133s step_avg:308.87ms
step:1740/3250 train_time:537.438s step_avg:308.87ms
step:1741/3250 train_time:537.745s step_avg:308.87ms
step:1742/3250 train_time:538.052s step_avg:308.87ms
step:1743/3250 train_time:538.355s step_avg:308.87ms
step:1744/3250 train_time:538.660s step_avg:308.86ms
step:1745/3250 train_time:538.966s step_avg:308.86ms
step:1746/3250 train_time:539.271s step_avg:308.86ms
step:1747/3250 train_time:539.576s step_avg:308.86ms
step:1748/3250 train_time:539.882s step_avg:308.86ms
step:1749/3250 train_time:540.189s step_avg:308.86ms
step:1750/3250 train_time:540.495s step_avg:308.85ms
step:1750/3250 val_loss:3.48912 train_time:540.495s step_avg:310.73ms
probe_ema: n=84934656 align=-0.33141,-0.28899,-0.25025,-0.21049 rel_mse=1.06418,1.03387,1.01753,1.00880
step:1751/3250 train_time:540.808s step_avg:308.86ms
step:1752/3250 train_time:541.117s step_avg:308.86ms
step:1753/3250 train_time:541.423s step_avg:308.86ms
step:1754/3250 train_time:541.730s step_avg:308.85ms
step:1755/3250 train_time:542.036s step_avg:308.85ms
step:1756/3250 train_time:542.345s step_avg:308.85ms
step:1757/3250 train_time:542.649s step_avg:308.85ms
step:1758/3250 train_time:542.954s step_avg:308.85ms
step:1759/3250 train_time:543.261s step_avg:308.85ms
step:1760/3250 train_time:543.568s step_avg:308.85ms
step:1761/3250 train_time:543.877s step_avg:308.85ms
step:1762/3250 train_time:544.185s step_avg:308.85ms
step:1763/3250 train_time:544.490s step_avg:308.84ms
step:1764/3250 train_time:544.797s step_avg:308.84ms
step:1765/3250 train_time:545.105s step_avg:308.84ms
step:1766/3250 train_time:545.410s step_avg:308.84ms
step:1767/3250 train_time:545.716s step_avg:308.84ms
step:1768/3250 train_time:546.025s step_avg:308.84ms
step:1769/3250 train_time:546.330s step_avg:308.84ms
step:1770/3250 train_time:546.638s step_avg:308.83ms
step:1771/3250 train_time:546.944s step_avg:308.83ms
step:1772/3250 train_time:547.249s step_avg:308.83ms
step:1773/3250 train_time:547.557s step_avg:308.83ms
step:1774/3250 train_time:547.864s step_avg:308.83ms
step:1775/3250 train_time:548.169s step_avg:308.83ms
step:1776/3250 train_time:548.475s step_avg:308.83ms
step:1777/3250 train_time:548.782s step_avg:308.83ms
step:1778/3250 train_time:549.087s step_avg:308.82ms
step:1779/3250 train_time:549.391s step_avg:308.82ms
step:1780/3250 train_time:549.697s step_avg:308.82ms
step:1781/3250 train_time:550.006s step_avg:308.82ms
step:1782/3250 train_time:550.310s step_avg:308.82ms
step:1783/3250 train_time:550.618s step_avg:308.82ms
step:1784/3250 train_time:550.927s step_avg:308.82ms
step:1785/3250 train_time:551.236s step_avg:308.82ms
step:1786/3250 train_time:551.556s step_avg:308.82ms
step:1787/3250 train_time:551.872s step_avg:308.83ms
step:1788/3250 train_time:552.180s step_avg:308.83ms
step:1789/3250 train_time:552.486s step_avg:308.82ms
step:1790/3250 train_time:552.792s step_avg:308.82ms
step:1791/3250 train_time:553.110s step_avg:308.83ms
step:1792/3250 train_time:553.428s step_avg:308.83ms
step:1793/3250 train_time:553.735s step_avg:308.83ms
step:1794/3250 train_time:554.043s step_avg:308.83ms
step:1795/3250 train_time:554.351s step_avg:308.83ms
step:1796/3250 train_time:554.658s step_avg:308.83ms
step:1797/3250 train_time:554.967s step_avg:308.83ms
step:1798/3250 train_time:555.273s step_avg:308.83ms
step:1799/3250 train_time:555.583s step_avg:308.83ms
step:1800/3250 train_time:555.893s step_avg:308.83ms
step:1801/3250 train_time:556.201s step_avg:308.83ms
step:1802/3250 train_time:556.508s step_avg:308.83ms
step:1803/3250 train_time:556.814s step_avg:308.83ms
step:1804/3250 train_time:557.123s step_avg:308.83ms
step:1805/3250 train_time:557.438s step_avg:308.83ms
step:1806/3250 train_time:557.744s step_avg:308.83ms
step:1807/3250 train_time:558.050s step_avg:308.83ms
step:1808/3250 train_time:558.356s step_avg:308.83ms
step:1809/3250 train_time:558.664s step_avg:308.82ms
step:1810/3250 train_time:558.969s step_avg:308.82ms
step:1811/3250 train_time:559.275s step_avg:308.82ms
step:1812/3250 train_time:559.585s step_avg:308.82ms
step:1813/3250 train_time:559.890s step_avg:308.82ms
step:1814/3250 train_time:560.196s step_avg:308.82ms
step:1815/3250 train_time:560.507s step_avg:308.82ms
step:1816/3250 train_time:560.811s step_avg:308.82ms
step:1817/3250 train_time:561.117s step_avg:308.82ms
step:1818/3250 train_time:561.425s step_avg:308.81ms
step:1819/3250 train_time:561.731s step_avg:308.81ms
step:1820/3250 train_time:562.042s step_avg:308.81ms
step:1821/3250 train_time:562.350s step_avg:308.81ms
step:1822/3250 train_time:562.658s step_avg:308.81ms
step:1823/3250 train_time:562.966s step_avg:308.81ms
step:1824/3250 train_time:563.271s step_avg:308.81ms
step:1825/3250 train_time:563.578s step_avg:308.81ms
step:1826/3250 train_time:563.885s step_avg:308.81ms
step:1827/3250 train_time:564.190s step_avg:308.81ms
step:1828/3250 train_time:564.495s step_avg:308.80ms
step:1829/3250 train_time:564.805s step_avg:308.81ms
step:1830/3250 train_time:565.109s step_avg:308.80ms
step:1831/3250 train_time:565.416s step_avg:308.80ms
step:1832/3250 train_time:565.724s step_avg:308.80ms
step:1833/3250 train_time:566.029s step_avg:308.80ms
step:1834/3250 train_time:566.339s step_avg:308.80ms
step:1835/3250 train_time:566.652s step_avg:308.80ms
step:1836/3250 train_time:566.964s step_avg:308.80ms
step:1837/3250 train_time:567.274s step_avg:308.80ms
step:1838/3250 train_time:567.588s step_avg:308.81ms
step:1839/3250 train_time:567.900s step_avg:308.81ms
step:1840/3250 train_time:568.213s step_avg:308.81ms
step:1841/3250 train_time:568.529s step_avg:308.82ms
step:1842/3250 train_time:568.843s step_avg:308.82ms
step:1843/3250 train_time:569.152s step_avg:308.82ms
step:1844/3250 train_time:569.467s step_avg:308.82ms
step:1845/3250 train_time:569.776s step_avg:308.82ms
step:1846/3250 train_time:570.093s step_avg:308.83ms
step:1847/3250 train_time:570.410s step_avg:308.83ms
step:1848/3250 train_time:570.738s step_avg:308.84ms
step:1849/3250 train_time:571.049s step_avg:308.84ms
step:1850/3250 train_time:571.358s step_avg:308.84ms
step:1851/3250 train_time:571.669s step_avg:308.84ms
step:1852/3250 train_time:571.979s step_avg:308.84ms
step:1853/3250 train_time:572.288s step_avg:308.84ms
step:1854/3250 train_time:572.601s step_avg:308.85ms
step:1855/3250 train_time:572.915s step_avg:308.85ms
step:1856/3250 train_time:573.231s step_avg:308.85ms
step:1857/3250 train_time:573.543s step_avg:308.85ms
step:1858/3250 train_time:573.863s step_avg:308.86ms
step:1859/3250 train_time:574.176s step_avg:308.86ms
step:1860/3250 train_time:574.490s step_avg:308.87ms
step:1861/3250 train_time:574.804s step_avg:308.87ms
step:1862/3250 train_time:575.118s step_avg:308.87ms
step:1863/3250 train_time:575.430s step_avg:308.87ms
step:1864/3250 train_time:575.741s step_avg:308.87ms
step:1865/3250 train_time:576.062s step_avg:308.88ms
step:1866/3250 train_time:576.372s step_avg:308.88ms
step:1867/3250 train_time:576.681s step_avg:308.88ms
step:1868/3250 train_time:576.992s step_avg:308.88ms
step:1869/3250 train_time:577.311s step_avg:308.89ms
step:1870/3250 train_time:577.627s step_avg:308.89ms
step:1871/3250 train_time:577.940s step_avg:308.89ms
step:1872/3250 train_time:578.252s step_avg:308.90ms
step:1873/3250 train_time:578.560s step_avg:308.89ms
step:1874/3250 train_time:578.869s step_avg:308.89ms
step:1875/3250 train_time:579.178s step_avg:308.90ms
step:1875/3250 val_loss:3.46798 train_time:579.179s step_avg:309.47ms
probe_ema: n=84934656 align=-0.31342,-0.27642,-0.24435,-0.21437 rel_mse=1.05786,1.03090,1.01626,1.00847
step:1876/3250 train_time:579.494s step_avg:308.90ms
step:1877/3250 train_time:579.802s step_avg:308.90ms
step:1878/3250 train_time:580.111s step_avg:308.90ms
step:1879/3250 train_time:580.418s step_avg:308.90ms
step:1880/3250 train_time:580.730s step_avg:308.90ms
step:1881/3250 train_time:581.038s step_avg:308.90ms
step:1882/3250 train_time:581.349s step_avg:308.90ms
step:1883/3250 train_time:581.657s step_avg:308.90ms
step:1884/3250 train_time:581.970s step_avg:308.90ms
step:1885/3250 train_time:582.276s step_avg:308.90ms
step:1886/3250 train_time:582.583s step_avg:308.90ms
step:1887/3250 train_time:582.892s step_avg:308.90ms
step:1888/3250 train_time:583.199s step_avg:308.90ms
step:1889/3250 train_time:583.511s step_avg:308.90ms
step:1890/3250 train_time:583.819s step_avg:308.90ms
step:1891/3250 train_time:584.132s step_avg:308.90ms
step:1892/3250 train_time:584.439s step_avg:308.90ms
step:1893/3250 train_time:584.750s step_avg:308.90ms
step:1894/3250 train_time:585.058s step_avg:308.90ms
step:1895/3250 train_time:585.369s step_avg:308.90ms
step:1896/3250 train_time:585.677s step_avg:308.90ms
step:1897/3250 train_time:585.988s step_avg:308.90ms
step:1898/3250 train_time:586.298s step_avg:308.90ms
step:1899/3250 train_time:586.608s step_avg:308.90ms
step:1900/3250 train_time:586.914s step_avg:308.90ms
step:1901/3250 train_time:587.258s step_avg:308.92ms
step:1902/3250 train_time:587.569s step_avg:308.92ms
step:1903/3250 train_time:587.877s step_avg:308.92ms
step:1904/3250 train_time:588.185s step_avg:308.92ms
step:1905/3250 train_time:588.494s step_avg:308.92ms
step:1906/3250 train_time:588.801s step_avg:308.92ms
step:1907/3250 train_time:589.113s step_avg:308.92ms
step:1908/3250 train_time:589.420s step_avg:308.92ms
step:1909/3250 train_time:589.731s step_avg:308.92ms
step:1910/3250 train_time:590.037s step_avg:308.92ms
step:1911/3250 train_time:590.345s step_avg:308.92ms
step:1912/3250 train_time:590.652s step_avg:308.92ms
step:1913/3250 train_time:590.958s step_avg:308.92ms
step:1914/3250 train_time:591.268s step_avg:308.92ms
step:1915/3250 train_time:591.575s step_avg:308.92ms
step:1916/3250 train_time:591.890s step_avg:308.92ms
step:1917/3250 train_time:592.197s step_avg:308.92ms
step:1918/3250 train_time:592.512s step_avg:308.92ms
step:1919/3250 train_time:592.822s step_avg:308.92ms
step:1920/3250 train_time:593.137s step_avg:308.93ms
step:1921/3250 train_time:593.455s step_avg:308.93ms
step:1922/3250 train_time:593.770s step_avg:308.93ms
step:1923/3250 train_time:594.083s step_avg:308.94ms
step:1924/3250 train_time:594.397s step_avg:308.94ms
step:1925/3250 train_time:594.710s step_avg:308.94ms
step:1926/3250 train_time:595.019s step_avg:308.94ms
step:1927/3250 train_time:595.331s step_avg:308.94ms
step:1928/3250 train_time:595.644s step_avg:308.94ms
step:1929/3250 train_time:595.960s step_avg:308.95ms
step:1930/3250 train_time:596.276s step_avg:308.95ms
step:1931/3250 train_time:596.587s step_avg:308.95ms
step:1932/3250 train_time:596.899s step_avg:308.95ms
step:1933/3250 train_time:597.214s step_avg:308.96ms
step:1934/3250 train_time:597.530s step_avg:308.96ms
step:1935/3250 train_time:597.844s step_avg:308.96ms
step:1936/3250 train_time:598.162s step_avg:308.97ms
step:1937/3250 train_time:598.477s step_avg:308.97ms
step:1938/3250 train_time:598.790s step_avg:308.97ms
step:1939/3250 train_time:599.095s step_avg:308.97ms
step:1940/3250 train_time:599.403s step_avg:308.97ms
step:1941/3250 train_time:599.711s step_avg:308.97ms
step:1942/3250 train_time:600.015s step_avg:308.97ms
step:1943/3250 train_time:600.322s step_avg:308.97ms
step:1944/3250 train_time:600.632s step_avg:308.97ms
step:1945/3250 train_time:600.939s step_avg:308.97ms
step:1946/3250 train_time:601.247s step_avg:308.97ms
step:1947/3250 train_time:601.552s step_avg:308.96ms
step:1948/3250 train_time:601.856s step_avg:308.96ms
step:1949/3250 train_time:602.164s step_avg:308.96ms
step:1950/3250 train_time:602.470s step_avg:308.96ms
step:1951/3250 train_time:602.774s step_avg:308.96ms
step:1952/3250 train_time:603.080s step_avg:308.95ms
step:1953/3250 train_time:603.388s step_avg:308.95ms
step:1954/3250 train_time:603.692s step_avg:308.95ms
step:1955/3250 train_time:603.996s step_avg:308.95ms
step:1956/3250 train_time:604.302s step_avg:308.95ms
step:1957/3250 train_time:604.607s step_avg:308.95ms
step:1958/3250 train_time:604.913s step_avg:308.94ms
step:1959/3250 train_time:605.218s step_avg:308.94ms
step:1960/3250 train_time:605.526s step_avg:308.94ms
step:1961/3250 train_time:605.831s step_avg:308.94ms
step:1962/3250 train_time:606.135s step_avg:308.94ms
step:1963/3250 train_time:606.442s step_avg:308.94ms
step:1964/3250 train_time:606.750s step_avg:308.94ms
step:1965/3250 train_time:607.054s step_avg:308.93ms
step:1966/3250 train_time:607.361s step_avg:308.93ms
step:1967/3250 train_time:607.670s step_avg:308.93ms
step:1968/3250 train_time:607.976s step_avg:308.93ms
step:1969/3250 train_time:608.291s step_avg:308.93ms
step:1970/3250 train_time:608.595s step_avg:308.93ms
step:1971/3250 train_time:608.902s step_avg:308.93ms
step:1972/3250 train_time:609.210s step_avg:308.93ms
step:1973/3250 train_time:609.516s step_avg:308.93ms
step:1974/3250 train_time:609.823s step_avg:308.93ms
step:1975/3250 train_time:610.132s step_avg:308.93ms
step:1976/3250 train_time:610.437s step_avg:308.93ms
step:1977/3250 train_time:610.744s step_avg:308.92ms
step:1978/3250 train_time:611.050s step_avg:308.92ms
step:1979/3250 train_time:611.356s step_avg:308.92ms
step:1980/3250 train_time:611.664s step_avg:308.92ms
step:1981/3250 train_time:611.970s step_avg:308.92ms
step:1982/3250 train_time:612.275s step_avg:308.92ms
step:1983/3250 train_time:612.583s step_avg:308.92ms
step:1984/3250 train_time:612.892s step_avg:308.92ms
step:1985/3250 train_time:613.197s step_avg:308.92ms
step:1986/3250 train_time:613.503s step_avg:308.91ms
step:1987/3250 train_time:613.811s step_avg:308.91ms
step:1988/3250 train_time:614.115s step_avg:308.91ms
step:1989/3250 train_time:614.422s step_avg:308.91ms
step:1990/3250 train_time:614.731s step_avg:308.91ms
step:1991/3250 train_time:615.038s step_avg:308.91ms
step:1992/3250 train_time:615.346s step_avg:308.91ms
step:1993/3250 train_time:615.654s step_avg:308.91ms
step:1994/3250 train_time:615.961s step_avg:308.91ms
step:1995/3250 train_time:616.270s step_avg:308.91ms
step:1996/3250 train_time:616.574s step_avg:308.90ms
step:1997/3250 train_time:616.883s step_avg:308.91ms
step:1998/3250 train_time:617.191s step_avg:308.90ms
step:1999/3250 train_time:617.496s step_avg:308.90ms
step:2000/3250 train_time:617.802s step_avg:308.90ms
step:2000/3250 val_loss:3.44770 train_time:617.803s step_avg:308.99ms
probe_ema: n=84934656 align=-0.28998,-0.25702,-0.22826,-0.20047 rel_mse=1.05858,1.03158,1.01672,1.00869
step:2001/3250 train_time:618.113s step_avg:308.90ms
step:2002/3250 train_time:618.419s step_avg:308.90ms
step:2003/3250 train_time:618.723s step_avg:308.90ms
step:2004/3250 train_time:619.029s step_avg:308.90ms
step:2005/3250 train_time:619.338s step_avg:308.90ms
step:2006/3250 train_time:619.644s step_avg:308.90ms
step:2007/3250 train_time:619.951s step_avg:308.89ms
step:2008/3250 train_time:620.258s step_avg:308.89ms
step:2009/3250 train_time:620.563s step_avg:308.89ms
step:2010/3250 train_time:620.868s step_avg:308.89ms
step:2011/3250 train_time:621.178s step_avg:308.89ms
step:2012/3250 train_time:621.484s step_avg:308.89ms
step:2013/3250 train_time:621.793s step_avg:308.89ms
step:2014/3250 train_time:622.100s step_avg:308.89ms
step:2015/3250 train_time:622.406s step_avg:308.89ms
step:2016/3250 train_time:622.714s step_avg:308.89ms
step:2017/3250 train_time:623.021s step_avg:308.88ms
step:2018/3250 train_time:623.325s step_avg:308.88ms
step:2019/3250 train_time:623.633s step_avg:308.88ms
step:2020/3250 train_time:623.939s step_avg:308.88ms
step:2021/3250 train_time:624.243s step_avg:308.88ms
step:2022/3250 train_time:624.549s step_avg:308.88ms
step:2023/3250 train_time:624.857s step_avg:308.88ms
step:2024/3250 train_time:625.161s step_avg:308.87ms
step:2025/3250 train_time:625.467s step_avg:308.87ms
step:2026/3250 train_time:625.775s step_avg:308.87ms
step:2027/3250 train_time:626.081s step_avg:308.87ms
step:2028/3250 train_time:626.388s step_avg:308.87ms
step:2029/3250 train_time:626.695s step_avg:308.87ms
step:2030/3250 train_time:627.000s step_avg:308.87ms
step:2031/3250 train_time:627.305s step_avg:308.87ms
step:2032/3250 train_time:627.611s step_avg:308.86ms
step:2033/3250 train_time:627.919s step_avg:308.86ms
step:2034/3250 train_time:628.224s step_avg:308.86ms
step:2035/3250 train_time:628.530s step_avg:308.86ms
step:2036/3250 train_time:628.843s step_avg:308.86ms
step:2037/3250 train_time:629.153s step_avg:308.86ms
step:2038/3250 train_time:629.463s step_avg:308.86ms
step:2039/3250 train_time:629.776s step_avg:308.87ms
step:2040/3250 train_time:630.087s step_avg:308.87ms
step:2041/3250 train_time:630.400s step_avg:308.87ms
step:2042/3250 train_time:630.707s step_avg:308.87ms
step:2043/3250 train_time:631.027s step_avg:308.87ms
step:2044/3250 train_time:631.340s step_avg:308.87ms
step:2045/3250 train_time:631.649s step_avg:308.87ms
step:2046/3250 train_time:631.960s step_avg:308.88ms
step:2047/3250 train_time:632.268s step_avg:308.88ms
step:2048/3250 train_time:632.580s step_avg:308.88ms
step:2049/3250 train_time:632.892s step_avg:308.88ms
step:2050/3250 train_time:633.203s step_avg:308.88ms
step:2051/3250 train_time:633.512s step_avg:308.88ms
step:2052/3250 train_time:633.823s step_avg:308.88ms
step:2053/3250 train_time:634.132s step_avg:308.88ms
step:2054/3250 train_time:634.445s step_avg:308.88ms
step:2055/3250 train_time:634.755s step_avg:308.88ms
step:2056/3250 train_time:635.063s step_avg:308.88ms
step:2057/3250 train_time:635.374s step_avg:308.88ms
step:2058/3250 train_time:635.684s step_avg:308.88ms
step:2059/3250 train_time:635.996s step_avg:308.89ms
step:2060/3250 train_time:636.307s step_avg:308.89ms
step:2061/3250 train_time:636.620s step_avg:308.89ms
step:2062/3250 train_time:636.929s step_avg:308.89ms
step:2063/3250 train_time:637.246s step_avg:308.89ms
step:2064/3250 train_time:637.559s step_avg:308.89ms
step:2065/3250 train_time:637.868s step_avg:308.89ms
step:2066/3250 train_time:638.177s step_avg:308.89ms
step:2067/3250 train_time:638.485s step_avg:308.89ms
step:2068/3250 train_time:638.795s step_avg:308.90ms
step:2069/3250 train_time:639.103s step_avg:308.89ms
step:2070/3250 train_time:639.416s step_avg:308.90ms
step:2071/3250 train_time:639.728s step_avg:308.90ms
step:2072/3250 train_time:640.042s step_avg:308.90ms
step:2073/3250 train_time:640.357s step_avg:308.90ms
step:2074/3250 train_time:640.674s step_avg:308.91ms
step:2075/3250 train_time:640.990s step_avg:308.91ms
step:2076/3250 train_time:641.302s step_avg:308.91ms
step:2077/3250 train_time:641.612s step_avg:308.91ms
step:2078/3250 train_time:641.920s step_avg:308.91ms
step:2079/3250 train_time:642.227s step_avg:308.91ms
step:2080/3250 train_time:642.536s step_avg:308.91ms
step:2081/3250 train_time:642.844s step_avg:308.91ms
step:2082/3250 train_time:643.151s step_avg:308.91ms
step:2083/3250 train_time:643.462s step_avg:308.91ms
step:2084/3250 train_time:643.769s step_avg:308.91ms
step:2085/3250 train_time:644.081s step_avg:308.91ms
step:2086/3250 train_time:644.387s step_avg:308.91ms
step:2087/3250 train_time:644.698s step_avg:308.91ms
step:2088/3250 train_time:645.006s step_avg:308.91ms
step:2089/3250 train_time:645.314s step_avg:308.91ms
step:2090/3250 train_time:645.625s step_avg:308.91ms
step:2091/3250 train_time:645.963s step_avg:308.93ms
step:2092/3250 train_time:646.271s step_avg:308.92ms
step:2093/3250 train_time:646.581s step_avg:308.93ms
step:2094/3250 train_time:646.889s step_avg:308.93ms
step:2095/3250 train_time:647.203s step_avg:308.93ms
step:2096/3250 train_time:647.511s step_avg:308.93ms
step:2097/3250 train_time:647.822s step_avg:308.93ms
step:2098/3250 train_time:648.129s step_avg:308.93ms
step:2099/3250 train_time:648.440s step_avg:308.93ms
step:2100/3250 train_time:648.747s step_avg:308.93ms
step:2101/3250 train_time:649.057s step_avg:308.93ms
step:2102/3250 train_time:649.366s step_avg:308.93ms
step:2103/3250 train_time:649.677s step_avg:308.93ms
step:2104/3250 train_time:649.984s step_avg:308.93ms
step:2105/3250 train_time:650.294s step_avg:308.93ms
step:2106/3250 train_time:650.601s step_avg:308.93ms
step:2107/3250 train_time:650.907s step_avg:308.93ms
step:2108/3250 train_time:651.215s step_avg:308.93ms
step:2109/3250 train_time:651.522s step_avg:308.92ms
step:2110/3250 train_time:651.832s step_avg:308.93ms
step:2111/3250 train_time:652.152s step_avg:308.93ms
step:2112/3250 train_time:652.463s step_avg:308.93ms
step:2113/3250 train_time:652.772s step_avg:308.93ms
step:2114/3250 train_time:653.081s step_avg:308.93ms
step:2115/3250 train_time:653.393s step_avg:308.93ms
step:2116/3250 train_time:653.701s step_avg:308.93ms
step:2117/3250 train_time:654.007s step_avg:308.93ms
step:2118/3250 train_time:654.318s step_avg:308.93ms
step:2119/3250 train_time:654.631s step_avg:308.93ms
step:2120/3250 train_time:654.947s step_avg:308.94ms
step:2121/3250 train_time:655.263s step_avg:308.94ms
step:2122/3250 train_time:655.579s step_avg:308.94ms
step:2123/3250 train_time:655.895s step_avg:308.95ms
step:2124/3250 train_time:656.210s step_avg:308.95ms
step:2125/3250 train_time:656.527s step_avg:308.95ms
step:2125/3250 val_loss:3.42853 train_time:656.528s step_avg:309.80ms
probe_ema: n=84934656 align=-0.27498,-0.24194,-0.21250,-0.18261 rel_mse=1.05888,1.03138,1.01644,1.00840
step:2126/3250 train_time:656.848s step_avg:308.96ms
step:2127/3250 train_time:657.168s step_avg:308.96ms
step:2128/3250 train_time:657.484s step_avg:308.97ms
step:2129/3250 train_time:657.806s step_avg:308.97ms
step:2130/3250 train_time:658.122s step_avg:308.98ms
step:2131/3250 train_time:658.438s step_avg:308.98ms
step:2132/3250 train_time:658.743s step_avg:308.98ms
step:2133/3250 train_time:659.050s step_avg:308.98ms
step:2134/3250 train_time:659.357s step_avg:308.98ms
step:2135/3250 train_time:659.662s step_avg:308.98ms
step:2136/3250 train_time:659.970s step_avg:308.97ms
step:2137/3250 train_time:660.278s step_avg:308.97ms
step:2138/3250 train_time:660.585s step_avg:308.97ms
step:2139/3250 train_time:660.896s step_avg:308.97ms
step:2140/3250 train_time:661.201s step_avg:308.97ms
step:2141/3250 train_time:661.508s step_avg:308.97ms
step:2142/3250 train_time:661.815s step_avg:308.97ms
step:2143/3250 train_time:662.120s step_avg:308.97ms
step:2144/3250 train_time:662.431s step_avg:308.97ms
step:2145/3250 train_time:662.738s step_avg:308.97ms
step:2146/3250 train_time:663.045s step_avg:308.97ms
step:2147/3250 train_time:663.354s step_avg:308.97ms
step:2148/3250 train_time:663.663s step_avg:308.97ms
step:2149/3250 train_time:663.972s step_avg:308.97ms
step:2150/3250 train_time:664.279s step_avg:308.97ms
step:2151/3250 train_time:664.587s step_avg:308.97ms
step:2152/3250 train_time:664.897s step_avg:308.97ms
step:2153/3250 train_time:665.202s step_avg:308.96ms
step:2154/3250 train_time:665.510s step_avg:308.96ms
step:2155/3250 train_time:665.816s step_avg:308.96ms
step:2156/3250 train_time:666.121s step_avg:308.96ms
step:2157/3250 train_time:666.431s step_avg:308.96ms
step:2158/3250 train_time:666.738s step_avg:308.96ms
step:2159/3250 train_time:667.045s step_avg:308.96ms
step:2160/3250 train_time:667.353s step_avg:308.96ms
step:2161/3250 train_time:667.659s step_avg:308.96ms
step:2162/3250 train_time:667.964s step_avg:308.96ms
step:2163/3250 train_time:668.270s step_avg:308.96ms
step:2164/3250 train_time:668.585s step_avg:308.96ms
step:2165/3250 train_time:668.894s step_avg:308.96ms
step:2166/3250 train_time:669.201s step_avg:308.96ms
step:2167/3250 train_time:669.508s step_avg:308.96ms
step:2168/3250 train_time:669.815s step_avg:308.96ms
step:2169/3250 train_time:670.122s step_avg:308.95ms
step:2170/3250 train_time:670.434s step_avg:308.96ms
step:2171/3250 train_time:670.740s step_avg:308.95ms
step:2172/3250 train_time:671.046s step_avg:308.95ms
step:2173/3250 train_time:671.353s step_avg:308.95ms
step:2174/3250 train_time:671.658s step_avg:308.95ms
step:2175/3250 train_time:671.966s step_avg:308.95ms
step:2176/3250 train_time:672.276s step_avg:308.95ms
step:2177/3250 train_time:672.582s step_avg:308.95ms
step:2178/3250 train_time:672.890s step_avg:308.95ms
step:2179/3250 train_time:673.198s step_avg:308.95ms
step:2180/3250 train_time:673.506s step_avg:308.95ms
step:2181/3250 train_time:673.815s step_avg:308.95ms
step:2182/3250 train_time:674.120s step_avg:308.95ms
step:2183/3250 train_time:674.428s step_avg:308.95ms
step:2184/3250 train_time:674.735s step_avg:308.94ms
step:2185/3250 train_time:675.040s step_avg:308.94ms
step:2186/3250 train_time:675.348s step_avg:308.94ms
step:2187/3250 train_time:675.656s step_avg:308.94ms
step:2188/3250 train_time:675.962s step_avg:308.94ms
step:2189/3250 train_time:676.270s step_avg:308.94ms
step:2190/3250 train_time:676.578s step_avg:308.94ms
step:2191/3250 train_time:676.892s step_avg:308.94ms
step:2192/3250 train_time:677.198s step_avg:308.94ms
step:2193/3250 train_time:677.503s step_avg:308.94ms
step:2194/3250 train_time:677.811s step_avg:308.94ms
step:2195/3250 train_time:678.116s step_avg:308.94ms
step:2196/3250 train_time:678.421s step_avg:308.93ms
step:2197/3250 train_time:678.728s step_avg:308.93ms
step:2198/3250 train_time:679.035s step_avg:308.93ms
step:2199/3250 train_time:679.339s step_avg:308.93ms
step:2200/3250 train_time:679.645s step_avg:308.93ms
step:2201/3250 train_time:679.954s step_avg:308.93ms
step:2202/3250 train_time:680.258s step_avg:308.93ms
step:2203/3250 train_time:680.566s step_avg:308.93ms
step:2204/3250 train_time:680.872s step_avg:308.93ms
step:2205/3250 train_time:681.177s step_avg:308.92ms
step:2206/3250 train_time:681.481s step_avg:308.92ms
step:2207/3250 train_time:681.796s step_avg:308.92ms
step:2208/3250 train_time:682.100s step_avg:308.92ms
step:2209/3250 train_time:682.408s step_avg:308.92ms
step:2210/3250 train_time:682.716s step_avg:308.92ms
step:2211/3250 train_time:683.024s step_avg:308.92ms
step:2212/3250 train_time:683.335s step_avg:308.92ms
step:2213/3250 train_time:683.641s step_avg:308.92ms
step:2214/3250 train_time:683.951s step_avg:308.92ms
step:2215/3250 train_time:684.257s step_avg:308.92ms
step:2216/3250 train_time:684.563s step_avg:308.92ms
step:2217/3250 train_time:684.871s step_avg:308.92ms
step:2218/3250 train_time:685.176s step_avg:308.92ms
step:2219/3250 train_time:685.480s step_avg:308.91ms
step:2220/3250 train_time:685.787s step_avg:308.91ms
step:2221/3250 train_time:686.093s step_avg:308.91ms
step:2222/3250 train_time:686.398s step_avg:308.91ms
step:2223/3250 train_time:686.710s step_avg:308.91ms
step:2224/3250 train_time:687.018s step_avg:308.91ms
step:2225/3250 train_time:687.326s step_avg:308.91ms
step:2226/3250 train_time:687.635s step_avg:308.91ms
step:2227/3250 train_time:687.939s step_avg:308.91ms
step:2228/3250 train_time:688.245s step_avg:308.91ms
step:2229/3250 train_time:688.551s step_avg:308.91ms
step:2230/3250 train_time:688.857s step_avg:308.90ms
step:2231/3250 train_time:689.161s step_avg:308.90ms
step:2232/3250 train_time:689.470s step_avg:308.90ms
step:2233/3250 train_time:689.777s step_avg:308.90ms
step:2234/3250 train_time:690.082s step_avg:308.90ms
step:2235/3250 train_time:690.398s step_avg:308.90ms
step:2236/3250 train_time:690.705s step_avg:308.90ms
step:2237/3250 train_time:691.013s step_avg:308.90ms
step:2238/3250 train_time:691.326s step_avg:308.90ms
step:2239/3250 train_time:691.641s step_avg:308.91ms
step:2240/3250 train_time:691.952s step_avg:308.91ms
step:2241/3250 train_time:692.262s step_avg:308.91ms
step:2242/3250 train_time:692.575s step_avg:308.91ms
step:2243/3250 train_time:692.885s step_avg:308.91ms
step:2244/3250 train_time:693.199s step_avg:308.91ms
step:2245/3250 train_time:693.507s step_avg:308.91ms
step:2246/3250 train_time:693.818s step_avg:308.91ms
step:2247/3250 train_time:694.128s step_avg:308.91ms
step:2248/3250 train_time:694.441s step_avg:308.91ms
step:2249/3250 train_time:694.750s step_avg:308.91ms
step:2250/3250 train_time:695.060s step_avg:308.92ms
step:2250/3250 val_loss:3.40919 train_time:695.060s step_avg:308.26ms
probe_ema: n=84934656 align=-0.19089,-0.18064,-0.17133,-0.16012 rel_mse=1.05272,1.02975,1.01660,1.00912
step:2251/3250 train_time:695.376s step_avg:308.92ms
step:2252/3250 train_time:695.688s step_avg:308.92ms
step:2253/3250 train_time:695.997s step_avg:308.92ms
step:2254/3250 train_time:696.309s step_avg:308.92ms
step:2255/3250 train_time:696.618s step_avg:308.92ms
step:2256/3250 train_time:696.931s step_avg:308.92ms
step:2257/3250 train_time:697.241s step_avg:308.92ms
step:2258/3250 train_time:697.553s step_avg:308.93ms
step:2259/3250 train_time:697.863s step_avg:308.93ms
step:2260/3250 train_time:698.173s step_avg:308.93ms
step:2261/3250 train_time:698.482s step_avg:308.93ms
step:2262/3250 train_time:698.794s step_avg:308.93ms
step:2263/3250 train_time:699.105s step_avg:308.93ms
step:2264/3250 train_time:699.416s step_avg:308.93ms
step:2265/3250 train_time:699.723s step_avg:308.93ms
step:2266/3250 train_time:700.033s step_avg:308.93ms
step:2267/3250 train_time:700.344s step_avg:308.93ms
step:2268/3250 train_time:700.657s step_avg:308.93ms
step:2269/3250 train_time:700.969s step_avg:308.93ms
step:2270/3250 train_time:701.282s step_avg:308.93ms
step:2271/3250 train_time:701.594s step_avg:308.94ms
step:2272/3250 train_time:701.904s step_avg:308.94ms
step:2273/3250 train_time:702.212s step_avg:308.94ms
step:2274/3250 train_time:702.520s step_avg:308.94ms
step:2275/3250 train_time:702.834s step_avg:308.94ms
step:2276/3250 train_time:703.145s step_avg:308.94ms
step:2277/3250 train_time:703.454s step_avg:308.94ms
step:2278/3250 train_time:703.764s step_avg:308.94ms
step:2279/3250 train_time:704.073s step_avg:308.94ms
step:2280/3250 train_time:704.381s step_avg:308.94ms
step:2281/3250 train_time:704.725s step_avg:308.95ms
step:2282/3250 train_time:705.033s step_avg:308.95ms
step:2283/3250 train_time:705.341s step_avg:308.95ms
step:2284/3250 train_time:705.649s step_avg:308.95ms
step:2285/3250 train_time:705.957s step_avg:308.95ms
step:2286/3250 train_time:706.273s step_avg:308.96ms
step:2287/3250 train_time:706.582s step_avg:308.96ms
step:2288/3250 train_time:706.895s step_avg:308.96ms
step:2289/3250 train_time:707.206s step_avg:308.96ms
step:2290/3250 train_time:707.514s step_avg:308.96ms
step:2291/3250 train_time:707.823s step_avg:308.96ms
step:2292/3250 train_time:708.132s step_avg:308.96ms
step:2293/3250 train_time:708.439s step_avg:308.96ms
step:2294/3250 train_time:708.750s step_avg:308.96ms
step:2295/3250 train_time:709.060s step_avg:308.96ms
step:2296/3250 train_time:709.370s step_avg:308.96ms
step:2297/3250 train_time:709.677s step_avg:308.96ms
step:2298/3250 train_time:709.986s step_avg:308.96ms
step:2299/3250 train_time:710.296s step_avg:308.96ms
step:2300/3250 train_time:710.605s step_avg:308.96ms
step:2301/3250 train_time:710.915s step_avg:308.96ms
step:2302/3250 train_time:711.223s step_avg:308.96ms
step:2303/3250 train_time:711.534s step_avg:308.96ms
step:2304/3250 train_time:711.842s step_avg:308.96ms
step:2305/3250 train_time:712.154s step_avg:308.96ms
step:2306/3250 train_time:712.465s step_avg:308.96ms
step:2307/3250 train_time:712.777s step_avg:308.96ms
step:2308/3250 train_time:713.086s step_avg:308.96ms
step:2309/3250 train_time:713.395s step_avg:308.96ms
step:2310/3250 train_time:713.704s step_avg:308.96ms
step:2311/3250 train_time:714.014s step_avg:308.96ms
step:2312/3250 train_time:714.320s step_avg:308.96ms
step:2313/3250 train_time:714.633s step_avg:308.96ms
step:2314/3250 train_time:714.946s step_avg:308.97ms
step:2315/3250 train_time:715.261s step_avg:308.97ms
step:2316/3250 train_time:715.578s step_avg:308.97ms
step:2317/3250 train_time:715.891s step_avg:308.97ms
step:2318/3250 train_time:716.205s step_avg:308.98ms
step:2319/3250 train_time:716.518s step_avg:308.98ms
step:2320/3250 train_time:716.834s step_avg:308.98ms
step:2321/3250 train_time:717.144s step_avg:308.98ms
step:2322/3250 train_time:717.452s step_avg:308.98ms
step:2323/3250 train_time:717.766s step_avg:308.98ms
step:2324/3250 train_time:718.074s step_avg:308.98ms
step:2325/3250 train_time:718.386s step_avg:308.98ms
step:2326/3250 train_time:718.702s step_avg:308.99ms
step:2327/3250 train_time:719.016s step_avg:308.99ms
step:2328/3250 train_time:719.327s step_avg:308.99ms
step:2329/3250 train_time:719.640s step_avg:308.99ms
step:2330/3250 train_time:719.958s step_avg:308.99ms
step:2331/3250 train_time:720.277s step_avg:309.00ms
step:2332/3250 train_time:720.592s step_avg:309.00ms
step:2333/3250 train_time:720.906s step_avg:309.00ms
step:2334/3250 train_time:721.218s step_avg:309.01ms
step:2335/3250 train_time:721.532s step_avg:309.01ms
step:2336/3250 train_time:721.838s step_avg:309.01ms
step:2337/3250 train_time:722.145s step_avg:309.01ms
step:2338/3250 train_time:722.450s step_avg:309.00ms
step:2339/3250 train_time:722.756s step_avg:309.00ms
step:2340/3250 train_time:723.072s step_avg:309.01ms
step:2341/3250 train_time:723.377s step_avg:309.00ms
step:2342/3250 train_time:723.684s step_avg:309.00ms
step:2343/3250 train_time:723.995s step_avg:309.00ms
step:2344/3250 train_time:724.301s step_avg:309.00ms
step:2345/3250 train_time:724.609s step_avg:309.00ms
step:2346/3250 train_time:724.916s step_avg:309.00ms
step:2347/3250 train_time:725.222s step_avg:309.00ms
step:2348/3250 train_time:725.530s step_avg:309.00ms
step:2349/3250 train_time:725.835s step_avg:309.00ms
step:2350/3250 train_time:726.138s step_avg:309.00ms
step:2351/3250 train_time:726.444s step_avg:308.99ms
step:2352/3250 train_time:726.751s step_avg:308.99ms
step:2353/3250 train_time:727.055s step_avg:308.99ms
step:2354/3250 train_time:727.362s step_avg:308.99ms
step:2355/3250 train_time:727.670s step_avg:308.99ms
step:2356/3250 train_time:727.974s step_avg:308.99ms
step:2357/3250 train_time:728.280s step_avg:308.99ms
step:2358/3250 train_time:728.586s step_avg:308.98ms
step:2359/3250 train_time:728.892s step_avg:308.98ms
step:2360/3250 train_time:729.196s step_avg:308.98ms
step:2361/3250 train_time:729.502s step_avg:308.98ms
step:2362/3250 train_time:729.810s step_avg:308.98ms
step:2363/3250 train_time:730.114s step_avg:308.98ms
step:2364/3250 train_time:730.419s step_avg:308.98ms
step:2365/3250 train_time:730.727s step_avg:308.98ms
step:2366/3250 train_time:731.032s step_avg:308.97ms
step:2367/3250 train_time:731.337s step_avg:308.97ms
step:2368/3250 train_time:731.645s step_avg:308.97ms
step:2369/3250 train_time:731.954s step_avg:308.97ms
step:2370/3250 train_time:732.262s step_avg:308.97ms
step:2371/3250 train_time:732.572s step_avg:308.97ms
step:2372/3250 train_time:732.881s step_avg:308.97ms
step:2373/3250 train_time:733.188s step_avg:308.97ms
step:2374/3250 train_time:733.494s step_avg:308.97ms
step:2375/3250 train_time:733.800s step_avg:308.97ms
step:2375/3250 val_loss:3.39142 train_time:733.801s step_avg:309.93ms
probe_ema: n=84934656 align=-0.20686,-0.19369,-0.18037,-0.16545 rel_mse=1.05895,1.03309,1.01825,1.00986
step:2376/3250 train_time:734.111s step_avg:308.97ms
step:2377/3250 train_time:734.423s step_avg:308.97ms
step:2378/3250 train_time:734.731s step_avg:308.97ms
step:2379/3250 train_time:735.040s step_avg:308.97ms
step:2380/3250 train_time:735.346s step_avg:308.97ms
step:2381/3250 train_time:735.654s step_avg:308.97ms
step:2382/3250 train_time:735.960s step_avg:308.97ms
step:2383/3250 train_time:736.265s step_avg:308.97ms
step:2384/3250 train_time:736.572s step_avg:308.96ms
step:2385/3250 train_time:736.886s step_avg:308.97ms
step:2386/3250 train_time:737.194s step_avg:308.97ms
step:2387/3250 train_time:737.500s step_avg:308.97ms
step:2388/3250 train_time:737.804s step_avg:308.96ms
step:2389/3250 train_time:738.110s step_avg:308.96ms
step:2390/3250 train_time:738.418s step_avg:308.96ms
step:2391/3250 train_time:738.722s step_avg:308.96ms
step:2392/3250 train_time:739.027s step_avg:308.96ms
step:2393/3250 train_time:739.335s step_avg:308.96ms
step:2394/3250 train_time:739.640s step_avg:308.96ms
step:2395/3250 train_time:739.944s step_avg:308.95ms
step:2396/3250 train_time:740.251s step_avg:308.95ms
step:2397/3250 train_time:740.559s step_avg:308.95ms
step:2398/3250 train_time:740.864s step_avg:308.95ms
step:2399/3250 train_time:741.176s step_avg:308.95ms
step:2400/3250 train_time:741.486s step_avg:308.95ms
step:2401/3250 train_time:741.797s step_avg:308.95ms
step:2402/3250 train_time:742.104s step_avg:308.95ms
step:2403/3250 train_time:742.410s step_avg:308.95ms
step:2404/3250 train_time:742.718s step_avg:308.95ms
step:2405/3250 train_time:743.027s step_avg:308.95ms
step:2406/3250 train_time:743.335s step_avg:308.95ms
step:2407/3250 train_time:743.656s step_avg:308.96ms
step:2408/3250 train_time:743.976s step_avg:308.96ms
step:2409/3250 train_time:744.282s step_avg:308.96ms
step:2410/3250 train_time:744.588s step_avg:308.96ms
step:2411/3250 train_time:744.896s step_avg:308.96ms
step:2412/3250 train_time:745.202s step_avg:308.96ms
step:2413/3250 train_time:745.506s step_avg:308.95ms
step:2414/3250 train_time:745.814s step_avg:308.95ms
step:2415/3250 train_time:746.121s step_avg:308.95ms
step:2416/3250 train_time:746.427s step_avg:308.95ms
step:2417/3250 train_time:746.735s step_avg:308.95ms
step:2418/3250 train_time:747.041s step_avg:308.95ms
step:2419/3250 train_time:747.350s step_avg:308.95ms
step:2420/3250 train_time:747.661s step_avg:308.95ms
step:2421/3250 train_time:747.971s step_avg:308.95ms
step:2422/3250 train_time:748.280s step_avg:308.95ms
step:2423/3250 train_time:748.586s step_avg:308.95ms
step:2424/3250 train_time:748.895s step_avg:308.95ms
step:2425/3250 train_time:749.201s step_avg:308.95ms
step:2426/3250 train_time:749.505s step_avg:308.95ms
step:2427/3250 train_time:749.811s step_avg:308.95ms
step:2428/3250 train_time:750.119s step_avg:308.95ms
step:2429/3250 train_time:750.424s step_avg:308.94ms
step:2430/3250 train_time:750.735s step_avg:308.94ms
step:2431/3250 train_time:751.042s step_avg:308.94ms
step:2432/3250 train_time:751.355s step_avg:308.95ms
step:2433/3250 train_time:751.669s step_avg:308.95ms
step:2434/3250 train_time:751.983s step_avg:308.95ms
step:2435/3250 train_time:752.294s step_avg:308.95ms
step:2436/3250 train_time:752.603s step_avg:308.95ms
step:2437/3250 train_time:752.921s step_avg:308.95ms
step:2438/3250 train_time:753.232s step_avg:308.95ms
step:2439/3250 train_time:753.546s step_avg:308.96ms
step:2440/3250 train_time:753.864s step_avg:308.96ms
step:2441/3250 train_time:754.177s step_avg:308.96ms
step:2442/3250 train_time:754.487s step_avg:308.96ms
step:2443/3250 train_time:754.798s step_avg:308.96ms
step:2444/3250 train_time:755.105s step_avg:308.96ms
step:2445/3250 train_time:755.418s step_avg:308.96ms
step:2446/3250 train_time:755.726s step_avg:308.96ms
step:2447/3250 train_time:756.038s step_avg:308.97ms
step:2448/3250 train_time:756.348s step_avg:308.97ms
step:2449/3250 train_time:756.665s step_avg:308.97ms
step:2450/3250 train_time:756.980s step_avg:308.97ms
step:2451/3250 train_time:757.288s step_avg:308.97ms
step:2452/3250 train_time:757.600s step_avg:308.97ms
step:2453/3250 train_time:757.907s step_avg:308.97ms
step:2454/3250 train_time:758.217s step_avg:308.97ms
step:2455/3250 train_time:758.528s step_avg:308.97ms
step:2456/3250 train_time:758.841s step_avg:308.97ms
step:2457/3250 train_time:759.149s step_avg:308.97ms
step:2458/3250 train_time:759.463s step_avg:308.98ms
step:2459/3250 train_time:759.774s step_avg:308.98ms
step:2460/3250 train_time:760.084s step_avg:308.98ms
step:2461/3250 train_time:760.395s step_avg:308.98ms
step:2462/3250 train_time:760.705s step_avg:308.98ms
step:2463/3250 train_time:761.021s step_avg:308.98ms
step:2464/3250 train_time:761.333s step_avg:308.98ms
step:2465/3250 train_time:761.651s step_avg:308.99ms
step:2466/3250 train_time:761.961s step_avg:308.99ms
step:2467/3250 train_time:762.269s step_avg:308.99ms
step:2468/3250 train_time:762.583s step_avg:308.99ms
step:2469/3250 train_time:762.894s step_avg:308.99ms
step:2470/3250 train_time:763.207s step_avg:308.99ms
step:2471/3250 train_time:763.550s step_avg:309.00ms
step:2472/3250 train_time:763.867s step_avg:309.01ms
step:2473/3250 train_time:764.179s step_avg:309.01ms
step:2474/3250 train_time:764.486s step_avg:309.01ms
step:2475/3250 train_time:764.798s step_avg:309.01ms
step:2476/3250 train_time:765.105s step_avg:309.01ms
step:2477/3250 train_time:765.412s step_avg:309.01ms
step:2478/3250 train_time:765.721s step_avg:309.01ms
step:2479/3250 train_time:766.027s step_avg:309.01ms
step:2480/3250 train_time:766.338s step_avg:309.01ms
step:2481/3250 train_time:766.646s step_avg:309.01ms
step:2482/3250 train_time:766.957s step_avg:309.01ms
step:2483/3250 train_time:767.265s step_avg:309.01ms
step:2484/3250 train_time:767.572s step_avg:309.01ms
step:2485/3250 train_time:767.879s step_avg:309.01ms
step:2486/3250 train_time:768.186s step_avg:309.00ms
step:2487/3250 train_time:768.497s step_avg:309.01ms
step:2488/3250 train_time:768.804s step_avg:309.00ms
step:2489/3250 train_time:769.113s step_avg:309.00ms
step:2490/3250 train_time:769.426s step_avg:309.01ms
step:2491/3250 train_time:769.736s step_avg:309.01ms
step:2492/3250 train_time:770.044s step_avg:309.01ms
step:2493/3250 train_time:770.350s step_avg:309.01ms
step:2494/3250 train_time:770.661s step_avg:309.01ms
step:2495/3250 train_time:770.969s step_avg:309.01ms
step:2496/3250 train_time:771.277s step_avg:309.01ms
step:2497/3250 train_time:771.585s step_avg:309.00ms
step:2498/3250 train_time:771.895s step_avg:309.01ms
step:2499/3250 train_time:772.207s step_avg:309.01ms
step:2500/3250 train_time:772.517s step_avg:309.01ms
step:2500/3250 val_loss:3.37406 train_time:772.517s step_avg:309.73ms
probe_ema: n=84934656 align=-0.19951,-0.19537,-0.18627,-0.17119 rel_mse=1.07529,1.04048,1.02154,1.01123
step:2501/3250 train_time:772.832s step_avg:309.01ms
step:2502/3250 train_time:773.139s step_avg:309.01ms
step:2503/3250 train_time:773.451s step_avg:309.01ms
step:2504/3250 train_time:773.759s step_avg:309.01ms
step:2505/3250 train_time:774.071s step_avg:309.01ms
step:2506/3250 train_time:774.377s step_avg:309.01ms
step:2507/3250 train_time:774.688s step_avg:309.01ms
step:2508/3250 train_time:774.996s step_avg:309.01ms
step:2509/3250 train_time:775.304s step_avg:309.01ms
step:2510/3250 train_time:775.615s step_avg:309.01ms
step:2511/3250 train_time:775.929s step_avg:309.01ms
step:2512/3250 train_time:776.243s step_avg:309.01ms
step:2513/3250 train_time:776.564s step_avg:309.02ms
step:2514/3250 train_time:776.878s step_avg:309.02ms
step:2515/3250 train_time:777.191s step_avg:309.02ms
step:2516/3250 train_time:777.507s step_avg:309.03ms
step:2517/3250 train_time:777.822s step_avg:309.03ms
step:2518/3250 train_time:778.134s step_avg:309.03ms
step:2519/3250 train_time:778.440s step_avg:309.03ms
step:2520/3250 train_time:778.751s step_avg:309.03ms
step:2521/3250 train_time:779.063s step_avg:309.03ms
step:2522/3250 train_time:779.378s step_avg:309.03ms
step:2523/3250 train_time:779.696s step_avg:309.04ms
step:2524/3250 train_time:780.012s step_avg:309.04ms
step:2525/3250 train_time:780.330s step_avg:309.04ms
step:2526/3250 train_time:780.641s step_avg:309.04ms
step:2527/3250 train_time:780.957s step_avg:309.05ms
step:2528/3250 train_time:781.277s step_avg:309.05ms
step:2529/3250 train_time:781.596s step_avg:309.05ms
step:2530/3250 train_time:781.910s step_avg:309.06ms
step:2531/3250 train_time:782.222s step_avg:309.06ms
step:2532/3250 train_time:782.528s step_avg:309.06ms
step:2533/3250 train_time:782.834s step_avg:309.05ms
step:2534/3250 train_time:783.143s step_avg:309.05ms
step:2535/3250 train_time:783.451s step_avg:309.05ms
step:2536/3250 train_time:783.756s step_avg:309.05ms
step:2537/3250 train_time:784.064s step_avg:309.05ms
step:2538/3250 train_time:784.371s step_avg:309.05ms
step:2539/3250 train_time:784.678s step_avg:309.05ms
step:2540/3250 train_time:784.985s step_avg:309.05ms
step:2541/3250 train_time:785.294s step_avg:309.05ms
step:2542/3250 train_time:785.598s step_avg:309.05ms
step:2543/3250 train_time:785.904s step_avg:309.05ms
step:2544/3250 train_time:786.211s step_avg:309.05ms
step:2545/3250 train_time:786.515s step_avg:309.04ms
step:2546/3250 train_time:786.822s step_avg:309.04ms
step:2547/3250 train_time:787.130s step_avg:309.04ms
step:2548/3250 train_time:787.437s step_avg:309.04ms
step:2549/3250 train_time:787.745s step_avg:309.04ms
step:2550/3250 train_time:788.053s step_avg:309.04ms
step:2551/3250 train_time:788.358s step_avg:309.04ms
step:2552/3250 train_time:788.666s step_avg:309.04ms
step:2553/3250 train_time:788.973s step_avg:309.04ms
step:2554/3250 train_time:789.277s step_avg:309.04ms
step:2555/3250 train_time:789.581s step_avg:309.03ms
step:2556/3250 train_time:789.890s step_avg:309.03ms
step:2557/3250 train_time:790.195s step_avg:309.03ms
step:2558/3250 train_time:790.501s step_avg:309.03ms
step:2559/3250 train_time:790.807s step_avg:309.03ms
step:2560/3250 train_time:791.113s step_avg:309.03ms
step:2561/3250 train_time:791.420s step_avg:309.03ms
step:2562/3250 train_time:791.733s step_avg:309.03ms
step:2563/3250 train_time:792.038s step_avg:309.03ms
step:2564/3250 train_time:792.344s step_avg:309.03ms
step:2565/3250 train_time:792.651s step_avg:309.03ms
step:2566/3250 train_time:792.955s step_avg:309.02ms
step:2567/3250 train_time:793.260s step_avg:309.02ms
step:2568/3250 train_time:793.568s step_avg:309.02ms
step:2569/3250 train_time:793.872s step_avg:309.02ms
step:2570/3250 train_time:794.176s step_avg:309.02ms
step:2571/3250 train_time:794.481s step_avg:309.02ms
step:2572/3250 train_time:794.789s step_avg:309.02ms
step:2573/3250 train_time:795.093s step_avg:309.01ms
step:2574/3250 train_time:795.398s step_avg:309.01ms
step:2575/3250 train_time:795.707s step_avg:309.01ms
step:2576/3250 train_time:796.014s step_avg:309.01ms
step:2577/3250 train_time:796.321s step_avg:309.01ms
step:2578/3250 train_time:796.630s step_avg:309.01ms
step:2579/3250 train_time:796.936s step_avg:309.01ms
step:2580/3250 train_time:797.242s step_avg:309.01ms
step:2581/3250 train_time:797.550s step_avg:309.01ms
step:2582/3250 train_time:797.854s step_avg:309.01ms
step:2583/3250 train_time:798.159s step_avg:309.00ms
step:2584/3250 train_time:798.469s step_avg:309.00ms
step:2585/3250 train_time:798.773s step_avg:309.00ms
step:2586/3250 train_time:799.077s step_avg:309.00ms
step:2587/3250 train_time:799.384s step_avg:309.00ms
step:2588/3250 train_time:799.691s step_avg:309.00ms
step:2589/3250 train_time:799.996s step_avg:309.00ms
step:2590/3250 train_time:800.301s step_avg:309.00ms
step:2591/3250 train_time:800.609s step_avg:309.00ms
step:2592/3250 train_time:800.917s step_avg:309.00ms
step:2593/3250 train_time:801.225s step_avg:309.00ms
step:2594/3250 train_time:801.531s step_avg:308.99ms
step:2595/3250 train_time:801.836s step_avg:308.99ms
step:2596/3250 train_time:802.143s step_avg:308.99ms
step:2597/3250 train_time:802.450s step_avg:308.99ms
step:2598/3250 train_time:802.754s step_avg:308.99ms
step:2599/3250 train_time:803.071s step_avg:308.99ms
step:2600/3250 train_time:803.376s step_avg:308.99ms
step:2601/3250 train_time:803.682s step_avg:308.99ms
step:2602/3250 train_time:803.993s step_avg:308.99ms
step:2603/3250 train_time:804.298s step_avg:308.99ms
step:2604/3250 train_time:804.607s step_avg:308.99ms
step:2605/3250 train_time:804.916s step_avg:308.99ms
step:2606/3250 train_time:805.222s step_avg:308.99ms
step:2607/3250 train_time:805.532s step_avg:308.99ms
step:2608/3250 train_time:805.835s step_avg:308.99ms
step:2609/3250 train_time:806.139s step_avg:308.98ms
step:2610/3250 train_time:806.445s step_avg:308.98ms
step:2611/3250 train_time:806.754s step_avg:308.98ms
step:2612/3250 train_time:807.060s step_avg:308.98ms
step:2613/3250 train_time:807.366s step_avg:308.98ms
step:2614/3250 train_time:807.673s step_avg:308.98ms
step:2615/3250 train_time:807.977s step_avg:308.98ms
step:2616/3250 train_time:808.288s step_avg:308.98ms
step:2617/3250 train_time:808.595s step_avg:308.98ms
step:2618/3250 train_time:808.900s step_avg:308.98ms
step:2619/3250 train_time:809.207s step_avg:308.98ms
step:2620/3250 train_time:809.512s step_avg:308.97ms
step:2621/3250 train_time:809.819s step_avg:308.97ms
step:2622/3250 train_time:810.127s step_avg:308.97ms
step:2623/3250 train_time:810.435s step_avg:308.97ms
step:2624/3250 train_time:810.743s step_avg:308.97ms
step:2625/3250 train_time:811.052s step_avg:308.97ms
step:2625/3250 val_loss:3.35474 train_time:811.054s step_avg:308.29ms
probe_ema: n=84934656 align=-0.12986,-0.13198,-0.13080,-0.12482 rel_mse=1.04881,1.02844,1.01623,1.00901
step:2626/3250 train_time:811.367s step_avg:308.97ms
step:2627/3250 train_time:811.674s step_avg:308.97ms
step:2628/3250 train_time:811.982s step_avg:308.97ms
step:2629/3250 train_time:812.294s step_avg:308.97ms
step:2630/3250 train_time:812.607s step_avg:308.98ms
step:2631/3250 train_time:812.920s step_avg:308.98ms
step:2632/3250 train_time:813.233s step_avg:308.98ms
step:2633/3250 train_time:813.544s step_avg:308.98ms
step:2634/3250 train_time:813.855s step_avg:308.98ms
step:2635/3250 train_time:814.168s step_avg:308.98ms
step:2636/3250 train_time:814.476s step_avg:308.98ms
step:2637/3250 train_time:814.790s step_avg:308.98ms
step:2638/3250 train_time:815.099s step_avg:308.98ms
step:2639/3250 train_time:815.419s step_avg:308.99ms
step:2640/3250 train_time:815.731s step_avg:308.99ms
step:2641/3250 train_time:816.042s step_avg:308.99ms
step:2642/3250 train_time:816.354s step_avg:308.99ms
step:2643/3250 train_time:816.665s step_avg:308.99ms
step:2644/3250 train_time:816.977s step_avg:308.99ms
step:2645/3250 train_time:817.288s step_avg:308.99ms
step:2646/3250 train_time:817.595s step_avg:308.99ms
step:2647/3250 train_time:817.905s step_avg:308.99ms
step:2648/3250 train_time:818.211s step_avg:308.99ms
step:2649/3250 train_time:818.520s step_avg:308.99ms
step:2650/3250 train_time:818.834s step_avg:308.99ms
step:2651/3250 train_time:819.146s step_avg:309.00ms
step:2652/3250 train_time:819.458s step_avg:309.00ms
step:2653/3250 train_time:819.769s step_avg:309.00ms
step:2654/3250 train_time:820.078s step_avg:309.00ms
step:2655/3250 train_time:820.390s step_avg:309.00ms
step:2656/3250 train_time:820.703s step_avg:309.00ms
step:2657/3250 train_time:821.012s step_avg:309.00ms
step:2658/3250 train_time:821.322s step_avg:309.00ms
step:2659/3250 train_time:821.632s step_avg:309.00ms
step:2660/3250 train_time:821.941s step_avg:309.00ms
step:2661/3250 train_time:822.287s step_avg:309.01ms
step:2662/3250 train_time:822.593s step_avg:309.01ms
step:2663/3250 train_time:822.904s step_avg:309.01ms
step:2664/3250 train_time:823.209s step_avg:309.01ms
step:2665/3250 train_time:823.521s step_avg:309.01ms
step:2666/3250 train_time:823.834s step_avg:309.02ms
step:2667/3250 train_time:824.147s step_avg:309.02ms
step:2668/3250 train_time:824.459s step_avg:309.02ms
step:2669/3250 train_time:824.775s step_avg:309.02ms
step:2670/3250 train_time:825.087s step_avg:309.02ms
step:2671/3250 train_time:825.394s step_avg:309.02ms
step:2672/3250 train_time:825.703s step_avg:309.02ms
step:2673/3250 train_time:826.009s step_avg:309.02ms
step:2674/3250 train_time:826.315s step_avg:309.02ms
step:2675/3250 train_time:826.628s step_avg:309.02ms
step:2676/3250 train_time:826.936s step_avg:309.02ms
step:2677/3250 train_time:827.246s step_avg:309.02ms
step:2678/3250 train_time:827.552s step_avg:309.02ms
step:2679/3250 train_time:827.861s step_avg:309.02ms
step:2680/3250 train_time:828.168s step_avg:309.02ms
step:2681/3250 train_time:828.475s step_avg:309.02ms
step:2682/3250 train_time:828.786s step_avg:309.02ms
step:2683/3250 train_time:829.095s step_avg:309.02ms
step:2684/3250 train_time:829.404s step_avg:309.02ms
step:2685/3250 train_time:829.711s step_avg:309.02ms
step:2686/3250 train_time:830.023s step_avg:309.02ms
step:2687/3250 train_time:830.331s step_avg:309.02ms
step:2688/3250 train_time:830.636s step_avg:309.02ms
step:2689/3250 train_time:830.944s step_avg:309.02ms
step:2690/3250 train_time:831.250s step_avg:309.01ms
step:2691/3250 train_time:831.558s step_avg:309.01ms
step:2692/3250 train_time:831.867s step_avg:309.01ms
step:2693/3250 train_time:832.174s step_avg:309.01ms
step:2694/3250 train_time:832.483s step_avg:309.01ms
step:2695/3250 train_time:832.792s step_avg:309.01ms
step:2696/3250 train_time:833.109s step_avg:309.02ms
step:2697/3250 train_time:833.415s step_avg:309.02ms
step:2698/3250 train_time:833.727s step_avg:309.02ms
step:2699/3250 train_time:834.035s step_avg:309.02ms
step:2700/3250 train_time:834.344s step_avg:309.02ms
step:2701/3250 train_time:834.661s step_avg:309.02ms
step:2702/3250 train_time:834.970s step_avg:309.02ms
step:2703/3250 train_time:835.275s step_avg:309.02ms
step:2704/3250 train_time:835.584s step_avg:309.02ms
step:2705/3250 train_time:835.890s step_avg:309.02ms
step:2706/3250 train_time:836.197s step_avg:309.02ms
step:2707/3250 train_time:836.514s step_avg:309.02ms
step:2708/3250 train_time:836.823s step_avg:309.02ms
step:2709/3250 train_time:837.129s step_avg:309.02ms
step:2710/3250 train_time:837.436s step_avg:309.02ms
step:2711/3250 train_time:837.747s step_avg:309.02ms
step:2712/3250 train_time:838.054s step_avg:309.02ms
step:2713/3250 train_time:838.363s step_avg:309.02ms
step:2714/3250 train_time:838.672s step_avg:309.02ms
step:2715/3250 train_time:838.979s step_avg:309.02ms
step:2716/3250 train_time:839.289s step_avg:309.02ms
step:2717/3250 train_time:839.597s step_avg:309.02ms
step:2718/3250 train_time:839.907s step_avg:309.02ms
step:2719/3250 train_time:840.214s step_avg:309.02ms
step:2720/3250 train_time:840.525s step_avg:309.02ms
step:2721/3250 train_time:840.831s step_avg:309.02ms
step:2722/3250 train_time:841.137s step_avg:309.01ms
step:2723/3250 train_time:841.444s step_avg:309.01ms
step:2724/3250 train_time:841.752s step_avg:309.01ms
step:2725/3250 train_time:842.061s step_avg:309.01ms
step:2726/3250 train_time:842.374s step_avg:309.01ms
step:2727/3250 train_time:842.690s step_avg:309.02ms
step:2728/3250 train_time:843.002s step_avg:309.02ms
step:2729/3250 train_time:843.315s step_avg:309.02ms
step:2730/3250 train_time:843.630s step_avg:309.02ms
step:2731/3250 train_time:843.942s step_avg:309.02ms
step:2732/3250 train_time:844.255s step_avg:309.02ms
step:2733/3250 train_time:844.566s step_avg:309.03ms
step:2734/3250 train_time:844.871s step_avg:309.02ms
step:2735/3250 train_time:845.177s step_avg:309.02ms
step:2736/3250 train_time:845.488s step_avg:309.02ms
step:2737/3250 train_time:845.793s step_avg:309.02ms
step:2738/3250 train_time:846.109s step_avg:309.02ms
step:2739/3250 train_time:846.421s step_avg:309.03ms
step:2740/3250 train_time:846.735s step_avg:309.03ms
step:2741/3250 train_time:847.045s step_avg:309.03ms
step:2742/3250 train_time:847.354s step_avg:309.03ms
step:2743/3250 train_time:847.667s step_avg:309.03ms
step:2744/3250 train_time:847.980s step_avg:309.03ms
step:2745/3250 train_time:848.297s step_avg:309.03ms
step:2746/3250 train_time:848.620s step_avg:309.04ms
step:2747/3250 train_time:848.937s step_avg:309.04ms
step:2748/3250 train_time:849.251s step_avg:309.04ms
step:2749/3250 train_time:849.557s step_avg:309.04ms
step:2750/3250 train_time:849.864s step_avg:309.04ms
step:2750/3250 val_loss:3.33637 train_time:849.866s step_avg:310.50ms
probe_ema: n=84934656 align=-0.12763,-0.12787,-0.12623,-0.12079 rel_mse=1.05025,1.02916,1.01663,1.00926
step:2751/3250 train_time:850.179s step_avg:309.04ms
step:2752/3250 train_time:850.484s step_avg:309.04ms
step:2753/3250 train_time:850.789s step_avg:309.04ms
step:2754/3250 train_time:851.099s step_avg:309.04ms
step:2755/3250 train_time:851.403s step_avg:309.04ms
step:2756/3250 train_time:851.707s step_avg:309.04ms
step:2757/3250 train_time:852.015s step_avg:309.04ms
step:2758/3250 train_time:852.322s step_avg:309.04ms
step:2759/3250 train_time:852.626s step_avg:309.03ms
step:2760/3250 train_time:852.938s step_avg:309.04ms
step:2761/3250 train_time:853.243s step_avg:309.03ms
step:2762/3250 train_time:853.549s step_avg:309.03ms
step:2763/3250 train_time:853.858s step_avg:309.03ms
step:2764/3250 train_time:854.162s step_avg:309.03ms
step:2765/3250 train_time:854.469s step_avg:309.03ms
step:2766/3250 train_time:854.776s step_avg:309.03ms
step:2767/3250 train_time:855.086s step_avg:309.03ms
step:2768/3250 train_time:855.393s step_avg:309.03ms
step:2769/3250 train_time:855.701s step_avg:309.03ms
step:2770/3250 train_time:856.006s step_avg:309.03ms
step:2771/3250 train_time:856.313s step_avg:309.03ms
step:2772/3250 train_time:856.621s step_avg:309.03ms
step:2773/3250 train_time:856.925s step_avg:309.02ms
step:2774/3250 train_time:857.232s step_avg:309.02ms
step:2775/3250 train_time:857.545s step_avg:309.03ms
step:2776/3250 train_time:857.851s step_avg:309.02ms
step:2777/3250 train_time:858.159s step_avg:309.02ms
step:2778/3250 train_time:858.464s step_avg:309.02ms
step:2779/3250 train_time:858.769s step_avg:309.02ms
step:2780/3250 train_time:859.077s step_avg:309.02ms
step:2781/3250 train_time:859.383s step_avg:309.02ms
step:2782/3250 train_time:859.689s step_avg:309.02ms
step:2783/3250 train_time:860.000s step_avg:309.02ms
step:2784/3250 train_time:860.304s step_avg:309.02ms
step:2785/3250 train_time:860.612s step_avg:309.02ms
step:2786/3250 train_time:860.920s step_avg:309.02ms
step:2787/3250 train_time:861.224s step_avg:309.01ms
step:2788/3250 train_time:861.530s step_avg:309.01ms
step:2789/3250 train_time:861.838s step_avg:309.01ms
step:2790/3250 train_time:862.141s step_avg:309.01ms
step:2791/3250 train_time:862.460s step_avg:309.01ms
step:2792/3250 train_time:862.769s step_avg:309.01ms
step:2793/3250 train_time:863.084s step_avg:309.02ms
step:2794/3250 train_time:863.393s step_avg:309.02ms
step:2795/3250 train_time:863.701s step_avg:309.02ms
step:2796/3250 train_time:864.006s step_avg:309.01ms
step:2797/3250 train_time:864.310s step_avg:309.01ms
step:2798/3250 train_time:864.620s step_avg:309.01ms
step:2799/3250 train_time:864.925s step_avg:309.01ms
step:2800/3250 train_time:865.231s step_avg:309.01ms
step:2801/3250 train_time:865.539s step_avg:309.01ms
step:2802/3250 train_time:865.846s step_avg:309.01ms
step:2803/3250 train_time:866.156s step_avg:309.01ms
step:2804/3250 train_time:866.469s step_avg:309.01ms
step:2805/3250 train_time:866.775s step_avg:309.01ms
step:2806/3250 train_time:867.082s step_avg:309.01ms
step:2807/3250 train_time:867.388s step_avg:309.01ms
step:2808/3250 train_time:867.697s step_avg:309.01ms
step:2809/3250 train_time:868.003s step_avg:309.01ms
step:2810/3250 train_time:868.310s step_avg:309.01ms
step:2811/3250 train_time:868.620s step_avg:309.01ms
step:2812/3250 train_time:868.925s step_avg:309.01ms
step:2813/3250 train_time:869.231s step_avg:309.00ms
step:2814/3250 train_time:869.539s step_avg:309.00ms
step:2815/3250 train_time:869.844s step_avg:309.00ms
step:2816/3250 train_time:870.151s step_avg:309.00ms
step:2817/3250 train_time:870.461s step_avg:309.00ms
step:2818/3250 train_time:870.765s step_avg:309.00ms
step:2819/3250 train_time:871.072s step_avg:309.00ms
step:2820/3250 train_time:871.386s step_avg:309.00ms
step:2821/3250 train_time:871.695s step_avg:309.00ms
step:2822/3250 train_time:872.003s step_avg:309.00ms
step:2823/3250 train_time:872.309s step_avg:309.00ms
step:2824/3250 train_time:872.617s step_avg:309.00ms
step:2825/3250 train_time:872.924s step_avg:309.00ms
step:2826/3250 train_time:873.231s step_avg:309.00ms
step:2827/3250 train_time:873.539s step_avg:309.00ms
step:2828/3250 train_time:873.843s step_avg:309.00ms
step:2829/3250 train_time:874.154s step_avg:309.00ms
step:2830/3250 train_time:874.462s step_avg:309.00ms
step:2831/3250 train_time:874.767s step_avg:309.00ms
step:2832/3250 train_time:875.077s step_avg:309.00ms
step:2833/3250 train_time:875.383s step_avg:309.00ms
step:2834/3250 train_time:875.689s step_avg:308.99ms
step:2835/3250 train_time:875.999s step_avg:308.99ms
step:2836/3250 train_time:876.304s step_avg:308.99ms
step:2837/3250 train_time:876.610s step_avg:308.99ms
step:2838/3250 train_time:876.917s step_avg:308.99ms
step:2839/3250 train_time:877.222s step_avg:308.99ms
step:2840/3250 train_time:877.527s step_avg:308.99ms
step:2841/3250 train_time:877.836s step_avg:308.99ms
step:2842/3250 train_time:878.142s step_avg:308.99ms
step:2843/3250 train_time:878.456s step_avg:308.99ms
step:2844/3250 train_time:878.762s step_avg:308.99ms
step:2845/3250 train_time:879.069s step_avg:308.99ms
step:2846/3250 train_time:879.377s step_avg:308.99ms
step:2847/3250 train_time:879.687s step_avg:308.99ms
step:2848/3250 train_time:879.997s step_avg:308.99ms
step:2849/3250 train_time:880.308s step_avg:308.99ms
step:2850/3250 train_time:880.624s step_avg:308.99ms
step:2851/3250 train_time:880.970s step_avg:309.00ms
step:2852/3250 train_time:881.288s step_avg:309.01ms
step:2853/3250 train_time:881.605s step_avg:309.01ms
step:2854/3250 train_time:881.915s step_avg:309.01ms
step:2855/3250 train_time:882.227s step_avg:309.01ms
step:2856/3250 train_time:882.542s step_avg:309.01ms
step:2857/3250 train_time:882.851s step_avg:309.01ms
step:2858/3250 train_time:883.162s step_avg:309.01ms
step:2859/3250 train_time:883.470s step_avg:309.01ms
step:2860/3250 train_time:883.783s step_avg:309.02ms
step:2861/3250 train_time:884.092s step_avg:309.01ms
step:2862/3250 train_time:884.403s step_avg:309.02ms
step:2863/3250 train_time:884.709s step_avg:309.01ms
step:2864/3250 train_time:885.020s step_avg:309.02ms
step:2865/3250 train_time:885.327s step_avg:309.01ms
step:2866/3250 train_time:885.641s step_avg:309.02ms
step:2867/3250 train_time:885.950s step_avg:309.02ms
step:2868/3250 train_time:886.263s step_avg:309.02ms
step:2869/3250 train_time:886.577s step_avg:309.02ms
step:2870/3250 train_time:886.889s step_avg:309.02ms
step:2871/3250 train_time:887.205s step_avg:309.02ms
step:2872/3250 train_time:887.514s step_avg:309.02ms
step:2873/3250 train_time:887.825s step_avg:309.02ms
step:2874/3250 train_time:888.135s step_avg:309.02ms
step:2875/3250 train_time:888.444s step_avg:309.02ms
step:2875/3250 val_loss:3.31782 train_time:888.444s step_avg:308.63ms
probe_ema: n=84934656 align=-0.08771,-0.09963,-0.10629,-0.10624 rel_mse=1.04618,1.02803,1.01652,1.00938
step:2876/3250 train_time:888.764s step_avg:309.03ms
step:2877/3250 train_time:889.078s step_avg:309.03ms
step:2878/3250 train_time:889.392s step_avg:309.03ms
step:2879/3250 train_time:889.710s step_avg:309.03ms
step:2880/3250 train_time:890.024s step_avg:309.04ms
step:2881/3250 train_time:890.333s step_avg:309.04ms
step:2882/3250 train_time:890.641s step_avg:309.04ms
step:2883/3250 train_time:890.951s step_avg:309.04ms
step:2884/3250 train_time:891.261s step_avg:309.04ms
step:2885/3250 train_time:891.572s step_avg:309.04ms
step:2886/3250 train_time:891.882s step_avg:309.04ms
step:2887/3250 train_time:892.194s step_avg:309.04ms
step:2888/3250 train_time:892.508s step_avg:309.04ms
step:2889/3250 train_time:892.834s step_avg:309.05ms
step:2890/3250 train_time:893.145s step_avg:309.05ms
step:2891/3250 train_time:893.457s step_avg:309.05ms
step:2892/3250 train_time:893.765s step_avg:309.05ms
step:2893/3250 train_time:894.076s step_avg:309.05ms
step:2894/3250 train_time:894.385s step_avg:309.05ms
step:2895/3250 train_time:894.700s step_avg:309.05ms
step:2896/3250 train_time:895.012s step_avg:309.05ms
step:2897/3250 train_time:895.321s step_avg:309.05ms
step:2898/3250 train_time:895.628s step_avg:309.05ms
step:2899/3250 train_time:895.940s step_avg:309.05ms
step:2900/3250 train_time:896.247s step_avg:309.05ms
step:2900/3250 val_loss:3.31401 train_time:896.249s step_avg:312.17ms
probe_ema: n=84934656 align=-0.05206,-0.07329,-0.08632,-0.09062 rel_mse=1.04023,1.02531,1.01526,1.00880
step:2901/3250 train_time:896.563s step_avg:309.05ms
step:2902/3250 train_time:896.871s step_avg:309.05ms
step:2903/3250 train_time:897.179s step_avg:309.05ms
step:2904/3250 train_time:897.488s step_avg:309.05ms
step:2905/3250 train_time:897.799s step_avg:309.05ms
step:2906/3250 train_time:898.109s step_avg:309.05ms
step:2907/3250 train_time:898.419s step_avg:309.05ms
step:2908/3250 train_time:898.726s step_avg:309.05ms
step:2909/3250 train_time:899.033s step_avg:309.05ms
step:2910/3250 train_time:899.345s step_avg:309.05ms
step:2910/3250 val_loss:3.31229 train_time:899.346s step_avg:309.70ms
probe_ema: n=84934656 align=-0.05908,-0.07459,-0.08523,-0.08818 rel_mse=1.03853,1.02370,1.01432,1.00828
step:2911/3250 train_time:899.664s step_avg:309.06ms
step:2912/3250 train_time:899.981s step_avg:309.06ms
step:2913/3250 train_time:900.297s step_avg:309.06ms
step:2914/3250 train_time:900.610s step_avg:309.06ms
step:2915/3250 train_time:900.925s step_avg:309.07ms
step:2916/3250 train_time:901.240s step_avg:309.07ms
step:2917/3250 train_time:901.552s step_avg:309.07ms
step:2918/3250 train_time:901.862s step_avg:309.07ms
step:2919/3250 train_time:902.168s step_avg:309.07ms
step:2920/3250 train_time:902.481s step_avg:309.07ms
step:2920/3250 val_loss:3.31095 train_time:902.481s step_avg:313.55ms
probe_ema: n=84934656 align=-0.08630,-0.09464,-0.10037,-0.10031 rel_mse=1.04675,1.02740,1.01595,1.00905
step:2921/3250 train_time:902.801s step_avg:309.07ms
step:2922/3250 train_time:903.118s step_avg:309.08ms
step:2923/3250 train_time:903.438s step_avg:309.08ms
step:2924/3250 train_time:903.744s step_avg:309.08ms
step:2925/3250 train_time:904.051s step_avg:309.08ms
step:2925/3250 val_loss:3.31022 train_time:904.052s step_avg:314.09ms
probe_ema: n=84934656 align=-0.06803,-0.08090,-0.08959,-0.09165 rel_mse=1.03975,1.02393,1.01424,1.00821
step:2926/3250 train_time:904.364s step_avg:309.08ms
step:2927/3250 train_time:904.669s step_avg:309.08ms
step:2928/3250 train_time:904.974s step_avg:309.08ms
step:2929/3250 train_time:905.282s step_avg:309.08ms
step:2930/3250 train_time:905.588s step_avg:309.07ms
step:2930/3250 val_loss:3.30994 train_time:905.588s step_avg:307.36ms
probe_ema: n=84934656 align=-0.09681,-0.10427,-0.10790,-0.10613 rel_mse=1.04499,1.02655,1.01536,1.00866
step:2931/3250 train_time:905.901s step_avg:309.08ms
step:2932/3250 train_time:906.206s step_avg:309.07ms
step:2933/3250 train_time:906.512s step_avg:309.07ms
step:2934/3250 train_time:906.819s step_avg:309.07ms
step:2935/3250 train_time:907.122s step_avg:309.07ms
step:2936/3250 train_time:907.429s step_avg:309.07ms
step:2937/3250 train_time:907.738s step_avg:309.07ms
step:2938/3250 train_time:908.043s step_avg:309.07ms
step:2939/3250 train_time:908.350s step_avg:309.07ms
step:2940/3250 train_time:908.660s step_avg:309.07ms
step:2940/3250 val_loss:3.30833 train_time:908.660s step_avg:307.16ms
probe_ema: n=84934656 align=-0.04874,-0.06834,-0.08095,-0.08533 rel_mse=1.03690,1.02295,1.01395,1.00812
step:2941/3250 train_time:908.972s step_avg:309.07ms
step:2942/3250 train_time:909.277s step_avg:309.07ms
step:2943/3250 train_time:909.584s step_avg:309.07ms
step:2944/3250 train_time:909.892s step_avg:309.07ms
step:2945/3250 train_time:910.196s step_avg:309.06ms
step:2946/3250 train_time:910.502s step_avg:309.06ms
step:2947/3250 train_time:910.814s step_avg:309.06ms
step:2948/3250 train_time:911.121s step_avg:309.06ms
step:2949/3250 train_time:911.431s step_avg:309.06ms
step:2950/3250 train_time:911.737s step_avg:309.06ms
step:2950/3250 val_loss:3.30685 train_time:911.737s step_avg:307.66ms
probe_ema: n=84934656 align=-0.09259,-0.10012,-0.10401,-0.10267 rel_mse=1.04725,1.02781,1.01611,1.00910
step:2951/3250 train_time:912.050s step_avg:309.06ms
step:2952/3250 train_time:912.356s step_avg:309.06ms
step:2953/3250 train_time:912.664s step_avg:309.06ms
step:2954/3250 train_time:912.972s step_avg:309.06ms
step:2955/3250 train_time:913.279s step_avg:309.06ms
step:2956/3250 train_time:913.586s step_avg:309.06ms
step:2957/3250 train_time:913.892s step_avg:309.06ms
step:2958/3250 train_time:914.201s step_avg:309.06ms
step:2959/3250 train_time:914.509s step_avg:309.06ms
step:2960/3250 train_time:914.814s step_avg:309.06ms
step:2960/3250 val_loss:3.30539 train_time:914.815s step_avg:307.78ms
probe_ema: n=84934656 align=-0.07225,-0.08402,-0.09189,-0.09354 rel_mse=1.04411,1.02630,1.01546,1.00882
step:2961/3250 train_time:915.127s step_avg:309.06ms
step:2962/3250 train_time:915.433s step_avg:309.06ms
step:2963/3250 train_time:915.738s step_avg:309.06ms
step:2964/3250 train_time:916.049s step_avg:309.06ms
step:2965/3250 train_time:916.356s step_avg:309.06ms
step:2966/3250 train_time:916.662s step_avg:309.06ms
step:2967/3250 train_time:916.975s step_avg:309.06ms
step:2968/3250 train_time:917.282s step_avg:309.06ms
step:2969/3250 train_time:917.591s step_avg:309.06ms
step:2970/3250 train_time:917.896s step_avg:309.06ms
step:2970/3250 val_loss:3.30386 train_time:917.896s step_avg:308.13ms
probe_ema: n=84934656 align=-0.04822,-0.06391,-0.07539,-0.08018 rel_mse=1.03967,1.02369,1.01413,1.00818
step:2971/3250 train_time:918.209s step_avg:309.06ms
step:2972/3250 train_time:918.517s step_avg:309.06ms
step:2973/3250 train_time:918.825s step_avg:309.06ms
step:2974/3250 train_time:919.130s step_avg:309.06ms
step:2975/3250 train_time:919.436s step_avg:309.05ms
step:2975/3250 val_loss:3.30329 train_time:919.436s step_avg:308.10ms
probe_ema: n=84934656 align=-0.05945,-0.07404,-0.08330,-0.08625 rel_mse=1.04219,1.02551,1.01502,1.00857
step:2976/3250 train_time:919.754s step_avg:309.06ms
step:2977/3250 train_time:920.064s step_avg:309.06ms
step:2978/3250 train_time:920.375s step_avg:309.06ms
step:2979/3250 train_time:920.684s step_avg:309.06ms
step:2980/3250 train_time:920.996s step_avg:309.06ms
step:2980/3250 val_loss:3.30270 train_time:920.996s step_avg:312.02ms
probe_ema: n=84934656 align=-0.06521,-0.07803,-0.08651,-0.08909 rel_mse=1.04215,1.02544,1.01509,1.00867
step:2981/3250 train_time:921.314s step_avg:309.06ms
step:2982/3250 train_time:921.624s step_avg:309.06ms
step:2983/3250 train_time:921.932s step_avg:309.06ms
step:2984/3250 train_time:922.239s step_avg:309.06ms
step:2985/3250 train_time:922.550s step_avg:309.06ms
step:2986/3250 train_time:922.860s step_avg:309.06ms
step:2987/3250 train_time:923.169s step_avg:309.06ms
step:2988/3250 train_time:923.481s step_avg:309.06ms
step:2989/3250 train_time:923.795s step_avg:309.06ms
step:2990/3250 train_time:924.108s step_avg:309.07ms
step:2990/3250 val_loss:3.30144 train_time:924.108s step_avg:311.15ms
probe_ema: n=84934656 align=-0.13093,-0.13155,-0.12992,-0.12434 rel_mse=1.07086,1.03881,1.02125,1.01154
step:2991/3250 train_time:924.424s step_avg:309.07ms
step:2992/3250 train_time:924.734s step_avg:309.07ms
step:2993/3250 train_time:925.046s step_avg:309.07ms
step:2994/3250 train_time:925.358s step_avg:309.07ms
step:2995/3250 train_time:925.669s step_avg:309.07ms
step:2996/3250 train_time:925.985s step_avg:309.07ms
step:2997/3250 train_time:926.296s step_avg:309.07ms
step:2998/3250 train_time:926.607s step_avg:309.07ms
step:2999/3250 train_time:926.919s step_avg:309.08ms
step:3000/3250 train_time:927.227s step_avg:309.08ms
step:3000/3250 val_loss:3.30006 train_time:927.228s step_avg:311.96ms
probe_ema: n=84934656 align=-0.03485,-0.05653,-0.07044,-0.07624 rel_mse=1.03646,1.02337,1.01435,1.00838
step:3001/3250 train_time:927.538s step_avg:309.08ms
step:3002/3250 train_time:927.846s step_avg:309.08ms
step:3003/3250 train_time:928.153s step_avg:309.08ms
step:3004/3250 train_time:928.458s step_avg:309.07ms
step:3005/3250 train_time:928.767s step_avg:309.07ms
step:3006/3250 train_time:929.076s step_avg:309.07ms
step:3007/3250 train_time:929.383s step_avg:309.07ms
step:3008/3250 train_time:929.692s step_avg:309.07ms
step:3009/3250 train_time:929.999s step_avg:309.07ms
step:3010/3250 train_time:930.309s step_avg:309.07ms
step:3010/3250 val_loss:3.29866 train_time:930.310s step_avg:308.21ms
probe_ema: n=84934656 align=-0.04514,-0.06307,-0.07498,-0.07902 rel_mse=1.03840,1.02369,1.01430,1.00826
step:3011/3250 train_time:930.623s step_avg:309.07ms
step:3012/3250 train_time:930.932s step_avg:309.07ms
step:3013/3250 train_time:931.242s step_avg:309.07ms
step:3014/3250 train_time:931.548s step_avg:309.07ms
step:3015/3250 train_time:931.855s step_avg:309.07ms
step:3016/3250 train_time:932.163s step_avg:309.07ms
step:3017/3250 train_time:932.469s step_avg:309.07ms
step:3018/3250 train_time:932.776s step_avg:309.07ms
step:3019/3250 train_time:933.085s step_avg:309.07ms
step:3020/3250 train_time:933.390s step_avg:309.07ms
step:3020/3250 val_loss:3.29699 train_time:933.392s step_avg:308.20ms
probe_ema: n=84934656 align=-0.06688,-0.07737,-0.08454,-0.08598 rel_mse=1.04268,1.02513,1.01470,1.00839
step:3021/3250 train_time:933.713s step_avg:309.07ms
step:3022/3250 train_time:934.028s step_avg:309.08ms
step:3023/3250 train_time:934.343s step_avg:309.08ms
step:3024/3250 train_time:934.656s step_avg:309.08ms
step:3025/3250 train_time:934.972s step_avg:309.08ms
step:3025/3250 val_loss:3.29608 train_time:934.973s step_avg:316.28ms
probe_ema: n=84934656 align=-0.06358,-0.07432,-0.08156,-0.08298 rel_mse=1.04067,1.02423,1.01422,1.00810
step:3026/3250 train_time:935.290s step_avg:309.08ms
step:3027/3250 train_time:935.603s step_avg:309.09ms
step:3028/3250 train_time:935.921s step_avg:309.09ms
step:3029/3250 train_time:936.238s step_avg:309.09ms
step:3030/3250 train_time:936.555s step_avg:309.09ms
step:3030/3250 val_loss:3.29537 train_time:936.556s step_avg:316.59ms
probe_ema: n=84934656 align=-0.06113,-0.07410,-0.08170,-0.08310 rel_mse=1.03910,1.02383,1.01411,1.00807
step:3031/3250 train_time:936.867s step_avg:309.09ms
step:3032/3250 train_time:937.174s step_avg:309.09ms
step:3033/3250 train_time:937.490s step_avg:309.10ms
step:3034/3250 train_time:937.797s step_avg:309.10ms
step:3035/3250 train_time:938.105s step_avg:309.10ms
step:3036/3250 train_time:938.411s step_avg:309.09ms
step:3037/3250 train_time:938.718s step_avg:309.09ms
step:3038/3250 train_time:939.023s step_avg:309.09ms
step:3039/3250 train_time:939.327s step_avg:309.09ms
step:3040/3250 train_time:939.632s step_avg:309.09ms
step:3040/3250 val_loss:3.29389 train_time:939.634s step_avg:307.79ms
probe_ema: n=84934656 align=-0.02539,-0.04433,-0.05788,-0.06421 rel_mse=1.03393,1.02086,1.01267,1.00742
step:3041/3250 train_time:939.973s step_avg:309.10ms
step:3042/3250 train_time:940.279s step_avg:309.10ms
step:3043/3250 train_time:940.587s step_avg:309.10ms
step:3044/3250 train_time:940.896s step_avg:309.10ms
step:3045/3250 train_time:941.201s step_avg:309.10ms
step:3046/3250 train_time:941.514s step_avg:309.10ms
step:3047/3250 train_time:941.821s step_avg:309.10ms
step:3048/3250 train_time:942.126s step_avg:309.10ms
step:3049/3250 train_time:942.435s step_avg:309.10ms
step:3050/3250 train_time:942.740s step_avg:309.09ms
step:3050/3250 val_loss:3.29276 train_time:942.740s step_avg:310.58ms
probe_ema: n=84934656 align=-0.08737,-0.09354,-0.09677,-0.09509 rel_mse=1.05707,1.03151,1.01751,1.00962
step:3051/3250 train_time:943.053s step_avg:309.10ms
step:3052/3250 train_time:943.358s step_avg:309.09ms
step:3053/3250 train_time:943.665s step_avg:309.09ms
step:3054/3250 train_time:943.973s step_avg:309.09ms
step:3055/3250 train_time:944.279s step_avg:309.09ms
step:3056/3250 train_time:944.586s step_avg:309.09ms
step:3057/3250 train_time:944.893s step_avg:309.09ms
step:3058/3250 train_time:945.197s step_avg:309.09ms
step:3059/3250 train_time:945.503s step_avg:309.09ms
step:3060/3250 train_time:945.811s step_avg:309.09ms
step:3060/3250 val_loss:3.29186 train_time:945.811s step_avg:307.13ms
probe_ema: n=84934656 align=-0.01045,-0.04417,-0.06322,-0.07065 rel_mse=1.02848,1.02073,1.01337,1.00791
step:3061/3250 train_time:946.126s step_avg:309.09ms
step:3062/3250 train_time:946.432s step_avg:309.09ms
step:3063/3250 train_time:946.739s step_avg:309.09ms
step:3064/3250 train_time:947.045s step_avg:309.09ms
step:3065/3250 train_time:947.350s step_avg:309.09ms
step:3066/3250 train_time:947.655s step_avg:309.09ms
step:3067/3250 train_time:947.963s step_avg:309.08ms
step:3068/3250 train_time:948.267s step_avg:309.08ms
step:3069/3250 train_time:948.570s step_avg:309.08ms
step:3070/3250 train_time:948.877s step_avg:309.08ms
step:3070/3250 val_loss:3.29044 train_time:948.877s step_avg:306.63ms
probe_ema: n=84934656 align=-0.04980,-0.06434,-0.07490,-0.07846 rel_mse=1.03866,1.02350,1.01418,1.00823
step:3071/3250 train_time:949.186s step_avg:309.08ms
step:3072/3250 train_time:949.495s step_avg:309.08ms
step:3073/3250 train_time:949.801s step_avg:309.08ms
step:3074/3250 train_time:950.108s step_avg:309.08ms
step:3075/3250 train_time:950.419s step_avg:309.08ms
step:3075/3250 val_loss:3.28970 train_time:950.421s step_avg:308.67ms
probe_ema: n=84934656 align=-0.04017,-0.05664,-0.06798,-0.07233 rel_mse=1.03879,1.02383,1.01429,1.00825
step:3076/3250 train_time:950.732s step_avg:309.08ms
step:3077/3250 train_time:951.039s step_avg:309.08ms
step:3078/3250 train_time:951.346s step_avg:309.08ms
step:3079/3250 train_time:951.654s step_avg:309.08ms
step:3080/3250 train_time:951.960s step_avg:309.08ms
step:3080/3250 val_loss:3.28902 train_time:951.960s step_avg:307.89ms
probe_ema: n=84934656 align=-0.02635,-0.04834,-0.06249,-0.06831 rel_mse=1.03535,1.02233,1.01360,1.00791
step:3081/3250 train_time:952.271s step_avg:309.08ms
step:3082/3250 train_time:952.584s step_avg:309.08ms
step:3083/3250 train_time:952.895s step_avg:309.08ms
step:3084/3250 train_time:953.206s step_avg:309.08ms
step:3085/3250 train_time:953.516s step_avg:309.08ms
step:3086/3250 train_time:953.827s step_avg:309.08ms
step:3087/3250 train_time:954.138s step_avg:309.08ms
step:3088/3250 train_time:954.448s step_avg:309.08ms
step:3089/3250 train_time:954.760s step_avg:309.08ms
step:3090/3250 train_time:955.070s step_avg:309.08ms
step:3090/3250 val_loss:3.28788 train_time:955.071s step_avg:311.04ms
probe_ema: n=84934656 align=-0.08664,-0.09478,-0.09796,-0.09538 rel_mse=1.05680,1.03212,1.01796,1.00983
step:3091/3250 train_time:955.383s step_avg:309.09ms
step:3092/3250 train_time:955.693s step_avg:309.09ms
step:3093/3250 train_time:956.008s step_avg:309.09ms
step:3094/3250 train_time:956.316s step_avg:309.09ms
step:3095/3250 train_time:956.627s step_avg:309.09ms
step:3096/3250 train_time:956.937s step_avg:309.09ms
step:3097/3250 train_time:957.251s step_avg:309.09ms
step:3098/3250 train_time:957.561s step_avg:309.09ms
step:3099/3250 train_time:957.871s step_avg:309.09ms
step:3100/3250 train_time:958.179s step_avg:309.09ms
step:3100/3250 val_loss:3.28661 train_time:958.182s step_avg:311.10ms
probe_ema: n=84934656 align=0.01029,-0.01981,-0.04031,-0.05061 rel_mse=1.02596,1.01790,1.01159,1.00695
step:3101/3250 train_time:958.489s step_avg:309.09ms
step:3102/3250 train_time:958.799s step_avg:309.09ms
step:3103/3250 train_time:959.111s step_avg:309.09ms
step:3104/3250 train_time:959.424s step_avg:309.09ms
step:3105/3250 train_time:959.736s step_avg:309.09ms
step:3106/3250 train_time:960.050s step_avg:309.10ms
step:3107/3250 train_time:960.373s step_avg:309.10ms
step:3108/3250 train_time:960.683s step_avg:309.10ms
step:3109/3250 train_time:960.989s step_avg:309.10ms
step:3110/3250 train_time:961.299s step_avg:309.10ms
step:3110/3250 val_loss:3.28563 train_time:961.299s step_avg:311.75ms
probe_ema: n=84934656 align=-0.05365,-0.07308,-0.08316,-0.08458 rel_mse=1.04511,1.02854,1.01700,1.00957
step:3111/3250 train_time:961.612s step_avg:309.10ms
step:3112/3250 train_time:961.923s step_avg:309.10ms
step:3113/3250 train_time:962.232s step_avg:309.10ms
step:3114/3250 train_time:962.543s step_avg:309.10ms
step:3115/3250 train_time:962.852s step_avg:309.10ms
step:3116/3250 train_time:963.161s step_avg:309.10ms
step:3117/3250 train_time:963.469s step_avg:309.10ms
step:3118/3250 train_time:963.779s step_avg:309.10ms
step:3119/3250 train_time:964.084s step_avg:309.10ms
step:3120/3250 train_time:964.392s step_avg:309.10ms
step:3120/3250 val_loss:3.28457 train_time:964.392s step_avg:309.30ms
probe_ema: n=84934656 align=-0.04461,-0.06298,-0.07283,-0.07534 rel_mse=1.04413,1.02744,1.01614,1.00909
step:3121/3250 train_time:964.704s step_avg:309.10ms
step:3122/3250 train_time:965.013s step_avg:309.10ms
step:3123/3250 train_time:965.332s step_avg:309.10ms
step:3124/3250 train_time:965.639s step_avg:309.10ms
step:3125/3250 train_time:965.949s step_avg:309.10ms
step:3125/3250 val_loss:3.28394 train_time:965.949s step_avg:311.40ms
probe_ema: n=84934656 align=-0.01335,-0.03830,-0.05407,-0.06037 rel_mse=1.03222,1.02117,1.01323,1.00772
step:3126/3250 train_time:966.263s step_avg:309.11ms
step:3127/3250 train_time:966.577s step_avg:309.11ms
step:3128/3250 train_time:966.885s step_avg:309.11ms
step:3129/3250 train_time:967.193s step_avg:309.11ms
step:3130/3250 train_time:967.507s step_avg:309.11ms
step:3130/3250 val_loss:3.28327 train_time:967.508s step_avg:311.71ms
probe_ema: n=84934656 align=-0.03466,-0.04997,-0.06091,-0.06505 rel_mse=1.03804,1.02322,1.01398,1.00806
step:3131/3250 train_time:967.823s step_avg:309.11ms
step:3132/3250 train_time:968.136s step_avg:309.11ms
step:3133/3250 train_time:968.450s step_avg:309.11ms
step:3134/3250 train_time:968.762s step_avg:309.11ms
step:3135/3250 train_time:969.076s step_avg:309.12ms
step:3136/3250 train_time:969.389s step_avg:309.12ms
step:3137/3250 train_time:969.706s step_avg:309.12ms
step:3138/3250 train_time:970.018s step_avg:309.12ms
step:3139/3250 train_time:970.327s step_avg:309.12ms
step:3140/3250 train_time:970.638s step_avg:309.12ms
step:3140/3250 val_loss:3.28220 train_time:970.638s step_avg:313.06ms
probe_ema: n=84934656 align=-0.02663,-0.04400,-0.05688,-0.06208 rel_mse=1.03473,1.02157,1.01322,1.00771
step:3141/3250 train_time:970.962s step_avg:309.12ms
step:3142/3250 train_time:971.277s step_avg:309.13ms
step:3143/3250 train_time:971.593s step_avg:309.13ms
step:3144/3250 train_time:971.908s step_avg:309.13ms
step:3145/3250 train_time:972.222s step_avg:309.13ms
step:3146/3250 train_time:972.539s step_avg:309.14ms
step:3147/3250 train_time:972.850s step_avg:309.14ms
step:3148/3250 train_time:973.157s step_avg:309.14ms
step:3149/3250 train_time:973.464s step_avg:309.13ms
step:3150/3250 train_time:973.772s step_avg:309.13ms
step:3150/3250 val_loss:3.28111 train_time:973.773s step_avg:313.43ms
probe_ema: n=84934656 align=-0.00097,-0.01619,-0.03073,-0.03951 rel_mse=1.02959,1.01733,1.01056,1.00628
step:3151/3250 train_time:974.087s step_avg:309.14ms
step:3152/3250 train_time:974.390s step_avg:309.13ms
step:3153/3250 train_time:974.696s step_avg:309.13ms
step:3154/3250 train_time:975.007s step_avg:309.13ms
step:3155/3250 train_time:975.312s step_avg:309.13ms
step:3156/3250 train_time:975.620s step_avg:309.13ms
step:3157/3250 train_time:975.926s step_avg:309.13ms
step:3158/3250 train_time:976.232s step_avg:309.13ms
step:3159/3250 train_time:976.541s step_avg:309.13ms
step:3160/3250 train_time:976.846s step_avg:309.13ms
step:3160/3250 val_loss:3.28016 train_time:976.846s step_avg:307.34ms
probe_ema: n=84934656 align=0.03785,0.00846,-0.01311,-0.02624 rel_mse=1.01748,1.01209,1.00804,1.00502
step:3161/3250 train_time:977.159s step_avg:309.13ms
step:3162/3250 train_time:977.464s step_avg:309.13ms
step:3163/3250 train_time:977.772s step_avg:309.13ms
step:3164/3250 train_time:978.081s step_avg:309.13ms
step:3165/3250 train_time:978.388s step_avg:309.13ms
step:3166/3250 train_time:978.697s step_avg:309.13ms
step:3167/3250 train_time:979.003s step_avg:309.13ms
step:3168/3250 train_time:979.308s step_avg:309.12ms
step:3169/3250 train_time:979.615s step_avg:309.12ms
step:3170/3250 train_time:979.921s step_avg:309.12ms
step:3170/3250 val_loss:3.27932 train_time:979.921s step_avg:307.53ms
probe_ema: n=84934656 align=0.00408,-0.01676,-0.03163,-0.03985 rel_mse=1.02649,1.01697,1.01053,1.00621
step:3171/3250 train_time:980.233s step_avg:309.12ms
step:3172/3250 train_time:980.540s step_avg:309.12ms
step:3173/3250 train_time:980.849s step_avg:309.12ms
step:3174/3250 train_time:981.156s step_avg:309.12ms
step:3175/3250 train_time:981.464s step_avg:309.12ms
step:3175/3250 val_loss:3.27883 train_time:981.464s step_avg:308.64ms
probe_ema: n=84934656 align=0.02191,0.00009,-0.01703,-0.02786 rel_mse=1.02242,1.01397,1.00877,1.00530
step:3176/3250 train_time:981.774s step_avg:309.12ms
step:3177/3250 train_time:982.086s step_avg:309.12ms
step:3178/3250 train_time:982.393s step_avg:309.12ms
step:3179/3250 train_time:982.702s step_avg:309.12ms
step:3180/3250 train_time:983.006s step_avg:309.12ms
step:3180/3250 val_loss:3.27840 train_time:983.007s step_avg:308.41ms
probe_ema: n=84934656 align=-0.02507,-0.03453,-0.04227,-0.04661 rel_mse=1.03744,1.02158,1.01240,1.00702
step:3181/3250 train_time:983.318s step_avg:309.12ms
step:3182/3250 train_time:983.626s step_avg:309.12ms
step:3183/3250 train_time:983.934s step_avg:309.12ms
step:3184/3250 train_time:984.240s step_avg:309.12ms
step:3185/3250 train_time:984.549s step_avg:309.12ms
step:3186/3250 train_time:984.857s step_avg:309.12ms
step:3187/3250 train_time:985.162s step_avg:309.12ms
step:3188/3250 train_time:985.469s step_avg:309.12ms
step:3189/3250 train_time:985.776s step_avg:309.12ms
step:3190/3250 train_time:986.080s step_avg:309.12ms
step:3190/3250 val_loss:3.27754 train_time:986.081s step_avg:307.41ms
probe_ema: n=84934656 align=-0.02536,-0.03545,-0.04196,-0.04513 rel_mse=1.03695,1.02164,1.01236,1.00695
step:3191/3250 train_time:986.392s step_avg:309.12ms
step:3192/3250 train_time:986.697s step_avg:309.12ms
step:3193/3250 train_time:987.002s step_avg:309.11ms
step:3194/3250 train_time:987.311s step_avg:309.11ms
step:3195/3250 train_time:987.616s step_avg:309.11ms
step:3196/3250 train_time:987.922s step_avg:309.11ms
step:3197/3250 train_time:988.230s step_avg:309.11ms
step:3198/3250 train_time:988.536s step_avg:309.11ms
step:3199/3250 train_time:988.841s step_avg:309.11ms
step:3200/3250 train_time:989.149s step_avg:309.11ms
step:3200/3250 val_loss:3.27680 train_time:989.149s step_avg:306.87ms
probe_ema: n=84934656 align=0.03548,0.01041,-0.00814,-0.01926 rel_mse=1.01855,1.01223,1.00783,1.00472
step:3201/3250 train_time:989.469s step_avg:309.11ms
step:3202/3250 train_time:989.782s step_avg:309.11ms
step:3203/3250 train_time:990.093s step_avg:309.11ms
step:3204/3250 train_time:990.406s step_avg:309.12ms
step:3205/3250 train_time:990.716s step_avg:309.12ms
step:3206/3250 train_time:991.028s step_avg:309.12ms
step:3207/3250 train_time:991.336s step_avg:309.12ms
step:3208/3250 train_time:991.646s step_avg:309.12ms
step:3209/3250 train_time:991.954s step_avg:309.12ms
step:3210/3250 train_time:992.265s step_avg:309.12ms
step:3210/3250 val_loss:3.27618 train_time:992.265s step_avg:311.56ms
probe_ema: n=84934656 align=0.01461,-0.00598,-0.02043,-0.02839 rel_mse=1.02524,1.01580,1.00960,1.00556
step:3211/3250 train_time:992.581s step_avg:309.12ms
step:3212/3250 train_time:992.893s step_avg:309.12ms
step:3213/3250 train_time:993.201s step_avg:309.12ms
step:3214/3250 train_time:993.511s step_avg:309.12ms
step:3215/3250 train_time:993.822s step_avg:309.12ms
step:3216/3250 train_time:994.131s step_avg:309.12ms
step:3217/3250 train_time:994.442s step_avg:309.12ms
step:3218/3250 train_time:994.757s step_avg:309.12ms
step:3219/3250 train_time:995.068s step_avg:309.12ms
step:3220/3250 train_time:995.378s step_avg:309.12ms
step:3220/3250 val_loss:3.27559 train_time:995.379s step_avg:311.36ms
probe_ema: n=84934656 align=0.01987,0.00603,-0.00749,-0.01710 rel_mse=1.02593,1.01513,1.00878,1.00498
step:3221/3250 train_time:995.695s step_avg:309.13ms
step:3222/3250 train_time:996.006s step_avg:309.13ms
step:3223/3250 train_time:996.318s step_avg:309.13ms
step:3224/3250 train_time:996.632s step_avg:309.13ms
step:3225/3250 train_time:996.938s step_avg:309.13ms
step:3225/3250 val_loss:3.27535 train_time:996.938s step_avg:311.94ms
probe_ema: n=84934656 align=0.01230,0.00281,-0.00824,-0.01678 rel_mse=1.02722,1.01515,1.00872,1.00493
step:3226/3250 train_time:997.252s step_avg:309.13ms
step:3227/3250 train_time:997.560s step_avg:309.13ms
step:3228/3250 train_time:997.871s step_avg:309.13ms
step:3229/3250 train_time:998.183s step_avg:309.13ms
step:3230/3250 train_time:998.492s step_avg:309.13ms
step:3230/3250 val_loss:3.27518 train_time:998.492s step_avg:310.84ms
probe_ema: n=84934656 align=0.03917,0.01947,0.00342,-0.00792 rel_mse=1.01744,1.01084,1.00671,1.00396
step:3231/3250 train_time:998.840s step_avg:309.14ms
step:3232/3250 train_time:999.148s step_avg:309.14ms
step:3233/3250 train_time:999.456s step_avg:309.14ms
step:3234/3250 train_time:999.768s step_avg:309.14ms
step:3235/3250 train_time:1000.079s step_avg:309.14ms
step:3236/3250 train_time:1000.389s step_avg:309.14ms
step:3237/3250 train_time:1000.696s step_avg:309.14ms
step:3238/3250 train_time:1001.005s step_avg:309.14ms
step:3239/3250 train_time:1001.311s step_avg:309.14ms
step:3240/3250 train_time:1001.619s step_avg:309.14ms
step:3240/3250 val_loss:3.27486 train_time:1001.619s step_avg:312.69ms
probe_ema: n=84934656 align=0.01432,0.01297,0.00563,-0.00290 rel_mse=1.02755,1.01321,1.00673,1.00363
step:3241/3250 train_time:1001.934s step_avg:309.14ms
step:3242/3250 train_time:1002.242s step_avg:309.14ms
step:3243/3250 train_time:1002.551s step_avg:309.14ms
step:3244/3250 train_time:1002.857s step_avg:309.14ms
step:3245/3250 train_time:1003.175s step_avg:309.14ms
step:3246/3250 train_time:1003.481s step_avg:309.14ms
step:3247/3250 train_time:1003.787s step_avg:309.14ms
step:3248/3250 train_time:1004.095s step_avg:309.14ms
step:3249/3250 train_time:1004.403s step_avg:309.14ms
step:3250/3250 train_time:1004.714s step_avg:309.14ms
step:3250/3250 val_loss:3.27473 train_time:1004.714s step_avg:309.49ms
probe_ema: n=84934656 align=0.08240,0.07505,0.05992,0.04295 rel_mse=1.00469,0.99808,0.99763,0.99861
